11252, 935
26579, 81
26108, 799
25167, 791
2654, 425
50494, 861
47980, 649
44908, 275
45286, 574
29037, 391
7707, 677
57586, 337
41491, 429
4866, 534
5234, 639
1014, 146
41655, 792
49293, 644
48662, 481
43649, 669
18010, 258
47582, 348
25292, 841
27619, 35
41613, 364
4065, 128
43769, 534
40408, 894
9194, 692
38212, 407
4023, 655
25756, 764
23215, 826
27490, 478
39195, 106
42510, 195
2013, 881
19749, 307
28756, 414
5478, 50
40464, 926
49918, 626
41949, 301
24297, 409
58151, 875
853, 664
15354, 842
25224, 399
38820, 587
49230, 482
39420, 852
27837, 985
2949, 563
4473, 312
36520, 206
31250, 646
52383, 79
38876, 758
14192, 660
44355, 190
12914, 850
41956, 285
22950, 225
48294, 78
48571, 481
31476, 142
22276, 986
28363, 26
48300, 513
57889, 929
2072, 85
22979, 845
54945, 712
19511, 103
3938, 430
2319, 783
18102, 100
48069, 533
14594, 381
50015, 648
34527, 710
57493, 461
4821, 372
8156, 879
50294, 435
45561, 698
22027, 255
4971, 149
234, 122
3034, 839
34958, 601
45445, 955
52868, 758
59017, 347
45702, 791
43894, 768
2047, 249
8098, 477
59315, 147
11332, 864
11407, 888
31700, 336
44718, 337
5169, 205
32454, 595
34240, 346
51074, 688
55166, 836
2305, 751
19203, 597
15016, 139
52052, 634
59324, 527
28917, 667
55983, 494
38471, 117
2447, 110
44987, 456
54236, 793
1783, 791
12897, 276
48584, 206
15844, 88
54154, 439
53179, 896
2328, 282
15365, 261
40409, 435
54127, 249
47856, 724
3550, 50
28231, 251
45023, 174
16387, 83
29659, 160
12117, 275
12159, 7
13973, 448
29645, 913
1693, 908
42952, 196
59013, 986
1034, 378
17123, 815
31354, 231
11582, 495
16609, 948
48046, 80
29717, 753
5512, 271
58938, 267
40304, 141
41405, 150
37737, 744
18652, 601
23069, 392
1557, 466
28333, 928
56869, 249
33213, 333
24045, 220
51289, 965
29415, 901
16248, 815
39526, 534
18983, 932
32471, 196
55270, 116
40661, 208
39744, 872
28395, 222
30114, 625
5117, 946
3188, 566
22775, 473
49806, 981
8643, 786
1449, 448
50624, 886
18635, 845
40239, 726
10164, 508
36029, 977
33403, 489
23227, 389
17074, 702
40167, 628
42878, 587
22007, 339
24041, 386
5711, 897
13499, 847
304, 142
56722, 117
34228, 120
20408, 407
29501, 530
29951, 640
41732, 668
54806, 713
14430, 226
29561, 392
26765, 216
29572, 433
43069, 965
49497, 883
24066, 652
38486, 105
2235, 983
31541, 129
48005, 267
19721, 571
35787, 322
38622, 1
23406, 866
39350, 984
42939, 936
19702, 907
22145, 614
27982, 550
146, 51
42385, 968
35951, 780
46838, 275
47585, 89
32173, 678
51469, 411
6981, 436
1009, 655
24303, 383
16750, 177
38456, 643
28368, 183
54922, 886
28518, 712
17846, 741
7446, 891
10544, 482
25645, 787
54389, 82
46521, 174
30537, 188
33110, 4
10462, 648
58253, 499
44520, 795
6436, 461
12964, 694
40201, 297
46105, 756
52248, 14
16420, 630
5886, 601
5453, 659
52790, 534
45952, 46
25620, 432
11884, 245
21523, 161
15846, 65
44213, 599
55812, 72
6567, 974
21056, 201
59251, 501
46084, 804
5492, 537
23486, 508
14470, 286
49637, 850
2639, 331
17914, 138
58914, 223
53329, 378
30837, 285
59743, 15
46579, 884
50037, 664
5089, 937
6259, 814
11089, 808
21919, 755
12444, 297
59294, 667
10438, 120
27294, 448
48520, 232
3809, 509
28036, 841
42928, 991
40868, 566
55727, 484
1569, 716
31064, 823
46745, 890
59319, 13
40677, 633
49964, 172
20789, 269
33682, 719
44219, 650
17830, 416
55777, 654
38396, 212
40600, 608
44188, 821
57809, 989
41014, 374
2066, 562
2071, 66
43316, 50
36389, 724
9183, 571
18674, 981
2575, 883
1372, 259
24250, 205
31510, 737
49733, 738
53546, 401
35736, 20
7269, 928
23106, 37
12557, 432
39672, 294
17730, 695
52156, 138
33178, 153
19280, 598
49940, 121
3177, 703
21176, 117
11543, 408
12133, 612
43550, 440
56847, 842
57863, 316
42867, 153
19077, 60
39718, 975
21319, 284
13434, 192
36713, 470
32878, 664
8005, 520
12006, 349
29015, 468
18692, 557
39856, 114
57333, 189
5012, 90
15168, 115
29896, 32
17682, 642
12207, 941
50290, 878
43073, 286
5911, 483
4139, 47
8294, 557
10370, 711
4187, 886
32282, 173
5330, 996
28521, 920
46859, 546
12075, 19
39164, 12
28788, 897
19704, 176
45597, 608
36940, 33
10334, 736
57793, 913
24246, 182
4725, 531
2913, 619
4979, 884
39591, 968
51568, 734
34744, 306
12422, 150
41181, 912
39819, 908
7212, 178
41432, 558
4318, 184
40842, 78
47140, 371
7179, 188
31602, 58
38217, 346
19969, 384
23339, 477
9805, 705
51064, 409
36944, 210
39594, 60
54473, 103
31751, 571
40015, 992
38834, 471
26608, 546
24251, 849
2720, 531
11032, 361
1818, 86
17566, 876
39061, 665
51582, 914
1879, 44
28889, 458
1743, 904
2187, 171
47724, 470
22000, 746
59049, 383
40601, 472
8047, 156
11444, 843
42862, 834
3701, 286
10595, 731
35441, 768
42184, 529
31322, 809
43655, 333
47547, 902
34494, 765
43161, 944
15812, 988
12061, 284
10902, 484
52450, 985
52140, 740
5500, 210
33516, 949
1755, 85
54251, 663
6694, 170
40608, 483
16604, 609
11630, 373
8195, 214
13565, 694
25999, 802
43887, 354
3093, 932
47945, 74
55603, 222
52275, 995
23111, 474
35083, 214
51230, 662
19898, 264
52669, 723
13527, 890
21244, 574
16634, 841
39151, 104
23097, 205
50414, 186
5275, 347
4328, 783
53648, 878
33106, 712
56381, 802
3961, 197
47013, 467
52633, 103
36308, 775
55410, 748
55275, 467
26631, 978
10871, 581
21642, 715
40918, 193
33905, 743
8676, 326
6122, 214
51574, 244
10891, 752
58093, 788
24960, 297
27117, 927
7072, 467
1298, 918
866, 240
7392, 506
39442, 96
52553, 494
33864, 608
38062, 616
57379, 520
53821, 973
796, 141
40191, 181
20893, 546
28569, 358
57298, 913
54941, 493
8692, 908
40177, 929
41630, 595
53890, 571
29416, 134
34378, 836
49283, 226
36098, 789
38914, 959
34475, 998
42030, 471
7964, 448
15742, 578
47324, 905
48288, 927
50931, 843
49138, 531
8312, 651
37085, 797
25190, 983
39835, 13
51157, 571
4650, 86
44286, 745
52458, 350
26519, 297
54084, 302
14874, 969
119, 157
50446, 782
13168, 952
51040, 837
42567, 459
51105, 686
33538, 886
28137, 49
56290, 501
29768, 261
58987, 36
859, 325
23375, 90
8703, 303
23559, 704
39726, 806
8980, 57
47218, 457
34740, 998
45079, 767
37940, 419
22640, 954
28591, 467
46394, 223
4865, 798
56597, 832
40925, 444
10232, 537
14429, 83
4024, 77
55192, 121
34180, 639
3392, 589
57122, 133
40674, 726
29000, 31
56698, 397
37099, 785
23248, 388
42561, 189
21497, 605
27018, 990
5460, 193
36369, 848
25039, 519
23242, 613
54295, 628
41780, 734
12569, 916
32893, 43
47904, 906
13485, 169
50401, 639
39921, 750
41442, 245
47408, 429
47273, 765
20668, 254
5939, 872
33085, 339
24598, 807
10956, 713
6541, 852
21169, 627
38812, 455
32483, 544
25575, 142
50412, 749
52281, 97
57456, 545
58488, 57
16321, 106
24791, 810
6399, 373
23981, 766
42434, 535
48334, 829
3176, 355
24089, 27
527, 685
34536, 658
19694, 740
43647, 333
7034, 188
2532, 905
29028, 287
9075, 515
31547, 365
36402, 801
52464, 357
27288, 317
34230, 960
6718, 340
3119, 983
59596, 131
24437, 932
776, 945
56175, 306
16586, 394
52911, 120
7428, 879
35152, 669
58268, 973
51394, 480
26949, 527
45864, 305
53658, 112
59093, 293
16874, 282
26900, 130
31006, 399
38826, 938
34519, 424
31560, 375
10436, 985
7378, 685
49441, 667
32109, 722
48868, 847
27851, 360
12456, 164
4007, 84
39571, 813
30296, 872
15757, 182
48647, 251
46257, 256
20701, 113
55407, 353
8365, 780
8652, 699
35164, 681
1471, 793
41376, 973
4663, 134
38524, 760
56949, 65
47244, 366
3212, 879
49009, 163
39625, 143
49785, 863
53269, 102
3228, 70
21908, 661
22419, 257
38028, 324
7769, 394
3670, 318
2192, 530
21443, 140
45302, 778
53023, 421
9494, 450
10923, 823
41371, 478
32404, 833
44936, 527
16358, 178
10759, 503
46647, 813
32268, 751
37886, 31
53197, 423
46631, 837
52678, 387
39063, 668
5071, 486
57797, 780
54724, 151
1995, 673
42727, 648
36575, 883
15547, 852
2966, 150
40450, 961
38686, 392
33609, 235
12775, 102
54492, 38
38528, 458
19205, 833
39530, 12
53949, 544
56239, 712
11658, 156
3191, 160
10040, 852
6987, 468
7235, 670
30398, 239
51457, 525
46290, 766
17291, 811
58952, 654
58170, 7
11327, 478
6900, 222
16454, 885
28438, 499
6967, 861
41536, 264
36870, 452
34211, 180
2029, 913
43830, 781
59600, 478
28061, 49
8000, 540
14623, 585
10508, 359
25965, 216
45419, 158
22289, 129
13077, 939
3864, 146
61, 546
50678, 653
6053, 131
4950, 258
22647, 737
5010, 920
20152, 170
50772, 635
46398, 23
35797, 238
9546, 116
48220, 762
54422, 392
29566, 640
21240, 692
341, 144
36031, 341
50309, 529
24276, 400
29323, 332
22617, 853
42401, 179
13925, 881
33554, 340
51844, 274
59804, 119
23749, 361
17820, 249
44713, 960
50437, 507
35076, 787
59955, 110
43022, 743
15500, 400
35252, 799
15444, 631
4036, 23
40801, 97
42916, 625
49607, 857
57874, 707
33450, 327
32870, 199
11628, 207
55468, 458
25657, 180
16704, 180
3688, 653
42158, 358
14345, 781
47863, 726
27168, 663
34530, 324
43352, 223
38761, 337
43834, 606
55738, 402
47123, 607
8848, 194
39426, 123
46347, 819
1409, 431
13672, 873
39449, 787
43902, 961
14435, 344
39902, 43
59317, 364
28281, 126
18985, 204
15747, 380
44003, 772
12176, 40
40326, 379
19755, 499
9347, 798
23321, 766
28033, 970
18464, 98
31055, 231
51453, 621
15652, 808
8587, 924
2453, 871
49170, 358
15597, 676
6405, 954
50883, 449
9449, 831
10967, 359
58454, 437
3044, 230
28951, 219
59722, 747
56053, 846
54963, 562
45064, 962
30991, 174
8817, 241
15028, 988
31398, 106
5165, 558
58197, 871
12680, 0
53035, 824
30817, 917
39970, 369
28183, 389
53483, 873
58476, 572
34550, 53
40653, 710
56552, 413
23710, 674
40870, 778
29401, 111
34715, 460
28458, 941
20416, 493
21144, 298
44685, 516
51832, 373
10388, 219
31680, 420
22463, 61
29589, 414
22340, 804
5771, 648
21934, 82
56164, 65
4522, 525
7580, 228
57858, 440
41730, 120
25893, 185
23089, 459
38451, 430
51792, 944
31455, 924
14450, 826
29288, 812
33568, 78
4860, 575
51214, 421
12779, 861
18868, 193
49383, 564
49575, 682
10443, 136
13286, 10
14397, 104
17601, 352
10808, 515
22170, 187
36839, 430
10149, 207
48222, 979
33338, 242
49571, 970
17492, 29
12895, 499
45615, 673
55408, 579
48656, 271
9794, 75
7865, 441
14991, 67
49539, 422
11765, 868
10785, 741
54950, 92
59390, 560
30775, 290
3738, 282
58932, 110
23591, 527
49590, 926
54249, 659
57206, 583
35526, 602
6773, 568
32881, 519
54824, 863
25048, 108
5750, 725
14770, 295
49611, 718
33865, 306
47166, 281
9000, 157
50128, 959
57716, 47
48453, 698
34127, 196
42982, 112
43913, 442
57508, 959
59634, 713
20500, 387
6734, 405
45350, 922
2907, 806
18088, 504
8494, 506
5867, 753
14376, 770
8913, 706
59285, 489
26934, 675
13596, 584
25174, 687
7528, 291
25534, 882
25938, 217
33624, 963
15772, 158
38742, 616
21447, 466
27617, 17
6953, 359
34289, 19
28839, 729
50993, 304
978, 545
37088, 796
33215, 255
47348, 592
24658, 996
11833, 452
32027, 243
23520, 937
34159, 14
13194, 749
42221, 386
47893, 399
35287, 301
56451, 850
43742, 300
19288, 856
487, 329
57569, 484
6092, 22
11950, 485
26782, 104
15591, 201
27947, 705
919, 260
34976, 126
54611, 766
11837, 157
38079, 816
41276, 147
48581, 712
25018, 376
39129, 933
33872, 197
20257, 959
2161, 750
59692, 506
17554, 910
32631, 387
18660, 455
43243, 629
7381, 892
32493, 80
27091, 208
33045, 719
15093, 927
56589, 706
43432, 218
53889, 179
12700, 108
28122, 836
38879, 716
7564, 612
9994, 854
17500, 597
19760, 964
32560, 262
35525, 669
19375, 58
19192, 632
31589, 565
1378, 175
7736, 820
18586, 899
35461, 158
19185, 977
15728, 452
7678, 588
32716, 632
4664, 303
46059, 66
6977, 620
2944, 303
2851, 242
35679, 484
40077, 278
25411, 220
18223, 353
23305, 120
56861, 248
15099, 954
29650, 975
48549, 784
3001, 685
53112, 458
40793, 225
46215, 607
32222, 86
33578, 603
58835, 804
8882, 748
37635, 372
52233, 269
54746, 615
36291, 11
22846, 681
11195, 954
416, 416
32400, 650
1229, 898
12040, 506
37160, 223
7089, 267
7566, 656
57731, 919
24453, 98
18122, 370
55037, 818
26669, 418
5122, 219
36862, 895
17222, 493
43351, 579
59218, 585
50637, 223
7752, 429
2863, 704
22354, 894
7515, 447
33677, 549
48011, 103
11313, 786
4526, 398
44399, 78
18107, 484
3099, 569
36210, 427
59635, 751
18193, 945
56048, 87
1177, 967
30738, 291
13774, 952
25088, 179
332, 706
35260, 65
58759, 625
17647, 998
13461, 720
49046, 269
22717, 116
31960, 92
39014, 507
17900, 643
44730, 378
3487, 422
6784, 886
59630, 198
58323, 581
42496, 936
39973, 337
53498, 411
49754, 706
35604, 228
23823, 675
25726, 725
21156, 995
53018, 808
45891, 678
2260, 518
32227, 883
44577, 388
42518, 189
22058, 389
57714, 814
59179, 816
9779, 306
36384, 525
56729, 163
27890, 836
26291, 357
19480, 348
14674, 346
24008, 208
13871, 172
16265, 31
44914, 327
7711, 798
45645, 79
27074, 989
47532, 284
29979, 831
20925, 701
9169, 642
2011, 12
48640, 515
39128, 556
53986, 505
28544, 876
36024, 295
56317, 317
4143, 712
49306, 440
3, 748
29916, 412
32458, 563
3981, 698
43860, 238
31849, 464
48388, 502
49431, 992
19469, 276
51850, 472
51632, 521
38535, 487
6973, 732
30881, 48
12357, 843
20104, 530
10215, 58
52327, 216
19682, 12
36743, 827
4589, 311
16845, 640
48264, 795
23086, 750
42907, 856
19651, 652
20371, 362
38724, 485
57094, 664
46208, 371
6512, 235
1866, 682
35429, 428
52567, 98
5641, 398
44612, 230
20533, 484
18632, 46
34861, 372
40544, 635
41554, 547
17590, 771
44182, 203
16209, 617
47418, 554
1651, 26
36235, 375
44946, 745
41493, 583
720, 283
55826, 498
3504, 981
37573, 453
29454, 257
1380, 541
57833, 829
26603, 25
51923, 89
11802, 247
43892, 944
57763, 4
32897, 805
11228, 46
18615, 58
43945, 987
46129, 20
9550, 230
10583, 592
18590, 257
24095, 598
40225, 157
13684, 862
58054, 440
466, 122
18293, 354
27246, 630
13509, 909
15177, 678
40947, 836
10922, 649
9703, 580
48156, 103
28697, 416
30779, 540
37030, 587
44148, 333
3569, 192
37147, 285
19641, 301
7197, 155
46877, 598
46876, 393
17864, 281
27847, 322
29927, 545
8657, 211
20639, 16
58604, 57
31392, 405
12591, 456
29325, 191
543, 664
1489, 671
51651, 241
59859, 780
46211, 441
19180, 888
54235, 444
7961, 550
32867, 310
46383, 490
27160, 46
40695, 819
12022, 342
43548, 694
23566, 586
32551, 917
47061, 649
6536, 914
32543, 812
57759, 321
51753, 920
24454, 65
13944, 263
28546, 448
27056, 835
12452, 918
21689, 108
36587, 938
8942, 395
20994, 754
52173, 518
20636, 588
29920, 467
44679, 425
40531, 59
18823, 219
32590, 215
13124, 727
11303, 737
43138, 102
55722, 170
6958, 509
47921, 133
45398, 106
31526, 239
3329, 328
56430, 695
49426, 104
2017, 399
33316, 984
20855, 492
40457, 756
32501, 556
7687, 581
50231, 476
8037, 862
33777, 192
17414, 528
58154, 434
18194, 204
41205, 324
41280, 586
4893, 291
27730, 472
6802, 231
2620, 995
4129, 991
12414, 711
49355, 302
31300, 277
32148, 207
59819, 387
53621, 245
57721, 917
35609, 289
12537, 812
13691, 136
52951, 210
38441, 994
14335, 745
24158, 777
32554, 59
23829, 64
56011, 572
11474, 340
11298, 291
35941, 772
14525, 543
12057, 721
29375, 854
3857, 735
39952, 835
12735, 240
6893, 962
22464, 990
23237, 6
11370, 594
22559, 594
16302, 572
2835, 506
32504, 869
6350, 694
18625, 842
25267, 157
52771, 460
52018, 114
41025, 489
55286, 600
4793, 950
55801, 301
48912, 369
47916, 835
27662, 920
48964, 387
53298, 922
28816, 304
6435, 593
52046, 93
31237, 385
33754, 710
13732, 478
47671, 427
25530, 211
46072, 676
53723, 581
30493, 952
37065, 172
22273, 550
51295, 926
31900, 23
54597, 525
8415, 153
48259, 450
57267, 878
4385, 386
53624, 360
11337, 951
58063, 92
13627, 424
27639, 969
7247, 172
13314, 518
10723, 996
52756, 94
19705, 172
30334, 382
11350, 584
31225, 783
25928, 536
33343, 893
48364, 573
26304, 776
30660, 939
38675, 487
40672, 984
18277, 342
4863, 155
58101, 580
23081, 362
45635, 128
50448, 807
53102, 524
1749, 225
5605, 766
22537, 627
12417, 211
46592, 609
10817, 80
2513, 321
39663, 746
20894, 852
7043, 446
14303, 399
20679, 521
26259, 804
27750, 383
14597, 348
58719, 519
42235, 755
41260, 403
5388, 639
59666, 550
32905, 614
57335, 822
34442, 310
51499, 324
3881, 33
33663, 278
42254, 346
8747, 146
37181, 165
56082, 962
46550, 554
26191, 862
58522, 646
23509, 285
27262, 84
50647, 563
52259, 830
41519, 129
46213, 648
58421, 823
57745, 507
23644, 597
38819, 64
42875, 986
4953, 749
53480, 753
56460, 471
54927, 445
31852, 736
37558, 122
37879, 800
19451, 467
26312, 341
50839, 329
17687, 538
33490, 877
44173, 265
42283, 960
15743, 376
17967, 436
877, 151
3016, 201
8306, 895
14204, 241
277, 211
10147, 156
26872, 609
38424, 338
58353, 598
50877, 717
3691, 687
7835, 185
46986, 723
55760, 341
48511, 177
58370, 804
28524, 75
8333, 455
10516, 32
38692, 864
21750, 541
14073, 668
52720, 167
13702, 999
15276, 79
10613, 238
17357, 714
48083, 932
10979, 969
27926, 694
39232, 304
33474, 448
16061, 705
39038, 667
18321, 292
16022, 188
16828, 467
6608, 654
31377, 300
34954, 104
45639, 16
48887, 253
17261, 928
30704, 811
10690, 488
8404, 104
6400, 320
39188, 349
11843, 782
46008, 876
24209, 470
9241, 651
39579, 518
12755, 861
25841, 53
39016, 245
4776, 178
38171, 424
46028, 463
32306, 656
58646, 359
19402, 821
59791, 503
8281, 726
45670, 709
9998, 106
14424, 685
15134, 872
17107, 885
57635, 878
19856, 358
48280, 499
1822, 475
23170, 810
33999, 332
44522, 791
57479, 976
57947, 140
53564, 713
27773, 540
28009, 159
6518, 392
44419, 690
43564, 271
49569, 463
17946, 288
49735, 550
23717, 323
9756, 273
40588, 425
15156, 85
16127, 595
20484, 774
32748, 241
33165, 710
26794, 500
3055, 594
12685, 465
25502, 214
27135, 577
39593, 791
4108, 966
54892, 296
54910, 377
59282, 326
42760, 393
53466, 805
54366, 596
16343, 954
56888, 267
32986, 84
30742, 243
39866, 252
48093, 252
12692, 806
33214, 300
15918, 32
15456, 636
43239, 853
36398, 91
1088, 24
44186, 978
27717, 824
11789, 618
15138, 206
49147, 424
1778, 240
18807, 277
35369, 552
52685, 89
52006, 965
45533, 704
26626, 703
8496, 86
9519, 257
14237, 547
4674, 271
54057, 468
7025, 191
13039, 815
2599, 377
39532, 335
46737, 66
51575, 812
4665, 398
16524, 430
9434, 402
35533, 961
51799, 69
8424, 617
30879, 261
59302, 100
14582, 850
19016, 481
18689, 658
7239, 764
26750, 778
58208, 134
26809, 981
49297, 314
47050, 796
39982, 788
17911, 494
4194, 502
48981, 995
51657, 239
9630, 904
53141, 622
10299, 238
8729, 373
11134, 604
47633, 882
35266, 590
38990, 24
7151, 599
39495, 138
41752, 688
48274, 37
7664, 273
48434, 323
28035, 541
6046, 248
30607, 385
14595, 441
10266, 453
42460, 271
32418, 36
33706, 660
47456, 57
48446, 169
47133, 189
36107, 81
4233, 563
49693, 32
25166, 830
12343, 601
30650, 491
29013, 249
14466, 57
55487, 906
30400, 180
18059, 169
9522, 303
17224, 613
27233, 63
26885, 782
36709, 196
16034, 539
54041, 502
15629, 910
33220, 888
45436, 312
57485, 807
57065, 843
29598, 939
56088, 951
35013, 564
42516, 344
24923, 88
3808, 47
42472, 475
31334, 423
54582, 167
12635, 800
36356, 112
53178, 965
32413, 942
2330, 8
39431, 615
30778, 447
28060, 587
6097, 978
57438, 602
14144, 588
55973, 813
58898, 206
28760, 453
3105, 151
27482, 478
22920, 138
7833, 982
24449, 19
15400, 245
37822, 492
6917, 144
20283, 71
45296, 943
50064, 687
39018, 933
9104, 161
58108, 678
44365, 311
7915, 117
28826, 556
41818, 585
48150, 701
23744, 728
15008, 183
19719, 536
24185, 585
3389, 973
1004, 993
23302, 934
6564, 900
25465, 500
45175, 289
39401, 336
27436, 442
26118, 539
29823, 441
5178, 164
14283, 275
22802, 815
57899, 536
10810, 494
57685, 546
16168, 224
56263, 582
4601, 790
42218, 186
55299, 69
12781, 848
41599, 877
48325, 158
30271, 460
36513, 323
29327, 157
29394, 970
30432, 714
35750, 691
5795, 998
20054, 570
59345, 295
34192, 607
29341, 911
20064, 216
17199, 160
22186, 864
2735, 284
15072, 274
490, 493
26581, 56
12864, 759
7886, 774
41885, 188
35075, 89
58507, 784
27958, 739
45299, 842
29362, 642
20004, 182
30471, 530
15415, 771
6113, 195
13481, 961
34760, 470
40430, 636
50781, 983
37578, 498
22553, 331
54117, 665
10481, 420
34975, 444
46830, 49
45254, 972
24031, 311
46553, 638
51516, 218
15146, 629
56885, 569
58413, 65
39977, 185
45698, 674
18363, 434
5581, 398
1971, 940
24962, 575
44010, 180
23499, 939
44753, 511
20702, 976
58675, 24
41675, 188
237, 221
15381, 122
39422, 193
58459, 416
56528, 445
14021, 697
28621, 886
53149, 265
40307, 731
18621, 668
32393, 766
57736, 203
39097, 760
59311, 43
24778, 690
45897, 341
55894, 946
54435, 764
25311, 594
36918, 770
41019, 625
25072, 296
32896, 45
7101, 527
26874, 620
52055, 205
3675, 35
57156, 257
25394, 626
27668, 997
54969, 597
51187, 189
5198, 569
36831, 438
26611, 495
57871, 933
29883, 665
2704, 555
24272, 683
32456, 692
36038, 596
46851, 626
47552, 257
13377, 809
30638, 754
24914, 210
54438, 833
59137, 818
24966, 920
53082, 393
17323, 588
11433, 690
26966, 834
22930, 501
42891, 720
54988, 223
8251, 349
30085, 597
27216, 549
57632, 38
39363, 958
43328, 402
37017, 523
51590, 138
28387, 573
47081, 112
22363, 951
9954, 204
23573, 353
5904, 308
25973, 324
36865, 114
54128, 98
33120, 938
30448, 621
35428, 1
29812, 258
58942, 31
27454, 715
59838, 972
47193, 674
37765, 892
43542, 603
1408, 594
31773, 961
440, 550
28367, 792
56790, 83
13998, 677
10512, 556
23355, 279
29549, 465
24214, 293
26682, 344
20613, 737
3656, 357
14798, 771
32409, 505
11607, 342
5052, 334
20185, 322
51493, 652
45508, 321
9263, 975
52337, 159
25489, 758
8861, 44
51357, 256
38068, 87
40200, 515
53787, 288
12246, 751
35508, 960
16741, 928
20429, 356
36610, 719
5333, 7
15545, 627
55662, 158
50063, 69
41383, 160
12078, 118
15305, 982
40634, 512
34422, 737
11838, 159
27258, 531
47687, 480
3591, 921
11800, 59
35853, 852
2351, 901
50306, 495
30483, 995
27920, 956
8376, 20
28624, 449
1303, 796
59326, 851
41206, 464
49986, 169
57975, 531
29696, 124
36253, 737
5656, 540
26160, 923
27487, 288
44129, 508
37856, 352
56865, 307
58775, 808
2403, 513
27088, 313
46732, 401
46710, 343
59734, 306
31858, 39
46440, 514
43194, 700
59055, 242
30160, 262
23118, 178
5030, 858
44634, 951
58364, 442
30021, 340
18413, 132
18671, 843
707, 381
31038, 782
49509, 294
19736, 513
3127, 812
4682, 607
40208, 303
38196, 557
31832, 660
37961, 58
22902, 245
41781, 350
31966, 961
19064, 820
10776, 236
37343, 526
15071, 188
43294, 484
53390, 716
58389, 973
52461, 65
30507, 58
27392, 135
13713, 219
16453, 783
27716, 87
45131, 199
46790, 739
51566, 318
45835, 880
59933, 730
45862, 871
39274, 325
27357, 206
3978, 356
36669, 237
45031, 172
50422, 921
56513, 996
9857, 469
28500, 48
41227, 70
3186, 472
31867, 102
39785, 706
59655, 787
36457, 30
29012, 589
24808, 530
38844, 266
6794, 383
32516, 48
33236, 797
42993, 505
2060, 493
10001, 296
3136, 745
1148, 30
38056, 589
54626, 992
4596, 187
16162, 664
30350, 249
17567, 370
6184, 456
34848, 847
7968, 152
33994, 204
36225, 52
23659, 311
55460, 875
48849, 780
17644, 446
57834, 451
14517, 205
48802, 94
20517, 49
29656, 216
39019, 813
31179, 21
52935, 355
59223, 403
24675, 826
16074, 605
37783, 326
48629, 17
59543, 791
51333, 197
38970, 838
33825, 482
15698, 462
2201, 642
1448, 433
52049, 928
50762, 227
6697, 715
20813, 372
44674, 973
32397, 731
6565, 924
46245, 105
14000, 738
14806, 976
30166, 896
18953, 75
10693, 450
16137, 817
44505, 863
21739, 94
4425, 41
11672, 502
36528, 453
43121, 167
19962, 575
15959, 188
58788, 858
2188, 865
56842, 152
58410, 548
21309, 280
21931, 818
9579, 264
45394, 658
1659, 300
11682, 85
29904, 768
39489, 968
6589, 54
6424, 478
39342, 673
26558, 336
11454, 850
55087, 98
36434, 85
59004, 365
21259, 802
322, 641
52524, 136
16097, 875
55184, 150
50983, 794
49168, 319
15038, 582
25656, 617
9315, 478
11710, 218
12958, 548
27910, 760
9330, 737
55884, 116
38950, 850
6156, 683
4474, 868
18202, 633
45651, 474
17334, 578
18605, 289
13450, 732
13571, 868
44820, 441
50979, 866
27832, 528
51996, 407
13243, 170
53137, 914
47700, 625
48407, 142
40101, 584
46316, 126
2367, 806
35653, 879
509, 908
25782, 217
12430, 762
35493, 364
43914, 85
47329, 489
58963, 324
44214, 649
47787, 1000
12676, 647
26333, 983
24624, 871
1170, 647
41830, 711
30414, 454
6140, 346
3005, 293
48620, 301
1105, 227
1488, 625
23407, 233
58059, 906
52550, 408
20733, 255
29025, 281
59162, 77
8384, 19
18004, 503
37738, 904
52021, 200
40652, 308
36853, 731
41128, 292
11081, 549
21898, 0
30059, 931
34860, 5
53894, 210
26319, 906
7972, 958
9754, 416
28877, 148
4822, 6
14061, 29
59832, 519
25624, 287
10832, 294
184, 170
51823, 471
8581, 495
12754, 787
57814, 233
31497, 365
29767, 185
24338, 204
24965, 182
42097, 49
7467, 436
16327, 854
36982, 674
8575, 996
14053, 75
14794, 987
25180, 321
5688, 195
19982, 351
57564, 794
11740, 189
35690, 629
48635, 602
47427, 203
29400, 82
27902, 111
991, 442
48722, 835
5017, 100
8382, 688
54624, 22
4583, 804
23866, 775
45105, 79
35061, 361
39640, 659
57729, 251
55594, 874
26209, 304
6334, 303
41031, 893
42079, 284
50202, 482
4039, 837
27083, 447
19699, 466
22454, 446
39752, 1000
8060, 149
10721, 188
34185, 569
20591, 291
50791, 83
4603, 514
59045, 371
20248, 542
13282, 292
8931, 396
40819, 310
58242, 503
39304, 154
26508, 179
17307, 615
13179, 121
21446, 652
3765, 555
47484, 501
43204, 687
17174, 537
27713, 373
13593, 609
52059, 907
25324, 19
31730, 1
47198, 352
12460, 67
12723, 382
45775, 964
51740, 694
38103, 736
9098, 437
40791, 844
42183, 464
3463, 562
53053, 120
28868, 327
28105, 975
18072, 738
28707, 851
25607, 255
46715, 918
48945, 969
52440, 35
34630, 325
27066, 984
39651, 150
17160, 226
40001, 74
8991, 899
39766, 636
31559, 244
7037, 579
40583, 664
20752, 712
6767, 865
50208, 689
59048, 235
24108, 96
46016, 397
22560, 506
5247, 539
10305, 874
17368, 341
1630, 143
51299, 475
46261, 800
19330, 369
24392, 305
58833, 880
16559, 367
79, 155
337, 413
6387, 808
42922, 50
39596, 679
8057, 300
55090, 794
25596, 606
2223, 855
30412, 488
32705, 652
39243, 660
27303, 95
21357, 517
41380, 780
38440, 968
16877, 452
25996, 571
52724, 235
49425, 68
25879, 179
59947, 686
1803, 857
28929, 639
7432, 418
53343, 74
11915, 360
36643, 385
25004, 463
48875, 57
46335, 507
7333, 557
39911, 536
52646, 64
3278, 373
31581, 487
21141, 316
18529, 379
39585, 192
17457, 434
27886, 87
59412, 121
44484, 974
8855, 570
19917, 841
44877, 318
28654, 546
3244, 415
35190, 948
14302, 282
50823, 832
46946, 786
51310, 245
48575, 670
11336, 331
50359, 757
9294, 683
3101, 562
44993, 257
45816, 293
21192, 541
3557, 234
38155, 553
6419, 459
22932, 990
20773, 818
8048, 389
7767, 936
5295, 217
49412, 621
42151, 76
45986, 399
42080, 878
29953, 768
5415, 927
4788, 302
46959, 593
46230, 950
55325, 239
1116, 821
2794, 707
11415, 196
28324, 560
51312, 970
11960, 143
16960, 995
30539, 69
7346, 706
25038, 291
278, 742
8892, 948
30081, 215
28475, 362
8694, 329
23317, 669
13294, 982
3256, 501
7816, 809
14629, 477
38435, 652
23414, 213
36429, 244
53001, 351
13384, 493
30546, 375
1384, 166
17859, 217
21534, 977
43793, 437
24136, 691
16332, 148
15555, 501
867, 757
33836, 158
5377, 396
48016, 466
17870, 988
41244, 238
18460, 985
33723, 784
41508, 651
57392, 482
17360, 801
49320, 172
13175, 191
57668, 201
1122, 47
4621, 793
49615, 664
26105, 325
59420, 641
52684, 74
46465, 962
28713, 248
37489, 142
41131, 524
35819, 659
28566, 525
630, 405
28907, 841
57458, 346
16283, 189
25182, 102
22097, 533
34645, 582
4881, 688
57148, 636
39227, 307
41896, 187
30162, 351
35920, 206
30929, 783
9795, 514
48117, 597
1587, 827
25307, 372
2723, 122
30142, 285
15793, 832
14768, 377
17494, 62
55296, 652
57531, 263
16231, 564
48323, 628
41927, 739
3851, 587
5983, 531
33898, 475
59342, 523
29499, 160
16767, 796
21755, 799
15640, 668
33982, 92
44270, 750
43007, 540
255, 309
17679, 219
56314, 123
16564, 985
34710, 593
59521, 350
13420, 781
44682, 356
31543, 840
15309, 359
27189, 412
5781, 545
35584, 60
32846, 178
47297, 712
29718, 151
34699, 755
3615, 577
55903, 811
47795, 998
15313, 658
6523, 39
3982, 103
26420, 31
14074, 785
44227, 801
33690, 135
38414, 570
26544, 921
914, 647
25521, 274
6616, 244
15606, 486
31844, 672
4134, 725
56466, 388
5984, 589
48277, 775
51891, 617
50623, 850
25246, 966
23758, 905
40617, 544
39842, 417
44937, 905
7692, 729
56204, 799
3208, 847
14427, 862
6552, 929
47172, 957
54727, 97
27459, 523
42564, 602
52278, 120
3143, 670
36349, 403
51934, 963
35182, 807
18805, 794
7925, 585
48587, 44
22400, 516
31512, 177
6647, 624
22371, 427
6138, 318
42501, 969
31062, 13
59894, 589
54319, 148
27918, 805
56704, 672
7455, 289
35777, 411
18687, 725
53042, 976
55993, 868
53221, 926
10716, 526
35470, 352
45307, 783
48461, 533
9526, 45
5970, 220
38883, 652
45097, 424
38897, 462
42955, 679
9089, 459
42381, 149
40597, 845
16995, 663
1982, 45
32392, 377
12191, 287
16329, 132
39201, 241
23359, 495
40871, 393
57275, 906
1710, 912
27054, 790
51730, 224
59205, 598
4462, 987
10338, 314
18879, 22
39240, 64
45531, 465
47317, 405
42205, 172
59201, 339
43185, 244
16599, 461
54006, 259
13906, 416
31658, 522
3644, 202
12003, 346
7168, 119
18112, 155
36913, 157
21213, 188
41058, 941
55384, 627
50852, 48
41441, 182
7596, 95
20005, 779
27139, 773
10898, 96
44300, 883
29886, 553
16841, 447
55118, 577
59923, 384
15876, 846
1554, 676
24103, 425
4687, 272
13556, 668
9171, 42
44769, 760
3712, 673
6869, 742
36504, 319
36553, 190
113, 676
46862, 291
45877, 608
442, 255
14270, 704
38467, 93
22800, 479
23057, 590
45116, 835
42369, 781
25884, 10
6489, 142
40282, 69
39995, 289
38365, 790
22692, 545
32155, 398
49999, 861
24514, 314
57118, 462
28523, 83
3174, 39
2360, 105
54490, 347
24456, 539
28148, 307
5093, 459
17020, 665
40137, 881
51096, 876
23249, 74
21489, 384
46332, 342
25068, 50
25942, 612
21264, 521
22819, 884
35077, 900
22762, 155
33330, 114
41029, 807
12285, 772
31194, 497
15087, 905
59614, 82
50980, 667
9766, 577
16907, 567
26130, 480
4852, 404
59671, 341
31390, 680
12113, 14
54417, 384
47148, 339
829, 768
2603, 644
6128, 762
30173, 771
50493, 457
4384, 697
27046, 570
36081, 351
25254, 153
50495, 394
26751, 107
18199, 943
38190, 142
25336, 520
47108, 50
14852, 881
24547, 388
26501, 955
8360, 291
24699, 506
37857, 875
54998, 104
36926, 390
47345, 351
16821, 757
36099, 263
33240, 761
53716, 771
57370, 959
10557, 174
9714, 340
192, 502
25556, 963
55869, 206
31255, 358
18698, 382
12629, 377
1398, 857
59239, 124
51762, 898
40288, 375
38492, 590
45265, 785
13833, 821
4553, 580
40796, 7
7661, 196
35059, 211
25966, 337
31582, 418
12601, 306
32642, 583
49762, 122
21411, 577
13027, 849
39141, 189
9596, 274
33380, 189
54623, 728
800, 128
20881, 223
10336, 764
47485, 688
56937, 906
34890, 243
4136, 152
40517, 439
50581, 455
18100, 856
51233, 773
45113, 487
47774, 914
24517, 756
40977, 587
1605, 884
17936, 286
50006, 694
49291, 888
14885, 307
15670, 420
45036, 186
58143, 707
47673, 59
37708, 33
39583, 650
17558, 413
36678, 753
36711, 87
50636, 841
15942, 69
28543, 116
44587, 171
19164, 537
24957, 458
11037, 589
5594, 457
47373, 11
11939, 45
18798, 90
37354, 703
32889, 465
5362, 329
39631, 923
30787, 194
13888, 769
468, 349
23231, 956
27171, 135
53933, 542
12559, 439
44397, 470
35433, 107
55781, 990
23816, 375
21127, 220
42948, 187
39000, 184
52037, 468
2749, 718
18514, 434
56900, 212
30490, 289
26207, 952
20511, 472
16139, 686
47684, 139
36859, 849
5610, 512
59014, 442
36541, 490
7547, 148
21025, 69
57880, 765
52268, 352
42817, 607
49272, 454
24612, 717
45873, 154
2262, 33
5949, 925
27952, 110
49367, 409
1138, 680
35106, 590
35328, 568
58903, 346
31050, 996
58034, 661
15464, 326
35465, 68
54297, 951
39791, 271
19457, 709
1571, 809
14412, 804
45310, 362
50759, 594
15624, 158
41983, 593
9428, 24
59611, 271
5782, 463
35403, 400
25513, 314
18793, 452
4774, 669
5697, 303
37011, 799
13128, 467
5571, 646
58761, 162
48654, 762
855, 55
9274, 20
9447, 252
28820, 517
19471, 573
27687, 382
27836, 77
6750, 828
53711, 870
33984, 484
28334, 33
26641, 33
53998, 479
41857, 162
44312, 663
31073, 934
38569, 176
14382, 76
25146, 121
51059, 661
8395, 326
9689, 983
18603, 913
33648, 692
44724, 421
25442, 785
36331, 415
31677, 255
23062, 389
52067, 306
35509, 604
47093, 247
38487, 226
36052, 641
36414, 147
29468, 987
17581, 953
29079, 820
3238, 375
48500, 86
17771, 541
36188, 983
45947, 929
18181, 810
14963, 704
5885, 518
4544, 328
54535, 827
43536, 954
53755, 659
16849, 54
58505, 421
47826, 943
2416, 439
26747, 496
42060, 8
9286, 760
25548, 674
26898, 936
17019, 976
31505, 211
40366, 931
49179, 369
12648, 536
40385, 140
48065, 168
8213, 439
55333, 221
56878, 484
19523, 306
15851, 74
16837, 857
22787, 528
34664, 512
58138, 450
22921, 814
44113, 600
29456, 89
51588, 550
58885, 442
13237, 437
38226, 613
17511, 391
30809, 488
8791, 281
271, 795
31152, 446
25758, 563
41046, 429
50523, 521
32115, 763
5067, 30
46950, 962
28632, 415
33370, 745
36559, 274
29590, 244
18487, 446
46777, 53
21104, 837
962, 449
24457, 119
1322, 844
13463, 848
47757, 153
52743, 492
48382, 526
53395, 710
27020, 474
6590, 191
44414, 829
24897, 675
47656, 276
40209, 650
4049, 247
27243, 437
34219, 539
37356, 116
21629, 275
56903, 943
13427, 646
2441, 979
18094, 118
48884, 89
24168, 435
21770, 496
21820, 706
43636, 398
46717, 917
54901, 992
20923, 560
10090, 631
8696, 959
11942, 114
48882, 568
55055, 525
57230, 937
33997, 547
31514, 464
8050, 495
12590, 671
43605, 716
24572, 408
22183, 766
56975, 579
53987, 420
54384, 382
10499, 498
26924, 3
20010, 516
43250, 508
24883, 760
520, 497
53486, 910
30269, 131
10492, 800
57207, 786
21342, 484
48375, 239
22052, 129
51532, 733
47269, 324
23739, 113
35759, 0
15407, 214
18021, 191
38749, 411
50241, 909
43466, 329
8897, 508
23786, 687
44979, 880
55187, 832
17040, 394
19803, 547
50766, 389
37045, 856
17037, 517
51226, 140
41096, 25
50034, 998
44740, 739
59612, 946
13637, 645
28510, 796
31449, 381
28953, 519
4974, 139
57027, 407
55245, 264
57883, 609
2841, 185
11853, 933
52223, 170
20141, 513
23991, 790
4567, 924
10369, 145
9970, 754
16517, 982
43926, 712
37510, 946
25944, 466
4333, 169
31275, 689
35673, 794
13715, 721
36899, 832
16489, 77
38117, 535
38247, 246
35145, 561
14731, 878
21174, 575
24508, 812
13599, 993
12965, 228
10625, 667
22836, 374
31139, 7
26390, 51
21317, 90
19889, 766
25026, 834
26697, 423
39085, 934
22805, 408
55004, 706
22505, 358
13605, 556
36685, 989
31661, 808
1650, 397
56323, 104
32258, 720
16905, 592
13667, 218
18048, 325
19942, 888
19592, 81
25920, 618
15181, 481
22310, 273
27017, 770
36756, 830
24934, 183
13712, 138
28169, 9
21328, 469
26920, 515
52297, 172
37805, 960
59719, 768
6252, 526
7083, 204
56058, 102
59966, 307
5993, 283
43955, 91
18664, 110
33363, 351
49011, 632
59273, 726
9240, 946
50372, 100
26746, 701
9783, 215
18525, 29
32406, 16
52946, 235
48603, 17
31593, 203
9913, 309
53212, 628
44354, 706
39664, 710
25375, 601
985, 297
35237, 645
35815, 133
12634, 595
29505, 878
43435, 238
15903, 205
21780, 641
26120, 503
19318, 106
46180, 777
37221, 355
50303, 36
47679, 178
20771, 284
24997, 35
27671, 366
3189, 587
52198, 243
16965, 525
42284, 190
45898, 99
11918, 489
30976, 447
11927, 80
53519, 827
39947, 497
10313, 122
13827, 396
45721, 348
30786, 357
29478, 975
50548, 224
10968, 592
28602, 90
30911, 350
31297, 915
9477, 11
6795, 79
57507, 51
21554, 734
6672, 195
16863, 458
13221, 60
32477, 11
37756, 928
11555, 635
18523, 638
18384, 912
20427, 678
12513, 302
39284, 983
58622, 703
39300, 369
34169, 163
14581, 912
56610, 53
56472, 251
23234, 545
38148, 751
46319, 737
31430, 384
1872, 816
16479, 294
22999, 376
35332, 193
10953, 628
31187, 672
28603, 257
40546, 311
56564, 839
37289, 212
18074, 564
48904, 412
11046, 243
2587, 526
51262, 498
30853, 242
56067, 962
7675, 357
6248, 673
39050, 851
41551, 282
30823, 39
47285, 841
22981, 135
49924, 107
53957, 431
29281, 124
29734, 503
30804, 219
48076, 29
24335, 750
18030, 907
47725, 108
58405, 207
28039, 475
27734, 674
44391, 519
5252, 697
27532, 479
54239, 70
9655, 600
41931, 898
40954, 650
12146, 444
51472, 986
52640, 842
25027, 464
32412, 80
58236, 512
5050, 284
30880, 953
3661, 705
2652, 567
1189, 871
37593, 678
39767, 155
44570, 30
49072, 3
19012, 633
3634, 11
36449, 887
54684, 513
31081, 533
49724, 799
5490, 383
13899, 183
7858, 609
51010, 744
55593, 820
17091, 697
44712, 890
36890, 339
8632, 929
24860, 650
59227, 13
36677, 728
51912, 92
57041, 238
44818, 346
39374, 312
26666, 866
3242, 8
51669, 627
35125, 322
52419, 94
52789, 374
4570, 496
41864, 301
12379, 826
54748, 718
26184, 758
8004, 689
34241, 995
51088, 898
4509, 129
33157, 385
14365, 974
20598, 466
46615, 179
7823, 857
23404, 350
7798, 668
10603, 741
24872, 281
50483, 517
44404, 841
8925, 991
55065, 917
17660, 728
16086, 670
27709, 55
34176, 183
41718, 49
47429, 688
41806, 620
45132, 266
17897, 91
23271, 116
34836, 516
58546, 497
36219, 985
42638, 757
3495, 252
44560, 458
14608, 424
1725, 337
5792, 318
44941, 572
39878, 546
38771, 124
39867, 953
55628, 481
43756, 683
33109, 273
23647, 756
20205, 175
27195, 184
47486, 140
10861, 487
19612, 205
58331, 610
18300, 961
30259, 710
59062, 263
53566, 957
34404, 305
11456, 752
30426, 115
28649, 12
13186, 592
45287, 698
42811, 641
13452, 181
7265, 278
56657, 709
54575, 992
32238, 670
3777, 653
29556, 288
19852, 118
39802, 745
43292, 262
16438, 479
10158, 36
3665, 213
49884, 313
49040, 601
57608, 680
14482, 934
50713, 784
5391, 782
18991, 477
59569, 420
7223, 929
41317, 366
14190, 765
38333, 395
54594, 615
9436, 886
36458, 927
31477, 128
19622, 230
12455, 943
41547, 153
28155, 218
45262, 799
2795, 559
802, 443
1798, 453
27923, 333
35742, 233
13433, 426
34790, 74
40262, 76
57251, 468
11111, 958
40214, 561
38611, 844
25186, 676
42171, 302
15272, 893
35161, 36
19646, 194
13133, 891
16483, 921
4807, 262
21999, 351
58285, 14
48374, 831
1556, 932
23614, 727
953, 772
10632, 469
25967, 390
40227, 889
45918, 629
18716, 817
55061, 131
3455, 809
2862, 184
28480, 255
23595, 325
47290, 816
11964, 14
25837, 903
9538, 534
9660, 884
17752, 422
14266, 164
9458, 791
51450, 325
26927, 932
25974, 847
58061, 733
37480, 947
59183, 90
39944, 368
1309, 638
36875, 872
19406, 987
25322, 857
4851, 667
172, 83
3115, 674
41447, 825
3669, 359
4539, 849
51544, 249
20601, 823
29059, 125
5923, 568
40595, 128
31542, 373
21396, 979
23351, 110
25539, 249
47615, 575
22587, 164
53490, 585
18581, 93
29364, 427
24466, 277
29086, 365
20217, 571
53852, 234
10463, 529
42212, 773
31380, 199
22749, 308
21653, 608
16342, 400
52331, 707
48009, 982
34210, 735
46265, 73
52922, 671
5798, 269
34658, 95
48743, 611
52481, 575
54208, 3
58721, 720
12073, 257
12734, 140
19163, 599
43630, 839
28810, 932
22181, 143
32911, 503
5220, 58
50087, 6
23473, 646
14710, 834
16959, 358
6153, 80
38514, 338
33129, 887
30777, 856
30726, 41
37090, 355
37417, 779
11402, 182
40114, 619
7623, 113
3699, 581
24856, 141
30106, 184
13790, 809
21612, 902
20495, 486
12033, 961
11120, 546
11754, 253
56802, 362
22739, 663
52710, 100
49912, 747
46776, 383
13448, 827
14103, 294
23661, 814
14180, 610
1970, 893
8469, 707
9138, 361
45551, 282
26785, 172
39845, 731
14428, 23
52813, 969
35384, 696
44382, 912
18869, 900
34564, 304
5405, 885
16769, 258
9621, 474
30008, 398
19467, 946
4263, 355
29321, 845
5022, 612
7312, 835
28485, 688
45159, 385
19237, 591
56085, 149
6042, 367
43101, 918
47817, 18
48494, 21
54100, 679
7086, 496
58563, 508
46869, 356
25509, 180
5228, 276
7122, 701
16513, 870
12189, 566
45850, 787
55285, 424
22233, 989
46901, 237
40093, 488
20937, 846
58237, 556
35191, 573
933, 612
41238, 639
54555, 789
3791, 320
9207, 242
22571, 489
41122, 904
24894, 434
11804, 602
50694, 506
35158, 387
15773, 49
19306, 236
39574, 555
22232, 949
28230, 919
15647, 929
5489, 272
4464, 820
58159, 717
58005, 602
12380, 462
30684, 814
57687, 102
39680, 443
48377, 75
36777, 70
45808, 179
12662, 713
902, 346
56299, 934
36397, 809
4012, 331
41821, 503
8475, 657
52671, 467
57561, 263
47263, 533
33277, 574
31798, 806
51489, 499
45909, 451
18439, 419
32527, 738
25372, 853
10319, 261
34805, 41
31370, 955
42572, 939
34810, 924
975, 810
24114, 922
13818, 386
45614, 78
6179, 385
18731, 916
5778, 914
1294, 340
22638, 608
2423, 600
20840, 702
19392, 11
10550, 525
39722, 364
29624, 361
27580, 191
17195, 866
34510, 773
49827, 98
8843, 618
16388, 933
44405, 938
17825, 591
10930, 655
703, 859
55960, 33
1234, 405
45892, 73
704, 146
2726, 375
16171, 687
49089, 110
41548, 427
47386, 676
37462, 227
44885, 524
1980, 374
49053, 964
29067, 777
19791, 670
57196, 636
44021, 313
15729, 137
32365, 774
42644, 309
11257, 278
16558, 617
33890, 734
817, 832
45449, 756
54354, 225
12707, 23
39916, 535
47069, 609
7224, 988
27052, 584
53151, 162
46405, 23
24749, 355
47970, 123
51118, 846
3420, 144
43124, 782
34766, 980
29957, 877
1864, 78
7419, 955
3506, 174
58800, 367
12757, 52
34257, 1000
34299, 610
36130, 293
45065, 410
56828, 727
24208, 700
46078, 207
36471, 914
13297, 874
46831, 930
56760, 281
46382, 891
21026, 352
24643, 752
17961, 409
54015, 184
46445, 779
55438, 66
13812, 358
21121, 8
50220, 653
58037, 946
23487, 193
9374, 549
11524, 695
7339, 246
25208, 673
32126, 505
22650, 949
7658, 337
52154, 569
53402, 636
3578, 206
54088, 473
51063, 29
7695, 464
59287, 195
38526, 54
57302, 142
51263, 541
16150, 826
6105, 672
57870, 783
27864, 395
1643, 267
59397, 679
13880, 790
4231, 672
50972, 122
52256, 432
33079, 579
50695, 834
12770, 803
53813, 533
39365, 922
14265, 51
50513, 346
28318, 186
37450, 435
55827, 283
40216, 612
38853, 249
55805, 980
6129, 13
13130, 675
6218, 401
19094, 866
57615, 265
27556, 31
365, 295
43893, 182
20886, 751
40507, 560
59450, 356
34683, 741
31604, 237
21499, 990
9679, 139
8675, 589
34963, 197
19891, 890
32304, 105
42573, 532
9803, 296
30555, 539
42716, 282
56406, 761
27893, 432
16245, 987
58358, 640
25594, 354
17774, 20
32668, 372
29408, 345
6792, 747
13963, 869
26458, 811
29749, 836
35062, 459
38642, 147
19625, 9
25425, 286
5135, 193
7415, 45
51241, 552
19948, 2
2588, 400
19735, 395
46720, 354
52184, 400
38498, 985
12942, 468
47280, 547
18733, 543
57530, 764
31502, 940
20332, 412
6386, 783
35053, 386
32827, 115
49219, 317
59867, 747
22430, 729
53974, 273
39706, 413
31984, 724
36852, 755
42015, 731
27868, 673
55642, 250
53165, 247
44225, 396
35430, 191
31128, 81
22580, 660
33046, 774
5229, 199
48038, 869
28860, 845
22022, 538
12683, 159
10248, 659
43750, 832
9416, 103
33519, 748
41866, 30
39984, 395
35248, 57
14163, 730
9389, 559
1480, 415
22002, 378
13647, 432
36512, 414
14912, 163
56838, 877
43511, 208
47720, 151
42062, 94
17860, 511
59026, 243
51242, 948
7344, 298
23400, 309
25093, 867
2769, 406
37134, 594
28141, 137
56305, 289
9095, 306
49890, 733
7120, 137
43291, 21
54817, 781
56591, 458
17250, 306
28608, 534
7889, 358
58636, 916
6881, 952
35255, 825
16107, 800
39955, 198
41350, 140
22386, 546
46557, 172
56052, 635
45181, 150
8154, 252
31403, 119
2628, 329
24745, 237
41133, 625
55863, 530
15948, 994
10326, 402
8417, 408
44573, 178
13897, 954
50680, 246
55069, 469
2833, 966
30609, 562
29937, 621
12959, 582
42273, 825
49113, 395
29509, 662
29809, 340
6028, 940
8221, 595
12108, 144
718, 786
45253, 152
28976, 297
29510, 172
30231, 535
50645, 793
42706, 426
35119, 158
23174, 64
40811, 993
7130, 226
6510, 48
32130, 316
40281, 897
35189, 286
44813, 201
8546, 153
17186, 984
20848, 370
36872, 795
52918, 101
406, 532
40171, 669
1933, 162
5561, 971
8329, 252
53783, 384
28987, 131
45218, 991
14843, 426
6427, 601
26664, 905
35330, 992
58267, 140
47209, 477
26058, 829
36594, 189
5298, 137
48097, 928
16709, 918
48246, 921
20780, 594
26738, 499
42140, 467
4691, 999
30033, 776
7594, 764
18062, 248
38650, 256
36886, 603
8961, 9
20607, 595
39913, 411
9873, 517
49748, 495
37723, 683
25598, 140
51874, 987
8564, 373
10138, 529
35454, 228
51235, 829
36067, 146
790, 248
7193, 106
29211, 274
55815, 710
41954, 641
47738, 431
50096, 368
52691, 837
13062, 253
39459, 652
25173, 944
17108, 858
8512, 597
13084, 213
48025, 666
40552, 793
20359, 769
33405, 628
16686, 750
5358, 653
49191, 99
23334, 748
29531, 998
54605, 524
27261, 850
13538, 267
12904, 880
53143, 308
42594, 783
51857, 188
20451, 926
56525, 549
44702, 408
17118, 290
7262, 203
4512, 442
51138, 987
3654, 833
18616, 681
8296, 220
12613, 943
6021, 313
59668, 199
1469, 164
15874, 189
34234, 689
11098, 892
32497, 111
24878, 533
28414, 940
25223, 273
52001, 142
38308, 84
47771, 910
39314, 817
51420, 611
13651, 80
2596, 85
43824, 922
35899, 552
32932, 200
12002, 132
2872, 324
31198, 698
2215, 160
33725, 990
5872, 300
31824, 324
46163, 567
26204, 624
843, 365
25187, 455
31989, 510
7743, 46
4298, 978
51658, 808
52043, 373
59821, 749
35352, 77
59835, 294
1963, 527
22246, 413
9478, 10
38299, 203
15668, 764
50703, 823
21828, 385
52034, 185
33934, 742
11448, 82
28784, 93
32514, 936
54665, 204
6045, 506
12829, 666
55843, 589
26318, 234
12424, 938
2848, 811
5672, 950
3393, 521
37911, 426
58630, 744
34735, 757
37061, 963
56382, 220
34123, 827
36314, 593
25138, 601
26860, 901
35091, 146
57083, 226
42832, 752
33394, 295
14133, 940
27710, 826
569, 878
5807, 538
14728, 469
122, 513
24420, 745
6119, 300
18016, 246
49119, 762
21248, 331
29596, 880
41431, 421
55225, 528
27994, 103
47163, 628
6906, 972
38685, 177
25475, 307
41224, 515
42679, 907
1255, 710
46628, 318
56830, 490
50043, 698
36049, 794
4973, 230
18788, 573
46140, 851
59084, 161
2362, 157
50226, 59
7732, 231
9343, 415
18686, 869
23045, 289
6352, 543
603, 703
51167, 217
5406, 746
32904, 958
7460, 808
27326, 234
4599, 746
20099, 92
58274, 658
1954, 991
55288, 575
49625, 624
41880, 750
22927, 31
31552, 291
15691, 570
10584, 944
25779, 79
25827, 536
4648, 265
31907, 685
29439, 472
42288, 792
13365, 445
23276, 398
343, 974
34803, 999
44042, 990
45172, 111
19761, 502
57193, 441
45845, 237
30811, 169
29914, 33
38971, 772
56573, 207
4632, 525
176, 681
6651, 457
3274, 482
21608, 755
3907, 868
11743, 53
17954, 133
28454, 675
8105, 381
20063, 342
10301, 216
49097, 927
28773, 230
3140, 60
44779, 76
15756, 427
47963, 916
3447, 502
31331, 809
25486, 869
52158, 176
27533, 427
40111, 246
30035, 524
33398, 658
33863, 8
25158, 420
22564, 965
740, 818
3916, 694
58587, 168
42655, 367
28790, 553
26274, 285
4354, 485
58378, 113
14091, 450
4912, 889
22218, 202
38932, 167
50398, 426
56427, 115
59344, 363
29279, 496
40186, 31
56042, 52
58148, 404
44058, 974
48513, 0
14777, 568
1153, 323
34074, 551
12100, 695
32182, 417
37745, 440
5345, 472
17476, 858
19762, 665
6970, 521
57606, 182
42217, 143
12510, 382
10395, 685
22969, 465
23768, 112
41425, 158
18506, 502
16618, 659
53931, 674
40133, 931
26808, 528
32472, 384
12043, 880
27647, 977
53797, 622
12077, 799
28267, 697
20129, 996
43798, 453
1654, 161
3218, 281
31446, 982
24224, 935
41075, 789
45140, 1000
11437, 801
1118, 994
37393, 451
58025, 210
7765, 207
2316, 802
53396, 21
21007, 658
52925, 728
2991, 791
42016, 421
45607, 1000
12656, 396
39981, 290
43873, 891
40808, 486
25964, 786
5175, 206
17858, 954
6674, 775
52515, 216
24555, 901
35781, 86
15300, 716
38066, 662
33133, 563
59538, 93
50458, 956
7362, 124
3742, 152
33707, 238
21652, 248
40865, 225
7483, 206
26912, 693
58239, 471
57014, 355
3817, 820
21077, 520
38786, 166
51887, 382
29944, 191
36171, 309
3812, 178
26869, 973
56181, 109
48785, 150
396, 316
54172, 821
33697, 530
46449, 712
21637, 56
269, 452
8545, 879
28209, 653
59991, 268
29, 110
42108, 536
16053, 79
52859, 809
21890, 296
55439, 50
25894, 660
59864, 407
54973, 569
20287, 571
3196, 166
58986, 241
53862, 481
22489, 168
42879, 290
49866, 280
13515, 283
36418, 255
53872, 145
42215, 518
14791, 251
19808, 316
27048, 86
9335, 606
13503, 218
34314, 194
1224, 699
50582, 516
45914, 283
58745, 590
44091, 429
55353, 339
56505, 157
7508, 368
53955, 106
2778, 269
55590, 192
46726, 735
35046, 385
18667, 129
15275, 260
22243, 777
32851, 515
54874, 240
52605, 85
18108, 267
57125, 519
52580, 298
35620, 391
12252, 78
35108, 682
9862, 741
58529, 724
13454, 33
25019, 717
49318, 749
43816, 389
6013, 353
44943, 695
626, 798
10433, 639
35223, 842
28789, 652
26584, 602
12708, 644
16054, 193
6957, 899
51537, 616
7992, 894
17842, 876
55626, 854
6682, 80
51940, 488
575, 180
30967, 593
11698, 832
13749, 57
26914, 836
29897, 26
12777, 62
7286, 425
26653, 891
23501, 348
1438, 682
14252, 594
28125, 479
44745, 899
52485, 683
18431, 298
52890, 828
45184, 889
21932, 454
50651, 900
7275, 737
17912, 666
10568, 271
29132, 697
39332, 606
51342, 384
19738, 978
40056, 875
40522, 708
13586, 546
30630, 673
13428, 463
58395, 803
14506, 987
17402, 225
52183, 738
25345, 627
23172, 678
53280, 632
23760, 658
34762, 121
40442, 576
42332, 824
23638, 134
50336, 902
45905, 535
57696, 295
54682, 932
342, 371
18483, 3
31123, 93
12080, 305
39126, 473
39319, 386
19757, 515
102, 939
25830, 132
45431, 701
54648, 656
22226, 57
58278, 498
5664, 580
16693, 536
3498, 948
27833, 391
41214, 228
18042, 222
42689, 798
52981, 488
43572, 177
45956, 548
59646, 855
29458, 865
26194, 471
21570, 966
8472, 331
32656, 853
38073, 159
22974, 488
45293, 35
59533, 666
44617, 642
5894, 762
14896, 753
52372, 751
57342, 571
56618, 512
21550, 808
47071, 699
51468, 723
14187, 10
56977, 433
22099, 342
26412, 645
9708, 844
50323, 934
6522, 566
58181, 319
49495, 793
57640, 357
21695, 33
29049, 68
19453, 629
59576, 803
19698, 673
32042, 879
37474, 554
38984, 30
24229, 445
6858, 353
1763, 379
59490, 377
31816, 326
49288, 676
16051, 829
46967, 322
45609, 364
46095, 285
8477, 926
15422, 706
47759, 693
14604, 469
23013, 309
40855, 970
52480, 370
7618, 741
34750, 454
35587, 968
35042, 406
59207, 202
37851, 231
8350, 664
51432, 707
8252, 735
27078, 381
11077, 108
55774, 504
58184, 321
6065, 414
21589, 1000
46968, 354
12898, 65
55459, 631
32693, 749
7726, 634
18362, 917
30077, 775
161, 427
10993, 672
35770, 493
20575, 430
19337, 382
30790, 169
56416, 758
34964, 405
58091, 233
12586, 541
45630, 971
14723, 505
38600, 614
17387, 187
55200, 825
38960, 738
3345, 619
52249, 987
41215, 926
28431, 852
918, 606
59082, 510
16661, 320
7341, 957
25310, 132
23977, 555
23162, 821
18205, 590
59806, 494
24380, 64
12584, 648
19158, 728
55363, 194
53022, 535
2124, 674
4220, 653
55785, 287
18278, 848
37317, 286
16393, 60
52469, 444
45683, 846
22292, 279
22079, 616
14948, 937
2918, 322
19144, 543
34555, 836
27829, 516
41404, 177
55634, 909
48420, 572
28407, 151
4092, 507
41001, 74
54480, 236
2210, 978
34154, 56
59182, 980
43234, 883
54772, 714
9760, 761
46223, 831
31815, 665
38001, 346
52456, 909
50770, 941
1717, 497
6669, 213
44794, 173
58483, 21
37835, 92
54444, 744
58425, 841
12830, 713
3471, 888
18462, 76
45510, 685
3525, 716
10418, 956
7813, 302
15360, 885
21314, 585
4310, 290
59848, 890
21848, 246
46953, 522
715, 157
34811, 2
44874, 697
11732, 216
3203, 617
16279, 740
25201, 326
25416, 692
1262, 677
32047, 55
11591, 46
53496, 981
38357, 351
23761, 658
13047, 465
677, 605
51046, 495
33964, 664
2890, 379
8686, 98
31952, 170
22259, 876
1158, 78
12172, 114
20419, 381
29892, 317
7578, 745
47903, 692
24304, 767
24375, 519
29833, 672
52062, 805
3972, 5
5201, 803
33938, 876
27972, 570
37246, 383
20762, 248
1786, 237
17803, 871
51245, 502
19252, 93
34900, 502
58132, 320
15994, 347
29071, 460
14745, 500
59619, 415
8928, 844
37619, 861
34775, 879
12454, 162
29116, 326
59257, 259
5284, 975
1342, 40
28665, 242
39514, 820
25991, 962
9986, 280
43053, 509
54828, 701
59142, 396
6765, 742
21574, 180
42368, 628
48178, 763
14188, 923
59358, 518
5350, 146
55803, 223
5947, 478
54420, 931
31286, 411
52168, 655
5218, 531
44337, 838
20395, 160
29638, 988
57618, 772
10023, 361
52519, 177
56192, 55
49190, 673
40492, 167
33513, 174
50052, 774
36064, 208
29392, 316
19909, 193
32260, 829
35415, 767
16167, 241
4661, 913
9571, 696
14488, 421
28327, 196
52909, 117
57212, 621
15396, 198
25833, 108
27696, 362
25067, 623
44915, 626
6056, 194
11316, 356
23657, 391
31058, 347
37644, 451
40742, 647
19425, 303
59717, 469
8555, 854
48210, 316
30046, 926
42021, 240
22750, 49
6615, 531
50544, 544
9013, 274
17472, 494
8737, 213
35740, 146
29125, 613
13640, 702
21016, 392
44116, 309
6506, 340
38260, 418
48173, 567
17130, 748
22445, 955
43982, 985
23834, 378
8725, 233
1007, 309
56153, 845
16274, 662
30410, 687
13610, 19
37430, 33
44574, 506
54580, 19
33929, 505
57991, 510
48856, 902
17303, 331
11827, 843
43381, 18
27928, 322
41443, 78
45945, 425
9055, 252
16988, 842
5081, 276
21793, 652
25271, 640
40863, 398
28336, 377
19983, 999
5146, 854
28698, 193
45414, 739
27129, 797
29950, 462
13480, 168
55679, 313
49847, 318
20584, 77
24227, 454
53915, 85
4488, 164
2502, 442
23912, 670
51102, 108
5210, 350
53826, 895
15913, 211
38360, 150
36588, 769
4861, 658
20852, 566
25532, 308
7898, 732
9609, 977
39863, 161
40607, 144
12875, 288
55342, 493
42789, 214
1166, 498
47890, 573
46908, 629
15627, 809
17878, 751
7723, 961
25494, 338
28511, 997
54461, 994
9831, 857
24301, 938
10793, 44
18804, 898
14261, 240
17537, 754
10720, 300
9045, 269
4685, 152
53134, 426
31383, 651
54882, 557
50734, 879
36299, 508
40701, 505
4714, 358
15312, 793
28943, 902
14598, 387
784, 506
50918, 767
49084, 976
52445, 146
30080, 677
20139, 712
7914, 451
55130, 674
21814, 508
52499, 728
10332, 687
27801, 884
30805, 867
15529, 332
25378, 587
30163, 340
29337, 261
17279, 545
29091, 792
57016, 584
41951, 601
36761, 797
17565, 899
37560, 809
43875, 557
59325, 405
37693, 117
18272, 937
30133, 20
41496, 623
42975, 114
8511, 914
9281, 883
4114, 171
39291, 548
22808, 787
12874, 108
6809, 801
15935, 940
40047, 177
7301, 766
54449, 219
37158, 534
56675, 402
41973, 454
44235, 893
24569, 567
20863, 697
43983, 878
22810, 418
19452, 656
42046, 255
43714, 605
50012, 902
32398, 223
43405, 873
50136, 188
10961, 622
48679, 784
5918, 947
31934, 549
42653, 705
53741, 345
23536, 793
44453, 629
26303, 896
7232, 156
6321, 487
41169, 659
16889, 635
57407, 297
5139, 96
56553, 374
56159, 660
8035, 920
38231, 620
18175, 209
15489, 624
34344, 265
19537, 333
17795, 221
13021, 837
2033, 134
37329, 283
4476, 37
27249, 501
29640, 163
29796, 210
59982, 50
54336, 440
47065, 289
36789, 112
9300, 332
3492, 997
44648, 174
47233, 674
45168, 863
37571, 967
38417, 225
16790, 623
52763, 122
39735, 13
25990, 374
40417, 130
49834, 685
33475, 113
20956, 365
33941, 155
26978, 253
25512, 352
28512, 720
29177, 386
54051, 854
8357, 84
29568, 291
7698, 449
16185, 999
44793, 364
24770, 122
16234, 585
45534, 310
38565, 76
23649, 896
48383, 301
405, 220
25526, 659
35159, 297
54756, 655
35687, 800
6579, 456
35593, 194
26911, 857
9467, 490
2451, 678
48144, 602
37308, 103
22370, 147
42963, 955
6913, 669
28504, 122
33128, 901
46237, 312
43586, 815
19220, 120
31263, 375
32615, 549
50206, 941
42127, 294
48852, 576
12743, 468
28484, 358
37674, 413
40669, 165
4002, 326
47683, 141
15790, 667
24355, 996
42206, 63
8230, 52
22012, 959
10033, 952
50343, 541
43918, 985
1936, 343
53578, 420
30711, 838
8307, 324
10540, 494
34629, 239
7696, 924
12647, 52
55123, 185
39811, 869
12915, 8
15936, 284
13166, 719
59713, 683
51542, 195
51863, 110
3407, 119
23580, 260
43604, 994
35519, 239
21129, 236
52808, 644
26103, 350
48529, 255
8031, 856
3220, 104
50449, 50
35576, 366
53336, 464
57599, 865
50587, 970
59658, 999
8667, 792
31765, 500
5457, 914
18008, 940
53278, 702
45169, 6
59531, 809
23006, 808
6578, 239
38433, 600
44736, 620
18371, 774
57357, 21
53256, 500
16951, 825
55356, 844
45647, 777
5179, 3
58530, 597
8227, 252
3445, 783
16035, 806
48052, 355
55489, 271
39305, 804
48708, 926
24286, 402
37478, 544
47767, 443
9948, 915
56827, 597
14080, 653
10926, 933
16073, 249
50279, 529
8857, 285
14842, 989
30657, 791
11191, 31
59422, 653
36161, 260
59697, 410
52514, 798
59023, 513
29564, 729
2880, 588
26187, 78
37548, 400
54675, 611
53379, 893
43594, 138
472, 791
16411, 641
12307, 275
31015, 917
6344, 912
52570, 468
57902, 505
10526, 640
34254, 2
46298, 819
19627, 509
22726, 853
23600, 582
31946, 256
2271, 119
49877, 518
52193, 519
42413, 800
45473, 498
3252, 55
3496, 844
22253, 717
5465, 604
6088, 665
14844, 111
50322, 990
24127, 268
21017, 172
5980, 315
14247, 256
14292, 741
2433, 420
25832, 307
56913, 318
47346, 977
38145, 184
9090, 910
54970, 831
59213, 611
34725, 960
32930, 544
40172, 907
17499, 885
23283, 738
51830, 429
45102, 540
28405, 491
42581, 183
33477, 913
42083, 706
9298, 334
48344, 452
22375, 592
46672, 838
59100, 621
18220, 757
20945, 28
49616, 551
54399, 428
19243, 161
42307, 345
54103, 633
49698, 234
8132, 248
20128, 895
16147, 714
16893, 659
1895, 147
3483, 749
28129, 160
59794, 153
41793, 559
45041, 817
44149, 679
48691, 313
23958, 626
49339, 587
24568, 318
6553, 677
18902, 299
24241, 649
2069, 935
57293, 66
23956, 893
31525, 650
11329, 402
45718, 836
30497, 404
52323, 102
3502, 343
42350, 986
16368, 940
18215, 725
21953, 892
9865, 47
5183, 839
4575, 28
32408, 383
17726, 846
54978, 634
7741, 391
13821, 483
24043, 968
17832, 313
39655, 584
39920, 761
14173, 893
53068, 197
2190, 668
50274, 150
17777, 656
39646, 585
7605, 966
57038, 103
18775, 497
11206, 97
34745, 457
18952, 685
44801, 345
17313, 556
45813, 553
54072, 424
44778, 427
39286, 505
21027, 233
40394, 263
24430, 993
51044, 674
1804, 33
3425, 6
59027, 883
10279, 46
43434, 814
24509, 584
2797, 354
16026, 569
8092, 255
33067, 171
306, 226
48063, 972
23192, 292
45255, 882
37385, 604
297, 699
16890, 539
36382, 749
6230, 257
21253, 416
40429, 997
27767, 776
10028, 855
27608, 957
8094, 449
5567, 770
14639, 797
39047, 165
16044, 337
14081, 474
42571, 342
43127, 648
57557, 614
15690, 713
33511, 419
84, 627
20828, 209
46142, 66
17973, 12
51150, 145
19409, 825
43607, 315
49761, 541
42340, 310
30668, 567
24583, 382
58780, 362
32610, 566
38096, 837
10503, 269
21130, 274
4896, 983
42895, 204
51494, 996
17840, 325
58684, 233
6463, 239
23602, 484
20150, 442
33184, 68
15799, 249
13813, 7
18782, 36
51121, 129
55740, 324
20476, 965
11563, 665
3541, 192
51302, 786
13475, 762
33471, 574
24406, 65
19788, 666
26878, 993
44546, 566
29050, 411
1192, 77
37217, 278
33577, 701
43889, 524
43753, 764
10616, 249
2309, 514
36593, 561
40396, 761
41861, 951
16521, 588
45925, 544
4901, 222
36218, 589
1364, 6
15106, 198
50157, 727
18183, 899
18231, 680
54544, 220
1793, 833
30870, 672
43618, 129
12666, 190
26756, 965
54252, 788
23811, 867
49357, 297
42328, 531
1641, 451
49199, 860
38882, 312
38087, 954
52138, 751
14977, 855
19707, 647
18964, 284
48703, 398
51592, 29
43302, 491
12495, 361
35417, 538
1653, 672
29307, 460
355, 75
52812, 234
6939, 433
11817, 646
42911, 211
16815, 678
50498, 810
39578, 702
35897, 719
43539, 873
48890, 92
21282, 116
13970, 183
51232, 552
16713, 383
35647, 545
52007, 761
217, 269
16858, 279
5386, 361
6086, 482
36611, 207
39976, 928
39303, 951
21, 267
47732, 344
23201, 383
27628, 687
30574, 181
47029, 673
25404, 63
21954, 286
10651, 329
57470, 754
6041, 759
37048, 812
23472, 159
13405, 691
12135, 422
18080, 88
8908, 882
44032, 259
31131, 454
31970, 40
42793, 358
58019, 483
17271, 813
17481, 717
27657, 866
54392, 477
55582, 982
50411, 274
33306, 288
19199, 610
1181, 14
58142, 187
47465, 435
13981, 579
22871, 492
58837, 902
44655, 147
5036, 769
51905, 125
56229, 272
21469, 419
55712, 76
40440, 788
1677, 933
9860, 774
16038, 514
42399, 180
8748, 104
48523, 600
1686, 178
37072, 885
48755, 133
35128, 155
49826, 505
59340, 247
12808, 666
11535, 150
51431, 229
38762, 685
55348, 342
36545, 152
54500, 207
50813, 83
20873, 788
34218, 888
5403, 41
42794, 44
4542, 728
16528, 664
16096, 790
45004, 208
47607, 139
44607, 104
23376, 583
57697, 624
10073, 618
27167, 740
17155, 9
26583, 149
9008, 680
43735, 532
40513, 840
58477, 89
9471, 939
4913, 251
47383, 93
6265, 237
12072, 717
52719, 92
31778, 806
1734, 408
39543, 695
59591, 399
10339, 476
5975, 90
7174, 180
46625, 578
11847, 799
1615, 554
3340, 597
13176, 886
43489, 457
10109, 62
16732, 343
284, 787
25265, 513
44658, 200
1284, 519
21047, 489
27693, 594
58172, 591
28171, 688
30177, 450
433, 165
54267, 600
59609, 777
43901, 278
9206, 481
29185, 0
57422, 664
49299, 283
53962, 937
42155, 467
7998, 36
208, 99
1272, 977
46052, 866
5719, 474
43343, 570
55175, 778
38134, 573
55578, 515
39471, 449
55501, 782
17520, 844
12381, 487
47015, 721
19171, 764
48566, 747
39683, 391
12824, 203
14717, 647
53443, 225
31005, 735
58864, 714
2535, 411
52648, 777
17036, 337
36616, 877
103, 190
32300, 422
17318, 243
3684, 638
19890, 480
6717, 271
30890, 911
13488, 277
6225, 231
31016, 962
33608, 514
7139, 575
1163, 354
19086, 947
47018, 858
8590, 1
8875, 532
479, 431
24824, 708
48869, 537
50926, 151
2150, 793
26445, 567
7261, 808
57224, 629
42753, 911
55936, 903
17491, 856
29733, 280
4189, 486
17975, 622
18133, 172
45982, 765
23197, 581
45300, 931
42162, 241
44136, 415
37987, 735
22873, 701
20734, 968
22694, 317
14264, 336
1629, 820
4322, 889
334, 295
40283, 618
21228, 778
24705, 676
1720, 763
13056, 368
5616, 552
15318, 985
52810, 882
48579, 431
56529, 480
41143, 183
39560, 760
37949, 967
22557, 682
5507, 729
51237, 339
29924, 684
50896, 263
43633, 567
0, 508
44302, 488
11967, 140
35367, 767
30789, 646
59443, 336
29657, 892
22319, 220
59951, 597
58770, 141
58822, 651
20686, 451
21656, 230
3146, 296
4559, 64
38833, 819
28897, 288
45477, 869
33478, 38
1498, 188
16873, 22
17800, 790
4416, 404
27754, 752
1517, 489
33517, 112
52665, 833
49997, 566
17183, 72
38259, 365
51485, 940
35462, 150
16173, 745
7510, 822
25437, 495
25847, 266
58087, 730
18734, 645
21339, 15
56240, 34
53116, 193
17711, 929
10538, 735
44668, 52
48433, 237
26800, 255
864, 81
56078, 586
6990, 211
34330, 339
28382, 922
3782, 596
5402, 357
14995, 87
45580, 923
4311, 151
40575, 347
38546, 264
33531, 789
52468, 979
20260, 357
22194, 82
23273, 168
57820, 553
16188, 89
46722, 454
35514, 88
24729, 642
46375, 350
17549, 0
47911, 238
50525, 689
7598, 722
2582, 979
32859, 745
52027, 597
56944, 254
19862, 333
30590, 499
12728, 291
56302, 657
17935, 855
23807, 636
25997, 831
57100, 264
34712, 49
32832, 723
43799, 771
10987, 622
49846, 270
42881, 459
23383, 431
29935, 460
33043, 692
44884, 306
6441, 626
38522, 177
47155, 189
15883, 486
22368, 439
41874, 374
673, 42
9890, 768
12130, 944
12110, 143
29227, 971
12440, 558
43613, 370
51229, 141
10108, 665
40631, 625
7509, 54
43407, 507
48283, 684
9380, 84
53993, 362
42852, 777
39692, 492
54441, 331
25544, 742
59942, 361
36695, 907
48866, 957
52109, 28
55726, 832
34926, 875
17479, 78
35321, 699
8909, 404
52735, 233
39645, 931
27719, 792
40096, 266
26955, 501
50642, 920
20933, 40
9230, 856
46019, 252
43010, 789
45928, 772
1964, 148
21552, 685
40936, 809
26252, 478
8572, 669
26153, 498
32843, 909
1771, 249
34682, 114
10464, 531
57534, 584
22852, 417
37625, 635
8290, 621
1533, 867
32494, 199
16255, 521
47864, 819
31534, 991
44147, 116
40927, 452
5818, 253
5508, 401
9568, 209
49024, 942
56974, 612
12932, 846
49844, 972
8113, 601
12489, 895
59741, 464
32063, 316
37815, 915
34979, 657
25368, 504
42808, 116
31281, 865
19710, 429
21451, 159
21940, 456
30724, 91
54146, 581
13535, 951
1341, 425
28298, 800
9276, 50
37222, 717
29270, 279
3630, 760
13489, 66
18058, 182
20876, 705
36620, 25
38612, 316
1326, 83
58222, 849
41560, 175
39230, 234
23552, 538
51782, 207
34596, 352
12359, 842
5843, 877
31515, 368
7951, 736
9069, 347
27718, 6
32747, 67
52731, 518
9688, 541
49683, 892
38307, 534
7132, 709
27370, 356
59574, 682
43724, 611
7803, 972
4350, 504
28112, 506
2802, 192
41901, 172
19050, 198
19353, 100
33980, 36
24344, 589
50706, 216
10091, 635
18947, 451
18530, 927
26647, 200
33051, 562
6863, 498
8901, 633
26853, 498
30946, 997
59779, 200
28396, 299
3461, 145
17543, 183
29376, 381
15905, 133
38071, 32
20714, 366
34759, 681
55724, 357
42976, 397
48820, 659
56342, 570
43305, 820
16773, 483
26387, 970
35135, 768
16285, 507
50614, 91
37459, 33
25256, 434
29435, 157
981, 617
25429, 391
35545, 872
32515, 753
39510, 701
56389, 60
50407, 546
34296, 727
26173, 465
37986, 530
40523, 144
11130, 476
16025, 946
8429, 477
10921, 384
19266, 973
40775, 829
29779, 522
6899, 206
39850, 552
25968, 750
50108, 340
37527, 641
48908, 506
30205, 893
7133, 991
40963, 424
32444, 699
49070, 920
1700, 109
17064, 434
40064, 241
8211, 911
19524, 951
42606, 348
15534, 394
31959, 961
37201, 807
9653, 65
25641, 939
58875, 744
36296, 861
658, 967
30433, 733
29066, 206
49908, 964
21781, 356
27775, 321
24407, 522
25722, 296
19961, 5
41264, 259
30653, 83
34249, 229
50105, 913
11248, 214
10184, 95
57529, 983
25301, 956
36269, 71
4955, 954
3638, 292
19519, 853
6164, 372
55914, 890
24740, 62
31432, 494
39518, 513
37590, 33
49262, 90
12888, 252
41271, 598
19848, 268
21854, 844
59248, 492
33549, 458
19994, 948
52149, 499
55762, 117
40881, 224
53310, 369
56272, 571
31767, 620
28844, 307
25497, 570
16246, 725
14857, 956
20870, 683
4466, 125
33376, 772
22362, 744
1925, 812
9110, 702
33198, 389
43545, 723
48634, 901
9083, 540
47563, 477
25218, 511
31020, 102
34469, 5
29198, 364
57641, 52
38729, 321
4148, 431
58014, 335
55485, 453
26752, 694
1267, 755
35858, 573
40655, 178
45096, 278
27331, 824
51066, 700
47047, 705
28440, 649
23819, 946
42222, 539
57295, 87
1249, 141
11464, 942
26936, 921
46373, 346
16747, 555
45453, 293
55185, 778
49957, 559
46327, 140
4443, 783
19017, 148
25590, 509
6093, 133
47621, 263
29857, 596
6637, 155
51601, 482
44154, 763
58369, 605
15119, 170
42656, 139
37272, 245
53200, 720
52212, 326
5308, 572
5375, 6
12762, 977
32510, 295
18763, 686
29662, 511
11780, 691
2236, 107
29667, 109
48215, 439
27383, 935
22966, 372
31100, 797
8693, 630
40159, 679
54733, 420
1182, 221
30146, 203
47186, 241
43534, 653
58199, 645
36704, 754
41879, 653
19340, 0
30852, 214
17319, 254
45860, 126
7546, 605
58102, 619
21052, 866
22159, 843
21323, 91
19547, 484
52945, 232
12188, 166
8911, 746
54517, 948
48611, 393
33992, 568
54679, 565
4914, 128
54356, 912
39529, 52
3828, 609
6472, 955
49109, 911
22612, 149
2449, 49
31678, 768
29194, 316
53407, 124
51794, 549
24689, 391
54190, 257
8635, 179
21250, 979
34858, 732
23023, 564
23099, 642
3574, 571
4670, 611
39079, 832
24424, 154
897, 228
346, 415
35931, 748
58741, 774
33655, 323
43264, 353
52545, 224
25288, 135
26811, 753
39764, 497
52602, 644
1504, 194
30688, 425
42382, 835
58434, 896
58537, 85
52626, 205
48495, 958
39093, 571
22973, 374
3283, 120
10735, 251
21409, 52
16299, 191
18676, 24
25128, 950
5127, 279
53191, 41
24588, 261
12365, 515
57391, 453
23154, 973
59729, 234
20572, 52
28968, 938
58109, 448
45776, 405
35220, 741
21462, 466
8622, 459
35302, 714
5833, 68
17459, 58
57562, 277
5933, 572
8138, 901
40534, 177
57691, 961
21460, 392
59369, 726
36190, 610
36249, 37
43105, 673
21477, 229
52025, 516
34918, 809
35590, 287
40188, 598
36039, 920
43740, 214
19508, 454
51373, 593
8120, 807
15720, 186
33661, 619
7221, 578
58716, 174
12302, 369
46853, 222
46730, 811
49947, 406
56374, 651
49286, 707
57405, 187
34276, 507
34835, 900
57447, 649
42694, 741
32425, 114
16463, 349
757, 862
56180, 766
16439, 744
10608, 371
14096, 361
19670, 251
1029, 585
49242, 664
42210, 931
22605, 432
18884, 937
29973, 256
37475, 101
39639, 25
21751, 63
46770, 793
41052, 111
32079, 462
52737, 969
54755, 132
11033, 384
39415, 449
55975, 102
52048, 456
11787, 270
27186, 752
52534, 273
27401, 127
10645, 373
29044, 863
49317, 896
5586, 136
10882, 82
32900, 321
17097, 212
31381, 836
14229, 249
45993, 897
16688, 702
35934, 820
29776, 806
25154, 965
24135, 711
5240, 208
46921, 210
35267, 648
44928, 429
44395, 359
34429, 452
27426, 462
52102, 26
14179, 802
34446, 614
47063, 932
573, 912
51338, 930
18232, 156
5491, 155
10787, 573
9539, 502
4927, 367
52146, 430
36808, 742
650, 576
25690, 538
18535, 399
11209, 187
15327, 629
17828, 986
9886, 137
26985, 403
12216, 855
21624, 835
31961, 995
32811, 555
36408, 580
13316, 964
32463, 423
4300, 671
22444, 31
39750, 864
3586, 828
8965, 251
41406, 443
53187, 753
56129, 659
4295, 549
31421, 966
10283, 869
3398, 340
55670, 79
7926, 504
44749, 577
47764, 734
2405, 703
9210, 231
20058, 455
20593, 24
50018, 507
7401, 626
20393, 335
17677, 335
46686, 51
58049, 449
50133, 363
54086, 80
31920, 448
45243, 352
51358, 599
29849, 498
37335, 326
52303, 791
36834, 50
13341, 363
50639, 946
38005, 270
40116, 753
40330, 218
28139, 232
27865, 32
40733, 389
47618, 744
30050, 608
19060, 351
43429, 592
55241, 454
7859, 863
7557, 771
53856, 546
35969, 247
8073, 206
47597, 173
52328, 708
6527, 771
50162, 250
16711, 387
26217, 277
19186, 806
23449, 566
59070, 451
28024, 793
19550, 615
48883, 291
36250, 991
2964, 467
28842, 629
18213, 345
36479, 499
18254, 684
38101, 321
18854, 9
56558, 703
20443, 715
39515, 357
6207, 163
32201, 203
30036, 587
52404, 720
58252, 870
59841, 434
41148, 4
41671, 407
19847, 985
57927, 825
7064, 831
23950, 588
52654, 696
24702, 295
25386, 419
24863, 566
12276, 749
48014, 271
57353, 277
33273, 231
7147, 229
47204, 762
34729, 841
7720, 210
12035, 880
43423, 549
58225, 995
22503, 71
33047, 224
4631, 389
15507, 588
2168, 664
53294, 687
57768, 162
10640, 911
142, 258
40739, 934
25266, 38
15062, 771
51755, 332
41209, 3
10041, 871
28374, 607
1392, 849
20661, 649
55510, 842
47307, 639
38180, 462
45375, 770
58972, 415
59165, 163
26213, 873
51055, 368
53878, 134
28879, 590
8557, 980
20527, 911
50200, 520
35476, 983
22697, 492
48185, 258
12484, 75
52833, 707
45452, 964
9981, 783
18026, 331
54203, 967
42625, 980
2221, 299
18015, 769
3349, 64
51991, 673
48403, 824
13431, 11
19843, 998
10126, 537
3600, 403
27626, 64
51885, 536
813, 672
57359, 861
4961, 957
39874, 474
30078, 42
56607, 499
3897, 183
21351, 144
5203, 301
57002, 466
36912, 41
33268, 593
30190, 996
56608, 849
19105, 323
49437, 307
26394, 521
42137, 518
21911, 19
7431, 805
15482, 392
11824, 40
10344, 120
33651, 525
4382, 41
19013, 677
49164, 481
1002, 398
38041, 761
26639, 78
26757, 105
12325, 459
34440, 869
34132, 126
12366, 912
16641, 549
27690, 104
34727, 448
49759, 558
57013, 945
50328, 93
52607, 506
2258, 627
29895, 352
2680, 122
39298, 971
30074, 327
24921, 581
9103, 420
34656, 358
49404, 214
28071, 854
4035, 718
56086, 263
42584, 425
54299, 601
59831, 132
27328, 514
37427, 396
18143, 264
26418, 756
34623, 568
11685, 622
9118, 707
16792, 14
49917, 662
54711, 33
28401, 110
30572, 550
50122, 132
14117, 541
31410, 917
24037, 298
55942, 184
30855, 52
24379, 169
10520, 861
59136, 961
24725, 795
12235, 466
54794, 763
38446, 969
34944, 639
45190, 657
16291, 38
34640, 903
34556, 858
48412, 693
27808, 397
24540, 428
12263, 401
12283, 692
38314, 941
39500, 855
49305, 699
20672, 119
5559, 93
46058, 435
56614, 14
59641, 994
30923, 53
22448, 240
7124, 460
28305, 200
44090, 615
22358, 57
34834, 40
2536, 332
50783, 531
31337, 923
31391, 70
4848, 177
44528, 415
43961, 679
20569, 224
59346, 78
28251, 829
51231, 929
17551, 694
40761, 478
51224, 517
39768, 970
1819, 557
16385, 894
15774, 126
5424, 693
7960, 937
2135, 492
46300, 111
6855, 402
41027, 757
37612, 416
12598, 682
38937, 21
1580, 747
22357, 215
26062, 765
49366, 879
53494, 251
34052, 979
49068, 170
47961, 51
43240, 335
39698, 882
41776, 261
43705, 749
43959, 105
35530, 420
14383, 481
47255, 873
13035, 519
42488, 586
57546, 521
41182, 91
40983, 392
16115, 935
46395, 779
34184, 662
9233, 304
13152, 896
9687, 835
54759, 392
42106, 634
18203, 707
35440, 627
37631, 25
51271, 672
13832, 598
17639, 494
55045, 595
35323, 615
33465, 626
23868, 673
32646, 786
30889, 344
31615, 495
24734, 210
18969, 635
22786, 892
28684, 41
32907, 780
17336, 301
1453, 761
41023, 660
55431, 401
54694, 943
59627, 175
32093, 785
45104, 223
19110, 644
55006, 345
48261, 354
6019, 580
33700, 961
34217, 488
30174, 312
15817, 529
27182, 630
29316, 816
14805, 732
31554, 100
17452, 556
8315, 942
36230, 641
30286, 325
4371, 449
23426, 165
30646, 210
27014, 460
49661, 460
53033, 134
38636, 210
18602, 166
16027, 875
29007, 948
37170, 354
1649, 436
19901, 604
57449, 585
35814, 739
35879, 973
44742, 82
54888, 708
649, 432
1821, 159
24388, 327
2103, 843
57513, 528
25217, 626
49132, 247
10122, 393
9932, 11
5419, 374
22020, 308
35520, 573
23686, 772
50339, 600
38453, 868
37485, 497
31973, 170
35183, 966
5739, 14
11752, 118
59470, 44
28286, 204
45528, 285
21511, 183
36797, 11
51981, 459
31461, 822
23143, 566
31626, 732
8568, 928
14683, 453
21275, 82
40039, 385
57436, 406
31797, 850
57476, 954
43357, 294
51451, 812
6940, 587
17423, 396
15325, 788
47322, 865
11460, 61
32092, 262
51024, 145
26056, 830
4510, 170
22090, 83
46085, 267
25273, 704
35755, 812
58149, 74
31591, 512
24816, 644
50763, 790
15702, 146
23586, 516
9940, 795
54162, 801
45655, 5
41549, 552
31241, 382
9454, 63
57565, 796
14104, 6
54175, 973
4404, 141
24472, 817
33197, 401
48626, 164
40436, 452
31342, 453
18648, 949
28579, 204
49855, 491
5013, 767
14315, 739
4130, 266
37931, 46
51606, 37
20219, 407
22393, 206
43560, 238
37049, 437
54981, 489
6657, 97
45088, 414
16958, 619
2914, 499
58375, 793
13912, 887
16535, 468
20542, 365
6085, 283
6162, 253
56230, 484
3021, 45
57319, 739
16500, 686
25793, 308
13802, 753
34471, 622
24755, 151
29528, 767
18663, 338
59260, 989
41055, 403
35648, 783
8604, 378
25618, 553
30122, 280
21910, 782
25685, 239
54697, 231
42450, 406
18140, 377
7791, 440
55304, 96
24810, 543
56856, 958
5063, 14
15223, 353
18821, 147
7150, 519
35127, 720
5632, 235
28890, 924
42671, 886
43395, 998
31782, 872
49300, 428
8753, 99
21926, 900
20061, 780
57371, 820
3749, 582
56732, 546
1356, 364
46896, 69
45418, 950
20043, 802
44103, 991
28163, 157
5629, 843
16067, 105
25749, 91
47750, 565
53855, 746
57350, 941
12354, 562
41345, 328
43392, 623
8371, 454
33921, 607
40441, 790
45785, 666
20071, 746
10647, 968
27679, 278
49553, 784
8768, 899
51194, 562
29673, 716
51880, 542
48955, 712
39762, 152
22104, 156
47566, 45
45365, 176
18826, 238
43997, 425
50879, 908
21706, 329
16729, 265
43056, 532
4280, 586
18968, 149
18370, 120
29838, 954
3526, 392
40665, 213
20351, 71
45557, 487
34666, 385
14835, 632
58663, 236
50059, 213
51734, 888
12199, 220
54757, 393
49859, 347
29241, 863
19998, 947
1074, 24
49028, 620
30498, 662
53251, 969
22757, 379
20127, 425
44670, 346
57519, 312
15829, 68
50842, 338
13045, 711
38302, 398
43134, 725
38799, 80
37167, 687
25247, 735
36767, 412
38525, 681
11526, 579
41061, 64
52405, 595
29828, 562
41772, 118
51196, 374
50083, 210
23777, 18
19081, 370
33078, 505
43133, 22
51952, 192
38119, 319
13347, 406
28995, 496
12442, 84
51172, 752
54296, 34
37768, 491
14165, 392
2041, 778
55849, 258
1089, 72
59953, 605
15362, 676
42363, 354
24151, 838
8455, 518
300, 926
36882, 710
38707, 82
39660, 320
21134, 570
34708, 683
28113, 754
20767, 604
31143, 271
22476, 253
10856, 994
9570, 201
47680, 771
28740, 871
30147, 553
17508, 443
45729, 513
59557, 498
25344, 501
56237, 514
34967, 782
13134, 182
40565, 970
55012, 918
36683, 943
19098, 857
21738, 961
29983, 221
15079, 535
7719, 864
8582, 524
46565, 120
25648, 919
21405, 667
9174, 799
31484, 844
20041, 836
52237, 898
23433, 827
56951, 755
38993, 662
47048, 592
47962, 71
43930, 223
50796, 159
20134, 173
1461, 332
52992, 495
44243, 322
32568, 925
2889, 55
1507, 510
1481, 193
52551, 8
2774, 362
20111, 690
52852, 79
42076, 905
28979, 259
18764, 318
888, 20
28196, 236
20705, 36
50558, 463
23613, 124
48535, 946
46547, 724
46795, 951
27570, 524
45820, 863
46505, 955
12351, 189
36315, 886
48919, 191
8989, 484
46040, 945
17330, 402
29249, 913
43258, 840
42527, 368
16991, 255
46134, 664
18712, 468
58579, 338
6947, 900
48588, 750
59094, 194
14818, 638
55503, 469
35579, 213
43342, 990
32513, 14
41647, 278
43227, 369
56757, 341
38798, 686
8468, 311
3746, 635
30473, 306
17337, 474
36027, 784
4897, 107
50592, 461
19299, 176
27163, 175
50952, 603
59932, 763
39824, 687
17916, 245
58655, 175
11644, 470
50633, 320
14631, 131
22502, 650
49035, 595
27034, 403
49543, 756
16186, 761
29001, 590
35316, 311
4543, 497
6402, 808
37964, 727
6144, 305
32772, 717
12674, 68
37316, 1000
46903, 225
30551, 613
40542, 40
20195, 19
50961, 712
37832, 706
50397, 72
57169, 327
47177, 489
20812, 69
18600, 860
50057, 729
24984, 910
31796, 175
55733, 427
53964, 481
52178, 968
46697, 609
40622, 89
52251, 524
23810, 361
52443, 825
8433, 509
28909, 591
14869, 501
18870, 123
14178, 994
33722, 535
54046, 644
39826, 161
368, 722
19407, 495
32575, 818
36065, 742
23720, 8
43679, 829
37865, 361
53881, 589
6102, 256
22575, 659
8015, 995
10800, 214
37337, 742
43376, 490
17659, 531
40358, 676
30007, 248
3751, 581
48738, 431
13028, 715
42200, 410
30060, 629
25652, 746
15933, 903
23986, 315
24584, 897
10411, 354
56464, 413
55500, 25
19979, 772
15386, 413
45586, 434
9517, 367
9499, 965
28161, 28
14034, 982
42558, 812
43063, 783
55205, 314
43506, 936
2014, 62
23066, 216
3975, 326
54650, 828
14914, 776
19390, 382
29052, 666
38115, 117
48394, 128
54873, 73
8623, 926
44375, 257
56070, 786
27212, 572
46841, 545
44689, 996
4027, 140
47351, 66
40258, 317
7135, 2
20695, 703
11061, 812
37455, 401
11163, 303
40813, 624
9058, 938
15751, 455
57580, 455
14137, 525
8214, 158
54737, 130
22353, 253
51091, 749
54603, 888
48356, 480
21441, 702
49130, 973
20318, 824
43691, 302
43030, 398
40639, 347
20177, 446
53590, 698
45691, 675
53609, 667
6325, 40
52271, 683
26391, 787
34316, 799
43562, 844
23519, 341
54381, 105
7369, 511
43838, 323
25926, 119
14246, 476
37130, 491
32788, 332
26735, 995
9010, 392
21986, 180
125, 519
59330, 94
45067, 458
56932, 684
51708, 8
12258, 421
51518, 0
54513, 355
24579, 199
20094, 151
33374, 358
41433, 95
21568, 578
17716, 560
20324, 719
52915, 928
5076, 946
34731, 217
23730, 958
14934, 218
57939, 363
23005, 0
6096, 38
25074, 480
12546, 463
27659, 479
50250, 661
48143, 349
49797, 724
25953, 107
2213, 594
22761, 552
41986, 187
42927, 364
483, 206
5714, 884
4304, 778
1078, 271
39241, 930
34983, 160
54739, 971
41530, 857
26599, 518
31290, 208
7721, 5
190, 885
59969, 244
27462, 247
53728, 551
15123, 933
44938, 135
23084, 972
51174, 416
7045, 637
48843, 694
50697, 589
18751, 678
7102, 61
26065, 511
30524, 693
51778, 342
1428, 819
42684, 172
50711, 432
35049, 39
45379, 291
36526, 357
36151, 683
40217, 784
39741, 860
56580, 329
3889, 643
16472, 569
59203, 728
56662, 396
24487, 573
9422, 121
44683, 82
31029, 413
6684, 525
22449, 79
25640, 545
53627, 150
20766, 952
8516, 654
32969, 627
43055, 64
41588, 567
2159, 438
22414, 906
28588, 619
58981, 867
30796, 807
32910, 450
47793, 137
28829, 827
36198, 709
28492, 424
43627, 716
53982, 328
58076, 799
34212, 640
40247, 84
51292, 536
29088, 503
47384, 742
32997, 454
3759, 256
6037, 774
47251, 390
8983, 495
9253, 877
32319, 308
37667, 905
59621, 573
47753, 224
29617, 441
49722, 706
53523, 722
39418, 684
16577, 236
49336, 719
56537, 314
38678, 860
59209, 394
34933, 889
42647, 279
43906, 754
50351, 586
58221, 242
23352, 821
54137, 648
18424, 722
42110, 97
10868, 184
51464, 55
1676, 512
16340, 69
56343, 625
15348, 642
43981, 402
30120, 76
47019, 860
22188, 960
28311, 774
21683, 592
35257, 383
11024, 178
42930, 211
51767, 376
5271, 808
20126, 368
22607, 852
26279, 873
57055, 133
22728, 981
34051, 770
25430, 789
41071, 492
25630, 716
12419, 616
41444, 363
1233, 682
24764, 117
6123, 844
33955, 17
12136, 457
57811, 166
31012, 889
23252, 79
34010, 48
41095, 758
35329, 162
22779, 713
28970, 926
37035, 119
41561, 299
56350, 583
42111, 92
24986, 581
36843, 111
12880, 705
38256, 572
23000, 119
21562, 824
20485, 936
30619, 555
2464, 714
31442, 992
10989, 899
58144, 244
37002, 962
26915, 236
14493, 658
26976, 725
4981, 61
31813, 109
5558, 484
25286, 305
31531, 109
27121, 418
17969, 275
9963, 807
23265, 749
10428, 543
34675, 697
27423, 476
54206, 507
33, 730
6403, 54
51721, 95
23455, 579
44998, 678
1611, 794
5657, 836
19929, 124
24761, 448
3440, 407
45872, 58
36071, 864
6165, 35
47692, 265
14207, 638
15697, 958
58409, 701
28772, 603
5409, 373
3971, 184
38694, 383
5351, 145
11305, 235
57582, 814
29588, 437
48489, 887
36928, 983
59410, 874
37838, 481
9232, 988
3530, 873
18486, 964
14871, 671
47507, 847
16569, 317
21230, 169
50767, 44
4408, 100
27045, 259
30436, 584
4770, 840
17022, 454
39414, 802
39554, 879
59659, 5
46826, 235
3855, 291
46767, 712
17170, 228
7439, 139
9987, 258
4103, 305
2932, 392
18650, 211
31096, 64
8802, 485
49563, 41
7099, 545
49568, 337
39565, 771
25504, 774
46635, 52
38681, 313
13390, 76
17805, 749
17257, 998
9747, 95
43964, 728
18824, 60
21385, 323
45438, 610
23217, 710
58081, 341
13259, 437
36624, 146
36661, 587
13860, 924
37691, 187
26001, 453
15195, 920
48013, 856
22867, 401
58568, 954
52430, 828
29642, 46
28413, 191
8722, 711
15519, 546
2063, 617
37103, 78
34935, 100
12152, 398
36194, 876
41024, 714
48797, 306
10579, 445
11702, 880
14437, 209
5736, 239
25780, 12
41379, 435
26222, 518
17646, 697
45696, 667
28984, 847
33912, 649
37887, 193
51742, 872
40973, 204
46283, 594
56372, 214
14028, 556
15594, 377
29150, 926
23901, 769
18950, 331
51197, 119
16523, 630
7708, 670
15921, 698
30898, 38
27755, 715
19759, 712
59222, 891
19386, 424
4755, 830
56208, 258
40976, 681
40644, 266
53118, 852
51733, 294
31633, 98
1343, 532
9919, 511
24144, 964
15740, 632
22252, 746
14749, 785
1724, 250
48187, 322
7469, 652
26562, 963
27548, 976
2171, 339
2478, 874
19980, 178
47062, 956
9345, 715
11292, 568
25453, 162
6835, 806
51599, 859
42528, 0
2659, 143
51766, 82
11253, 965
25349, 655
18553, 290
23409, 91
15451, 818
36062, 604
5668, 19
21687, 483
35600, 237
39779, 107
26116, 956
37248, 634
49361, 793
40008, 243
35512, 734
25179, 299
44069, 315
9648, 725
52449, 362
42857, 709
33705, 944
16478, 922
54066, 825
28581, 974
46585, 257
14662, 474
57955, 459
34850, 25
31610, 694
48885, 162
44798, 721
38979, 62
36172, 454
6031, 723
13302, 344
54740, 96
37696, 964
37778, 347
37301, 946
39218, 765
23999, 1000
32100, 100
12916, 802
32183, 94
6924, 292
22706, 38
36946, 848
20151, 327
8918, 139
53268, 274
4378, 632
59170, 288
19456, 583
23805, 649
39953, 459
47305, 15
12001, 617
54167, 312
20579, 490
46694, 75
54994, 351
55601, 528
30863, 998
54836, 507
45070, 101
26531, 702
46949, 480
39101, 668
40257, 646
29258, 299
7331, 56
25248, 306
26151, 603
27514, 48
35444, 37
27597, 983
2055, 284
46966, 856
15199, 347
56217, 259
21120, 196
16481, 805
22711, 234
52655, 365
36961, 162
11601, 204
39109, 341
37465, 955
35659, 566
14853, 740
14334, 522
37473, 73
42685, 725
21119, 67
17905, 662
6089, 680
28481, 705
8758, 793
33616, 545
49371, 245
36752, 937
35345, 693
29507, 711
42175, 949
46880, 376
15839, 408
56091, 476
57961, 835
16592, 670
18555, 438
28404, 918
24181, 496
33573, 476
58611, 478
35452, 870
34736, 430
48451, 389
43515, 971
37587, 663
12468, 665
14695, 729
15130, 541
25794, 916
207, 444
58381, 724
46289, 37
15225, 393
6832, 320
4918, 971
30381, 588
58032, 153
52508, 902
5666, 388
11016, 849
10744, 935
54583, 802
55689, 766
11057, 820
16534, 230
21397, 494
47837, 833
11690, 83
35851, 702
37968, 377
40645, 874
4909, 845
5943, 332
30822, 80
35420, 397
24054, 672
47407, 812
44875, 430
909, 373
6500, 628
9675, 537
28270, 451
14974, 471
43821, 246
43973, 741
1800, 165
25929, 457
55739, 334
27802, 749
42607, 491
45964, 774
56593, 840
46339, 212
18643, 653
4710, 67
32701, 256
15371, 978
52239, 646
1308, 904
48066, 319
41048, 452
26439, 979
24004, 138
46638, 112
10739, 451
29285, 750
431, 861
35884, 1000
486, 578
53089, 804
59228, 352
23107, 93
51748, 608
24381, 465
462, 104
56575, 733
41934, 716
56921, 366
15476, 101
24978, 197
18771, 74
26051, 763
11125, 875
15429, 768
56578, 166
16465, 229
56069, 221
47187, 877
35751, 692
3301, 815
44787, 495
28099, 488
17272, 909
54734, 321
11088, 130
44315, 349
54561, 882
56986, 447
559, 937
46818, 195
42791, 945
44449, 748
6452, 899
52072, 423
48670, 856
47808, 899
43200, 978
18174, 351
19927, 261
22429, 544
52884, 691
24763, 471
33431, 170
7421, 250
11470, 223
9839, 753
46915, 881
15631, 789
25797, 17
27884, 759
30714, 382
20896, 361
58933, 498
28537, 164
2800, 214
21221, 895
39048, 562
30955, 336
37591, 314
34994, 20
24698, 264
27236, 261
43371, 831
32509, 965
23914, 624
53656, 229
59168, 836
53522, 799
46380, 194
47207, 451
10712, 248
24002, 324
3556, 392
23906, 839
18161, 376
13010, 852
24592, 831
12950, 675
26847, 103
53574, 475
13746, 625
21628, 841
43420, 887
28942, 223
18281, 491
14017, 470
45054, 974
33550, 131
47517, 56
23650, 453
55959, 738
13325, 157
17159, 229
42500, 485
26469, 80
36088, 360
28830, 993
32430, 43
26772, 668
15460, 787
45191, 131
34575, 404
9508, 219
58048, 212
47417, 486
21680, 903
26046, 861
52200, 43
51628, 192
34470, 968
32953, 44
50066, 430
15696, 64
27148, 718
36411, 340
35226, 443
29716, 329
53950, 555
18422, 660
2203, 465
53045, 554
21794, 733
58241, 971
20093, 119
8580, 702
31231, 915
43570, 739
42649, 48
48335, 109
56201, 51
2056, 504
40869, 529
27359, 857
48569, 869
29367, 377
34414, 510
29631, 371
51278, 922
21064, 825
46660, 137
3837, 818
11231, 822
11368, 522
28423, 267
28516, 471
51337, 640
25082, 442
30028, 370
3002, 614
29688, 590
48119, 476
553, 742
32628, 908
24971, 395
8662, 863
57366, 272
42609, 298
41735, 619
47638, 720
9562, 349
12727, 403
34135, 831
48700, 61
46807, 325
44422, 979
32298, 527
23149, 655
20590, 933
4695, 822
14299, 16
37269, 33
29297, 23
30529, 695
46063, 185
1133, 872
32665, 15
2226, 889
11667, 510
23679, 927
43050, 458
58514, 167
44134, 769
38201, 554
31054, 544
4884, 552
26448, 254
4644, 359
16502, 556
59703, 647
54965, 221
43408, 930
22889, 321
58192, 475
3474, 822
12181, 884
28937, 786
18489, 323
20369, 85
58997, 119
51619, 399
391, 200
48466, 227
20386, 552
24079, 958
31766, 298
12223, 561
57254, 302
26891, 967
20491, 417
35045, 627
2479, 354
21138, 2
34427, 820
58876, 777
30734, 691
4835, 662
51974, 569
48391, 576
34141, 642
15321, 486
37364, 594
50129, 838
32448, 674
53413, 698
12592, 246
51388, 175
31298, 19
59312, 887
13154, 935
1222, 7
44035, 299
55216, 568
12476, 778
14108, 248
50732, 6
6298, 241
51717, 375
5990, 472
36668, 954
4634, 90
18753, 329
55778, 410
50847, 320
40586, 871
42252, 887
32375, 121
50517, 351
44656, 619
18406, 624
11993, 221
50690, 254
3581, 944
1722, 732
50166, 871
12630, 455
53825, 950
7834, 19
387, 641
1196, 611
31105, 917
13804, 662
43561, 308
54159, 125
35283, 303
45357, 409
19696, 431
5038, 58
473, 544
44785, 364
51446, 673
2413, 162
44044, 93
52673, 221
36485, 997
59215, 985
56761, 770
45527, 430
47734, 63
29584, 195
4419, 89
4654, 29
50670, 500
51502, 772
50882, 858
21034, 403
30407, 217
32452, 442
3876, 754
28408, 477
27703, 153
10668, 364
33906, 474
27011, 44
33140, 233
9737, 723
45413, 147
45920, 332
14307, 722
17920, 463
47778, 112
5268, 508
11684, 999
17498, 459
18653, 359
31474, 330
20486, 588
12733, 67
41603, 511
7410, 729
38031, 625
57692, 816
37939, 278
6652, 945
19579, 319
17661, 331
5447, 526
43011, 694
40834, 859
29352, 471
8842, 466
19347, 148
12011, 507
46971, 488
22840, 52
43433, 633
55456, 579
33819, 148
37232, 906
11957, 631
14038, 47
41877, 742
14256, 765
51476, 476
23452, 512
40532, 513
22446, 744
25009, 746
54378, 838
24459, 593
41723, 215
45637, 871
54532, 378
55659, 999
38055, 800
50189, 911
15144, 36
29660, 107
55406, 82
7377, 175
2696, 735
57968, 101
31913, 440
41621, 209
9065, 683
44630, 550
27218, 194
33095, 460
33486, 696
33104, 126
15220, 800
736, 301
46421, 665
20341, 985
31636, 159
31923, 740
26925, 94
39001, 451
42052, 101
17153, 465
7809, 788
56785, 613
25745, 843
54813, 98
38963, 390
57380, 403
20663, 273
19552, 318
48212, 870
19857, 366
39924, 710
43207, 900
25300, 609
8053, 767
28064, 504
40232, 423
53117, 787
2670, 152
19555, 277
4759, 306
33013, 898
43947, 840
58314, 48
450, 924
46318, 17
26786, 103
16663, 795
7162, 462
13552, 592
40378, 335
5946, 437
40929, 544
37915, 873
35517, 277
22594, 192
44512, 464
53808, 753
53751, 945
2539, 727
53854, 202
51049, 956
19758, 405
56964, 221
7363, 934
20241, 733
12865, 623
38021, 633
4902, 930
12905, 579
2830, 194
11809, 522
30092, 698
51873, 49
55787, 609
23632, 552
48956, 192
47901, 674
48346, 520
38564, 535
37395, 346
24831, 932
43210, 627
44869, 757
7778, 944
27154, 180
40790, 502
50575, 432
39829, 236
14326, 371
15398, 143
6665, 193
39966, 447
50361, 824
42964, 295
12376, 740
12849, 87
41916, 913
27557, 231
16198, 598
26813, 248
14670, 212
56992, 875
59360, 250
34951, 176
43784, 306
42353, 952
38880, 678
8677, 920
12517, 121
42429, 275
31915, 27
43877, 784
15484, 268
23818, 511
21350, 535
7355, 478
26507, 928
58328, 297
7031, 511
29145, 166
14993, 381
35840, 776
728, 645
30364, 54
58726, 393
9628, 727
36898, 230
59564, 127
46286, 184
41815, 347
46690, 50
35488, 751
11422, 758
19597, 220
14721, 94
59221, 968
22719, 314
54205, 844
54851, 269
8171, 558
43296, 976
52002, 386
49470, 287
9141, 707
5094, 576
22262, 48
51355, 398
23964, 340
54181, 776
39468, 178
54037, 744
28247, 16
55387, 207
17767, 226
52829, 525
19775, 873
16218, 502
49058, 161
2908, 229
16374, 360
47943, 400
56438, 655
15830, 647
30557, 187
4037, 414
5971, 558
7007, 525
57385, 577
45022, 274
3501, 399
54674, 108
72, 413
27495, 770
30287, 758
19587, 905
17483, 268
14925, 321
11355, 288
57532, 764
3444, 573
20555, 723
28719, 16
48430, 287
55106, 33
57167, 561
29963, 603
16370, 222
58086, 927
42734, 851
3838, 92
38160, 643
46865, 310
34486, 169
11146, 509
16674, 246
13543, 157
49183, 34
39603, 246
14804, 119
25527, 255
24847, 879
59957, 929
25466, 715
21877, 640
15931, 430
48258, 798
45499, 571
48589, 364
51067, 728
7173, 414
266, 466
36096, 599
38625, 214
25811, 188
868, 608
3968, 211
50594, 381
3306, 681
44676, 123
27935, 296
2430, 325
59775, 107
34674, 952
7526, 985
53501, 126
12257, 458
55475, 183
32547, 643
21340, 126
45621, 474
37313, 26
59648, 739
49386, 374
27486, 937
33631, 550
24728, 37
14018, 6
42663, 213
1904, 291
27130, 641
25071, 838
37375, 810
53460, 278
57672, 955
35487, 85
57035, 164
15061, 538
58752, 759
22541, 425
26188, 166
20328, 764
19899, 970
51208, 201
32051, 829
34355, 946
31489, 136
47397, 662
21955, 450
47887, 467
48238, 737
39053, 589
49555, 727
57642, 235
2321, 507
1175, 764
8967, 65
12814, 547
36676, 519
43312, 736
56504, 806
46813, 906
299, 962
39228, 187
52188, 523
22167, 239
55420, 293
29875, 34
20952, 712
42409, 488
37731, 428
1218, 475
32723, 433
8460, 209
23701, 523
4213, 144
20815, 439
8246, 519
1537, 798
26527, 721
20977, 162
41269, 844
57757, 650
14699, 713
39439, 790
32401, 310
37522, 526
45164, 811
18165, 948
6806, 581
38083, 851
9823, 980
43017, 879
34208, 892
42980, 200
8762, 335
54900, 60
46030, 804
49975, 647
35888, 473
13265, 633
11759, 440
26687, 927
57681, 66
15671, 313
26075, 939
45917, 173
56242, 477
2672, 424
51178, 670
29649, 688
53892, 4
19776, 141
20471, 531
53016, 236
29451, 708
12844, 747
34266, 652
17759, 504
32385, 94
8756, 88
44278, 999
5267, 910
58703, 18
44039, 94
11169, 238
49971, 246
58461, 391
74, 69
26131, 159
54990, 633
47097, 142
53649, 559
35221, 215
39865, 440
47958, 499
36145, 42
12934, 902
37933, 991
42666, 646
41440, 566
33087, 441
55861, 538
42682, 239
26616, 661
4635, 423
55796, 406
58318, 173
57423, 511
49416, 32
7938, 638
49399, 157
23233, 717
22182, 883
17550, 220
30107, 997
39140, 150
14011, 572
49167, 938
28332, 696
40215, 920
51303, 702
57936, 778
27670, 974
49144, 153
5029, 477
45594, 699
3729, 885
47340, 49
50907, 520
58825, 158
4033, 284
18659, 474
44043, 510
35363, 356
28156, 173
9915, 924
12705, 418
23667, 508
16228, 101
56102, 763
17285, 268
48751, 132
35965, 891
18268, 200
36987, 729
16562, 155
34423, 240
35553, 776
23478, 826
42822, 392
28846, 405
22024, 384
44978, 298
2250, 457
26829, 283
32995, 909
13245, 725
36599, 385
17725, 301
59980, 433
31353, 423
14561, 239
33153, 150
3724, 528
51244, 861
37810, 102
48399, 577
9600, 270
58299, 824
43725, 946
38104, 873
50051, 277
56755, 15
59548, 940
53647, 883
38318, 629
36983, 34
35002, 205
1203, 468
51760, 529
39650, 37
15604, 680
23438, 906
41985, 901
56983, 493
48068, 635
2773, 46
44572, 352
32622, 563
10484, 929
7056, 174
51467, 221
18563, 444
39925, 178
51471, 392
28622, 200
7125, 55
14319, 486
50248, 510
27748, 502
17025, 215
51968, 33
31107, 790
12936, 125
27933, 296
32915, 968
6234, 541
34466, 233
22517, 236
50693, 972
24601, 526
25546, 267
42610, 820
17470, 147
30272, 664
35735, 368
48596, 832
39389, 180
46985, 627
51416, 572
52099, 376
58723, 506
13201, 628
45186, 637
44125, 627
17057, 237
6868, 78
36324, 999
16337, 757
25708, 699
58765, 524
42317, 617
39100, 313
7539, 936
37746, 545
14812, 151
48987, 181
16728, 397
25440, 294
31433, 438
56918, 981
21875, 704
56872, 176
45866, 147
45754, 889
17873, 623
14943, 849
46621, 352
2700, 537
58937, 80
52609, 781
25064, 960
27371, 712
10919, 776
36582, 602
56373, 570
13891, 483
37754, 590
52877, 936
21736, 727
10489, 470
56726, 470
3636, 725
54809, 748
31886, 371
14399, 666
38869, 485
11115, 25
12686, 106
31835, 894
44627, 66
52280, 126
44164, 650
2916, 969
27638, 574
22586, 152
32090, 535
23662, 684
33238, 971
57402, 615
55105, 304
45961, 906
9719, 182
12237, 464
51920, 368
2402, 676
21135, 61
4084, 842
23653, 999
39657, 524
14524, 546
25664, 18
5962, 271
54142, 959
51279, 975
28674, 755
1924, 54
27311, 412
19669, 819
53500, 244
57933, 821
5068, 607
15322, 598
37858, 57
47570, 567
2341, 979
23091, 530
18965, 772
52721, 624
22200, 861
56012, 774
43979, 318
59322, 562
24868, 874
17354, 634
44307, 603
44102, 306
10267, 829
10079, 993
34207, 941
42161, 837
6418, 913
42069, 418
20188, 277
39199, 79
24691, 125
32792, 160
8833, 632
27547, 501
2137, 152
33216, 206
33539, 77
35436, 438
18665, 961
56156, 857
28858, 979
4534, 997
28556, 328
53545, 245
8736, 115
14316, 860
8757, 751
55307, 288
51865, 556
42018, 419
22136, 578
45957, 856
56322, 660
47968, 532
28776, 401
13202, 612
39906, 77
17856, 395
58231, 273
13839, 445
46192, 998
56236, 650
2278, 620
4287, 456
18892, 573
5693, 52
9500, 305
28661, 429
4523, 355
54328, 121
23742, 66
20883, 629
42303, 507
24815, 472
42302, 193
39961, 575
16016, 799
17095, 51
57108, 852
57287, 301
2488, 884
38909, 721
15205, 936
52821, 696
4825, 277
43946, 626
23942, 776
37211, 481
50168, 605
19159, 13
44490, 502
20183, 711
53689, 444
8462, 577
44519, 370
4216, 793
17564, 230
58385, 791
47094, 344
12758, 665
17848, 473
10636, 399
31958, 315
46035, 931
21654, 725
46594, 407
59725, 663
40031, 767
8119, 736
32334, 580
6193, 993
26148, 154
19580, 256
39745, 987
50681, 507
50139, 922
6693, 338
35848, 803
44494, 85
48667, 127
21224, 801
42681, 35
36082, 818
29202, 891
56853, 710
30894, 32
56579, 786
547, 125
19802, 126
3275, 736
42064, 652
35178, 742
17957, 123
38040, 110
34802, 844
34348, 329
20074, 907
57309, 10
37415, 142
35643, 722
11409, 199
29669, 668
38610, 426
32913, 681
683, 561
56813, 476
6464, 497
34420, 690
22625, 346
52201, 584
19294, 942
28751, 630
45591, 143
2984, 214
51772, 612
33012, 582
58647, 452
45786, 24
2481, 23
41612, 963
3919, 513
6183, 854
44507, 461
30608, 145
49137, 563
329, 728
36720, 6
40567, 415
55829, 466
53399, 907
34393, 685
54367, 734
9476, 965
12947, 112
47247, 949
2698, 268
31830, 146
9176, 917
38768, 431
57623, 285
16896, 311
42538, 805
1245, 706
25122, 89
48905, 775
9117, 776
43670, 597
59052, 304
56928, 360
1035, 401
9308, 722
56679, 776
38782, 306
30141, 107
59527, 118
27072, 753
10394, 83
11458, 239
41232, 169
20756, 800
38370, 275
9020, 659
37762, 456
47768, 14
12687, 901
2031, 812
6235, 308
42444, 797
45663, 496
2804, 982
9602, 213
58217, 911
19183, 804
50318, 665
19196, 751
28878, 366
34077, 299
47843, 947
31330, 864
35562, 433
54187, 424
52287, 114
4786, 4
26297, 383
10757, 86
58207, 406
57495, 618
39265, 831
51642, 802
55324, 531
10786, 447
17383, 593
14284, 138
18146, 97
15490, 740
10207, 639
48308, 382
26414, 242
23392, 0
12334, 433
32399, 555
20720, 548
38573, 129
32277, 691
58724, 226
1847, 943
29228, 667
56710, 610
4450, 456
16911, 366
35876, 886
46077, 4
35560, 195
11221, 161
55720, 3
24422, 565
18050, 899
13094, 333
4077, 270
36337, 565
46205, 874
49821, 799
37338, 908
59526, 717
13594, 526
51843, 730
35669, 666
34081, 866
20783, 875
59348, 451
7759, 798
41265, 369
46260, 936
39734, 701
47869, 579
28097, 610
9481, 277
31385, 781
6593, 792
40387, 989
6204, 181
39309, 145
16029, 512
58710, 237
48110, 54
40011, 172
27050, 601
5019, 659
16409, 922
33665, 3
37143, 298
28704, 533
37336, 277
15278, 813
56022, 157
42639, 589
414, 841
52336, 270
35335, 276
51956, 78
36660, 408
40584, 858
43027, 424
35613, 82
28859, 914
42844, 526
6451, 341
21601, 309
13889, 426
59738, 842
48164, 209
51375, 169
34029, 607
25845, 131
43313, 651
17106, 947
35015, 416
41673, 559
15129, 160
49450, 756
40261, 61
29761, 945
39456, 509
44626, 440
16648, 29
29126, 712
46041, 22
37488, 917
12919, 414
34455, 906
40260, 197
4773, 52
41572, 783
9413, 453
47646, 883
52863, 811
235, 230
32874, 787
43778, 516
58917, 349
58532, 498
20390, 948
52497, 488
24402, 897
6335, 532
6582, 113
15796, 913
49742, 396
14671, 730
40082, 363
22366, 263
45861, 236
17366, 359
49133, 891
46629, 353
38024, 171
49766, 708
41171, 681
42783, 78
46918, 425
39115, 511
53487, 556
49387, 906
10893, 13
59970, 624
41838, 274
22314, 128
694, 548
15650, 287
41193, 188
18420, 111
15046, 415
50010, 88
539, 437
14813, 207
12894, 145
55816, 685
28349, 824
35116, 699
53092, 447
52205, 801
52755, 469
23833, 31
8129, 505
3038, 317
21702, 577
27997, 133
10689, 479
51156, 189
43074, 535
14985, 379
19770, 604
32835, 324
30480, 292
58540, 51
45071, 253
20667, 125
4188, 255
16593, 128
12127, 843
522, 157
56733, 702
21909, 253
4713, 850
59197, 92
44165, 811
32978, 429
46451, 915
58190, 462
17688, 993
26096, 584
44061, 411
48830, 675
8554, 541
46850, 277
53992, 989
18322, 369
26025, 416
45687, 267
31786, 295
37979, 180
43888, 873
11504, 465
16008, 224
53541, 982
55132, 450
46251, 340
25671, 42
17448, 244
37438, 643
21216, 862
11931, 264
30317, 106
16277, 711
21269, 914
4532, 649
11674, 496
2509, 823
48207, 433
56257, 490
59343, 718
38458, 295
25410, 200
57622, 460
24639, 757
53786, 138
30243, 353
25401, 871
45632, 351
5774, 27
47670, 549
44324, 680
46249, 890
33288, 926
28172, 414
31313, 351
50997, 275
45634, 308
28908, 653
4517, 511
36309, 35
11990, 991
24969, 260
35968, 613
40271, 333
21341, 335
35523, 447
41165, 937
25856, 55
49294, 122
51143, 39
43119, 444
29386, 447
27300, 349
32338, 884
30027, 420
8208, 218
24495, 870
17654, 830
30023, 360
27568, 293
4394, 502
33317, 154
16492, 349
17460, 885
31745, 497
27481, 260
59562, 538
47503, 457
58398, 349
2547, 926
52216, 920
13369, 585
50955, 486
35811, 267
17410, 770
19445, 700
50717, 902
41346, 321
35881, 284
37688, 90
59707, 200
53548, 759
50914, 580
38584, 633
46799, 770
41941, 493
56506, 775
57004, 325
30444, 443
24518, 24
44933, 217
5356, 423
41109, 667
28598, 582
10702, 674
20796, 768
44212, 704
5230, 518
1317, 628
27660, 180
5241, 796
47957, 268
16376, 709
41475, 279
24685, 363
49099, 840
33272, 844
47571, 3
10285, 680
41601, 857
58581, 332
29530, 750
7178, 59
1883, 642
9852, 781
33747, 864
50890, 589
12989, 799
30945, 661
58612, 113
48421, 410
7424, 473
19610, 959
6825, 367
49783, 27
14929, 236
30140, 885
23205, 438
38233, 293
159, 717
35585, 223
54005, 33
25275, 280
46188, 111
33668, 977
3820, 65
35865, 221
42109, 151
14507, 763
30908, 235
12038, 938
28356, 279
34774, 963
22440, 950
55230, 133
36521, 693
20230, 160
45502, 722
52407, 101
8275, 217
54445, 873
57347, 445
15408, 158
15499, 987
13080, 864
2354, 952
5578, 558
21406, 372
30277, 929
26586, 359
38604, 793
6246, 394
7867, 743
46439, 530
9084, 436
21981, 794
41258, 419
48902, 723
46452, 973
49315, 859
55625, 682
10593, 315
53774, 623
37807, 874
19131, 126
56484, 170
18106, 370
45966, 928
13288, 118
8492, 188
58872, 14
14111, 482
45051, 799
22556, 953
21790, 120
19328, 125
24657, 495
24281, 667
23748, 443
20719, 626
9804, 82
21053, 294
9928, 366
26736, 779
12978, 568
26462, 384
41081, 106
55046, 507
24138, 442
51864, 798
6675, 632
28533, 364
2746, 575
21778, 304
3920, 891
10820, 97
42378, 223
33304, 722
18436, 351
28303, 108
20245, 815
44684, 177
45992, 775
25163, 974
4937, 544
27940, 627
4330, 630
47116, 402
18280, 441
58324, 462
55633, 335
54024, 483
7573, 74
54402, 567
10556, 484
21914, 640
25956, 900
57446, 239
45613, 73
57322, 289
14782, 789
45331, 399
33161, 790
6017, 615
17389, 378
51877, 987
39778, 630
41300, 258
30458, 513
6345, 946
37436, 704
1769, 218
36798, 225
50869, 532
56013, 768
42129, 922
40182, 73
7309, 962
35558, 62
1050, 341
56266, 311
51140, 427
35772, 833
31517, 808
28370, 493
51927, 540
19743, 722
28062, 965
19751, 695
18617, 874
887, 592
35205, 560
9730, 911
29548, 200
43603, 137
21913, 713
37766, 111
17502, 75
41495, 672
53630, 514
40468, 442
58013, 484
59740, 421
46493, 513
2635, 554
4124, 27
8556, 381
23989, 936
30893, 6
40185, 544
4226, 899
13350, 478
21495, 740
25377, 110
52712, 266
11733, 317
29793, 846
49751, 398
27553, 965
39567, 486
54406, 200
21039, 795
26784, 388
12749, 120
7044, 862
40158, 173
53677, 415
23380, 834
22037, 287
4924, 690
44400, 587
6656, 401
55253, 581
59138, 805
53692, 74
10044, 469
35645, 29
17530, 371
4525, 680
34284, 475
33066, 354
10750, 996
48763, 929
57646, 304
55765, 382
33770, 990
5789, 913
53471, 634
25712, 31
9800, 630
2353, 201
52874, 423
28932, 890
38583, 173
55699, 130
48643, 884
56425, 876
35798, 855
57166, 257
16643, 841
31239, 705
12502, 877
4435, 355
28017, 573
19020, 157
21679, 413
22091, 70
30939, 44
46676, 961
27287, 198
42590, 671
26308, 643
28803, 314
42600, 502
23773, 311
34723, 584
6910, 919
25337, 948
7250, 517
16200, 439
5394, 606
34275, 19
1922, 260
56471, 267
8674, 55
39124, 113
41453, 223
20320, 348
1197, 49
42582, 813
20037, 82
43809, 343
51931, 924
27461, 881
49054, 222
40554, 797
45488, 52
18627, 111
13287, 394
6542, 473
9666, 357
56387, 80
18748, 627
23343, 659
31613, 676
47541, 281
33645, 780
34927, 567
45315, 50
39597, 60
36377, 32
20367, 587
12402, 514
56518, 917
56919, 809
53858, 466
46976, 12
26011, 647
47370, 484
31635, 924
53880, 666
56213, 445
23051, 410
3153, 495
3308, 789
53222, 876
35380, 379
6462, 484
57989, 275
29298, 57
16888, 867
47608, 945
44750, 780
1835, 514
14601, 498
26305, 62
7993, 419
28308, 646
21930, 643
26239, 985
58605, 504
47101, 602
32192, 619
18210, 252
41204, 355
50786, 702
44772, 825
19307, 478
17331, 833
11290, 211
58687, 260
20322, 604
28875, 397
29120, 448
35596, 599
34893, 870
49562, 905
21915, 968
57719, 691
40660, 367
3216, 754
32616, 388
49052, 149
14825, 186
15836, 78
5922, 402
14044, 441
31061, 567
47206, 645
4327, 940
26361, 310
15260, 49
47245, 27
27747, 510
27664, 643
52234, 519
39387, 386
48612, 588
26942, 652
36874, 508
4677, 613
33963, 968
46500, 47
24611, 27
33088, 776
21995, 818
51498, 114
59249, 585
56008, 165
4449, 665
36488, 289
29092, 822
4453, 806
40383, 595
32542, 6
53559, 617
23937, 124
51545, 105
3361, 85
55322, 736
29290, 641
2799, 544
22989, 504
10963, 254
7290, 391
22642, 125
8497, 207
34534, 55
19740, 723
32342, 349
59356, 947
6383, 717
28018, 471
25760, 477
34164, 78
9390, 682
34025, 50
23356, 847
33271, 729
1293, 976
3379, 484
3736, 934
59332, 719
44127, 341
47619, 141
6621, 735
33253, 250
42959, 666
11813, 284
40663, 181
30250, 264
49282, 982
21519, 292
18696, 667
31048, 580
27698, 305
43086, 655
49749, 779
25108, 92
14362, 176
57440, 668
46224, 262
41759, 469
14734, 803
59948, 550
12104, 233
2909, 54
3783, 172
6699, 800
59875, 658
36395, 54
41992, 122
50889, 534
33792, 411
55855, 260
35202, 795
52236, 389
3632, 102
26437, 588
44094, 38
11902, 476
8193, 60
22047, 20
47084, 99
46545, 668
1310, 77
13752, 671
24498, 659
15154, 635
38544, 674
17151, 815
48901, 516
30345, 178
2485, 966
21887, 551
22817, 950
2961, 278
36734, 661
43836, 622
7662, 480
5205, 318
23549, 141
38354, 808
51672, 121
8486, 542
41909, 660
42099, 667
21229, 375
4309, 570
14341, 881
28464, 979
56073, 131
43840, 375
46541, 161
12139, 133
20173, 260
21293, 226
51384, 583
52971, 282
35284, 518
37482, 172
29259, 738
58543, 97
12995, 147
52433, 71
23689, 129
13129, 367
38529, 293
20101, 109
6075, 381
30462, 163
59403, 439
23617, 967
33786, 281
44864, 14
7231, 282
13091, 963
48567, 443
27280, 631
51326, 712
3277, 564
46426, 757
41336, 809
32924, 614
1099, 947
6872, 776
21338, 321
30195, 223
26883, 83
43950, 552
55502, 755
53404, 568
25725, 865
48877, 36
29977, 607
11468, 935
40889, 85
44114, 721
14373, 192
28491, 775
12943, 990
26932, 680
59960, 736
58912, 527
6938, 348
25798, 831
23655, 805
50227, 400
43503, 66
53864, 658
43141, 54
19440, 493
55060, 968
12682, 718
49292, 716
17453, 376
27727, 647
5524, 186
5167, 248
3163, 391
4515, 479
58777, 915
49991, 743
12595, 240
15133, 393
22110, 93
46937, 478
47276, 179
33669, 881
58625, 539
57643, 350
15126, 762
27791, 416
6545, 775
35886, 872
13263, 807
38202, 134
28563, 637
7404, 883
3232, 546
34932, 620
6960, 928
13272, 311
34405, 47
5622, 972
13238, 842
36383, 501
33044, 584
31617, 752
2329, 75
310, 312
18762, 280
52036, 575
55572, 904
36932, 1
15145, 452
34785, 136
8466, 102
37341, 585
37787, 977
53072, 709
3609, 886
27776, 530
53828, 159
16998, 911
31068, 286
56652, 837
20073, 720
666, 182
52308, 314
28118, 57
41898, 273
17650, 675
9, 543
44669, 979
29203, 557
27987, 954
14949, 242
42792, 478
22610, 356
2658, 28
8064, 528
489, 117
31190, 259
45496, 657
58195, 518
24018, 390
47526, 128
55750, 557
10335, 451
28219, 479
39853, 123
57738, 277
43726, 683
23078, 260
54433, 358
46463, 490
33004, 823
3068, 839
54244, 89
16740, 3
58111, 307
9056, 710
17927, 88
47718, 573
56186, 459
13360, 109
6078, 111
26141, 151
38349, 64
19879, 862
20286, 823
30048, 534
42098, 90
17604, 478
59845, 76
3619, 197
33183, 381
37210, 551
29884, 945
24362, 345
8403, 927
48931, 916
37051, 944
34322, 149
51698, 361
16851, 382
22101, 966
3612, 248
21069, 130
18681, 30
45977, 853
20478, 499
4704, 91
38015, 798
23529, 303
21402, 147
8601, 563
14189, 695
27278, 857
53757, 457
51306, 550
873, 176
21696, 127
21218, 818
28133, 768
35621, 677
47112, 857
47086, 794
43338, 619
55507, 286
57821, 263
21798, 743
7919, 516
36573, 655
50268, 199
22877, 811
47860, 176
14945, 102
50362, 866
36972, 985
48950, 151
46404, 298
4390, 532
7161, 698
5611, 975
15055, 383
41537, 920
35540, 521
36786, 203
16621, 466
50312, 848
20374, 214
56228, 973
16271, 253
49298, 102
10432, 245
52402, 909
22015, 940
16364, 312
48927, 433
8205, 186
58452, 915
29026, 517
42665, 752
39607, 400
26725, 131
29345, 237
19606, 403
44918, 420
27206, 674
25313, 159
25619, 575
6805, 230
46822, 736
21290, 559
18885, 813
47282, 296
16970, 629
19688, 215
24967, 839
20987, 864
15672, 829
11963, 253
41088, 96
20107, 903
50986, 561
20526, 382
6420, 678
51576, 646
53577, 964
11713, 66
49194, 495
39881, 73
32366, 388
24000, 565
12187, 925
12214, 895
46250, 251
43916, 787
45678, 929
10496, 475
40593, 718
3937, 963
24191, 656
35839, 435
8134, 909
4595, 214
36047, 180
48478, 958
24129, 217
19713, 951
9858, 2
44500, 224
44613, 189
51811, 359
37492, 964
50348, 743
26342, 609
5327, 560
13116, 262
35719, 191
1828, 653
17739, 795
27735, 807
31790, 95
51281, 969
34460, 539
29429, 44
24324, 309
42756, 130
50466, 423
26408, 838
6879, 965
25741, 695
7751, 605
41966, 623
30919, 973
46044, 795
35581, 632
30802, 62
12739, 427
58484, 254
13763, 103
36999, 733
15598, 426
36313, 370
54028, 35
11481, 64
53663, 663
58701, 279
28153, 708
49753, 906
10106, 274
4970, 383
15968, 615
58026, 794
39622, 105
27745, 757
23911, 321
16263, 446
36268, 558
42508, 353
51119, 104
22983, 178
47472, 399
45705, 376
21745, 431
19988, 894
32920, 508
22063, 903
8776, 851
23104, 312
33393, 470
22462, 365
9302, 928
44870, 981
31415, 483
12212, 456
44992, 61
41151, 40
17478, 924
16473, 761
9768, 174
55073, 65
49521, 498
15258, 737
2390, 962
29355, 800
56301, 518
33281, 694
24602, 10
3621, 486
42290, 812
59679, 182
58795, 903
215, 185
42204, 265
15215, 634
28963, 2
38380, 172
35870, 374
35388, 153
48142, 969
4398, 765
5951, 148
8491, 541
50193, 897
48018, 980
49801, 133
22522, 946
54849, 66
53708, 187
31590, 824
53241, 346
18110, 528
12913, 430
59088, 394
8155, 503
29765, 387
54391, 561
2287, 310
38037, 822
23466, 717
16081, 280
28786, 847
2815, 146
28411, 268
22410, 479
49770, 670
27172, 918
18752, 421
23514, 452
25792, 570
37373, 205
10872, 521
27270, 320
6776, 827
32580, 348
14500, 760
8574, 257
9365, 515
56368, 73
13796, 58
21246, 455
39055, 958
48077, 170
21661, 83
40386, 503
59723, 224
36554, 679
27793, 351
33745, 202
17633, 759
13151, 495
41739, 35
47352, 498
12081, 430
27794, 451
55791, 239
57886, 76
37561, 225
24941, 515
44167, 480
49784, 221
28146, 821
56224, 391
34587, 363
4045, 595
5479, 695
14101, 457
24444, 955
11000, 830
40325, 230
4306, 281
36072, 634
22704, 186
42984, 750
28346, 675
16126, 167
54639, 548
29068, 116
50408, 730
8110, 637
13495, 35
7665, 439
11968, 172
9786, 570
49967, 772
37725, 731
19241, 509
13126, 498
6796, 645
14463, 638
1363, 819
41753, 981
17333, 988
30184, 722
34864, 47
49696, 468
26609, 800
24743, 979
42423, 583
26514, 460
44047, 2
7626, 280
53135, 482
37673, 294
22332, 377
16952, 657
51505, 406
25943, 59
51752, 586
48241, 929
6301, 331
38494, 668
4789, 232
12288, 226
54136, 619
32775, 615
7697, 79
53261, 850
28905, 204
39458, 839
42225, 509
54315, 381
13907, 793
55080, 474
51141, 813
13067, 595
453, 188
47902, 449
12243, 332
58708, 465
3778, 339
22201, 472
55747, 635
32853, 863
29863, 531
27432, 865
5154, 151
16421, 700
31759, 14
4424, 315
40545, 660
59487, 182
4338, 100
32229, 986
35783, 884
31359, 557
8997, 973
48054, 270
11288, 630
35065, 817
2739, 628
38633, 908
12158, 856
30370, 493
30170, 980
53508, 523
51578, 518
34247, 900
48409, 826
55016, 773
11496, 979
182, 241
1594, 855
12946, 937
56210, 814
28412, 843
45402, 491
50872, 77
5826, 816
32902, 198
6342, 195
29865, 976
13095, 632
5955, 802
41733, 653
50112, 981
480, 208
54635, 697
29167, 677
58393, 854
11977, 918
36655, 330
15532, 343
39231, 733
9636, 320
23031, 105
1379, 758
11446, 377
8096, 416
53481, 819
37927, 388
16859, 19
14712, 653
53765, 958
2541, 156
24245, 543
37012, 913
35098, 14
57511, 158
47336, 518
31444, 540
29423, 772
51624, 12
22483, 295
5368, 591
5289, 172
26320, 285
50098, 423
47470, 343
435, 682
44316, 548
14599, 164
37524, 197
32803, 811
51676, 853
1191, 719
51259, 663
23042, 853
45703, 610
57612, 566
44060, 168
37621, 938
15626, 301
47765, 148
29934, 453
1440, 564
33847, 581
55561, 201
54220, 594
33126, 635
30677, 274
26152, 883
8847, 412
5788, 130
15473, 369
14531, 72
41316, 916
25081, 874
14395, 26
7143, 197
4969, 818
10132, 109
1903, 444
25334, 752
39092, 275
58871, 290
27506, 399
12361, 120
15417, 772
26822, 934
35331, 331
475, 627
29579, 870
32078, 38
20967, 937
57873, 972
19599, 602
24415, 307
31800, 775
10617, 361
37113, 280
46546, 830
26763, 51
2921, 986
13378, 177
14688, 226
8085, 214
16208, 796
28417, 5
11027, 358
53193, 587
11848, 570
5369, 551
51948, 406
17161, 592
35006, 909
5438, 450
3424, 53
54343, 899
3190, 309
9093, 983
59844, 641
3493, 818
18399, 789
42432, 696
31831, 38
46071, 605
10755, 677
54281, 715
48204, 264
27637, 282
41663, 163
31774, 678
12954, 454
18243, 642
1052, 19
48863, 706
46821, 631
52422, 863
58089, 492
2275, 20
43237, 68
3811, 410
36947, 389
54664, 116
24862, 503
57526, 796
42840, 413
14711, 574
40419, 255
29317, 272
43290, 35
1526, 229
28116, 34
2873, 70
62, 85
36990, 848
39170, 110
26401, 884
57744, 570
22780, 60
57922, 278
41492, 164
33321, 21
3853, 989
54812, 292
38343, 202
15389, 292
54388, 787
51510, 424
8325, 471
48253, 141
28402, 672
39641, 585
49667, 147
17924, 680
46280, 8
37228, 690
33986, 431
52554, 790
46236, 730
59934, 780
14620, 850
2566, 899
14838, 629
39192, 474
58862, 871
31869, 239
8974, 282
45108, 299
1628, 762
20844, 335
23822, 94
56897, 289
12776, 377
40860, 570
39701, 232
25573, 263
9969, 298
9271, 697
20290, 337
10300, 512
19365, 771
45539, 2
14930, 693
43592, 947
40364, 922
38596, 257
47551, 584
59068, 23
33397, 979
28340, 574
30221, 77
42330, 645
14747, 230
36863, 881
38503, 691
32479, 412
13101, 633
4638, 985
14569, 452
38063, 582
50319, 703
47115, 507
37700, 602
53205, 4
32500, 661
13937, 719
13760, 921
16323, 280
41976, 971
52162, 299
31156, 192
9197, 362
44812, 329
51135, 21
6416, 47
50788, 596
5741, 798
8010, 374
52286, 854
50499, 391
55926, 493
34181, 257
23421, 747
27736, 331
20426, 423
11121, 339
35146, 49
59438, 807
24263, 346
38154, 802
18258, 891
33716, 395
33886, 904
27403, 469
43144, 820
9654, 222
23240, 385
57981, 596
28304, 591
44486, 125
46481, 523
19261, 488
5910, 580
36700, 215
15689, 557
49158, 951
30084, 780
30326, 434
40678, 47
30305, 342
38515, 748
36307, 977
4417, 869
3104, 604
17490, 944
59691, 984
41160, 438
41113, 220
11132, 258
24805, 972
50426, 839
11066, 656
57329, 624
12544, 575
1174, 975
10125, 517
40398, 374
10700, 249
4353, 233
10941, 812
169, 63
29020, 43
39023, 879
35147, 295
4954, 116
11372, 403
36017, 171
48049, 494
48798, 164
48675, 500
7958, 414
45833, 643
12605, 589
23769, 263
29764, 839
28614, 864
40415, 108
29523, 414
1156, 966
5927, 113
6099, 528
12142, 727
57355, 513
33192, 523
19661, 702
6933, 422
25949, 528
25241, 793
16579, 16
6911, 482
31236, 990
23668, 988
27939, 922
14566, 208
54419, 756
57373, 338
1180, 340
47648, 289
21609, 788
28184, 371
53642, 26
9626, 558
30997, 112
50585, 81
21068, 88
26523, 769
39277, 977
31133, 503
32613, 965
31333, 161
59949, 164
17335, 723
13250, 929
38200, 983
58999, 611
6695, 597
16273, 198
57301, 371
37552, 115
40943, 291
24074, 154
9815, 883
59642, 748
18452, 230
36957, 299
15198, 726
52068, 20
13536, 408
14202, 650
4221, 805
30741, 540
56320, 780
4500, 952
34609, 775
54741, 564
39362, 371
55746, 615
9425, 369
43994, 427
31113, 529
39968, 525
15886, 899
46390, 931
40248, 338
38710, 982
30624, 687
46983, 213
41129, 82
55441, 209
41932, 583
12194, 27
5380, 385
20728, 382
5464, 180
29830, 709
22016, 655
16077, 559
30049, 103
14596, 805
1280, 86
22938, 363
2138, 912
7512, 928
35439, 138
3767, 546
11781, 246
19963, 132
58649, 545
48484, 662
15863, 708
57110, 177
47996, 375
42763, 298
1632, 496
9123, 573
55365, 422
20899, 332
38605, 614
411, 241
21122, 140
3908, 117
28399, 356
27365, 231
7597, 830
52389, 886
14442, 934
31645, 910
42935, 331
10111, 614
58441, 310
33855, 653
17204, 396
14281, 720
12580, 667
53810, 290
6262, 406
18944, 442
8160, 531
21681, 654
2936, 548
38784, 907
46674, 728
56836, 53
42032, 542
49003, 75
49252, 490
1442, 666
29172, 495
27530, 489
29813, 41
56510, 452
12558, 734
20565, 65
5871, 713
454, 431
28381, 226
48853, 777
49758, 736
45734, 963
6422, 608
36812, 405
10988, 980
30330, 110
34559, 677
42165, 83
43801, 895
5225, 807
19466, 759
9967, 555
42641, 321
24882, 698
59193, 171
31506, 153
29670, 937
6897, 718
35635, 221
57634, 205
40841, 614
6024, 932
57007, 986
55687, 939
44638, 871
56401, 917
46938, 517
1475, 218
4925, 548
45285, 5
9717, 560
6943, 82
35754, 5
57541, 319
50236, 313
49719, 156
13669, 678
14071, 400
47531, 651
38679, 946
773, 248
55946, 966
35324, 593
41416, 563
12968, 509
43731, 250
48064, 59
13753, 127
47001, 668
30763, 676
43215, 351
27153, 263
8607, 530
29455, 624
52964, 172
22937, 233
23674, 242
52039, 70
20213, 155
56526, 762
53265, 748
2273, 338
54394, 662
22909, 428
43568, 730
30001, 535
3046, 758
49463, 57
37084, 165
17513, 481
59125, 418
14693, 245
52269, 415
45137, 889
27917, 843
42002, 165
58888, 180
34604, 29
20182, 500
41979, 149
16365, 761
24676, 739
54902, 146
23436, 112
12219, 568
15483, 141
37095, 714
874, 111
44951, 656
648, 928
54387, 326
34642, 439
48996, 598
13043, 15
20082, 745
17883, 154
35148, 394
27244, 210
42731, 1
41290, 647
37668, 340
46104, 255
2994, 196
16636, 785
29666, 647
27418, 213
20794, 663
14716, 613
53709, 821
21148, 229
50004, 631
9712, 519
2836, 413
38506, 90
28708, 509
18703, 638
7236, 254
6760, 151
19754, 382
9601, 498
14351, 377
12324, 73
11473, 394
20003, 217
16678, 51
4791, 305
41111, 138
28434, 197
11987, 847
39108, 314
27458, 115
3567, 687
56298, 90
15580, 93
43995, 785
35767, 19
19234, 21
40110, 740
13829, 425
39832, 122
8539, 380
37483, 246
20271, 970
56625, 601
23852, 590
32526, 486
24836, 886
17346, 278
4246, 515
54703, 734
18517, 537
21994, 380
24293, 505
4296, 197
48502, 532
16108, 884
6588, 258
52085, 207
18702, 284
54164, 412
42575, 967
31734, 656
57957, 123
8615, 233
50075, 913
52888, 576
27897, 159
11814, 798
51340, 388
20175, 49
32299, 778
28432, 256
26651, 208
27071, 423
23500, 147
6255, 950
25853, 85
48455, 520
25806, 672
35573, 702
12541, 739
38084, 967
59940, 446
4840, 465
2037, 166
41798, 301
12443, 600
5801, 187
40447, 32
15346, 933
55041, 3
39326, 45
24278, 933
17103, 616
26164, 325
39190, 359
54590, 556
20316, 755
4694, 351
18874, 151
22441, 156
5058, 825
25550, 115
7615, 540
49854, 849
44576, 571
44917, 913
25948, 299
26089, 464
40981, 99
29964, 808
15814, 128
38886, 978
39030, 609
33108, 492
52914, 315
31740, 56
58746, 17
18412, 735
18075, 226
17552, 915
8666, 896
43048, 970
29903, 266
55845, 223
30235, 152
44615, 241
24432, 166
11, 908
17528, 886
51441, 300
14201, 973
3058, 568
48472, 855
24082, 789
29229, 788
43738, 515
34118, 974
39708, 863
35658, 718
24493, 646
12693, 497
28145, 920
35310, 535
56001, 218
35766, 152
20957, 378
45667, 949
7448, 431
52304, 24
20792, 556
53507, 60
59618, 318
20693, 248
3125, 234
26049, 836
41562, 408
35913, 327
51533, 665
47225, 510
36240, 787
49738, 906
19624, 61
55714, 75
34597, 632
56816, 238
23451, 421
51979, 632
28508, 879
16914, 857
16632, 239
51675, 459
47353, 56
2424, 561
31780, 914
23319, 188
3482, 111
6213, 34
37791, 981
30842, 445
40816, 847
30501, 104
58333, 430
46357, 569
56475, 851
49273, 555
44939, 699
11898, 231
25612, 827
43330, 38
51448, 80
3824, 800
9922, 942
13424, 279
33749, 274
16600, 133
2847, 183
2487, 911
36923, 121
14823, 403
37577, 750
43196, 182
8259, 398
51883, 166
37594, 214
44265, 979
37972, 910
42747, 111
9357, 770
41054, 426
1907, 28
59230, 866
27240, 156
59788, 84
5155, 941
890, 858
24551, 581
14057, 381
5876, 912
26518, 793
51858, 118
5153, 498
11757, 513
24655, 204
43427, 52
54199, 355
44535, 224
21184, 271
35775, 360
53284, 915
45257, 744
56668, 513
54450, 397
5451, 590
20799, 283
36638, 137
51372, 408
42047, 276
24116, 43
42169, 617
39146, 706
37956, 175
57826, 833
10791, 870
57951, 513
11340, 955
57739, 950
54516, 587
3973, 450
34045, 234
44106, 267
40222, 248
12665, 749
30543, 283
48913, 469
5463, 650
40920, 260
2270, 11
41216, 576
11527, 738
54942, 597
28341, 599
32488, 363
55257, 869
31500, 757
42577, 455
24434, 479
32724, 62
59328, 753
15165, 290
16036, 194
31436, 774
42809, 894
32863, 134
29599, 351
24605, 31
10246, 162
4228, 485
1656, 271
7513, 704
45183, 655
38919, 93
24785, 13
53598, 248
17915, 483
55515, 281
58598, 676
29023, 614
45306, 579
37023, 277
8529, 314
57112, 174
21626, 154
36821, 950
32795, 62
16602, 928
12921, 696
35456, 625
43952, 953
17760, 550
29351, 664
37197, 226
30378, 461
37162, 941
24906, 180
3909, 565
38159, 185
23001, 587
59406, 591
56249, 285
55985, 261
19729, 383
511, 998
59272, 144
9309, 41
34823, 833
3137, 651
19680, 486
37325, 869
51808, 334
8387, 746
34910, 444
1757, 598
18864, 877
1859, 331
44341, 465
38958, 676
14223, 378
54798, 278
3649, 359
55833, 255
47875, 807
49218, 117
8836, 597
58273, 957
19133, 233
3548, 401
5647, 466
43483, 992
21853, 627
1875, 906
36542, 69
15333, 964
17048, 619
41714, 742
37408, 780
35021, 622
37172, 696
32211, 349
16160, 463
22576, 268
12005, 69
37369, 166
1359, 482
24765, 906
55604, 795
52359, 457
14668, 543
29436, 516
26938, 725
26114, 703
38271, 183
10354, 583
32102, 488
19671, 127
1079, 286
4267, 273
39435, 54
19544, 794
8558, 573
29736, 337
44525, 698
12210, 984
35361, 123
36206, 227
20361, 161
28635, 613
27814, 600
19460, 346
8730, 925
925, 33
6052, 618
29032, 842
2021, 103
1306, 911
7977, 833
42634, 363
4749, 6
38049, 221
4120, 626
57661, 645
9258, 965
48878, 159
20665, 301
58609, 716
52353, 639
27504, 799
53273, 488
54525, 751
51466, 832
57227, 792
39957, 298
3378, 905
26190, 202
48336, 1
3160, 575
20859, 62
5836, 256
5799, 942
4454, 939
34569, 449
35265, 995
49795, 664
52873, 195
5628, 568
27360, 6
27694, 245
32890, 409
14673, 943
47595, 773
42143, 816
53912, 525
20824, 609
31310, 383
38483, 976
9943, 120
53044, 81
6134, 432
13069, 474
24283, 232
4109, 478
28244, 749
40897, 231
27583, 262
9810, 223
4276, 465
7115, 698
23029, 656
40414, 814
36303, 965
34962, 315
45787, 811
32666, 547
27598, 38
49285, 29
9661, 279
2981, 378
8579, 842
3891, 368
56803, 803
25484, 999
50149, 217
29027, 526
26040, 361
32540, 964
57743, 555
57088, 408
38023, 53
53411, 483
12025, 694
19582, 122
13304, 392
37237, 761
10355, 544
7317, 142
4976, 819
56934, 469
50589, 938
30800, 375
8639, 641
10143, 985
28314, 372
25044, 455
21249, 964
56984, 841
3821, 844
37795, 481
25917, 528
42120, 482
46, 225
22751, 144
11015, 603
50837, 999
26834, 382
2570, 407
25188, 359
31150, 482
42182, 282
55893, 175
33400, 186
33473, 783
49775, 171
38162, 745
30960, 676
19348, 917
58387, 447
12204, 752
11417, 266
34780, 140
59007, 726
14099, 636
34327, 173
42592, 620
53320, 793
42920, 753
21690, 355
12972, 440
226, 852
987, 405
4389, 439
17710, 41
54569, 533
31647, 633
41331, 344
47498, 263
51955, 967
54218, 608
46920, 318
766, 952
23258, 183
10483, 133
25103, 816
28279, 544
18191, 740
24733, 109
36345, 635
31376, 9
48067, 713
11703, 424
51841, 374
2709, 642
50707, 119
51378, 644
6520, 474
2009, 246
3608, 356
2312, 588
57928, 617
31352, 776
13670, 366
42744, 750
6146, 349
22554, 760
35515, 162
7372, 295
6100, 768
17233, 18
21278, 529
23009, 44
54226, 612
15899, 376
43284, 637
5096, 597
54632, 971
10264, 124
59069, 661
24336, 81
22124, 127
31452, 853
23780, 146
32919, 512
37720, 855
53359, 493
43097, 6
55868, 598
10965, 865
43093, 876
58690, 687
12891, 946
22021, 915
47395, 922
42904, 142
7754, 27
40795, 434
21046, 558
4360, 798
28893, 319
55761, 83
17134, 814
33783, 79
6425, 463
19400, 247
38850, 35
50968, 43
56413, 813
37207, 361
44704, 522
19350, 383
29672, 822
29129, 645
55043, 212
35625, 313
39324, 241
41812, 418
44141, 801
18871, 458
36917, 261
35532, 712
52901, 528
48199, 963
41241, 805
14689, 294
26993, 334
45548, 792
17301, 49
51496, 710
42065, 575
58985, 148
25357, 763
7302, 447
46288, 842
445, 488
41077, 906
45147, 277
13362, 430
13003, 826
39070, 430
32856, 696
50731, 382
59954, 482
20421, 792
1992, 462
2832, 393
45045, 536
32097, 564
56046, 456
58813, 315
23997, 408
37695, 959
34548, 18
44549, 179
19483, 118
39506, 543
20504, 67
33714, 787
59496, 586
31307, 927
47652, 764
11344, 490
7051, 416
23527, 675
32931, 747
32057, 410
11822, 544
20102, 718
38898, 326
44263, 804
10509, 165
37265, 292
33829, 361
36590, 935
23983, 658
32872, 14
19996, 484
25094, 655
47073, 424
15434, 567
349, 563
56269, 165
31627, 238
3977, 314
27855, 830
48633, 345
27818, 848
9152, 206
21234, 491
39730, 965
4899, 450
10952, 331
3210, 25
23976, 938
49642, 354
20065, 242
15990, 817
18248, 412
965, 900
14868, 803
20204, 390
33664, 150
9187, 62
22129, 704
6139, 480
9813, 789
18503, 59
40075, 548
10857, 191
42455, 271
36156, 612
14969, 799
5444, 73
24399, 804
32064, 929
42113, 251
25139, 560
2792, 762
57425, 659
4252, 34
53394, 761
40755, 666
109, 700
14183, 235
43596, 499
9332, 298
43663, 475
40299, 581
4480, 223
24489, 914
52220, 920
58003, 102
25636, 39
58526, 946
10569, 480
24365, 842
49578, 116
35498, 139
27892, 433
878, 13
45221, 374
1564, 995
19976, 19
43287, 740
2398, 261
55191, 853
44034, 643
55940, 257
34961, 934
17785, 379
16794, 29
56815, 464
16662, 339
4268, 542
46122, 835
12937, 911
57015, 554
4116, 229
19433, 845
50552, 533
10343, 950
3358, 568
37825, 37
41923, 649
36510, 682
20959, 412
20490, 462
20470, 609
17886, 545
4159, 619
59753, 977
35650, 862
9924, 927
15015, 858
43279, 62
4754, 5
31087, 608
1713, 994
52504, 670
48732, 116
24118, 43
28919, 692
48123, 514
25880, 598
33247, 837
18065, 355
14402, 687
50652, 190
20510, 138
27606, 76
14536, 757
40594, 549
28469, 506
20699, 878
57602, 664
48879, 244
52618, 299
40289, 520
39123, 18
760, 43
37711, 771
24865, 388
37050, 479
2158, 575
51774, 848
17982, 313
51775, 443
55139, 467
51798, 596
41303, 80
33879, 220
24390, 443
28206, 27
56527, 411
40685, 633
28891, 942
34333, 865
55763, 515
4376, 539
51013, 472
24747, 242
49494, 991
58664, 56
53346, 332
36209, 287
20034, 990
18792, 808
15544, 519
29181, 981
12657, 721
55651, 504
7782, 175
6737, 9
58508, 310
7026, 921
7843, 937
28232, 443
26129, 887
36539, 886
17139, 604
54468, 855
37794, 553
281, 894
35623, 354
47057, 393
48479, 731
15364, 255
20841, 459
48625, 978
50888, 15
43216, 799
27882, 453
45189, 489
10465, 283
50971, 614
26804, 459
51343, 954
6971, 165
40161, 397
28618, 138
49085, 386
5110, 480
10000, 975
25519, 905
10270, 889
8690, 304
1117, 402
27315, 291
59242, 861
13787, 529
6559, 668
29209, 353
31884, 282
35174, 966
31874, 417
35342, 325
2267, 219
59985, 857
7013, 945
45750, 312
47453, 198
55102, 966
46932, 528
20317, 863
16605, 344
10049, 601
56172, 55
35963, 702
25588, 107
12831, 516
54223, 220
13340, 595
51412, 752
34524, 215
37419, 302
41516, 593
5458, 831
12221, 934
15951, 211
17259, 283
28211, 351
38585, 729
55579, 768
22214, 853
9038, 451
56881, 516
19083, 701
6831, 336
43624, 162
40365, 211
3740, 87
41635, 797
27334, 495
28975, 648
29788, 711
8130, 259
49674, 315
11577, 749
48762, 297
11166, 29
43440, 823
22402, 535
21307, 782
10214, 413
11109, 416
16394, 886
18038, 381
17236, 268
37214, 142
35859, 876
7701, 233
31784, 385
41738, 476
35294, 196
29168, 774
29652, 636
55146, 672
45100, 990
56958, 518
17232, 726
40497, 983
36009, 496
6724, 823
24319, 673
9755, 101
52816, 135
29552, 190
13548, 765
45514, 279
21635, 338
45948, 277
295, 340
24716, 115
5725, 91
40766, 445
36584, 420
25346, 560
33021, 138
46187, 600
4769, 155
22715, 128
59231, 926
24140, 802
59746, 840
20646, 162
5272, 120
280, 237
40616, 172
33263, 930
14436, 815
52387, 826
55329, 600
10468, 276
30144, 364
10269, 583
17959, 365
19140, 867
46221, 677
33713, 467
49064, 271
41195, 688
10935, 933
40807, 691
54081, 671
54804, 738
59278, 643
44358, 702
20462, 533
38207, 671
25549, 426
23908, 901
29933, 879
51997, 303
37368, 990
33181, 110
29072, 716
40776, 386
48208, 234
45505, 1000
14511, 389
7942, 213
55716, 270
22389, 971
44691, 894
29837, 954
45701, 481
57442, 819
34038, 227
16692, 703
37007, 841
41616, 960
24656, 497
8567, 832
56027, 110
16977, 522
49129, 45
45009, 120
36585, 289
15211, 226
51130, 440
3072, 871
12813, 627
38372, 247
24726, 524
34463, 388
32530, 91
14023, 10
52741, 382
7078, 488
47421, 693
48731, 923
59244, 351
54571, 188
15366, 750
48319, 161
3416, 312
18446, 24
51152, 524
14998, 211
2483, 548
50898, 405
29753, 369
47578, 215
30260, 461
22203, 841
34513, 664
52093, 43
26516, 630
7385, 427
1581, 984
7966, 821
38619, 390
53963, 798
41435, 425
15496, 96
36494, 845
49388, 44
56797, 634
9652, 6
29577, 507
52958, 652
30223, 195
22073, 423
50161, 585
43496, 257
32284, 761
37597, 58
24736, 387
49537, 342
58065, 122
21694, 790
32937, 810
40810, 768
26, 325
29807, 962
17751, 7
20482, 420
31232, 665
51558, 756
43910, 515
30347, 296
47853, 319
33404, 470
25008, 935
2408, 250
5243, 189
46977, 724
39613, 523
10272, 199
36127, 869
8935, 525
805, 319
9880, 368
17120, 655
11901, 881
22235, 546
41036, 762
11056, 722
55094, 178
50557, 214
10652, 596
28609, 921
24154, 546
28535, 630
44663, 56
28743, 886
5988, 527
38047, 755
58265, 376
37652, 667
33026, 976
48552, 257
17100, 779
53150, 213
28895, 22
5004, 716
52955, 74
16555, 571
25676, 633
37789, 909
8724, 666
13218, 429
5433, 587
30616, 616
57728, 968
49602, 1000
13729, 756
47442, 92
26559, 518
11965, 842
10277, 228
40537, 924
56446, 786
26845, 306
58490, 23
22669, 355
55866, 953
14771, 138
34319, 158
6781, 879
4086, 828
8287, 175
10908, 515
34757, 76
3013, 453
40104, 491
56613, 716
31833, 615
19825, 690
39858, 700
42958, 143
30314, 547
3832, 49
44478, 63
18282, 665
25398, 222
3356, 148
16142, 904
45456, 3
7153, 279
46141, 549
17111, 32
7304, 506
48408, 474
18373, 280
45069, 152
46987, 526
19911, 997
45936, 135
36560, 20
6341, 21
37936, 123
19521, 997
705, 239
1942, 738
3895, 595
55084, 785
13117, 92
39310, 972
50574, 136
40016, 621
37286, 453
58996, 805
8326, 916
49561, 840
14411, 632
14572, 356
24359, 267
34702, 657
32390, 730
24346, 869
32849, 90
44092, 82
19233, 998
5755, 765
5555, 592
29210, 21
14087, 342
59281, 643
4003, 965
23138, 492
22913, 790
22876, 410
55539, 794
49699, 945
7535, 390
45028, 500
29913, 897
6631, 766
9923, 543
7440, 339
39686, 24
48436, 493
15601, 928
58212, 985
51570, 422
44708, 791
50584, 376
13158, 383
21889, 970
50948, 340
40671, 647
2790, 84
880, 707
28067, 818
11487, 348
18861, 879
24342, 363
21753, 264
15969, 715
6212, 989
1048, 399
57875, 852
136, 142
26377, 271
42966, 229
1652, 305
32274, 374
56326, 947
26892, 729
42148, 69
38951, 747
28248, 286
48254, 382
48943, 981
36881, 231
11382, 543
13521, 874
55809, 602
38800, 861
30759, 920
57568, 319
6020, 150
2244, 40
20397, 207
6175, 712
41139, 664
47, 814
27948, 379
6057, 111
5726, 894
25653, 117
46507, 934
56817, 574
27024, 780
17769, 94
23540, 945
43219, 334
43533, 820
57760, 216
25693, 511
24288, 39
8846, 308
12610, 254
19563, 143
13246, 344
9855, 122
17763, 484
4344, 362
1612, 542
42188, 912
35132, 84
31160, 999
30454, 868
1699, 84
58367, 781
47030, 16
31338, 618
49660, 734
29155, 970
45774, 926
16093, 784
5802, 842
59850, 677
39724, 138
20162, 490
47350, 784
28142, 309
52174, 689
41279, 574
21185, 536
20895, 897
24132, 119
57247, 437
41619, 361
29338, 200
51424, 159
7075, 345
39671, 271
24916, 493
5944, 879
7408, 627
50463, 361
20980, 371
59145, 310
36329, 996
24809, 774
39987, 484
35723, 114
37899, 399
13864, 348
3802, 38
21403, 92
32732, 567
35729, 406
9578, 943
15946, 20
58950, 282
48228, 578
50908, 31
54857, 358
32278, 449
11777, 871
50276, 668
31357, 985
19250, 466
42101, 520
20200, 99
6032, 240
42985, 383
49802, 410
55416, 875
31756, 756
46145, 732
51207, 266
46497, 155
28373, 198
44666, 588
24880, 627
44611, 514
41045, 592
57770, 432
55023, 564
55721, 828
35306, 115
53458, 6
6091, 933
11359, 270
30753, 284
1247, 550
13155, 613
12612, 418
59478, 788
33234, 288
37501, 288
14339, 269
57853, 609
48328, 334
16257, 548
55395, 581
22730, 682
48426, 756
43254, 38
22821, 930
12617, 741
48086, 918
36681, 417
54453, 519
21057, 399
1432, 889
23546, 954
19498, 982
33410, 565
28678, 21
26770, 115
19079, 523
40828, 350
21043, 415
23268, 399
53835, 233
19240, 924
59339, 27
23676, 281
18157, 946
32633, 878
22912, 190
31321, 619
15412, 654
12004, 251
54916, 712
38067, 680
55458, 653
19897, 169
43447, 323
4905, 553
4431, 238
22670, 544
22294, 651
23313, 74
40059, 127
19029, 567
18941, 173
10876, 843
55009, 479
40614, 704
42153, 408
52310, 208
10063, 693
41688, 78
45934, 936
46728, 94
14762, 357
40155, 159
38939, 703
17489, 183
31450, 734
14997, 244
20337, 876
35823, 268
17611, 54
20621, 931
21720, 934
5554, 357
58892, 912
55039, 310
49443, 242
15736, 663
13278, 863
2506, 427
37840, 857
29483, 441
8800, 558
45386, 955
44524, 753
22390, 17
10695, 614
33248, 903
54254, 287
52215, 520
6932, 752
48035, 703
18367, 6
54212, 143
42991, 240
42346, 31
19527, 908
41534, 388
46551, 285
25695, 363
21581, 37
24950, 216
51638, 184
50537, 481
37481, 737
29493, 493
37985, 859
19248, 836
46927, 708
36934, 914
47200, 346
21855, 676
46067, 595
31083, 192
19397, 705
50017, 528
46556, 767
31666, 979
40829, 678
4963, 143
11259, 231
39561, 199
45874, 497
12140, 548
44238, 104
16594, 514
49373, 904
14530, 71
41304, 964
2515, 174
34707, 684
204, 102
23611, 731
36022, 76
48531, 978
14052, 968
36762, 849
22665, 678
50190, 584
4105, 134
43008, 269
59462, 161
31193, 718
39729, 601
44642, 920
5061, 472
26284, 109
21292, 849
41172, 917
55554, 393
57516, 772
38929, 101
1041, 535
40355, 72
50234, 840
40237, 330
51371, 532
55994, 480
54042, 910
16715, 100
12060, 860
27714, 292
27085, 396
52245, 778
29350, 777
2923, 978
50093, 641
17157, 742
53127, 605
20513, 768
18679, 555
41665, 513
4656, 983
2903, 160
12747, 544
47935, 531
19792, 755
26324, 105
58226, 427
51680, 665
27609, 939
19634, 440
53414, 948
18403, 805
44861, 160
20880, 437
28282, 540
17866, 155
23872, 889
30093, 217
37624, 509
3316, 226
20022, 985
4293, 166
37243, 532
22656, 38
53091, 356
7048, 682
50648, 867
15105, 442
54546, 329
2050, 503
43212, 357
43468, 877
57969, 994
22619, 445
13838, 82
47046, 824
54452, 483
50462, 179
33846, 428
36316, 849
48206, 869
56006, 406
13113, 272
18136, 505
18768, 737
56946, 328
53176, 741
731, 48
17895, 341
46829, 413
12106, 758
38397, 49
14961, 718
5432, 491
23672, 256
15236, 718
862, 887
32449, 791
30116, 829
32460, 467
48540, 748
21433, 416
59338, 687
52462, 578
45740, 957
39677, 655
49629, 867
44860, 854
59904, 157
20501, 933
58088, 997
57664, 665
6101, 834
8238, 944
426, 556
51504, 479
5753, 352
51364, 455
37386, 225
50160, 633
57881, 87
36280, 392
53019, 403
55373, 194
55799, 47
1616, 370
8225, 175
18977, 303
19501, 883
9692, 951
15440, 448
8, 501
53669, 519
29712, 455
34490, 358
53672, 97
42395, 882
6030, 265
18089, 648
33186, 760
16717, 760
14904, 602
50609, 134
19071, 561
32190, 466
50178, 15
4739, 565
53114, 557
1532, 497
42705, 267
42049, 100
43177, 509
5716, 155
5339, 786
48462, 200
2151, 104
50903, 684
9594, 644
8681, 212
40967, 675
11469, 155
1012, 442
55238, 127
52253, 724
34535, 230
23105, 775
59441, 564
23385, 570
18101, 547
37069, 329
32584, 924
28619, 228
6571, 731
41854, 367
42315, 955
57070, 112
2274, 492
29902, 894
11222, 341
59536, 326
25387, 859
11242, 888
38010, 852
51320, 611
12111, 340
36419, 330
18085, 920
8761, 447
29121, 8
1394, 97
14928, 408
38523, 101
8531, 78
45790, 588
51988, 19
18594, 130
28812, 401
33510, 263
4578, 612
12434, 520
13590, 560
33252, 3
57068, 206
17553, 441
40426, 652
54558, 408
51221, 217
59413, 284
1876, 934
54325, 751
51428, 409
464, 131
46296, 789
22641, 709
2044, 873
3566, 791
905, 796
33858, 336
21573, 283
52688, 183
56356, 593
40224, 249
30387, 712
34892, 244
24505, 60
8858, 82
27351, 285
4826, 947
16330, 483
26127, 755
9524, 660
33422, 394
13573, 562
38643, 281
51673, 487
24727, 398
23548, 32
8602, 55
16130, 2
557, 696
5895, 852
16647, 537
39156, 305
13030, 607
1855, 836
19512, 532
20420, 351
49447, 558
7090, 181
44237, 218
23877, 289
53896, 557
12711, 415
59357, 561
52317, 128
56248, 683
32558, 338
30224, 194
26454, 571
6258, 214
33811, 121
50722, 817
8770, 509
51039, 233
35072, 23
785, 469
29542, 978
56244, 327
9835, 845
56325, 638
20641, 563
1631, 359
36869, 865
29622, 572
16831, 518
9193, 673
58608, 951
30358, 899
59783, 174
13775, 812
58043, 982
27419, 701
6625, 420
19226, 42
18374, 646
45066, 701
13248, 100
33495, 654
50305, 919
17525, 28
34497, 740
13950, 203
41638, 835
27538, 430
22399, 283
32036, 795
21308, 447
33561, 709
10975, 429
54974, 478
5236, 725
9934, 692
18690, 210
29133, 469
1194, 424
8924, 750
43413, 815
7842, 745
11793, 543
4996, 289
46080, 759
44797, 105
2476, 985
59656, 612
37361, 376
9094, 462
37634, 654
14321, 809
39186, 865
45869, 990
3843, 899
5514, 3
83, 666
19419, 738
27516, 662
29448, 841
50324, 544
38046, 695
53623, 900
10015, 515
36453, 284
46146, 920
7376, 241
2219, 961
26540, 161
25927, 819
30451, 748
30750, 805
11270, 179
39747, 789
17556, 955
46210, 657
686, 223
53258, 385
15299, 801
57328, 354
30737, 131
17638, 336
46344, 943
52776, 496
18815, 92
32197, 235
16040, 149
39883, 904
43311, 238
27674, 928
25380, 983
15665, 975
30943, 909
54487, 207
57262, 748
12641, 709
55967, 258
54488, 948
55743, 629
52845, 660
6421, 486
56747, 649
747, 883
14944, 42
28053, 608
49256, 531
12326, 665
47435, 161
16568, 7
57062, 986
18531, 815
1767, 169
35906, 880
37484, 1
56474, 477
27944, 316
56738, 779
30288, 799
8917, 894
49302, 353
51011, 30
12721, 849
26354, 903
59726, 226
43372, 374
29766, 996
35307, 919
7561, 686
13385, 288
8174, 412
18239, 54
48928, 680
44344, 633
14886, 799
9388, 175
12803, 876
11394, 579
26596, 455
22891, 876
33891, 699
50330, 401
37730, 428
55220, 972
34342, 139
17311, 93
19477, 554
20250, 153
43694, 30
52209, 31
48154, 745
36413, 864
14476, 20
3514, 425
20989, 922
18619, 459
1678, 198
38421, 581
14672, 377
28575, 643
2655, 213
40760, 849
59371, 921
17245, 143
46081, 915
16913, 901
9195, 291
14062, 534
9047, 25
58541, 52
47059, 331
37199, 725
35497, 578
42745, 867
25460, 829
24595, 781
57147, 447
49201, 930
51728, 379
52973, 535
53563, 133
38323, 871
56347, 789
45610, 352
52435, 946
3752, 492
13125, 533
45576, 356
21245, 700
26117, 758
52939, 327
11299, 709
37849, 630
11397, 840
35511, 102
11556, 394
10227, 199
22737, 967
537, 539
11451, 903
26930, 848
28613, 3
45217, 484
51679, 216
34807, 373
50333, 189
13214, 490
4746, 316
36596, 323
36885, 826
17535, 352
40109, 379
43813, 64
23371, 898
7589, 778
9567, 482
31586, 269
34600, 578
578, 620
6561, 227
11176, 276
38507, 774
14391, 209
16788, 944
45542, 585
23175, 705
41473, 877
39011, 561
12668, 577
1512, 890
10697, 346
3570, 786
20879, 475
3438, 621
42542, 465
53505, 614
10386, 807
15862, 268
56688, 369
17583, 684
19662, 367
31325, 963
21884, 903
49139, 846
43482, 470
47235, 833
52447, 473
59235, 408
33156, 914
7002, 511
22611, 409
34706, 639
35852, 416
32649, 86
30022, 44
33610, 1000
42383, 96
32029, 366
10607, 654
26102, 268
33735, 559
20087, 313
52664, 173
45829, 991
5360, 413
57777, 637
59150, 380
9542, 315
20602, 131
24632, 912
40508, 283
39167, 554
29382, 750
24015, 5
44362, 484
37853, 821
29887, 730
47217, 772
57823, 297
46873, 585
19665, 434
19824, 340
35682, 355
5106, 85
20797, 282
16102, 796
6277, 242
54207, 830
41566, 492
14836, 968
58739, 663
6440, 337
56641, 132
50120, 525
14756, 135
29562, 415
53474, 2
50855, 209
22543, 827
47374, 385
4741, 749
34717, 513
29404, 971
76, 161
3459, 750
51260, 104
46783, 306
7828, 60
33653, 905
7954, 663
7009, 529
15128, 295
16429, 961
7779, 652
3583, 729
52005, 997
56859, 571
19781, 119
17136, 605
59151, 418
12664, 733
37833, 926
10346, 628
32848, 521
59435, 693
32482, 398
15060, 472
37164, 460
6557, 162
37525, 34
57538, 957
46747, 615
51443, 58
34464, 580
26282, 826
31129, 37
36113, 423
21515, 418
18207, 604
13955, 47
30850, 788
17078, 365
55114, 900
36157, 121
11541, 198
25253, 989
21704, 561
32946, 731
7367, 391
22401, 121
45519, 853
26225, 847
47719, 295
15916, 142
22036, 27
32316, 237
56993, 170
27175, 715
27900, 610
11723, 93
46872, 118
4379, 26
14255, 943
32226, 195
45958, 670
39391, 266
17684, 633
19455, 749
45197, 989
31862, 323
31199, 899
39608, 932
17147, 383
11560, 791
48033, 1000
9085, 413
46202, 689
40253, 638
39466, 639
19594, 576
8779, 585
18068, 984
44795, 834
21398, 961
16615, 555
44220, 736
32777, 424
39484, 630
56644, 640
51824, 106
15014, 571
47008, 373
40296, 996
35050, 113
14248, 453
34677, 249
26069, 134
4193, 45
24811, 567
3173, 956
54591, 448
42300, 475
4203, 469
37802, 792
5863, 634
54483, 761
28555, 75
15486, 144
22676, 816
24954, 167
512, 775
58641, 490
18867, 676
58640, 796
21620, 315
17862, 438
8003, 194
12858, 839
13613, 345
10328, 716
20325, 914
34830, 56
35892, 561
13025, 128
40994, 963
44394, 705
55260, 973
26650, 567
55742, 737
32040, 565
26345, 456
31146, 84
15890, 905
23251, 216
9323, 148
11876, 109
19142, 485
54286, 478
49059, 296
39313, 791
14733, 802
3181, 564
55127, 596
20086, 360
9850, 920
27517, 969
6511, 454
25381, 253
21639, 473
56044, 592
58536, 604
44850, 971
33916, 539
24835, 162
13867, 707
15175, 750
3022, 766
22604, 958
23706, 213
58417, 662
41839, 708
17943, 793
26918, 53
18618, 660
11462, 566
5062, 696
17364, 732
8331, 91
3823, 29
48951, 200
55865, 422
29106, 130
41965, 971
38224, 624
9908, 961
10129, 532
52446, 783
26135, 292
28177, 535
19026, 415
57781, 19
57264, 92
39330, 304
6754, 537
33834, 744
54886, 195
10470, 468
34970, 663
15290, 517
52967, 982
5001, 442
56258, 921
10431, 482
17426, 75
39034, 704
4508, 705
42342, 420
25733, 14
54120, 98
34416, 612
12167, 890
53983, 623
4983, 934
17194, 32
38998, 429
50815, 625
34697, 13
17496, 492
4514, 199
49524, 936
28852, 290
28058, 26
57748, 504
3532, 448
2919, 833
47696, 18
14941, 224
51094, 718
33305, 17
9532, 651
42551, 639
48706, 957
10594, 682
25826, 456
52290, 966
24820, 407
2346, 203
32489, 605
49281, 618
2075, 759
12918, 885
12788, 945
29420, 103
28052, 765
9584, 167
57376, 133
36635, 182
17671, 798
49329, 922
56763, 185
51252, 49
31513, 184
29174, 786
55885, 958
5105, 970
37520, 514
46836, 810
55066, 156
35894, 885
52729, 465
27505, 388
24503, 2
56100, 923
45578, 223
11484, 510
24846, 781
32464, 274
16353, 363
8103, 476
59877, 247
40823, 90
41010, 52
41105, 484
50302, 826
50244, 178
19396, 20
41677, 117
40305, 902
2455, 278
57274, 650
34290, 140
2214, 957
36399, 682
36416, 909
33534, 800
44661, 643
40443, 30
29601, 628
58519, 406
34768, 886
37732, 836
23693, 760
112, 270
26645, 833
54204, 941
50249, 928
10171, 732
7562, 604
1682, 257
55019, 902
50486, 96
44089, 879
16759, 873
55237, 711
41873, 844
1545, 656
8437, 356
32664, 167
33960, 169
20616, 102
10254, 869
11995, 170
35959, 356
38425, 880
10976, 653
22918, 152
38120, 974
25119, 611
26498, 140
18230, 609
38168, 816
28002, 604
47844, 926
36436, 303
38449, 7
18766, 557
20300, 425
43743, 168
26066, 704
43986, 301
2617, 177
774, 94
7670, 770
44224, 247
4374, 575
44328, 559
12643, 876
42827, 768
34700, 824
12797, 832
28259, 363
25079, 798
52928, 683
16840, 362
58167, 67
22789, 898
54579, 991
39470, 280
56463, 338
59928, 628
59067, 330
38011, 555
22860, 254
45755, 579
19939, 677
8391, 647
1919, 336
36046, 152
48530, 362
47455, 792
40686, 807
49212, 445
25516, 563
31071, 863
53297, 649
29220, 198
15432, 173
2002, 437
49898, 102
47091, 425
18400, 444
16904, 755
34733, 128
25982, 352
27591, 551
56385, 917
38520, 802
1036, 416
59687, 665
5502, 300
14576, 844
23259, 554
27150, 732
42759, 516
348, 697
17007, 540
41355, 351
26465, 251
43903, 912
9926, 631
34419, 900
4829, 920
47834, 180
45384, 272
58349, 90
6942, 39
26235, 218
9899, 609
53168, 692
20343, 399
58738, 480
27255, 824
30698, 611
52734, 57
53859, 817
54855, 220
15741, 879
33604, 327
44104, 575
37039, 299
21735, 853
28224, 73
56904, 97
45537, 813
33160, 788
29009, 819
12493, 672
28935, 677
41950, 416
5494, 897
24204, 985
13883, 568
3322, 231
39225, 364
25767, 516
50240, 953
55530, 437
44912, 39
56168, 411
20629, 653
2885, 523
15393, 250
22330, 48
20335, 353
47239, 131
33289, 975
57704, 168
58412, 98
3985, 911
38648, 46
55499, 958
37741, 19
32719, 732
13200, 572
42195, 831
12015, 598
28887, 574
52717, 743
4819, 936
40021, 52
41784, 282
29251, 10
5654, 521
409, 103
46198, 122
9984, 478
31637, 733
21726, 850
35633, 16
58905, 130
2616, 287
16121, 336
28515, 101
56128, 274
41251, 605
52226, 276
28811, 16
22550, 858
29477, 51
43285, 303
10985, 466
15982, 270
19173, 14
49026, 39
26214, 157
58821, 150
54699, 167
14839, 459
5, 682
6785, 844
59696, 60
9974, 188
29215, 829
14112, 867
17213, 350
22215, 939
17536, 711
50720, 567
25775, 569
39897, 730
52613, 390
43206, 17
37753, 563
41246, 962
31010, 764
34156, 34
59304, 968
53148, 376
44631, 282
30521, 437
7388, 518
9872, 657
14131, 468
28086, 942
52661, 627
45238, 224
35170, 192
31182, 276
49013, 414
13740, 187
2422, 866
59347, 161
16042, 379
21198, 273
18469, 675
57801, 386
59025, 687
56018, 545
24886, 705
19002, 213
30868, 254
28509, 820
21272, 121
47726, 932
19235, 344
16269, 599
12055, 623
8226, 45
17059, 718
22154, 777
2499, 353
40750, 28
26662, 215
18727, 810
42268, 414
53286, 17
33385, 168
40164, 633
32767, 633
59730, 535
14153, 270
33230, 930
45798, 660
13429, 953
6701, 245
23593, 958
15421, 113
25356, 73
21527, 672
10741, 753
32405, 391
43340, 953
23714, 308
46678, 484
43252, 713
21421, 280
20691, 656
6283, 945
8803, 900
43032, 101
27826, 985
38581, 328
6368, 659
51400, 857
37605, 506
28258, 712
57368, 641
16601, 142
52087, 773
54509, 727
43662, 220
34341, 623
13105, 294
54237, 868
37304, 703
31883, 15
21291, 773
15137, 291
54327, 648
30421, 816
19797, 832
56143, 629
56590, 893
39316, 596
27682, 272
42995, 75
56772, 672
16908, 582
15704, 651
25878, 668
58327, 651
11205, 946
42626, 658
415, 813
39509, 833
45490, 466
16192, 350
940, 610
33639, 59
9327, 767
32809, 124
28856, 694
4362, 167
26777, 619
36484, 967
42519, 217
5945, 472
58668, 101
24594, 626
16215, 992
17929, 780
14208, 611
33016, 85
29994, 338
3731, 702
51029, 439
26055, 710
10281, 820
9398, 915
31712, 208
23315, 135
53919, 323
24864, 38
5316, 601
24600, 384
29908, 412
29264, 921
10971, 578
9897, 627
7932, 845
2641, 951
8179, 293
14780, 933
41497, 857
19391, 891
8837, 186
49824, 952
47118, 553
31535, 285
23159, 708
38319, 229
18455, 237
39875, 688
3538, 104
28119, 273
30520, 868
11903, 90
42467, 259
33670, 944
24463, 404
52820, 833
34557, 645
39263, 308
2927, 444
26419, 268
16684, 307
59206, 99
2962, 34
32842, 502
2229, 701
47811, 605
30580, 998
56770, 902
45162, 875
41631, 398
21669, 470
52792, 753
3031, 162
53724, 244
18704, 216
34887, 31
36529, 347
13198, 765
35676, 135
46350, 25
26163, 997
51565, 359
12225, 449
4170, 702
46510, 846
39095, 115
58460, 710
13407, 550
45602, 756
24117, 286
55964, 919
23894, 918
27031, 316
17758, 25
15188, 726
12408, 566
30761, 49
17609, 475
59776, 741
48678, 78
7241, 407
26123, 541
30403, 515
16724, 849
55685, 175
6446, 291
15150, 584
57040, 443
14394, 746
16211, 966
41685, 935
56965, 385
57813, 426
3015, 230
4370, 934
24067, 15
39610, 940
41368, 61
36175, 491
35792, 136
8907, 523
27452, 579
34235, 936
45281, 135
11108, 361
19031, 144
39890, 726
31427, 839
34009, 628
43155, 288
58313, 311
48557, 747
34950, 537
8954, 874
41178, 107
10152, 749
29320, 556
26182, 663
29770, 126
20463, 352
16743, 380
33283, 324
50798, 868
30901, 361
25730, 853
42950, 630
17790, 944
32735, 351
10390, 827
54861, 235
47964, 228
34716, 601
47020, 304
4700, 556
22475, 981
29463, 646
24560, 661
3121, 194
31079, 942
40210, 989
50843, 882
13693, 279
42201, 245
9644, 280
1376, 127
16756, 931
31186, 560
26515, 433
44181, 163
16902, 852
3204, 611
11145, 640
30611, 738
42259, 358
49705, 309
20831, 225
5389, 114
51313, 491
13206, 133
51838, 339
59130, 6
49215, 785
37665, 331
21408, 218
23970, 781
35619, 300
5710, 574
59091, 542
26170, 707
6873, 733
51627, 5
2983, 891
23027, 43
8713, 545
11892, 847
46312, 358
36288, 582
34737, 535
28656, 853
18558, 148
55744, 559
19737, 209
36006, 104
9097, 817
17984, 523
9146, 603
58123, 827
10736, 986
42126, 431
30338, 135
8115, 516
765, 446
42418, 199
35691, 412
20737, 612
2176, 414
47669, 807
12093, 493
37001, 64
14814, 227
51282, 682
38004, 280
55195, 423
37925, 421
36879, 523
16712, 633
58592, 778
45268, 238
51003, 996
3175, 535
31620, 158
10076, 819
22888, 95
8701, 274
49579, 709
44428, 707
52686, 455
25382, 623
50784, 656
29546, 327
6708, 607
35491, 275
29057, 874
2289, 775
27615, 931
20472, 373
23562, 343
17382, 612
26327, 822
25127, 469
32364, 100
6896, 677
59409, 309
41664, 438
58169, 158
1857, 133
13971, 579
5909, 686
37707, 471
21157, 544
33583, 471
43103, 267
41761, 321
5168, 840
59233, 564
22734, 710
47617, 617
45857, 971
29607, 467
42085, 265
57048, 225
16132, 673
26839, 90
36895, 277
19127, 553
49843, 943
5812, 149
4771, 887
36733, 465
40083, 178
38533, 645
47440, 14
34465, 892
23846, 502
26396, 529
5199, 303
31339, 843
28157, 789
12144, 585
57620, 30
58351, 185
6247, 473
15922, 126
6711, 892
23491, 110
39492, 814
3225, 811
11172, 834
6282, 56
11424, 844
31345, 772
51386, 137
27001, 634
54800, 649
22071, 180
24157, 900
37407, 197
21066, 466
43346, 345
52031, 988
50317, 582
3178, 216
38151, 209
3314, 981
43449, 683
27314, 94
21591, 31
32163, 729
45940, 569
8210, 617
49340, 29
3617, 857
39822, 950
23836, 65
37645, 296
21080, 321
11028, 761
25295, 815
49418, 329
8525, 356
54071, 554
46823, 666
21874, 534
48791, 871
45166, 174
15593, 91
44734, 820
29597, 557
9907, 14
17167, 904
51283, 963
20909, 470
27756, 496
48109, 506
47032, 300
52466, 670
54268, 548
15947, 476
262, 250
29544, 122
22473, 565
20240, 322
6279, 515
8688, 802
34538, 151
6997, 668
36427, 326
53100, 965
49614, 641
34681, 859
41725, 989
26994, 906
10562, 200
57903, 881
57505, 194
27778, 118
20115, 805
42946, 43
39275, 801
21160, 53
3130, 512
42356, 185
44022, 722
57441, 418
16373, 674
35812, 564
57520, 346
18206, 39
1039, 593
1946, 717
9728, 840
59961, 913
33497, 256
46023, 816
45199, 25
11605, 101
43721, 415
32439, 732
8442, 518
4560, 48
19170, 317
17749, 433
44095, 246
42996, 503
38787, 648
15037, 712
43497, 414
34078, 821
32763, 415
11846, 281
16458, 768
23789, 848
36025, 494
48937, 21
51068, 826
54003, 404
34498, 43
43719, 850
36013, 626
17468, 171
53910, 488
26535, 255
24052, 995
48306, 288
14691, 261
51719, 683
34726, 924
57869, 439
1939, 993
40955, 77
20418, 711
23581, 557
45056, 284
7049, 232
38376, 467
43031, 558
30292, 585
54144, 281
4365, 863
33189, 943
51871, 91
14449, 262
58730, 273
37273, 791
5144, 859
24042, 283
20458, 695
54710, 559
57466, 670
59792, 291
43190, 533
28154, 539
37916, 733
15204, 838
17415, 597
2459, 725
46533, 869
52023, 779
57999, 628
52588, 832
26347, 634
53980, 305
3490, 700
20039, 231
42301, 972
35446, 688
33379, 339
30535, 608
1572, 261
1539, 491
49331, 165
51220, 941
594, 321
35524, 176
17396, 926
41392, 917
54720, 745
38988, 357
24295, 290
15256, 31
17807, 344
963, 556
28292, 840
30270, 537
3794, 329
32840, 314
17768, 544
13978, 190
4705, 31
30372, 367
16885, 260
51918, 274
58326, 658
20502, 385
50705, 556
1620, 101
50176, 738
4892, 906
5208, 191
33558, 638
45156, 491
48813, 612
33298, 753
3020, 826
53951, 789
57706, 895
6496, 771
16295, 593
18009, 912
44256, 266
562, 1000
24187, 466
9521, 728
29024, 459
42094, 435
55889, 214
12821, 373
59463, 377
16935, 5
15040, 206
36229, 161
1305, 452
55274, 733
54919, 92
10731, 473
18405, 594
20683, 568
17096, 222
17561, 606
10699, 466
23924, 735
16290, 761
58095, 652
38927, 754
35804, 8
12566, 630
36900, 108
51647, 551
4482, 913
31375, 635
3547, 359
28775, 605
51853, 12
38530, 796
35748, 473
39909, 78
16529, 57
5869, 480
52157, 996
44360, 290
51809, 843
15332, 318
52437, 75
53047, 506
5985, 869
260, 63
20790, 994
50739, 845
10892, 772
22008, 668
3733, 63
31921, 421
23640, 0
47060, 214
10183, 892
2742, 602
24033, 533
56436, 145
43176, 824
31112, 427
47659, 99
25895, 250
24492, 711
28321, 278
50132, 740
43510, 505
32948, 370
32647, 438
42272, 89
3896, 165
49825, 418
10694, 157
53175, 928
13933, 829
41474, 784
34331, 680
1111, 605
16626, 294
10915, 698
16949, 95
56394, 950
6060, 272
57281, 733
41523, 762
14913, 929
733, 155
45143, 184
15041, 678
59303, 470
44471, 186
59389, 148
6166, 73
21512, 456
24318, 772
13418, 562
56682, 559
50036, 338
45426, 571
19838, 668
43673, 765
106, 764
44807, 20
46459, 103
53012, 657
40982, 144
52385, 328
41657, 965
11865, 124
48946, 729
54155, 873
13892, 155
51810, 405
28355, 368
58234, 688
8302, 960
49515, 955
52467, 574
53253, 398
32751, 804
17292, 80
54372, 446
58840, 118
24092, 489
4406, 715
5621, 224
10623, 716
32252, 400
19488, 562
46090, 917
52650, 996
2179, 17
33417, 761
14417, 692
29479, 656
22069, 136
1312, 836
23222, 329
12650, 163
30949, 490
11845, 406
7837, 407
32822, 481
28607, 706
4142, 411
11031, 305
20274, 264
3184, 230
50593, 935
38699, 841
20803, 145
6219, 588
53027, 748
41649, 37
58901, 537
20007, 921
44498, 48
34392, 969
33966, 461
29233, 211
39941, 444
18880, 658
4210, 66
43829, 267
10372, 332
18675, 73
28302, 868
52444, 107
94, 786
55555, 863
51321, 974
59113, 164
23759, 89
42637, 657
5525, 459
58266, 989
25852, 586
31727, 256
8458, 966
45818, 224
46190, 580
2166, 14
7159, 993
47836, 672
24573, 985
38172, 99
12441, 857
28627, 712
27540, 243
23299, 423
22279, 308
16891, 550
41929, 998
11998, 900
32490, 567
20716, 194
33276, 327
25316, 13
10024, 49
56149, 433
34991, 968
3253, 74
51953, 416
30111, 193
45076, 947
47872, 403
13224, 801
362, 734
35893, 981
57024, 464
6704, 450
25148, 819
13847, 239
39798, 966
38350, 924
27903, 755
50555, 876
11471, 236
13514, 981
48957, 799
17109, 145
17815, 912
17427, 944
678, 531
40105, 321
13136, 524
55374, 360
48753, 243
20431, 863
20280, 205
4486, 308
5215, 831
40316, 151
44259, 44
48727, 909
29722, 244
54625, 692
4798, 158
45248, 154
56780, 442
53547, 275
28059, 182
6292, 198
52968, 820
41114, 206
38339, 738
39301, 374
24830, 571
23524, 407
59366, 531
52345, 105
45588, 784
1383, 602
41437, 398
56334, 715
43295, 569
29784, 91
1899, 159
51689, 275
16789, 54
26380, 936
34150, 721
1825, 81
55534, 578
2254, 476
6458, 128
9217, 423
22680, 649
1842, 512
52774, 284
31177, 295
31763, 443
3078, 935
49364, 885
21434, 447
34913, 171
57413, 773
43571, 961
36724, 846
54341, 416
36858, 342
51999, 287
12202, 181
54810, 996
24711, 138
42750, 170
2043, 620
5064, 378
645, 617
32084, 386
51738, 428
6168, 936
38845, 74
38283, 10
54489, 258
58117, 255
14722, 125
33345, 104
35231, 155
38704, 672
50710, 798
32839, 787
13260, 185
31990, 834
48167, 789
51954, 55
25339, 455
35067, 279
57987, 173
22590, 848
42865, 818
28081, 150
30354, 548
59727, 349
11866, 713
57970, 898
32343, 278
39297, 953
48371, 785
8946, 234
50485, 723
59434, 64
51945, 751
47830, 388
26528, 220
7251, 378
17273, 117
48873, 740
29486, 653
20587, 825
25611, 124
44828, 506
3510, 414
44426, 786
22228, 643
14364, 69
1445, 979
13432, 662
30528, 506
50123, 742
55564, 320
43826, 54
57081, 367
51296, 933
51896, 263
13856, 249
12418, 699
20330, 887
50718, 961
1295, 263
57791, 992
7487, 979
29750, 394
31889, 533
6663, 877
55906, 317
4090, 50
9366, 238
28126, 62
11429, 206
40571, 448
18657, 826
21139, 837
34315, 279
34622, 168
27519, 519
22547, 412
12500, 110
30651, 13
1209, 153
7738, 906
49750, 829
18769, 391
10794, 288
17722, 228
41894, 486
4166, 504
24331, 61
350, 425
57237, 81
34856, 125
28236, 526
54975, 677
56707, 483
59362, 399
54163, 881
45373, 784
34547, 351
40048, 450
18349, 653
29806, 153
20344, 924
15533, 950
53848, 659
30360, 92
4980, 519
814, 601
5288, 335
29797, 623
2933, 10
48385, 978
13788, 991
34679, 246
22854, 205
8142, 978
49150, 168
28814, 50
5639, 566
52791, 921
27799, 76
12087, 935
21722, 212
15298, 652
11178, 17
59748, 932
57136, 187
51696, 610
34772, 148
55638, 416
23119, 992
56233, 508
54993, 739
31985, 106
51909, 665
34990, 225
13512, 622
15648, 710
73, 741
3953, 198
35246, 701
44932, 62
57160, 591
42297, 1000
7402, 119
26142, 880
18404, 2
17024, 669
29785, 633
43718, 880
34432, 493
13177, 473
18081, 70
45364, 825
31741, 262
38229, 630
2123, 923
4988, 975
35176, 828
5762, 471
13285, 183
5981, 533
53948, 465
48428, 788
49922, 315
22949, 557
55302, 31
52238, 392
40278, 230
52797, 797
39985, 601
27967, 650
38392, 461
58669, 645
16131, 768
59386, 371
8766, 965
11216, 182
36368, 14
51941, 735
35807, 797
46252, 883
42091, 414
4008, 962
17144, 828
54183, 449
6333, 84
42286, 882
50194, 482
52103, 207
11921, 967
59528, 60
1729, 785
40501, 124
13547, 666
47125, 58
17579, 996
55617, 471
48373, 189
8342, 933
57822, 275
48709, 691
25684, 420
34468, 385
1553, 310
43722, 468
16628, 224
11513, 164
45342, 966
40136, 549
18996, 497
41754, 446
1165, 91
25626, 413
50984, 511
27905, 287
3522, 353
15821, 922
38783, 997
37460, 646
17690, 580
16591, 895
285, 204
2755, 239
47731, 237
54118, 260
57765, 417
1026, 768
54246, 563
39800, 60
19174, 337
16091, 168
48891, 503
55880, 546
37461, 242
18637, 772
34375, 60
20197, 755
12577, 738
18073, 290
53570, 42
19831, 668
54115, 579
9518, 483
29173, 331
58277, 952
30363, 1000
48730, 664
18117, 927
35521, 907
40318, 980
59270, 423
47515, 483
41947, 955
28476, 437
31309, 705
36254, 363
53291, 242
3123, 945
3272, 626
35607, 860
15625, 337
47832, 500
434, 469
11052, 936
22700, 538
38128, 252
43421, 123
48482, 164
33292, 385
40500, 590
59639, 765
9034, 601
19215, 244
49063, 377
30813, 531
34397, 974
53729, 368
50724, 189
16315, 143
38676, 48
40995, 829
13611, 948
39058, 395
7450, 569
55136, 963
45783, 391
14727, 789
3846, 411
6875, 655
42802, 465
58799, 24
7541, 165
52022, 29
54934, 5
42408, 570
4319, 77
15964, 73
9586, 92
56184, 16
21518, 663
56096, 363
1563, 156
35574, 175
25318, 790
23181, 483
10401, 146
42654, 949
30900, 797
8260, 187
52069, 157
56441, 147
49937, 227
19191, 870
50430, 8
47983, 212
30285, 804
22910, 413
23610, 89
36832, 602
47178, 170
25563, 110
31788, 801
20507, 87
6373, 79
48133, 990
8077, 948
3167, 46
45688, 916
48311, 374
30189, 338
21784, 441
57560, 240
1011, 880
24885, 374
51454, 217
8364, 774
23763, 872
25820, 338
21808, 99
3326, 223
12499, 120
36364, 339
53973, 139
21993, 928
35386, 498
14827, 673
34288, 998
14772, 797
56517, 661
29139, 325
7358, 892
21123, 176
14664, 978
57673, 765
52132, 355
24222, 319
59899, 727
7700, 44
43044, 784
59906, 184
8087, 422
25243, 435
10527, 594
40146, 431
35780, 514
31932, 686
30519, 156
37719, 932
12836, 717
10311, 333
43729, 20
30648, 319
32466, 208
49316, 411
7820, 956
9362, 890
53232, 737
36915, 913
6962, 551
24802, 536
32583, 983
34353, 985
11365, 447
31115, 921
36450, 176
58656, 573
6169, 631
53013, 978
46127, 876
33195, 988
28003, 771
48734, 364
11970, 220
32964, 349
42642, 938
14033, 884
32166, 709
51847, 893
32012, 572
52373, 656
46991, 25
41007, 179
36003, 224
24069, 944
49464, 944
53094, 140
11686, 473
1508, 601
32879, 571
53857, 98
23427, 409
22978, 863
52191, 308
53917, 518
13279, 428
22815, 167
17614, 387
53824, 105
4607, 396
58786, 795
51421, 254
53960, 356
57670, 100
14817, 420
32250, 61
50769, 655
18918, 347
46064, 629
3299, 355
1790, 563
10612, 673
40826, 559
56, 886
1053, 385
4345, 427
55124, 658
58084, 207
45474, 859
56730, 206
46874, 766
5808, 69
48480, 802
53145, 580
8976, 464
17947, 431
28876, 143
5838, 301
44819, 637
9148, 312
10229, 969
43704, 603
25846, 831
5976, 544
46689, 970
22453, 911
36119, 63
19268, 731
43348, 384
1421, 905
32205, 809
57613, 469
37152, 359
32207, 982
18510, 997
3321, 878
8971, 862
17436, 82
15662, 79
38477, 8
1935, 668
1772, 977
20410, 839
3089, 263
33121, 254
54598, 13
49832, 675
23889, 62
53895, 909
47577, 640
605, 855
19175, 411
56232, 906
2796, 413
55428, 525
29182, 344
31653, 476
57036, 443
33295, 753
31588, 565
26617, 504
15779, 693
38689, 418
9885, 193
12709, 184
3706, 857
58681, 605
42260, 607
17981, 450
46017, 56
52078, 205
24603, 275
34306, 496
13231, 444
34339, 17
17587, 267
29889, 153
5033, 867
45525, 679
24931, 100
24195, 894
26607, 856
4730, 769
9149, 962
7892, 857
49709, 722
44122, 962
52197, 912
14329, 821
43307, 44
48998, 428
29625, 926
5787, 911
52393, 472
31493, 359
57782, 857
12799, 826
49397, 232
46623, 970
38166, 229
25294, 185
19037, 216
20760, 941
7456, 325
38377, 836
48223, 111
15503, 250
9607, 688
28320, 330
15813, 769
19820, 39
35162, 37
8344, 272
18896, 671
986, 607
22714, 471
57767, 691
11318, 838
50702, 544
8723, 892
8576, 42
34032, 368
7315, 780
55698, 401
15095, 901
40802, 475
48723, 593
44326, 177
42790, 315
11457, 145
35905, 426
50031, 396
249, 508
59486, 636
8933, 985
56750, 868
49233, 949
53981, 52
44599, 967
11500, 156
2081, 77
7667, 553
15442, 434
29842, 289
29425, 723
16013, 173
32906, 340
22573, 734
8628, 946
17310, 336
23471, 852
7434, 57
44258, 421
35972, 175
4782, 241
16522, 664
7912, 232
29475, 138
37046, 986
12313, 264
24529, 507
37387, 475
4545, 320
55905, 45
15112, 581
390, 331
38918, 736
57876, 534
57286, 455
26143, 446
20578, 608
2280, 591
39712, 620
29204, 527
1926, 657
8488, 657
24961, 17
5991, 764
52856, 425
29318, 566
40867, 617
26208, 938
24926, 784
9530, 101
22971, 327
26776, 798
13569, 997
15045, 878
57628, 330
17720, 638
41397, 522
42295, 615
27525, 824
56197, 672
3780, 218
42836, 873
56483, 705
3435, 790
33176, 387
5023, 76
20327, 213
16281, 310
43841, 833
4493, 402
14006, 582
9959, 205
50197, 616
8422, 602
59915, 490
22682, 947
48899, 800
1075, 338
49944, 839
33840, 631
34447, 884
22280, 635
56418, 961
39792, 675
53058, 181
35987, 231
40057, 816
30311, 562
55059, 298
17575, 387
27447, 719
37435, 762
32124, 695
56202, 862
7383, 377
42943, 972
53567, 38
18587, 909
17443, 706
836, 708
27825, 48
25145, 555
12109, 49
1662, 41
20784, 334
4347, 239
18672, 715
48829, 63
53189, 414
30612, 383
39210, 205
3717, 346
5421, 545
27237, 131
34092, 762
48041, 287
32351, 473
53512, 200
25379, 710
28866, 497
19600, 262
44780, 389
12449, 476
2809, 876
58359, 810
17507, 20
21058, 24
55909, 776
3287, 643
53646, 94
50216, 653
29221, 335
20457, 409
27323, 35
32054, 511
36601, 229
20428, 214
33424, 809
39847, 153
5134, 501
55735, 700
16560, 117
37860, 243
2090, 221
36561, 275
12156, 456
24522, 262
3260, 17
54976, 766
50079, 17
41268, 495
1198, 976
39494, 8
23729, 86
8868, 410
38366, 981
15669, 634
59196, 379
45852, 6
44253, 576
49002, 794
50550, 355
12838, 133
12649, 464
38895, 551
10148, 590
56178, 914
4900, 902
48750, 509
31556, 472
34153, 508
17824, 547
17129, 574
35985, 185
28187, 879
4781, 863
28628, 964
40949, 187
38894, 823
2133, 761
50947, 703
19608, 204
42232, 56
4172, 263
7209, 714
44352, 72
11507, 404
11492, 621
22284, 927
1506, 990
32492, 611
25090, 953
44568, 673
59419, 539
3781, 260
11547, 673
17023, 387
15127, 986
52767, 607
35383, 663
26787, 850
3974, 45
55477, 573
42291, 266
35341, 697
51691, 47
24244, 764
39266, 822
56696, 878
53250, 970
32438, 574
19423, 310
38209, 410
46928, 778
36500, 472
4428, 39
13013, 199
56055, 591
54173, 899
47919, 179
55548, 517
52796, 664
44048, 796
36106, 955
27576, 105
2972, 148
56357, 446
6779, 912
29653, 518
7570, 544
23826, 137
12572, 592
5572, 985
21140, 205
10471, 439
57724, 358
27561, 8
54878, 395
1996, 424
19255, 121
3221, 871
17506, 899
43659, 208
18097, 772
6492, 21
54065, 832
38143, 491
14306, 248
21424, 403
40510, 812
12180, 373
41360, 879
47986, 396
58682, 501
7465, 448
57343, 577
37942, 237
29627, 605
27208, 665
13568, 705
9549, 353
38863, 550
19571, 716
10722, 442
57943, 511
11653, 549
56410, 500
52854, 567
40381, 871
20053, 205
22247, 108
58957, 254
58994, 175
38006, 460
1513, 453
41969, 558
48263, 159
35499, 165
39177, 317
20226, 514
27068, 848
20392, 760
32981, 132
47584, 513
45825, 622
22105, 887
23681, 914
6447, 282
46483, 388
58416, 929
6730, 926
58574, 148
47783, 457
37330, 634
41408, 14
51768, 704
56852, 936
15387, 595
3081, 180
19403, 4
51134, 454
2393, 8
54279, 733
43300, 920
51438, 668
30365, 264
14801, 658
20681, 981
4132, 925
10519, 920
15367, 296
41850, 665
54907, 965
19561, 386
33409, 516
56691, 985
7409, 679
53740, 701
43653, 679
44107, 8
35571, 462
51169, 116
53965, 331
54811, 711
59978, 468
55239, 657
51086, 843
39910, 339
13765, 350
22241, 987
22321, 1000
55752, 832
20026, 879
42799, 831
46844, 881
9824, 497
13145, 283
13845, 843
57250, 884
45234, 131
57189, 165
11953, 201
1420, 496
30016, 266
50418, 34
19312, 292
26550, 428
16639, 766
59778, 592
58808, 112
57783, 423
53364, 633
28315, 745
21201, 234
55852, 16
48880, 637
26000, 241
23801, 501
36242, 471
43991, 988
14554, 696
9052, 492
27742, 774
42017, 101
46214, 545
22570, 982
5776, 593
24166, 894
38731, 391
45760, 383
22804, 76
14421, 942
10362, 744
14186, 406
9721, 123
44101, 826
56807, 455
26100, 472
43797, 334
40086, 172
7188, 603
59096, 577
49618, 288
52837, 505
59474, 371
14936, 796
46651, 416
36474, 809
24028, 849
33640, 338
9971, 835
57221, 289
29921, 825
2653, 331
50424, 89
22156, 386
47927, 538
2685, 266
3259, 317
17341, 901
27400, 685
30424, 463
28465, 689
10327, 240
10345, 474
47593, 746
21041, 579
42766, 322
32758, 739
53717, 576
35546, 735
15733, 356
9544, 439
37982, 42
33785, 286
20269, 917
42962, 856
30152, 442
11087, 264
53703, 944
52377, 112
49911, 361
47861, 802
11576, 297
17623, 438
25770, 583
29442, 361
33507, 155
7478, 752
39776, 43
54982, 426
47892, 310
32548, 236
42386, 520
1025, 1000
12321, 108
47786, 447
23246, 395
13100, 725
21684, 943
58998, 774
14743, 114
681, 223
10942, 43
29947, 365
43057, 11
5264, 155
22535, 160
27781, 92
59261, 469
17527, 386
16003, 808
39917, 392
27858, 523
45871, 433
45397, 65
31468, 87
12927, 984
47657, 833
36627, 924
6630, 767
6181, 959
6479, 493
35597, 651
56781, 967
44944, 708
11192, 587
47441, 257
37136, 236
53989, 347
46609, 30
13757, 813
13266, 39
56068, 46
21719, 634
31200, 67
43479, 337
53654, 478
55686, 300
10192, 206
52473, 560
7240, 827
12681, 112
36298, 268
31776, 474
4040, 327
28284, 196
16406, 591
13375, 969
28343, 924
24821, 515
41922, 310
7872, 443
5655, 149
2279, 490
47323, 599
2175, 974
6237, 40
27169, 328
4204, 240
10849, 897
2119, 826
51834, 486
5412, 62
27396, 185
18096, 459
32892, 687
58597, 568
24640, 322
7737, 991
36570, 793
18949, 761
49799, 384
45283, 857
9511, 868
28534, 562
2320, 685
19553, 508
58660, 749
54698, 604
5302, 126
6909, 448
17290, 248
25862, 506
11068, 119
20972, 778
22514, 116
28128, 96
556, 142
13464, 656
34246, 665
54992, 921
10610, 497
21359, 868
11279, 687
38632, 498
10061, 917
21509, 92
6152, 75
44565, 790
18565, 34
58680, 119
56461, 163
55181, 943
10934, 802
56316, 558
10180, 107
43112, 971
14084, 568
23239, 881
47026, 684
52979, 250
58552, 724
7740, 729
10686, 643
49328, 545
59016, 620
14920, 295
38672, 470
5223, 763
39076, 270
28650, 411
29815, 335
38193, 527
58480, 323
33260, 270
14385, 690
6644, 663
56132, 850
44604, 815
38946, 855
12097, 81
3568, 670
4463, 663
35165, 81
58619, 136
21466, 903
12054, 50
21072, 856
43565, 615
51591, 417
12652, 223
31715, 523
3848, 677
3944, 564
38644, 860
50170, 400
41978, 561
37059, 515
17934, 907
39497, 320
40395, 954
6810, 533
48993, 490
12882, 377
53636, 602
38460, 408
55455, 590
23301, 484
27895, 775
9359, 450
39208, 413
652, 110
47788, 837
47528, 173
36104, 502
2798, 675
13915, 669
4507, 154
13524, 380
32337, 429
55887, 985
39098, 534
21543, 869
35952, 455
24262, 234
23635, 774
3057, 55
43450, 521
57986, 266
58768, 387
33940, 640
38185, 626
5855, 967
21587, 691
48613, 264
37764, 658
15075, 788
34671, 61
51820, 934
21644, 723
17055, 56
58910, 298
41152, 329
24626, 493
8891, 553
45695, 237
1110, 12
5511, 3
54779, 810
34553, 407
35399, 243
42748, 713
51828, 614
71, 176
42105, 700
18883, 601
725, 219
40520, 387
37714, 722
18124, 41
31492, 679
58790, 771
48491, 482
16210, 547
27361, 572
22882, 151
11065, 494
3215, 76
20275, 40
56195, 280
23253, 904
18844, 256
15515, 405
18443, 354
43609, 131
36969, 953
10198, 96
4604, 297
46218, 327
44024, 529
48021, 562
8405, 828
33460, 464
54397, 888
3251, 141
14557, 613
14349, 301
18747, 540
9685, 662
6661, 291
42239, 855
1549, 824
9443, 454
7104, 479
17469, 975
47917, 377
8286, 744
41424, 904
16511, 597
47888, 96
27292, 417
43818, 341
2454, 389
31086, 602
20155, 189
3368, 692
41569, 44
51512, 736
30791, 850
10239, 748
23897, 660
43776, 439
42489, 138
2394, 24
7347, 788
45317, 699
28291, 310
4111, 124
12564, 602
14698, 990
59884, 269
51122, 749
18250, 906
35366, 765
17016, 289
1340, 808
54859, 683
24552, 136
28696, 402
37963, 584
33814, 114
6800, 215
44071, 79
28818, 1000
9845, 566
30665, 206
24959, 252
40269, 238
24098, 948
40854, 655
24040, 355
24474, 521
12198, 926
14564, 56
24915, 959
49254, 396
6749, 820
24527, 927
24839, 906
26894, 944
5868, 26
11974, 863
20819, 753
6524, 346
9554, 447
19281, 591
58437, 987
44890, 532
59962, 459
23387, 512
5370, 729
18811, 943
35615, 510
57408, 24
25559, 499
52745, 761
51478, 105
22178, 713
3330, 641
55821, 296
24593, 374
39217, 82
13204, 939
33760, 31
15726, 856
24186, 901
3753, 381
21369, 515
19043, 879
3611, 913
20012, 349
47090, 582
20928, 757
45059, 269
28479, 498
42670, 107
7941, 179
13002, 59
45843, 452
34050, 176
18955, 383
39335, 591
44922, 793
24482, 579
26295, 901
13671, 883
5961, 721
16509, 611
23709, 965
3818, 431
10310, 345
46491, 286
59263, 986
54909, 694
30986, 29
58928, 649
22992, 202
22352, 423
28991, 505
48442, 804
45581, 352
39550, 828
25646, 107
14752, 32
32756, 261
56379, 984
4496, 363
3411, 377
54869, 518
59408, 496
10426, 637
29045, 14
38637, 354
26986, 922
32678, 454
9291, 475
41870, 266
52356, 979
17827, 426
1897, 286
13456, 390
56782, 338
9992, 356
8184, 271
3962, 361
19734, 932
15347, 158
4288, 283
28210, 481
42031, 269
19845, 898
48127, 534
43023, 605
4994, 613
57605, 12
59922, 771
46897, 563
16351, 713
22933, 943
50661, 615
47822, 945
33037, 519
38823, 861
48126, 799
35249, 27
52561, 720
45015, 460
46216, 724
44600, 771
17667, 533
16303, 338
47891, 266
47977, 386
3202, 605
38809, 77
54017, 373
9726, 208
59678, 859
54751, 905
8063, 798
21330, 490
22295, 958
43331, 540
10920, 624
16580, 335
37629, 35
38695, 210
28794, 19
4038, 647
21498, 829
3763, 979
28610, 924
39383, 389
36942, 315
55798, 17
29648, 297
37127, 83
22193, 394
35752, 821
38594, 801
33152, 968
12416, 596
48619, 21
28914, 781
22597, 714
33144, 600
18532, 649
3211, 884
12506, 418
41318, 46
59902, 477
7267, 597
48765, 789
59400, 261
16936, 678
29567, 841
52107, 689
52096, 162
33532, 683
52189, 484
4224, 317
23995, 164
59140, 8
12245, 258
44654, 174
8985, 367
23460, 841
42841, 227
43461, 223
30586, 760
32865, 489
21273, 766
1270, 803
46176, 516
33071, 141
55984, 276
26175, 953
43129, 91
57120, 682
48923, 948
14994, 477
42469, 363
807, 398
46446, 508
29271, 958
54726, 91
14465, 237
49295, 331
18488, 410
43635, 360
42580, 781
37516, 881
25279, 134
16853, 690
4323, 718
50654, 689
50278, 12
6751, 722
53653, 638
21280, 114
22387, 173
38042, 351
57775, 360
56142, 588
6232, 611
55405, 677
14390, 941
37866, 211
25971, 647
2130, 780
35288, 995
14776, 559
42086, 323
9212, 32
35856, 762
19859, 431
30333, 131
20279, 553
15024, 613
38816, 828
44330, 692
1123, 557
55608, 903
43365, 675
18500, 949
55842, 101
4163, 263
50489, 661
11692, 269
57747, 461
49744, 821
59472, 910
5698, 682
34399, 315
32973, 330
9910, 822
57803, 649
2580, 288
33673, 765
2636, 527
6256, 422
30461, 826
58022, 82
48857, 356
59909, 754
30510, 787
23412, 31
25677, 424
47831, 937
37396, 154
34589, 407
12638, 971
41777, 852
10123, 981
58661, 283
31409, 284
2148, 101
22017, 230
5357, 274
42027, 476
3845, 706
22524, 758
8543, 376
19395, 838
4270, 784
45595, 50
27654, 973
41156, 135
41734, 562
23296, 861
17756, 5
51190, 175
4409, 396
38016, 528
4982, 442
52718, 828
7293, 753
25857, 183
3588, 715
9893, 616
2771, 289
19112, 863
22892, 429
41604, 989
23327, 599
13967, 158
59701, 527
6563, 403
38961, 755
30988, 635
17643, 849
10476, 812
3841, 734
18770, 291
24627, 127
36334, 871
13560, 9
39559, 94
2045, 597
56490, 844
42011, 388
18948, 200
29744, 685
51106, 328
57726, 447
14404, 379
4005, 513
20018, 311
20696, 163
52343, 816
41326, 956
17305, 559
46711, 862
150, 312
9282, 960
22896, 751
18725, 565
45870, 443
16052, 548
38341, 944
3390, 29
35948, 272
33751, 29
41942, 725
29545, 158
38251, 831
2038, 741
48359, 465
28430, 175
12120, 177
30037, 190
49090, 110
12101, 554
14205, 416
17327, 138
23255, 904
11877, 269
1477, 333
28593, 939
33694, 55
40691, 486
26637, 103
38197, 204
43538, 611
13261, 616
25341, 68
36810, 752
29529, 980
16898, 237
28677, 226
14467, 364
20436, 358
50991, 398
44002, 770
2573, 331
7756, 595
19936, 703
46444, 183
8308, 453
246, 559
13423, 652
21641, 436
33812, 476
20692, 950
36849, 674
16341, 443
20379, 272
43520, 832
23648, 48
58756, 482
24353, 102
25340, 158
49244, 404
17504, 766
40945, 222
2647, 821
20114, 536
2370, 629
32467, 498
59905, 510
57787, 559
23928, 192
37637, 38
6642, 526
41686, 30
33881, 213
23904, 207
17124, 239
185, 953
1358, 983
26384, 344
27438, 102
28094, 36
21951, 992
15176, 650
54332, 549
17793, 218
16629, 248
1679, 365
50812, 996
59507, 999
58983, 111
13289, 326
59047, 568
33632, 199
15987, 821
51248, 670
55979, 245
37205, 628
9877, 685
55672, 836
11776, 295
36608, 329
31641, 859
9358, 267
50727, 128
49492, 177
31302, 353
40830, 116
12863, 266
43104, 680
19069, 894
48120, 594
25673, 262
23396, 216
34985, 577
55982, 847
37359, 887
20929, 583
44374, 366
7349, 266
14113, 554
15553, 351
2324, 439
31057, 142
13242, 612
10405, 337
18451, 851
25168, 249
49444, 957
21474, 658
50038, 65
29555, 403
13939, 929
27324, 740
26718, 774
22115, 321
26486, 272
49798, 320
59854, 610
7735, 927
49862, 457
2375, 514
11986, 149
1823, 961
3563, 484
10990, 630
51418, 913
26196, 146
8720, 381
32243, 287
24122, 627
1406, 138
12462, 416
12516, 629
56339, 615
30200, 552
4236, 997
47102, 673
44591, 470
7459, 240
15212, 243
37070, 678
7542, 326
38009, 42
31825, 592
3519, 433
13315, 50
48979, 45
9044, 137
49936, 21
19768, 862
35731, 242
29847, 181
51222, 536
10867, 13
24384, 509
31702, 166
20076, 679
8563, 857
48082, 630
40484, 506
50900, 34
57917, 426
4940, 775
32049, 440
48824, 375
8074, 718
27469, 498
34977, 15
27980, 189
17798, 123
56680, 290
5791, 876
50742, 765
37545, 422
29349, 277
32523, 110
41797, 382
24908, 366
19853, 125
49560, 324
3408, 542
40256, 390
32807, 142
16565, 184
40204, 689
21365, 845
50403, 939
4291, 981
15639, 848
32072, 464
513, 317
8987, 644
38508, 391
7709, 456
38864, 750
28545, 764
13079, 894
29373, 759
46854, 928
44894, 606
32231, 317
47627, 551
12053, 622
2387, 168
41311, 281
53426, 505
24440, 363
11196, 630
38767, 273
57433, 695
48637, 818
6745, 710
57555, 961
32055, 936
36348, 380
59585, 329
16152, 305
12924, 769
48032, 258
16293, 822
10815, 115
40866, 984
54109, 439
12854, 27
15005, 578
40460, 709
27016, 271
43136, 5
1069, 774
7196, 151
32506, 197
12530, 820
42845, 821
52811, 796
25644, 29
35842, 120
14181, 821
58769, 394
6944, 31
23190, 735
30446, 391
44189, 46
2448, 16
24924, 656
9419, 645
45314, 111
8456, 711
41094, 857
6725, 902
11709, 741
16449, 316
55168, 593
14738, 748
18606, 66
37144, 960
32661, 4
43757, 1000
10060, 5
1928, 121
55536, 534
27063, 365
27010, 31
37672, 401
29179, 824
46703, 176
43868, 197
4750, 415
48783, 746
35945, 57
3134, 838
45090, 687
27813, 800
16942, 939
721, 256
20566, 127
36589, 535
30735, 190
38167, 522
16445, 832
29858, 861
32144, 857
55433, 14
1107, 535
24165, 150
43442, 503
49646, 825
46610, 991
18273, 566
43289, 658
54474, 934
5827, 392
37827, 932
6127, 38
16456, 942
40619, 104
40115, 900
35769, 194
12386, 186
14328, 251
21923, 804
24992, 629
51616, 781
2307, 474
34911, 375
29459, 511
48806, 727
12983, 193
1502, 673
34636, 744
11589, 435
20872, 382
26206, 546
7107, 471
39679, 143
35448, 706
42921, 158
36415, 959
18781, 508
51158, 442
4647, 25
57938, 741
10414, 177
33579, 809
51177, 797
40084, 719
42241, 349
16308, 815
47819, 178
47698, 663
4765, 437
24479, 589
49117, 539
29551, 256
37576, 836
19132, 742
7400, 596
34907, 887
59477, 627
59476, 828
13502, 936
22067, 742
55301, 260
55424, 2
5020, 501
14140, 696
31243, 978
9702, 665
34255, 969
43271, 184
42919, 826
2673, 369
17196, 340
31739, 561
4550, 188
46839, 877
31991, 470
11938, 88
45819, 658
18305, 246
11587, 437
52510, 171
8299, 979
38626, 109
2619, 205
57518, 623
22967, 544
41597, 782
37235, 241
59198, 177
21118, 956
31988, 752
14210, 881
40363, 848
4556, 656
241, 10
33529, 425
59647, 349
13587, 197
59785, 352
11493, 945
15463, 537
46345, 416
15402, 564
11748, 111
23522, 350
31646, 510
23496, 470
36215, 45
32435, 322
37798, 199
57080, 850
38423, 302
38164, 554
45626, 876
57859, 9
7866, 539
28134, 496
29694, 114
35133, 151
44366, 676
34282, 944
51749, 538
8887, 729
20136, 603
56383, 279
54248, 893
29391, 195
12298, 135
3010, 694
9898, 514
1360, 812
13810, 933
51966, 132
23696, 853
21938, 290
42365, 731
11518, 733
2140, 191
11954, 568
54053, 566
30344, 414
14625, 502
15286, 754
6081, 44
50800, 979
57988, 19
24332, 122
38736, 231
58219, 870
13541, 481
14633, 291
38227, 908
11741, 135
39816, 440
53238, 892
53362, 153
33559, 541
1764, 699
35185, 553
34542, 562
7430, 856
45032, 207
13436, 398
51540, 790
55924, 375
46816, 107
17348, 224
19638, 296
37314, 457
59153, 374
10813, 191
56523, 616
32191, 850
38416, 762
22585, 85
39620, 254
11287, 528
19038, 807
23458, 117
39189, 43
25951, 292
35586, 186
51092, 908
12624, 798
27636, 94
49403, 351
32545, 948
10873, 859
43153, 365
46262, 1000
39684, 817
35993, 753
19974, 882
43884, 114
25649, 567
46523, 859
36909, 427
31638, 615
41768, 573
55592, 222
29004, 458
27245, 765
15498, 468
59424, 0
51922, 404
7969, 574
38490, 387
10151, 169
10366, 211
46242, 728
44945, 975
29396, 159
53944, 804
35069, 25
19995, 914
24976, 583
15613, 555
9354, 463
8809, 707
9127, 998
36007, 302
57563, 122
42728, 129
36058, 131
50910, 944
4448, 847
21015, 87
37344, 961
37632, 1
59181, 473
3249, 956
17256, 777
59116, 60
51459, 837
8239, 365
21171, 3
21891, 138
39253, 526
50165, 467
12208, 403
8153, 629
6254, 570
54676, 778
50266, 778
41033, 999
6072, 933
31684, 900
3723, 353
29100, 902
43707, 326
21348, 28
47920, 128
18090, 662
53338, 589
47272, 904
13112, 239
53596, 132
53275, 105
40683, 358
49504, 667
54316, 307
35304, 450
41180, 463
14232, 135
41298, 449
19866, 628
737, 421
11909, 658
5381, 344
54814, 74
47581, 543
25553, 422
43150, 833
10434, 950
39958, 450
38175, 105
1589, 228
59037, 505
35238, 193
37841, 576
13247, 180
54753, 731
15838, 134
46887, 288
19068, 776
6431, 588
27960, 225
53554, 202
24637, 667
42633, 627
16843, 562
507, 559
36747, 574
21526, 37
41072, 394
10788, 323
36060, 996
23307, 5
23550, 547
24904, 275
42680, 129
40509, 140
43419, 573
52299, 807
17038, 1
50665, 723
54689, 224
35225, 835
12560, 131
31568, 70
49178, 856
15246, 101
26063, 87
48774, 561
23547, 89
4633, 264
14368, 468
26302, 505
49014, 391
53054, 320
3776, 684
33025, 711
32174, 246
5814, 174
21856, 851
11894, 598
4708, 781
33347, 483
15590, 460
8731, 869
11152, 696
14692, 117
39136, 359
45208, 309
26565, 718
51348, 516
7666, 969
45929, 104
20885, 437
30595, 875
57022, 842
28565, 617
29274, 98
19194, 96
15832, 182
12938, 527
43716, 267
17110, 796
50966, 912
8870, 655
10265, 430
44049, 212
15109, 978
21590, 486
57698, 802
1042, 323
6392, 885
18178, 220
52631, 335
31757, 869
12862, 525
6732, 681
50628, 925
1945, 193
52463, 923
50405, 625
38108, 349
50269, 362
23817, 957
12778, 871
40831, 530
13592, 146
15991, 308
8788, 274
19941, 399
37748, 169
41678, 475
51020, 580
16145, 410
48192, 428
5681, 713
52284, 755
42945, 317
29016, 145
18903, 201
56310, 320
44803, 190
29313, 36
14356, 769
19204, 395
5459, 506
46723, 116
58406, 467
27585, 941
57364, 132
19410, 261
21847, 733
43002, 272
16182, 307
44014, 533
2803, 580
18743, 38
8233, 987
49732, 583
26099, 711
18434, 895
29762, 910
43600, 984
5045, 836
57574, 29
53749, 571
5636, 394
43443, 824
41721, 984
41790, 496
16515, 968
26276, 195
33683, 201
59682, 214
12593, 621
22667, 827
25431, 810
33353, 417
51700, 712
59550, 14
13941, 501
37834, 790
20809, 826
13780, 460
4062, 629
38846, 375
36011, 334
53330, 375
22336, 513
25682, 927
9982, 69
11363, 780
18005, 262
38287, 522
55623, 582
17450, 789
18359, 482
39808, 639
23178, 942
29968, 426
24366, 184
35274, 353
2522, 174
52344, 925
48745, 891
34349, 250
2886, 71
51128, 668
17477, 816
5102, 458
18859, 520
2073, 755
45583, 460
26336, 472
28168, 874
51127, 327
17532, 5
24039, 807
33462, 450
52937, 265
54827, 702
31473, 515
57087, 770
52300, 5
787, 299
47052, 331
22868, 652
52243, 516
48550, 315
13997, 345
20595, 326
46305, 255
26593, 132
37739, 11
5683, 640
1071, 8
23120, 445
20299, 779
36412, 189
46948, 190
36358, 697
32074, 169
53420, 255
59341, 197
50040, 738
20296, 64
32990, 403
7887, 313
32871, 642
7796, 330
10951, 150
58584, 831
35211, 312
19780, 17
46083, 64
9101, 430
59377, 915
23806, 113
31488, 730
11868, 853
23809, 261
16774, 790
46911, 760
13999, 539
20570, 534
5194, 536
55138, 823
29845, 724
7990, 16
54879, 855
51442, 463
6125, 523
41012, 933
17586, 354
43639, 278
8499, 241
26826, 352
17440, 821
55952, 632
40045, 425
46494, 975
11906, 878
24881, 348
24236, 514
5282, 145
2401, 543
20674, 81
2840, 58
46768, 895
47762, 643
23510, 469
35930, 26
27309, 561
44178, 585
21851, 729
13410, 321
4098, 763
26573, 198
32407, 564
24233, 0
12724, 524
18730, 637
52804, 395
5662, 608
17265, 670
21360, 758
8793, 799
42821, 705
19635, 558
53350, 304
49188, 790
57812, 688
27599, 842
26643, 324
59554, 74
9792, 205
11197, 770
40295, 771
43641, 695
42719, 979
28749, 745
46612, 902
57684, 372
44909, 389
15104, 280
29615, 245
57915, 941
4161, 612
14792, 916
17707, 271
14040, 816
45346, 632
8810, 186
39938, 329
12027, 234
27251, 412
54093, 250
52798, 806
6722, 406
41892, 4
7631, 970
46097, 182
20052, 321
11283, 416
209, 278
11174, 17
55756, 942
1462, 923
49523, 583
13733, 223
41177, 529
23902, 38
6753, 112
2780, 814
49092, 851
30933, 479
2734, 50
51104, 857
23358, 110
40359, 236
12699, 699
53902, 175
57416, 648
40714, 859
36275, 580
33346, 33
13945, 977
25327, 397
6727, 150
25499, 186
23050, 275
1784, 4
23618, 232
48239, 698
22356, 685
52584, 420
51434, 984
48301, 774
53436, 3
57288, 73
17529, 17
18744, 524
32071, 687
49160, 840
36051, 367
57647, 510
49694, 902
45082, 224
44833, 800
42374, 551
53714, 440
21143, 780
55480, 807
32838, 862
6411, 774
34484, 520
41920, 257
49948, 367
49276, 836
37997, 311
58211, 841
15602, 1
15938, 490
33011, 962
45367, 29
500, 665
15749, 88
35391, 57
13902, 590
13508, 354
12291, 840
42613, 720
27411, 67
10351, 607
57126, 21
29246, 12
37010, 282
7610, 122
4207, 901
41338, 678
33953, 491
3923, 357
711, 610
42193, 114
28159, 336
44456, 429
56882, 227
9543, 903
44187, 656
14366, 847
29674, 301
10811, 925
53676, 661
58248, 354
24870, 719
51199, 992
55915, 135
18388, 269
59259, 218
59886, 450
6299, 187
38534, 255
22636, 467
30374, 316
45358, 556
8536, 510
25085, 868
15677, 735
31072, 295
39386, 195
33048, 76
43974, 78
1547, 181
10534, 87
26296, 314
13226, 870
41103, 580
30172, 979
17637, 951
163, 892
19334, 454
34633, 295
42557, 819
28077, 296
46388, 678
59525, 289
24093, 11
59566, 662
44888, 621
50497, 6
54124, 247
43885, 737
49074, 271
39480, 917
20915, 490
8279, 235
26466, 811
8011, 110
49207, 307
52885, 680
26077, 570
51626, 9
23705, 298
12602, 263
753, 430
55875, 920
14333, 467
38480, 699
10036, 233
35204, 550
48954, 473
41200, 821
49208, 424
16055, 850
42888, 106
14840, 510
3396, 357
16738, 323
46258, 797
23432, 399
2768, 330
32577, 208
45822, 91
43445, 615
8772, 1
41196, 982
18624, 893
33729, 242
13052, 518
5080, 330
11364, 433
17264, 545
36216, 142
51984, 317
57571, 288
637, 779
12818, 155
16616, 872
42341, 256
5256, 545
57707, 715
50721, 659
17893, 968
31863, 884
33605, 370
27655, 276
32379, 103
40861, 874
41887, 364
55269, 651
6901, 88
45043, 287
24944, 198
55605, 314
54479, 682
10182, 741
4149, 997
18466, 834
2834, 506
13914, 227
5549, 131
3898, 990
1313, 559
24948, 579
27002, 39
45797, 283
9329, 882
39531, 509
13886, 44
27959, 271
29097, 823
4579, 104
30004, 581
40206, 23
12328, 457
45337, 196
15391, 926
28425, 390
17948, 759
21941, 518
49985, 764
51550, 465
37250, 545
16530, 329
4131, 192
5109, 69
27408, 165
36563, 855
40081, 810
21740, 530
41347, 279
13064, 1000
51687, 935
31056, 954
27620, 742
2973, 523
37295, 423
41314, 869
2364, 31
9775, 783
31861, 614
56642, 551
15485, 586
52807, 102
56982, 320
41747, 573
17649, 79
7425, 999
11523, 494
11767, 636
56296, 242
11844, 857
8389, 610
16927, 904
57663, 939
55048, 653
32738, 847
1718, 327
54497, 439
24596, 191
7638, 129
48474, 868
2180, 68
11643, 24
1353, 979
4611, 927
29118, 789
12270, 673
33708, 652
49960, 650
45480, 596
9489, 792
55268, 147
105, 715
16830, 918
1869, 546
34812, 144
31044, 704
48017, 87
26388, 717
27384, 570
34751, 507
52936, 997
33638, 269
4273, 565
14906, 311
38235, 158
43920, 43
10045, 257
21449, 512
35885, 143
28536, 272
8209, 102
20964, 582
6596, 53
57676, 630
52161, 673
28795, 717
47381, 988
50342, 551
6027, 16
57109, 472
55907, 227
14647, 178
1984, 23
27571, 138
29585, 995
58007, 206
43128, 138
35055, 23
15789, 642
4071, 638
41020, 683
4681, 333
18638, 420
17363, 954
30558, 16
40013, 766
56161, 678
43810, 675
38465, 287
44198, 153
400, 934
22127, 111
14972, 340
47219, 884
42481, 54
39584, 857
1890, 667
50802, 707
20786, 376
16625, 499
15686, 472
56866, 122
10455, 15
2165, 916
1985, 917
12479, 977
44332, 155
49029, 137
48218, 112
151, 78
5158, 962
24221, 703
21155, 661
56338, 284
3592, 187
30984, 394
30799, 19
57503, 762
48360, 409
47978, 643
4584, 161
2824, 354
24889, 152
23691, 542
1514, 58
28636, 717
7053, 745
29616, 812
42277, 233
39491, 855
40321, 0
27852, 615
22491, 906
25198, 121
2125, 371
13578, 425
9370, 274
42234, 283
57098, 806
16993, 153
48935, 279
8548, 152
16046, 909
52824, 774
56973, 897
33779, 899
20530, 190
26652, 38
45646, 558
32326, 320
32619, 55
12459, 168
57173, 606
38703, 795
36394, 949
19947, 624
35688, 730
24196, 439
28166, 912
20120, 318
22925, 412
55838, 219
19270, 863
2661, 757
23512, 401
5816, 671
54707, 349
57419, 256
34070, 900
42552, 890
25147, 778
34923, 622
10885, 46
40345, 736
30762, 725
25787, 104
21779, 345
58247, 24
37331, 68
23293, 683
25578, 283
56080, 614
5803, 229
46103, 126
3872, 442
35872, 256
36787, 158
18507, 501
16826, 432
53747, 880
20524, 987
13388, 324
34574, 278
702, 703
15510, 240
11962, 334
54007, 972
46410, 706
29339, 589
9854, 612
12485, 363
19484, 1000
41974, 444
39395, 874
38110, 221
20267, 526
49701, 767
21723, 73
46397, 258
30905, 820
29855, 207
59582, 821
33720, 572
7773, 549
45672, 392
13220, 48
46634, 258
33589, 360
40286, 898
42533, 279
24679, 234
5044, 869
41132, 986
2757, 167
29839, 0
11392, 778
40596, 894
16083, 514
28582, 297
45425, 840
3710, 906
52147, 352
18785, 538
50782, 652
11082, 660
29445, 585
1735, 340
55898, 427
46789, 976
18857, 979
57374, 190
50567, 811
31042, 742
24973, 29
26512, 409
20261, 503
1046, 652
25159, 858
22994, 737
27004, 37
8844, 496
53154, 354
14589, 608
31145, 914
21966, 306
10278, 577
18987, 44
48044, 495
23152, 801
31090, 222
20678, 991
40785, 686
21730, 169
4609, 461
42096, 388
21599, 199
3477, 763
26048, 663
51917, 338
28832, 550
35110, 939
1425, 510
23441, 992
17885, 628
34323, 553
27491, 378
54308, 32
19198, 534
11039, 701
46384, 867
10753, 594
1911, 324
25738, 563
25251, 673
55585, 953
48658, 729
43065, 991
41233, 468
31111, 911
59795, 6
21383, 480
1336, 203
3234, 328
53368, 67
11742, 159
46905, 580
52662, 645
40234, 831
20988, 572
33041, 300
5810, 818
55331, 742
24918, 622
57839, 276
36855, 76
50311, 682
21990, 475
27663, 490
39292, 289
18754, 698
23965, 346
17482, 572
9143, 846
25258, 92
9569, 660
47527, 940
47735, 603
44887, 500
29153, 132
22731, 616
45400, 929
36283, 568
11609, 141
41138, 164
16751, 48
42898, 217
668, 240
36363, 534
48969, 607
3427, 368
12621, 921
21251, 450
16491, 107
26761, 527
13149, 577
6782, 749
13539, 424
58482, 16
36321, 884
20334, 952
41581, 279
22782, 994
20211, 568
42969, 333
53976, 69
35967, 56
955, 359
31482, 354
55709, 87
51129, 620
23450, 270
47835, 715
44832, 460
17156, 483
11984, 267
32330, 630
35928, 556
29487, 900
42810, 420
59667, 744
40343, 133
30, 417
15433, 388
20273, 352
4521, 406
22853, 902
1516, 735
24123, 318
18901, 575
56850, 251
47476, 106
34146, 695
47824, 711
1586, 362
7538, 876
9275, 163
42614, 142
11233, 505
48854, 984
54428, 196
31423, 70
48792, 218
21379, 730
8781, 852
38711, 431
43223, 156
38549, 825
19428, 881
2789, 923
52732, 26
55957, 560
18721, 551
18988, 384
9634, 684
41521, 507
55830, 3
3405, 640
49983, 599
38646, 405
4155, 29
26598, 576
23068, 312
23047, 14
51666, 618
25274, 282
55169, 746
18593, 478
11499, 468
28, 506
23126, 563
45772, 69
21343, 712
28928, 207
28379, 835
45292, 540
51907, 502
50421, 66
54415, 833
41273, 530
55282, 225
34220, 679
48310, 776
3079, 897
34243, 219
54039, 80
58750, 715
47880, 351
55734, 219
21744, 133
37830, 291
45969, 486
49457, 54
15985, 829
30176, 763
54762, 903
34472, 434
45767, 94
52410, 29
20048, 643
12439, 837
35009, 163
10639, 933
15513, 698
40370, 697
39194, 25
54442, 749
18932, 258
6112, 63
34277, 685
6504, 596
11612, 579
45263, 520
53942, 494
9081, 3
33040, 520
13212, 604
25312, 714
33265, 896
38821, 211
22668, 781
53909, 411
20931, 597
13281, 45
30464, 486
34601, 773
32644, 207
18552, 603
41512, 352
38419, 648
7128, 37
29876, 546
39617, 719
56283, 152
44023, 420
2518, 372
36629, 237
1467, 779
50455, 973
26969, 880
24869, 57
3310, 843
27284, 104
12970, 915
54954, 323
4838, 495
39552, 770
58152, 898
52689, 280
15466, 398
59830, 186
21133, 863
55581, 16
34338, 927
33032, 867
46760, 210
21733, 542
54797, 143
18876, 358
2178, 701
43987, 867
58090, 700
14182, 333
5646, 948
21936, 486
58415, 811
46583, 934
10543, 136
25063, 912
21320, 856
16655, 199
55150, 985
39118, 929
8481, 456
30938, 856
30647, 229
26620, 803
18086, 744
560, 609
59718, 880
25659, 150
48760, 223
39678, 651
2516, 827
14964, 284
31644, 798
22001, 397
47119, 14
35567, 624
27501, 241
43626, 763
40651, 731
50143, 232
20832, 347
4936, 686
34326, 255
5221, 634
6787, 302
14704, 897
38718, 785
36690, 585
57504, 371
1282, 325
52698, 533
20735, 242
841, 208
35463, 451
6090, 697
29163, 356
54957, 967
45507, 792
45471, 898
24623, 568
7548, 900
4926, 929
33560, 902
55005, 223
49536, 342
47392, 482
29188, 80
6380, 997
52960, 929
21948, 547
51703, 504
37309, 255
50803, 681
25500, 808
50223, 458
31902, 845
1091, 355
19146, 163
55819, 60
11201, 146
37947, 578
38550, 987
9242, 334
4444, 224
7817, 877
18810, 803
14880, 238
58973, 141
49050, 820
11391, 999
32980, 30
50864, 278
21944, 644
11904, 230
58272, 839
29389, 237
12841, 542
12759, 832
41409, 671
41719, 844
54777, 102
42345, 673
12582, 316
13831, 499
12926, 456
27159, 409
36536, 457
22778, 395
29570, 203
59631, 100
3544, 722
777, 775
25062, 186
40988, 23
14015, 315
26856, 18
58798, 7
21657, 924
1824, 521
38321, 865
39462, 891
9261, 650
45747, 206
37829, 887
20358, 763
12124, 874
46667, 136
57096, 218
4520, 43
50814, 890
46082, 902
45882, 474
28547, 224
1673, 943
32966, 680
54573, 286
11744, 357
47151, 617
3976, 473
26695, 13
13307, 436
659, 444
58553, 273
17001, 137
13227, 578
55008, 218
56066, 308
55271, 629
23325, 712
39159, 139
5499, 698
31836, 257
54547, 702
26828, 899
16899, 733
9464, 182
3311, 336
57629, 15
38089, 775
35898, 142
51514, 222
49051, 42
4359, 267
43734, 117
7163, 317
20166, 733
41021, 649
5214, 493
52365, 474
3152, 555
59620, 636
35431, 552
42461, 678
23419, 505
45649, 231
26451, 931
25873, 59
53484, 563
58310, 204
30276, 246
49867, 662
22616, 409
56936, 400
28392, 810
59865, 701
47260, 49
11249, 32
53475, 347
6507, 800
23907, 119
59706, 277
51547, 215
16304, 853
26006, 412
19049, 112
57336, 660
21606, 704
9723, 53
26999, 965
58114, 223
52381, 355
36086, 28
42296, 660
40646, 520
8718, 852
57043, 698
23839, 535
35269, 928
16878, 138
57356, 312
52340, 66
55478, 921
36936, 830
5658, 469
11210, 539
41295, 298
51609, 536
2225, 934
52041, 642
28881, 216
52319, 827
20145, 20
41070, 855
27621, 194
31544, 112
29714, 330
21399, 426
6433, 112
4933, 741
45242, 165
53837, 648
54032, 662
13706, 213
26044, 576
18972, 641
34260, 552
11569, 180
40194, 747
5598, 197
58791, 338
3401, 456
12575, 605
50121, 546
42168, 889
57990, 752
32297, 958
1005, 242
45511, 995
21586, 991
29464, 534
44028, 950
52228, 753
17877, 187
30108, 864
48764, 995
58782, 329
37194, 167
44363, 803
29496, 517
59032, 140
19863, 143
14289, 757
1167, 463
6537, 224
28819, 461
27464, 679
7909, 53
45516, 201
3708, 978
21407, 215
35336, 180
59537, 985
38527, 381
36267, 846
37231, 405
43968, 512
42755, 261
49196, 25
9334, 119
57202, 987
3048, 306
13655, 96
31716, 988
36686, 838
38249, 949
48498, 160
38502, 136
20223, 424
31217, 56
22202, 103
46048, 135
54695, 66
19896, 865
26716, 767
16576, 395
20996, 613
38078, 910
15954, 819
36034, 222
40317, 413
14545, 63
58653, 35
20021, 196
26694, 387
107, 947
54820, 381
2297, 53
4658, 807
30707, 226
13037, 722
37892, 795
27779, 855
26606, 660
45989, 545
26709, 903
18658, 480
10911, 739
31257, 202
22777, 264
30137, 305
40470, 279
48710, 916
3604, 819
22759, 602
1623, 217
59767, 297
18060, 440
7901, 817
233, 833
1870, 628
48536, 587
28051, 54
40198, 613
26050, 184
44359, 439
15306, 883
28562, 853
28276, 30
26092, 220
26375, 446
48714, 874
42825, 143
18761, 636
16261, 469
58309, 156
42569, 10
40518, 692
24845, 873
34853, 960
49433, 182
1716, 311
43143, 25
33774, 532
27494, 662
42885, 280
22093, 115
20047, 280
22244, 495
52397, 812
19525, 319
4392, 168
48432, 737
21353, 967
327, 850
11237, 44
22142, 743
30536, 113
2099, 567
15900, 731
28969, 552
5588, 809
49033, 227
8929, 667
55544, 488
1636, 231
22062, 456
55676, 304
1455, 625
32476, 731
26027, 804
41661, 367
17563, 70
3161, 490
30072, 725
12163, 646
30998, 971
8978, 556
13930, 630
39813, 965
43507, 82
39831, 735
39539, 157
57138, 522
4610, 248
7891, 294
48532, 445
57218, 132
24173, 897
30434, 645
2551, 826
50060, 409
11606, 443
23226, 42
57168, 134
16170, 432
36877, 794
36213, 180
20002, 732
9574, 335
32000, 933
7532, 248
59253, 777
8606, 489
40797, 736
532, 701
11947, 31
35734, 914
34195, 943
7093, 853
41702, 28
544, 478
30596, 147
48861, 919
11291, 125
21826, 695
33649, 944
17594, 620
50496, 143
31743, 684
268, 874
1536, 732
42426, 799
59817, 645
9582, 878
9337, 789
17796, 10
33199, 759
17117, 408
22566, 565
46778, 970
26098, 354
6330, 214
29988, 113
40141, 894
48439, 414
53469, 828
38943, 649
47849, 600
42406, 295
16780, 88
2428, 433
7755, 645
41803, 61
21596, 91
27441, 348
110, 39
48744, 420
22702, 72
28237, 843
53319, 371
4237, 335
45324, 274
4934, 293
48544, 651
52950, 598
36537, 767
54832, 767
42806, 356
50760, 69
53220, 312
41740, 213
34720, 394
31007, 456
33703, 958
21394, 48
30450, 907
22513, 266
54769, 99
660, 260
40038, 105
5543, 680
42902, 452
43303, 471
10948, 411
46413, 785
46037, 416
10459, 432
46333, 741
33919, 95
15644, 624
52802, 771
44764, 477
11261, 227
16706, 269
8347, 995
51602, 571
44313, 890
3536, 225
23297, 74
57060, 855
36774, 818
59988, 797
49227, 438
5734, 990
48042, 609
27493, 122
58915, 153
13675, 494
19562, 262
19861, 143
23923, 410
44826, 512
15345, 889
6478, 225
697, 990
8253, 969
50188, 281
40153, 201
50284, 385
40891, 92
27347, 51
36016, 263
18827, 798
17636, 199
13949, 594
55616, 873
52817, 718
2930, 33
40741, 541
30671, 579
11565, 925
5797, 52
44530, 552
52982, 462
5851, 298
23212, 235
53011, 769
2929, 608
46364, 116
7757, 455
28706, 919
18366, 656
33322, 518
54197, 809
42599, 940
27463, 128
12370, 391
41370, 561
30723, 954
58806, 627
57486, 640
11386, 243
17593, 76
34237, 393
59152, 431
32687, 666
33793, 233
10827, 935
42343, 890
9952, 538
27497, 34
41741, 622
26843, 645
11940, 886
51341, 57
23171, 277
25819, 865
47704, 423
49833, 29
7645, 788
41943, 531
37880, 776
22872, 519
6443, 643
21762, 750
26413, 474
35847, 250
9878, 765
44413, 928
47979, 818
39812, 33
2637, 186
14148, 110
56678, 370
22398, 835
55370, 90
55732, 560
59629, 927
11531, 712
50230, 880
12706, 150
45437, 341
45802, 520
21153, 90
47139, 677
54572, 474
52427, 746
17316, 50
25732, 426
26701, 344
9161, 417
16761, 242
48125, 579
49234, 775
37266, 177
26655, 686
24483, 960
36339, 806
10245, 435
39081, 6
56274, 233
22, 820
6845, 580
54176, 209
43878, 460
53008, 138
17192, 243
54559, 701
14616, 923
52672, 891
44437, 687
2589, 975
46096, 626
38657, 722
19531, 812
39933, 195
44967, 579
36533, 65
45517, 796
15569, 901
45446, 754
1335, 336
54796, 416
25748, 756
13421, 821
53599, 484
48366, 568
7435, 997
7254, 542
56883, 331
56255, 40
55035, 665
54256, 53
49261, 245
16461, 890
21699, 395
6026, 363
26267, 769
57464, 560
9225, 718
29094, 166
27413, 654
48191, 324
48815, 322
950, 188
56162, 248
29226, 921
13850, 616
2817, 288
2946, 561
31885, 684
17006, 312
19517, 895
49657, 236
18402, 649
48224, 853
56405, 196
3109, 60
24387, 668
46654, 570
19787, 377
52406, 393
52476, 277
45008, 759
18930, 251
1246, 957
2613, 886
22484, 488
35864, 447
37493, 238
48368, 301
54079, 634
46284, 259
45363, 437
40451, 409
8926, 866
14310, 457
4734, 245
7929, 524
38940, 975
36390, 592
23628, 519
41924, 716
59680, 818
52977, 380
2296, 429
40903, 199
29336, 731
618, 231
52970, 53
9973, 751
35536, 299
41367, 824
15901, 566
12987, 553
2049, 778
923, 538
48128, 205
15537, 993
32686, 601
15744, 144
54871, 78
1049, 383
55174, 148
3963, 814
26698, 380
45879, 969
34661, 387
57129, 799
32021, 327
29119, 496
12474, 100
14846, 922
26178, 357
56414, 231
48719, 583
17308, 694
44329, 795
25107, 80
24155, 63
23731, 359
53208, 401
20354, 387
36842, 590
54823, 726
34846, 236
20557, 942
14384, 421
52075, 802
35636, 370
21950, 730
44645, 421
19439, 49
39882, 783
38077, 121
24974, 170
49595, 26
14882, 750
30897, 856
53659, 243
12867, 61
29985, 130
50844, 640
49842, 559
5649, 294
33008, 680
51112, 399
7366, 80
10726, 861
24706, 502
3419, 973
57913, 993
23508, 601
20627, 228
46472, 980
13601, 750
25001, 202
19607, 289
58479, 714
36518, 857
54273, 719
347, 752
55153, 383
35455, 681
52531, 559
5989, 193
13345, 561
2561, 813
43389, 270
41164, 734
24021, 17
16196, 630
21564, 843
39099, 313
18614, 427
14696, 122
30301, 370
43543, 10
40818, 154
1827, 361
54048, 388
882, 6
32457, 223
5439, 868
31941, 91
5727, 519
44466, 963
41080, 392
14438, 328
32388, 631
48072, 805
33258, 931
56833, 139
52621, 301
13346, 336
32959, 540
27929, 290
14893, 850
15645, 410
44513, 131
34049, 973
18457, 380
27499, 641
41726, 582
28768, 221
50127, 28
25918, 994
44420, 505
52566, 397
28926, 939
30229, 795
28220, 842
54642, 0
50564, 256
17378, 638
23054, 245
45612, 345
2015, 915
11312, 67
39755, 444
794, 186
50327, 985
52540, 82
30477, 226
40833, 501
55018, 101
43460, 736
16777, 144
12996, 607
43966, 640
22572, 45
14287, 448
27308, 470
21115, 185
38735, 271
56010, 709
13182, 288
50604, 247
42202, 937
40006, 628
6343, 266
37075, 298
59771, 852
13301, 984
36322, 436
58137, 754
42529, 693
53084, 889
23713, 521
28310, 976
20345, 122
30614, 728
28287, 610
2934, 772
42321, 344
34206, 60
52975, 885
23660, 886
38696, 562
18984, 804
59401, 619
7276, 415
57248, 508
56962, 762
53645, 949
57735, 509
1559, 957
56275, 990
23456, 351
7923, 433
44523, 520
46376, 413
52543, 719
16294, 257
38137, 219
34502, 620
20125, 179
41466, 493
9420, 790
31881, 297
3064, 833
48140, 387
17181, 457
55920, 582
54564, 915
22709, 762
54656, 319
34709, 901
43842, 220
37091, 309
35024, 90
3934, 605
370, 657
25036, 843
31729, 830
46277, 749
8685, 447
25054, 364
40978, 368
58177, 445
23374, 733
20215, 601
11872, 940
57132, 196
58077, 139
17861, 163
54951, 558
32752, 420
19714, 933
384, 22
46024, 1
58004, 383
47870, 406
42436, 756
954, 231
26943, 243
41167, 895
27444, 689
732, 403
50512, 479
32614, 556
53853, 890
10314, 897
3267, 271
3549, 324
27681, 820
49151, 650
25674, 616
7718, 174
50758, 421
41343, 153
34724, 204
2234, 234
23372, 261
15718, 320
21640, 311
11184, 501
27542, 231
14851, 623
23416, 99
298, 410
42121, 648
17140, 859
39444, 59
31600, 478
1542, 551
16786, 431
39119, 258
23946, 627
1302, 839
46200, 718
18041, 206
6919, 50
37816, 328
44836, 856
8141, 571
52773, 180
23184, 62
53817, 334
25239, 718
41904, 133
811, 4
55047, 580
42640, 496
4430, 407
52066, 947
10112, 454
57898, 772
13376, 152
45543, 119
5085, 672
40405, 6
55610, 72
28742, 962
41831, 30
5732, 446
19366, 403
46453, 422
56880, 548
9147, 483
40020, 136
49409, 48
51530, 255
55466, 226
42403, 245
18442, 186
6444, 669
15724, 638
13400, 325
50151, 777
41687, 913
53674, 675
15847, 765
30709, 829
27498, 686
15094, 863
54923, 284
5553, 4
10376, 330
57121, 328
42132, 825
17937, 353
45746, 321
8644, 800
37372, 866
29039, 786
49731, 644
18257, 870
52799, 119
55876, 415
50111, 166
19095, 142
50289, 464
18776, 857
54112, 469
37411, 894
18997, 796
4504, 212
8660, 72
55167, 920
4182, 812
43681, 723
26293, 348
21260, 520
25867, 829
21097, 736
40360, 73
32536, 682
25418, 646
4373, 752
53643, 867
32332, 935
52122, 834
15279, 844
54937, 692
16000, 977
3126, 950
49726, 290
59968, 761
18299, 600
13500, 6
6200, 962
45836, 435
24933, 565
40465, 394
1456, 146
28312, 480
35822, 236
22661, 207
14552, 278
58593, 367
17003, 229
15222, 704
58079, 891
35703, 532
5091, 23
54735, 203
51622, 15
7839, 642
13251, 174
53884, 283
34621, 52
597, 649
16633, 491
17881, 403
32307, 955
31001, 263
7216, 139
41236, 293
1351, 608
47180, 107
24029, 640
36149, 967
6379, 886
38491, 5
20731, 860
31141, 196
59214, 31
18655, 868
451, 552
28612, 894
25710, 178
55934, 415
27595, 160
51484, 286
22756, 85
36445, 25
16668, 159
16468, 672
42956, 290
52716, 855
3718, 397
33461, 943
41145, 326
19564, 194
28176, 631
18152, 80
15929, 379
16100, 17
5696, 933
55708, 23
18385, 158
55857, 74
4075, 938
4459, 608
28552, 933
19816, 889
48295, 504
35500, 356
5474, 912
45800, 84
44009, 548
46226, 592
6562, 566
8740, 849
10275, 207
51258, 116
21565, 873
52360, 584
8782, 377
2025, 606
18935, 899
32403, 475
44041, 511
42228, 646
8473, 690
16328, 214
10886, 665
40564, 583
1101, 261
7094, 31
20642, 637
28808, 337
56431, 386
33342, 782
30958, 177
51732, 594
45429, 237
25098, 597
16867, 80
42491, 168
8373, 211
22312, 574
43416, 404
34631, 415
19869, 281
18803, 658
53260, 171
53972, 973
32862, 840
23998, 156
4857, 64
33594, 491
11018, 36
37125, 92
19090, 725
50364, 633
6746, 874
28339, 823
11737, 172
3237, 687
16237, 873
52151, 148
59901, 842
30233, 121
41286, 552
31405, 749
38891, 983
31697, 232
23032, 59
20067, 270
26107, 478
18012, 612
12190, 642
19308, 914
1169, 300
9663, 859
8705, 289
1176, 603
55125, 429
26421, 114
2688, 66
32669, 568
9523, 84
8297, 192
1550, 557
10642, 802
29234, 613
56867, 155
32707, 305
48209, 860
8379, 878
36084, 76
16146, 400
40730, 308
56911, 712
47555, 540
762, 350
39769, 895
49533, 187
11302, 946
26329, 110
47145, 17
26158, 164
35142, 416
59250, 407
54897, 146
49125, 832
8900, 532
31439, 474
19152, 741
30203, 196
57481, 342
15303, 717
49264, 632
25901, 503
59556, 424
7046, 970
40022, 791
26612, 325
13337, 948
55028, 231
7114, 34
31546, 772
30343, 286
16665, 633
56468, 483
30838, 42
45858, 707
24694, 87
44162, 868
38791, 94
50627, 5
16771, 431
1794, 575
25859, 972
32220, 321
27274, 1000
15794, 711
2314, 327
12018, 894
33900, 583
48159, 694
58145, 57
7182, 883
52442, 446
59190, 296
22795, 597
4255, 812
5311, 173
6963, 547
11650, 851
16493, 225
13857, 390
51482, 51
48026, 258
51677, 229
39244, 69
53937, 677
8904, 413
4346, 14
23128, 300
57956, 981
3227, 214
35173, 595
21758, 779
29406, 179
51699, 45
31378, 550
11681, 201
10448, 511
1833, 58
48315, 314
45148, 811
42717, 175
52693, 377
43108, 765
49931, 670
27592, 238
15169, 111
24996, 300
37073, 457
49926, 855
54805, 753
2217, 483
9029, 339
36896, 216
55706, 742
18238, 672
52793, 807
35254, 255
51419, 769
32060, 605
44006, 547
59126, 475
31142, 263
59825, 952
16059, 505
14996, 430
18198, 897
43576, 72
13720, 548
26060, 585
13986, 769
33279, 216
55482, 215
44455, 139
9036, 153
12871, 974
48116, 89
20259, 269
37274, 264
17229, 214
36441, 30
52137, 63
22977, 435
7005, 903
18718, 864
57430, 94
2996, 569
22198, 756
22874, 127
5994, 86
42914, 629
24167, 569
2622, 408
25743, 999
44609, 432
54921, 487
47335, 148
59675, 160
12636, 820
27484, 340
38831, 339
45332, 698
50402, 674
9608, 935
2937, 508
24628, 898
20592, 959
25297, 240
2277, 696
24425, 398
25542, 951
30128, 258
32179, 231
38631, 820
42257, 667
16381, 207
18926, 35
13700, 385
33773, 293
43723, 741
35677, 439
26008, 865
37742, 355
33958, 278
55240, 18
54891, 921
30776, 851
32030, 198
59109, 107
26406, 566
8560, 4
43368, 554
1731, 687
37055, 278
59622, 929
40859, 918
8636, 57
40561, 532
51688, 676
8125, 307
41235, 237
14953, 563
242, 537
6856, 251
46238, 313
53223, 334
43076, 265
57401, 338
13758, 216
54842, 720
48696, 941
47650, 0
55841, 804
6880, 587
53209, 145
39964, 583
48847, 4
44821, 750
46304, 651
16819, 461
28372, 229
20023, 875
27830, 952
30675, 661
58342, 934
22384, 160
11151, 162
33145, 464
2350, 621
34035, 686
16578, 819
858, 137
25213, 219
18241, 634
32216, 126
6154, 862
46699, 658
14245, 587
4363, 886
46002, 983
44651, 524
48769, 927
34667, 741
56735, 22
13745, 941
4004, 811
9108, 37
36732, 819
45454, 17
14951, 452
32998, 377
10469, 769
26478, 959
10306, 611
45809, 470
13143, 90
20169, 976
42119, 637
33177, 475
39453, 251
13935, 878
17718, 832
13510, 684
26434, 437
30047, 967
5804, 147
41872, 764
51722, 404
59761, 568
39366, 917
16023, 553
16319, 312
20560, 101
50835, 498
45532, 133
16400, 677
40184, 958
43168, 394
58433, 644
54186, 331
31607, 260
38225, 930
17922, 575
2787, 461
28398, 190
18524, 131
42729, 741
6442, 19
18520, 466
48001, 665
40734, 645
6160, 338
516, 102
4582, 477
14456, 466
21324, 928
6921, 766
30368, 101
42446, 966
8562, 778
47740, 735
58069, 164
1416, 334
24192, 775
26237, 377
26640, 860
38048, 29
3039, 680
21734, 355
33235, 492
21294, 416
18253, 422
33766, 428
31212, 215
24084, 203
27543, 790
22369, 150
4618, 559
56439, 781
40176, 371
25910, 80
45661, 401
36578, 183
57559, 368
11955, 283
12791, 426
56941, 873
36431, 547
30548, 988
6508, 629
31192, 661
4383, 526
16582, 507
33340, 530
5660, 669
57320, 506
220, 275
45387, 365
20954, 544
2000, 130
41042, 553
14222, 824
43379, 380
17125, 195
27962, 505
27634, 337
28143, 484
37302, 325
52933, 779
17287, 111
55737, 183
29444, 553
30420, 784
45338, 667
12826, 77
57524, 364
4540, 271
57717, 783
13031, 513
42761, 245
45546, 494
54930, 590
501, 575
20746, 42
25604, 93
8968, 719
49818, 567
10673, 183
38540, 536
34072, 833
1730, 2
12901, 977
6439, 95
24759, 672
18057, 195
18850, 181
29915, 234
49998, 457
49228, 319
35219, 285
8624, 876
26791, 773
5200, 113
13738, 454
59860, 297
38173, 948
21162, 252
36949, 729
33629, 571
39049, 9
32918, 303
47261, 189
57028, 172
40272, 979
26574, 578
10491, 99
10174, 151
16556, 527
43222, 352
44857, 436
23694, 392
32088, 686
34272, 934
10661, 810
4816, 183
18153, 89
38587, 36
947, 451
22796, 911
58016, 934
52080, 82
13991, 734
11110, 162
6884, 624
34615, 578
23880, 240
44110, 632
34271, 929
7368, 579
33928, 715
12074, 815
33069, 542
14118, 999
26875, 561
49087, 932
20651, 989
22552, 14
18324, 321
27906, 201
38806, 521
11263, 243
42170, 172
23360, 100
12694, 601
34763, 341
11835, 74
33739, 939
12702, 956
39689, 977
3479, 558
19231, 321
46416, 793
57, 351
461, 382
52260, 487
3183, 513
58572, 952
48471, 295
45981, 555
35063, 489
23290, 191
1669, 218
56736, 82
21012, 439
27086, 667
42786, 285
124, 968
469, 272
3065, 701
14075, 976
45481, 682
30447, 95
52411, 976
8461, 783
9879, 206
40551, 395
27395, 433
15734, 326
22621, 343
50431, 979
49641, 134
11791, 7
16459, 543
31660, 519
30088, 178
15578, 526
57979, 352
50630, 851
4001, 654
10932, 484
29343, 123
41672, 908
47784, 637
1520, 723
48911, 317
54536, 530
14230, 6
25571, 508
37662, 235
55784, 617
45278, 922
46009, 180
10052, 689
18836, 209
3720, 918
43811, 608
40400, 12
16355, 814
10035, 625
11408, 503
39250, 563
41704, 637
53051, 995
12531, 114
9867, 674
9964, 735
52364, 290
43369, 105
18678, 179
8570, 612
34012, 209
39065, 952
12751, 151
59446, 398
22458, 934
30878, 90
25947, 116
46537, 205
57941, 26
46109, 386
49378, 715
16068, 745
56002, 643
16398, 904
29643, 178
17745, 854
43184, 747
12000, 61
59195, 109
44796, 64
37666, 804
37752, 392
29526, 892
36164, 706
4377, 89
47308, 878
20721, 837
23109, 524
10575, 683
47639, 911
54908, 517
54472, 600
32280, 979
46516, 792
5092, 740
57245, 632
32730, 839
34002, 563
7807, 467
14357, 420
43436, 575
1711, 558
1476, 669
57501, 837
18830, 564
8425, 22
8014, 290
52255, 320
10999, 512
13351, 718
40071, 108
1241, 490
49216, 798
54649, 160
55248, 12
42487, 320
10453, 585
37425, 576
48447, 176
51458, 900
21277, 761
38317, 581
22883, 306
43269, 859
44544, 901
37503, 378
44008, 749
30833, 419
16030, 784
6047, 968
18103, 13
401, 163
21809, 339
21513, 677
41758, 389
49493, 738
56557, 856
4110, 734
49675, 291
57279, 727
35568, 305
30633, 689
6324, 119
3687, 159
44268, 174
44174, 88
44020, 263
27839, 852
750, 690
35317, 970
16945, 124
9133, 542
26081, 934
7947, 932
40251, 139
43081, 788
51596, 14
24370, 36
55109, 328
59097, 28
29723, 673
52100, 39
46477, 318
36001, 253
58468, 316
20907, 345
33736, 920
56340, 228
10130, 369
16047, 881
17990, 369
16226, 756
40003, 585
57754, 837
4076, 329
56653, 278
21006, 441
50737, 839
40449, 167
25070, 33
28272, 717
2022, 35
34329, 343
13545, 799
38003, 20
25851, 833
21364, 796
25736, 86
41531, 673
26372, 633
8963, 646
35472, 661
18574, 882
51033, 101
51473, 807
34371, 540
25365, 136
19935, 445
50901, 598
37363, 487
49869, 424
57056, 685
19806, 837
1001, 594
56739, 387
30621, 976
2078, 626
57451, 514
52722, 575
27003, 394
47122, 110
3507, 365
33628, 85
58665, 30
58471, 310
57576, 740
25795, 578
24427, 63
50376, 917
24396, 488
3743, 329
35348, 725
30236, 634
59965, 654
43329, 993
588, 590
10185, 87
946, 439
40958, 740
16348, 340
35494, 250
49591, 155
3291, 342
25434, 954
14154, 926
46587, 522
6519, 321
6788, 196
1098, 246
40722, 934
12347, 498
55034, 173
3639, 603
4212, 912
36122, 257
32783, 425
13074, 263
2265, 312
41183, 163
8585, 253
15214, 268
24621, 555
43009, 542
4945, 407
47662, 507
55098, 336
12330, 796
40876, 851
39586, 367
5627, 927
3523, 642
12731, 876
19349, 522
33358, 68
45682, 593
11831, 137
32133, 260
33918, 382
23775, 836
41939, 808
17080, 651
14486, 66
21363, 132
24242, 653
55823, 869
47045, 299
18550, 62
9668, 705
59890, 726
325, 182
18597, 217
23504, 881
42713, 330
32004, 883
31939, 914
52749, 996
29820, 770
46157, 171
34298, 285
43165, 285
1022, 831
1314, 281
12141, 724
6481, 176
23148, 819
30505, 935
45319, 382
17939, 275
13630, 589
21731, 52
37713, 749
49421, 129
18855, 329
38794, 105
35354, 548
11284, 956
54840, 465
57506, 454
28422, 909
352, 101
42136, 717
34305, 423
45824, 446
31203, 336
49598, 179
25477, 628
3603, 153
3750, 287
27388, 892
33737, 820
5348, 930
57762, 468
27881, 464
47416, 814
38504, 915
17172, 787
24911, 299
2583, 452
9789, 917
48118, 46
47038, 582
15149, 707
19609, 921
42242, 230
4965, 317
4368, 914
2525, 346
7394, 315
14551, 662
51633, 602
32746, 39
28626, 800
53422, 806
11636, 565
22699, 498
13730, 592
23925, 549
33979, 515
12098, 807
32507, 90
34128, 953
51993, 138
1252, 139
34225, 297
53863, 498
31530, 926
41910, 512
17281, 325
12539, 150
10162, 457
53911, 286
12768, 248
17352, 564
13374, 86
44692, 54
34571, 131
20130, 150
8112, 548
26226, 538
34849, 83
10992, 798
1496, 794
23420, 274
40577, 260
18377, 322
12143, 276
27226, 493
55281, 738
15550, 91
36986, 299
31046, 524
33416, 434
22997, 466
22335, 119
51329, 323
39057, 576
8691, 231
32486, 792
43256, 385
18091, 833
13195, 109
46796, 980
23688, 376
27780, 792
16785, 514
30348, 759
44964, 218
9793, 395
9851, 647
24369, 995
49006, 610
39749, 991
28028, 453
23377, 855
5185, 536
37183, 428
23468, 618
50167, 687
19217, 494
32761, 506
55040, 850
49502, 566
40331, 0
18264, 885
55116, 294
52687, 216
33678, 306
9535, 696
12453, 411
42093, 413
3598, 246
11371, 156
21151, 672
40049, 512
58216, 956
2345, 437
49606, 8
41254, 794
27180, 794
9268, 802
38265, 915
20818, 174
47310, 781
21594, 352
42224, 12
6498, 697
57097, 322
5986, 996
7136, 66
38401, 120
40694, 297
57967, 217
59089, 992
52478, 196
30540, 300
601, 700
13334, 791
22878, 815
9516, 646
30034, 426
45878, 910
42059, 352
1624, 379
20319, 831
5996, 826
49174, 151
10058, 56
17942, 592
55397, 75
35167, 623
11799, 998
25436, 613
7243, 291
26483, 408
38153, 951
59414, 128
3509, 103
50559, 6
46070, 235
43280, 870
33119, 331
13770, 510
30504, 644
43484, 568
51393, 606
5703, 109
26880, 62
3862, 148
10400, 805
40014, 965
43976, 375
29821, 654
48851, 256
49334, 680
33990, 171
57806, 670
53984, 377
39197, 989
22162, 391
59280, 510
30622, 393
52643, 444
43334, 625
16222, 105
57855, 931
26054, 740
38436, 488
5133, 128
48757, 154
37796, 295
24817, 920
10517, 501
53923, 96
34801, 305
54520, 482
48087, 902
38586, 438
12250, 50
17404, 498
5707, 511
41875, 0
29856, 648
36910, 201
26364, 642
32313, 635
21614, 87
43796, 588
53004, 702
48972, 156
31670, 779
38953, 408
3092, 563
7391, 978
11308, 285
31220, 101
52291, 770
33876, 8
11241, 354
36764, 233
12583, 73
4640, 575
53758, 374
29864, 391
53277, 30
47439, 277
28264, 96
27705, 493
55315, 882
50225, 623
9553, 62
1121, 189
8321, 756
56784, 67
9459, 43
50677, 833
3915, 241
21018, 619
42141, 504
22237, 165
13940, 970
23492, 957
51439, 942
10978, 760
2216, 236
5730, 83
5673, 942
41337, 369
15923, 376
23590, 932
53161, 629
33350, 236
1497, 737
29752, 369
40858, 354
10855, 505
43933, 872
6761, 133
36496, 874
30560, 39
41576, 816
28376, 420
35136, 488
23881, 28
37236, 924
35716, 923
38470, 995
59510, 658
46302, 211
4806, 173
44902, 485
36140, 810
49461, 997
30576, 181
12828, 96
13122, 309
33662, 925
44038, 770
5118, 567
26272, 268
35359, 175
5860, 922
22603, 139
20913, 486
46910, 804
44873, 728
35025, 908
24828, 688
39609, 924
16547, 891
37659, 615
51455, 481
51041, 126
13109, 275
21922, 233
41832, 479
18308, 479
31233, 564
11985, 11
32263, 534
47268, 897
12168, 184
43488, 558
49016, 737
3091, 56
42041, 936
3623, 527
35118, 859
42238, 77
52135, 811
15086, 556
59000, 949
28445, 374
12740, 225
19137, 125
28040, 709
43807, 543
49323, 966
7635, 6
23336, 208
19516, 567
23630, 61
2208, 174
30828, 594
2332, 85
29485, 762
40431, 504
45713, 377
32659, 895
19283, 220
55107, 331
39780, 791
8399, 21
28882, 398
55807, 875
24177, 1
42154, 902
15481, 875
8039, 446
7406, 682
27318, 791
27572, 370
52320, 923
8754, 134
32153, 717
18516, 316
33223, 494
17610, 573
53794, 135
16758, 54
23971, 923
42407, 910
34565, 930
17705, 710
56020, 393
39727, 152
17993, 876
52575, 840
57308, 803
36109, 129
34582, 661
51763, 671
22875, 795
35786, 700
25829, 159
23244, 9
43228, 618
19822, 763
46891, 35
714, 944
7688, 266
44435, 56
1419, 539
31256, 472
20251, 189
10284, 389
52050, 168
4617, 16
19728, 349
15111, 483
37514, 608
52486, 356
57497, 754
35762, 737
35827, 416
54294, 395
25642, 722
32113, 138
19835, 1000
25470, 656
39922, 196
25746, 721
56191, 747
18387, 190
56632, 502
22634, 269
10771, 796
34619, 76
825, 274
2528, 489
32225, 705
45173, 844
53038, 63
26409, 405
990, 647
52675, 326
4307, 970
1368, 910
37954, 440
36053, 847
30494, 988
37603, 786
34881, 576
46503, 887
31406, 633
1777, 945
29278, 854
16687, 963
13196, 864
37800, 476
46552, 339
29898, 219
13913, 316
54688, 973
29412, 604
40338, 604
9112, 688
33324, 449
55120, 998
16103, 310
19316, 623
21270, 753
6740, 641
47147, 36
13859, 582
24256, 888
33193, 554
21356, 535
32812, 380
9752, 143
53380, 991
41760, 879
25192, 847
47798, 770
34203, 298
41189, 53
4313, 993
24488, 424
18588, 613
37132, 753
29205, 395
2818, 296
33023, 421
43957, 457
32455, 89
53684, 810
57399, 168
36656, 497
36889, 782
926, 397
52395, 684
37928, 344
41372, 11
16065, 437
57742, 589
41013, 800
38093, 760
29759, 400
48578, 344
4437, 351
46613, 632
28076, 967
27412, 761
55630, 739
16635, 823
19916, 990
2767, 678
29011, 186
53594, 827
1892, 108
27973, 812
53270, 922
7808, 89
51594, 466
19697, 356
39327, 690
23034, 482
47377, 470
43710, 387
18872, 741
44077, 616
28778, 4
20009, 685
11072, 407
5853, 83
40502, 320
14455, 509
45996, 374
51744, 732
45146, 516
34171, 686
59586, 630
36618, 499
48844, 503
56631, 703
16799, 280
33081, 477
22944, 148
26326, 674
16519, 0
13110, 959
23867, 771
10289, 517
57900, 120
11908, 177
14987, 59
9009, 373
40803, 889
50218, 282
38872, 292
46677, 219
30748, 702
25688, 748
7214, 843
23463, 678
42029, 441
50470, 311
40968, 434
10296, 108
22793, 820
1831, 299
30966, 545
25754, 364
27774, 200
41782, 526
25924, 42
2325, 724
16089, 911
11380, 833
38320, 948
34831, 418
8169, 343
21168, 981
18129, 288
47129, 343
51900, 286
34997, 766
45272, 92
40946, 341
54505, 891
49897, 582
18166, 190
21478, 312
51620, 298
54657, 873
20199, 219
8301, 190
47105, 986
58868, 938
10580, 974
37920, 108
12373, 217
17274, 401
26341, 474
56404, 72
5529, 490
58466, 83
29900, 390
26104, 6
47314, 794
13870, 785
23637, 34
14649, 630
7160, 977
13014, 314
55538, 848
53994, 324
5527, 381
59396, 950
59577, 52
39062, 247
25871, 245
26945, 33
4845, 182
55749, 854
4026, 470
13836, 144
29265, 381
55284, 131
58347, 502
46569, 31
7731, 911
54986, 447
38907, 143
43062, 229
21566, 27
42179, 825
31120, 848
46460, 106
9989, 246
6969, 481
16698, 118
17152, 219
29180, 789
11707, 407
20406, 55
45450, 413
59407, 269
27223, 830
22165, 389
49020, 960
27231, 634
16918, 397
8611, 363
31017, 60
42768, 861
59643, 988
11914, 653
39564, 384
34229, 315
47592, 53
37559, 102
49440, 962
52996, 590
28710, 810
32272, 990
12991, 113
19790, 133
55916, 279
39378, 747
22059, 300
1709, 360
34015, 30
2048, 360
6658, 157
36423, 536
56025, 698
11207, 391
39656, 296
47362, 153
53192, 125
15888, 51
59677, 488
47041, 268
11085, 538
39479, 779
13951, 441
49594, 392
44686, 130
32195, 833
38904, 345
14980, 947
22451, 565
16697, 295
40563, 661
4422, 192
7310, 893
17030, 113
38601, 315
28714, 194
57590, 944
9848, 315
34863, 196
46448, 582
28885, 814
15881, 752
47947, 817
48705, 540
26085, 830
16201, 920
51444, 809
59291, 469
16369, 547
7714, 134
26030, 364
27915, 797
45213, 734
30706, 481
42128, 728
19667, 47
20295, 920
23295, 20
27812, 445
46716, 676
18478, 712
3388, 974
26604, 830
31676, 944
53790, 612
18900, 953
21042, 25
46419, 555
22135, 707
10451, 868
27586, 155
47533, 336
12672, 210
29563, 815
17620, 346
9537, 69
34526, 774
58106, 25
8771, 301
31419, 760
29707, 118
15633, 219
5408, 879
11022, 64
16260, 902
46475, 50
24534, 766
24238, 673
52730, 738
38403, 984
35437, 563
43896, 578
25523, 599
45789, 957
11788, 792
34989, 706
38933, 631
23277, 440
894, 368
18135, 764
40984, 838
31049, 48
12567, 43
35314, 154
31719, 137
14446, 831
57154, 827
5413, 332
57128, 559
3887, 692
47309, 482
7766, 409
995, 139
6837, 118
55211, 516
49057, 123
31464, 396
36459, 520
354, 233
36963, 215
1930, 983
58882, 514
36684, 981
22838, 258
51645, 972
43382, 920
52993, 846
54502, 383
10163, 622
17076, 531
17880, 660
18336, 374
16701, 186
11729, 218
45960, 552
1164, 610
38280, 939
14651, 364
43612, 269
3942, 743
15330, 388
24557, 555
51253, 94
958, 902
47300, 395
49517, 665
30981, 163
2064, 965
56485, 363
21217, 782
47794, 369
46042, 670
35414, 265
48726, 956
30171, 173
55414, 944
50481, 958
20201, 725
22424, 649
39581, 514
33139, 477
51636, 202
11440, 623
59789, 83
13922, 989
51705, 863
14258, 941
17853, 440
43015, 233
28217, 744
34815, 84
34216, 926
16114, 45
36825, 438
51876, 914
37640, 771
43623, 149
58067, 246
22906, 640
33482, 54
21337, 593
8320, 384
44327, 182
16931, 930
39482, 948
55987, 880
25013, 549
4760, 918
42073, 534
6700, 627
25883, 891
9740, 682
20804, 573
33470, 986
23459, 437
4070, 859
16349, 591
42100, 327
24746, 762
26541, 633
49446, 652
49424, 316
41402, 412
39404, 238
40550, 436
53043, 23
15815, 544
21832, 179
51701, 151
48862, 743
41174, 694
54617, 328
49763, 784
24053, 798
2391, 246
34001, 665
21693, 137
17933, 677
13874, 917
48289, 83
35450, 527
44152, 1
55276, 90
36260, 574
28718, 824
35180, 904
41651, 421
3680, 606
12403, 985
34612, 408
13846, 872
5021, 810
15139, 780
5919, 247
44504, 791
55992, 717
24638, 370
4401, 916
51361, 890
55075, 74
12997, 691
59132, 851
56445, 270
12944, 399
58802, 427
34937, 615
39690, 961
41412, 919
21005, 425
14440, 965
32020, 812
6757, 139
36930, 940
55259, 149
33543, 535
18894, 717
45712, 100
57718, 740
363, 882
17353, 173
30335, 748
13517, 28
1102, 952
37058, 166
13156, 214
3391, 403
32065, 692
54061, 869
44725, 979
32301, 843
16060, 416
37717, 297
38012, 745
49730, 967
3735, 981
55199, 881
40163, 187
12368, 821
4254, 760
44239, 40
22172, 677
51189, 444
50003, 640
54868, 667
43159, 827
15984, 24
24035, 340
57037, 947
43491, 753
6185, 358
54021, 999
28585, 413
32288, 838
34325, 501
41420, 188
50409, 2
33255, 297
41810, 996
55495, 515
43327, 938
22404, 509
30965, 456
44822, 624
33535, 738
20704, 305
46275, 100
36112, 368
51869, 331
502, 314
26700, 586
21801, 908
31671, 749
46827, 450
4315, 514
52079, 63
19259, 778
129, 626
53015, 972
35289, 185
1522, 468
33861, 674
42023, 321
55929, 148
47478, 852
18668, 61
2989, 57
5972, 127
15063, 664
22474, 855
31674, 935
11861, 861
24257, 110
3328, 382
49651, 793
8478, 843
15699, 122
38374, 107
17373, 221
37901, 641
48657, 513
10172, 702
18589, 676
24945, 169
3959, 74
39839, 575
1482, 657
15183, 349
47701, 733
11012, 948
3159, 194
15147, 520
32294, 326
2910, 182
51959, 539
52984, 431
20057, 488
36452, 134
12085, 322
50940, 81
30255, 126
21164, 462
23195, 743
30844, 725
55386, 513
57111, 74
53737, 285
52214, 699
43469, 281
21051, 372
40063, 327
21159, 734
54956, 926
21886, 93
55128, 573
30857, 673
13609, 885
26467, 367
57550, 376
35460, 493
43513, 55
11640, 928
33889, 616
27165, 620
54040, 343
26649, 399
36277, 887
33080, 290
52616, 528
34779, 831
20442, 308
53002, 193
19605, 679
47747, 173
23402, 379
22143, 569
3355, 10
23161, 441
2925, 284
36278, 854
49752, 622
46259, 331
37429, 228
37171, 187
727, 481
3289, 615
42214, 86
26638, 574
22323, 887
392, 153
25151, 141
59192, 891
38697, 950
42837, 143
49082, 15
55494, 325
56122, 507
57919, 667
16813, 791
2474, 689
17605, 649
48188, 359
12374, 686
3370, 637
9022, 184
38778, 58
33005, 881
41477, 989
32742, 675
54588, 249
24566, 266
6163, 532
40809, 388
9514, 433
3432, 966
12869, 798
51164, 92
53524, 974
42667, 215
10324, 597
47946, 892
21849, 212
38238, 32
19487, 132
25351, 355
16278, 754
41411, 566
3489, 776
28720, 586
31550, 807
34578, 700
49197, 198
10417, 736
25762, 988
24993, 515
31772, 683
7263, 607
5834, 136
9842, 44
55007, 570
30030, 782
53638, 318
57795, 361
1483, 52
59880, 399
4883, 141
27137, 869
1061, 498
22823, 881
57052, 53
14161, 877
11034, 232
57190, 285
47942, 102
9205, 563
5852, 741
17320, 622
45521, 300
34922, 358
18343, 143
3023, 714
53869, 125
40908, 87
43963, 378
53361, 878
38661, 627
835, 510
34511, 840
30689, 18
44729, 970
30124, 427
34231, 37
41119, 817
50870, 379
13588, 359
35109, 972
30951, 313
23022, 869
31509, 554
1499, 153
1296, 906
34279, 528
18003, 319
18790, 330
26627, 763
29103, 596
53228, 595
10308, 169
58194, 369
47176, 173
5103, 876
9711, 429
24871, 73
5336, 469
19618, 448
17618, 661
23363, 638
38220, 302
19533, 41
58338, 236
59297, 532
25627, 340
39082, 135
44411, 780
51061, 737
51882, 277
15973, 436
9701, 205
39828, 157
18391, 837
17940, 660
2807, 558
12446, 967
19167, 512
49830, 504
24947, 508
35285, 123
57435, 480
50092, 217
46917, 274
52634, 890
44085, 143
15284, 991
26714, 934
37464, 478
17046, 375
20589, 772
1683, 205
14563, 521
24861, 156
57439, 608
45697, 510
26193, 368
42659, 775
35538, 772
36802, 912
45497, 704
32170, 707
58644, 425
30113, 701
49716, 740
19345, 219
34955, 320
13311, 968
43145, 805
48773, 702
13491, 258
29276, 212
53610, 535
10298, 288
5620, 544
40371, 634
49505, 216
26982, 624
17464, 497
41975, 990
55965, 315
50283, 654
32005, 129
42437, 835
47446, 239
18071, 708
37607, 623
44015, 124
22724, 849
11785, 282
45801, 490
38027, 951
49512, 86
40314, 480
52425, 552
29031, 709
34318, 499
34930, 408
57303, 955
44723, 511
13170, 365
23985, 913
4949, 59
26389, 394
1391, 211
8268, 507
44652, 504
56014, 233
10826, 320
41593, 823
48171, 48
1868, 288
52781, 20
23331, 71
59187, 820
46668, 776
21829, 768
35303, 63
36697, 897
10789, 104
16020, 871
59868, 356
30340, 937
20401, 343
50576, 728
57960, 49
593, 693
9439, 302
11223, 186
54553, 601
22516, 537
25046, 305
50000, 333
24790, 69
10144, 308
16681, 893
55068, 202
57282, 899
18893, 257
11376, 718
12860, 648
5957, 647
31264, 485
41690, 26
19362, 925
52704, 199
16159, 165
16806, 242
54013, 969
56019, 238
37993, 625
49161, 513
16766, 640
43967, 766
29893, 47
30025, 468
22568, 410
1558, 456
50675, 120
38452, 328
18699, 657
42990, 683
30066, 268
1780, 605
7630, 67
43601, 483
25616, 264
19570, 520
23134, 665
57934, 976
28144, 250
14577, 463
49022, 585
46757, 327
11825, 772
21504, 963
33807, 139
5854, 297
43192, 308
41037, 324
6378, 966
43522, 833
32112, 926
32329, 974
38976, 734
43608, 763
17127, 44
48770, 900
22408, 388
2154, 119
29661, 757
16725, 459
34598, 337
44262, 553
54742, 904
11509, 862
28132, 667
36613, 575
46424, 108
42292, 182
27257, 65
25923, 464
50751, 952
37013, 714
2998, 990
17918, 208
41568, 793
53898, 419
59963, 410
25221, 372
48777, 349
36632, 304
54070, 829
44472, 90
43504, 43
26472, 675
33599, 301
18800, 816
26803, 910
6930, 615
21788, 388
46455, 103
10490, 185
59561, 667
48405, 232
40012, 857
13290, 220
18508, 456
13683, 698
9651, 146
45468, 679
12618, 350
50386, 501
7930, 841
16090, 855
14640, 707
9764, 191
8598, 13
21256, 559
23692, 282
53283, 792
42662, 707
326, 948
42354, 663
45730, 96
53792, 578
31059, 142
26265, 837
16072, 596
6243, 408
21879, 382
45010, 49
37016, 78
55052, 527
49980, 846
38455, 753
17626, 447
55666, 722
49377, 753
18289, 701
57337, 143
39757, 321
10011, 200
57460, 526
15352, 117
47385, 328
32223, 739
36522, 549
30401, 727
22919, 849
55148, 739
47792, 738
13006, 914
32728, 274
6628, 309
22146, 545
48767, 986
52378, 771
27302, 511
45138, 247
14309, 917
531, 502
32925, 753
23771, 778
25369, 599
3726, 951
42548, 894
11275, 20
23408, 930
14956, 23
57537, 59
28625, 576
13501, 249
50920, 132
4032, 290
46894, 777
32428, 631
20412, 160
53081, 879
36827, 73
30220, 339
35365, 401
43764, 916
44664, 3
28274, 509
39163, 853
44093, 610
15810, 292
21643, 978
17033, 255
19319, 94
59327, 252
22806, 667
25655, 810
44581, 71
21831, 97
13809, 561
345, 987
15027, 818
12948, 868
51851, 198
3261, 383
29398, 988
24142, 255
55871, 675
45422, 724
53383, 222
58599, 734
3414, 395
183, 526
12020, 99
51585, 515
1672, 979
7745, 5
58900, 275
6662, 127
20666, 415
3226, 644
50088, 838
4167, 384
37087, 970
816, 474
4115, 495
29186, 766
35544, 616
5709, 53
54404, 677
23101, 974
21714, 253
44191, 159
54936, 290
15450, 991
59688, 350
32674, 642
28519, 406
51077, 580
28443, 80
40589, 360
50892, 924
53521, 796
12069, 70
15595, 891
56032, 987
57306, 305
36231, 66
25041, 846
23954, 713
45515, 453
31820, 780
31355, 656
43865, 5
4238, 287
23857, 327
49401, 245
33933, 701
11053, 468
19269, 846
55595, 647
58758, 400
764, 773
11886, 701
30599, 578
26781, 638
20020, 385
15806, 848
43288, 917
40680, 207
46899, 587
55526, 68
13534, 887
42485, 450
8889, 720
14002, 893
58670, 670
24113, 147
22351, 275
4240, 968
46135, 750
4060, 722
59154, 892
16856, 322
16673, 113
5842, 357
14634, 345
57064, 153
24323, 237
58281, 626
24240, 869
8381, 748
17522, 70
13496, 359
53029, 588
26749, 401
43091, 995
31400, 50
37434, 610
13953, 729
54846, 542
24506, 775
25143, 981
29266, 448
4830, 61
58631, 37
782, 768
49529, 201
5486, 87
23652, 476
16169, 248
22132, 780
49546, 601
27998, 717
819, 121
25875, 133
43577, 197
55542, 949
50610, 621
7763, 494
56177, 765
20509, 40
52674, 41
20743, 79
13773, 968
32035, 226
37971, 647
8633, 791
58764, 279
3826, 165
41684, 255
53542, 341
622, 600
49743, 314
28271, 659
2338, 765
1235, 754
27155, 523
20597, 295
51889, 175
4358, 528
56909, 626
58041, 652
2615, 546
59081, 988
26730, 502
57397, 176
42285, 614
22266, 891
25451, 128
232, 584
6407, 599
2585, 992
22060, 637
31170, 92
52559, 440
24207, 519
21435, 902
40767, 639
38464, 516
44852, 884
24032, 218
25280, 8
12164, 401
25755, 183
43310, 520
55388, 659
42973, 241
32903, 156
26138, 456
20284, 425
156, 303
7747, 444
36135, 9
18548, 908
55461, 781
7458, 554
49503, 801
1584, 864
28403, 265
24468, 132
59479, 943
15059, 897
10427, 192
48533, 932
52546, 764
49482, 957
8354, 3
47529, 656
59432, 836
50953, 185
42411, 960
44159, 171
49405, 364
51936, 58
48898, 935
51085, 341
7979, 642
1770, 5
33817, 573
26264, 634
25031, 983
16138, 640
40799, 442
13219, 977
1103, 120
3214, 307
28225, 202
14479, 55
41509, 464
11736, 552
1704, 432
36300, 607
58229, 48
17562, 889
50005, 204
43332, 508
9231, 159
11319, 339
6397, 781
31424, 260
31580, 242
13017, 42
13460, 914
4546, 90
27822, 677
56309, 688
29878, 336
43261, 395
32651, 156
3637, 597
41955, 924
11489, 139
46559, 166
43949, 660
39807, 759
25330, 280
3265, 150
13187, 130
5437, 740
1962, 427
59837, 997
40941, 907
55457, 766
15449, 13
29911, 331
29199, 86
15816, 508
3702, 228
30241, 687
36091, 36
45749, 622
27380, 759
39781, 618
27789, 693
43451, 705
11153, 968
36550, 92
17908, 214
31399, 310
14891, 888
31373, 358
37960, 321
18812, 667
47240, 737
9041, 202
82, 564
21634, 789
51137, 256
17802, 375
38334, 533
45935, 526
42932, 391
41897, 295
45549, 160
40107, 21
14375, 265
36760, 435
11010, 416
778, 975
20793, 982
5832, 661
10960, 880
47799, 690
15865, 527
3993, 220
47866, 21
24328, 540
25579, 512
28151, 733
30691, 782
37245, 400
51203, 636
49974, 302
51028, 940
11735, 383
36473, 403
37204, 730
30913, 200
26913, 112
46183, 552
43476, 563
20523, 393
42269, 430
45118, 844
49910, 911
30445, 107
6991, 797
57984, 25
28459, 293
2110, 530
56542, 155
48022, 507
3664, 991
40932, 1000
37891, 513
37623, 691
49374, 328
6080, 637
3676, 422
53495, 14
20079, 845
32830, 570
4082, 990
6823, 413
40301, 797
5461, 937
50175, 857
33167, 902
14990, 723
59849, 246
26444, 415
254, 771
19450, 769
6326, 257
44930, 266
33859, 533
56318, 50
53793, 309
26708, 525
47579, 969
44171, 655
14004, 954
54106, 73
58334, 184
5847, 36
40043, 353
31775, 195
12785, 652
13411, 775
22307, 756
9837, 972
43689, 678
42391, 800
36646, 54
22591, 33
28069, 736
2586, 208
30500, 935
11812, 347
177, 705
43672, 868
22385, 676
57434, 483
52882, 53
48417, 542
33884, 336
39669, 788
43895, 321
41563, 312
44398, 424
6764, 951
46005, 722
51239, 968
42402, 936
24481, 221
13554, 985
46387, 489
17344, 933
58831, 680
41642, 500
40777, 620
38239, 586
36630, 607
43099, 289
19675, 686
1913, 543
37161, 124
44277, 666
12769, 127
59160, 282
45736, 582
30482, 72
18980, 183
57219, 498
19117, 415
42414, 762
53263, 250
1346, 37
3629, 750
35602, 185
20353, 683
1152, 406
48978, 922
37466, 189
30238, 763
15679, 392
13924, 769
49108, 48
53767, 755
41907, 293
26053, 484
35138, 601
2016, 478
26837, 999
5501, 156
43657, 15
32660, 921
54833, 640
30040, 366
87, 420
16434, 493
58715, 197
55639, 970
11572, 438
7948, 405
57123, 816
30091, 149
12336, 3
21760, 18
30553, 436
25441, 850
10082, 482
37677, 71
40893, 981
44301, 390
15980, 21
6264, 799
39436, 171
1068, 154
34523, 308
21413, 836
17980, 290
3367, 229
49915, 70
58316, 249
35944, 271
24058, 921
40410, 873
53123, 373
7536, 246
34186, 765
29747, 288
14773, 680
13492, 157
12016, 652
19687, 558
8769, 125
32271, 499
24048, 726
10560, 369
6946, 464
6775, 535
10398, 992
54949, 152
36401, 776
55383, 227
6972, 618
33874, 824
34311, 653
47257, 786
56699, 491
1486, 607
1370, 182
16860, 605
49510, 376
15540, 503
53245, 64
42787, 136
55669, 672
12542, 523
55910, 508
38363, 301
51756, 102
55818, 515
47054, 408
52537, 506
30705, 714
8661, 362
26176, 329
40293, 247
52292, 494
14211, 461
16384, 759
31104, 273
51037, 286
19933, 48
34595, 221
10440, 1000
46203, 441
34068, 477
24258, 129
21423, 945
6762, 835
34140, 166
20682, 108
24094, 425
389, 165
35090, 714
54232, 606
44287, 998
50272, 860
19187, 479
29201, 238
54860, 835
32262, 63
33947, 88
30006, 626
13805, 523
10763, 241
35279, 833
21013, 658
49428, 59
37191, 175
7905, 834
17732, 360
29687, 44
1190, 316
377, 872
15800, 752
13742, 712
210, 594
50880, 345
2373, 852
54374, 24
20363, 242
10529, 794
25816, 581
28032, 558
56493, 265
59488, 58
27860, 578
41617, 451
17845, 199
46727, 630
17683, 340
16508, 173
38827, 109
41357, 483
43755, 836
53104, 946
17270, 733
21583, 867
36551, 936
52752, 967
30258, 62
20976, 850
19326, 221
40839, 384
36360, 135
3404, 173
29605, 368
36605, 76
41017, 62
27856, 274
30784, 936
17439, 595
33194, 448
36791, 940
5615, 224
54257, 790
43650, 595
13616, 580
21400, 710
875, 231
49396, 820
51198, 717
39282, 508
31369, 417
20854, 807
12800, 917
25799, 296
23607, 179
29151, 158
43079, 471
19950, 851
38670, 93
44763, 494
16326, 559
38997, 582
16540, 756
52907, 476
48526, 885
33711, 195
9791, 635
37020, 728
47174, 857
51800, 784
37114, 897
43775, 923
59484, 643
11155, 316
26344, 792
35684, 708
41274, 866
32022, 487
32626, 63
48918, 583
23750, 598
42924, 829
5274, 756
37606, 825
13387, 887
14559, 26
37655, 294
19556, 489
22347, 978
13582, 477
12876, 334
56916, 971
25818, 759
57382, 439
44536, 84
14047, 68
35092, 580
36310, 280
34347, 698
51113, 49
13777, 700
52186, 559
42767, 360
22857, 78
9641, 848
8616, 998
51625, 739
37403, 994
47403, 452
236, 950
12019, 808
16437, 296
39289, 772
20998, 42
24912, 415
41970, 145
8022, 577
50521, 597
54432, 822
48297, 844
8759, 152
9353, 814
2155, 412
55451, 511
22339, 523
2922, 78
49001, 698
7571, 323
19874, 157
6438, 795
57937, 670
44563, 57
48078, 625
42882, 710
8380, 823
54058, 64
53587, 86
7167, 858
47858, 105
26575, 155
28606, 155
40770, 629
38373, 257
46032, 768
385, 590
31070, 282
4623, 182
37283, 116
7845, 451
3337, 335
36692, 430
5005, 607
37404, 821
32462, 513
28711, 347
35861, 500
30602, 878
16943, 74
51567, 382
3061, 122
6595, 155
39357, 830
28796, 723
33190, 360
9350, 203
41856, 975
15247, 314
57650, 707
14522, 270
8873, 346
39084, 194
45608, 732
50998, 8
41639, 81
11245, 663
41918, 951
41018, 254
28587, 69
20787, 409
568, 131
34345, 451
35917, 858
5320, 514
1172, 105
53240, 715
147, 88
3520, 460
40169, 162
22962, 863
11929, 229
21414, 61
48975, 817
14070, 966
33775, 133
47643, 593
59974, 666
27622, 752
58341, 53
28150, 61
51123, 568
36979, 159
57066, 834
16417, 872
1051, 634
39894, 791
40745, 680
41796, 681
8620, 67
51761, 872
3745, 848
51404, 216
29142, 954
5276, 4
38248, 541
38691, 603
52847, 609
22168, 155
56352, 501
36232, 633
35411, 298
20742, 265
46574, 426
56581, 386
24210, 968
39434, 887
38580, 48
50817, 110
8068, 791
39907, 72
37281, 996
35394, 694
25290, 418
15307, 161
45812, 83
55280, 38
48342, 815
54526, 767
28638, 760
55971, 896
42320, 14
2404, 140
10521, 185
21464, 83
20615, 918
40560, 815
58991, 780
29292, 688
13096, 120
3476, 103
26017, 578
23075, 47
50081, 544
6937, 351
49153, 514
41972, 141
55779, 340
28063, 276
19946, 634
14858, 343
42674, 327
10589, 976
57182, 341
56103, 299
11008, 231
36659, 530
29497, 244
5648, 894
46150, 66
20822, 474
19628, 740
41589, 89
51790, 428
50073, 869
9028, 570
57228, 257
45361, 936
53497, 273
32264, 998
15273, 427
25120, 853
52615, 374
20285, 797
58288, 920
6147, 378
36805, 875
40456, 423
29836, 574
199, 907
1597, 397
48000, 544
19652, 718
28945, 34
24866, 492
57475, 126
23772, 839
27536, 928
40980, 637
46314, 126
50551, 197
24347, 818
51681, 406
38647, 3
18218, 444
30942, 148
9853, 248
9238, 617
28526, 285
40972, 287
14653, 47
55664, 900
19287, 673
5429, 696
12890, 157
44960, 27
12412, 824
43485, 853
23606, 598
9190, 46
34544, 598
50919, 849
45354, 631
25899, 882
14145, 695
2227, 184
41824, 399
15792, 468
49547, 794
24645, 424
10866, 497
5942, 190
5007, 542
28329, 274
2298, 803
46852, 751
25869, 868
50944, 694
20291, 582
51270, 860
35958, 540
23431, 33
19313, 820
45037, 956
48235, 415
52610, 67
18666, 499
29635, 592
48124, 101
31746, 389
23848, 766
59563, 360
57750, 321
48457, 81
10662, 204
56787, 82
580, 299
33654, 418
13848, 751
12372, 446
25020, 722
52736, 319
14312, 446
31418, 289
51939, 286
11339, 11
46194, 445
23790, 940
48565, 406
44425, 849
745, 555
29189, 224
59716, 697
17899, 395
5008, 957
48910, 918
24692, 635
21219, 272
59807, 821
36376, 874
32368, 129
42851, 186
1703, 372
15957, 305
35023, 254
39221, 463
26578, 465
4072, 562
43171, 323
14224, 216
383, 289
48814, 224
18707, 701
51495, 944
14090, 463
41062, 668
14149, 619
44923, 915
46485, 272
44208, 284
48516, 34
29431, 545
49720, 436
27136, 761
31366, 463
45979, 848
27656, 104
3813, 298
34251, 448
37093, 142
23087, 659
28734, 977
43843, 643
52815, 345
28455, 893
38770, 904
35726, 103
29634, 58
29783, 666
15934, 802
5548, 919
32956, 634
32571, 32
35978, 929
11103, 947
17867, 309
42721, 173
48929, 489
56223, 761
15858, 237
17681, 297
38808, 321
16076, 454
18473, 245
52746, 406
43266, 706
1145, 637
18641, 25
13600, 391
45903, 899
47034, 903
43437, 659
49906, 667
44282, 860
23564, 880
27692, 743
11818, 550
13075, 405
19405, 507
31063, 404
39351, 851
58585, 997
25669, 4
51506, 565
22367, 483
54504, 504
3481, 74
5235, 426
15288, 258
20802, 309
2284, 762
31579, 543
10587, 217
57155, 811
51693, 503
8648, 825
55513, 963
23698, 686
39454, 525
10563, 347
25635, 956
55535, 277
44662, 508
21701, 67
28019, 613
35273, 408
42929, 171
42910, 629
42349, 313
11168, 349
47898, 768
52557, 243
5392, 770
28922, 204
3077, 329
30102, 743
14076, 154
10074, 653
55860, 956
8509, 983
49564, 304
10542, 806
51356, 706
29907, 499
59652, 9
9606, 67
17892, 952
10604, 630
4898, 515
12658, 187
19903, 53
5346, 597
35139, 157
3517, 14
198, 173
57071, 29
18732, 641
37959, 893
38303, 620
8712, 89
44036, 637
8045, 561
52777, 916
12218, 791
53164, 961
23878, 136
53997, 675
23879, 476
22043, 248
38557, 99
45654, 69
13162, 668
4137, 18
15708, 582
10066, 241
7524, 82
25564, 868
50078, 902
21289, 28
19489, 214
6735, 57
13469, 412
43246, 125
10653, 133
47751, 364
1989, 245
49149, 740
58469, 204
51937, 751
46498, 241
34902, 683
18914, 785
18061, 719
132, 626
16742, 585
38044, 939
12269, 401
14988, 426
12122, 388
54826, 439
32114, 773
43122, 857
7862, 618
22348, 319
8262, 955
43936, 891
9575, 313
44249, 905
3112, 997
39336, 936
47135, 101
7015, 603
56868, 964
1410, 896
31539, 264
44838, 893
39502, 900
23067, 596
34294, 244
28042, 194
33839, 582
15197, 509
25536, 58
39636, 217
3935, 507
15196, 151
58566, 405
26385, 581
44643, 863
58632, 302
46761, 112
2610, 89
42605, 423
15996, 167
26555, 209
56839, 304
2753, 45
53479, 381
34223, 961
8351, 89
44575, 822
9623, 762
3866, 996
12561, 27
49672, 987
11477, 618
55358, 764
55279, 912
844, 628
47226, 983
46153, 391
54477, 73
48230, 98
27301, 670
18310, 803
31341, 196
43473, 431
51503, 31
25076, 136
43685, 551
57591, 552
55912, 707
5667, 55
20961, 518
49576, 438
1128, 355
49121, 642
11755, 403
2374, 606
13531, 824
24979, 463
10450, 928
49390, 41
46013, 48
54368, 206
33158, 192
24507, 729
12331, 161
29476, 482
30731, 67
10142, 366
50158, 814
32618, 814
8164, 593
2600, 434
6454, 87
6484, 477
24478, 165
22455, 667
38390, 655
56686, 269
5928, 156
53052, 997
2116, 444
56254, 725
30503, 387
56599, 273
16944, 236
28531, 650
57587, 868
5015, 270
37703, 175
40035, 191
1112, 486
43732, 45
7118, 699
10086, 423
10525, 741
17882, 174
30097, 82
43563, 839
27141, 547
5300, 207
9166, 579
56362, 78
57171, 771
9296, 782
52112, 518
13807, 263
1059, 878
46499, 140
30390, 229
20875, 428
13111, 382
38030, 105
57209, 445
38848, 189
18182, 202
27956, 602
51648, 652
55050, 631
17306, 686
22270, 111
42305, 255
34200, 80
33390, 204
40962, 293
21592, 428
9160, 1000
30257, 792
39041, 156
5809, 742
45587, 23
9665, 906
23909, 729
8773, 998
1909, 945
43782, 34
4536, 506
55194, 901
58279, 320
141, 926
36475, 521
40308, 186
21786, 434
25012, 476
56694, 902
36301, 354
35445, 553
53355, 775
8388, 639
55941, 464
17657, 179
22346, 259
41364, 994
55835, 331
44566, 836
9985, 828
36844, 403
36155, 447
33738, 960
36525, 667
48244, 888
29200, 215
47510, 584
4271, 8
35543, 461
34434, 813
50899, 312
58836, 551
11246, 825
5644, 773
54411, 692
22457, 476
48476, 434
3436, 516
51131, 305
20106, 102
47889, 788
57737, 412
52670, 13
44072, 288
43530, 552
39697, 560
4562, 292
50281, 252
49851, 689
52003, 266
15972, 518
58851, 209
38075, 799
11669, 726
33574, 786
41580, 163
627, 696
58789, 704
32254, 573
33239, 825
19005, 737
50928, 319
25216, 69
43118, 429
44863, 537
24618, 856
45886, 398
28864, 801
54896, 781
49385, 961
43087, 459
38032, 393
18832, 280
44567, 513
15065, 536
24710, 498
22249, 520
34023, 113
45127, 690
47288, 9
31919, 351
49767, 846
46271, 429
57008, 774
2816, 859
58645, 50
13217, 625
44584, 753
59087, 287
38187, 62
39452, 134
59784, 634
26726, 583
28456, 304
29553, 976
51751, 776
4223, 355
17299, 260
55332, 817
25426, 7
52542, 474
25643, 821
25727, 245
25102, 485
31752, 749
6390, 211
31, 650
51380, 469
16219, 206
16887, 55
28834, 495
19359, 347
26987, 985
51193, 773
32942, 229
7065, 49
39224, 973
12839, 965
19732, 294
253, 172
7900, 956
26140, 803
54179, 712
31209, 346
16848, 299
6996, 845
10478, 251
16924, 114
35701, 572
51910, 224
18024, 625
58659, 782
18365, 114
48563, 356
54283, 739
10573, 660
56987, 939
47449, 712
6482, 449
8637, 167
34111, 20
3983, 606
9599, 498
40524, 20
12585, 174
3199, 349
8097, 611
43862, 142
56407, 12
47605, 242
50572, 539
32653, 575
50943, 904
29169, 299
16689, 784
5164, 655
59836, 403
17570, 39
13561, 48
19789, 966
12710, 130
4975, 172
39354, 532
24905, 118
29041, 847
14444, 175
6359, 888
58303, 466
55143, 713
24784, 612
58720, 59
20208, 71
46191, 384
57159, 745
52382, 683
57838, 790
11600, 686
53838, 324
51288, 566
6867, 730
2004, 333
49894, 2
31838, 832
58493, 582
55277, 651
28685, 107
4054, 390
39173, 887
22397, 426
23173, 9
35644, 450
29219, 266
30383, 820
55149, 915
25908, 812
43772, 908
2650, 765
8444, 852
38606, 98
25406, 865
56709, 48
30492, 901
11378, 701
26997, 294
49391, 406
53639, 735
41305, 230
17631, 825
56778, 866
57344, 310
1231, 650
14106, 594
18290, 831
52335, 330
30361, 250
18724, 817
46358, 632
167, 440
16259, 135
52762, 675
10574, 381
10295, 164
16854, 677
20905, 215
14919, 809
40051, 128
18375, 567
40174, 88
20764, 242
22735, 510
38575, 711
37994, 818
25538, 566
53815, 751
14954, 97
53768, 523
54773, 740
47572, 338
5619, 724
12850, 31
10062, 175
15029, 103
17345, 983
19986, 91
21232, 824
19693, 125
59373, 864
41344, 50
19765, 863
50789, 637
21843, 659
24249, 231
42149, 28
9704, 143
29974, 203
16739, 428
3334, 854
51845, 670
14175, 403
38135, 170
43654, 604
26133, 297
15497, 464
24001, 494
43557, 945
7957, 666
1320, 332
50881, 19
49713, 517
56886, 129
59512, 941
40857, 55
30316, 458
23216, 360
13976, 716
17738, 683
5691, 174
41032, 784
40592, 142
40196, 320
9635, 3
53224, 161
33672, 956
46740, 397
23643, 611
43789, 402
59945, 109
50371, 783
12900, 885
35291, 56
49382, 284
1016, 35
50385, 719
13869, 385
6509, 559
46087, 475
14022, 298
3951, 866
17295, 255
23827, 149
26806, 355
14981, 178
15266, 325
16755, 687
28746, 671
23683, 924
6888, 567
58624, 404
56692, 962
8046, 723
53441, 224
51914, 75
40106, 302
28522, 193
16596, 997
28457, 798
25774, 117
51971, 153
38330, 204
27706, 306
15208, 884
59594, 927
35007, 945
17234, 137
9073, 405
57157, 437
56598, 863
14568, 137
14900, 800
3124, 694
18521, 282
15077, 589
53332, 618
5992, 844
55999, 518
52905, 247
53534, 150
44506, 496
39782, 815
25150, 598
5718, 11
21177, 912
12738, 706
1721, 31
27909, 915
10790, 508
38163, 376
35566, 424
11646, 286
15012, 635
118, 961
50465, 26
54577, 748
12260, 311
46313, 945
32421, 504
52428, 232
10896, 200
18851, 174
32957, 741
28420, 530
59095, 622
49280, 124
33761, 380
55935, 151
22884, 241
29481, 827
58343, 471
15495, 553
59759, 702
5138, 37
59086, 243
6033, 897
7750, 815
19042, 116
21088, 52
36259, 582
15684, 800
29701, 456
54722, 107
41220, 337
8400, 370
22548, 784
22478, 178
4602, 485
589, 427
13353, 615
48425, 270
50353, 778
50949, 385
44701, 222
21920, 546
47222, 419
49544, 305
43814, 60
34982, 878
15748, 548
7226, 509
31191, 753
31479, 564
6852, 447
9905, 819
47469, 112
26263, 628
46735, 940
16533, 918
53891, 120
24316, 265
17090, 424
4438, 891
54271, 162
7965, 252
7398, 502
20505, 378
16362, 8
22251, 203
42250, 689
39160, 351
46780, 645
39541, 878
27248, 103
51325, 253
17612, 668
37924, 757
52656, 780
13137, 259
30324, 666
18542, 540
26180, 149
21864, 603
19300, 466
5770, 203
15319, 777
45906, 252
53059, 216
25881, 880
15414, 942
44373, 525
50119, 108
30978, 477
26568, 149
42213, 521
11775, 986
10649, 576
15251, 230
5366, 228
18458, 372
41454, 14
41627, 334
23821, 79
8263, 225
59461, 137
32908, 491
16203, 355
18311, 100
25692, 310
40605, 506
20906, 186
29972, 342
51327, 397
10927, 308
51683, 180
55591, 65
26300, 8
41592, 810
46486, 327
10124, 617
41633, 698
46562, 454
47266, 904
53588, 873
46605, 231
32094, 901
59112, 88
28572, 447
23337, 691
46324, 453
47699, 986
30138, 337
50542, 938
46487, 304
18040, 0
11461, 645
7567, 435
12185, 760
51807, 737
44650, 780
19703, 825
26888, 139
45987, 648
32806, 264
23851, 322
57802, 65
16573, 240
59524, 582
43794, 600
38497, 457
24184, 758
54274, 87
58634, 890
54767, 245
59306, 875
47603, 667
18912, 746
46248, 615
3200, 851
10905, 901
53685, 992
14967, 911
4986, 531
55506, 33
15517, 94
32469, 538
35419, 156
27574, 220
6491, 466
21771, 421
19539, 727
59079, 424
54018, 916
28427, 600
23213, 656
40240, 433
10325, 23
16659, 3
14741, 752
15620, 713
28473, 11
19731, 8
40713, 385
11239, 230
18350, 363
8349, 625
53844, 546
18630, 880
47748, 243
43499, 137
46396, 514
7655, 997
28490, 238
30423, 498
56021, 974
56605, 991
47185, 222
14403, 883
30440, 982
51551, 307
58356, 294
57725, 524
41003, 418
24270, 622
32570, 615
31260, 128
937, 821
21312, 882
15781, 788
38408, 187
12988, 496
15420, 882
33205, 10
39960, 342
6356, 502
18556, 209
27863, 807
33348, 590
30567, 518
42125, 361
41640, 620
51608, 427
27770, 647
4138, 418
44862, 504
13636, 655
47002, 977
9825, 199
26657, 857
42164, 37
46307, 565
49211, 616
55413, 823
44775, 338
10809, 715
6340, 220
59513, 216
56395, 138
45792, 669
25683, 740
12767, 738
18640, 899
742, 750
59078, 382
53584, 839
49004, 712
47937, 993
13034, 488
58878, 280
2388, 681
14048, 680
51815, 893
41851, 512
46508, 296
44810, 209
8204, 678
58312, 229
11026, 567
23267, 224
26667, 318
33971, 416
149, 817
33093, 120
1776, 627
9565, 265
50406, 349
20268, 491
25490, 937
47553, 430
36304, 367
59777, 384
19101, 639
8668, 365
41573, 433
7904, 343
46539, 970
230, 150
46509, 18
36366, 932
19724, 829
25631, 945
30061, 656
57316, 946
5445, 658
21823, 230
36836, 668
23361, 610
43638, 587
56160, 164
47780, 637
14050, 632
31954, 935
24521, 111
1185, 146
59660, 312
9264, 385
44508, 672
54560, 587
13854, 698
26132, 682
16980, 700
25874, 192
6188, 542
33115, 40
48269, 209
7016, 833
17801, 599
50487, 331
16553, 127
25199, 483
2560, 514
41247, 293
14174, 536
51256, 487
47114, 512
21444, 300
11295, 87
47934, 377
6670, 853
19114, 521
50738, 900
58291, 16
20800, 194
44921, 833
14295, 40
43428, 599
45554, 138
25954, 232
20622, 199
44207, 295
40921, 252
17355, 567
20606, 412
57949, 845
38617, 372
13326, 232
39465, 646
34920, 357
30871, 126
8038, 819
45569, 103
1596, 971
14472, 596
10688, 505
31974, 835
11404, 694
19892, 75
41100, 127
3905, 337
28124, 844
1802, 864
23853, 623
38591, 862
38176, 340
29824, 667
31583, 199
47545, 298
44641, 334
57134, 306
55131, 810
49599, 579
15754, 203
58122, 891
55235, 101
40178, 955
46666, 934
40817, 229
9106, 272
32901, 155
10022, 807
55493, 295
49369, 981
22536, 675
15566, 725
53695, 684
59295, 653
10166, 522
850, 9
38811, 615
46926, 382
44891, 708
14607, 72
36784, 223
39323, 394
47661, 585
23891, 781
46325, 562
3484, 415
19329, 926
6501, 888
29216, 861
29623, 853
34462, 643
19113, 51
43333, 102
54022, 257
12145, 127
52262, 182
33946, 389
16050, 783
1600, 57
4190, 408
22436, 290
3931, 32
11671, 586
15281, 312
7785, 677
27699, 958
1388, 57
56746, 650
13267, 399
16276, 235
47312, 337
30284, 506
21193, 372
48986, 842
7500, 645
7851, 201
46351, 414
8571, 528
36435, 962
49076, 914
4671, 555
51352, 334
625, 272
36547, 62
14785, 670
45489, 406
22760, 732
46774, 432
37599, 785
44242, 947
3926, 982
38367, 926
59090, 527
34616, 855
27849, 114
39642, 473
46220, 867
10487, 734
17075, 797
22324, 845
36880, 191
22085, 526
20029, 159
6568, 646
48538, 466
653, 63
14535, 254
16135, 214
23110, 783
9252, 47
36103, 859
30514, 177
54469, 9
29467, 851
18726, 979
51554, 942
22465, 602
40838, 116
49309, 982
56358, 635
27473, 470
31679, 514
53457, 661
14134, 609
34746, 972
8464, 53
22525, 948
28641, 529
13608, 460
46185, 536
2891, 879
9697, 40
23193, 571
45412, 551
19989, 993
21676, 634
33492, 258
58293, 928
57050, 668
14431, 706
54211, 778
57351, 882
54395, 806
59545, 826
19620, 230
4833, 769
32529, 318
2624, 405
48676, 254
47231, 888
31386, 356
53285, 125
32311, 160
59606, 267
21536, 669
29739, 189
54011, 821
9968, 372
44465, 245
5324, 923
23845, 60
22405, 542
25331, 545
20384, 961
45115, 80
23776, 749
5238, 653
13409, 995
56434, 892
35849, 396
21648, 509
8463, 515
27027, 4
52230, 875
13484, 934
7177, 122
41615, 410
32080, 752
12570, 219
52999, 654
7137, 680
39259, 887
14221, 277
19565, 87
55661, 221
20901, 286
58238, 415
15057, 409
52690, 352
43446, 751
50116, 374
35794, 472
12616, 656
26557, 697
48784, 141
3317, 546
53532, 345
45769, 277
921, 166
20979, 572
21707, 958
2462, 463
6580, 714
3932, 760
26411, 354
54000, 60
20449, 109
34742, 178
26433, 604
32378, 27
34193, 181
1374, 635
35453, 754
12067, 474
22631, 844
30831, 820
26623, 676
30153, 745
56684, 357
30054, 967
22923, 71
13437, 58
50369, 437
4693, 110
15271, 896
17658, 246
9048, 59
34450, 484
51267, 221
10210, 436
8614, 29
27986, 648
15675, 911
48390, 687
2717, 319
24630, 775
44632, 478
40212, 144
17988, 407
34059, 219
15788, 521
58263, 388
53377, 279
42107, 513
14460, 369
43940, 678
40748, 156
3683, 1000
1505, 674
53316, 321
7863, 115
53378, 97
55336, 38
42415, 97
50390, 479
5582, 623
39299, 550
2751, 261
28165, 586
59983, 682
10385, 378
33844, 247
22713, 152
46744, 298
36379, 859
42936, 660
17951, 202
52254, 641
15467, 313
8070, 760
11635, 843
28642, 382
42870, 54
36779, 922
36800, 692
47342, 995
1402, 916
51204, 458
46402, 520
54802, 686
34016, 19
46435, 52
2504, 558
14060, 994
23342, 805
19229, 69
45284, 752
30926, 438
56893, 841
49462, 115
43314, 527
40211, 852
4192, 451
4198, 871
42419, 708
44190, 504
39568, 567
19246, 539
45659, 550
1426, 189
45559, 822
48290, 473
31856, 639
49794, 123
48674, 696
55490, 19
49372, 172
10498, 208
32965, 598
13799, 969
9163, 450
35400, 788
55678, 436
38877, 478
40512, 455
22134, 858
3659, 741
31361, 167
46742, 980
19437, 835
41606, 322
14932, 214
35699, 318
16986, 129
57807, 158
584, 663
54111, 815
28703, 629
58873, 925
12342, 307
7256, 653
10558, 995
14861, 723
12469, 43
37511, 19
24458, 544
16656, 855
8944, 631
46490, 48
17578, 356
36468, 851
15783, 766
13032, 135
18444, 60
6362, 775
39888, 231
40765, 883
52733, 375
21942, 444
23850, 456
54730, 826
16716, 471
1685, 262
5477, 54
9017, 238
11244, 192
28120, 710
40738, 174
25473, 530
27838, 356
32324, 743
2630, 984
39929, 906
48370, 852
17607, 287
43500, 371
17362, 151
52891, 594
21692, 863
36330, 8
46519, 281
22130, 62
33357, 663
53433, 868
12939, 34
45700, 910
36696, 540
29515, 981
12390, 760
31608, 978
22672, 66
4787, 197
50045, 693
54763, 590
44751, 789
17228, 641
16494, 342
32655, 405
35325, 605
39710, 623
5113, 916
30674, 542
4388, 752
5761, 619
12931, 748
3518, 832
9457, 16
2965, 344
14379, 611
13926, 605
53952, 176
4021, 966
26712, 347
13984, 228
58092, 778
45985, 692
11949, 544
11574, 116
29949, 629
35799, 691
8056, 842
27442, 111
4549, 516
53975, 847
32884, 190
14761, 610
47214, 422
14834, 68
46560, 852
44016, 206
9088, 100
51682, 894
2707, 442
51025, 366
36804, 12
27106, 888
31595, 724
46655, 223
29769, 492
59555, 721
24307, 773
1324, 23
22225, 642
34965, 615
157, 621
14767, 502
54847, 964
478, 117
35975, 742
4932, 518
5469, 592
45264, 421
51219, 723
44842, 908
12290, 727
30121, 527
32291, 602
36820, 5
22123, 866
21078, 733
8948, 766
47033, 189
48503, 475
8109, 801
13430, 585
28934, 384
27299, 567
56496, 174
22272, 744
40527, 62
21454, 261
14012, 724
1544, 424
39331, 143
42534, 26
56895, 369
20122, 788
15660, 14
46326, 807
47388, 426
27390, 704
38144, 657
8706, 902
12319, 735
43135, 310
35222, 306
38597, 651
42281, 293
54743, 481
15413, 421
8591, 686
31722, 326
22866, 453
36050, 757
15217, 297
29721, 885
16430, 23
14748, 534
29641, 787
4056, 16
42778, 501
32566, 131
52035, 687
4689, 770
37945, 291
56351, 905
2607, 225
8289, 202
28006, 104
40715, 113
52044, 592
34599, 829
31404, 714
49930, 601
19548, 626
23357, 289
44279, 141
35764, 199
24073, 62
8088, 129
29065, 790
26393, 563
36603, 102
9816, 105
22224, 327
45048, 262
27285, 892
56503, 558
30658, 115
29331, 868
32441, 230
3758, 660
16603, 322
25981, 697
58498, 892
8755, 145
8702, 105
5747, 99
1884, 48
5831, 123
40469, 936
56344, 690
23369, 420
57631, 998
35788, 733
6377, 121
26234, 281
2597, 38
38884, 800
533, 961
41365, 168
49453, 952
47847, 495
1466, 307
3899, 522
1268, 362
36152, 435
50596, 74
12603, 137
57662, 430
28047, 955
15912, 287
55840, 580
36595, 503
33696, 576
30379, 36
54302, 756
21811, 131
54213, 802
30468, 896
51015, 703
30944, 235
6791, 746
19644, 587
32796, 681
50252, 742
41394, 988
52828, 781
24308, 512
21438, 443
39775, 237
33685, 508
43739, 786
4740, 343
59802, 974
8485, 851
43100, 947
30858, 949
42735, 133
41039, 776
48341, 141
14490, 569
50549, 106
9409, 73
31088, 705
22443, 656
58812, 3
31639, 646
50841, 711
19643, 143
50150, 994
27305, 50
35569, 515
21227, 673
51191, 784
39876, 395
56465, 994
8508, 332
14502, 382
36451, 314
8430, 351
35022, 113
32303, 186
48999, 444
22710, 698
45751, 346
32026, 868
34898, 566
8133, 562
39329, 549
34117, 618
51351, 493
35276, 562
39887, 181
20167, 78
18723, 889
53633, 334
35516, 849
35466, 917
7359, 767
11322, 684
9470, 320
21754, 559
35796, 491
10070, 267
43593, 871
59599, 928
3713, 981
9196, 529
35181, 969
19886, 763
44989, 44
14758, 489
30652, 106
2058, 542
48949, 651
375, 504
39899, 140
55560, 235
29286, 616
53511, 682
7204, 615
40898, 188
5321, 776
29805, 346
2678, 933
8258, 850
54362, 245
24320, 852
4998, 847
25872, 205
28391, 656
56800, 417
52242, 677
13965, 527
27188, 467
39522, 598
35649, 828
48501, 634
22740, 901
6353, 746
3429, 254
7642, 712
58330, 938
30031, 534
13844, 631
3313, 981
55409, 227
9397, 296
57454, 631
1183, 132
12827, 867
23257, 538
42775, 425
34099, 925
28617, 244
45360, 936
41953, 891
18109, 341
8081, 503
37804, 563
5287, 715
19554, 861
58889, 784
3285, 618
37115, 951
56583, 925
8476, 345
33443, 538
24982, 840
56124, 931
6354, 986
16120, 330
3243, 987
38206, 548
50001, 280
22040, 222
21060, 136
8277, 14
48712, 548
28865, 926
9700, 125
2241, 558
17736, 975
53482, 755
32801, 293
28648, 70
45579, 678
19335, 794
23155, 849
28634, 210
32945, 933
34252, 898
20826, 814
25343, 714
21261, 636
53446, 813
10877, 547
25495, 987
47092, 398
37203, 39
37029, 767
58842, 686
52926, 816
57619, 787
43353, 895
35887, 738
23530, 533
37034, 679
25961, 899
38908, 528
58689, 944
26369, 326
34770, 861
59184, 453
37428, 508
8638, 345
24843, 626
25142, 912
5653, 926
56147, 671
47359, 208
18217, 57
37615, 657
7962, 943
18285, 337
41308, 906
55717, 179
8029, 282
4369, 800
17049, 154
16256, 219
54933, 444
58058, 504
44294, 136
3114, 188
16306, 114
11828, 904
41098, 279
23583, 741
49653, 951
5307, 493
30101, 980
15267, 17
43616, 660
35372, 271
44916, 760
57879, 882
9829, 715
23802, 600
18729, 46
45881, 262
20080, 342
22290, 889
21252, 952
20911, 645
37750, 438
5702, 507
52420, 681
5446, 128
46158, 597
4797, 714
45318, 76
29960, 313
47259, 12
19717, 37
9671, 299
9155, 647
46682, 864
45112, 76
46925, 315
4472, 802
56898, 474
18031, 59
40036, 870
56384, 329
19420, 110
30068, 927
13707, 97
15531, 157
9139, 188
58688, 954
22185, 236
44271, 503
31103, 870
38532, 152
33402, 436
23859, 249
49231, 252
43825, 849
34163, 123
35820, 414
32629, 822
24879, 219
52696, 874
9216, 504
38482, 604
16640, 123
10412, 825
31185, 14
23269, 813
45282, 199
54858, 993
28347, 519
15356, 811
48505, 299
19310, 601
37608, 714
57849, 151
28497, 652
95, 558
33407, 717
47803, 480
5040, 990
26526, 225
43157, 946
4234, 542
24442, 518
57215, 467
28736, 198
41891, 436
4597, 978
39419, 892
32167, 983
58843, 573
11198, 712
9122, 606
5347, 525
12482, 260
13896, 81
11300, 673
12169, 799
33586, 559
26998, 726
30854, 400
39972, 549
47703, 709
51520, 684
56422, 882
33168, 489
48591, 277
18018, 615
48028, 702
56190, 114
6591, 961
32177, 45
57018, 454
54318, 105
46561, 470
15509, 374
47113, 529
18393, 72
5898, 168
34091, 280
19827, 748
12318, 52
19778, 224
39280, 721
52931, 808
33261, 959
45091, 946
8532, 796
49945, 643
12984, 787
49887, 456
44606, 512
33688, 361
10030, 396
50247, 305
49972, 514
37855, 469
55182, 454
25784, 7
4499, 504
46729, 299
38474, 964
26863, 127
57089, 285
5245, 346
42815, 244
53272, 518
15891, 306
28446, 519
43385, 569
1283, 282
39699, 439
25609, 764
21505, 4
30226, 174
9270, 237
21315, 485
23010, 239
45157, 219
55010, 447
29929, 373
28158, 247
49019, 883
21547, 137
20811, 111
37902, 948
49808, 865
57658, 917
2846, 280
2115, 158
50511, 884
39288, 348
5137, 62
27394, 783
13549, 397
19122, 172
21949, 488
21668, 168
32134, 311
49870, 361
58866, 73
30297, 761
59308, 736
26841, 233
47318, 380
27975, 553
42072, 107
14602, 920
15135, 848
29613, 711
14665, 560
27850, 516
50632, 606
42796, 196
41846, 238
9256, 54
21802, 155
41862, 466
31999, 570
32736, 524
16402, 277
1728, 159
13236, 204
40682, 903
11009, 702
4591, 208
24646, 312
21799, 470
43642, 514
22468, 103
36097, 25
27346, 986
9510, 238
15206, 840
14453, 409
58485, 474
5805, 82
33310, 839
40445, 733
21301, 620
19431, 51
28824, 299
89, 632
19044, 312
42843, 129
57332, 131
29495, 683
723, 971
30456, 937
23869, 68
29471, 997
23604, 798
34516, 735
54434, 971
32186, 557
55508, 119
13852, 79
2837, 726
31367, 598
38255, 237
20144, 895
59976, 820
15337, 332
37812, 28
28689, 855
24179, 108
20817, 836
56659, 5
17406, 726
32236, 275
33524, 251
10167, 593
12955, 720
3263, 783
6194, 433
56685, 177
19496, 97
6677, 564
8324, 928
14380, 201
32442, 577
30710, 247
38331, 374
44487, 761
36073, 823
48504, 380
56256, 554
19876, 350
37100, 584
24852, 200
51080, 110
29017, 366
59589, 470
25028, 38
21766, 718
7337, 595
44848, 650
12538, 723
27161, 942
48858, 501
49793, 1
53271, 497
40503, 153
57929, 290
52457, 216
38385, 115
9598, 141
22086, 754
30000, 241
50950, 223
4227, 441
39743, 787
32680, 463
17833, 347
23314, 57
47175, 0
27641, 492
22911, 662
22359, 90
52396, 879
27456, 285
39111, 346
16442, 827
37727, 512
19039, 861
30216, 761
26227, 635
32598, 394
14737, 84
9087, 10
56955, 41
50969, 197
55278, 915
11472, 149
36642, 746
52766, 92
10031, 313
5341, 568
49240, 861
20659, 244
58418, 396
52357, 583
46108, 716
443, 431
59798, 662
3231, 94
33926, 323
41637, 609
45704, 798
42589, 303
47443, 561
34539, 921
59709, 192
25364, 524
4052, 175
30391, 693
24842, 320
4827, 466
12251, 351
52978, 866
456, 356
40088, 829
42134, 107
39411, 366
7020, 305
16021, 625
28351, 33
50959, 47
20950, 52
24650, 59
11317, 550
15042, 419
43990, 705
52547, 130
48803, 534
50035, 509
44984, 179
46066, 591
37270, 101
16861, 301
55930, 899
30157, 337
42855, 643
1261, 886
21265, 51
57261, 209
38740, 448
33948, 163
39220, 412
18791, 855
26350, 895
9078, 845
34987, 605
46603, 999
30729, 501
1044, 841
30264, 386
21070, 534
429, 104
25029, 930
28944, 621
59436, 826
34054, 94
59745, 344
21067, 149
8807, 573
5772, 902
55795, 853
41047, 554
59058, 528
14105, 450
56332, 295
55108, 528
48818, 481
41381, 303
1415, 851
3410, 79
54821, 194
45640, 322
18454, 272
48285, 68
14515, 167
57459, 315
2947, 367
2823, 913
14461, 871
28048, 238
54034, 754
2579, 412
5338, 233
30751, 542
6611, 117
18037, 472
49049, 543
41287, 500
38842, 651
53014, 819
32125, 361
31229, 913
9576, 432
59827, 204
57709, 237
52379, 80
11323, 639
23264, 995
29877, 732
38690, 3
42838, 559
20121, 438
44322, 451
39430, 930
35996, 933
1921, 2
53103, 333
7396, 950
31523, 397
52785, 834
12599, 969
21563, 256
41015, 802
45267, 742
29946, 359
14072, 948
27954, 720
32221, 1
40233, 946
29811, 695
26022, 738
1013, 373
21698, 961
3990, 149
50102, 208
52533, 553
8223, 904
57918, 626
57677, 411
19282, 708
45211, 832
26965, 492
10870, 951
1801, 493
24470, 798
4721, 997
15683, 89
26587, 558
8168, 558
29164, 895
29287, 566
50295, 921
27181, 666
59380, 90
51374, 245
10415, 841
21805, 497
54380, 481
36680, 771
36953, 812
14613, 409
29006, 999
40241, 97
39460, 47
3999, 318
17972, 219
50476, 748
41261, 493
47769, 89
5025, 315
24902, 788
50159, 390
5924, 479
43688, 804
15825, 424
27877, 82
14636, 903
10051, 169
7563, 253
32498, 656
9939, 529
27421, 3
44596, 437
15525, 877
50379, 716
31496, 456
8140, 112
158, 216
10779, 982
44356, 791
7529, 976
9328, 712
1510, 689
18301, 120
2094, 522
53784, 448
852, 599
38763, 754
42088, 344
23300, 596
54967, 475
32110, 355
14008, 447
50946, 397
30980, 910
50352, 733
1976, 988
51277, 516
59392, 816
27402, 484
23506, 230
50293, 792
30384, 419
2675, 949
31097, 768
27064, 405
33039, 456
25007, 730
42152, 526
52265, 10
46320, 161
54630, 550
55947, 232
37948, 983
27702, 863
31412, 689
45692, 100
39988, 488
46501, 980
44111, 406
5926, 219
4847, 166
50070, 587
53885, 756
17484, 158
24683, 597
14171, 315
39377, 834
6068, 637
49711, 517
25860, 966
16347, 898
34030, 129
28752, 562
6799, 674
23734, 894
48499, 248
45771, 152
40319, 135
15898, 673
5888, 376
16696, 410
11126, 865
21675, 986
26625, 577
47409, 111
22009, 181
20520, 725
25491, 957
30127, 921
44816, 648
58857, 381
37872, 265
1200, 454
2793, 599
50822, 772
33003, 994
36667, 24
45562, 634
19647, 473
24771, 771
38885, 336
17463, 366
15291, 229
7774, 886
20070, 877
37557, 429
5202, 27
26455, 703
7922, 498
53538, 322
3293, 914
20424, 912
6606, 706
28998, 137
19515, 817
967, 36
18313, 58
47480, 481
35654, 373
31389, 307
861, 338
23918, 748
53061, 114
59774, 303
12095, 445
36057, 799
44601, 724
47284, 56
51367, 491
5120, 80
29502, 517
43151, 984
10801, 640
49639, 941
23984, 217
21810, 466
5602, 10
27329, 364
37988, 561
12490, 950
6513, 503
57011, 759
16382, 790
51347, 886
33570, 27
10363, 569
54132, 49
44501, 773
49741, 458
44124, 712
20000, 701
36847, 139
31173, 909
6192, 431
42034, 592
39069, 819
6287, 65
59964, 59
5423, 381
42559, 277
14110, 180
30849, 86
41044, 585
42090, 537
40002, 831
58925, 932
2368, 519
19972, 670
23577, 552
22772, 108
37699, 992
29443, 941
15221, 962
29402, 243
51741, 974
3545, 616
33408, 79
37882, 436
34265, 714
24385, 145
7634, 213
32119, 205
21486, 164
16646, 531
37146, 165
39959, 865
32697, 560
58283, 26
46878, 448
1259, 898
39788, 906
42833, 889
10940, 583
23605, 303
5417, 115
31901, 622
43925, 986
10766, 229
2313, 390
27275, 799
49341, 190
38931, 568
25933, 576
25366, 826
24174, 875
14786, 482
9572, 850
2677, 511
23738, 671
3357, 557
3900, 600
17651, 177
55768, 375
56109, 143
12868, 139
11720, 596
25171, 690
51014, 902
17449, 786
43582, 747
32720, 200
59567, 683
46608, 584
15314, 419
34270, 28
36579, 659
22598, 777
15474, 626
8872, 921
38216, 99
903, 534
31690, 775
56740, 926
10197, 133
42588, 860
39562, 684
45439, 188
18940, 33
22236, 400
13570, 221
8600, 182
31893, 967
8798, 46
14029, 356
53945, 993
30744, 614
21470, 864
7825, 479
50701, 696
46073, 204
46181, 591
44284, 317
32315, 133
20209, 690
47949, 357
42115, 698
42370, 483
42309, 561
59499, 789
28337, 339
42243, 188
42293, 395
44804, 517
140, 764
27193, 125
55404, 147
18326, 410
26076, 261
53449, 582
7830, 836
54789, 264
38674, 752
41175, 572
38836, 921
40162, 888
13689, 569
13711, 590
24653, 763
7761, 497
39338, 157
27103, 178
22098, 384
1562, 790
26992, 422
45564, 530
39154, 252
34637, 352
47975, 380
11070, 160
34425, 431
35168, 128
38361, 746
7706, 487
13022, 616
53429, 88
32346, 286
41952, 735
39538, 23
12773, 288
37519, 766
27582, 943
34941, 938
57205, 526
22488, 145
9440, 166
52073, 477
34694, 246
4972, 367
31785, 365
24006, 647
24731, 850
49128, 434
47463, 498
12899, 538
52492, 218
18895, 468
47483, 883
18943, 877
31374, 558
30416, 156
31402, 703
49946, 381
28255, 62
8526, 26
34796, 781
45134, 108
31458, 861
44773, 634
5416, 535
51580, 333
29998, 370
12825, 275
22078, 835
22109, 980
57788, 342
11584, 742
49817, 334
17405, 120
33439, 531
57186, 296
1765, 727
16539, 434
39765, 128
57499, 350
49635, 859
23415, 38
53595, 1
227, 59
32768, 623
17974, 389
41385, 353
5729, 16
28477, 3
46264, 60
57786, 879
6550, 29
5906, 979
35320, 599
29034, 365
36902, 188
20272, 618
41034, 191
7943, 30
2651, 123
36214, 88
911, 772
29956, 844
48400, 972
44854, 552
10535, 140
35382, 647
12205, 506
27104, 346
56337, 146
48392, 660
55210, 573
3303, 34
6215, 741
32602, 24
20035, 671
16229, 655
41742, 263
3652, 300
43249, 40
42316, 118
32377, 340
58607, 360
49829, 2
7881, 929
25842, 401
16242, 258
53267, 576
50021, 180
56330, 195
33862, 927
48250, 516
36514, 211
35447, 445
423, 230
31195, 509
27616, 397
316, 249
10494, 782
32415, 609
46255, 308
32624, 446
20650, 226
4475, 272
45708, 643
12792, 718
43012, 720
10189, 768
13863, 354
59449, 819
48562, 825
5969, 817
43516, 884
21603, 99
48653, 105
3819, 655
9379, 481
19584, 1
24563, 648
2259, 39
54764, 520
31982, 687
11905, 476
24005, 120
36193, 918
24412, 777
52333, 682
9288, 649
24690, 21
3395, 704
9463, 416
35027, 676
22770, 905
56806, 318
45656, 937
17622, 709
57241, 137
45220, 318
2736, 19
38860, 217
19109, 569
48481, 22
50104, 535
6633, 24
3892, 240
12174, 702
25144, 944
50014, 627
22869, 899
34346, 207
42899, 236
54512, 861
8741, 512
50963, 492
17699, 651
46863, 3
32014, 393
9980, 128
59581, 974
13097, 188
39052, 890
56622, 239
4709, 522
34166, 916
55072, 163
15017, 659
47361, 616
19021, 181
47695, 546
39665, 846
54621, 874
41202, 554
56864, 557
14327, 426
9214, 167
11144, 376
56786, 230
4064, 996
23394, 520
31998, 491
20765, 710
24672, 204
19568, 383
28815, 87
13354, 340
2376, 922
25501, 647
42294, 430
22654, 295
17782, 771
9889, 800
16305, 492
26061, 96
53234, 76
43692, 624
3890, 469
15462, 584
4186, 476
42390, 952
18118, 284
56620, 268
38896, 144
9404, 787
14045, 771
14824, 845
9761, 224
36365, 848
10513, 148
47068, 944
33756, 573
34804, 973
43040, 219
22633, 856
19367, 561
26775, 631
585, 862
25283, 558
48837, 294
30425, 483
45039, 858
48195, 960
43459, 559
43142, 983
38952, 14
58018, 783
23756, 182
21834, 738
16757, 935
15359, 78
49828, 363
25135, 285
5597, 177
35230, 481
13719, 747
42038, 758
11969, 263
55834, 370
57009, 200
49432, 356
18269, 917
43915, 103
41507, 774
7098, 994
49700, 246
31882, 749
29918, 427
518, 120
5948, 890
2342, 290
10497, 415
28938, 931
26727, 149
19474, 985
54322, 996
16298, 527
6174, 717
58542, 193
37177, 271
54409, 702
17904, 316
24145, 560
40126, 560
43544, 613
34563, 582
810, 996
42355, 727
4735, 337
42057, 889
35818, 338
16651, 42
6698, 659
53199, 821
42532, 740
9417, 952
42499, 237
53463, 670
10770, 538
3790, 865
38705, 441
54893, 645
25228, 504
34879, 833
58751, 525
35542, 362
23793, 119
46362, 900
56457, 301
39949, 386
35058, 147
2764, 804
10288, 578
12287, 812
3784, 884
26307, 420
50974, 58
37346, 519
30948, 933
10656, 375
17766, 303
1574, 639
10135, 98
50935, 27
31132, 55
13348, 297
7038, 461
17932, 147
26095, 972
30003, 524
18023, 579
46673, 785
13283, 42
33426, 165
12780, 5
37689, 846
16941, 349
46788, 482
21419, 379
26435, 267
56990, 92
48492, 374
47779, 833
46883, 195
45938, 718
56498, 284
19492, 641
19458, 412
22622, 664
46683, 308
13309, 782
16490, 202
45058, 253
52047, 232
27143, 535
32171, 811
6531, 555
56773, 347
53131, 240
9371, 679
43687, 897
48548, 32
29383, 640
4939, 948
3537, 295
42220, 318
29303, 909
26571, 969
46217, 717
35774, 165
9799, 188
26031, 414
39717, 77
26919, 66
21463, 482
3166, 667
4093, 763
35710, 794
17283, 366
56365, 118
41524, 128
6540, 569
12653, 77
3219, 524
16550, 276
45544, 790
3128, 411
8825, 162
31205, 769
49062, 6
16140, 364
20338, 875
33084, 797
13983, 296
40448, 20
48593, 761
15960, 697
46974, 267
20252, 696
33280, 996
12872, 24
55792, 998
48693, 977
17092, 565
34175, 89
46329, 413
29524, 697
24438, 863
53366, 107
56532, 802
10043, 533
10576, 974
52878, 541
39147, 11
44675, 459
45731, 79
17237, 280
16189, 361
949, 24
5204, 703
46340, 223
48627, 873
49406, 220
48151, 283
2067, 213
41213, 933
8040, 430
20965, 213
22108, 929
6187, 947
194, 692
28520, 670
59853, 632
20999, 758
8881, 112
57467, 264
48916, 618
13001, 926
46642, 123
6613, 233
9003, 440
21658, 496
36641, 354
49177, 321
33485, 115
2882, 588
56873, 402
8498, 149
51381, 135
18568, 193
9541, 347
54253, 696
22147, 102
18992, 372
15000, 507
48521, 671
24687, 445
35031, 903
37004, 53
49942, 206
37074, 267
43209, 384
52439, 263
52694, 14
40493, 980
42972, 160
31172, 436
24009, 232
57047, 12
8894, 415
55953, 42
15659, 182
25468, 937
18596, 199
27075, 514
38086, 87
664, 987
22608, 605
8979, 489
49005, 231
8626, 531
19339, 200
32314, 559
27355, 522
24718, 982
40762, 966
24212, 25
45235, 341
55660, 344
34202, 423
4727, 543
3452, 961
50373, 706
59022, 905
58524, 146
14146, 534
38714, 739
27472, 318
41926, 468
24721, 244
27804, 71
11991, 993
11075, 41
34139, 595
41484, 596
54309, 696
10906, 636
21076, 315
53036, 947
17894, 672
8797, 82
42427, 573
13015, 649
38432, 225
5039, 575
57453, 146
34269, 89
24109, 148
5724, 684
23127, 822
37528, 522
40926, 316
7021, 762
25200, 341
12842, 568
53110, 868
35637, 652
27179, 951
39245, 867
2507, 542
15767, 992
53816, 720
22163, 456
26365, 330
47622, 550
10089, 900
54150, 641
38747, 908
56559, 289
28108, 694
22970, 173
7010, 165
20576, 440
3914, 901
20599, 222
55618, 43
31027, 991
9871, 708
47573, 784
16284, 507
42495, 697
36370, 118
21906, 347
43766, 660
12183, 511
14216, 592
2714, 361
17896, 726
16018, 194
53617, 527
26532, 345
23764, 336
11907, 468
999, 723
11616, 747
17538, 136
29419, 837
27512, 212
54636, 849
25957, 480
50666, 41
30963, 229
10131, 977
7577, 818
32989, 869
47796, 220
52315, 9
13617, 361
55519, 134
55978, 400
39704, 602
33987, 929
41695, 119
15759, 249
36387, 475
30443, 140
39125, 597
2690, 544
27551, 249
30086, 437
34852, 763
4361, 482
31709, 177
28300, 608
42504, 301
13178, 902
32389, 649
12102, 209
39761, 6
21782, 926
4465, 20
6777, 991
20927, 668
35033, 105
35210, 845
37216, 870
4285, 775
30685, 490
44117, 996
43664, 817
29064, 543
18942, 64
13005, 948
17010, 67
47078, 581
30717, 717
21538, 586
29255, 166
59350, 500
12471, 673
18389, 523
6505, 50
55469, 656
4967, 513
5848, 656
41482, 460
22377, 160
58002, 758
4208, 789
35711, 120
54306, 743
15967, 915
59856, 715
17712, 889
51879, 355
32936, 823
6133, 663
36346, 653
23020, 408
29560, 679
29261, 985
57272, 978
10875, 695
19374, 918
36580, 142
48376, 937
5047, 345
20357, 505
33823, 647
53219, 818
41067, 173
9208, 36
19225, 392
12409, 916
13361, 806
53953, 862
15344, 831
24782, 928
27228, 127
56556, 698
18570, 920
37649, 266
1186, 300
25638, 536
39276, 777
19128, 880
49527, 559
51032, 528
26674, 172
40284, 266
37709, 589
53959, 241
49883, 802
16950, 815
49988, 806
55696, 294
56030, 163
12423, 53
21903, 453
27127, 875
49581, 382
2557, 364
58320, 777
22562, 604
55874, 191
34198, 413
36074, 454
42892, 457
40324, 509
47173, 710
49096, 756
54835, 246
41799, 979
53732, 344
17544, 833
45301, 896
50826, 76
33588, 539
16922, 674
15995, 485
18014, 831
46542, 906
41656, 981
31305, 640
31360, 32
56764, 287
5051, 295
38170, 113
57648, 112
18682, 765
19214, 582
52289, 39
40425, 275
41963, 217
18929, 677
2694, 932
31030, 913
58191, 20
23646, 153
42723, 769
53088, 317
49630, 704
48197, 336
357, 247
37453, 27
33920, 83
28898, 744
54125, 110
19794, 976
46947, 640
8845, 37
50473, 805
21195, 428
35286, 798
55653, 818
58163, 293
4686, 18
11631, 963
30430, 528
47959, 939
34286, 748
13445, 243
42968, 188
58743, 224
22248, 363
38064, 776
12748, 241
51268, 952
22041, 467
47953, 718
45215, 616
40341, 222
51649, 108
719, 736
25269, 834
33029, 453
46750, 256
52637, 42
17995, 338
15091, 515
4175, 655
58517, 414
49804, 989
11660, 242
40763, 203
57197, 470
51159, 705
41728, 160
32206, 656
21103, 663
39533, 604
44369, 447
10256, 749
39871, 167
53882, 628
51998, 875
32289, 440
5176, 312
21108, 721
51368, 449
17104, 626
34981, 842
21659, 808
19427, 987
2, 290
1546, 34
13811, 953
20577, 734
27977, 302
47590, 79
52414, 227
13083, 191
40309, 788
5285, 231
31486, 543
33877, 876
27427, 255
38261, 11
25042, 556
42144, 152
49489, 127
29379, 819
5390, 566
5908, 433
38561, 655
8188, 309
32129, 33
8805, 974
7758, 322
11532, 557
57950, 161
52051, 117
1095, 346
14687, 234
11871, 328
92, 510
1257, 26
7518, 289
28106, 339
27964, 806
38730, 401
57722, 613
6267, 863
39255, 968
1573, 334
20001, 657
38614, 189
47760, 956
21024, 605
27111, 75
45416, 124
11124, 195
30112, 579
3584, 584
41348, 926
17178, 806
14708, 189
32423, 738
57233, 175
16736, 460
10714, 115
43033, 176
34570, 21
1668, 971
52932, 447
42306, 831
52092, 613
18496, 929
27883, 506
33125, 592
12475, 108
49813, 503
30321, 972
21105, 836
58591, 535
15514, 157
14889, 278
44597, 453
19654, 620
5722, 318
58936, 662
16031, 349
51056, 267
54780, 429
45344, 976
10783, 780
4859, 405
30193, 851
4020, 203
46588, 557
40181, 865
16233, 18
29161, 417
27689, 762
52127, 968
44901, 402
43848, 932
56495, 600
34112, 146
55113, 183
45110, 469
58042, 758
4477, 586
24938, 568
51365, 560
1500, 557
7360, 374
19459, 82
29492, 363
41596, 517
52853, 1
10996, 914
16063, 758
15026, 84
59559, 887
30687, 538
3674, 303
37187, 424
7123, 665
13664, 706
17013, 201
30164, 435
16243, 285
28576, 83
40886, 379
3697, 311
11326, 134
29498, 449
22924, 192
18027, 340
36745, 308
10378, 642
28011, 619
11260, 740
11403, 565
55794, 533
22701, 632
14441, 566
23721, 85
9322, 550
18252, 884
29668, 472
15329, 708
50113, 73
31854, 820
43006, 94
32755, 253
27131, 158
49304, 308
49172, 670
46417, 370
29751, 626
32737, 80
38983, 131
7771, 192
30339, 97
51930, 175
4402, 15
31701, 661
1316, 472
2292, 750
32350, 618
24825, 258
39251, 209
26868, 742
17184, 687
9426, 785
39051, 637
18505, 42
44905, 6
41944, 475
51273, 583
10844, 892
41487, 874
12193, 316
438, 244
39549, 488
2519, 493
20488, 478
26348, 674
38285, 22
3508, 396
54790, 861
38025, 241
56247, 391
54089, 646
12565, 181
57800, 194
43337, 472
33842, 527
35011, 569
56083, 1
40849, 778
5659, 826
13068, 263
38518, 11
4326, 384
44637, 415
38926, 718
24433, 170
20864, 39
9040, 322
33185, 662
1491, 484
36954, 935
25986, 147
6475, 615
6016, 985
47694, 0
11315, 955
21727, 243
44139, 950
11657, 238
29971, 149
2808, 212
5233, 300
37432, 606
58931, 72
14141, 892
11922, 48
55103, 755
40737, 636
18573, 143
41744, 626
46663, 637
1260, 659
53025, 426
12, 450
22459, 581
27342, 936
41124, 515
18306, 807
36202, 259
8032, 992
57624, 132
51456, 34
34917, 376
25245, 710
939, 860
38913, 705
10224, 516
50885, 927
1436, 73
52417, 129
45209, 770
58382, 139
30196, 446
41393, 930
20763, 57
20172, 65
36497, 128
45552, 817
50321, 471
30673, 61
6249, 880
37451, 109
37307, 17
24956, 373
22600, 955
56146, 350
2446, 190
26041, 453
31267, 63
58583, 863
21647, 260
48832, 54
40125, 419
31467, 502
47602, 602
41585, 380
12902, 517
17676, 727
56823, 583
32067, 212
39932, 332
48638, 310
56282, 983
17987, 777
46861, 787
5296, 577
55879, 733
43763, 318
29978, 474
59938, 874
39521, 416
53353, 249
53006, 212
15148, 799
29191, 591
23626, 260
20376, 366
55289, 607
11801, 294
50893, 48
24928, 456
1114, 976
17485, 725
59810, 380
45839, 685
13607, 162
3605, 227
46786, 171
37033, 256
53941, 954
53296, 669
40825, 382
2814, 690
1223, 862
8343, 738
40024, 868
50251, 196
3443, 128
16776, 805
49175, 817
25078, 616
54612, 134
17624, 351
15965, 518
47448, 47
58533, 891
7080, 94
1715, 438
52338, 17
56479, 807
7320, 58
49612, 54
53556, 996
690, 956
22283, 787
27683, 343
53597, 406
19906, 246
55051, 686
22403, 764
38463, 487
52163, 407
42550, 104
59610, 574
19311, 189
30380, 377
15582, 918
31695, 213
96, 579
43349, 525
34204, 780
39281, 645
56667, 551
18459, 204
54095, 851
20095, 644
43805, 501
37179, 493
47009, 979
6222, 324
9475, 104
13837, 809
59296, 349
50891, 413
20635, 188
55665, 672
52511, 646
38342, 674
781, 631
56079, 528
57494, 433
41387, 505
41958, 28
10021, 485
29754, 404
25391, 222
58897, 445
14626, 458
45084, 694
53009, 219
8906, 45
20845, 89
37890, 138
32432, 123
18320, 175
20297, 965
43715, 720
39969, 604
33721, 157
35234, 563
14301, 557
56765, 635
12999, 662
27397, 428
35484, 113
57589, 789
3803, 279
53255, 163
2026, 215
14275, 137
35503, 511
1592, 996
21243, 152
24724, 466
27843, 437
20712, 702
55403, 207
46231, 323
12961, 175
44906, 659
51812, 524
34157, 754
44050, 178
17826, 52
59447, 699
8042, 461
4731, 898
18148, 514
56226, 52
19985, 241
7437, 544
53101, 172
53743, 61
19182, 121
29746, 830
4294, 756
40788, 55
3799, 782
28871, 923
24585, 57
32625, 270
13103, 534
54653, 40
27437, 123
33326, 346
59404, 591
4697, 5
4484, 689
7113, 810
48365, 440
5462, 146
44170, 77
28261, 832
46482, 142
48091, 768
56312, 701
48074, 194
31171, 843
9213, 763
16450, 964
11545, 759
4870, 659
49100, 925
30825, 242
44871, 587
14372, 891
26884, 525
5027, 364
43060, 639
27317, 388
4764, 41
49839, 830
45442, 773
42553, 490
36186, 520
3149, 129
3651, 538
37740, 549
16149, 704
50939, 189
44815, 163
53073, 903
11331, 490
20850, 28
56476, 650
43471, 587
45854, 72
55100, 230
30198, 280
45865, 809
50086, 124
45107, 170
53691, 712
17391, 829
48936, 240
4126, 341
47287, 676
27094, 555
4178, 566
32123, 311
36673, 882
50902, 805
39488, 971
24789, 132
219, 276
35860, 196
54959, 885
57432, 246
9119, 11
50280, 412
48687, 709
19106, 326
2091, 610
18576, 400
25100, 649
13579, 309
41535, 448
9491, 277
261, 296
49031, 686
35318, 739
55657, 200
18549, 441
41827, 212
3304, 338
58658, 921
36131, 433
34606, 148
16929, 734
27381, 821
39183, 80
34787, 398
10687, 26
14655, 156
24235, 46
38924, 935
53340, 54
3709, 613
4498, 114
11722, 923
39467, 543
26461, 711
59907, 934
55673, 339
12701, 881
11333, 124
59300, 699
4348, 994
32951, 777
14508, 9
16037, 379
26899, 495
47588, 6
10912, 625
28293, 743
1975, 911
6862, 89
45109, 297
38270, 122
44876, 461
13115, 85
32670, 161
6103, 32
286, 176
26179, 135
11375, 235
53289, 545
39732, 589
40633, 973
11465, 794
38272, 293
18120, 622
2744, 254
2113, 379
31724, 498
33626, 52
28197, 364
39814, 96
27430, 761
49093, 843
20305, 944
42854, 836
30954, 671
913, 932
57226, 645
40924, 787
52283, 903
27407, 101
35826, 170
29936, 727
3024, 664
39248, 661
49467, 180
25326, 615
3059, 700
33290, 208
33924, 29
11217, 560
35873, 688
59009, 559
824, 553
35747, 825
43621, 815
29728, 286
52568, 232
11074, 15
26452, 730
22807, 199
51562, 367
32013, 901
18742, 530
29992, 427
771, 281
14352, 945
7287, 55
28822, 917
50474, 667
39604, 422
2495, 364
42517, 101
12363, 344
43412, 171
22533, 91
22112, 37
40664, 389
27202, 313
30263, 990
239, 479
18999, 286
58403, 254
34093, 694
16638, 690
52657, 239
9129, 357
6071, 706
57954, 343
11414, 117
8669, 209
28728, 631
23202, 362
45430, 59
57424, 421
48445, 335
33209, 1
16011, 143
4281, 456
26728, 561
41650, 690
17142, 680
9290, 93
2200, 208
11948, 713
31208, 598
59754, 788
38131, 437
59636, 734
8339, 474
35610, 891
10094, 858
24277, 312
22753, 37
10567, 168
15979, 728
10821, 414
50801, 600
27393, 74
33826, 774
16419, 231
40746, 42
48413, 157
13399, 737
45130, 240
42166, 530
47631, 309
8697, 815
59758, 835
26255, 644
10708, 687
37377, 956
54170, 403
57946, 478
29334, 136
2578, 28
58051, 746
48181, 2
47773, 135
33089, 413
22189, 268
41016, 852
57106, 546
55537, 626
52536, 186
16554, 908
18151, 84
13306, 893
39153, 69
31285, 122
46346, 754
46234, 724
7322, 607
11580, 692
5196, 47
56231, 466
14624, 648
12047, 522
47159, 576
46961, 181
23329, 209
7959, 448
17351, 354
21366, 741
5861, 319
59065, 715
21818, 712
28022, 52
28482, 967
46437, 594
53735, 970
54171, 468
25988, 748
43464, 63
49473, 572
34433, 190
11294, 389
54456, 72
44349, 449
8386, 31
4880, 848
38088, 687
56409, 677
36030, 42
54609, 137
35480, 510
13093, 938
17268, 765
35868, 40
8069, 641
38659, 263
26043, 488
20036, 623
25817, 713
29850, 899
7712, 95
44388, 290
4461, 495
18951, 546
22887, 81
39626, 682
26572, 224
46528, 713
17218, 254
33527, 187
52182, 308
312, 28
49593, 495
19991, 896
43018, 203
40649, 641
43162, 456
22023, 787
52398, 562
29178, 749
26004, 582
15527, 240
4239, 493
55316, 877
39956, 260
31616, 932
11211, 943
30228, 716
39624, 153
36535, 55
44985, 152
40416, 902
53198, 143
5997, 73
26545, 519
52516, 132
47007, 759
42208, 416
34909, 503
15981, 982
50778, 105
51294, 923
31783, 969
57732, 275
51353, 909
2545, 958
46980, 522
21457, 970
41921, 892
58176, 572
28828, 409
16289, 848
45309, 772
8849, 547
30937, 865
55417, 316
38364, 783
38410, 275
59111, 608
22242, 575
2369, 910
45658, 766
29087, 234
25622, 137
36463, 536
16824, 13
24890, 671
2005, 323
35156, 34
52739, 912
54905, 800
53686, 59
37230, 883
58497, 462
29591, 287
41184, 765
33075, 787
52562, 574
30643, 746
24269, 942
50868, 64
9694, 737
27144, 72
33972, 210
46128, 881
46575, 969
48906, 137
18128, 106
30573, 373
54614, 607
30275, 943
53920, 309
48989, 59
36989, 229
22546, 187
57058, 578
18796, 73
39242, 837
38085, 963
32145, 210
25582, 493
45685, 716
2632, 34
19121, 161
14288, 65
55445, 372
22053, 899
34732, 455
41315, 383
57141, 696
48090, 143
42265, 198
54972, 172
55923, 933
24571, 995
57239, 373
35464, 750
57334, 103
9429, 377
1109, 828
46741, 806
22409, 51
21302, 174
9975, 686
15388, 13
37047, 404
5129, 55
8927, 330
2249, 27
14643, 115
24660, 324
30562, 244
32850, 28
28066, 66
28507, 623
10006, 699
18470, 196
8998, 128
39102, 623
58302, 660
22382, 261
11548, 818
4530, 741
34884, 373
33520, 826
1113, 186
16657, 65
34525, 169
36204, 324
47162, 355
47668, 142
58855, 456
58196, 62
37104, 904
31940, 450
51383, 245
18354, 17
55831, 524
32935, 849
12962, 492
27322, 671
42261, 335
356, 549
35626, 908
4445, 110
35319, 948
54140, 531
18314, 484
45390, 433
5315, 318
23515, 405
16282, 199
52086, 354
54245, 386
16190, 588
27587, 970
30718, 636
8796, 643
58179, 39
42917, 732
25705, 126
53024, 83
20710, 13
8310, 168
30903, 803
24450, 310
32039, 777
18279, 880
48338, 631
3542, 308
15157, 657
59415, 33
42771, 689
34401, 298
55755, 142
3917, 248
58098, 309
29095, 620
19598, 220
8206, 788
46306, 730
23560, 381
30876, 580
12861, 985
10002, 637
17762, 860
2852, 23
25424, 953
8336, 156
45068, 561
9185, 586
12280, 758
23200, 515
9341, 126
11360, 861
17811, 69
33695, 422
19165, 741
26962, 818
57292, 255
43455, 43
6083, 425
54709, 65
45207, 386
45261, 239
13132, 454
25096, 679
8219, 346
5173, 773
15282, 32
2384, 969
1031, 551
696, 924
11269, 874
55718, 404
35809, 962
27509, 191
7520, 443
12810, 879
20460, 954
41600, 677
30836, 49
56810, 770
33843, 241
48193, 688
19161, 867
37885, 575
13230, 668
6295, 52
37675, 365
10986, 157
35216, 864
23461, 491
57601, 823
31880, 417
17876, 646
29846, 213
59430, 100
53419, 445
38116, 110
41328, 487
34624, 675
11247, 16
22959, 378
1886, 382
33359, 993
53625, 524
41329, 640
8222, 938
36549, 297
47852, 536
9632, 65
29074, 901
17791, 862
5148, 309
27453, 476
42237, 685
7022, 109
7936, 808
35534, 195
616, 238
4802, 880
21420, 505
7418, 968
4867, 313
3719, 460
32715, 871
17956, 106
7967, 447
33203, 182
52115, 857
54854, 749
48337, 543
24220, 256
55379, 424
53681, 71
26410, 886
38764, 523
43587, 710
53979, 93
24952, 371
37569, 385
50118, 138
14234, 516
28495, 794
53171, 865
9269, 47
16352, 584
17260, 117
39841, 731
35028, 496
23220, 21
59283, 260
10548, 421
38014, 224
40342, 921
56127, 158
24783, 248
7713, 815
18113, 990
26262, 248
2827, 226
8879, 450
37133, 504
55921, 603
55943, 498
55173, 272
22277, 361
40515, 686
7217, 894
2344, 922
33733, 163
38567, 353
47600, 361
10435, 851
23767, 995
27232, 3
48443, 513
23405, 750
54627, 457
7361, 172
33162, 765
57862, 602
36758, 712
43783, 341
21991, 446
37904, 601
37118, 111
14682, 312
53367, 849
55552, 927
567, 658
2111, 599
48155, 406
8739, 952
54948, 445
6039, 643
16012, 70
15405, 402
50502, 913
16183, 507
32710, 118
25975, 240
34865, 49
39979, 529
13019, 891
32276, 123
49717, 593
32305, 380
59673, 169
21842, 836
10865, 343
4531, 670
23489, 318
30320, 845
47098, 764
29955, 705
48131, 55
38615, 515
56273, 493
47816, 99
55528, 931
43265, 435
31272, 727
32363, 486
8656, 480
9297, 947
58232, 205
10191, 3
46343, 927
54443, 411
46924, 791
55021, 277
30866, 120
18504, 670
53398, 192
30082, 910
10890, 386
10449, 435
11325, 126
26475, 779
9396, 782
52026, 585
42405, 732
18054, 210
31364, 922
19558, 495
34701, 604
6044, 253
52294, 464
22205, 298
26897, 579
55797, 688
19495, 384
39403, 61
42863, 152
35186, 99
47391, 115
45171, 469
25882, 453
42874, 604
5254, 763
56857, 451
44483, 520
54229, 399
39836, 142
37224, 73
33795, 653
13235, 875
865, 6
22899, 753
43492, 283
23289, 463
51906, 943
7061, 993
33113, 202
1179, 764
30692, 909
26699, 54
11696, 591
19383, 357
14340, 474
21717, 407
20235, 391
7206, 878
8137, 375
16707, 287
16612, 149
57073, 310
51737, 299
52952, 151
11421, 152
2420, 199
9589, 228
7621, 696
7036, 292
47560, 953
21299, 339
19014, 236
558, 262
15853, 322
41155, 866
22281, 864
38555, 213
31480, 437
16870, 93
24577, 122
9996, 903
6634, 872
40679, 303
50749, 104
37513, 15
24497, 597
49769, 61
17138, 953
57854, 837
34778, 985
28104, 287
36153, 410
36279, 66
41050, 988
39746, 931
19689, 810
13658, 100
31532, 385
49691, 251
21426, 76
57835, 495
37702, 15
3456, 712
19712, 597
23740, 150
23341, 781
5841, 618
22754, 782
22133, 260
4081, 909
37383, 529
4639, 483
30346, 744
23575, 182
6534, 143
46882, 192
45407, 833
25399, 760
6206, 255
32780, 172
7353, 797
51904, 959
26275, 986
18006, 220
32604, 185
45699, 678
26670, 490
53525, 385
39341, 858
27916, 330
23728, 241
51389, 548
54801, 919
33885, 612
56811, 113
46696, 251
3499, 11
39967, 354
25193, 871
57229, 340
906, 170
37037, 292
51050, 449
799, 980
9670, 1000
34007, 654
10460, 210
26360, 681
41005, 194
47497, 101
5715, 996
42695, 755
44137, 511
5420, 321
28437, 615
43425, 797
32150, 511
36766, 932
54054, 105
27753, 475
25011, 612
32753, 45
51402, 355
8527, 89
31118, 812
27545, 704
51298, 43
42754, 154
40689, 101
16972, 986
46107, 773
54002, 599
6650, 622
19426, 477
38473, 641
42397, 166
11143, 180
49135, 345
32991, 35
45295, 428
41578, 184
27023, 88
38400, 339
16538, 984
43677, 253
49920, 436
27070, 269
56572, 978
45372, 657
18986, 974
23179, 489
2117, 68
9693, 523
25165, 643
17164, 231
47494, 231
50140, 826
14219, 258
9729, 849
13416, 713
53549, 712
45311, 192
54550, 161
44459, 172
9909, 751
23948, 556
5329, 8
23719, 995
59684, 891
27358, 157
48463, 632
9107, 108
25854, 21
29411, 391
7325, 925
6202, 61
22212, 597
59881, 977
16383, 793
36014, 623
54781, 963
17608, 236
3307, 261
45050, 338
35919, 846
28383, 280
14401, 994
8241, 732
50246, 72
56196, 181
25810, 991
21597, 664
35976, 225
34439, 596
33868, 885
34179, 961
33309, 835
24461, 565
37508, 362
53883, 536
51391, 299
2386, 36
39142, 495
5954, 359
56235, 180
23140, 152
8107, 303
45675, 584
20031, 942
797, 246
41462, 569
8832, 409
11310, 696
50050, 889
43644, 101
31713, 52
44551, 396
26172, 749
11525, 38
48168, 168
37370, 802
37226, 321
32833, 577
26989, 723
40774, 530
11267, 392
3859, 805
51903, 94
2813, 341
1705, 541
50329, 568
41634, 49
58474, 607
50389, 825
55824, 397
55250, 372
31642, 744
45739, 456
39257, 608
24776, 65
52105, 722
4099, 598
30452, 673
25030, 714
45526, 796
13623, 306
40628, 388
413, 902
20131, 290
47354, 415
14346, 984
41101, 346
27722, 988
37400, 265
48307, 565
26070, 674
5557, 607
54314, 616
39936, 0
59240, 256
23888, 203
20982, 934
2232, 403
56634, 921
29354, 579
26520, 409
20814, 798
38739, 625
49574, 518
47693, 390
10190, 353
27896, 145
15342, 936
32771, 485
5163, 923
50785, 995
3110, 126
37574, 807
6811, 29
50729, 494
2508, 678
44115, 688
24774, 928
2950, 887
53947, 739
17325, 69
33414, 497
44774, 13
9633, 737
36651, 141
58974, 33
56920, 150
53401, 223
5121, 194
6108, 759
6106, 189
16983, 14
26622, 519
51334, 700
8451, 355
4874, 977
44146, 187
7495, 170
3145, 855
42913, 881
52171, 201
21453, 417
30252, 204
48973, 753
1315, 444
44157, 106
52045, 566
23968, 538
20512, 612
1959, 982
46321, 641
14162, 894
3217, 203
38900, 88
29691, 366
46010, 968
21268, 152
2068, 6
44911, 771
25606, 194
46982, 714
52314, 376
49047, 285
45919, 807
2008, 249
59019, 58
51893, 822
7350, 524
40887, 347
14579, 67
49690, 410
49919, 152
29075, 349
24663, 204
19965, 848
21473, 874
42007, 951
12677, 814
41488, 508
55901, 146
10709, 806
48680, 738
15238, 278
18566, 689
58168, 137
13996, 643
19382, 745
47744, 972
49319, 467
26428, 710
50617, 73
57616, 783
43752, 357
15658, 375
42176, 825
31207, 882
50913, 476
1288, 370
30307, 573
22381, 497
1782, 311
15031, 638
40570, 153
12464, 172
11691, 167
31563, 611
47814, 922
26873, 414
10707, 56
31570, 935
19361, 836
58135, 814
90, 463
3096, 538
7134, 961
29704, 28
40856, 814
3575, 310
7882, 290
50259, 393
35486, 681
14979, 212
10137, 363
59416, 378
20724, 667
22984, 994
47644, 18
57789, 462
21456, 709
1470, 84
18019, 384
59458, 632
48574, 728
57280, 386
46543, 816
38890, 400
29702, 937
43003, 919
21304, 447
13060, 231
26064, 437
26330, 893
23093, 250
36455, 209
3543, 614
56550, 470
25545, 136
33336, 278
51895, 587
4222, 417
42880, 856
5560, 503
23931, 291
15124, 800
46199, 436
32371, 37
20450, 448
36256, 580
24587, 1000
31596, 603
12952, 31
39505, 398
23102, 114
1838, 657
9949, 718
9555, 401
29212, 786
6001, 120
53120, 42
21649, 683
14353, 263
56137, 52
38345, 445
7729, 965
3714, 581
5828, 240
16275, 396
28538, 104
24641, 279
4277, 733
59833, 549
11958, 345
25215, 894
20936, 339
32698, 837
1018, 770
41361, 584
20180, 485
27523, 186
31693, 336
54285, 820
37000, 861
48934, 838
48992, 254
38472, 115
45910, 905
27142, 76
24121, 887
36505, 105
39721, 124
31277, 180
9840, 942
56635, 172
9649, 861
21866, 961
26542, 335
25412, 307
5596, 908
52876, 253
22851, 494
17249, 620
28999, 826
43439, 790
12521, 119
52465, 507
50130, 501
32381, 434
46461, 903
56029, 915
38378, 374
6395, 574
32800, 372
27120, 391
36146, 416
10681, 890
28668, 345
39483, 761
56533, 967
8102, 132
18608, 955
32967, 209
36211, 558
16583, 945
11772, 217
42593, 793
55927, 512
272, 280
21545, 981
52341, 570
36569, 777
14612, 737
57323, 969
49682, 675
14244, 978
18261, 285
10392, 412
15966, 459
51787, 155
996, 830
46913, 460
40424, 558
4205, 820
33699, 773
49330, 118
196, 547
45279, 687
44066, 789
27019, 580
53159, 449
55682, 39
17433, 97
7624, 775
33537, 451
6685, 605
44335, 442
4651, 779
23033, 238
50460, 321
58029, 169
39182, 315
45236, 630
44467, 180
57200, 970
14491, 545
14027, 253
9945, 221
16322, 277
42430, 948
2482, 902
58948, 235
20143, 819
55000, 983
37568, 874
39021, 74
5959, 416
45483, 178
30129, 512
58430, 452
50232, 181
47743, 409
56135, 865
47327, 309
52053, 181
26549, 691
6022, 780
55215, 10
10059, 151
44680, 641
51070, 174
1354, 270
34143, 335
30210, 73
10320, 674
34295, 280
13291, 179
36967, 48
4165, 388
15543, 839
23418, 947
44927, 362
11516, 170
12547, 33
35961, 297
45359, 964
54219, 39
2471, 850
2434, 818
33595, 949
11226, 165
44537, 523
44320, 83
31850, 235
14764, 452
32790, 835
13688, 805
53307, 629
28896, 595
31350, 288
58602, 654
38493, 569
44434, 759
57527, 538
15164, 754
43941, 901
4964, 274
8229, 538
52740, 639
28647, 992
56914, 197
27686, 253
6495, 214
27273, 406
37347, 199
13199, 610
50282, 737
2550, 906
50428, 726
23596, 259
17015, 289
23641, 263
23578, 40
58718, 743
32356, 347
22678, 947
7733, 942
41698, 665
11602, 856
28729, 897
20220, 423
34821, 575
18418, 312
12017, 542
10263, 703
2593, 703
25225, 546
33257, 762
44336, 661
33833, 976
46555, 518
24739, 163
18709, 761
54838, 816
26859, 410
31911, 945
45619, 842
6382, 324
36068, 448
52574, 796
37604, 420
8671, 143
8513, 85
38899, 277
1762, 799
5031, 51
34610, 403
26870, 969
47215, 824
9391, 986
42287, 168
128, 654
57993, 710
30087, 983
26754, 649
20586, 554
37579, 212
31206, 805
41513, 99
36903, 266
58648, 455
19725, 919
29424, 770
35137, 570
40987, 713
11841, 77
11220, 869
49249, 692
10655, 605
10685, 630
50367, 110
45923, 370
55968, 837
19292, 212
18484, 668
34014, 790
52063, 755
641, 421
19766, 517
37124, 153
21091, 611
12244, 444
9437, 44
11762, 436
40536, 761
56123, 246
1058, 706
2656, 345
4104, 44
36470, 285
15404, 214
48655, 402
47250, 668
38139, 721
23243, 713
18760, 232
48055, 238
22318, 250
23895, 864
42116, 8
17910, 388
48318, 747
8441, 183
7332, 373
23039, 983
11235, 167
56831, 705
23944, 449
30234, 145
20198, 120
35939, 533
24044, 423
6364, 102
29724, 559
28709, 997
27772, 162
48594, 804
14231, 869
22229, 890
19663, 874
58306, 714
44385, 47
16112, 162
26367, 746
11148, 965
37079, 98
27478, 978
54429, 385
20732, 488
16630, 217
40566, 141
46193, 841
46568, 747
18636, 462
5041, 495
38638, 770
31335, 147
4923, 582
20068, 601
20506, 286
57528, 332
31323, 721
51075, 130
12254, 122
17309, 121
50039, 366
9254, 476
24925, 333
37332, 986
51099, 652
40687, 450
10859, 374
51771, 760
15700, 394
36854, 216
50344, 249
51769, 933
11611, 4
15857, 825
22839, 808
16894, 428
15263, 584
49478, 654
19343, 776
46909, 626
58525, 124
20038, 713
50905, 742
20703, 116
53576, 491
48789, 438
24296, 443
26577, 331
59129, 149
23151, 361
22422, 876
18777, 987
23182, 248
33617, 201
58361, 95
20405, 48
5749, 492
28268, 208
54929, 33
5849, 743
59128, 561
25922, 326
8510, 247
28030, 19
46186, 486
33017, 33
9866, 702
41808, 520
16363, 94
13087, 563
13875, 518
15574, 360
18814, 380
38652, 78
33458, 277
40907, 965
44543, 859
25347, 299
49465, 915
10047, 816
32958, 306
5232, 54
50611, 50
12240, 93
7357, 575
18758, 38
18134, 713
40629, 921
2224, 787
7955, 825
5297, 317
41430, 513
53829, 241
16595, 384
57273, 924
20849, 856
9758, 154
13038, 280
12465, 810
32395, 41
13960, 687
18211, 234
1548, 624
48094, 471
24410, 175
35122, 409
7374, 317
21881, 314
56117, 317
39369, 680
58224, 339
33689, 583
14976, 718
41198, 938
29965, 235
50764, 543
5793, 855
49643, 590
36906, 561
23988, 186
10444, 296
13634, 66
7602, 908
24678, 678
35785, 535
12878, 549
7351, 842
25015, 938
5941, 653
35333, 552
22847, 359
44495, 498
20744, 231
33824, 35
45902, 25
54026, 340
3554, 284
41543, 888
23619, 284
44343, 22
12309, 957
40704, 77
25543, 940
19752, 352
43336, 677
57201, 256
27337, 29
2034, 778
11439, 319
15879, 194
4471, 866
58561, 555
6581, 279
22528, 743
31320, 499
29550, 602
39935, 202
51538, 124
16718, 679
21907, 677
54943, 926
8007, 672
50797, 56
9237, 684
15479, 529
7096, 217
15363, 773
20688, 2
5322, 987
29309, 9
50716, 615
39498, 228
50184, 743
5965, 193
34488, 586
4535, 231
39905, 777
26248, 416
55522, 514
22231, 206
58735, 73
54581, 868
120, 234
11946, 125
57715, 828
31761, 32
21186, 268
20725, 468
46522, 734
13008, 683
40019, 230
9348, 143
35475, 477
30441, 305
37733, 358
44065, 683
34108, 48
11790, 827
3069, 29
50439, 889
58068, 182
13498, 109
488, 492
6120, 364
37653, 630
1667, 409
8124, 524
5472, 721
59760, 702
44961, 339
35608, 255
36658, 55
40402, 212
9156, 97
11916, 653
14703, 448
32058, 594
59613, 689
55308, 609
58865, 955
45556, 18
37469, 474
54566, 137
55786, 796
47965, 644
10973, 427
26473, 467
19076, 68
55196, 452
4799, 55
25125, 74
974, 874
52227, 277
38935, 623
51161, 316
58570, 881
33949, 707
984, 843
34042, 58
9200, 504
56737, 907
33030, 581
206, 92
8537, 780
15170, 233
30569, 844
221, 693
54723, 403
25352, 266
52118, 569
31483, 723
27921, 493
32589, 613
45075, 216
11585, 689
749, 484
26570, 530
31036, 644
32181, 804
7864, 233
43158, 70
20860, 99
24631, 831
24161, 903
3117, 506
30103, 299
427, 500
59502, 724
27449, 527
21303, 80
9972, 932
47241, 863
1658, 409
32286, 6
58300, 85
33254, 915
4414, 33
36492, 741
13041, 834
7438, 322
610, 623
27737, 840
57271, 970
17043, 338
50873, 535
21375, 103
55359, 286
46835, 716
10816, 65
54278, 607
40923, 329
25, 535
7940, 162
59464, 96
36644, 276
54527, 898
15732, 871
50433, 989
50341, 938
23594, 658
45806, 43
22303, 655
39599, 205
15009, 262
33991, 792
17783, 851
17518, 776
6569, 962
18171, 236
43458, 427
10781, 407
36543, 397
40609, 687
39252, 508
58513, 780
40403, 497
33585, 202
1773, 268
12477, 184
31669, 650
42576, 218
6276, 339
40097, 961
42159, 676
43806, 186
13621, 123
57143, 831
1390, 114
48876, 997
54938, 381
46291, 538
428, 675
54971, 668
29268, 567
25766, 589
53641, 558
35999, 669
3815, 125
10347, 452
44291, 237
1350, 132
53105, 218
29699, 330
5393, 268
32593, 97
27931, 947
30531, 272
30355, 211
27081, 494
9536, 315
41641, 749
50381, 308
4282, 517
19931, 170
16727, 358
50044, 59
46517, 530
43527, 526
12297, 966
10342, 256
31855, 750
35869, 476
32943, 424
37704, 318
58315, 217
19172, 24
48541, 373
2400, 998
42219, 750
30655, 744
20469, 415
28705, 819
42459, 942
14458, 428
47612, 426
9259, 644
17786, 3
35426, 311
25111, 843
19257, 64
37505, 691
35066, 794
8411, 257
5929, 428
37863, 320
29166, 270
4742, 668
49192, 170
6417, 716
23123, 62
47908, 328
56960, 890
25153, 822
33925, 644
39407, 204
14160, 156
506, 437
17810, 445
49692, 496
17146, 217
38780, 510
25554, 664
20140, 712
28463, 539
46227, 286
34894, 51
31851, 370
11029, 477
57916, 644
54085, 656
27554, 839
24666, 606
35184, 5
5519, 251
51206, 42
23820, 607
17284, 754
93, 912
13679, 311
57003, 986
22827, 996
8220, 225
14907, 153
38252, 499
28580, 472
27816, 562
15805, 26
4158, 249
21428, 535
16396, 450
22843, 274
12679, 776
24989, 728
27834, 945
2671, 79
24003, 521
52614, 250
17067, 551
16719, 219
26851, 51
9202, 27
10445, 812
40145, 887
26504, 939
18927, 109
41989, 914
53248, 346
32461, 567
10485, 508
33441, 680
7781, 927
11687, 507
13808, 285
45598, 184
7636, 258
746, 962
12606, 253
4537, 12
34845, 730
8523, 741
42926, 854
21209, 398
30862, 345
33851, 620
53562, 537
44231, 223
52272, 796
14600, 910
460, 847
18919, 600
14686, 877
38772, 305
36622, 993
33917, 982
38986, 94
23996, 187
56501, 813
37142, 478
36523, 525
26363, 952
38384, 101
26983, 526
50055, 903
36094, 758
52502, 430
21776, 378
6964, 163
43495, 809
58975, 286
31910, 617
52770, 161
49644, 737
36576, 462
33951, 325
18591, 990
3469, 354
53423, 574
13618, 708
24670, 621
845, 136
2595, 491
17304, 340
4951, 364
40113, 363
18307, 939
12713, 943
56804, 317
56741, 234
12508, 384
33360, 849
8200, 520
5480, 591
51147, 823
45176, 713
42715, 106
3111, 315
16807, 946
8067, 390
51579, 918
8937, 962
27766, 458
28571, 306
54904, 448
56319, 899
28384, 566
12076, 3
36018, 871
1254, 443
5921, 42
40751, 508
2264, 62
45042, 127
27476, 325
36650, 121
33831, 79
42493, 210
15294, 35
10937, 574
8777, 627
58940, 251
47758, 24
34829, 401
1147, 183
44046, 642
33163, 51
18481, 339
5216, 155
20706, 248
28152, 805
45714, 70
14810, 743
55234, 999
35208, 485
51022, 380
5534, 139
45913, 906
10099, 833
46074, 147
6253, 763
7603, 800
36481, 708
12600, 716
8322, 845
53531, 98
54400, 361
52376, 235
17574, 537
21521, 486
22771, 547
27991, 64
35113, 375
13257, 431
1812, 336
36558, 718
17812, 952
993, 717
41711, 939
13386, 611
27951, 678
51646, 916
52594, 855
12132, 211
52844, 446
31033, 622
21605, 177
36856, 449
38851, 591
46857, 200
58085, 594
46702, 207
10511, 764
50535, 464
7272, 632
44660, 119
49327, 706
46034, 548
3939, 337
31346, 709
28353, 633
18998, 15
12698, 503
1474, 710
10842, 863
12752, 992
10223, 118
55354, 323
9743, 906
57086, 284
43174, 461
24554, 42
24087, 519
620, 168
17254, 195
37989, 546
39103, 743
39508, 721
30148, 583
34551, 960
7978, 111
16649, 511
7841, 114
43417, 312
3036, 408
33440, 133
22497, 709
21662, 755
41769, 130
23176, 474
44527, 658
28916, 44
11766, 846
33206, 957
24441, 767
50378, 377
43713, 935
32711, 643
24970, 99
35272, 479
34797, 712
4009, 1000
31860, 631
28950, 253
45062, 274
35214, 674
35570, 535
28629, 548
7422, 672
27521, 308
55995, 580
14860, 465
11727, 20
20574, 853
54138, 322
33366, 589
12170, 289
56220, 361
24013, 334
9929, 292
18351, 821
49284, 687
59483, 660
28357, 887
36237, 33
11014, 180
38664, 759
49225, 774
37801, 388
12099, 176
37227, 205
42502, 651
37102, 680
17227, 645
32219, 553
11651, 434
59544, 547
48200, 860
12247, 572
31294, 627
1865, 913
51212, 54
46293, 872
3903, 93
51487, 858
16320, 471
19748, 346
43874, 845
52347, 906
26744, 421
1814, 263
32550, 712
41620, 756
35054, 963
37096, 344
26355, 679
38865, 966
24086, 418
48437, 674
39072, 446
19136, 767
33674, 348
20196, 761
22732, 249
600, 237
23703, 657
33593, 838
7980, 883
36347, 632
32285, 645
24065, 407
3373, 668
52758, 998
25172, 18
11293, 199
50773, 544
43748, 438
28821, 427
20620, 505
49344, 93
3579, 345
50084, 914
12976, 283
13504, 362
41545, 602
57348, 160
28982, 645
47710, 11
29340, 201
19104, 58
40156, 797
9965, 780
9474, 629
42033, 734
19333, 290
46173, 686
23572, 393
17872, 597
25707, 922
47396, 471
1213, 894
11157, 32
47709, 806
26538, 762
53295, 838
4485, 181
36483, 336
49083, 889
42207, 530
20538, 277
34889, 524
52008, 612
51522, 336
9369, 891
31396, 216
54531, 902
15535, 99
16154, 102
59579, 954
27631, 476
15001, 474
9319, 143
40696, 448
49516, 1000
7852, 11
19138, 662
31904, 983
4147, 517
32983, 68
33481, 478
48740, 70
8515, 909
3486, 120
49206, 988
10874, 731
48669, 736
49410, 458
38539, 119
19915, 411
14152, 505
57204, 443
51181, 865
35875, 56
4455, 564
33472, 724
41571, 531
10018, 713
18564, 563
31296, 408
17326, 957
25211, 67
7141, 341
58935, 631
39989, 107
31859, 510
4, 640
55586, 172
801, 225
27537, 956
26328, 834
27841, 33
38169, 172
17952, 55
41457, 214
2182, 376
1065, 29
27946, 338
15681, 566
39661, 1
3692, 387
34431, 326
27989, 349
48361, 439
49142, 319
6388, 953
8147, 375
19351, 941
8613, 668
23055, 988
15739, 948
17350, 703
14769, 856
21945, 448
34053, 613
2139, 842
50830, 775
6952, 900
41526, 339
18519, 645
6887, 799
15856, 792
20768, 872
27012, 908
34357, 945
17238, 2
19744, 308
12383, 210
4046, 965
2352, 189
9776, 20
644, 987
48095, 608
19522, 15
3071, 743
14795, 795
26476, 531
52302, 994
12278, 417
53760, 60
8751, 259
29238, 287
49613, 231
36780, 168
37620, 222
24543, 280
20806, 236
24528, 450
39239, 153
21050, 362
44545, 105
23861, 180
43344, 50
4723, 207
24850, 397
36478, 221
6242, 978
18056, 812
3885, 623
46599, 916
44321, 827
14059, 775
39075, 755
48572, 785
45732, 853
32972, 769
57734, 583
40710, 736
42541, 882
5794, 98
17324, 530
21257, 537
5141, 449
58528, 423
38203, 165
25934, 210
22144, 763
44485, 890
58803, 632
38841, 382
15961, 584
58785, 678
36823, 459
40454, 806
46597, 137
6131, 381
13801, 62
59289, 826
32059, 847
15270, 941
25051, 961
8714, 535
54151, 733
59911, 43
13666, 421
32714, 882
30885, 585
6994, 649
39010, 75
41499, 297
52313, 836
47413, 440
27038, 497
2549, 146
3371, 509
9683, 506
59057, 602
55201, 978
18160, 944
41710, 796
58062, 423
58616, 946
20969, 652
40759, 718
4903, 822
59268, 504
39687, 771
14628, 156
37083, 783
13057, 949
25131, 782
7592, 415
26457, 226
6339, 328
44430, 29
8123, 350
44898, 147
12305, 142
22128, 393
56683, 279
12527, 62
40872, 466
52851, 88
53108, 797
59918, 573
32185, 838
58867, 362
19826, 208
48963, 707
10774, 369
46825, 520
4956, 447
43418, 974
4153, 300
54082, 479
21837, 123
45676, 660
9340, 266
29941, 422
47674, 43
17000, 681
5589, 729
15549, 137
27457, 292
35680, 373
54238, 566
41301, 85
23373, 979
19135, 735
6934, 546
40821, 49
35478, 849
59495, 428
54062, 711
56494, 884
34928, 676
19470, 749
29541, 144
56152, 324
19065, 502
4592, 10
38149, 295
53314, 3
37831, 492
18852, 56
27036, 982
41083, 695
6051, 100
52097, 806
31983, 569
11099, 316
27502, 279
25110, 557
1430, 363
54386, 455
14669, 459
49186, 986
35778, 269
24361, 86
25405, 141
55974, 460
45643, 453
33909, 188
793, 312
8276, 161
50085, 514
9504, 961
1608, 984
7386, 162
54589, 453
49541, 367
7482, 924
21858, 92
3066, 619
49803, 932
32662, 714
55361, 712
33412, 909
53215, 733
19668, 416
471, 670
29789, 634
39615, 971
2866, 970
45034, 948
9060, 689
38754, 400
10696, 99
38045, 691
38955, 938
41460, 180
49601, 251
36727, 333
44688, 545
5395, 365
26273, 988
34686, 91
40065, 105
19275, 612
18137, 88
45204, 486
31130, 55
22781, 116
18328, 41
25524, 426
30318, 951
17312, 389
23599, 619
24530, 126
2576, 847
51211, 740
11505, 873
11896, 233
22297, 698
4875, 453
39110, 686
33102, 861
12608, 927
19572, 30
37444, 432
55165, 223
18386, 556
16590, 337
16178, 119
55925, 42
6015, 674
33294, 790
57992, 956
5881, 619
42445, 194
22305, 888
26959, 493
44865, 799
41074, 96
34121, 325
9287, 253
30629, 4
58255, 441
18245, 960
20298, 855
27743, 756
22106, 678
18055, 988
12922, 837
2874, 55
10399, 682
38090, 60
35144, 925
24500, 982
43852, 143
34897, 57
57694, 769
35099, 155
38755, 385
24311, 280
9734, 19
14730, 12
7443, 279
29569, 532
54390, 866
23303, 251
23743, 975
4112, 860
56335, 695
15406, 920
8500, 570
34415, 666
52579, 992
43130, 451
34062, 668
13102, 983
54837, 791
3624, 730
19854, 401
48628, 875
30700, 501
19434, 326
2967, 317
34541, 375
25800, 118
12886, 997
25408, 789
15002, 114
58943, 191
31846, 369
30957, 373
30959, 22
37157, 890
18740, 610
4145, 182
12859, 113
49140, 928
39408, 805
25184, 654
52881, 625
27630, 793
19645, 874
36432, 850
7683, 200
2491, 515
38741, 965
29054, 746
27908, 879
30375, 200
40904, 180
35634, 657
30266, 250
28044, 93
29536, 281
57553, 549
6307, 272
52765, 363
45114, 4
33466, 160
48845, 694
24148, 343
19614, 381
47127, 12
55691, 71
58818, 335
46164, 673
49245, 315
55135, 915
18994, 121
35100, 200
57084, 654
26861, 566
33061, 881
10837, 628
16220, 689
752, 383
10901, 382
36731, 317
23528, 10
52065, 34
44292, 785
12348, 387
8128, 936
57025, 824
54628, 876
13070, 260
53456, 277
31271, 380
16510, 687
17844, 636
28194, 939
26580, 475
30995, 697
19036, 750
19723, 9
11447, 221
3451, 422
33643, 511
56742, 463
54799, 238
48160, 50
1006, 195
12627, 677
25049, 90
45541, 451
49879, 887
40915, 425
33293, 587
839, 922
8673, 123
57354, 543
38279, 653
29860, 181
33852, 896
58893, 580
3577, 694
10692, 468
30245, 177
28854, 210
15289, 353
41340, 314
7705, 136
31045, 915
53067, 998
36118, 495
22733, 876
9869, 821
53477, 288
49060, 354
28433, 847
52600, 790
4133, 247
19197, 291
57076, 861
27465, 639
3672, 833
4334, 929
4051, 293
39787, 307
23658, 577
19840, 817
50366, 98
2695, 439
42329, 429
38700, 953
2511, 459
20552, 311
11751, 146
11528, 994
30884, 50
11159, 741
43697, 131
2077, 870
25189, 816
19408, 998
4643, 249
823, 71
35901, 793
28557, 384
44461, 643
21281, 794
19509, 933
35641, 103
56971, 818
45378, 43
42146, 897
52318, 941
3309, 511
58465, 935
43034, 967
53157, 433
29841, 243
59893, 790
57263, 533
53575, 8
54662, 82
43629, 597
18013, 505
6828, 495
5899, 591
46225, 405
13209, 207
54043, 807
53781, 149
13438, 704
24156, 598
7556, 475
28421, 552
17441, 265
45228, 48
5078, 915
35149, 884
51584, 336
26442, 169
50696, 533
29262, 159
8091, 12
33528, 52
9620, 997
31837, 335
2051, 225
52413, 493
31699, 486
26285, 395
15401, 591
1195, 293
44222, 311
5398, 887
9054, 806
3103, 936
32253, 817
44934, 830
13042, 217
47654, 79
44283, 295
42591, 926
24838, 40
4672, 942
19575, 220
41147, 675
56355, 274
5733, 559
26849, 579
8066, 896
31485, 240
58657, 224
11476, 586
1973, 665
8597, 995
51445, 913
21380, 966
37777, 805
56577, 548
33151, 405
30522, 323
279, 233
38673, 68
55170, 346
59405, 889
14249, 869
4555, 673
4458, 389
36371, 608
13106, 319
4612, 715
25858, 673
38613, 108
19033, 674
31224, 91
44470, 243
9772, 14
1106, 780
28021, 63
38516, 612
17573, 294
26210, 117
56923, 965
32880, 439
27345, 682
38992, 384
40747, 821
1373, 169
25235, 489
4022, 176
19139, 788
47293, 439
9479, 121
1854, 880
36772, 572
54379, 236
53904, 294
56769, 555
46637, 224
42942, 443
21861, 315
14644, 435
22561, 540
43214, 362
11966, 629
44806, 427
2975, 677
19902, 846
23388, 963
6348, 418
26426, 427
52747, 272
21508, 986
54911, 953
39179, 367
37881, 366
860, 292
590, 226
2186, 622
1723, 351
29115, 428
59866, 729
25152, 23
14718, 67
35616, 440
19444, 316
2087, 810
51670, 346
21619, 828
24937, 548
54641, 945
56862, 150
27185, 762
17808, 415
22773, 576
46235, 568
45535, 725
45939, 507
34055, 137
39512, 295
15379, 339
45276, 265
55897, 930
26852, 975
3641, 63
10072, 886
2893, 500
2805, 25
15191, 801
19678, 287
6189, 90
47649, 297
30453, 184
55850, 30
28426, 1
33323, 443
43898, 479
17703, 444
892, 525
33536, 899
50776, 9
29582, 685
2438, 456
26091, 237
36991, 93
32188, 683
4342, 326
621, 76
22066, 802
14166, 198
42579, 154
45764, 405
55425, 743
59475, 451
46299, 490
46558, 463
59781, 684
39481, 894
9394, 615
51623, 177
55972, 439
25945, 787
49549, 748
2494, 951
55890, 848
9070, 671
20738, 929
36723, 717
45622, 762
11661, 557
13901, 493
31549, 953
55347, 368
24285, 85
35203, 107
6238, 435
57558, 632
38930, 787
51008, 800
56774, 458
40533, 692
46641, 131
51548, 135
58245, 872
47460, 150
31561, 697
57887, 537
33753, 115
56412, 223
58596, 979
9031, 628
15588, 992
34456, 557
29434, 602
15102, 885
34870, 829
35245, 313
18173, 1000
41716, 149
930, 718
47905, 454
40369, 132
42578, 318
15048, 881
28862, 653
4680, 895
34309, 382
17246, 413
338, 280
19545, 665
46061, 570
44620, 442
17197, 503
41478, 902
27176, 684
50794, 922
36782, 918
48226, 176
42934, 321
38905, 89
6847, 331
57888, 693
59670, 855
52246, 374
36372, 880
55244, 529
31052, 356
47066, 818
290, 903
26128, 653
21876, 467
46409, 747
56286, 104
52994, 714
2926, 169
4121, 685
42230, 624
13784, 16
41703, 225
6965, 581
25610, 60
27797, 177
9531, 36
41302, 807
31529, 355
31344, 924
53097, 276
53921, 194
36993, 253
52587, 658
39643, 662
23485, 176
9378, 143
4279, 555
35259, 605
22111, 971
44123, 986
1990, 224
56306, 579
56576, 849
20409, 740
20415, 24
58771, 353
1881, 311
34122, 107
43934, 89
41670, 983
48602, 151
37111, 52
5206, 171
47899, 249
15641, 493
25433, 635
43400, 574
38158, 899
47865, 901
38510, 321
51475, 100
31687, 642
24599, 330
38371, 742
14619, 96
12505, 409
21777, 212
27037, 745
50468, 428
26529, 57
16157, 571
52155, 96
56315, 1
32891, 270
21183, 692
1277, 375
57260, 61
15643, 208
5821, 655
22042, 711
54110, 380
52167, 523
47928, 962
46309, 401
19817, 307
10522, 730
35834, 500
8679, 253
42868, 759
11102, 891
31632, 180
7503, 485
5958, 364
27250, 855
19799, 382
7989, 85
35666, 571
4947, 242
52842, 667
17377, 293
38245, 406
33022, 854
27162, 232
6840, 19
55939, 357
18338, 708
12157, 486
46341, 163
13750, 941
34628, 630
12684, 699
2548, 806
4274, 626
2657, 385
46900, 312
2901, 670
28228, 662
10238, 673
43524, 836
18251, 547
9248, 27
58859, 308
49626, 939
45963, 680
39273, 930
6284, 506
55748, 404
3375, 836
13841, 82
22945, 346
7260, 790
41426, 107
448, 340
37041, 299
13320, 954
47691, 205
33138, 651
37405, 207
57552, 946
11517, 415
12037, 655
59950, 882
31149, 837
31612, 663
26798, 521
59178, 666
32578, 301
6992, 815
59603, 494
27350, 215
42664, 1000
31494, 524
19623, 803
49370, 747
13505, 43
17462, 220
17487, 301
23206, 796
56176, 392
18331, 187
9960, 21
27123, 791
53412, 200
20986, 44
14690, 162
4598, 897
8939, 941
10230, 693
57730, 896
43, 911
47556, 91
47303, 714
1515, 690
19733, 895
6712, 931
43620, 609
42720, 152
29450, 291
36598, 333
35278, 332
16312, 352
59751, 430
19968, 433
20904, 778
8335, 956
1281, 895
49061, 466
37507, 904
45584, 213
651, 384
20585, 815
3580, 453
18858, 168
18495, 623
14504, 354
55730, 444
29128, 771
42439, 550
16464, 871
27132, 426
19585, 26
4855, 257
30278, 51
9906, 335
22438, 821
55157, 58
8821, 52
40168, 673
53752, 996
15528, 751
12697, 388
52930, 407
37919, 277
10601, 583
5740, 785
12822, 813
34946, 953
23278, 946
25905, 225
2948, 804
34449, 216
791, 128
21686, 344
43147, 527
33036, 960
49195, 244
57059, 285
15302, 395
16996, 614
29291, 890
43232, 628
2079, 938
46739, 573
16836, 722
54616, 57
58538, 92
40749, 109
34142, 901
6211, 481
53381, 412
37648, 448
44211, 834
57115, 815
42887, 765
56719, 862
34424, 872
27344, 174
14641, 983
32361, 447
23218, 920
11996, 235
53252, 947
16361, 618
3116, 285
14220, 864
32068, 951
58696, 223
45240, 830
13088, 127
10290, 203
28841, 430
27097, 681
11557, 38
32073, 138
24673, 45
52641, 607
18190, 383
3741, 19
9944, 846
11413, 675
29449, 699
17648, 822
1719, 31
46665, 626
20373, 6
22411, 821
2567, 722
50238, 161
25567, 400
53158, 226
59299, 481
34115, 402
4266, 192
32143, 372
25959, 486
18910, 43
16536, 459
47805, 644
21207, 442
6278, 380
9733, 63
38734, 451
59133, 184
22613, 887
54031, 931
35421, 789
45880, 756
53635, 779
223, 940
8234, 896
10571, 137
7878, 34
19253, 399
19834, 747
44681, 189
21548, 779
35300, 461
21297, 531
58046, 704
22383, 511
59952, 523
37934, 391
12806, 224
612, 10
35197, 158
28594, 602
19228, 439
7795, 789
41485, 957
54607, 848
43741, 488
59626, 193
22364, 906
8988, 938
1405, 396
21204, 133
15605, 807
8016, 31
51345, 258
10615, 138
45821, 680
26261, 515
51076, 852
29843, 830
1057, 272
449, 353
6517, 225
10442, 240
37937, 44
59874, 69
18356, 1000
53845, 648
43792, 284
50456, 441
37679, 30
40017, 927
33995, 773
13704, 434
41310, 591
56547, 836
42819, 856
42248, 712
16735, 155
51978, 134
45249, 515
28186, 211
51837, 871
36223, 777
23397, 379
17430, 650
24649, 441
35370, 885
15287, 661
37238, 621
51154, 878
54135, 578
57784, 160
53580, 244
36600, 892
24532, 258
33446, 139
12552, 357
8041, 499
3505, 227
45742, 632
44297, 926
4662, 378
13985, 631
44000, 248
30341, 90
40100, 341
42223, 166
33841, 396
47451, 500
38645, 363
32675, 835
45723, 383
10014, 568
25916, 173
11583, 778
680, 361
19010, 15
52301, 110
56454, 778
5147, 46
13820, 972
21452, 862
53225, 726
36069, 904
18498, 346
44447, 804
18595, 909
29048, 288
23235, 798
50450, 176
34451, 840
42785, 983
7328, 35
23139, 137
39563, 698
40189, 166
10590, 598
56716, 379
13962, 429
46596, 757
30739, 63
32581, 950
29866, 20
49567, 783
37233, 783
5244, 362
58731, 85
42379, 140
26112, 349
10634, 730
34783, 410
50404, 42
39475, 336
23071, 4
51363, 652
39317, 815
31443, 964
19546, 495
25287, 37
35828, 81
1146, 70
9920, 498
38457, 269
58850, 964
3377, 78
4259, 835
25423, 940
14239, 154
29427, 204
31037, 887
14585, 999
49466, 854
18172, 161
24972, 615
33337, 715
28769, 885
7373, 645
48165, 576
19265, 319
15763, 315
30701, 781
51559, 417
9080, 876
44280, 224
18958, 702
37716, 263
52795, 932
3118, 618
29945, 251
35003, 627
40835, 317
22511, 419
54595, 545
18767, 953
7000, 700
47813, 935
21271, 479
27225, 180
29358, 262
42658, 205
22664, 901
5488, 597
29482, 120
27649, 15
10234, 874
37198, 981
32518, 976
38393, 375
13761, 163
10064, 920
9255, 498
3041, 217
45196, 24
22187, 886
36819, 893
15765, 742
49670, 802
14808, 355
57102, 539
4030, 306
32922, 538
34857, 514
3485, 720
50780, 96
34974, 867
49941, 317
44899, 515
31648, 672
3205, 243
57214, 480
9072, 401
31283, 891
20914, 163
50561, 738
30679, 28
50153, 101
41022, 454
52124, 852
19254, 424
58427, 839
56200, 90
2461, 578
11706, 99
1712, 120
20417, 442
39024, 564
51449, 152
41229, 584
24753, 855
34448, 813
13948, 914
54508, 547
37826, 944
13053, 393
38263, 46
36851, 958
32623, 428
7572, 393
39693, 762
43622, 950
7991, 820
15568, 697
6493, 329
39896, 352
6270, 951
31259, 91
17542, 833
19320, 118
28732, 211
41366, 364
54339, 776
32612, 169
48881, 459
12323, 967
43551, 271
51561, 37
37126, 241
20468, 7
40781, 970
6979, 314
38237, 87
39370, 399
30042, 626
49332, 480
37743, 496
20084, 891
20059, 601
18518, 947
48816, 104
42824, 474
16953, 214
24564, 485
40610, 444
22662, 978
19878, 378
27229, 840
42698, 761
48441, 929
13000, 365
7108, 74
3156, 365
5652, 841
28200, 719
56970, 571
28722, 987
19404, 523
32091, 89
24068, 391
30829, 12
13061, 897
40656, 428
34389, 335
48616, 212
6263, 164
34978, 241
57005, 453
34116, 605
29610, 493
25595, 45
43851, 321
3090, 988
56695, 405
53991, 252
22452, 467
48372, 263
47493, 594
42947, 179
30846, 174
51480, 519
43845, 343
30669, 125
50314, 655
32445, 249
37889, 257
37491, 831
14069, 145
15418, 404
20366, 501
53841, 828
27184, 606
23903, 665
22227, 95
43452, 441
31624, 419
53745, 423
32106, 445
13699, 194
46772, 282
1030, 264
49787, 138
3050, 813
20833, 705
43047, 713
43486, 321
1210, 982
58447, 25
49148, 806
28755, 945
46766, 396
5522, 282
29438, 688
26893, 653
33244, 15
52956, 546
7365, 47
24758, 718
31372, 455
42421, 775
21897, 722
17863, 649
35606, 159
50570, 48
50828, 549
23597, 331
47224, 689
34113, 380
55472, 189
37323, 73
58918, 381
46466, 729
40135, 848
55680, 624
42104, 631
52129, 31
33658, 868
57924, 584
55962, 440
44925, 30
57703, 918
38020, 614
54240, 256
10352, 398
47583, 480
53698, 465
54966, 396
52175, 376
35837, 58
44892, 981
7599, 710
51901, 711
31611, 634
33932, 209
40298, 690
16956, 86
4214, 332
52125, 514
21142, 681
45791, 875
46640, 672
50484, 697
45121, 365
42545, 24
49695, 843
30395, 669
14926, 591
402, 604
21059, 51
21974, 109
41689, 594
52277, 288
34576, 89
22216, 576
43788, 551
52697, 864
5819, 796
35362, 941
53213, 561
59891, 717
27374, 960
43584, 988
52612, 329
16007, 512
52169, 115
10274, 771
23671, 750
23263, 971
56169, 329
36975, 417
9159, 491
54008, 928
50686, 569
24803, 193
53622, 639
30319, 874
1460, 119
44586, 646
14725, 17
2096, 504
40728, 346
30712, 836
11770, 550
16754, 345
12255, 193
808, 930
49899, 106
53172, 857
38980, 75
18461, 468
6413, 467
3040, 873
18242, 811
51324, 13
38599, 557
2602, 845
2719, 620
27646, 620
14128, 278
9902, 747
55017, 174
37154, 998
936, 225
47296, 871
9222, 800
35315, 992
22056, 156
5251, 920
53388, 659
13678, 791
47254, 333
36115, 980
50568, 315
21715, 723
50689, 403
30940, 159
47972, 686
30466, 961
20246, 575
6895, 601
40632, 245
11452, 723
713, 6
43402, 94
41127, 253
59320, 785
15122, 462
14615, 475
22532, 351
34382, 863
30571, 202
6014, 610
22164, 676
29422, 337
12524, 819
36128, 614
18780, 765
48416, 280
58050, 9
42139, 281
33489, 30
31667, 787
40273, 992
30058, 792
54541, 802
11389, 755
18274, 384
4011, 690
26720, 933
55954, 814
30961, 174
28548, 483
45484, 445
57755, 670
57912, 0
15159, 365
59335, 576
49513, 884
7818, 413
44621, 954
23298, 994
11882, 626
5212, 116
27669, 753
59735, 227
31411, 175
37291, 241
16778, 167
49423, 140
30766, 270
40313, 484
57701, 280
30328, 977
39131, 916
11725, 541
5435, 68
49627, 598
20092, 675
18813, 921
10628, 102
1655, 619
30663, 556
32886, 625
34795, 140
33237, 359
30051, 30
42010, 199
9625, 614
7521, 916
5509, 348
39592, 342
30641, 725
42192, 717
19701, 532
39623, 17
48704, 48
15682, 336
17275, 905
1956, 760
9239, 649
26510, 824
52606, 459
41253, 533
32764, 449
1301, 294
31922, 643
49796, 31
4413, 515
18720, 511
20311, 248
58, 636
5595, 771
25308, 341
14026, 909
43393, 741
22602, 374
33730, 359
7024, 816
19272, 553
17577, 237
15283, 527
55390, 72
37641, 952
34739, 17
48252, 964
13443, 755
33679, 361
31933, 106
43676, 157
50325, 44
48874, 470
35599, 218
840, 190
28199, 368
3155, 836
2356, 52
32496, 693
32970, 559
13308, 610
19040, 204
37842, 94
58139, 56
51413, 26
4439, 272
30089, 16
22683, 718
22209, 164
34242, 498
57074, 93
2822, 57
7464, 146
4025, 578
45975, 570
7423, 343
42075, 300
39786, 691
21544, 397
28335, 490
5551, 271
12119, 4
58916, 427
2842, 772
19291, 768
58244, 404
39445, 896
31022, 279
6632, 942
50566, 36
34543, 993
31578, 441
48683, 455
45006, 990
36897, 118
54425, 912
6826, 106
48084, 130
15081, 733
1226, 486
15180, 779
24542, 727
52751, 427
59056, 283
44314, 788
24025, 447
3488, 999
34036, 633
34908, 214
55568, 179
19504, 427
1863, 428
29894, 800
23953, 237
53492, 264
34136, 444
15403, 80
11122, 577
54361, 547
10054, 492
10836, 126
40758, 816
49534, 867
32076, 661
33715, 43
36792, 623
23002, 632
23439, 648
22421, 233
10983, 130
46337, 901
47080, 372
31817, 558
40094, 320
41957, 239
18295, 837
36318, 691
39496, 128
6528, 204
50515, 8
58352, 823
35559, 227
42676, 210
29626, 78
10251, 934
37277, 561
51401, 165
49073, 17
27584, 930
17728, 885
50692, 764
8815, 600
9140, 804
32541, 277
44823, 102
34924, 41
29982, 946
1918, 369
16866, 902
8151, 650
52363, 491
25876, 474
13657, 312
57069, 189
11771, 305
39513, 639
59535, 156
10258, 289
17294, 998
23933, 848
31710, 900
33533, 254
45270, 344
27651, 683
18634, 121
57609, 174
36519, 588
1248, 413
51403, 215
24049, 634
6592, 341
8826, 639
31537, 912
12673, 949
12941, 846
48101, 780
33562, 867
11786, 0
57426, 236
31659, 660
15801, 203
50011, 801
10169, 628
25488, 832
15427, 400
8311, 876
40657, 329
3593, 622
5856, 284
9221, 295
9411, 312
36421, 566
6365, 706
23122, 481
2877, 33
28847, 233
47400, 811
48697, 7
28506, 346
28920, 700
8483, 404
19864, 825
5964, 700
26642, 196
23576, 106
5968, 442
26921, 321
37371, 94
17493, 705
23115, 407
6381, 820
43768, 438
36567, 768
24099, 531
59565, 854
28029, 80
43072, 922
33515, 291
14093, 765
34862, 308
53032, 949
45111, 210
46222, 374
37141, 190
26967, 564
40969, 255
40478, 913
49310, 405
7484, 148
56408, 887
39234, 250
15458, 534
4573, 310
50960, 246
4411, 422
43938, 488
50400, 413
99, 473
41125, 171
11730, 994
54344, 751
21742, 991
36263, 426
45470, 284
41681, 104
55690, 32
5536, 250
11135, 101
19576, 274
23967, 686
43089, 311
1845, 50
4850, 754
26711, 468
53416, 384
14213, 829
45761, 61
15397, 263
3663, 627
17691, 299
46113, 751
12555, 885
11067, 745
53, 503
54659, 891
35244, 476
33505, 696
5481, 815
26960, 441
56209, 459
47879, 328
57509, 456
12971, 514
35263, 399
763, 556
59040, 350
14811, 466
41785, 253
29043, 891
38177, 656
49559, 237
7384, 699
21792, 968
48211, 567
45005, 783
53459, 998
30389, 209
22341, 64
32982, 900
19819, 588
56734, 326
16425, 856
43341, 246
55692, 357
20981, 471
15664, 133
19157, 217
16892, 484
27200, 64
58115, 784
39017, 752
20951, 372
36891, 594
47599, 933
13370, 151
29069, 408
42726, 8
59073, 362
22088, 62
49727, 696
36189, 718
34134, 301
44929, 177
35528, 891
39605, 29
18105, 621
48748, 604
7092, 281
47640, 649
45888, 687
49451, 159
45738, 492
27276, 725
39589, 854
59323, 216
46355, 420
51534, 470
10420, 424
30376, 476
37009, 156
20097, 106
29414, 109
29594, 447
52528, 408
23697, 763
2452, 286
32749, 138
9399, 979
40108, 942
22427, 153
54348, 641
34905, 884
3342, 402
23286, 7
50097, 102
29708, 684
45463, 92
28663, 612
18866, 797
4943, 293
35749, 431
27107, 692
9385, 242
37107, 837
23183, 363
55703, 913
32010, 783
14753, 479
53530, 244
7896, 846
55054, 971
10596, 507
50307, 699
15769, 79
38105, 55
50076, 851
55836, 27
13525, 647
50655, 863
53095, 196
17539, 751
21150, 599
29372, 169
23883, 571
10104, 278
8423, 952
21998, 606
22343, 950
6059, 581
49572, 982
15860, 423
33070, 297
42478, 952
16869, 813
55745, 723
46001, 669
32643, 552
28138, 223
3381, 759
26774, 958
18033, 227
8043, 811
59252, 645
59029, 677
49356, 18
3236, 822
15939, 643
50978, 942
4629, 987
41399, 819
45653, 293
36085, 273
23100, 191
15411, 738
56655, 832
15355, 592
31891, 348
28960, 311
26590, 192
12467, 154
55611, 951
43680, 541
14765, 763
22948, 314
53926, 67
27809, 457
30063, 764
31696, 160
28596, 696
14400, 820
37923, 495
22166, 42
5606, 255
44389, 203
56766, 502
52841, 519
29002, 333
15701, 300
2007, 761
24841, 481
8903, 962
24339, 345
3648, 783
229, 604
8114, 786
46060, 860
4420, 356
38728, 11
18913, 810
54651, 413
50461, 215
7273, 687
56238, 225
8583, 411
49222, 371
1894, 917
11983, 300
49134, 507
685, 904
30969, 667
10982, 967
22486, 836
15780, 563
42961, 471
49666, 623
55754, 380
11041, 983
36375, 220
12382, 151
19690, 57
52391, 442
50595, 552
17664, 674
37193, 712
52843, 795
34428, 979
8192, 621
8799, 888
10637, 420
7650, 446
51867, 263
40080, 111
30626, 614
27496, 854
35134, 722
26807, 552
47926, 289
508, 172
39139, 574
43306, 51
26201, 534
26500, 672
30916, 365
33808, 719
58209, 14
35572, 209
49389, 27
29966, 372
42764, 111
15090, 416
25737, 870
1319, 737
14156, 997
2781, 733
4642, 309
8595, 609
964, 174
21036, 573
56185, 612
27356, 849
50472, 981
48387, 269
3894, 297
42372, 676
23048, 500
29620, 825
4042, 60
31711, 27
52177, 36
26685, 700
13252, 274
50271, 914
38665, 425
50909, 518
15849, 192
30325, 16
47746, 917
17976, 39
47404, 628
33373, 214
3805, 502
44965, 337
25255, 858
24465, 821
59421, 156
53742, 891
50622, 188
912, 463
4716, 884
9316, 221
28693, 179
20652, 285
46962, 947
19695, 880
38051, 374
17533, 112
7673, 308
43054, 953
41540, 687
48561, 476
23015, 147
46020, 613
21972, 716
58259, 859
49476, 461
35992, 529
10168, 45
34379, 119
57137, 815
9682, 503
5912, 983
755, 619
27030, 938
43847, 666
25909, 579
37032, 840
35539, 462
47087, 915
15610, 826
1585, 381
12353, 467
33501, 146
57119, 364
24674, 904
49628, 239
44514, 962
22286, 149
44590, 366
38165, 117
52012, 454
14538, 346
59941, 376
14051, 107
14494, 311
2732, 881
40315, 862
52702, 908
7297, 93
53806, 822
11450, 460
49430, 4
51765, 901
35594, 583
40142, 31
20567, 790
44700, 208
14238, 60
9495, 690
6903, 671
47292, 716
29608, 200
38186, 203
23774, 643
47511, 963
14032, 449
44935, 452
19499, 526
48483, 224
59202, 213
46590, 121
52148, 589
17051, 461
25335, 819
45711, 778
58702, 947
42392, 219
58569, 683
10381, 101
32708, 145
12426, 316
3354, 512
19011, 370
5897, 263
14414, 84
34086, 378
25299, 108
18156, 809
26678, 899
48266, 364
58428, 372
56570, 287
10555, 495
25599, 160
7062, 977
14946, 187
994, 471
34085, 807
15084, 521
1932, 224
50257, 604
5053, 84
31228, 475
634, 560
47823, 766
49044, 446
52929, 573
7390, 909
26981, 784
2722, 966
19290, 494
12429, 873
54643, 162
7095, 344
11215, 226
40453, 380
18276, 134
15541, 723
18714, 179
5846, 595
16356, 119
56113, 378
32992, 197
359, 33
44120, 680
17339, 546
10955, 958
32841, 785
50256, 64
31459, 112
29073, 805
9321, 966
12579, 385
36042, 479
15607, 52
8143, 926
30895, 549
20536, 399
36920, 22
25572, 458
39524, 738
2162, 769
36196, 632
43274, 228
30273, 987
56107, 173
31426, 509
12760, 97
12637, 214
11238, 900
7181, 844
45161, 127
42339, 113
47017, 762
7486, 50
21685, 909
22327, 782
53631, 332
22620, 607
16143, 970
23353, 326
47275, 73
20623, 304
9324, 131
36169, 816
5361, 248
19756, 627
56378, 221
29703, 116
8162, 619
28065, 164
8818, 865
1707, 575
33746, 534
53358, 847
41988, 674
3933, 329
46611, 618
48827, 8
55272, 963
33463, 715
23043, 124
18039, 110
39348, 503
1874, 780
56198, 265
28570, 921
40934, 658
7176, 805
3671, 691
54768, 858
15945, 655
18737, 490
10368, 488
28855, 864
57723, 379
29958, 960
54754, 234
13783, 976
42398, 631
31117, 961
35722, 608
30915, 674
18677, 822
46246, 545
37682, 164
22434, 674
3921, 311
36276, 594
23935, 600
6683, 148
17702, 949
29452, 581
31013, 542
21928, 726
12951, 194
39903, 409
19360, 409
30565, 636
491, 717
11381, 245
19436, 725
10008, 850
37517, 606
21331, 653
606, 928
30527, 692
49812, 318
21821, 847
37284, 888
39975, 79
24876, 390
7314, 699
53000, 698
15709, 533
54620, 563
55476, 452
45811, 698
13662, 858
11988, 567
8505, 365
52368, 867
11937, 132
30585, 304
36409, 985
13208, 759
369, 907
14892, 262
15324, 476
3351, 807
34124, 864
30869, 61
43569, 948
35946, 469
25868, 665
47951, 967
23417, 97
16961, 790
32873, 46
20228, 308
9751, 852
24757, 912
40490, 333
58107, 646
59015, 867
21885, 255
14732, 828
9656, 278
7600, 592
21618, 635
40444, 346
40152, 302
57346, 90
41423, 936
13065, 533
44293, 290
27434, 181
38995, 254
7984, 815
9896, 675
14024, 786
41658, 842
44013, 581
36717, 150
54178, 721
21769, 358
53667, 387
37941, 996
51500, 231
31947, 504
948, 551
56595, 717
25024, 315
30024, 883
39236, 927
50886, 662
1638, 866
54193, 208
30810, 957
50569, 430
34644, 79
3076, 670
28780, 562
37003, 437
9427, 403
52707, 683
57300, 762
19715, 856
58256, 920
27422, 230
5813, 816
28793, 724
18158, 124
20865, 724
8187, 133
34057, 188
56399, 661
45807, 819
26778, 510
54683, 66
3465, 852
59440, 67
1459, 139
7145, 132
14102, 393
49104, 102
50602, 933
12956, 814
49456, 277
13942, 785
46147, 419
8850, 702
19841, 521
59714, 635
19273, 869
22943, 269
31524, 60
22972, 487
46434, 806
49934, 225
12892, 705
11870, 295
13107, 483
40462, 606
45103, 873
24354, 699
23687, 177
39618, 336
11019, 886
56104, 882
12801, 796
6006, 668
33901, 207
28014, 302
14260, 114
8180, 419
59516, 737
49688, 746
33428, 425
5177, 592
10895, 812
5815, 512
21417, 820
52677, 788
31566, 283
14268, 823
48080, 366
22217, 744
5907, 212
34638, 557
9667, 223
10389, 639
53694, 332
17052, 512
34410, 391
56569, 371
16392, 804
51257, 838
1987, 470
11578, 292
29581, 803
12835, 572
36173, 418
48079, 667
14297, 877
1325, 537
55305, 559
869, 394
24400, 18
58206, 711
4006, 685
25282, 339
55563, 97
35955, 478
504, 543
50540, 865
10641, 549
50656, 193
1849, 362
27312, 652
25420, 928
18369, 397
7470, 210
15067, 20
35589, 147
11149, 85
49551, 263
36420, 183
37122, 139
45078, 514
4516, 612
26686, 976
7335, 841
33701, 314
29038, 23
39185, 783
2238, 890
53321, 456
54174, 454
46094, 886
8020, 465
22830, 564
5456, 199
45017, 41
47598, 626
50646, 339
9933, 136
58462, 591
5195, 464
58728, 901
26768, 839
24806, 638
32001, 400
2001, 79
19376, 474
1080, 839
52108, 727
43808, 678
16825, 350
30591, 56
52692, 697
36639, 133
54744, 244
52487, 51
42905, 659
10034, 198
28147, 256
19048, 113
33494, 136
8159, 514
28016, 826
29162, 207
18188, 531
11478, 65
555, 663
15628, 535
41217, 336
48073, 44
39487, 663
41982, 639
10742, 523
15039, 501
21670, 783
24874, 254
24218, 10
3616, 972
19024, 624
18378, 778
39347, 197
27263, 884
33056, 318
32941, 178
39007, 214
40373, 663
56511, 911
22180, 933
18360, 262
34445, 776
39823, 913
45382, 872
12337, 426
3422, 994
5505, 804
2086, 946
16798, 752
49224, 378
34037, 242
59292, 770
53174, 30
18104, 582
2871, 554
57444, 898
17200, 182
11187, 748
57522, 119
29685, 374
11564, 999
40794, 6
59385, 310
28031, 272
45325, 181
25467, 229
18834, 305
13352, 527
2843, 823
5371, 166
15066, 932
52599, 513
57710, 619
53218, 264
34764, 51
14291, 120
44595, 224
49679, 948
9664, 357
44319, 378
24150, 629
18083, 125
13816, 308
21502, 342
27128, 164
35413, 765
59114, 80
32202, 533
2956, 453
12396, 588
16797, 249
39974, 514
38956, 526
36199, 885
14544, 556
19125, 500
8999, 116
56499, 376
26659, 918
44331, 257
27835, 833
36251, 209
18430, 261
17964, 171
17700, 251
26381, 548
17509, 144
3185, 566
36531, 123
15085, 520
11829, 765
32690, 322
4692, 479
23513, 804
24597, 177
40587, 434
59226, 852
8710, 706
31664, 353
54055, 664
49990, 102
39073, 371
5874, 512
36860, 43
43747, 879
1688, 400
53688, 691
14432, 860
19462, 671
35970, 241
386, 707
43928, 370
14667, 157
16024, 923
47538, 902
7303, 563
51898, 703
4801, 973
36012, 667
3229, 768
34696, 635
14276, 155
57547, 674
38121, 286
31706, 379
26122, 162
6107, 163
2662, 869
15993, 592
57268, 82
9030, 790
43652, 420
52867, 923
11705, 379
53565, 985
17431, 237
9827, 264
31814, 647
55956, 149
47973, 25
20939, 64
41407, 85
41503, 961
28631, 720
5901, 625
18339, 528
31887, 220
21791, 557
16153, 11
54913, 284
20675, 298
54047, 926
40912, 130
36026, 329
32781, 307
36571, 581
40127, 898
30495, 88
29881, 261
17962, 792
7299, 545
48352, 604
48585, 915
39193, 682
37106, 257
49914, 351
33391, 685
14621, 429
59459, 545
86, 15
49204, 676
49857, 890
46168, 274
58909, 422
12041, 907
48953, 67
10121, 456
33149, 753
53620, 631
35706, 511
40030, 770
24314, 158
3006, 396
54087, 298
16764, 698
14259, 84
25866, 459
55283, 208
36935, 687
39653, 401
20673, 669
22939, 790
57411, 259
1856, 809
27759, 91
41414, 808
42846, 678
36621, 433
15777, 105
39002, 861
6226, 443
27415, 461
6587, 118
4513, 356
15776, 567
43308, 167
14832, 980
9179, 498
56453, 57
45944, 889
50768, 445
20270, 791
28983, 854
10672, 735
14155, 319
39246, 316
39135, 756
3984, 25
28378, 31
34067, 181
28974, 892
3352, 112
4627, 589
48752, 236
3180, 202
18070, 5
32347, 520
4241, 171
18515, 840
46033, 961
5642, 678
43189, 623
29901, 132
35651, 708
28242, 694
53626, 811
54984, 966
25718, 905
55704, 88
22418, 1
1132, 696
4491, 582
25778, 755
47281, 509
8173, 370
32744, 287
33769, 103
53304, 528
48801, 642
54765, 53
41694, 232
39837, 525
19435, 149
24977, 641
1086, 634
29533, 683
29573, 705
41515, 859
8785, 714
45007, 834
12789, 95
28088, 676
37092, 571
31343, 454
17717, 381
46819, 839
32131, 134
47304, 123
33718, 783
44296, 411
19030, 611
18536, 627
17628, 27
17985, 723
20973, 756
36740, 734
51517, 980
13778, 287
27790, 786
41925, 63
52090, 880
6844, 372
23675, 907
5396, 217
43908, 180
13396, 860
47313, 418
15193, 262
7018, 280
53410, 538
5930, 551
27879, 926
54669, 882
45290, 779
36712, 160
22982, 144
55056, 144
41888, 439
10539, 70
42992, 911
26950, 353
50862, 131
19784, 868
18719, 125
11756, 895
30517, 27
43426, 748
20842, 338
12304, 629
57252, 664
58380, 816
16514, 435
40709, 590
24696, 10
18799, 412
59001, 777
20464, 200
48867, 578
44232, 233
50023, 754
24896, 570
37549, 42
45890, 223
20293, 3
48240, 126
19529, 402
36015, 765
13331, 926
19166, 766
57817, 454
41066, 177
38607, 536
31592, 504
8502, 707
3734, 651
14829, 39
30764, 2
25919, 510
13382, 75
36192, 619
58819, 493
27451, 488
54462, 644
37601, 534
13602, 813
20777, 33
25580, 269
32331, 147
19134, 914
8603, 739
2737, 371
28252, 524
14565, 870
19494, 933
3133, 23
46160, 901
30990, 47
31043, 813
4729, 171
31379, 614
32317, 982
23900, 330
34060, 499
26901, 110
51754, 881
20027, 442
12907, 959
23787, 555
47021, 236
46336, 278
26793, 453
37763, 414
29223, 301
39262, 756
11208, 398
34663, 101
20255, 242
24615, 538
26624, 782
3747, 344
4028, 377
57312, 12
59883, 539
39873, 581
40072, 865
13086, 804
9039, 84
43326, 930
16039, 148
28358, 271
37512, 642
30756, 876
31202, 918
33973, 346
20600, 125
57021, 491
44074, 623
21529, 107
9165, 1000
32934, 240
31935, 613
37785, 945
33845, 696
35160, 779
36739, 68
24851, 193
34283, 207
5217, 523
22191, 230
58161, 980
57131, 354
39476, 802
13303, 342
3868, 469
6305, 443
34651, 783
25141, 427
56930, 80
11140, 849
37353, 418
57756, 163
31065, 909
56349, 644
381, 20
24827, 619
16495, 342
31737, 777
40873, 490
25471, 157
26436, 339
200, 448
6029, 775
41270, 800
2828, 951
27569, 402
54376, 782
39939, 305
37952, 661
47969, 143
3707, 504
181, 723
19753, 319
20821, 231
48967, 502
20157, 379
10452, 640
47562, 730
53326, 104
38297, 23
21109, 955
58557, 127
14308, 645
57012, 643
20011, 844
22812, 323
31545, 210
53408, 522
29777, 927
58995, 487
42482, 195
22250, 933
18915, 504
24636, 925
32845, 691
47428, 857
32823, 770
32836, 539
56957, 444
22988, 543
21199, 951
9646, 953
27711, 926
20118, 382
19860, 608
1361, 762
30303, 641
41645, 82
40433, 458
32652, 255
40197, 164
58407, 42
31174, 447
48353, 41
21827, 168
27854, 630
5172, 71
40703, 88
19604, 986
7364, 720
38100, 331
40029, 125
49442, 442
30053, 157
53720, 632
14001, 785
43683, 900
52539, 235
2222, 970
19035, 911
18208, 593
35346, 132
24264, 51
38106, 651
56120, 989
20711, 995
43628, 936
35112, 74
21065, 161
9218, 274
56902, 789
28249, 346
28549, 166
15424, 526
34635, 142
35163, 551
55371, 761
6275, 457
44904, 45
8905, 294
11091, 737
44138, 430
28936, 763
372, 404
2992, 548
59584, 326
18076, 685
484, 326
50688, 426
26485, 571
1950, 152
8017, 160
15855, 479
25514, 386
11175, 882
51610, 928
53600, 538
36095, 474
50033, 685
12784, 196
3343, 491
26758, 122
50215, 426
34824, 801
41106, 693
57179, 909
20062, 925
11935, 985
35424, 209
21996, 743
54408, 884
1097, 704
23917, 764
19993, 525
34199, 521
13653, 341
1791, 48
39889, 959
50818, 557
19195, 319
4566, 148
44230, 624
59074, 217
31877, 509
57566, 629
53403, 171
59333, 26
56207, 948
1333, 4
885, 654
48817, 71
27993, 199
12086, 68
27795, 761
45055, 626
18886, 95
29804, 709
53425, 543
8806, 710
55753, 451
18646, 783
2618, 601
14082, 168
12378, 880
52288, 157
7319, 799
45627, 735
36343, 592
39162, 19
54130, 331
17735, 71
39191, 738
28633, 850
46657, 282
25373, 363
36448, 749
441, 584
10599, 642
52703, 3
4283, 344
1566, 992
55155, 21
20362, 342
59815, 525
59387, 815
33882, 609
56398, 782
39611, 705
32007, 761
18633, 645
51209, 243
39393, 958
27627, 497
38113, 432
34719, 352
13781, 529
56329, 711
54280, 170
1447, 36
21741, 118
56509, 227
7270, 537
9016, 454
21539, 31
4160, 637
40602, 617
46979, 618
50459, 776
28050, 570
15161, 709
10280, 524
1575, 428
9260, 160
42056, 192
25772, 573
14347, 657
27726, 132
34872, 111
35490, 481
51614, 785
28992, 42
14037, 349
5115, 305
56791, 27
39184, 850
37788, 658
44361, 140
56628, 832
14405, 540
56480, 478
15492, 149
24486, 723
33798, 714
16862, 369
56429, 922
3360, 323
55172, 260
5363, 91
5265, 40
58028, 328
52400, 357
21578, 43
56708, 967
56043, 514
40397, 816
16375, 435
30215, 345
32208, 715
28586, 439
46997, 263
40277, 243
14978, 959
59277, 125
48333, 180
37633, 767
12832, 344
46661, 87
30261, 728
16422, 585
39397, 703
7330, 610
6271, 422
5016, 99
14233, 782
47993, 268
55484, 970
35937, 561
40573, 476
18189, 850
27581, 294
8157, 523
27715, 716
36498, 196
50765, 868
38069, 641
7850, 856
3094, 907
17723, 941
47401, 596
56596, 599
15487, 631
5128, 555
51872, 520
9527, 325
17515, 905
1289, 585
53788, 270
53093, 109
4272, 203
25747, 374
4757, 254
40580, 267
38859, 530
7877, 889
52128, 679
53850, 776
58550, 897
48660, 969
35745, 921
54952, 85
26799, 590
25238, 733
56994, 986
44080, 353
3513, 294
23382, 899
12807, 53
33300, 650
58053, 438
25121, 759
33702, 562
5180, 104
11200, 89
58379, 499
58969, 957
57420, 187
51492, 916
31249, 869
29214, 754
24633, 423
30404, 938
19924, 826
7641, 326
20163, 59
26931, 289
28800, 889
39731, 39
33009, 760
2206, 355
17847, 761
38774, 952
6349, 899
9305, 372
47170, 306
8065, 652
51878, 700
25169, 660
27613, 405
41386, 581
8586, 94
48262, 589
8738, 391
2745, 250
54563, 811
59119, 207
26071, 630
49039, 601
3744, 790
50258, 77
27555, 524
27310, 252
33993, 163
10546, 984
30996, 597
43932, 437
12628, 881
53005, 726
31755, 617
33200, 99
32016, 628
55989, 408
43585, 23
16772, 328
24377, 190
16817, 139
35457, 835
50827, 571
1593, 849
14766, 994
56585, 678
48716, 121
26672, 64
21096, 122
17665, 670
36332, 759
20171, 663
57398, 594
32706, 35
22174, 168
42828, 381
20946, 420
53680, 903
22264, 567
46045, 577
49065, 841
22788, 492
40850, 155
6074, 739
49347, 795
21970, 602
15194, 610
33455, 378
43785, 40
4451, 724
743, 863
53809, 384
16782, 217
49483, 734
40138, 827
39962, 938
17126, 6
12980, 237
36978, 178
5157, 171
49850, 183
46578, 140
42400, 220
47492, 445
47031, 874
34381, 33
754, 362
57636, 620
20307, 297
13356, 808
20400, 329
22696, 753
21430, 961
27259, 336
21054, 981
41995, 54
43762, 300
48305, 349
48795, 85
37660, 789
7502, 513
39794, 323
36925, 564
37121, 905
29193, 44
58297, 132
25720, 332
5676, 739
43024, 157
31161, 687
48378, 452
49893, 969
58849, 766
38941, 946
37735, 332
38608, 254
4594, 149
34971, 758
16563, 759
6414, 902
44953, 499
8964, 638
27209, 202
32808, 86
25902, 279
30256, 185
6465, 344
24115, 780
32204, 956
20160, 433
16610, 138
43803, 65
32320, 775
46846, 834
59770, 369
59188, 383
10379, 707
40095, 493
14296, 32
31574, 331
23920, 387
53995, 858
31662, 368
49209, 217
27192, 773
20633, 150
51491, 88
55632, 553
23835, 274
37476, 571
28394, 395
34259, 358
42903, 875
2465, 976
28766, 679
5404, 343
3865, 744
51531, 176
1648, 77
24812, 11
1457, 59
26183, 406
5279, 677
846, 401
12535, 50
59452, 764
20955, 151
11080, 393
12407, 136
46636, 991
31469, 173
57982, 106
274, 648
30254, 397
39908, 961
24804, 412
21732, 162
31498, 735
47499, 783
42191, 850
19301, 583
54562, 651
53339, 240
15775, 269
15735, 178
5111, 531
14, 286
36166, 597
16617, 784
57327, 674
34643, 473
59925, 115
39198, 289
26879, 151
18237, 644
9610, 884
44598, 314
39087, 434
30110, 709
52906, 980
41262, 854
40543, 398
31153, 90
52819, 825
19711, 847
44977, 919
8201, 987
35867, 257
9950, 69
56874, 546
1829, 272
11745, 21
59653, 686
28241, 939
5000, 398
24515, 180
23041, 753
15399, 668
28352, 849
39851, 28
46972, 841
49895, 596
15082, 756
55550, 870
51034, 440
5565, 738
14278, 282
35707, 444
53702, 21
56834, 135
28994, 511
7656, 924
55988, 552
16407, 408
53075, 363
57164, 347
23446, 431
34748, 381
2692, 871
14784, 870
19346, 210
45817, 611
46219, 979
6172, 520
28946, 885
44267, 864
38479, 965
22646, 845
47357, 849
54758, 407
57222, 284
38667, 125
1386, 573
27100, 885
51184, 550
47475, 786
40339, 418
51079, 627
39948, 190
10549, 54
14317, 375
54708, 234
23098, 220
6556, 419
44161, 510
18491, 367
13562, 456
19783, 319
38043, 802
33551, 442
58846, 234
39346, 158
16485, 419
19657, 555
47756, 620
14854, 901
37234, 754
50973, 676
49665, 169
24176, 425
19578, 773
59924, 158
20098, 280
58520, 745
12917, 388
24259, 975
9025, 942
13747, 586
50976, 247
55401, 666
58448, 207
7405, 795
59912, 796
39200, 597
31425, 166
45000, 396
41201, 857
21030, 749
18093, 807
29494, 15
13029, 371
36456, 577
23685, 363
36227, 655
39315, 173
38301, 454
59329, 951
55412, 28
47772, 618
37814, 381
57341, 442
14426, 353
9452, 269
40744, 724
47004, 88
10747, 54
57892, 441
53823, 116
42736, 684
13007, 195
21984, 329
20755, 363
3233, 266
58130, 110
23137, 245
59003, 107
29781, 876
53804, 257
43661, 894
53309, 213
33857, 479
44218, 24
35507, 33
13506, 285
39759, 210
12392, 682
40180, 800
13063, 244
35784, 816
16062, 608
22261, 754
53999, 745
50712, 141
40640, 2
31116, 877
31873, 88
35241, 522
51969, 323
9272, 630
54080, 792
23571, 194
33299, 14
14521, 183
41840, 612
14418, 597
49486, 492
3148, 373
7587, 675
11497, 274
37884, 344
5503, 717
19727, 12
34554, 39
37477, 35
40213, 433
57170, 88
12371, 190
7684, 979
2286, 478
37759, 310
14837, 831
25069, 182
33356, 980
1239, 86
51563, 556
53517, 686
33131, 568
7920, 836
50320, 695
37457, 662
31864, 341
2484, 298
39580, 352
49891, 648
32323, 911
26494, 496
15811, 729
59686, 7
55440, 843
11038, 497
21274, 14
9338, 739
821, 121
7452, 854
1530, 616
7166, 578
13330, 693
12870, 0
52538, 117
9828, 488
29862, 28
52912, 635
53485, 174
50138, 400
34579, 331
55217, 951
13654, 642
48418, 720
50700, 640
15241, 733
43665, 752
4630, 490
30618, 970
32491, 161
3171, 439
56386, 907
21632, 789
50977, 691
52787, 755
16119, 620
16642, 593
40948, 264
19289, 887
28330, 932
47666, 432
11466, 300
35056, 433
7008, 225
4636, 215
12783, 590
45669, 738
6415, 891
17557, 389
28973, 855
47535, 119
58828, 481
26236, 326
26323, 966
17451, 551
25647, 98
10802, 31
29969, 937
34692, 199
25970, 597
23887, 863
41529, 460
58982, 666
55294, 76
27376, 415
19957, 794
14518, 67
46989, 73
21561, 987
36515, 748
38409, 610
21556, 418
8345, 410
17517, 102
17902, 217
29938, 187
5896, 89
10541, 711
50683, 258
41297, 808
16371, 347
26971, 793
28397, 176
38324, 222
44521, 496
44703, 725
48404, 101
12096, 20
15589, 270
20303, 261
54668, 46
51868, 78
14855, 382
28837, 297
57277, 705
32308, 117
26386, 767
40711, 795
19088, 92
18700, 952
17035, 191
9226, 420
25204, 630
46101, 162
36948, 405
12059, 873
48162, 525
45706, 245
38769, 684
42393, 183
8493, 23
8949, 600
26601, 69
44757, 867
57352, 950
44180, 260
28616, 118
17063, 902
51409, 43
31609, 686
45911, 789
16092, 380
29513, 864
263, 874
31986, 165
30970, 533
54338, 366
15101, 992
57304, 936
6885, 864
1076, 611
52495, 471
26277, 596
314, 834
23700, 265
19278, 541
40549, 142
33508, 142
7001, 473
25040, 491
23535, 110
7380, 172
38562, 102
32587, 302
35776, 837
6070, 946
55450, 608
5892, 332
33530, 159
1689, 135
14324, 587
7375, 710
46817, 344
21376, 153
55223, 318
5763, 21
21813, 273
13639, 579
30282, 182
32921, 603
41255, 657
22520, 36
3372, 913
58355, 629
27084, 67
44548, 772
58269, 558
53331, 935
34940, 200
31356, 568
48175, 482
3165, 651
38439, 702
26881, 73
8471, 964
12501, 687
20060, 47
57176, 22
22900, 87
35575, 489
44800, 656
11219, 146
56670, 812
41668, 706
17546, 334
8352, 94
1961, 315
56170, 875
31726, 837
55419, 813
24556, 562
28235, 327
21835, 989
57278, 2
41903, 112
25492, 791
42456, 223
12480, 833
36270, 688
49213, 928
25448, 536
4959, 256
57057, 0
56369, 228
42839, 66
35618, 39
11521, 746
9505, 469
39658, 211
3418, 219
58854, 418
514, 147
25117, 332
54738, 618
38036, 792
44913, 966
47321, 539
42006, 845
3382, 115
47677, 416
26257, 148
39318, 221
35150, 902
31215, 482
9245, 898
21651, 842
6865, 360
31437, 632
48607, 692
6205, 375
15361, 825
56540, 312
20435, 221
33118, 913
25525, 45
26115, 98
17258, 501
23262, 304
5099, 45
54262, 97
41483, 956
59211, 838
47128, 930
18468, 770
2953, 927
43919, 317
29741, 470
23434, 782
16763, 587
23588, 700
52431, 282
44086, 144
29986, 303
50821, 228
29469, 999
14487, 122
32327, 197
47447, 552
49737, 900
54439, 462
2460, 53
44196, 250
25296, 747
55473, 558
26253, 442
1891, 893
46110, 724
54447, 239
47520, 844
24899, 332
21902, 862
8940, 701
8058, 550
52081, 575
2431, 454
52083, 451
29782, 924
57039, 238
37589, 517
49459, 860
48623, 960
44756, 345
52145, 145
988, 459
58276, 617
44264, 338
40931, 317
48331, 242
56713, 822
27526, 527
910, 742
43005, 103
638, 168
49086, 861
32855, 956
4935, 400
8256, 767
4312, 743
43866, 648
50857, 675
3141, 414
34753, 609
16865, 920
5112, 143
46139, 853
6543, 252
35390, 447
48736, 334
13165, 761
48203, 665
55764, 267
48668, 906
46106, 779
44556, 388
10252, 129
40498, 802
14534, 151
57331, 813
8447, 518
10353, 45
43178, 816
2788, 546
10944, 462
38623, 544
38138, 375
58564, 634
39172, 621
56140, 516
20563, 610
59234, 866
30393, 259
1852, 530
40604, 752
45568, 174
58105, 815
21099, 497
1739, 97
52010, 610
50964, 398
35730, 663
1983, 682
45930, 167
23814, 723
43780, 303
55290, 549
16685, 295
38505, 691
28873, 984
22635, 450
12963, 938
49232, 193
48517, 472
13234, 339
10962, 46
38923, 465
17968, 552
38563, 498
20551, 18
46738, 371
31082, 260
25666, 504
56031, 321
36319, 296
11262, 773
13072, 408
25877, 560
23180, 604
12115, 37
21774, 372
16876, 45
58332, 567
44659, 256
52367, 618
22954, 73
11923, 81
24491, 437
52380, 830
38305, 985
48099, 851
33068, 125
54108, 807
12394, 493
34248, 865
51463, 136
26156, 198
51536, 855
2149, 658
13305, 997
58551, 372
40367, 488
40203, 443
22687, 253
54467, 625
9900, 826
19438, 61
17467, 206
8514, 943
49485, 587
25801, 276
47367, 516
6062, 670
8610, 817
11642, 569
54077, 302
13016, 515
30747, 735
37861, 208
19298, 634
53129, 619
37950, 233
23796, 193
14167, 717
40382, 523
27665, 340
4427, 721
18266, 658
45847, 784
59127, 719
35096, 571
57567, 325
52326, 50
5661, 272
32600, 328
56843, 529
46975, 733
4790, 750
13048, 157
18092, 212
44234, 609
52325, 98
27343, 485
9718, 357
32844, 306
2263, 365
11510, 526
11796, 33
25773, 62
30134, 528
54114, 162
27199, 899
53086, 234
15989, 476
58924, 338
43000, 27
51806, 857
48551, 568
563, 147
11932, 329
43322, 601
51635, 246
36326, 711
59274, 616
30511, 597
45126, 891
17202, 921
2414, 119
5090, 235
53726, 854
27386, 218
162, 7
53830, 198
23874, 224
6485, 345
15249, 991
48389, 243
15634, 524
13894, 915
20625, 788
37155, 700
39725, 112
32757, 405
49885, 499
684, 376
19774, 801
1487, 466
58294, 962
31931, 341
1423, 555
28073, 194
55258, 919
39901, 63
10201, 231
44450, 469
18053, 462
32611, 561
46794, 884
871, 779
20684, 737
47857, 121
18168, 25
5998, 973
38000, 652
24561, 720
23890, 324
31977, 109
52520, 784
14041, 290
1157, 519
57232, 721
10474, 739
3223, 82
57653, 176
25742, 124
1208, 384
35051, 120
27922, 688
16254, 58
46743, 995
13916, 728
29508, 702
53660, 108
18212, 398
32831, 908
29633, 592
21577, 478
33187, 358
22593, 971
38130, 553
32834, 393
21905, 830
17421, 292
36640, 601
44011, 448
54334, 41
39546, 932
4753, 577
15163, 224
6409, 580
30394, 165
59379, 962
44252, 753
28809, 903
51804, 616
2660, 631
39846, 643
32002, 235
28845, 661
38838, 272
34515, 422
55497, 444
4842, 43
24408, 696
42598, 539
38805, 211
50621, 249
21000, 904
23142, 464
10110, 576
18554, 133
11467, 748
4073, 716
6709, 786
37384, 969
47164, 779
56892, 175
58205, 648
38579, 338
30386, 915
11218, 333
51486, 161
33866, 380
39854, 654
55036, 387
56945, 869
5717, 979
1627, 740
49658, 745
13826, 415
14159, 775
7805, 78
50262, 902
21102, 938
13440, 6
56731, 454
17955, 593
52660, 11
55872, 846
54215, 396
3475, 185
11699, 286
31768, 309
24695, 80
40956, 834
5665, 468
19070, 280
7289, 146
3640, 573
4960, 46
26453, 191
12052, 298
51521, 482
19629, 783
8551, 884
41219, 253
20138, 296
16570, 66
14895, 806
2931, 461
43281, 617
26243, 754
8947, 151
41296, 288
43315, 138
45210, 733
20709, 873
30801, 712
3943, 313
259, 656
25689, 41
23214, 689
52247, 965
14746, 175
48559, 33
6878, 920
28301, 560
39294, 208
5060, 942
4218, 478
52986, 34
29774, 387
13419, 960
28467, 706
14573, 175
3871, 170
28428, 210
17589, 78
26224, 187
41807, 497
11989, 741
3458, 101
22890, 640
6691, 86
37244, 326
10013, 472
26850, 335
38589, 872
55207, 118
2198, 226
9612, 609
51146, 474
4718, 298
51261, 57
59428, 688
14650, 828
1275, 533
12626, 185
18087, 846
49393, 15
29834, 49
11662, 673
7468, 312
29356, 659
31533, 125
25183, 409
41763, 585
30865, 993
46323, 8
56717, 98
14481, 597
16223, 799
46828, 912
41057, 933
52459, 862
5344, 393
37025, 689
52014, 122
41468, 527
58763, 290
31651, 701
21600, 512
10824, 914
31572, 473
37271, 718
26980, 906
29076, 11
13033, 873
29147, 101
50296, 558
17685, 100
6951, 638
39385, 76
22614, 755
15878, 190
5189, 160
23445, 654
11264, 168
12793, 814
10329, 389
19588, 308
44195, 940
21202, 358
5879, 122
11224, 931
7029, 513
27612, 792
21145, 656
30861, 534
37440, 591
45990, 251
15202, 709
15053, 121
25209, 844
8416, 265
51234, 190
51275, 256
7982, 817
47971, 948
40707, 308
43931, 194
36238, 475
50199, 136
18126, 27
44184, 83
20225, 199
4457, 754
40175, 824
37917, 519
32987, 33
23430, 367
37671, 972
17733, 254
48298, 355
29293, 604
35474, 252
9046, 683
22450, 953
42788, 339
40625, 799
28234, 480
2993, 681
39307, 401
24531, 949
44051, 566
33018, 782
24134, 164
1032, 782
53328, 245
53369, 241
30732, 14
44202, 442
31848, 72
16880, 661
41339, 491
19900, 609
38213, 38
14715, 606
18661, 913
58414, 891
50854, 915
26260, 344
56884, 474
10056, 28
33351, 838
34999, 282
33401, 295
812, 815
55141, 275
36148, 857
5528, 610
47907, 481
17983, 788
8054, 526
4317, 643
31650, 935
42842, 236
53078, 441
25077, 775
59355, 199
48985, 870
55886, 810
57187, 85
40223, 687
39700, 213
8588, 393
23934, 310
36150, 13
33556, 498
38114, 437
51247, 615
8212, 443
37715, 48
34391, 458
35921, 767
11768, 850
35449, 700
8734, 518
28117, 163
43111, 743
35471, 293
18502, 116
3552, 111
4206, 307
47495, 836
50958, 974
3955, 939
21333, 169
36813, 77
30956, 164
15638, 725
38094, 805
46998, 162
37290, 280
43474, 277
40642, 762
25023, 845
3297, 915
40999, 257
11617, 550
53537, 394
19836, 132
13414, 370
13455, 399
19141, 342
56555, 968
51529, 70
294, 403
10841, 328
25014, 517
48597, 502
45174, 810
44401, 337
20559, 383
9811, 77
57146, 86
56756, 849
50728, 734
25226, 610
45503, 462
54090, 519
53447, 846
35830, 778
7215, 434
23616, 598
17779, 803
36524, 327
42133, 493
22032, 408
45894, 549
14434, 340
28170, 528
30818, 778
9373, 936
47611, 721
58988, 990
40716, 233
3831, 806
17416, 881
58305, 390
35984, 325
19324, 652
53533, 696
49522, 893
33229, 488
50179, 595
52523, 612
8377, 97
5845, 964
9180, 170
48031, 216
44109, 521
48, 475
12766, 874
26251, 892
34063, 395
6771, 173
36998, 711
7506, 210
6894, 811
46315, 625
3327, 583
30298, 555
47807, 199
373, 546
57468, 68
49335, 568
29275, 78
14706, 903
2853, 611
34914, 622
13631, 458
40187, 675
24629, 688
38777, 373
16476, 708
5441, 577
39040, 447
42619, 811
50434, 564
33419, 372
3154, 39
50363, 411
58766, 570
59246, 397
36336, 456
6488, 486
26294, 935
21728, 327
20381, 934
22379, 263
7768, 952
17231, 433
2625, 652
28848, 565
30508, 288
5332, 507
38107, 613
26373, 52
58869, 572
21062, 752
23440, 834
17792, 648
7715, 722
14848, 210
6281, 780
49807, 782
30667, 16
24105, 178
44004, 188
7840, 904
36916, 710
27828, 175
11718, 15
10403, 882
57158, 466
42823, 429
34039, 289
2611, 853
5858, 775
6240, 82
9012, 587
38629, 590
43167, 996
23308, 47
22482, 88
55645, 435
44907, 723
30336, 792
32429, 307
243, 673
13018, 484
13118, 192
1591, 214
45195, 247
16014, 772
52864, 409
45393, 207
830, 676
9349, 478
28034, 352
54001, 562
21883, 585
5633, 436
49656, 588
19449, 165
31319, 409
40291, 641
9911, 458
4325, 98
29521, 9
34226, 105
16963, 312
55783, 440
9377, 385
25309, 859
41660, 370
6004, 44
32860, 957
22161, 906
17358, 436
16484, 547
24101, 433
16001, 930
7987, 386
2844, 458
24075, 903
41481, 872
50775, 334
8121, 966
18233, 370
40528, 267
46601, 640
18216, 863
4261, 684
41390, 852
15216, 943
15182, 680
44792, 277
13397, 100
51287, 916
59532, 626
43123, 638
27480, 62
24228, 798
34822, 125
13415, 352
20518, 296
52429, 583
29138, 694
3779, 55
54678, 652
35358, 65
38246, 584
41779, 694
44859, 68
6470, 444
48995, 351
29410, 496
17300, 290
6780, 692
22285, 117
49955, 11
32136, 457
36487, 595
6374, 613
17670, 753
55110, 799
5401, 418
51816, 937
58227, 600
33432, 691
50838, 655
39914, 908
20474, 355
32358, 249
57000, 173
50292, 458
27321, 285
36675, 906
11007, 611
36868, 968
33782, 855
39783, 569
11181, 416
49745, 125
51332, 583
42054, 432
12058, 286
33488, 437
18623, 109
6759, 971
32349, 777
33362, 439
22328, 779
8288, 166
54345, 252
48184, 154
31280, 14
28419, 65
43064, 576
35035, 438
58329, 51
1660, 359
28956, 809
10588, 998
20610, 439
16691, 480
29826, 920
34292, 381
27173, 275
44952, 856
2191, 865
4800, 821
54464, 674
13271, 151
22239, 136
24581, 1000
51217, 796
56728, 859
51860, 255
32402, 755
23765, 488
55464, 592
586, 789
39486, 567
8916, 412
29123, 880
36803, 397
6429, 321
35632, 91
12761, 908
57578, 355
15443, 76
41401, 609
43712, 365
23507, 518
9605, 710
30302, 368
39094, 37
2860, 900
39295, 757
31704, 716
44108, 420
51890, 501
37149, 233
10675, 232
32473, 626
28494, 193
35416, 692
41049, 588
16664, 556
34130, 500
49605, 894
23169, 840
8218, 779
32380, 251
24888, 59
35373, 956
33296, 129
7827, 558
48595, 764
29859, 329
11700, 792
30262, 548
7916, 666
37454, 281
38344, 72
59931, 144
52194, 883
6849, 549
46933, 147
8346, 355
6171, 307
23398, 31
2141, 182
36221, 629
5467, 733
25561, 711
43656, 960
55479, 937
54275, 815
36929, 251
26484, 41
31822, 592
6752, 468
47838, 507
48645, 359
52628, 860
10505, 864
53146, 10
24829, 81
25397, 484
26015, 97
34819, 214
10141, 123
44393, 793
50, 409
10939, 904
7663, 681
27363, 531
250, 906
25768, 56
45129, 507
48672, 377
29909, 206
20377, 742
40276, 830
22539, 165
1286, 81
29801, 693
5237, 58
1037, 91
52597, 900
38275, 904
33914, 672
52759, 176
18435, 114
35973, 294
4655, 163
58606, 368
18000, 319
24097, 216
9455, 209
51884, 936
14416, 491
21806, 692
47328, 574
49927, 906
2728, 902
58141, 879
38211, 969
31668, 268
9285, 396
50395, 630
18201, 20
12262, 439
34233, 222
28779, 397
1952, 889
9807, 245
34075, 854
10012, 956
8398, 771
40033, 501
58506, 132
8732, 698
14859, 643
17526, 318
56262, 962
12472, 672
23788, 699
17548, 436
3589, 155
48414, 305
318, 561
78, 154
57746, 400
45603, 106
45377, 966
9773, 755
33218, 657
49110, 641
43625, 550
33111, 223
48958, 55
5364, 1000
16985, 63
40989, 596
25914, 310
50135, 116
55771, 195
2083, 954
42336, 855
2731, 944
5903, 684
20158, 122
48737, 826
26432, 615
13, 519
54647, 627
48556, 221
59981, 307
33076, 415
22501, 576
12928, 285
9585, 778
40040, 291
25156, 662
22039, 37
54016, 532
3582, 118
18794, 856
35795, 51
20413, 922
46506, 614
51972, 215
19008, 282
46902, 238
42585, 218
31758, 79
47258, 814
43754, 311
22743, 484
55788, 184
30304, 443
58251, 562
33175, 589
6084, 27
16213, 950
58968, 671
55204, 381
1407, 399
41126, 70
40729, 267
4615, 28
9249, 679
41783, 750
35349, 696
13726, 126
7609, 399
48701, 641
3806, 176
48560, 531
30139, 366
40658, 381
51543, 284
12121, 721
35334, 813
59896, 824
30577, 940
28415, 274
53990, 176
58887, 469
37893, 697
41794, 741
28075, 518
24722, 1000
31656, 589
5262, 220
17314, 137
46393, 124
54091, 443
32056, 205
47736, 737
56988, 237
31291, 81
51560, 665
30253, 221
10972, 714
15132, 689
33633, 161
12241, 381
34639, 204
37184, 180
38222, 703
39954, 238
58246, 861
12549, 588
15986, 473
48822, 595
55389, 390
28804, 302
45931, 964
58911, 347
50957, 666
49809, 549
21532, 847
33606, 815
29062, 927
22660, 55
29692, 313
3319, 20
37602, 632
39523, 73
41041, 15
40143, 433
28218, 472
45504, 678
55015, 189
17572, 854
31295, 529
24769, 682
44338, 539
38415, 45
50399, 541
29961, 407
20388, 75
45374, 388
44824, 833
53287, 728
14675, 843
51142, 624
32517, 508
50082, 252
51617, 281
40467, 372
38781, 186
31008, 443
14923, 996
56929, 413
29930, 386
37547, 602
27042, 15
49746, 356
32927, 875
53315, 474
38651, 469
14605, 554
34028, 550
12574, 449
5678, 409
6558, 281
21475, 936
32599, 165
4058, 238
53970, 106
24951, 692
53899, 332
24720, 297
47966, 261
59031, 764
5936, 425
44594, 376
26723, 179
6066, 198
583, 114
8244, 373
32861, 678
34491, 467
944, 784
53107, 485
21100, 402
23517, 830
20430, 857
23049, 476
43695, 942
5542, 177
39872, 913
58922, 0
49526, 386
3888, 267
40050, 923
30950, 865
45170, 856
52438, 66
29905, 662
8828, 608
13559, 289
38790, 249
3996, 415
20165, 224
49123, 211
44962, 307
49557, 436
27082, 194
2498, 81
11839, 772
51171, 413
45024, 651
18246, 805
48355, 334
51081, 478
24786, 920
50560, 823
38442, 462
57498, 321
5476, 787
6332, 158
53354, 992
44737, 427
29636, 417
52644, 492
46422, 180
6766, 615
8457, 41
17963, 572
13108, 443
33196, 258
48271, 571
45188, 9
45605, 300
18419, 787
14618, 181
21584, 972
58618, 505
32122, 610
25751, 522
40058, 841
58992, 822
7648, 602
19147, 671
3464, 143
23746, 536
32165, 792
49687, 276
21503, 522
57113, 46
22767, 487
40000, 979
27466, 296
16518, 688
27531, 620
38475, 361
25480, 386
6797, 397
56963, 650
49791, 897
3442, 746
39795, 244
26729, 870
42258, 95
39117, 960
16122, 750
8721, 977
42683, 968
19331, 860
38733, 527
40170, 301
8899, 158
44853, 508
22518, 441
39328, 799
35990, 524
35327, 464
32511, 680
39793, 761
20943, 574
12909, 299
43321, 99
13722, 719
48766, 351
2466, 498
54068, 26
29871, 125
54200, 53
16357, 333
24243, 518
55567, 145
31771, 327
51083, 72
45832, 568
39247, 181
52987, 784
6798, 575
1330, 466
11592, 976
54169, 59
2197, 576
51938, 726
1595, 956
25164, 742
36945, 87
44619, 741
34936, 56
47168, 711
16667, 652
52990, 560
55079, 247
23187, 465
2366, 703
55338, 633
26717, 104
12091, 617
54311, 17
36937, 425
9577, 937
37262, 551
14114, 871
20049, 698
8283, 615
7829, 967
49780, 155
49303, 372
11106, 970
49185, 810
482, 780
57611, 663
18456, 442
20730, 667
24469, 461
29407, 847
2540, 54
11483, 750
17247, 595
8874, 651
16627, 621
6649, 468
33619, 971
18611, 95
25438, 148
10019, 650
45366, 764
51116, 477
44805, 134
6931, 692
59826, 756
14469, 425
50545, 287
5537, 485
42505, 492
21336, 318
38395, 773
28672, 658
20902, 391
4803, 802
17128, 252
6473, 189
16141, 241
40128, 255
29135, 228
22928, 209
30610, 915
57798, 230
48473, 640
51360, 500
16117, 529
32189, 66
36125, 406
26977, 978
33050, 801
2303, 860
57339, 189
54148, 194
22298, 787
30191, 219
56894, 496
41964, 762
335, 669
28870, 490
26398, 31
37553, 594
45753, 967
21079, 108
27725, 733
12881, 919
11229, 349
35882, 861
16802, 932
12021, 248
1947, 845
15949, 503
49407, 589
10733, 578
39187, 773
41448, 195
51725, 321
28702, 617
36467, 664
51935, 963
36443, 255
12974, 890
30830, 843
44427, 347
26941, 130
14387, 475
32595, 31
37839, 204
4958, 806
23225, 156
11488, 887
11506, 472
49079, 264
53182, 187
48275, 752
24907, 234
5607, 803
17317, 268
21840, 714
2943, 740
31258, 418
56033, 943
48506, 489
18809, 367
59232, 976
23757, 604
53491, 931
51481, 659
21725, 740
1737, 627
42539, 199
28460, 546
38660, 944
35578, 327
54613, 235
23448, 650
8148, 293
40895, 708
59034, 507
35831, 596
55076, 82
5132, 946
50649, 653
33445, 616
14406, 173
6130, 680
10282, 375
18936, 469
15915, 490
54514, 433
46043, 19
35689, 754
59984, 684
13511, 11
23544, 84
21765, 625
55707, 33
34003, 325
2118, 453
30057, 191
41490, 98
10597, 303
52898, 405
55543, 306
56706, 178
29208, 90
23454, 438
58499, 308
45349, 300
29503, 212
3247, 760
57269, 520
2339, 807
47642, 933
39451, 535
51042, 350
49714, 246
48848, 796
18526, 791
59028, 287
11480, 701
26961, 817
58240, 916
50500, 610
16181, 998
26154, 563
13153, 494
55243, 340
25233, 546
48198, 519
8829, 465
58233, 20
29395, 903
56871, 321
32679, 975
29675, 761
40901, 595
436, 716
58877, 289
28771, 988
26605, 335
5573, 883
23762, 499
54421, 922
16653, 123
13682, 334
1054, 5
25978, 699
15425, 267
25621, 98
4839, 961
50878, 717
52330, 539
20983, 88
8811, 165
4048, 199
39818, 460
41158, 807
16240, 593
10374, 808
43700, 758
30408, 902
46929, 997
32648, 763
52941, 484
27405, 662
50077, 141
8359, 713
23725, 765
56584, 211
58686, 744
6360, 746
19352, 882
1687, 452
14937, 501
40581, 237
19123, 109
36037, 632
18315, 655
2514, 873
57905, 321
8749, 521
24111, 862
8013, 337
29500, 36
35639, 65
22282, 178
50988, 273
9936, 940
45887, 733
59489, 2
58451, 873
45758, 106
33895, 397
36359, 931
35954, 957
6715, 206
58577, 414
34514, 95
5538, 724
46832, 655
47436, 527
13284, 135
56812, 559
37448, 987
39493, 228
6011, 497
18063, 723
55772, 37
11885, 458
11819, 657
10367, 206
30175, 319
7789, 38
48465, 953
28037, 956
48096, 160
31501, 831
45805, 949
16179, 239
52989, 395
40379, 968
11423, 829
9042, 140
28805, 171
42024, 666
37310, 793
36466, 265
56976, 736
9938, 238
10159, 564
19997, 111
44618, 227
14170, 820
13791, 913
28699, 531
15548, 997
27475, 624
36591, 703
35739, 597
22898, 583
25660, 708
5592, 97
55399, 221
23482, 472
12369, 998
13660, 909
55360, 669
19274, 542
31219, 144
10840, 114
47489, 427
54552, 559
14822, 974
37218, 188
22299, 767
22684, 987
48330, 45
51179, 697
12375, 271
4657, 829
51452, 635
52576, 701
19630, 15
53535, 313
53452, 984
11100, 109
31462, 685
26254, 555
49838, 623
32858, 608
46152, 895
2712, 350
30470, 955
37654, 909
44275, 769
3850, 760
33285, 53
26721, 685
41948, 860
51652, 478
10286, 504
21300, 163
23411, 552
25459, 253
32782, 259
5891, 887
10479, 403
30826, 257
41121, 875
46331, 868
50360, 420
25765, 483
41981, 679
36619, 730
10364, 800
11604, 205
47976, 587
26689, 403
59747, 433
46529, 605
28180, 51
30570, 655
2253, 676
14905, 671
51686, 243
54094, 877
22809, 681
54903, 521
38911, 702
2156, 450
7266, 936
28583, 256
39809, 817
34461, 436
14799, 196
33598, 807
1708, 437
37628, 800
39205, 987
21279, 617
22531, 169
11637, 177
42646, 75
31516, 317
14705, 549
47930, 297
36117, 383
44629, 864
9456, 938
43324, 118
31949, 580
33387, 919
1994, 310
2524, 565
32721, 492
23279, 482
5145, 356
22349, 163
40666, 120
19482, 597
44880, 539
1969, 388
1463, 531
20459, 36
14781, 523
51109, 178
5046, 652
19750, 168
14864, 488
5026, 963
50347, 214
26801, 631
15563, 152
24502, 612
5638, 523
41971, 455
12846, 734
8135, 594
29272, 441
45383, 913
39810, 285
57711, 632
44532, 586
18214, 565
15083, 165
54556, 541
65, 449
58797, 977
36645, 220
49992, 312
12742, 699
30767, 187
58503, 4
46618, 164
35836, 629
56227, 911
59752, 476
30065, 489
20958, 809
43598, 263
15828, 438
37320, 480
36738, 70
29655, 61
41715, 783
12725, 478
30149, 172
28338, 113
1063, 355
13329, 24
41811, 938
14778, 703
16884, 613
23570, 968
33772, 301
42067, 648
18842, 432
28084, 3
40074, 409
44515, 219
59669, 561
51829, 984
54, 890
18544, 733
5779, 580
47022, 661
57995, 910
59189, 694
3113, 733
31843, 51
18962, 478
35564, 639
26425, 152
59262, 147
2523, 561
19385, 70
13296, 227
26471, 255
46322, 826
47199, 279
43996, 315
22993, 479
44809, 597
8733, 988
34912, 850
35337, 56
21748, 230
18975, 100
27746, 291
59602, 649
27546, 259
23639, 472
37871, 721
28927, 419
37239, 824
31944, 294
14136, 380
27253, 304
22675, 137
34509, 74
10803, 355
48070, 722
52454, 596
19839, 613
12772, 600
43749, 771
40027, 452
50850, 17
24200, 857
34485, 276
24873, 203
33666, 766
48942, 885
25136, 859
53324, 427
19632, 920
17838, 128
28359, 624
31686, 535
56751, 152
14796, 233
54092, 658
54578, 173
41841, 190
25047, 839
10828, 774
22481, 547
34507, 438
52647, 833
15925, 735
22833, 569
42696, 732
265, 344
40894, 680
19084, 547
10118, 329
29390, 324
51069, 904
24395, 60
37026, 190
45133, 252
7775, 985
33099, 889
3553, 687
32302, 173
3601, 812
44777, 932
47227, 378
58531, 53
39043, 565
29954, 502
7974, 68
26585, 120
50233, 429
2468, 82
56289, 762
5192, 463
21598, 784
15667, 237
21196, 824
48944, 466
31265, 78
7305, 748
59920, 214
9895, 378
53913, 746
1811, 313
23574, 437
31764, 974
6311, 316
14139, 463
38095, 547
44690, 934
41653, 412
21085, 178
51783, 718
43535, 867
40112, 203
17135, 432
27792, 910
31629, 704
40998, 628
53133, 602
59006, 207
7411, 857
36168, 369
6747, 942
57415, 712
17652, 618
23270, 833
8059, 722
48237, 616
41222, 855
33709, 943
24762, 978
40535, 536
23052, 404
13150, 593
6999, 534
52541, 209
47117, 503
23783, 794
7847, 493
9604, 239
10217, 690
50137, 27
45536, 435
36333, 304
7880, 221
2382, 177
24352, 478
32089, 725
31099, 833
56562, 410
40643, 432
50229, 960
56563, 451
48172, 903
18607, 995
47995, 289
33791, 531
30523, 888
49819, 489
38779, 600
19418, 471
11807, 476
28763, 583
13092, 901
11001, 779
40344, 273
13768, 29
28055, 686
9460, 976
51962, 865
28716, 273
53322, 83
34148, 454
29130, 93
6317, 2
617, 249
58337, 601
44026, 566
7006, 700
7040, 967
30760, 195
32328, 153
47096, 717
50671, 751
18425, 281
29237, 668
57671, 507
53017, 675
46504, 902
48354, 828
2644, 148
51090, 803
30983, 568
28658, 781
8767, 443
33996, 389
43221, 861
49786, 689
38029, 483
33675, 942
13890, 24
11023, 543
25723, 213
44160, 95
2207, 164
21862, 778
30026, 554
4332, 126
48497, 208
46076, 4
55256, 428
38289, 238
33903, 224
11354, 214
28657, 629
10537, 99
51054, 505
21011, 786
25562, 237
43283, 187
51976, 639
28400, 113
27213, 496
9818, 342
33287, 767
26014, 705
20594, 930
19093, 334
28615, 215
28539, 385
23707, 234
8977, 410
5752, 126
35047, 324
22240, 215
49301, 690
50657, 963
30877, 367
1424, 950
26634, 70
9367, 83
19399, 819
30094, 77
57001, 546
52725, 824
34478, 534
58884, 937
16978, 559
30515, 649
35667, 126
5354, 498
50391, 604
25197, 856
34222, 58
41288, 456
12625, 371
43042, 528
6842, 581
22861, 436
22138, 678
33210, 821
3927, 496
40461, 541
23011, 292
18839, 858
59749, 980
36679, 471
27672, 744
33251, 198
6902, 259
48641, 438
15512, 781
35866, 311
55588, 613
13473, 816
18493, 560
56538, 634
32396, 965
59238, 595
27894, 244
42692, 814
14457, 836
1519, 889
58052, 634
36773, 873
53651, 149
52529, 338
49056, 135
8816, 357
38576, 753
9115, 645
27604, 350
19966, 921
24549, 60
36938, 789
26029, 824
15044, 844
928, 236
16311, 193
48921, 63
8994, 163
10096, 705
54105, 661
13459, 726
26038, 348
20825, 205
40452, 575
7237, 413
51004, 973
24072, 944
42483, 948
31655, 306
57680, 204
41646, 277
28478, 972
33671, 918
16084, 481
4101, 193
29614, 378
58956, 121
45660, 393
28930, 576
32816, 262
43166, 419
40638, 701
14250, 176
11043, 17
10620, 864
52110, 340
21081, 565
45106, 885
29256, 593
11436, 885
5614, 597
56837, 178
14200, 733
31750, 752
10818, 694
37661, 570
5325, 902
29152, 629
12044, 549
33998, 731
41935, 721
4813, 601
29239, 768
43361, 657
59967, 763
42267, 947
33315, 641
10718, 196
40303, 436
24922, 84
18722, 829
8044, 16
20179, 148
21362, 555
33768, 379
43187, 657
3682, 509
2554, 913
51690, 716
7704, 804
5706, 2
54222, 334
4702, 682
20222, 676
55636, 397
35224, 389
14942, 128
3836, 40
33386, 758
45294, 600
3250, 450
49977, 335
33726, 767
45988, 90
18028, 694
33256, 84
24253, 406
15003, 475
33112, 531
37776, 545
20647, 693
59118, 985
41257, 98
28214, 658
44981, 734
15167, 80
12715, 259
42848, 58
20919, 686
53363, 969
4768, 126
5670, 970
49360, 626
16872, 483
20075, 817
16507, 496
31888, 876
39891, 970
23153, 836
56588, 986
36493, 639
32769, 351
4511, 692
1753, 541
33717, 284
21633, 396
39106, 869
30985, 151
12866, 17
37854, 212
11097, 808
54476, 91
126, 595
5837, 954
21978, 186
49080, 432
41356, 565
36530, 614
17098, 318
10071, 698
25637, 885
18195, 752
52139, 39
22752, 216
50315, 467
35427, 448
12857, 241
52772, 635
48711, 893
18899, 774
11511, 95
43505, 691
13580, 874
45206, 558
49558, 964
49938, 786
36335, 881
46762, 551
28468, 643
42270, 836
12271, 961
57848, 573
56183, 739
36984, 425
46600, 619
42953, 224
58838, 644
8372, 666
21149, 169
4616, 434
48321, 643
59423, 708
42068, 627
58295, 817
54671, 389
34986, 344
50041, 724
20355, 350
31551, 309
49968, 216
7895, 203
2559, 452
30670, 198
22880, 464
16136, 984
40131, 102
6768, 542
55430, 160
17021, 260
37360, 424
52855, 323
16855, 346
31089, 266
11141, 118
31805, 500
13709, 733
24968, 67
30014, 70
31520, 504
17474, 914
49376, 801
10097, 759
11649, 962
46566, 876
44334, 532
50219, 616
56889, 117
37957, 234
21763, 259
15795, 781
13528, 224
24287, 547
33620, 393
42686, 965
52961, 715
8079, 903
4784, 687
772, 335
16469, 82
1038, 883
36841, 424
56028, 728
7242, 226
37173, 913
49528, 632
44846, 941
37159, 852
16801, 650
3365, 540
56450, 138
57061, 547
45012, 754
8413, 112
52143, 546
35824, 856
50620, 378
42457, 983
15750, 382
7910, 917
41556, 260
16499, 133
29840, 744
51819, 569
44255, 61
7126, 78
144, 111
37109, 635
20516, 95
38223, 575
49772, 553
56034, 90
1633, 828
44221, 405
46244, 746
10559, 419
21959, 319
34232, 216
43441, 280
53055, 201
52401, 407
582, 939
13183, 911
59681, 564
31527, 318
56924, 690
19880, 221
52620, 19
45280, 48
4016, 665
35034, 453
50072, 961
58691, 556
23832, 72
28223, 510
11738, 308
47267, 583
17719, 443
43259, 794
32819, 493
8052, 156
53365, 492
12028, 786
687, 450
11549, 787
31894, 804
18130, 601
41480, 447
20690, 843
564, 313
17512, 111
20013, 538
16066, 952
51678, 726
35504, 444
17298, 36
26382, 761
6208, 315
32909, 892
2472, 795
36350, 376
25696, 90
9100, 738
34190, 435
56665, 335
22947, 735
23735, 289
31601, 253
58422, 857
20329, 232
14510, 961
26250, 304
21389, 750
18411, 891
45465, 5
31698, 693
44980, 944
25843, 46
31066, 523
28253, 341
28550, 46
24512, 943
40479, 884
30455, 763
12562, 560
54143, 665
16748, 108
38485, 516
58120, 198
35089, 435
14068, 397
13310, 104
11274, 446
14046, 335
38443, 517
14485, 479
25392, 513
16775, 708
16571, 237
14359, 333
382, 753
45994, 489
20032, 458
31540, 834
7480, 300
27234, 213
524, 394
34244, 667
1788, 609
57400, 327
54946, 313
44866, 143
42933, 519
53113, 792
21979, 720
50840, 361
15875, 961
18011, 80
51795, 904
6871, 978
58388, 361
45475, 428
47557, 786
51781, 254
41146, 586
18410, 245
26788, 116
26028, 507
6812, 820
42611, 776
37966, 713
19003, 855
49650, 60
56548, 556
24844, 649
40310, 60
30293, 519
49454, 40
57785, 602
32006, 603
29080, 12
40242, 672
52512, 613
13479, 643
56938, 605
27110, 212
11079, 12
15178, 198
25329, 476
1187, 597
59698, 140
43367, 408
48393, 942
35629, 604
23651, 47
30892, 664
26086, 928
17297, 493
52831, 227
4894, 418
48690, 746
47997, 125
39852, 344
28140, 242
10259, 697
3017, 339
35120, 791
29111, 714
25717, 345
7014, 146
20545, 752
6905, 639
50186, 509
30476, 402
13046, 373
50754, 847
12236, 467
33957, 223
17714, 828
3213, 724
41208, 145
54227, 138
37261, 704
3421, 71
53085, 657
27942, 469
35911, 172
51218, 868
53796, 51
37180, 315
56292, 119
59337, 858
54499, 333
17343, 137
54481, 169
34098, 31
35243, 762
33127, 780
27985, 190
39046, 63
6036, 536
49655, 503
22158, 909
31789, 707
17582, 904
28940, 140
15834, 178
33219, 508
21367, 499
45616, 570
30371, 913
57637, 829
2710, 603
54815, 189
26923, 112
38828, 919
48835, 39
13295, 665
29671, 831
52452, 43
11006, 192
53687, 719
7637, 633
13142, 954
48157, 116
15436, 124
8841, 433
37867, 877
34089, 954
56516, 645
16957, 990
14195, 538
50793, 874
45644, 482
42853, 344
32158, 174
1871, 335
36472, 69
23542, 658
38061, 129
1458, 113
19486, 396
9116, 542
48514, 927
40372, 402
22442, 802
39849, 665
3602, 915
22087, 853
1365, 825
47146, 633
45707, 692
11695, 712
38278, 802
44168, 716
47623, 316
34871, 389
13921, 65
15693, 855
58264, 543
37999, 418
34183, 266
17488, 968
9657, 637
14198, 629
47154, 387
21236, 331
8744, 995
22897, 387
16235, 676
4179, 545
31829, 224
24107, 277
46805, 517
7944, 404
50668, 137
33086, 489
13969, 795
30549, 28
17750, 300
34688, 146
28686, 452
34520, 718
18249, 958
34436, 363
7112, 962
34580, 622
44059, 832
48464, 529
37728, 401
30683, 151
2831, 914
29042, 164
4249, 9
9615, 416
24798, 812
46809, 366
3929, 247
13192, 290
43759, 237
18882, 510
21346, 3
29756, 147
15186, 259
48651, 982
23135, 467
13739, 924
52953, 900
55589, 463
25321, 79
42587, 180
59258, 4
13643, 257
12220, 777
12182, 375
10446, 362
4524, 819
1212, 366
4169, 242
41341, 341
3788, 608
54168, 707
36876, 189
41332, 514
14656, 120
39067, 275
13591, 260
47402, 999
1902, 197
18922, 700
25958, 908
51605, 86
9014, 334
45057, 135
50429, 142
47306, 978
53513, 445
3195, 658
50921, 467
16017, 505
54989, 316
34752, 602
44783, 732
50504, 233
16221, 17
59862, 165
17868, 630
3969, 14
26438, 405
53775, 274
8851, 245
36195, 962
25796, 50
53476, 756
42807, 571
31996, 458
43699, 604
16079, 821
56396, 2
35810, 144
33943, 465
1570, 370
22316, 547
2626, 369
18121, 618
27126, 980
24930, 249
44295, 339
48493, 968
35311, 959
25584, 608
50187, 415
56469, 429
32152, 872
25320, 71
45457, 674
15409, 74
17693, 446
38683, 449
42468, 405
5422, 577
7531, 244
24900, 934
35477, 763
46646, 240
49496, 780
32572, 635
17166, 971
19549, 325
9086, 170
22256, 717
55082, 679
36066, 801
24030, 287
19118, 309
9306, 236
25021, 776
46301, 744
43831, 559
32416, 319
59102, 78
25570, 171
54658, 921
23634, 151
14763, 369
2552, 963
39202, 225
46469, 498
1055, 571
34925, 111
27025, 802
12071, 400
41309, 177
43109, 869
47053, 655
11431, 356
28513, 115
27614, 148
45585, 132
40756, 188
14342, 913
54177, 416
45441, 582
43611, 43
47790, 858
18196, 408
19260, 499
51735, 744
22207, 612
7971, 671
48161, 207
45834, 106
25931, 862
45275, 291
8284, 127
59637, 405
23410, 564
15338, 716
30154, 260
45563, 153
17456, 406
57192, 115
17917, 331
15030, 984
16920, 236
48469, 834
52938, 125
28502, 40
55162, 903
17230, 427
22755, 81
54856, 303
31326, 122
29748, 681
37650, 616
42850, 161
32248, 841
32743, 625
54576, 102
25885, 801
10404, 320
6055, 94
43120, 961
25263, 169
57894, 154
35313, 190
34533, 481
47444, 190
32539, 95
48614, 331
2905, 616
48959, 776
53827, 33
15142, 285
52858, 892
31634, 989
40160, 908
43965, 63
25080, 636
19763, 659
53125, 56
2076, 378
10760, 645
53705, 681
40350, 629
53836, 447
17592, 882
31175, 911
5982, 450
48756, 23
49632, 838
34648, 695
43383, 281
14505, 118
29873, 899
50524, 192
9590, 823
27102, 990
29609, 382
4230, 903
18329, 967
523, 514
53614, 302
942, 778
503, 929
40582, 171
36509, 69
48438, 628
10150, 738
16431, 371
6034, 51
5418, 268
18337, 848
43927, 163
29595, 254
36716, 271
11118, 970
50349, 699
23871, 75
52142, 975
59518, 142
16316, 89
31000, 163
6839, 299
42563, 735
11073, 676
14007, 673
23219, 345
47868, 751
27377, 422
55380, 498
29698, 578
29154, 307
55891, 796
3230, 643
10020, 318
35012, 324
26162, 992
54867, 397
49865, 965
59298, 928
6603, 72
40070, 341
55877, 411
45018, 42
42324, 878
46379, 283
13656, 142
50026, 129
24768, 253
56016, 204
41030, 990
27295, 193
44957, 508
58223, 947
10806, 395
9914, 843
37413, 732
11501, 568
42465, 70
18423, 112
55222, 208
38881, 906
15032, 842
49586, 637
38916, 272
21664, 857
22151, 40
21882, 477
11599, 631
32212, 876
4557, 970
8535, 597
54292, 518
12722, 48
46945, 640
38717, 693
41400, 338
38228, 44
23844, 2
21667, 957
48129, 956
8549, 376
37870, 339
672, 370
11374, 158
50625, 59
19764, 87
13789, 155
13690, 80
55688, 652
59460, 767
59995, 841
43028, 471
40046, 422
2856, 960
29995, 660
30435, 74
4393, 678
58435, 70
2358, 198
44605, 433
45529, 713
52592, 202
30788, 994
42276, 681
4225, 822
29437, 993
17293, 140
31047, 238
37646, 590
189, 148
1327, 954
43745, 484
41990, 11
38721, 153
32424, 465
4297, 319
56174, 48
11603, 651
8317, 616
40930, 550
43356, 358
44895, 108
54645, 155
47006, 0
34885, 332
51228, 521
33010, 940
22742, 158
2979, 477
5862, 542
29314, 523
34687, 880
49778, 326
15227, 68
37442, 754
53356, 775
9691, 351
54932, 250
28838, 218
38102, 465
6955, 443
51662, 519
25531, 542
47929, 813
44959, 164
5184, 312
38627, 557
46604, 204
2911, 462
37967, 684
21310, 822
19987, 798
8278, 696
26431, 988
55164, 33
39758, 45
24102, 867
595, 287
42849, 229
40055, 519
58600, 196
28226, 548
57510, 44
3325, 443
2581, 337
34213, 886
36830, 171
25963, 104
24562, 229
26079, 680
28204, 785
51286, 364
20903, 538
54883, 907
17143, 6
11377, 215
40353, 666
17857, 174
30835, 482
53924, 220
33731, 997
40087, 163
42061, 289
53897, 513
10317, 513
24452, 43
39473, 742
10161, 257
25395, 460
6687, 343
31630, 874
780, 444
51813, 353
3380, 984
1787, 108
31762, 201
1010, 104
27823, 820
58133, 723
54829, 274
41102, 560
1127, 294
23987, 249
28331, 687
41223, 810
17277, 214
58946, 550
15262, 530
44423, 455
22690, 584
7219, 366
22987, 707
1366, 143
3098, 180
9168, 133
37188, 686
26101, 497
7264, 927
52361, 38
26972, 484
45401, 283
42255, 679
7106, 669
43414, 54
44440, 304
3362, 432
24310, 619
22435, 223
58453, 929
3107, 625
37112, 218
53147, 924
11567, 84
3448, 854
30768, 43
8864, 848
37897, 138
51012, 729
36781, 32
4375, 627
9102, 836
40548, 661
58110, 621
52839, 403
1468, 277
57911, 208
36980, 181
32525, 132
9757, 910
23855, 242
41858, 236
37680, 502
50894, 187
35943, 608
52714, 539
48807, 767
14370, 510
36939, 226
55931, 969
21352, 980
58340, 52
29816, 490
55198, 181
14196, 518
14744, 379
33027, 866
2679, 829
15978, 724
9749, 402
26189, 848
7950, 703
53506, 470
47820, 896
53509, 477
22139, 624
32081, 510
139, 38
41351, 96
57816, 594
48573, 704
51346, 381
30770, 136
18292, 934
36070, 23
5353, 492
36826, 617
25506, 58
49685, 297
29732, 5
27450, 975
53230, 575
21819, 873
35299, 720
56775, 398
14779, 731
43790, 823
34754, 69
7647, 54
11784, 349
59573, 121
14009, 363
18020, 822
19393, 202
1066, 529
21311, 617
38709, 384
16710, 97
49961, 159
25952, 745
48930, 17
12286, 244
52482, 79
42123, 322
9563, 708
20308, 224
19054, 156
42203, 519
12896, 248
25757, 197
16177, 662
47802, 401
53832, 503
46162, 410
9223, 234
43317, 852
3560, 240
41602, 908
11716, 903
17342, 411
27971, 424
10250, 312
12014, 985
13532, 579
21241, 809
8235, 91
48176, 363
45611, 766
7682, 683
11534, 730
43493, 621
36922, 185
44553, 788
16587, 339
21467, 974
27807, 778
10080, 67
39226, 960
37790, 739
54196, 738
31135, 953
28933, 579
55096, 703
45671, 408
49970, 385
47431, 935
17, 328
40205, 370
12819, 758
48037, 671
16106, 383
43068, 706
27611, 928
44079, 507
41517, 983
40848, 755
35068, 25
3511, 791
35971, 836
40840, 209
11334, 218
14588, 24
45047, 152
2971, 356
16056, 868
16300, 533
5973, 662
33641, 99
11815, 543
31244, 807
18044, 7
52111, 884
39573, 33
18417, 953
21416, 33
4177, 315
28131, 411
38630, 903
41335, 350
7691, 346
51460, 336
22333, 578
11160, 929
18989, 623
2266, 797
6124, 950
19062, 452
46602, 597
3466, 594
35018, 908
51902, 838
27645, 184
53629, 523
47501, 245
48564, 149
29114, 991
51842, 773
47331, 873
50022, 720
45689, 747
977, 741
54788, 193
17799, 132
31284, 104
55895, 170
7060, 516
43386, 357
33590, 250
43358, 650
19823, 821
13734, 425
48139, 378
41266, 210
18837, 899
50541, 290
44351, 409
18598, 483
33388, 213
54593, 394
14135, 754
45523, 754
23061, 173
21666, 358
25802, 708
22698, 670
36302, 413
58707, 204
46731, 496
22841, 194
27196, 265
39861, 22
56376, 14
12543, 485
55119, 303
36604, 211
42331, 284
13530, 160
32786, 800
46229, 150
30662, 177
15722, 917
48649, 754
29853, 346
12413, 481
7316, 467
22837, 236
41883, 994
30769, 883
7945, 182
22120, 625
17746, 7
44084, 816
51720, 859
14719, 241
31892, 152
12532, 695
57669, 688
14622, 571
2839, 574
2553, 20
25586, 673
53579, 66
43199, 536
19063, 511
56081, 343
31289, 610
45093, 12
21650, 779
16844, 385
23629, 49
2729, 716
55562, 904
42308, 715
4200, 255
59873, 99
6331, 137
58396, 572
27777, 377
41919, 124
18967, 967
39463, 367
46447, 537
45782, 155
6904, 639
49351, 377
41207, 153
15731, 541
37306, 576
59219, 879
45950, 581
50606, 712
58773, 385
20356, 334
22412, 495
28567, 467
8071, 680
58697, 901
21175, 608
12811, 27
53812, 151
2024, 399
7504, 106
21789, 918
57570, 542
3056, 354
46116, 433
40804, 871
1062, 305
27296, 370
43431, 765
37487, 334
48340, 895
24237, 200
55077, 323
49935, 633
29790, 758
24088, 362
16672, 79
53782, 405
10202, 415
53875, 500
14513, 532
32362, 3
8298, 416
31470, 213
48351, 953
3269, 646
38656, 602
33284, 692
22538, 817
32718, 884
11395, 640
46598, 80
54618, 996
35989, 393
7897, 578
20050, 361
40491, 890
39619, 716
47192, 145
31643, 822
42718, 232
46748, 835
22609, 531
24247, 856
55121, 646
57418, 696
6585, 381
20258, 308
56972, 107
18921, 930
1242, 115
30397, 85
20214, 538
11055, 499
46285, 878
25452, 195
59072, 174
23898, 405
53306, 871
50335, 528
44055, 513
54507, 140
46415, 486
15172, 683
33231, 870
34657, 341
16879, 68
15054, 483
23915, 514
15896, 679
36093, 294
45336, 736
24730, 738
46963, 611
31429, 523
30449, 519
15871, 928
26374, 738
37572, 252
23483, 497
21946, 718
13338, 592
50357, 891
47634, 386
40636, 263
34647, 180
2318, 480
38840, 279
2941, 137
36424, 171
51707, 978
10055, 705
54760, 260
46117, 818
1115, 874
58426, 843
18127, 270
26864, 316
38892, 911
31950, 740
36353, 217
11180, 945
39895, 62
55955, 38
4199, 161
16069, 474
29705, 886
19510, 593
53928, 609
53954, 611
10547, 523
36838, 387
56621, 310
11232, 703
38340, 55
54099, 429
26556, 132
34531, 226
5689, 196
32588, 846
13595, 623
21381, 141
48715, 197
27661, 735
33057, 646
2131, 338
14520, 455
2108, 310
30544, 190
47302, 852
23854, 576
35947, 637
50740, 936
15100, 420
30356, 762
27156, 564
23381, 36
17748, 62
738, 209
24133, 495
12201, 689
32601, 305
32075, 85
21126, 285
39044, 144
58056, 339
19478, 502
14078, 932
34942, 592
22470, 215
39978, 148
27515, 124
24201, 390
57217, 73
17376, 700
30242, 672
32559, 281
55188, 789
174, 829
34172, 421
6216, 953
5824, 836
43922, 639
51377, 896
15807, 891
22049, 151
54778, 384
34188, 202
47319, 289
24405, 520
26648, 185
28528, 857
48245, 125
39133, 802
54960, 505
11351, 86
35554, 667
25175, 672
59829, 226
16191, 417
44247, 110
26890, 187
20030, 194
58455, 725
55558, 529
28733, 555
4460, 436
36133, 523
22306, 800
11449, 247
11090, 326
59467, 684
3179, 66
55032, 192
15738, 987
10749, 782
13748, 800
22173, 113
6966, 655
10913, 17
54396, 234
2421, 83
4352, 83
528, 589
36273, 225
42779, 216
20153, 352
13574, 326
1178, 183
59552, 642
48776, 531
23204, 829
14809, 181
58920, 584
23521, 929
29999, 371
8820, 581
3882, 472
52371, 461
29576, 41
46719, 857
56600, 399
31663, 221
3515, 666
15784, 696
41283, 671
52713, 607
21816, 245
58429, 667
25663, 7
2892, 242
57610, 659
25457, 579
26447, 24
7614, 744
49166, 290
5143, 996
9618, 862
31417, 872
33134, 188
44882, 186
51524, 16
6170, 827
58472, 657
55533, 319
8863, 308
27691, 623
51045, 637
44, 211
13216, 481
32028, 934
20751, 730
53876, 397
602, 921
56718, 998
17743, 104
26646, 129
54687, 795
38620, 594
38060, 516
54284, 47
44759, 407
34931, 551
15992, 890
35962, 214
5340, 176
14897, 850
20077, 364
3559, 789
25105, 982
16589, 45
48570, 173
8824, 292
6723, 863
17836, 360
52750, 135
53183, 328
42358, 663
50445, 20
9448, 6
7070, 743
28590, 329
53290, 322
49566, 101
25505, 594
32210, 624
33266, 136
33625, 325
31293, 313
28694, 910
6774, 83
6426, 305
49394, 462
15469, 347
57778, 663
13180, 855
55, 892
48107, 672
55398, 185
32766, 906
49025, 921
14701, 222
38274, 62
8642, 429
29618, 39
48152, 547
34916, 688
52349, 186
52619, 504
45339, 148
21093, 71
12837, 284
16903, 622
42536, 800
19894, 200
33809, 623
12945, 701
47554, 515
18765, 268
52923, 502
12589, 847
25232, 400
20375, 318
46708, 71
36662, 249
25788, 56
48775, 397
15480, 813
45715, 283
56793, 472
1413, 109
26032, 547
21008, 997
21116, 954
31769, 52
8886, 952
8698, 827
21033, 998
39753, 2
30803, 540
6671, 432
37984, 930
4321, 197
34409, 654
26887, 747
15441, 501
44762, 978
5915, 37
15296, 201
17072, 535
39150, 289
51309, 721
5048, 987
8328, 5
53262, 644
26632, 756
3245, 505
55366, 638
29399, 777
25214, 137
57752, 188
31078, 308
36907, 558
8520, 612
47459, 437
29621, 684
36165, 885
26157, 119
1850, 236
19130, 442
18528, 274
57683, 879
58595, 248
53083, 368
45674, 762
5100, 944
3739, 81
45179, 79
23395, 641
4571, 40
49710, 868
13843, 553
27697, 773
44025, 914
7814, 113
2900, 441
58620, 717
59847, 310
23752, 612
25724, 446
5343, 770
20453, 316
1501, 590
13161, 3
38488, 833
2035, 700
44766, 364
11899, 645
33142, 368
49734, 422
51297, 979
12663, 407
38766, 107
33033, 367
53311, 319
22632, 492
11435, 130
10970, 831
28802, 833
42422, 478
29061, 752
45506, 135
47338, 759
4877, 371
30015, 764
152, 867
49487, 265
7284, 45
46712, 294
9418, 642
12367, 713
55980, 712
6668, 80
49647, 219
21388, 597
15131, 884
40900, 281
857, 422
59903, 245
53665, 206
7071, 517
31503, 467
51967, 417
4490, 248
712, 416
36482, 712
21295, 563
26740, 526
51057, 814
32894, 581
48273, 540
51786, 201
47189, 973
40076, 248
46272, 691
7997, 720
14574, 43
55488, 6
26240, 134
5383, 925
36246, 977
56549, 669
17370, 972
55264, 124
48410, 617
53041, 828
34278, 442
15010, 371
1882, 355
30329, 813
12661, 511
48012, 934
58083, 349
27366, 976
8406, 838
9157, 88
24120, 954
23784, 571
21560, 655
57815, 94
17686, 856
55287, 630
32336, 399
43078, 586
333, 73
32634, 847
42531, 240
6457, 735
49379, 541
59191, 612
23794, 332
19363, 749
25059, 670
58944, 586
40827, 577
2185, 508
5028, 233
2957, 711
31457, 813
22964, 449
43197, 875
26459, 979
11348, 410
54895, 589
19053, 29
57545, 784
37877, 120
44593, 410
27806, 312
35079, 353
18025, 295
55088, 283
54107, 713
28652, 737
35561, 790
4339, 0
19677, 866
17754, 351
8367, 799
10430, 10
17945, 717
27115, 78
20532, 67
9820, 753
31119, 123
41110, 541
27728, 269
13293, 946
14700, 516
31555, 611
36706, 988
19888, 871
7744, 175
9326, 449
15753, 687
29232, 334
5603, 989
289, 371
28850, 597
36965, 934
59939, 924
7924, 210
17673, 735
39212, 581
3839, 311
3434, 568
37843, 216
21086, 581
2845, 3
13207, 459
6300, 253
15791, 71
58613, 706
52392, 177
48459, 735
17248, 203
7475, 716
37242, 163
3172, 16
7593, 125
24322, 733
28418, 325
6600, 698
39083, 954
55393, 756
48966, 295
30071, 368
32579, 528
36021, 600
37116, 541
56167, 988
2716, 473
24525, 794
35242, 44
53771, 190
31003, 199
48205, 48
24647, 113
30396, 311
55394, 354
30043, 36
19380, 84
53713, 513
35854, 109
39528, 589
54282, 799
31571, 118
6195, 196
57210, 610
59318, 627
53370, 341
11552, 459
55115, 148
11199, 563
9082, 269
32567, 106
45848, 631
35467, 70
1579, 509
11272, 196
28599, 176
13982, 1
25670, 876
23828, 406
49518, 32
26676, 974
15113, 959
35855, 959
14593, 267
56108, 3
50615, 891
20662, 319
48286, 500
33331, 891
25992, 509
25478, 247
31692, 709
37151, 679
35603, 657
19871, 863
54715, 69
54862, 525
49481, 522
53707, 499
55152, 709
37315, 880
6841, 478
52088, 980
4984, 711
32107, 546
17834, 185
28283, 824
59625, 35
15649, 49
8640, 293
30659, 881
17923, 325
10249, 395
36465, 96
35741, 934
37131, 308
36462, 251
822, 896
42404, 570
42965, 625
38603, 552
45565, 462
38815, 540
25194, 560
20191, 466
33541, 181
49353, 159
16333, 463
41584, 260
51162, 126
55902, 786
44033, 358
41199, 213
42570, 964
19540, 843
9132, 689
3170, 769
5713, 231
856, 297
11519, 904
17296, 624
28296, 868
26407, 135
39737, 193
47871, 185
29319, 153
49349, 72
36004, 661
48688, 454
27853, 188
26366, 497
30808, 625
42470, 961
58071, 349
14760, 972
44477, 899
8207, 863
12920, 913
34173, 78
41163, 469
58450, 451
24279, 747
47120, 465
16660, 189
35102, 616
6838, 15
47550, 474
13254, 892
17169, 741
11540, 32
32175, 436
6217, 512
12445, 252
12234, 678
14627, 179
14115, 737
15068, 441
26309, 495
18497, 47
22309, 79
54881, 854
13471, 758
9592, 55
37914, 878
16804, 19
2212, 172
1188, 458
49105, 898
34332, 483
34814, 991
51339, 911
38147, 870
30246, 201
2477, 465
6327, 942
31094, 826
22199, 725
13764, 585
48047, 478
31968, 688
38973, 475
41458, 734
55189, 253
30795, 531
12154, 632
37, 662
38706, 115
37117, 155
5830, 535
1949, 718
8291, 666
20096, 263
53730, 277
57349, 247
4336, 500
10225, 70
59039, 853
42566, 484
20654, 847
37137, 728
9486, 52
10095, 417
55997, 40
48758, 21
28452, 358
46294, 447
31316, 489
23531, 303
3936, 350
9126, 273
6229, 756
42730, 83
19151, 261
35004, 239
53744, 164
49680, 102
49436, 255
45763, 415
42278, 549
59036, 227
37585, 57
51308, 498
42636, 464
23755, 380
15785, 460
20380, 955
21163, 116
52257, 200
22960, 592
51417, 67
42797, 652
55575, 767
38574, 414
40539, 645
3049, 620
11760, 385
51293, 520
23156, 824
7787, 579
13412, 394
55587, 891
36503, 810
47742, 511
15688, 125
22842, 813
56891, 4
57077, 311
4985, 313
8789, 785
33437, 451
41652, 709
44988, 831
30637, 345
10957, 213
35095, 112
7794, 12
39333, 991
29592, 570
18820, 22
47741, 633
36228, 590
54629, 256
41553, 583
5034, 808
42940, 260
20550, 987
9435, 366
11161, 466
31336, 28
33035, 277
48027, 140
20857, 813
40482, 326
32654, 845
8170, 509
26283, 704
33803, 383
23842, 978
42627, 706
36962, 984
29183, 471
54119, 411
7894, 64
43599, 893
41994, 485
58189, 586
13882, 478
46206, 270
10713, 38
25075, 437
49313, 898
35640, 309
17239, 740
25713, 409
29682, 278
2884, 171
47714, 663
25293, 409
22689, 292
37067, 668
55261, 710
25994, 247
38133, 979
29405, 9
45604, 78
27675, 683
56166, 76
36234, 74
3450, 711
21131, 926
1797, 86
26533, 612
17187, 472
15859, 591
40391, 912
49592, 971
30044, 42
50464, 304
46049, 360
43049, 944
45875, 685
11999, 292
59121, 454
21617, 271
41743, 888
19087, 907
58590, 782
17744, 592
8363, 72
57540, 537
3348, 243
40836, 175
10128, 139
22506, 728
43377, 622
477, 848
41275, 624
52638, 489
971, 578
22425, 539
13782, 15
48303, 578
25515, 122
42970, 698
27277, 4
37992, 941
2357, 375
15711, 933
25045, 598
38355, 872
15351, 752
27695, 764
34841, 863
49116, 261
58760, 969
31067, 609
579, 361
4180, 887
17621, 860
18034, 540
26286, 793
12879, 384
59840, 832
404, 274
52822, 106
23443, 469
9450, 1000
50733, 722
52560, 347
59427, 350
22693, 939
20364, 768
13188, 264
54534, 483
121, 621
47609, 683
7674, 455
32573, 538
42608, 614
51712, 486
44451, 213
33650, 287
8530, 314
6566, 464
57808, 617
28136, 654
16637, 752
36289, 45
26713, 767
57774, 511
4761, 417
51958, 428
24526, 238
33180, 884
40942, 762
17225, 357
57831, 946
3576, 717
54465, 502
966, 436
17773, 957
50255, 271
54549, 649
2334, 740
23926, 171
32887, 211
17085, 848
48781, 215
49913, 799
52723, 644
35914, 822
32917, 176
28198, 432
33130, 101
42112, 107
13262, 452
33448, 637
59998, 907
41938, 208
55556, 611
17519, 663
45124, 231
11212, 817
49106, 876
29939, 206
30634, 831
44760, 773
12344, 391
29775, 941
31681, 532
57457, 186
46165, 4
43645, 330
35601, 120
41542, 231
14484, 806
52913, 933
7190, 826
10242, 1
48367, 887
8534, 389
59098, 382
7498, 18
23207, 126
36562, 548
32232, 92
2395, 921
28525, 875
25264, 935
31238, 319
7873, 775
38991, 649
52192, 414
6009, 782
21579, 827
59395, 504
53003, 343
19676, 942
55813, 903
4497, 915
11717, 389
10114, 0
32740, 512
9001, 442
38658, 670
11434, 685
24026, 37
27429, 94
56297, 494
38708, 943
19923, 945
6597, 551
21746, 430
5193, 795
48196, 54
49584, 826
17380, 598
46922, 858
19956, 207
31447, 821
28277, 165
3150, 901
26242, 187
29825, 662
44557, 544
4269, 396
9552, 674
5562, 609
13139, 939
26052, 587
7077, 753
16441, 309
5475, 73
4605, 170
40221, 662
4197, 173
14677, 821
29033, 141
29282, 453
51447, 896
48291, 280
19821, 938
40328, 739
53478, 478
39557, 504
54126, 316
17516, 282
10046, 807
53551, 104
37376, 751
25162, 821
48576, 849
6846, 99
21136, 527
407, 747
17385, 407
11769, 381
37657, 326
6570, 250
39416, 431
14909, 135
18567, 527
9043, 489
24558, 57
2898, 991
7011, 704
38977, 221
34840, 893
53867, 477
22114, 588
5130, 693
42554, 17
43817, 996
33055, 473
1943, 110
43566, 409
9267, 841
13055, 34
10769, 148
35086, 974
22512, 601
39352, 150
13873, 343
54096, 724
13987, 886
48621, 724
38922, 50
49872, 537
25628, 210
50875, 378
7207, 851
23622, 477
23665, 187
35402, 915
51827, 310
7, 952
59185, 944
53327, 958
48965, 708
31327, 439
2959, 716
49525, 720
51523, 3
11881, 901
6310, 296
35199, 704
20781, 716
41284, 819
49362, 722
52030, 695
22082, 133
28012, 539
25231, 839
35201, 192
12399, 492
31211, 421
22013, 261
16099, 413
26427, 260
1403, 749
27635, 589
18408, 117
59640, 495
4301, 928
48809, 731
20247, 821
20748, 977
25427, 155
14790, 426
30237, 110
13979, 832
7584, 654
34058, 460
15608, 681
23961, 197
53777, 295
6783, 850
19058, 339
16258, 408
23858, 862
11763, 606
56205, 903
50669, 282
57549, 821
10391, 580
28489, 564
56041, 443
25385, 384
11342, 869
20531, 167
45229, 101
52448, 847
11652, 295
16611, 602
29818, 871
10581, 174
42022, 987
7282, 179
14396, 80
53188, 875
17447, 943
2365, 833
41522, 710
57844, 849
45224, 545
6978, 4
31301, 382
37423, 527
53335, 543
30509, 110
29040, 442
45973, 164
40332, 535
56967, 712
45404, 937
22317, 708
15655, 808
14203, 712
30019, 42
59054, 264
19413, 409
37823, 481
46197, 69
55089, 736
41594, 118
25812, 971
34476, 63
24622, 76
11311, 84
9485, 372
11301, 716
33818, 950
22313, 215
54875, 346
18472, 914
10858, 15
51072, 861
12138, 87
43020, 233
24608, 817
4667, 805
34034, 241
2555, 268
17384, 823
27414, 198
9875, 39
5077, 2
38948, 196
6104, 778
48836, 106
59158, 800
55790, 919
24779, 21
58113, 447
50586, 751
22046, 367
29144, 800
56145, 593
55705, 890
30409, 704
29253, 3
2721, 379
59996, 336
6551, 0
18353, 507
8242, 633
58556, 686
37613, 880
16497, 206
1225, 775
10406, 723
38413, 905
15478, 749
24119, 38
30656, 269
12622, 875
50895, 602
25581, 721
40974, 686
3814, 592
37470, 702
58096, 240
29466, 952
31463, 414
39006, 164
18421, 868
41263, 768
10461, 60
39900, 360
35665, 124
6639, 296
15310, 330
31511, 576
14410, 99
50156, 427
7533, 546
43820, 36
37932, 432
16488, 197
27095, 845
56849, 495
7811, 36
52250, 384
44983, 631
27749, 503
20782, 509
9438, 758
45182, 97
50676, 665
54825, 719
16827, 754
14218, 301
6607, 331
30012, 628
12736, 605
28345, 286
39544, 679
43293, 882
17177, 39
56098, 710
26825, 564
10624, 510
48316, 696
27134, 967
22155, 274
54677, 351
36222, 244
12415, 885
16015, 766
4091, 299
18906, 22
9709, 580
44403, 492
53489, 970
26144, 789
13359, 208
613, 474
51731, 476
24677, 976
29470, 207
33804, 152
56303, 915
23467, 8
36028, 574
47829, 108
51185, 809
34481, 328
49145, 278
43275, 782
11581, 811
27524, 314
43678, 48
18917, 131
49901, 186
32817, 900
39138, 35
33968, 424
2435, 80
30979, 666
8131, 684
37225, 407
11794, 19
40692, 724
40712, 167
16287, 342
46536, 857
33587, 333
5618, 156
32562, 488
1642, 49
29899, 570
35262, 128
52651, 212
26083, 582
20884, 81
12856, 231
21237, 749
18825, 608
38253, 886
53372, 606
4938, 278
26502, 897
34988, 639
34859, 650
15174, 323
25058, 880
14862, 446
18670, 493
30415, 729
12272, 622
25367, 75
41149, 451
43139, 418
35960, 932
30635, 1
2310, 160
25752, 302
10069, 105
27090, 715
14527, 569
20350, 181
36373, 570
53807, 911
58615, 521
37446, 105
566, 384
17787, 636
24447, 199
29053, 454
51992, 346
34273, 179
20040, 689
35518, 617
33660, 977
57276, 95
28669, 394
58628, 617
46348, 338
344, 479
5098, 175
22350, 745
18685, 232
16224, 418
43537, 736
35240, 742
13317, 867
33096, 487
11047, 850
9722, 481
59305, 42
48302, 928
52141, 912
33659, 139
45766, 929
50316, 771
38548, 723
2082, 681
11820, 904
9580, 164
51527, 448
23973, 905
1045, 896
50002, 570
55853, 627
26068, 360
11406, 73
18476, 327
7234, 533
44119, 976
27077, 597
40585, 663
32382, 185
57872, 404
32794, 292
43241, 468
19807, 989
56985, 329
52136, 207
6137, 8
41845, 200
13381, 899
36527, 858
34411, 265
6274, 957
21918, 963
29190, 306
7552, 853
23943, 808
17388, 958
26600, 850
18543, 193
35355, 319
9642, 59
17070, 150
21892, 350
20975, 520
18142, 924
36292, 602
57032, 807
56074, 893
47923, 370
9444, 451
43532, 4
29829, 568
5601, 22
25270, 104
23053, 34
1940, 440
52060, 353
54303, 96
14915, 794
15395, 917
16028, 156
54640, 188
27268, 586
3768, 316
6477, 732
27022, 110
30883, 55
11093, 56
10899, 13
14338, 589
20142, 78
56077, 255
42618, 568
45912, 499
47410, 215
52963, 411
2811, 363
31109, 366
10419, 777
34017, 135
43746, 993
28692, 717
20868, 767
55668, 576
35423, 232
2614, 361
41791, 959
39499, 422
46577, 730
37294, 964
56118, 797
48599, 645
13520, 709
1878, 270
39827, 308
43632, 707
49684, 278
49556, 303
24193, 415
51350, 957
52625, 99
10501, 138
15255, 678
22881, 745
25350, 353
48639, 884
40572, 319
3696, 76
44241, 588
5540, 825
21124, 571
43380, 502
47025, 45
40351, 235
27210, 82
783, 931
1047, 842
12129, 880
25791, 440
44488, 639
51788, 125
41137, 260
28986, 109
17887, 500
42630, 183
29322, 522
1991, 890
53352, 154
56720, 912
58588, 133
58104, 959
38476, 202
27272, 51
51111, 912
20236, 474
48454, 380
54242, 350
30332, 3
55684, 748
34843, 974
14610, 356
52489, 93
615, 293
15615, 333
35628, 479
29943, 133
8272, 282
3628, 298
52676, 246
8986, 928
19429, 449
34968, 571
26530, 687
10039, 668
36108, 17
43154, 808
47279, 999
32156, 490
50871, 610
46069, 789
34356, 957
52210, 77
55030, 848
38874, 961
9186, 555
58047, 708
54353, 717
56906, 594
36735, 184
33114, 845
33976, 725
572, 292
33781, 335
20991, 147
55318, 612
56524, 283
58399, 460
21190, 33
48452, 154
52865, 345
13049, 217
14193, 370
53247, 252
13465, 336
3028, 841
53613, 951
37530, 3
54064, 362
20891, 276
56922, 640
55844, 788
51043, 579
24038, 690
54808, 431
7253, 706
56844, 337
1244, 207
55292, 513
58371, 691
32968, 655
19921, 21
19045, 418
37447, 197
12400, 904
12338, 777
8420, 678
27817, 757
9303, 372
14177, 435
55566, 374
12494, 628
11551, 151
58128, 115
52556, 992
33647, 946
26766, 359
37312, 963
15240, 630
6920, 953
39074, 900
19867, 929
26618, 827
15416, 567
12470, 69
52306, 194
30353, 246
47626, 29
20761, 914
27904, 452
55343, 911
7225, 774
9738, 409
34891, 980
43067, 227
56380, 780
57255, 942
9181, 315
59442, 706
48759, 522
25786, 930
55134, 800
33211, 557
19143, 90
45693, 795
43014, 471
701, 495
11773, 925
43777, 905
12300, 443
42506, 720
8519, 679
17627, 896
56199, 44
33077, 33
27197, 862
13280, 376
908, 240
52995, 335
47419, 833
4400, 3
41607, 586
39685, 668
52590, 643
57985, 276
45440, 191
20807, 327
20843, 754
49322, 689
58386, 431
33806, 704
1813, 737
42977, 392
19581, 229
9496, 331
4779, 329
63, 34
24539, 138
47158, 182
51408, 617
28328, 75
16227, 890
24741, 53
47171, 723
23247, 500
53589, 29
44479, 161
23133, 415
51461, 251
2172, 348
42757, 60
47859, 473
27379, 602
48003, 548
40890, 677
11491, 743
1184, 310
10200, 798
37057, 797
57231, 595
27708, 693
13486, 252
58740, 269
30935, 56
11975, 503
48401, 616
51000, 676
23962, 596
54523, 363
30486, 614
35298, 804
51919, 279
30921, 552
45949, 186
48833, 956
19810, 232
59394, 600
3607, 937
11330, 33
25454, 532
39392, 227
36008, 46
14132, 15
40130, 34
51695, 907
18963, 130
58512, 16
40888, 877
43319, 342
6199, 896
37692, 474
42829, 446
38985, 181
50626, 491
44707, 124
15721, 642
38818, 640
57180, 598
9408, 327
11559, 542
45094, 215
13518, 983
33615, 234
11536, 732
38957, 380
40815, 434
37486, 776
7170, 346
29360, 289
53424, 196
57548, 67
42089, 817
23724, 938
8605, 614
29872, 875
59468, 530
29639, 856
42013, 501
4329, 625
26404, 618
11137, 576
35039, 593
17501, 484
23555, 911
10998, 851
15824, 768
11933, 442
32373, 276
52544, 961
8378, 564
14720, 574
43760, 12
646, 500
20440, 234
29603, 741
9257, 300
12492, 917
16833, 749
29035, 149
27955, 603
52754, 869
29104, 563
23488, 868
52240, 909
55574, 123
581, 546
27919, 805
37186, 640
41418, 591
45666, 417
33506, 97
30910, 101
48402, 786
13817, 745
47948, 974
40280, 730
19432, 605
35936, 291
30792, 994
37192, 513
43404, 992
33637, 646
58639, 726
45251, 52
46736, 595
12509, 948
55266, 511
23189, 931
2770, 357
47985, 460
13661, 737
22813, 739
1131, 846
48145, 696
3594, 693
27811, 8
32538, 361
37196, 84
41306, 468
9812, 977
24787, 462
12301, 806
54074, 683
30009, 497
8304, 854
34838, 689
55862, 850
30920, 839
57072, 820
54272, 381
34972, 995
38765, 202
4993, 834
22776, 461
18580, 856
16165, 841
16156, 821
36101, 79
52116, 858
8305, 75
49969, 738
41479, 913
9515, 220
10924, 625
37005, 464
44879, 372
12385, 662
46670, 146
938, 11
23722, 221
18332, 607
58706, 81
44518, 496
31028, 653
34614, 287
6076, 333
13551, 704
3700, 244
47636, 305
13866, 370
7652, 78
45089, 4
40311, 528
380, 760
21549, 693
44971, 373
56835, 319
54373, 754
425, 704
17367, 702
20556, 748
54195, 749
2881, 666
43819, 933
188, 775
16520, 388
46371, 380
26168, 218
49907, 815
13478, 387
43525, 595
43658, 692
20788, 194
15646, 163
36136, 249
27333, 852
10078, 206
27503, 906
7846, 894
32857, 509
48698, 293
12226, 121
39045, 904
5520, 448
46427, 327
41026, 161
51243, 346
15350, 492
8594, 497
4600, 892
53470, 510
37965, 1
15078, 70
25097, 58
58547, 856
21220, 92
24057, 659
36403, 763
5682, 516
31340, 976
54880, 113
31997, 92
32975, 413
43899, 982
6141, 18
52827, 156
58744, 429
19716, 148
31868, 390
27264, 545
50413, 558
4125, 533
4808, 318
23462, 557
10188, 822
56907, 437
46171, 518
540, 421
56795, 148
47262, 148
9393, 529
55981, 963
25904, 444
51950, 279
18341, 575
30780, 352
26904, 596
28996, 715
19321, 93
570, 945
47506, 206
8869, 765
2855, 376
4432, 453
2942, 136
47256, 57
27327, 569
32556, 868
53961, 742
4087, 665
40151, 916
4581, 676
35000, 874
24750, 643
52095, 377
30502, 867
3305, 771
19639, 222
5669, 412
44446, 644
5694, 293
1323, 946
12933, 842
52170, 400
15770, 184
56377, 217
21167, 193
2136, 71
6313, 276
53769, 336
3472, 118
15058, 323
517, 788
50662, 556
50080, 82
15600, 694
21325, 745
29644, 104
20321, 945
17435, 828
52715, 834
33521, 376
31140, 782
4758, 18
17804, 652
56277, 118
7187, 756
34678, 849
45362, 691
45566, 760
22320, 181
39616, 437
38917, 75
56522, 708
9188, 619
59733, 305
59, 348
57749, 612
38621, 989
48362, 484
13222, 334
49411, 508
47100, 265
42739, 691
3516, 271
17821, 230
4944, 892
1040, 604
57240, 322
52940, 112
44409, 210
57958, 706
22863, 296
27800, 371
55163, 373
18123, 332
41413, 543
20605, 515
195, 764
16129, 289
4907, 196
25210, 326
12062, 917
22914, 240
44179, 633
22521, 5
8822, 599
46209, 708
36438, 292
10626, 109
13959, 409
49247, 363
58445, 105
26317, 528
13299, 355
50211, 36
16116, 673
22946, 989
27510, 61
39503, 269
49959, 527
38462, 232
51051, 718
41421, 894
47509, 986
8062, 383
25597, 736
20028, 934
32512, 978
52639, 608
26862, 733
24036, 642
24159, 907
1435, 574
38198, 837
12615, 54
56482, 144
39517, 156
18441, 12
12228, 571
27221, 314
56415, 736
17941, 827
19973, 311
52711, 439
59212, 911
51319, 496
48823, 13
36701, 417
34874, 676
12833, 771
28568, 76
45971, 121
26745, 951
1830, 105
9748, 924
21170, 170
31937, 995
12352, 301
11928, 973
42999, 284
40252, 449
45625, 16
38959, 27
45194, 114
10026, 11
11011, 78
44808, 442
34443, 161
13239, 224
38716, 111
22089, 50
19344, 184
15560, 631
18325, 266
49352, 492
59284, 82
45573, 715
670, 23
16344, 207
50253, 669
46840, 988
17814, 117
20631, 503
12545, 177
273, 645
56165, 772
17709, 51
36888, 857
27293, 641
25921, 894
11816, 365
40824, 102
58993, 39
44840, 729
15762, 761
49663, 588
33034, 523
37996, 171
4106, 474
25360, 71
54775, 494
26110, 970
23876, 178
2497, 612
58376, 581
45904, 616
30518, 104
26080, 831
43470, 684
25593, 91
30925, 665
25278, 61
37706, 733
6577, 324
30294, 532
38588, 135
26705, 766
43761, 401
59990, 403
26074, 725
50213, 663
40488, 523
46564, 592
12847, 643
23523, 398
59898, 535
43409, 559
8957, 564
24955, 637
10830, 33
851, 841
50736, 837
48317, 523
55486, 620
45479, 239
56036, 46
24625, 427
34758, 682
49184, 175
26313, 315
52757, 311
24131, 879
49993, 568
34301, 170
54266, 367
37567, 6
12486, 975
53555, 481
38906, 719
30422, 173
46538, 98
6077, 725
9451, 725
58959, 59
54010, 963
18298, 223
55521, 22
50181, 858
1161, 866
32899, 221
50708, 204
5042, 505
36357, 739
20489, 997
43727, 89
4452, 651
42860, 653
36654, 405
49617, 920
55715, 192
14123, 767
35114, 537
32137, 631
39203, 788
44290, 295
17634, 45
11590, 932
37769, 698
26630, 206
32502, 334
5645, 918
31569, 83
43202, 657
6703, 215
16683, 399
15907, 763
24199, 83
34201, 735
42396, 157
5006, 879
9797, 994
53927, 213
10179, 455
7953, 286
41792, 927
20016, 456
11050, 717
28836, 937
16070, 38
17054, 757
1760, 188
11485, 735
15710, 502
45680, 807
28682, 365
37669, 309
14638, 422
6337, 941
55247, 107
35207, 324
18247, 900
38053, 857
38726, 997
53789, 357
55793, 998
37080, 295
8240, 578
29474, 344
14999, 66
17778, 438
50612, 61
36737, 333
1900, 250
13629, 397
22747, 263
34786, 526
25508, 727
10829, 431
25338, 414
34145, 847
41682, 150
50833, 697
37526, 948
15897, 819
6515, 570
42624, 9
25665, 247
1972, 156
21569, 923
55559, 582
5550, 432
36486, 200
39020, 497
40892, 318
57852, 601
37108, 772
56601, 33
50297, 2
24164, 330
3867, 109
15717, 912
56712, 106
34791, 946
6490, 714
35105, 810
30581, 838
21180, 353
25565, 236
31760, 291
26287, 241
439, 463
24266, 301
16506, 996
47077, 502
46154, 294
40626, 343
49469, 191
22245, 399
45376, 25
48686, 336
19945, 236
44562, 373
26996, 819
31675, 33
53062, 64
10322, 824
39204, 859
1160, 126
331, 813
19074, 847
24126, 777
37998, 286
5591, 592
7952, 680
22722, 297
56689, 270
52144, 841
50619, 336
59482, 298
47014, 818
1621, 273
58757, 251
21390, 102
45178, 451
1084, 722
32499, 918
47950, 436
28918, 597
20132, 416
48962, 804
59799, 397
14363, 138
10486, 198
39739, 719
40123, 766
50704, 714
35693, 170
50528, 56
57191, 645
22025, 980
46241, 312
18394, 76
28090, 215
30283, 756
21576, 704
14654, 140
27513, 821
19055, 336
16307, 381
18957, 636
2970, 53
20294, 858
16917, 423
38902, 724
49532, 579
27688, 792
53153, 876
41511, 897
35923, 228
26668, 55
57579, 328
1287, 96
15910, 74
50563, 349
12596, 845
18539, 701
3062, 683
41662, 260
53099, 948
3033, 536
11750, 316
37955, 915
46810, 709
11926, 350
9643, 528
32608, 792
38796, 349
47467, 309
42074, 235
55775, 678
52934, 196
55078, 422
21729, 217
38035, 67
26830, 258
38698, 968
8871, 890
18715, 255
45046, 996
45593, 334
10287, 580
20778, 789
15787, 576
42323, 313
23211, 781
33849, 305
26827, 875
9540, 667
54670, 829
49419, 813
13686, 93
48894, 150
59571, 508
45922, 62
10958, 107
18416, 328
26935, 711
33233, 57
4831, 456
33848, 850
1070, 474
211, 410
35694, 185
42586, 382
29726, 709
32116, 816
11615, 918
23399, 127
661, 247
35674, 384
7105, 490
101, 126
18749, 577
179, 53
16974, 369
21943, 270
34363, 191
57828, 102
23077, 184
11832, 849
48646, 577
53690, 701
2963, 602
50691, 306
35087, 544
41788, 53
38074, 16
10424, 348
37367, 407
40784, 871
41256, 517
44687, 261
52649, 485
53166, 140
11147, 977
58134, 613
57805, 91
6989, 595
8501, 251
51593, 190
11362, 880
42781, 419
51924, 759
40323, 847
16545, 151
56452, 495
48396, 218
57931, 359
38306, 997
51785, 126
23882, 602
57363, 741
22766, 150
40624, 378
37953, 31
48768, 305
28466, 285
14408, 536
44949, 667
21588, 484
19503, 577
3025, 470
13023, 795
43384, 884
54660, 227
38682, 498
1092, 598
35505, 480
40062, 778
7073, 350
17269, 997
35250, 983
55514, 758
38962, 419
39371, 338
35233, 540
33787, 354
2924, 151
59805, 665
33742, 131
45385, 895
54920, 251
14548, 355
9870, 47
30399, 684
55013, 217
21021, 975
26780, 24
58817, 552
26205, 713
24348, 166
27057, 752
17315, 357
17569, 693
2503, 642
49583, 631
3658, 82
10582, 401
14883, 742
5701, 26
45859, 92
28997, 353
55635, 396
47337, 431
51017, 73
57772, 203
13696, 432
41930, 723
37614, 82
2520, 714
38296, 82
53308, 128
16989, 540
39904, 174
50094, 134
7654, 150
50106, 894
12360, 719
40662, 117
28886, 651
18303, 172
56832, 281
53908, 872
37533, 169
25132, 204
32218, 556
7012, 450
54918, 256
41028, 506
39457, 263
6115, 831
47089, 499
48216, 677
28954, 595
58009, 784
55434, 512
35715, 29
33413, 875
13797, 232
17226, 118
46973, 880
18235, 267
43559, 406
30413, 50
7553, 598
21958, 552
13842, 558
40914, 694
26610, 614
23150, 37
49141, 649
27744, 475
1988, 722
15636, 961
21761, 487
7066, 164
19080, 955
14147, 2
3766, 168
19905, 617
3954, 638
28532, 310
36351, 418
51399, 885
35916, 555
37054, 661
6412, 999
398, 566
11537, 576
32709, 31
57046, 805
19814, 392
40337, 406
16175, 547
20534, 603
47389, 647
57617, 746
59987, 389
49458, 385
42749, 474
19481, 322
38174, 247
17132, 117
57727, 627
18017, 260
40885, 21
11167, 969
35611, 639
23624, 823
32791, 302
54431, 49
41889, 615
13794, 898
41307, 2
49200, 257
23136, 844
24046, 128
53173, 55
35397, 238
35154, 512
2042, 144
26773, 826
32912, 673
28630, 682
16809, 168
32519, 949
11994, 943
23865, 768
37551, 348
15504, 656
46936, 363
6351, 549
36378, 80
23494, 19
58394, 574
10862, 75
19683, 594
16781, 495
19686, 410
55083, 966
36045, 406
44443, 706
32521, 907
8665, 50
26241, 922
444, 612
38192, 32
9882, 41
36167, 387
46123, 205
25962, 203
32359, 105
56245, 386
49381, 430
36776, 766
7902, 594
14793, 56
35322, 256
36626, 785
27297, 102
17928, 578
20333, 609
49645, 109
3797, 393
18477, 598
21850, 742
37063, 163
26464, 100
27862, 11
46812, 168
24813, 838
53734, 254
17372, 619
35513, 797
16946, 588
3100, 240
36177, 93
2646, 645
37541, 358
39267, 553
17029, 491
25672, 132
20008, 217
46518, 941
57830, 494
25476, 513
18772, 736
58863, 946
1727, 71
40334, 644
36142, 996
5065, 653
59926, 560
42311, 56
57688, 971
25809, 744
15320, 430
37903, 393
51994, 800
33453, 347
22849, 548
1205, 854
20239, 736
35236, 760
35200, 287
3590, 77
49055, 771
50538, 396
54149, 543
18066, 155
32689, 513
11396, 719
56950, 925
55273, 42
44623, 579
36417, 925
19502, 876
17514, 294
45788, 370
2697, 757
53400, 67
26537, 207
18176, 532
22432, 787
22515, 166
46136, 302
11619, 957
27731, 752
48251, 250
41756, 614
12632, 756
45180, 38
38949, 253
32864, 178
49686, 992
22581, 6
51397, 822
51120, 970
5156, 164
7274, 513
7939, 150
49400, 222
33652, 240
35696, 560
2059, 547
52160, 62
40576, 946
42173, 595
12175, 158
41550, 15
14227, 391
20313, 258
12834, 806
24919, 903
25613, 386
55402, 447
33090, 752
39353, 671
26192, 481
44244, 303
3201, 375
15692, 488
15559, 542
50195, 972
9215, 126
22467, 0
57942, 424
36866, 458
38577, 541
28791, 22
29156, 572
7185, 219
47104, 274
23030, 684
13645, 682
45410, 301
27757, 338
30745, 652
35371, 271
46118, 270
55117, 513
37761, 679
19239, 244
4722, 149
587, 371
38801, 870
29393, 379
32676, 151
39441, 948
46567, 777
50849, 681
48103, 229
48015, 442
45409, 172
47737, 292
11941, 780
49774, 181
39570, 200
8402, 782
6449, 785
22671, 87
38987, 439
12522, 302
33805, 450
51899, 23
22931, 665
33308, 913
7485, 640
33684, 654
58045, 984
46912, 546
22956, 167
7397, 59
18064, 307
32741, 245
30904, 336
8034, 489
2306, 640
32062, 834
6586, 992
9059, 602
13358, 992
24317, 831
47153, 94
25428, 997
18981, 533
22768, 116
35271, 204
43944, 708
30927, 474
54557, 274
29384, 867
2759, 744
31472, 815
54782, 755
27398, 248
53162, 988
22998, 47
10422, 201
56059, 745
17471, 435
37678, 826
34792, 321
15618, 283
7749, 934
32785, 213
49498, 439
42338, 935
29835, 738
42709, 136
8419, 699
19611, 958
40361, 47
3207, 974
58481, 931
58654, 671
44561, 437
46102, 564
13756, 9
43253, 558
26268, 153
39039, 748
10029, 985
56324, 317
44274, 911
40219, 398
58816, 99
44310, 698
24538, 771
46148, 3
44460, 219
55126, 462
46411, 800
12034, 398
48100, 978
25104, 984
15958, 485
1809, 467
8654, 269
20399, 264
16932, 339
1020, 672
8951, 691
2425, 555
22848, 628
52016, 670
42872, 854
43856, 409
21988, 273
56752, 651
19491, 472
35846, 993
27704, 304
20916, 973
3650, 718
13877, 428
56015, 102
18787, 95
11855, 600
2756, 785
55614, 191
51201, 991
47165, 98
27290, 904
28972, 918
42416, 780
33073, 400
56050, 209
52517, 607
53069, 689
36736, 377
6398, 117
44236, 365
18582, 743
2152, 559
2349, 658
47664, 434
56535, 257
59820, 726
21267, 493
19786, 397
12802, 834
47686, 569
10291, 973
44588, 366
14877, 912
9680, 215
56370, 227
53299, 948
56420, 938
47632, 817
15687, 537
34110, 348
22738, 697
59986, 638
1826, 330
24823, 605
42652, 707
2440, 97
49965, 738
10928, 883
58571, 733
14558, 804
54731, 493
1858, 738
13490, 179
38132, 882
46488, 716
656, 774
49429, 464
49120, 17
38359, 846
4041, 550
42271, 542
12289, 190
21845, 328
30075, 89
44893, 563
35862, 349
13157, 950
49095, 192
11453, 875
36783, 80
43188, 823
18741, 24
50345, 362
24936, 566
8117, 265
23766, 324
16608, 305
44776, 551
59959, 924
23791, 168
41771, 265
3847, 316
4977, 862
37241, 22
12393, 790
48525, 65
21969, 544
23921, 705
33750, 40
21092, 451
28827, 802
25714, 587
49928, 392
12013, 471
323, 730
50482, 912
55219, 207
49094, 722
37747, 772
57367, 959
9735, 513
46055, 551
803, 349
40705, 547
26594, 248
31287, 543
50447, 648
36778, 591
59085, 885
32733, 130
33074, 225
4780, 542
2664, 449
34245, 819
4660, 636
42008, 902
12253, 712
33105, 287
25907, 742
37038, 293
26513, 26
56508, 890
55081, 433
22942, 275
45907, 330
6486, 692
52632, 157
30975, 811
3689, 415
9529, 334
10093, 607
18499, 221
20866, 322
25464, 949
42095, 663
39654, 727
41674, 907
2526, 161
56388, 683
29371, 94
36705, 882
12395, 446
52358, 938
15491, 89
56646, 468
27468, 412
34669, 700
11719, 642
17145, 538
19285, 20
53805, 538
25739, 826
44878, 689
5780, 125
55767, 280
15956, 434
57474, 18
23311, 849
56171, 695
1977, 986
36952, 516
12504, 384
26220, 310
31823, 69
13772, 216
26346, 562
5684, 414
58458, 589
27976, 115
36224, 678
4302, 720
2738, 111
16440, 861
51995, 935
31108, 669
26564, 382
53946, 60
33575, 656
8439, 144
23063, 684
9113, 452
24363, 833
6696, 475
7849, 865
41459, 849
38835, 409
54147, 565
11463, 795
50152, 980
27562, 557
7739, 0
58486, 113
35527, 862
42746, 1
24929, 208
41557, 501
52507, 712
57921, 178
49864, 33
39423, 439
23545, 471
10375, 282
40875, 643
24299, 297
54545, 301
37642, 597
42535, 127
7937, 1
57482, 456
35808, 719
52350, 268
34721, 524
51274, 90
49415, 326
56038, 195
31122, 661
10231, 614
11645, 397
31847, 506
1265, 202
15454, 655
1588, 468
24837, 572
46811, 416
56534, 90
36816, 716
59243, 836
6521, 569
41626, 505
9382, 212
28894, 850
2762, 532
50124, 65
51629, 887
33117, 215
10888, 422
39258, 344
14448, 734
59169, 865
15153, 220
50929, 174
50477, 286
8274, 103
54685, 567
7543, 949
41654, 135
15852, 920
34800, 270
23569, 850
48061, 940
18601, 3
4441, 86
51875, 348
6073, 1000
24582, 10
34771, 538
44646, 335
8627, 519
49214, 195
47974, 974
38127, 420
19739, 315
50047, 501
17198, 402
46779, 539
43273, 750
7479, 735
39885, 370
1243, 515
25831, 943
54430, 739
54230, 378
27488, 757
11265, 390
30090, 362
46458, 69
39673, 444
27152, 989
27049, 440
39114, 174
17081, 181
457, 286
50438, 425
48248, 53
47519, 814
16105, 195
3834, 227
4157, 930
47723, 283
55452, 66
51555, 236
16064, 55
3147, 467
1752, 497
47954, 465
27190, 64
53313, 292
9686, 647
191, 909
34508, 143
32731, 0
19815, 385
48509, 242
53229, 241
49811, 767
3095, 50
33883, 493
56353, 667
22388, 383
26349, 383
20753, 918
57604, 661
23108, 785
13735, 416
9988, 614
55723, 497
38756, 401
55547, 337
56099, 974
59972, 730
39931, 376
23354, 213
57962, 375
1979, 744
18482, 987
46029, 273
52298, 530
58534, 19
28313, 485
31210, 227
18829, 445
19520, 855
14571, 108
37630, 523
43268, 912
58492, 587
43610, 527
29540, 952
4257, 619
34566, 845
23391, 965
50825, 911
55654, 826
34901, 967
44973, 330
29619, 177
34672, 352
47344, 252
15006, 909
25533, 799
42890, 366
58704, 353
57829, 610
19681, 214
44849, 239
35292, 81
30496, 297
13876, 780
40569, 114
7444, 511
34452, 563
37021, 599
5434, 733
34114, 264
27624, 68
39015, 378
21222, 390
30896, 469
52924, 915
23165, 183
41937, 132
47249, 468
30601, 305
16239, 931
24312, 474
1347, 346
29891, 778
15567, 410
34300, 424
18467, 474
31981, 998
22192, 253
14320, 305
57645, 434
35535, 946
6824, 518
28673, 924
30628, 490
54736, 316
15977, 129
730, 951
35763, 533
43170, 527
32847, 272
1941, 894
40789, 717
43038, 502
8962, 747
12877, 893
14305, 630
31448, 560
52164, 294
56762, 836
43299, 251
36770, 650
21737, 629
6384, 277
26690, 268
28723, 371
23601, 89
38572, 762
56565, 962
28675, 247
3533, 408
11597, 589
36203, 147
42657, 689
46532, 773
50453, 469
301, 774
54221, 614
8790, 54
14468, 341
20535, 561
16842, 337
57177, 955
2527, 728
12007, 671
11338, 685
18154, 41
42063, 739
39821, 352
12795, 858
49237, 762
26215, 2
57491, 821
49043, 898
28435, 494
13081, 695
11869, 478
17220, 114
7716, 387
16487, 563
54496, 363
927, 365
33710, 64
19370, 793
5342, 827
56187, 112
18891, 761
8036, 650
52266, 53
6640, 153
30011, 60
17755, 962
57702, 818
16749, 776
49325, 281
26171, 36
39774, 232
33457, 282
16244, 920
57644, 558
46540, 874
44755, 484
40439, 734
42813, 381
25202, 855
45868, 867
7481, 45
53211, 84
31878, 676
37611, 35
50927, 672
54298, 703
14709, 709
23537, 978
40966, 54
33693, 129
46954, 877
35293, 772
3970, 992
26423, 919
28967, 627
36892, 345
23893, 949
11795, 793
52312, 273
46725, 381
22582, 88
17823, 563
43882, 353
54301, 617
25061, 864
58243, 349
34104, 443
49266, 409
3341, 286
30029, 924
47136, 944
18318, 974
7300, 632
38858, 319
32069, 838
57977, 920
13887, 181
9614, 793
18840, 143
24394, 836
29981, 249
31801, 854
48512, 919
28899, 780
52399, 374
59375, 728
49570, 376
46724, 669
57885, 615
45883, 659
8001, 644
16923, 980
43736, 343
56150, 257
51470, 103
36184, 401
54752, 185
5576, 418
14314, 792
12153, 356
57625, 163
32722, 54
1527, 791
27601, 347
36499, 166
47223, 436
46531, 157
7617, 368
57572, 412
32883, 386
51266, 659
36806, 878
41795, 342
58001, 325
23232, 529
5049, 741
20310, 750
49205, 475
56650, 297
21161, 582
21075, 458
42147, 220
54494, 866
23288, 889
22223, 478
26005, 277
54844, 932
30115, 736
14243, 702
17740, 177
16669, 398
47702, 73
3074, 568
50415, 140
28447, 217
2706, 450
29019, 594
29996, 720
43272, 841
24063, 478
24840, 996
25363, 508
35700, 629
47487, 165
57085, 595
15380, 742
38817, 89
8126, 282
17047, 421
21214, 497
46630, 769
54644, 137
49623, 971
49114, 978
5443, 621
58662, 984
6984, 589
22798, 249
30377, 135
50684, 647
29447, 586
8358, 348
30593, 752
6048, 69
30782, 105
55505, 755
1452, 891
32745, 457
27784, 160
10105, 621
9946, 310
6221, 102
17576, 493
32386, 391
18187, 73
12887, 153
14637, 300
4541, 143
19160, 670
29453, 582
58193, 560
54894, 869
1768, 545
11410, 309
46884, 945
6227, 534
23612, 869
25458, 893
17697, 233
46079, 539
32563, 660
35074, 546
49519, 782
25389, 21
41388, 298
39965, 665
34562, 842
30773, 472
1503, 862
55427, 141
31274, 937
30469, 370
27369, 267
2480, 914
58617, 663
2906, 472
421, 64
46643, 685
45212, 316
58586, 141
56045, 617
52307, 316
30606, 67
4580, 869
15892, 969
53874, 199
26415, 204
32888, 276
51183, 786
52187, 270
19650, 842
6659, 660
34558, 31
14240, 503
31975, 58
43844, 860
53464, 756
28123, 414
6309, 245
57365, 14
21305, 557
33303, 194
5054, 296
28087, 564
46124, 630
45501, 811
2020, 665
9421, 397
24411, 116
20521, 790
37502, 62
58502, 452
47103, 23
43989, 179
15143, 774
31166, 721
17009, 761
49098, 89
21700, 403
17829, 486
52082, 766
44709, 56
28646, 97
12230, 123
14020, 159
49308, 447
5181, 959
32784, 839
25540, 63
21090, 157
32586, 449
47237, 370
8396, 991
53236, 965
16677, 645
17219, 642
22077, 799
18227, 247
39934, 120
13566, 549
12678, 796
42380, 622
34877, 994
59163, 837
26019, 674
8319, 420
11358, 174
16350, 649
41977, 758
24271, 128
27033, 228
22563, 492
19207, 481
41313, 215
29832, 27
20425, 181
48788, 66
16900, 758
34693, 115
46167, 564
25257, 906
5864, 22
1451, 578
51, 470
54931, 823
22331, 190
54184, 214
11438, 84
34374, 186
31504, 433
19327, 50
31821, 250
34875, 315
19179, 993
42562, 127
25678, 690
53558, 890
58753, 783
25325, 167
45629, 289
21073, 439
13851, 380
26589, 196
58700, 989
44386, 350
13741, 942
37944, 915
5372, 229
57893, 420
1414, 678
55385, 459
33988, 690
21625, 982
38065, 159
28278, 626
16249, 449
58166, 825
26970, 735
56360, 539
24613, 9
1535, 687
59623, 604
47387, 202
27821, 30
31253, 4
47372, 838
51784, 46
41115, 982
8101, 743
2505, 294
45765, 641
46787, 15
20229, 873
4919, 566
33915, 856
53039, 718
22394, 745
55314, 773
43282, 441
44531, 933
59353, 207
20837, 631
38978, 693
46589, 972
28462, 940
56115, 948
57198, 787
9307, 918
32159, 622
2269, 913
24709, 449
2053, 842
52505, 209
34493, 543
26933, 196
34611, 629
52472, 569
34477, 277
20189, 630
8774, 989
2990, 521
2252, 10
41878, 356
58990, 670
54834, 502
30185, 534
17641, 319
48786, 790
22094, 313
45444, 477
1173, 692
42229, 630
36137, 327
34097, 639
32198, 875
14495, 4
49034, 237
44782, 114
56935, 448
11095, 424
14271, 480
17584, 633
42497, 340
15592, 846
8783, 877
39270, 532
3086, 375
30686, 518
42420, 303
38701, 559
29919, 322
11353, 359
15034, 998
43213, 740
55346, 798
8504, 305
46377, 624
12358, 787
44831, 264
47606, 889
12431, 186
9676, 582
28246, 743
932, 400
2960, 996
40675, 174
35938, 834
14850, 222
40621, 490
55864, 350
5940, 397
21316, 993
32433, 253
26018, 727
47956, 905
23684, 390
50992, 827
23386, 609
38300, 488
38938, 112
46664, 407
52761, 319
16527, 599
5569, 50
39402, 218
40120, 113
5150, 588
45420, 648
25805, 178
21373, 746
44298, 400
24282, 804
14184, 241
44765, 431
23347, 540
55878, 997
45799, 605
16335, 570
24546, 696
54352, 106
31971, 384
53184, 632
22011, 886
30713, 114
17332, 173
33732, 945
34984, 399
54359, 888
55053, 148
52889, 893
16471, 209
23291, 301
45403, 404
57099, 116
19767, 503
9402, 124
51433, 451
9953, 457
13698, 75
4117, 164
19099, 219
13663, 961
23838, 1
45101, 366
39666, 575
34505, 861
55197, 491
45770, 174
14894, 132
27477, 77
22137, 681
44217, 298
23534, 29
36725, 491
13589, 829
55435, 227
40418, 119
54791, 897
48007, 851
19506, 652
28757, 475
1578, 203
34743, 679
8792, 913
51315, 990
13923, 898
15107, 639
53121, 479
23310, 707
24983, 710
59879, 8
17180, 54
20640, 389
12125, 369
2955, 168
3222, 44
40028, 560
50687, 996
2032, 935
15472, 631
11005, 404
38434, 605
25445, 778
44710, 956
48496, 341
32273, 686
14918, 545
38551, 237
48665, 287
46354, 114
13633, 641
50475, 509
8266, 654
10614, 707
40556, 170
29711, 512
10356, 918
13716, 267
10365, 908
5454, 326
31024, 746
42084, 511
43262, 803
26703, 931
50641, 971
35405, 832
7499, 774
28213, 348
17753, 787
49171, 721
28554, 612
10551, 5
44027, 158
40052, 188
1873, 805
45795, 340
30181, 189
47264, 529
40375, 341
33567, 522
23210, 520
34549, 521
50028, 190
5674, 921
53701, 282
29787, 532
39137, 420
42661, 342
32470, 583
34756, 690
52054, 778
16176, 243
13451, 813
10918, 316
40852, 334
12949, 144
46907, 364
11893, 597
983, 252
47024, 895
2019, 592
18806, 204
1967, 988
57244, 939
13793, 715
8318, 514
1944, 347
15932, 83
58510, 926
21404, 354
39285, 397
38517, 139
49535, 39
35043, 694
59999, 948
13606, 184
22254, 174
57124, 626
56619, 829
39107, 647
9770, 27
16314, 78
28687, 750
13954, 117
18426, 896
27965, 73
32111, 411
17026, 516
11852, 84
31252, 306
10845, 865
32544, 402
21602, 62
1851, 643
32193, 400
52355, 483
20455, 776
43923, 930
13040, 85
53776, 859
5331, 178
36325, 520
2315, 354
13148, 410
57163, 388
44635, 600
53080, 930
35343, 646
56981, 951
59598, 165
14010, 729
2093, 348
40154, 613
59237, 473
38277, 150
13694, 943
34906, 734
54333, 550
35172, 977
16981, 809
41176, 760
43080, 520
52224, 910
41150, 635
2982, 28
11379, 251
17505, 175
7222, 958
3877, 157
4569, 168
42650, 997
42773, 446
1253, 58
11806, 878
15654, 783
40975, 539
3748, 282
55323, 864
53750, 243
591, 18
51571, 390
6316, 143
43398, 384
47468, 101
30917, 345
11343, 41
26769, 344
21113, 284
55928, 810
25980, 475
29254, 701
38830, 993
13677, 136
51928, 659
23753, 717
23469, 990
5365, 806
54291, 4
22118, 780
54484, 94
42643, 791
33452, 621
35714, 92
17818, 464
15926, 894
51595, 830
47876, 656
2251, 526
41449, 758
20772, 763
16906, 501
8452, 856
38295, 342
5738, 310
15976, 991
39427, 507
19262, 345
53437, 396
43390, 256
38076, 548
19001, 827
59200, 397
51727, 919
48842, 774
3257, 336
18938, 594
27428, 976
42814, 911
1028, 456
41917, 166
11880, 874
17541, 624
35805, 721
20953, 334
5057, 213
22074, 371
18225, 291
42859, 68
18662, 672
22567, 784
1321, 497
21372, 438
24614, 144
5902, 17
17163, 81
3369, 176
54816, 673
50761, 636
50260, 583
33270, 16
21094, 377
40404, 243
8453, 498
53087, 887
21393, 632
4483, 536
16526, 334
27760, 795
59580, 142
81, 208
1024, 258
27579, 758
58350, 47
1318, 692
52699, 374
59002, 215
57390, 234
54393, 933
59929, 72
22003, 778
7788, 402
46773, 667
17458, 296
15218, 214
17669, 647
29861, 472
4868, 423
47452, 539
36754, 488
47877, 767
52166, 675
28178, 32
42597, 494
58783, 660
734, 287
26673, 6
5250, 38
11568, 665
26169, 484
11104, 911
39379, 974
12259, 739
21035, 35
29192, 616
10050, 824
29231, 710
58815, 292
19336, 885
27079, 857
15141, 286
7549, 544
7194, 166
36244, 406
24616, 61
31299, 802
58676, 70
23, 841
25291, 287
57462, 400
58064, 482
47521, 160
38536, 647
45233, 86
6733, 231
1742, 429
57588, 250
25124, 872
37340, 373
14142, 3
41324, 220
51323, 254
20838, 988
33564, 53
50723, 992
16620, 560
31585, 544
5720, 391
40659, 499
20835, 598
2806, 296
5484, 552
38641, 876
54672, 552
45716, 994
35624, 116
7087, 734
1337, 304
59523, 849
53739, 799
58736, 315
23040, 57
18046, 319
19181, 343
13619, 705
2838, 398
25403, 527
38152, 97
37664, 247
23428, 208
55313, 362
49712, 586
35412, 472
45582, 227
42150, 192
36035, 1
21101, 501
24060, 354
49860, 896
16098, 871
2945, 886
48458, 594
29822, 322
16216, 886
3494, 252
29574, 634
9431, 514
16915, 957
49831, 719
7324, 679
56551, 574
48138, 685
31262, 302
13366, 392
22995, 182
42318, 151
37586, 632
52293, 305
23751, 17
18833, 449
7387, 252
43962, 942
55629, 371
21296, 513
58852, 690
3816, 839
38720, 614
39260, 263
48324, 436
56097, 952
51915, 314
48243, 577
37938, 635
14833, 164
9079, 21
17653, 454
33375, 804
11971, 600
26456, 3
22378, 220
7981, 994
12523, 447
19655, 664
22471, 698
54463, 43
20461, 946
20133, 961
18979, 838
6499, 267
20722, 146
5411, 661
5070, 731
3296, 912
13614, 787
8075, 84
51758, 705
25972, 86
22293, 429
28807, 262
10682, 320
27178, 743
44844, 103
9483, 199
59737, 757
43244, 719
9164, 779
27867, 47
33887, 422
7875, 228
43970, 481
2592, 557
168, 664
38593, 739
42954, 980
6497, 395
12853, 130
13766, 700
57836, 473
59936, 565
32034, 113
35385, 719
46489, 112
58919, 601
25456, 754
10666, 506
374, 617
50936, 947
44463, 222
22057, 549
38298, 663
52726, 478
59267, 950
85, 739
27174, 572
13373, 711
38422, 58
54680, 319
51797, 347
35977, 240
11425, 983
4619, 327
12529, 319
21182, 497
43267, 236
47874, 611
23188, 26
18304, 496
37550, 778
23502, 478
41762, 951
10669, 667
46749, 357
29110, 33
642, 980
24891, 109
37349, 894
34022, 358
6891, 850
31465, 689
2938, 114
26245, 234
20588, 112
50856, 315
16158, 25
12160, 581
25589, 339
30794, 295
56279, 592
54890, 351
13401, 835
42055, 565
55976, 426
8409, 8
10879, 639
20414, 168
40627, 763
2432, 940
30812, 188
6385, 819
283, 264
1841, 954
49270, 158
31245, 753
3032, 879
18835, 201
17065, 694
48163, 109
31723, 293
53239, 427
26844, 646
30839, 535
43046, 830
48098, 709
7088, 935
23609, 956
37215, 189
19244, 733
56609, 664
42602, 686
38875, 867
34876, 408
35773, 851
18051, 641
24578, 810
35957, 487
57428, 447
10969, 470
2245, 320
39148, 589
29465, 444
6843, 873
3347, 778
18007, 276
29112, 303
42620, 275
35753, 184
12279, 684
26696, 528
17599, 652
52753, 455
12845, 717
11758, 122
33438, 527
33062, 222
29539, 275
9484, 669
7491, 705
22221, 644
41855, 295
49023, 284
52342, 375
767, 855
22460, 84
51236, 119
11225, 745
6151, 20
36286, 553
28695, 26
31918, 57
15941, 595
39637, 303
49354, 891
24544, 292
53300, 806
40132, 170
5280, 129
46996, 767
15571, 916
18035, 679
43771, 395
42226, 238
58444, 648
42774, 68
4018, 937
2006, 201
4469, 133
21844, 976
55327, 230
52000, 320
49708, 895
17696, 145
26229, 894
25371, 881
54482, 928
17381, 387
24652, 744
14086, 277
42710, 978
59852, 630
38556, 615
27633, 346
53207, 261
18397, 93
39535, 265
52346, 631
7399, 132
29403, 729
57945, 602
44526, 991
51328, 176
44564, 61
5498, 323
48926, 965
6220, 443
1590, 427
43399, 433
24484, 116
32180, 13
12333, 997
18372, 122
34943, 153
8952, 8
59155, 533
43786, 464
22116, 738
15630, 919
222, 324
17289, 149
45167, 90
43208, 164
3622, 923
21031, 461
41294, 568
59247, 131
25679, 912
59519, 99
40599, 99
20088, 843
14663, 354
54638, 167
24669, 261
41820, 264
6584, 443
34383, 192
8093, 113
5574, 237
8316, 315
20834, 501
15804, 382
18414, 566
37220, 527
57972, 492
57078, 478
22986, 614
16043, 279
53493, 976
9067, 246
36694, 798
33499, 846
34592, 935
541, 631
58024, 628
59012, 266
38412, 296
38640, 918
57135, 214
11030, 655
6539, 891
36861, 32
41154, 847
44741, 288
3014, 549
36170, 386
27404, 880
44317, 112
49652, 526
7403, 828
58010, 728
42009, 356
28046, 243
4481, 339
1543, 632
45855, 227
14386, 335
15511, 222
24766, 642
50436, 44
16679, 364
19952, 783
17028, 261
33512, 373
41575, 548
22300, 2
36440, 980
16095, 809
11981, 599
44883, 408
42944, 448
41853, 218
21900, 666
36338, 687
34088, 92
2969, 613
20089, 688
53585, 727
52493, 919
66, 359
52029, 433
9753, 699
27026, 909
17286, 218
35141, 248
20473, 879
30251, 719
54321, 435
11734, 295
35588, 704
10382, 54
34895, 596
30158, 312
14657, 425
48435, 405
55099, 536
48062, 23
24198, 227
45258, 333
34384, 271
44228, 594
16010, 812
55483, 703
9782, 175
28441, 622
39432, 178
53090, 825
41089, 982
43909, 271
17425, 666
37379, 680
41565, 151
35801, 401
46270, 652
12196, 338
32269, 206
9004, 380
15349, 917
42156, 796
55545, 224
20990, 597
24635, 632
6927, 644
48397, 7
54330, 514
13470, 69
41900, 258
33581, 167
23464, 38
25178, 720
25634, 426
19302, 9
54383, 255
1299, 923
30135, 44
216, 571
45388, 810
56346, 339
55498, 114
3642, 419
56943, 471
59813, 817
29942, 185
33451, 190
42765, 565
18522, 589
57593, 610
17399, 932
4669, 456
27564, 391
26832, 761
40032, 876
38326, 848
43339, 638
19379, 499
27089, 193
19018, 411
21627, 369
56627, 778
4335, 45
17559, 653
32024, 549
54247, 501
4719, 421
10507, 775
40940, 822
35143, 412
10907, 923
37946, 391
52488, 331
57053, 335
54209, 260
58725, 471
10863, 137
6516, 595
1332, 387
41959, 376
58804, 746
11666, 142
13114, 846
21358, 304
33728, 998
13523, 916
16006, 877
33974, 33
11925, 209
33423, 273
39534, 171
40117, 132
30351, 264
20942, 120
12384, 214
12451, 773
43835, 644
7921, 362
26352, 747
36187, 617
16180, 85
33364, 733
56514, 952
8902, 645
50285, 503
42866, 157
23390, 411
52834, 934
54843, 552
52775, 530
41285, 595
52232, 934
25906, 277
27925, 393
31930, 239
10991, 237
18147, 985
46875, 756
52769, 657
18878, 726
19284, 554
3106, 654
53181, 269
39105, 881
11503, 455
25095, 107
17666, 863
13476, 157
47665, 385
706, 908
364, 62
46669, 205
50221, 841
37418, 601
293, 59
3653, 231
47938, 593
4489, 548
19097, 886
23625, 274
58271, 536
43220, 11
5811, 135
30824, 715
30274, 993
52840, 642
36795, 242
27217, 845
6178, 831
13493, 974
11774, 913
44371, 404
45853, 942
12032, 893
35008, 183
21200, 543
24781, 928
48059, 224
12568, 449
33224, 473
22658, 277
4355, 276
14109, 552
47777, 972
58523, 239
53929, 13
58705, 913
1920, 657
43052, 729
18572, 41
49018, 799
21968, 858
31573, 322
39157, 522
2300, 806
17849, 518
922, 92
13273, 472
34499, 560
53227, 400
16123, 831
19411, 398
28190, 220
1614, 872
57311, 93
49929, 538
12804, 655
41946, 757
33896, 163
28551, 421
12732, 842
1140, 975
34540, 953
9301, 227
7407, 971
12282, 94
21593, 190
6010, 426
47878, 856
10307, 547
43191, 696
1634, 469
14992, 575
12131, 119
32658, 167
2878, 211
7052, 342
41159, 314
7728, 699
28941, 498
19691, 734
32139, 460
16566, 772
25976, 850
45205, 956
8356, 101
48136, 387
2821, 233
37165, 795
27170, 905
44678, 459
20656, 311
15392, 910
50981, 27
30472, 491
46798, 761
40615, 649
1733, 502
56054, 360
38538, 226
10218, 702
31640, 432
44163, 933
22639, 223
12320, 216
30467, 921
36124, 618
46050, 629
28317, 217
14129, 662
49949, 794
53528, 899
54038, 412
47922, 324
7461, 996
30719, 18
25744, 373
24875, 125
16401, 796
57551, 123
1832, 550
26990, 384
41378, 607
1387, 912
42452, 467
14191, 646
49868, 571
51095, 500
53925, 20
1120, 74
57075, 233
48977, 940
29107, 475
17205, 166
30636, 270
6998, 1000
57660, 90
26072, 133
25890, 238
30914, 315
43394, 849
43998, 969
13318, 13
8649, 947
22031, 553
14986, 245
51098, 336
25446, 792
20391, 998
30207, 884
29326, 5
6268, 921
7327, 180
6882, 71
17438, 686
46476, 227
2412, 532
792, 690
13576, 790
20908, 305
32820, 832
24958, 498
17050, 525
37983, 815
34019, 137
3521, 982
52667, 194
28393, 53
37515, 140
47818, 377
6995, 622
29213, 684
4989, 858
13685, 551
21028, 446
48761, 152
9423, 215
15293, 19
43083, 914
9412, 518
57469, 26
16324, 165
2640, 301
19323, 428
25719, 49
49773, 799
38099, 267
58509, 136
54774, 330
7213, 872
24987, 664
7559, 134
54615, 459
30556, 146
57023, 763
20853, 32
49314, 921
19726, 492
38150, 315
43514, 677
6304, 148
47828, 17
6664, 585
47152, 341
56215, 338
32713, 576
53640, 510
45193, 120
17879, 35
2546, 660
15073, 140
45266, 946
55888, 663
48661, 142
27629, 150
46800, 216
47775, 92
53581, 203
36893, 742
51715, 714
54961, 824
3551, 815
12998, 573
39945, 238
23012, 60
22477, 408
35675, 709
26087, 912
48615, 201
1397, 894
50922, 164
55026, 723
54019, 942
48332, 169
24215, 561
5066, 359
41707, 591
20378, 59
50440, 543
8550, 19
25912, 489
35708, 662
20019, 918
34632, 490
20233, 519
4572, 97
14660, 884
23312, 158
36586, 352
55391, 876
50300, 992
34165, 492
26441, 917
33603, 459
39078, 79
26238, 436
13692, 162
37913, 415
22392, 937
53126, 494
46276, 358
50608, 559
24913, 930
26139, 874
54157, 510
34474, 901
4250, 413
27878, 205
2977, 123
54654, 665
2409, 804
43597, 50
13952, 153
4653, 268
12990, 437
4017, 292
6914, 945
46803, 902
58652, 14
5517, 218
4853, 178
32140, 152
45719, 453
34573, 145
29240, 985
27198, 658
31214, 344
31507, 313
2858, 131
53360, 520
4811, 519
12184, 960
28988, 712
3772, 916
22565, 924
31189, 846
36033, 359
39394, 818
27399, 89
13597, 18
36208, 179
26460, 637
39507, 943
14483, 714
23028, 180
48980, 733
15768, 176
32487, 366
55619, 760
47800, 334
7345, 449
58693, 127
21703, 289
46149, 120
57861, 790
35275, 538
45965, 345
57845, 846
24321, 240
15809, 814
10309, 641
58848, 351
51058, 547
14209, 214
40144, 318
57779, 35
12719, 113
54050, 655
27076, 364
50331, 482
42387, 29
29537, 395
21327, 680
26588, 132
51176, 470
37394, 604
5072, 770
54565, 794
24849, 108
38744, 449
18361, 730
14083, 288
23824, 954
13276, 920
48130, 451
9545, 345
3047, 219
10057, 735
15723, 788
25855, 839
56611, 975
59381, 387
48519, 736
51840, 19
41570, 401
11961, 828
59010, 914
1369, 635
42247, 388
998, 879
25734, 501
19637, 734
34094, 962
7142, 599
46159, 283
59935, 628
59508, 610
16857, 818
18728, 281
30840, 671
39587, 757
8552, 211
43800, 824
15378, 245
11227, 743
53715, 984
58829, 60
36217, 142
20218, 245
8002, 199
7554, 574
56243, 835
58162, 467
31618, 309
4144, 771
21567, 853
20736, 487
40740, 511
30136, 703
36076, 485
31808, 496
48312, 394
27483, 529
19211, 362
9846, 904
3928, 826
29602, 322
24737, 508
22688, 920
9372, 546
37022, 856
54925, 66
5349, 140
36908, 458
52490, 484
43186, 62
31169, 158
18145, 214
51791, 560
46474, 839
3856, 602
36517, 592
43045, 905
39472, 614
47635, 233
17958, 156
48329, 201
20326, 457
55344, 964
47594, 960
6716, 364
21607, 533
26487, 107
11677, 643
43502, 841
51188, 702
8323, 97
55262, 200
24386, 133
56449, 10
29959, 139
178, 13
16128, 738
7604, 960
45002, 93
9498, 456
47003, 887
20514, 244
27786, 199
37467, 804
20795, 761
27230, 714
1905, 104
31839, 770
38887, 720
18150, 601
52921, 975
56690, 330
5687, 60
35297, 391
40053, 282
36495, 10
46254, 780
16148, 575
56004, 547
32650, 363
25005, 400
46534, 36
36040, 343
58626, 516
1367, 996
10530, 955
7764, 667
5612, 9
21055, 747
30676, 546
24443, 416
21655, 403
16172, 358
8880, 615
53406, 721
58325, 302
39843, 784
48299, 588
32117, 531
54351, 990
9331, 637
29263, 602
10748, 254
21901, 741
47530, 220
43528, 755
39884, 916
19422, 959
47325, 41
52636, 993
10974, 264
26831, 858
58457, 14
51398, 400
1465, 989
50427, 494
30533, 391
59616, 601
30547, 23
20487, 620
51723, 806
48219, 772
53764, 990
9785, 429
41505, 755
6983, 172
761, 563
59024, 29
33571, 589
80, 972
8122, 214
3756, 440
48134, 271
3901, 478
28385, 555
34161, 919
13119, 125
56331, 336
31184, 359
51796, 766
1217, 447
28843, 76
45709, 631
6605, 729
34501, 61
16850, 837
422, 82
33154, 585
2209, 278
29301, 0
50171, 388
37409, 496
13398, 412
35253, 61
48309, 187
18234, 63
10005, 80
48920, 970
49448, 363
5487, 605
34605, 240
49871, 651
35340, 773
7776, 242
45040, 655
19603, 794
59061, 278
34506, 632
38337, 589
9392, 465
59466, 866
55524, 61
42000, 31
38837, 231
39719, 672
35277, 876
12299, 497
12771, 611
14960, 21
39919, 845
3045, 553
12498, 377
9280, 859
45, 851
15004, 903
40118, 855
895, 408
15203, 297
48183, 606
37803, 236
36426, 740
36829, 945
38290, 376
11455, 159
11428, 320
8446, 976
54914, 552
7457, 639
5974, 424
32727, 746
59399, 737
40037, 423
833, 977
2170, 669
6923, 504
30161, 184
47253, 9
35557, 497
14150, 908
55527, 731
14659, 430
21276, 52
17966, 852
49045, 808
54478, 393
9918, 402
5935, 453
45512, 72
25950, 71
46125, 53
35070, 276
4551, 254
50432, 909
24326, 324
19224, 475
23245, 248
18022, 521
10864, 622
51990, 467
15572, 810
23146, 441
55546, 421
37031, 531
9916, 771
22975, 257
25314, 343
27058, 49
45289, 100
51886, 247
25892, 886
16317, 661
47512, 484
13164, 219
49781, 923
27810, 14
48272, 951
8716, 607
59546, 756
4873, 815
18163, 382
9650, 887
19958, 655
22406, 512
26903, 747
20877, 4
55769, 992
12458, 587
18923, 415
6210, 535
19649, 831
34813, 579
4217, 154
29680, 903
25989, 855
26748, 509
45092, 20
2888, 295
59993, 772
31736, 585
53026, 936
43309, 51
17162, 837
12534, 492
42471, 581
50126, 590
44555, 833
29369, 560
45773, 376
38262, 563
9507, 493
30930, 104
53106, 672
51082, 319
3869, 621
4253, 937
17629, 492
12704, 817
55481, 85
10950, 869
27566, 908
48933, 73
57130, 710
58467, 539
34040, 168
25740, 774
42526, 334
58116, 576
23079, 962
36284, 700
31803, 41
11944, 444
15880, 84
2142, 540
55817, 239
21194, 979
57877, 803
52225, 234
54747, 93
32209, 272
47023, 504
33765, 393
9696, 286
26795, 223
50884, 102
42672, 860
49255, 403
12578, 649
14739, 912
50942, 262
24194, 983
5087, 51
9502, 982
40697, 340
41611, 299
27319, 941
10084, 196
54261, 676
10053, 653
59811, 214
12311, 865
37539, 105
54265, 966
48189, 222
31441, 997
18644, 222
39384, 16
22589, 269
12420, 618
59143, 134
42547, 680
3534, 347
57307, 133
38437, 942
57769, 637
42335, 437
54538, 55
24397, 550
33435, 647
34627, 687
5825, 545
26805, 176
36568, 150
18610, 703
33491, 113
48292, 829
16823, 776
20302, 378
53079, 962
27029, 885
27560, 962
36362, 949
7492, 486
44726, 903
3120, 495
46700, 932
24367, 33
10724, 998
21422, 656
12261, 824
20249, 245
43937, 559
41697, 28
7815, 720
56910, 913
28483, 180
38738, 287
47411, 119
48260, 658
54414, 660
9462, 400
10216, 825
5266, 307
43640, 522
33307, 94
30315, 969
5758, 261
52351, 583
16386, 778
25376, 123
13403, 570
4724, 65
44673, 446
32369, 203
10157, 325
42199, 301
3315, 775
8750, 52
3870, 403
41713, 419
16270, 677
56428, 1000
46053, 176
10850, 534
7117, 242
12487, 529
37773, 608
15803, 206
57104, 335
13533, 950
45638, 51
15158, 278
44540, 643
688, 782
42077, 702
21158, 445
3822, 617
5920, 94
55057, 394
23203, 613
36243, 137
56076, 655
17328, 974
53887, 276
34613, 59
25839, 445
36790, 632
3667, 473
43230, 411
44473, 332
39540, 696
37468, 167
12211, 694
52738, 936
26840, 594
14962, 845
49477, 827
17831, 122
6819, 361
57847, 565
46295, 178
43883, 450
57361, 593
16783, 721
51001, 549
31622, 481
5938, 140
43977, 955
33381, 876
32086, 169
30722, 231
58204, 8
18164, 355
44610, 717
36036, 978
50745, 758
28503, 379
49995, 983
22213, 137
53060, 674
17989, 884
29081, 136
52652, 351
18186, 109
1168, 352
3400, 136
46751, 221
1538, 94
23969, 275
28680, 316
12587, 432
48855, 400
30268, 249
51136, 980
17002, 651
38080, 858
1141, 960
19885, 318
5887, 354
1478, 714
51861, 7
6312, 589
28900, 971
23364, 826
7227, 66
13078, 937
12840, 295
31393, 349
40483, 220
37249, 492
53612, 319
36262, 387
54270, 394
6158, 361
59448, 923
15562, 234
32354, 601
1279, 684
7525, 999
5777, 114
24654, 691
13644, 872
7935, 458
44539, 774
19384, 807
27062, 736
38999, 549
57638, 845
7625, 176
50020, 160
7507, 722
50107, 305
29480, 504
623, 118
55436, 295
1381, 465
20304, 162
45333, 207
57051, 224
49257, 338
827, 492
47616, 961
25935, 670
43960, 118
41693, 816
54980, 845
38267, 610
39005, 924
49265, 947
52273, 970
51944, 881
50583, 22
42071, 428
49634, 20
18398, 665
54602, 670
2565, 880
13203, 494
51255, 151
13736, 68
35282, 639
2167, 552
46990, 733
22721, 438
24480, 157
8617, 833
11164, 900
45617, 28
47422, 671
24994, 365
59431, 180
57901, 608
22092, 667
54350, 947
9383, 631
4043, 457
32176, 417
11278, 632
44381, 198
6714, 480
23669, 199
7686, 280
26109, 772
36817, 491
35374, 453
55553, 467
28952, 654
12893, 932
43013, 590
31137, 130
52603, 274
44347, 466
59892, 716
45951, 303
33897, 259
10297, 479
20265, 56
40244, 646
57857, 695
20670, 699
43547, 287
2693, 715
23167, 484
48547, 492
36564, 723
51848, 115
27957, 659
44156, 425
48440, 462
19633, 710
15207, 850
8592, 595
45623, 465
58977, 686
21298, 856
34773, 419
43698, 455
24090, 855
46407, 940
7050, 59
13425, 94
51833, 96
611, 278
5376, 1000
34817, 768
48508, 373
10203, 22
25315, 710
48865, 325
8960, 576
12790, 872
41091, 887
40579, 165
51097, 242
24575, 515
39635, 187
41107, 994
5859, 707
57249, 957
10889, 658
4057, 83
41291, 331
27594, 107
39855, 352
32283, 944
35239, 360
8270, 798
52152, 996
6614, 52
8547, 302
2105, 824
11840, 472
21063, 111
15841, 683
20801, 944
49193, 653
16937, 495
47454, 719
19309, 594
50177, 14
11913, 445
50834, 951
10037, 570
21410, 557
16810, 126
56402, 195
34182, 826
49182, 541
54305, 848
53465, 327
52098, 474
13881, 753
5866, 876
22437, 897
57324, 632
17044, 755
27424, 340
52788, 314
24501, 745
25675, 961
29217, 534
8596, 131
36566, 784
8330, 981
53907, 925
2531, 756
3924, 860
13977, 432
59583, 857
34351, 242
46680, 188
4554, 722
8609, 138
25558, 466
27610, 209
467, 696
39556, 924
35038, 238
51805, 289
1929, 326
17486, 954
9673, 628
15475, 113
42740, 597
53773, 100
19472, 73
40432, 666
53233, 666
324, 186
5455, 398
24315, 123
54287, 282
44223, 588
57882, 875
1371, 149
41322, 786
58201, 584
19371, 547
23470, 303
36768, 103
55232, 947
28901, 581
10658, 403
11992, 553
44390, 483
39360, 864
32184, 426
57140, 785
54371, 239
50938, 768
59115, 688
28530, 437
4000, 540
25384, 102
4034, 586
22121, 628
50933, 949
19497, 674
20739, 361
41059, 871
28254, 313
49017, 39
36951, 44
48166, 483
43387, 891
59878, 798
29868, 361
58921, 478
1524, 237
20056, 71
44353, 357
40091, 719
38002, 53
41090, 315
26186, 152
35925, 91
57026, 328
24714, 518
2157, 604
15120, 120
34396, 688
1264, 391
36955, 123
54786, 425
43029, 875
1023, 610
25305, 552
45259, 249
48892, 808
50999, 44
42042, 457
23736, 72
53704, 115
33797, 767
57655, 899
22542, 106
57472, 259
786, 844
29280, 243
13225, 835
898, 60
50667, 241
15557, 528
22100, 355
53109, 133
48846, 229
9105, 527
32993, 104
29810, 348
26909, 114
3980, 137
5675, 230
17869, 550
19465, 920
27934, 874
50616, 498
51549, 577
13676, 320
3084, 893
26233, 946
9024, 468
12815, 205
18797, 336
58811, 573
45149, 552
7238, 684
9493, 823
33601, 190
26353, 439
53550, 430
21082, 201
47745, 963
59662, 798
21582, 14
41564, 598
22171, 110
53431, 338
25941, 318
45984, 673
45399, 749
5261, 256
218, 645
39398, 376
48742, 458
9503, 303
5213, 372
7294, 271
16770, 988
15835, 511
35506, 506
14398, 29
17042, 694
16744, 443
39825, 858
9304, 966
20194, 387
44622, 349
3192, 204
11150, 436
20676, 592
41384, 373
54940, 443
32309, 553
46436, 950
8559, 489
2088, 450
1577, 98
50025, 372
31196, 486
34529, 310
52038, 909
56809, 574
14445, 853
11367, 2
25903, 210
10261, 640
59216, 90
33944, 239
19925, 558
53351, 148
53918, 631
16832, 488
35040, 866
45998, 496
13620, 855
45198, 494
47183, 224
48707, 861
16847, 328
43907, 640
44982, 840
16933, 658
48056, 934
57246, 241
54539, 199
32417, 478
52893, 739
48733, 185
53644, 307
17168, 756
3387, 592
56500, 611
28527, 877
24059, 783
28597, 447
10943, 861
47537, 218
46580, 902
9351, 513
19926, 483
12294, 89
19858, 886
59290, 191
27053, 482
16413, 260
7876, 640
6769, 80
12036, 229
40340, 308
33910, 790
21501, 77
6180, 818
33042, 885
24239, 24
59700, 660
28297, 596
31077, 689
29990, 888
12306, 451
53119, 693
16087, 455
14847, 693
20454, 336
7784, 895
10814, 124
45804, 235
59425, 174
42236, 259
12273, 520
58545, 125
35479, 313
45472, 478
46718, 74
9077, 235
4209, 744
39412, 486
36422, 610
24697, 438
40026, 633
56637, 441
1108, 325
41906, 97
9247, 279
44305, 463
23741, 165
2645, 352
36077, 288
33636, 279
14750, 151
12281, 172
49956, 827
27146, 553
22685, 48
13477, 374
36406, 328
40406, 716
37806, 788
27203, 180
22006, 734
48982, 548
44012, 453
24541, 218
45061, 691
31866, 865
21709, 97
23503, 887
25485, 139
45033, 864
33656, 532
53778, 696
8923, 957
10966, 980
34224, 968
10393, 96
3728, 650
40458, 346
36748, 26
16455, 794
14901, 954
25946, 270
21743, 99
671, 981
43251, 631
46151, 387
58504, 79
7169, 15
25697, 112
41541, 160
39012, 116
21448, 995
50275, 859
52708, 448
10761, 837
45991, 903
50443, 248
40916, 961
58070, 596
35193, 449
33454, 322
548, 556
22152, 125
1130, 34
33942, 958
58853, 107
1523, 307
27267, 18
44306, 205
30999, 341
31914, 29
245, 583
47651, 255
32869, 755
51124, 689
18115, 352
43614, 192
50368, 454
3286, 548
41700, 851
17655, 161
42440, 992
59035, 533
54568, 503
26223, 376
55695, 723
48349, 504
20237, 602
4162, 49
3346, 820
50146, 651
13681, 127
1276, 742
3854, 342
54269, 765
47012, 835
52058, 676
56354, 88
47655, 796
35922, 223
36950, 523
7685, 161
41823, 11
42873, 920
9211, 192
46462, 390
33377, 396
12089, 719
39116, 610
37119, 319
2928, 145
34047, 142
31964, 616
40023, 179
13968, 990
16049, 126
56851, 617
44855, 34
2027, 34
53526, 84
14694, 558
28149, 438
2377, 193
31235, 842
30465, 674
52965, 842
53438, 781
44811, 972
19210, 352
57544, 864
32750, 469
53900, 989
5623, 746
39880, 831
51831, 295
11538, 554
47423, 223
49845, 247
1531, 342
33243, 166
40845, 339
17765, 388
35, 368
53409, 436
16875, 340
8507, 430
42998, 873
49582, 206
33319, 738
3402, 560
20747, 961
26816, 85
16230, 965
11575, 284
6560, 268
16247, 109
20830, 694
3635, 981
59520, 777
45153, 136
24096, 682
32503, 375
19091, 9
22831, 720
4864, 783
11051, 474
37382, 417
50196, 261
5426, 209
22818, 189
4164, 26
25272, 701
30860, 338
55129, 641
39448, 666
29206, 37
31197, 807
44070, 127
36612, 422
31121, 5
43113, 728
25421, 848
52013, 356
25498, 152
56392, 64
59454, 766
46093, 37
49275, 367
2939, 206
26010, 321
12619, 312
576, 248
45003, 502
49445, 507
18887, 213
38862, 6
32383, 169
24855, 589
25328, 664
7934, 102
28863, 207
42987, 702
42835, 536
28553, 923
49152, 662
19940, 426
50917, 234
22606, 11
9534, 743
13632, 656
16654, 462
40979, 647
8618, 77
36693, 282
35981, 247
18043, 596
36287, 912
24391, 30
393, 42
50923, 706
56594, 118
46622, 471
54926, 487
48024, 310
5259, 843
34844, 85
14821, 992
7127, 33
47424, 149
38142, 184
33523, 863
57410, 369
55310, 206
36995, 61
8687, 601
18259, 887
58683, 131
49756, 137
14955, 284
34713, 975
37445, 749
30488, 813
56846, 991
4738, 173
24232, 372
30474, 88
39857, 940
10081, 483
4565, 430
5304, 164
6602, 936
10253, 609
45347, 696
29333, 404
18263, 89
17445, 552
22529, 666
16467, 674
42322, 105
16470, 436
4367, 116
21401, 171
42690, 263
42486, 168
35458, 860
32939, 697
50994, 537
10145, 769
31799, 397
28451, 537
25359, 976
50790, 565
48179, 619
7230, 662
41757, 60
18427, 17
25617, 493
20547, 331
39520, 953
56473, 432
54968, 267
35713, 729
15713, 490
31871, 684
13835, 239
29329, 139
32239, 448
44799, 228
9158, 866
27961, 775
38582, 960
26026, 448
21638, 708
54340, 503
8972, 395
36751, 368
42124, 17
51973, 33
52231, 569
44970, 138
29018, 674
43541, 226
54243, 12
51249, 917
22784, 609
3295, 677
41011, 637
54451, 268
46814, 624
21691, 117
31491, 555
6854, 557
10260, 211
54863, 753
213, 325
58548, 990
8150, 81
10570, 67
27122, 848
14556, 145
8049, 0
43325, 630
33191, 546
41130, 12
34209, 386
6273, 501
4563, 796
54818, 590
44491, 197
48739, 178
11624, 241
40676, 483
6680, 208
42448, 852
52040, 50
23261, 979
41009, 112
25252, 71
34947, 796
28111, 671
58966, 245
57773, 190
25474, 500
10136, 258
17211, 509
57461, 682
31127, 970
57925, 179
30204, 649
35686, 150
3595, 581
20206, 337
5239, 90
56234, 688
37339, 765
13269, 410
46263, 915
54819, 800
19279, 694
3852, 12
19870, 845
9051, 972
23475, 274
33838, 682
10730, 813
30323, 429
16427, 760
10083, 931
34133, 717
3430, 262
25984, 466
35442, 831
46366, 665
45323, 602
50682, 815
37068, 959
45316, 807
28514, 489
38775, 539
47201, 93
51084, 138
44829, 455
11021, 691
14560, 921
39575, 558
6890, 71
44771, 101
2543, 366
33788, 618
9736, 134
17412, 859
3564, 571
25735, 606
2281, 460
32574, 444
37912, 6
37410, 595
29170, 811
44647, 554
3613, 503
21263, 206
36507, 877
56568, 691
55656, 802
2193, 696
56931, 509
9023, 479
27577, 369
37402, 480
39209, 296
49620, 999
51736, 697
7983, 837
29250, 93
52700, 702
35871, 243
4957, 755
27632, 644
13992, 156
54009, 469
38329, 120
19955, 816
21764, 277
59501, 958
52276, 788
15656, 636
7848, 432
48424, 114
53679, 230
22681, 162
5822, 803
59755, 186
45509, 768
10629, 745
35617, 156
205, 235
57675, 774
34969, 640
5335, 222
44481, 696
11561, 303
14679, 491
17999, 487
29580, 609
50757, 540
35305, 810
34618, 620
53938, 936
11309, 229
8033, 472
34293, 173
10737, 228
58894, 80
50590, 994
30972, 683
30209, 684
38994, 368
30182, 489
366, 40
58549, 854
8975, 691
22391, 14
10782, 416
10852, 493
21391, 782
33743, 702
21604, 137
52015, 499
24104, 840
44145, 566
48122, 49
36637, 696
16984, 454
12165, 874
2080, 199
29742, 105
20974, 396
30489, 662
25383, 730
35942, 657
32018, 197
7595, 359
15552, 985
18297, 543
1220, 515
1820, 922
45540, 824
9638, 224
27204, 518
54924, 688
6132, 653
32312, 929
33799, 245
51697, 476
34046, 522
39268, 487
59363, 826
40922, 463
55694, 284
11826, 23
42883, 661
15437, 694
47991, 183
39804, 884
35768, 834
18527, 245
494, 974
45900, 119
38824, 327
14228, 276
35217, 4
37749, 84
25629, 804
38545, 524
42687, 62
10196, 967
25698, 944
10466, 634
20917, 132
46303, 134
35845, 341
25703, 107
838, 297
498, 701
48507, 995
46026, 962
115, 996
57581, 727
14775, 350
37500, 540
52352, 630
38788, 220
27215, 39
1978, 8
53098, 63
27652, 534
4150, 10
49289, 84
11320, 294
36041, 441
45717, 816
20997, 652
19200, 220
4299, 921
6376, 125
13900, 183
2028, 468
23476, 444
39325, 451
44201, 327
37780, 851
41999, 935
15822, 134
11851, 359
40329, 118
4100, 453
54423, 71
40246, 258
43410, 193
56624, 796
50191, 58
22745, 326
8922, 56
53552, 834
39576, 606
38975, 596
17255, 674
31466, 472
3353, 219
26779, 341
14323, 966
49816, 47
40591, 909
44203, 96
37378, 580
20519, 892
25157, 435
1647, 232
14226, 435
47167, 578
46179, 949
47845, 979
27938, 908
21480, 493
33962, 336
24085, 262
58487, 640
9035, 593
19658, 906
51911, 460
58939, 487
31840, 825
57101, 527
4349, 749
31332, 825
6707, 56
56623, 290
608, 852
18222, 948
42994, 548
3131, 892
10009, 702
47925, 171
58601, 307
18494, 688
38123, 21
19286, 90
59897, 10
6866, 408
39915, 567
29195, 988
7342, 356
24423, 647
59417, 935
26824, 773
4815, 376
10206, 840
43958, 310
58336, 706
4505, 182
39760, 759
29432, 295
37616, 727
27307, 915
45575, 793
15950, 409
47179, 48
57030, 942
1923, 320
58280, 543
9931, 833
15712, 104
11495, 388
47238, 530
13275, 740
11529, 978
47855, 326
46554, 149
12481, 715
54681, 518
39269, 914
5382, 761
691, 325
519, 428
58020, 526
36491, 584
18283, 872
38250, 967
58951, 209
46652, 265
21225, 333
29817, 676
31363, 924
40183, 271
20611, 983
37910, 508
35376, 560
13313, 853
9446, 217
9613, 728
19586, 220
26244, 479
38232, 23
5263, 35
29578, 472
52596, 662
37381, 83
53163, 473
55518, 503
58945, 568
6098, 159
26185, 2
37808, 489
29441, 859
50110, 498
52207, 829
52070, 925
38427, 688
30993, 638
17428, 407
44018, 202
17034, 37
59702, 863
30664, 446
58180, 258
30875, 2
36388, 868
22895, 278
49078, 462
37421, 623
2876, 203
3587, 251
44698, 82
8814, 368
35655, 166
17338, 995
6289, 368
10854, 137
13185, 262
51168, 598
31528, 252
7462, 944
58823, 881
22267, 754
20315, 130
16207, 377
7933, 933
48141, 250
39647, 684
25022, 107
12993, 991
46639, 392
43090, 243
19513, 64
47682, 275
19685, 994
43236, 182
1304, 204
22985, 681
31069, 187
13367, 330
23940, 208
138, 463
50370, 797
59071, 559
25969, 434
16752, 717
47220, 659
561, 230
49771, 736
22627, 653
9892, 811
50454, 852
24664, 513
18745, 81
51411, 138
35672, 236
38635, 775
12406, 378
43198, 41
8717, 3
13555, 488
39742, 595
2562, 579
57700, 689
5882, 935
26321, 935
12763, 738
12249, 415
4795, 167
6167, 527
6306, 955
50068, 659
26449, 303
49729, 362
6719, 775
27281, 603
6261, 534
43247, 815
45415, 257
35994, 350
21916, 178
33241, 809
52235, 227
38910, 464
19201, 91
18141, 712
37342, 493
32895, 136
41960, 247
14360, 24
29109, 676
16572, 589
49881, 104
25761, 128
2754, 708
28496, 89
32607, 237
11711, 524
31870, 223
30661, 445
6666, 758
26762, 937
20168, 586
50597, 348
52498, 809
12242, 321
28825, 249
14473, 934
38322, 835
43132, 880
32032, 246
54258, 10
23157, 862
51640, 867
12134, 352
31575, 225
24988, 388
4184, 939
3270, 231
4585, 357
3910, 665
3139, 114
46170, 546
51839, 972
21767, 810
50795, 956
33930, 749
31279, 133
26889, 502
57029, 636
23254, 916
39630, 384
46964, 943
43364, 716
30151, 111
16447, 286
12345, 363
1843, 202
32923, 415
24773, 898
56727, 608
32955, 283
35551, 372
5166, 629
20336, 978
36281, 346
30405, 82
52282, 633
15680, 367
42172, 679
13335, 527
18348, 89
32321, 373
47522, 535
1454, 437
45743, 247
51192, 764
27105, 985
11934, 488
14169, 235
45368, 730
24143, 447
49159, 142
31147, 111
21418, 531
19358, 683
28637, 586
27520, 231
38753, 279
21110, 184
55504, 647
35398, 340
20119, 962
5301, 674
19938, 933
14826, 820
3774, 339
34239, 613
16205, 704
22360, 215
44052, 152
23125, 387
21921, 784
13964, 456
27550, 715
37639, 290
56024, 523
54570, 281
23194, 760
49721, 340
44439, 204
41120, 474
31023, 131
39670, 45
6525, 680
11512, 277
56711, 376
38281, 608
32882, 83
48268, 671
53516, 610
6288, 829
59763, 448
47082, 940
2674, 316
41980, 181
12646, 718
8786, 129
51427, 22
47569, 416
47567, 954
10341, 66
37471, 649
24548, 680
12349, 486
49007, 512
1490, 184
28388, 498
34952, 900
36703, 562
40243, 374
51387, 424
14898, 466
54078, 861
44392, 386
49027, 103
45081, 164
28164, 151
47513, 966
46100, 11
15328, 703
19442, 227
42118, 611
39694, 546
35738, 711
14841, 405
1043, 461
30442, 686
27625, 542
55254, 769
39249, 311
4063, 616
3151, 900
48546, 312
46801, 866
4558, 978
44999, 876
6786, 241
708, 273
4698, 390
31039, 788
58560, 552
25053, 78
39122, 326
30526, 333
55637, 808
41446, 852
10467, 408
14343, 890
30886, 777
41320, 358
41117, 687
19072, 302
50526, 246
24822, 484
23778, 655
14348, 513
57114, 10
56064, 227
16814, 281
41625, 243
21179, 145
33557, 430
48983, 454
36134, 794
28688, 908
30859, 916
6827, 922
40959, 690
5850, 560
24064, 684
57225, 581
25753, 62
49187, 805
15564, 861
35760, 678
14425, 685
53557, 454
11571, 622
5599, 126
9771, 333
59872, 493
40290, 191
36132, 648
40724, 290
22081, 214
1149, 164
58404, 62
32017, 531
36265, 594
33591, 83
19595, 606
22055, 476
19238, 333
38903, 78
6061, 760
23064, 545
55599, 106
39720, 486
16694, 897
11648, 216
51163, 316
10477, 322
35789, 796
452, 991
7371, 706
46527, 872
3657, 798
53301, 892
6228, 73
22004, 262
26790, 539
47941, 38
45574, 201
38335, 938
28691, 125
59364, 572
40530, 341
29681, 794
45298, 51
27871, 887
58856, 290
11059, 804
38521, 720
47944, 593
36430, 338
2204, 424
23324, 267
5767, 186
104, 197
27518, 574
3987, 774
10531, 503
17475, 22
19621, 36
14225, 348
24428, 24
46662, 142
21491, 42
51465, 77
18256, 614
43567, 667
54192, 280
1150, 44
56819, 794
15826, 105
48580, 177
19454, 891
43711, 600
51200, 707
53124, 459
23945, 493
59665, 565
2760, 799
9150, 5
56560, 492
22599, 30
11369, 625
39629, 314
6807, 300
53195, 408
36840, 825
19984, 810
43579, 697
47827, 148
8216, 653
37494, 679
32256, 460
14272, 477
10847, 360
25413, 144
55242, 66
14539, 269
34728, 370
37015, 655
22499, 417
7651, 720
44845, 234
46843, 533
31694, 936
5496, 590
48105, 385
39155, 981
17776, 431
8711, 472
8438, 854
41069, 878
24686, 741
44350, 982
11054, 532
7676, 859
39614, 558
20700, 554
5397, 875
59597, 604
19953, 500
7702, 982
17540, 318
57840, 776
22936, 203
4019, 50
23442, 846
49157, 314
55644, 856
44105, 827
5754, 516
43850, 572
59391, 284
43297, 857
54991, 653
12645, 996
33318, 731
36729, 514
14267, 319
31538, 857
21287, 229
56090, 903
39059, 750
12397, 713
7703, 35
47886, 399
13776, 121
11626, 318
44075, 858
48282, 625
2665, 323
4066, 530
13814, 296
10195, 648
19526, 591
43717, 326
23800, 765
28174, 634
47733, 706
23435, 1
49892, 18
53831, 486
8432, 633
23378, 159
20851, 387
53712, 899
44285, 988
9917, 398
46282, 762
53325, 160
30856, 444
32938, 322
47613, 634
36824, 545
19837, 615
43114, 646
12741, 218
13529, 523
21878, 387
18448, 954
40913, 129
17121, 746
21490, 450
52880, 413
40320, 943
11251, 285
9822, 708
1617, 536
12536, 445
25112, 240
6609, 554
52836, 494
1726, 610
4966, 527
39879, 652
15887, 547
38316, 846
7927, 933
16133, 635
56049, 145
33635, 731
18946, 283
27740, 564
12906, 83
56664, 31
56758, 738
47379, 340
53065, 383
23636, 822
43867, 615
48071, 460
44454, 233
53833, 421
5835, 700
46007, 92
24413, 709
23340, 514
45810, 321
26036, 103
22705, 82
47039, 662
20480, 540
30649, 93
7633, 920
50192, 699
29084, 195
26846, 698
46860, 274
18925, 162
19673, 434
5431, 615
6986, 217
51089, 882
3332, 718
11419, 949
1211, 789
10848, 868
9019, 480
11393, 385
39733, 206
22177, 657
46845, 696
24460, 197
17944, 830
20282, 156
19417, 921
2669, 862
27648, 716
59020, 835
7395, 940
4837, 612
19103, 850
45491, 476
50643, 858
7689, 801
37907, 507
35364, 571
16690, 287
46287, 828
58926, 149
42167, 156
9942, 801
45467, 185
19543, 698
34591, 616
24814, 527
1671, 793
57600, 294
379, 25
25814, 424
54320, 34
40700, 501
9725, 279
19006, 340
1746, 856
48225, 625
57595, 612
34500, 502
29090, 724
53573, 303
23285, 4
19218, 614
51780, 529
11162, 930
34144, 799
33642, 378
25930, 979
27950, 534
34808, 524
18959, 889
4568, 766
18656, 658
54667, 824
38789, 554
4992, 963
2912, 775
38276, 673
53798, 327
2121, 227
23704, 925
51759, 709
42376, 83
28229, 344
41867, 492
25803, 462
52908, 615
16480, 889
22268, 708
8375, 708
11203, 927
20186, 886
32098, 919
49978, 812
44900, 839
5513, 552
2894, 883
22530, 126
32700, 737
46904, 226
12639, 643
34718, 338
26906, 313
47614, 695
58187, 489
56112, 480
5108, 873
12550, 67
4219, 151
53754, 214
28070, 495
28362, 782
57665, 950
32638, 235
10725, 154
18569, 460
4646, 243
2601, 993
14304, 874
58573, 417
24416, 901
58809, 950
37497, 66
34626, 441
32621, 374
55922, 585
18783, 869
20499, 840
53445, 214
31216, 864
18204, 697
5690, 446
3979, 54
5497, 275
38230, 956
18480, 936
37097, 808
2317, 349
16622, 855
23922, 715
39993, 959
23224, 679
32695, 425
16516, 447
16346, 904
28683, 835
15121, 729
53930, 302
28309, 864
521, 875
4014, 760
37770, 20
17004, 707
7281, 221
5414, 451
13497, 460
22131, 531
1690, 608
19977, 509
14584, 951
50750, 902
21517, 532
42894, 142
46297, 365
59617, 90
45830, 611
41374, 440
47587, 5
42044, 983
14241, 979
28801, 458
2986, 151
5626, 844
29677, 723
54198, 70
6355, 146
22376, 205
12967, 53
55496, 284
35401, 613
58714, 96
37656, 123
28578, 409
4941, 151
38751, 98
26964, 525
51422, 264
55640, 104
41683, 351
15524, 441
50805, 326
47960, 640
35115, 125
52581, 502
36312, 413
8984, 482
22149, 383
20867, 368
30639, 681
38553, 881
45026, 854
15173, 821
44078, 563
59674, 453
31276, 84
48713, 279
26946, 342
46443, 202
22184, 536
32672, 350
57265, 692
44747, 438
32061, 256
18047, 504
32468, 244
15937, 989
52436, 785
47712, 238
34660, 815
23287, 833
18645, 902
16367, 594
10914, 640
7417, 595
48281, 542
20433, 259
56125, 440
8443, 857
25002, 139
53637, 519
47037, 875
31599, 675
9279, 206
1126, 181
57904, 703
43575, 466
951, 742
49490, 498
53719, 975
17645, 399
23497, 523
36974, 238
30083, 5
55529, 119
4561, 235
31183, 525
52635, 712
40874, 639
225, 151
15103, 857
14121, 332
38402, 936
1395, 559
41893, 594
29799, 62
30481, 903
1228, 275
37333, 669
7800, 341
14014, 643
54554, 463
19297, 583
32066, 453
56061, 964
45313, 559
29299, 215
55297, 539
57090, 863
29308, 39
17591, 13
30934, 985
54076, 659
14454, 262
41737, 934
54060, 141
58934, 298
49321, 765
49115, 386
3764, 547
34160, 881
45200, 58
50217, 725
38325, 703
18973, 470
11747, 804
59293, 241
48279, 227
42708, 111
5769, 866
41142, 710
42454, 361
17466, 235
37296, 977
48694, 28
9289, 925
8966, 456
53144, 373
37683, 722
4251, 386
10173, 880
5253, 449
55049, 471
38189, 620
40270, 892
41643, 792
29388, 181
27448, 673
53071, 710
10936, 147
45926, 357
59030, 978
59147, 152
4809, 835
27764, 566
21631, 938
25083, 794
8434, 691
13862, 760
55881, 54
39175, 702
3631, 852
20498, 744
10631, 664
14005, 648
17521, 934
34577, 601
18390, 28
39086, 857
50859, 582
2294, 614
56116, 481
9124, 789
48137, 609
24378, 263
1805, 682
8518, 145
14143, 889
11123, 161
18095, 825
16525, 592
21231, 323
6404, 396
36102, 518
18445, 93
32739, 16
8898, 957
35671, 702
3787, 620
32971, 114
20117, 917
11659, 695
33618, 819
4364, 244
45308, 449
25493, 273
24964, 404
37062, 896
20836, 736
32233, 793
33937, 0
7042, 796
1561, 658
58544, 450
29962, 158
14279, 934
46196, 0
35841, 994
57596, 400
9336, 4
4688, 642
59310, 479
38328, 11
14235, 9
57054, 473
38702, 237
22302, 271
39790, 82
57678, 378
48717, 53
45356, 167
42051, 808
36968, 961
59050, 380
41186, 539
33064, 731
28215, 681
51604, 664
19895, 850
45599, 531
57973, 674
26405, 797
34617, 659
20609, 155
20617, 996
52818, 780
48819, 651
53870, 475
15250, 304
34250, 871
32335, 93
5677, 593
30349, 505
26422, 645
21125, 335
24110, 292
38052, 775
56280, 166
28135, 922
47884, 248
13507, 901
5379, 233
20546, 218
45768, 343
20889, 623
49853, 570
8243, 606
2261, 208
28623, 879
40726, 438
41539, 634
24703, 817
20707, 609
44847, 583
16313, 60
44377, 685
18683, 887
15820, 407
604, 699
53736, 798
7746, 15
7277, 448
23584, 805
3460, 785
26739, 11
21437, 514
45997, 756
54141, 570
14884, 31
28739, 420
20638, 738
2954, 669
38327, 443
57443, 345
4641, 384
36931, 603
9699, 382
52919, 277
26821, 224
55918, 837
37110, 861
56293, 54
35124, 702
10003, 363
22527, 747
42231, 512
41333, 837
43791, 675
52627, 439
26755, 132
25191, 31
57592, 895
59736, 516
53318, 352
24061, 568
37263, 447
46274, 275
42313, 142
35473, 501
26399, 607
58156, 926
43972, 341
46671, 554
54360, 238
36801, 97
26332, 883
42668, 308
26037, 103
1362, 728
6367, 9
7748, 999
31303, 189
7228, 297
33480, 692
33755, 563
52033, 562
41608, 510
43107, 970
45745, 286
58742, 355
25370, 673
9283, 936
31577, 737
40538, 9
13211, 140
16288, 764
20292, 824
25835, 124
34459, 786
54542, 501
14591, 833
48746, 478
36386, 622
43345, 824
26166, 663
3282, 527
33546, 14
25822, 788
8436, 198
32194, 403
7433, 841
21377, 826
2411, 996
31606, 46
51661, 503
56939, 120
30755, 291
48357, 170
18433, 335
2470, 94
42198, 431
9224, 165
49580, 925
55525, 399
13160, 879
43501, 283
56561, 706
46292, 91
54852, 1000
45628, 362
30281, 415
24327, 692
8936, 106
28193, 362
18082, 827
54584, 521
25650, 286
27623, 843
9178, 986
49015, 600
7899, 297
33028, 904
46349, 704
16897, 542
27008, 682
3206, 926
35803, 375
26896, 297
25010, 993
48618, 524
29831, 405
3083, 54
13089, 697
35718, 752
8653, 179
10178, 815
42388, 405
41962, 169
7885, 40
13988, 295
15538, 867
35746, 648
55800, 885
12774, 1000
46548, 975
5580, 12
48287, 934
27271, 111
52113, 51
39870, 432
28959, 184
50985, 45
8915, 939
42524, 371
4588, 992
38500, 1000
34705, 456
25662, 548
14277, 722
48256, 41
39504, 337
7999, 58
23484, 120
30096, 35
13687, 437
50520, 494
526, 268
48182, 72
23525, 773
6743, 694
31076, 988
45424, 359
1774, 452
47488, 676
57914, 30
41912, 835
12166, 125
47713, 757
40499, 615
15632, 556
39998, 780
14393, 282
18789, 369
48577, 442
50846, 491
49156, 886
29571, 918
53604, 325
160, 913
51711, 580
46479, 409
46858, 621
23116, 295
19293, 523
55820, 894
24083, 513
20411, 941
57583, 453
12764, 669
37876, 719
35209, 1000
47867, 985
42989, 74
40285, 291
45493, 182
22718, 348
10799, 803
2776, 997
41595, 544
53791, 291
296, 24
53560, 580
46015, 486
51125, 318
25439, 207
51546, 92
16433, 358
26016, 97
17454, 652
4055, 141
39886, 313
6401, 688
59314, 739
59269, 634
23403, 663
39026, 767
35614, 619
59494, 987
12315, 159
29099, 422
20372, 711
37140, 219
10067, 401
19796, 11
1509, 638
49037, 121
59710, 888
19209, 35
58475, 534
9525, 209
40706, 574
28173, 622
12750, 63
920, 190
39937, 856
59870, 941
52153, 952
1758, 625
19992, 34
37905, 29
4031, 372
34066, 622
9830, 849
33764, 952
56749, 68
44176, 130
22716, 6
14611, 482
29948, 941
34960, 448
25302, 508
4290, 405
49103, 836
49491, 429
35863, 858
18344, 318
43438, 701
3704, 637
10506, 120
40736, 584
44722, 668
1269, 318
10220, 799
40475, 859
56411, 851
31625, 158
41895, 974
19779, 224
59689, 233
32281, 329
23422, 785
23815, 11
21571, 742
6648, 963
3685, 907
34253, 184
24800, 667
51757, 814
42514, 987
4415, 668
16163, 246
16800, 441
43403, 65
29565, 610
23141, 335
45345, 331
45756, 77
45370, 552
31672, 566
7210, 179
34833, 103
18155, 778
276, 30
53634, 91
7288, 896
22799, 422
53988, 782
39992, 538
54792, 913
49662, 511
3698, 536
52870, 940
45187, 968
14294, 478
46754, 435
9821, 119
45013, 542
34602, 410
27009, 652
3573, 986
13494, 30
14257, 693
31251, 409
19928, 799
30352, 578
16144, 187
28406, 412
16871, 356
4701, 274
1998, 141
29101, 750
26614, 583
59732, 459
45226, 877
45901, 768
40541, 421
1000, 839
32632, 98
31382, 469
28212, 143
50503, 622
15248, 819
16360, 722
5188, 524
3804, 708
44469, 438
33985, 79
4078, 69
23036, 739
44791, 120
25043, 255
42988, 130
21117, 395
47862, 500
21114, 47
18395, 581
15110, 724
58431, 289
20277, 118
58321, 533
17099, 753
709, 940
21800, 520
56063, 233
21537, 533
57427, 78
6023, 198
9310, 120
1207, 902
58423, 988
4577, 539
48984, 77
57045, 508
16212, 375
47265, 32
1135, 336
7836, 228
24364, 475
17784, 579
59992, 78
19536, 884
49873, 753
34137, 562
9318, 390
48917, 636
35733, 342
59724, 530
15125, 137
25207, 640
27391, 745
40147, 90
30212, 544
54519, 117
27455, 54
51821, 417
47144, 746
55511, 812
51437, 321
42227, 229
40997, 395
26597, 923
32083, 24
43781, 835
26034, 200
636, 911
43278, 141
1377, 824
40648, 284
38839, 250
31927, 806
21045, 319
5700, 172
35956, 619
53849, 478
43098, 827
41902, 767
44583, 608
20940, 105
5630, 439
11883, 634
54185, 601
26199, 119
45391, 877
29387, 258
2057, 272
54633, 223
16443, 672
51598, 819
9461, 239
41323, 482
16733, 879
34866, 838
17741, 36
25212, 252
23035, 211
20347, 924
56875, 569
54663, 757
45650, 39
33164, 401
41192, 328
4380, 162
32411, 170
57535, 661
44720, 928
54521, 881
10633, 363
36295, 976
15049, 728
27108, 721
14389, 372
45803, 935
54622, 342
3730, 656
41327, 872
9639, 404
23037, 153
15889, 762
50962, 58
19720, 378
21191, 693
53142, 175
30427, 812
24027, 433
25614, 413
26704, 549
5211, 5
8021, 890
44761, 949
45417, 862
19613, 529
51621, 642
31732, 106
2112, 440
22649, 13
33329, 614
53886, 519
38057, 75
45668, 128
19184, 801
33415, 448
35537, 488
18651, 938
24171, 251
21049, 266
19177, 598
48485, 588
2120, 633
25889, 791
41038, 822
5291, 35
32141, 902
27389, 184
53194, 692
42941, 13
7489, 617
21555, 581
18184, 842
7144, 304
55171, 291
10304, 652
49703, 510
52601, 465
12112, 822
9266, 205
13371, 49
32552, 212
39032, 390
39400, 298
32546, 59
31744, 459
59803, 474
45011, 576
13457, 16
18756, 697
41187, 761
45459, 705
23568, 867
9859, 181
47781, 982
41063, 514
44492, 129
41766, 607
6833, 362
22338, 452
51932, 61
28913, 642
21952, 154
170, 306
24671, 423
57421, 938
43396, 611
470, 478
16359, 754
4885, 193
35982, 203
38578, 133
57827, 770
32465, 613
15542, 370
42675, 308
48236, 628
2396, 542
26953, 620
58807, 898
52181, 20
27109, 223
27013, 456
29606, 187
22820, 855
58554, 864
2429, 883
39478, 420
58060, 518
28799, 255
51943, 283
53417, 166
41659, 253
36973, 443
9990, 999
5547, 979
6876, 161
12497, 957
16613, 559
10140, 155
20309, 855
7613, 645
45814, 916
23620, 902
16399, 485
48648, 808
15428, 692
26629, 50
36634, 456
20554, 413
43173, 516
1085, 820
3298, 521
45831, 572
24688, 558
26503, 377
54349, 691
8484, 20
19415, 687
1292, 700
54407, 127
49585, 419
5170, 684
51479, 131
49689, 975
46586, 274
25824, 753
32555, 227
38218, 293
35904, 423
5011, 662
7659, 344
53160, 15
46763, 600
45589, 2
36374, 86
1159, 386
42494, 404
15837, 782
14322, 695
23328, 487
20494, 755
14546, 568
13725, 781
14251, 175
59672, 812
52134, 371
49101, 667
37556, 918
26165, 887
20066, 605
44248, 578
26417, 202
46175, 341
15308, 134
5526, 616
7855, 607
10321, 846
30039, 887
6706, 776
9488, 836
49878, 145
40884, 206
47109, 902
38309, 912
3135, 485
22832, 637
34483, 560
38793, 507
49554, 959
40474, 827
33860, 340
54716, 338
58099, 363
7068, 836
12024, 522
46155, 421
45001, 493
4527, 427
1625, 113
53922, 340
23623, 814
31899, 299
44410, 108
34685, 91
27387, 691
55024, 227
968, 818
13413, 271
2106, 305
49359, 52
17068, 909
38258, 439
24732, 417
18982, 235
35157, 555
30385, 422
15843, 842
36385, 645
57318, 291
26621, 452
54586, 307
35044, 296
20729, 17
22238, 101
36121, 149
5246, 298
8313, 817
27183, 61
240, 384
19424, 282
15971, 438
2867, 180
26665, 532
20985, 27
6285, 112
39632, 188
16886, 940
1072, 49
48724, 600
2750, 559
58949, 327
31518, 28
35434, 417
56328, 799
33853, 540
29346, 80
1741, 287
4433, 902
51016, 58
16730, 39
31269, 751
15998, 463
535, 767
48720, 954
49805, 954
18432, 604
27335, 139
50301, 61
41636, 794
59241, 743
51870, 795
22953, 44
3102, 562
16962, 127
39558, 92
16, 496
31371, 241
13786, 255
19528, 515
56448, 977
56776, 287
29157, 474
43651, 759
10566, 776
30095, 713
49622, 243
9153, 507
58965, 363
41629, 219
26905, 643
49439, 170
20331, 163
9951, 239
26671, 558
57695, 139
5140, 786
16085, 513
4946, 86
3599, 473
31434, 624
22655, 90
26024, 683
12065, 987
20100, 314
8808, 70
8355, 876
33098, 985
44384, 8
14043, 443
14127, 364
29791, 591
25721, 936
58891, 76
29141, 22
34360, 300
45150, 857
24024, 713
36785, 146
48870, 116
45895, 930
44955, 401
57445, 679
37751, 800
50807, 75
25668, 619
50653, 127
37257, 971
33001, 599
37828, 784
31623, 788
317, 142
45451, 664
41586, 170
26886, 674
22469, 707
31110, 246
21977, 743
26271, 264
16990, 753
39272, 55
26124, 230
40743, 957
37506, 88
44496, 81
25979, 155
35409, 679
6094, 27
55580, 749
52165, 898
6645, 721
54377, 855
39555, 710
7032, 815
11997, 717
18229, 209
6738, 429
9966, 787
48838, 869
51305, 821
37288, 959
59504, 256
45856, 627
32292, 47
40207, 727
58614, 58
108, 880
11895, 240
19096, 487
34738, 28
8764, 398
7103, 854
54056, 248
46363, 149
6483, 516
15546, 675
394, 123
6142, 847
54210, 599
48384, 870
17994, 853
47229, 577
7579, 814
16184, 13
59547, 864
21516, 374
47558, 465
27332, 515
15678, 64
58712, 204
32372, 113
28348, 202
8338, 187
36796, 618
50747, 524
9710, 409
11613, 273
36261, 553
27467, 771
15358, 92
58178, 237
19115, 40
1986, 327
22955, 325
7988, 389
48518, 841
10703, 162
24634, 768
58344, 262
542, 670
52077, 141
43444, 134
15477, 958
5009, 828
28004, 49
52728, 311
9834, 837
4340, 452
58165, 577
12123, 211
32374, 947
989, 895
12571, 974
32974, 905
37926, 895
36647, 485
55643, 339
21165, 622
26067, 156
1910, 807
45142, 658
50224, 720
44098, 454
11508, 619
18673, 776
46659, 852
40598, 871
3793, 447
20085, 325
47717, 734
56629, 783
45524, 341
30699, 935
36501, 979
44169, 450
28389, 821
30327, 895
37710, 739
693, 365
45341, 294
6260, 645
24661, 908
35206, 960
58890, 180
7427, 930
6432, 935
37424, 980
20108, 877
44858, 875
58496, 135
30973, 886
19315, 479
24477, 956
9244, 653
41837, 855
49375, 474
3318, 1000
11044, 705
23754, 541
59663, 205
51385, 741
35326, 219
12526, 668
57512, 977
55442, 487
7588, 942
54776, 698
41243, 497
8182, 449
51947, 37
41465, 409
46530, 608
37258, 999
54083, 63
3792, 850
35980, 683
57627, 301
12084, 575
51202, 833
31478, 538
28013, 672
23682, 46
17419, 95
26249, 320
12264, 388
46764, 577
8853, 707
4929, 307
25306, 137
12623, 62
31688, 104
27338, 387
33155, 47
33939, 882
59989, 246
31247, 889
47437, 838
6176, 203
47058, 661
52555, 889
17066, 856
26817, 164
28082, 15
11798, 293
48255, 174
13474, 517
7722, 815
48221, 588
40018, 718
31731, 799
8445, 399
52390, 83
3879, 211
34479, 92
51975, 604
57690, 586
34021, 519
57517, 988
16082, 38
7285, 692
27974, 594
52011, 688
27489, 187
49180, 90
29131, 395
22141, 65
13009, 548
4403, 56
12782, 706
25056, 738
29296, 957
26357, 533
43117, 96
319, 356
5587, 723
1816, 656
2445, 651
41817, 488
15797, 644
24963, 113
47366, 177
44841, 119
36992, 115
4590, 122
51007, 711
44412, 69
40231, 91
39691, 154
42777, 280
34689, 594
15080, 900
6186, 928
17889, 981
11778, 726
20352, 543
22014, 919
45154, 100
10176, 660
45239, 683
43912, 656
8427, 14
36272, 486
24917, 123
40961, 61
58074, 260
44126, 63
37412, 92
50779, 195
7047, 908
10851, 781
31951, 582
58366, 837
34503, 723
45624, 268
35379, 708
47415, 395
34655, 65
56447, 947
18592, 425
34794, 409
55426, 650
11385, 590
42889, 362
47040, 714
33302, 851
38054, 170
51216, 844
30781, 363
18357, 993
37873, 503
19476, 256
30382, 792
41134, 424
1355, 915
38294, 824
40647, 667
54548, 7
9262, 488
37392, 708
4732, 341
43494, 838
32495, 108
23274, 465
17267, 307
57403, 766
48449, 724
56304, 189
14355, 107
22856, 171
41267, 542
45648, 593
371, 295
1834, 972
7291, 183
28470, 788
47433, 683
56214, 966
25220, 660
36075, 151
43999, 623
25025, 535
1484, 448
47067, 159
14097, 237
32531, 7
17359, 402
15661, 378
35646, 47
3338, 573
12314, 310
9243, 176
46616, 926
29629, 332
11042, 770
806, 581
23003, 966
16650, 558
38273, 711
57523, 330
9284, 599
21964, 602
15619, 261
35935, 715
59321, 322
48470, 902
43580, 796
1441, 294
22080, 661
54955, 555
47330, 417
47770, 185
55422, 789
33545, 236
43201, 359
50029, 308
1931, 695
2163, 368
29931, 703
10729, 493
21020, 259
43849, 563
54459, 224
30832, 394
26963, 506
43059, 963
37701, 442
11959, 79
47194, 490
52784, 923
16939, 939
9135, 926
58679, 937
18159, 402
56345, 684
1077, 620
52409, 564
58610, 936
58360, 129
23199, 24
47989, 406
34959, 323
51269, 577
25702, 53
59822, 450
41680, 238
2239, 789
57909, 375
55263, 799
13769, 257
53115, 159
33576, 800
32712, 128
7041, 626
22601, 144
58567, 14
33854, 778
49091, 301
46144, 656
29197, 765
50715, 651
34280, 261
6928, 864
45492, 527
15518, 851
51349, 88
59994, 707
30615, 736
8300, 126
38379, 935
57554, 836
40459, 407
10719, 78
11188, 181
1389, 856
15635, 256
57297, 765
7255, 728
1417, 94
44081, 322
9904, 379
42361, 428
35501, 22
42045, 318
529, 572
56586, 44
10780, 257
44768, 713
14286, 895
1134, 330
12148, 582
48174, 95
58881, 253
27443, 811
36092, 686
27930, 505
4243, 478
29315, 119
5759, 609
11202, 882
11352, 680
18841, 544
25716, 845
30603, 366
27885, 34
38351, 715
59593, 87
29473, 949
50125, 451
47143, 260
46342, 324
57105, 133
33498, 669
14085, 573
50580, 599
26677, 929
34167, 13
41123, 882
13240, 707
30736, 454
34367, 413
45995, 301
53418, 509
39715, 187
29710, 931
29029, 916
27041, 358
43917, 722
8186, 675
38541, 425
17630, 50
2895, 325
52176, 459
43529, 303
1521, 306
17418, 641
40951, 89
21759, 779
3292, 750
16466, 204
4412, 793
48699, 701
6266, 538
4168, 550
40312, 94
33978, 594
3565, 368
28872, 227
20389, 703
41342, 835
13483, 174
22644, 960
33221, 616
23114, 610
32818, 310
16310, 545
26351, 85
19236, 756
24414, 783
32082, 64
39287, 704
10751, 408
26246, 804
30194, 665
25850, 996
2633, 536
22029, 114
47393, 467
51047, 667
2727, 902
6002, 906
15953, 960
42967, 840
50410, 754
35093, 805
48622, 868
19416, 280
31548, 128
26258, 398
53167, 671
2687, 984
6223, 908
27667, 768
758, 240
36059, 656
39547, 922
7119, 767
14497, 65
49905, 214
29522, 560
5756, 668
23209, 442
7985, 491
45135, 145
56188, 491
628, 480
32003, 856
58895, 932
2463, 175
16280, 834
29600, 710
44758, 823
41242, 261
12903, 336
42893, 3
52830, 227
16252, 413
31060, 874
5544, 985
31053, 492
14003, 132
44499, 841
37888, 174
18976, 211
52682, 399
20776, 799
5631, 147
17568, 576
56771, 983
31903, 299
23972, 582
13355, 187
41427, 147
7555, 50
1602, 689
11383, 719
59882, 116
42364, 415
10177, 700
56092, 19
21917, 350
28216, 817
17531, 505
56899, 750
30291, 110
53956, 51
35350, 934
4990, 504
55447, 401
12070, 645
26566, 695
42568, 734
14092, 132
56626, 769
55214, 217
21089, 430
3446, 937
9469, 221
39166, 902
15516, 649
26944, 971
3711, 454
19805, 544
27177, 808
6117, 160
2030, 580
52219, 87
50672, 148
34076, 798
39864, 831
10706, 956
19865, 373
40688, 40
8655, 454
50048, 593
38624, 363
56792, 655
42931, 801
4320, 901
12975, 807
26479, 285
35595, 279
36702, 33
59038, 849
10777, 73
40322, 350
408, 86
31567, 824
36200, 256
22068, 793
32, 864
17173, 161
27417, 591
12350, 863
50930, 965
55418, 695
53655, 334
47434, 804
9066, 406
820, 665
50618, 31
17056, 682
854, 144
13339, 467
34777, 601
37138, 70
31905, 384
59433, 284
32770, 682
7786, 83
34489, 681
8202, 930
7893, 862
14606, 900
45590, 346
14685, 565
31401, 9
8700, 395
13181, 55
16389, 753
19893, 720
43021, 879
15703, 709
26548, 603
14358, 821
45567, 41
7248, 327
30845, 167
15447, 573
10618, 193
28442, 90
54231, 702
202, 167
14751, 846
24203, 292
56587, 818
53435, 397
15766, 545
57044, 489
52120, 609
25303, 93
15050, 641
53064, 879
12515, 775
31481, 143
25249, 386
48630, 119
48553, 553
2718, 848
36755, 846
22844, 433
7629, 686
54706, 435
18759, 604
46806, 508
17148, 406
28990, 18
59505, 370
7140, 357
30342, 442
34413, 527
50866, 36
14407, 724
40899, 433
27898, 666
3423, 383
46870, 784
9120, 517
17960, 15
34321, 249
40268, 976
11183, 637
25785, 435
39553, 283
53795, 398
25000, 550
14567, 361
29684, 435
27827, 562
18415, 958
36160, 606
8938, 823
818, 884
44954, 868
14336, 257
29105, 589
46698, 3
30772, 740
28600, 389
44732, 411
42700, 870
41679, 781
24047, 537
32101, 646
32178, 818
6851, 972
49747, 370
55700, 421
55156, 506
14254, 290
5760, 580
34714, 577
39754, 315
19168, 140
16537, 370
25203, 269
57452, 704
3627, 100
23716, 287
7672, 974
7857, 757
53444, 863
47358, 950
49654, 49
35915, 842
30992, 180
39196, 524
30757, 266
57923, 660
28853, 715
6968, 256
39634, 590
48002, 984
53206, 19
24374, 749
29679, 356
2605, 84
5745, 903
24609, 237
20221, 67
52218, 706
9445, 644
12436, 641
47375, 475
16921, 643
2205, 570
22558, 879
49792, 983
34650, 299
34418, 784
6535, 646
43948, 214
32866, 775
9750, 825
8699, 128
58230, 429
33116, 41
51396, 813
22337, 54
45968, 568
43301, 345
38430, 178
16134, 584
30041, 250
35301, 581
41514, 363
35817, 526
11842, 259
16839, 161
32247, 489
33103, 339
30758, 289
42937, 131
7519, 980
38007, 553
15383, 385
15007, 824
4745, 639
53879, 853
42348, 729
33553, 245
21551, 120
44578, 175
31912, 130
28851, 560
8533, 607
8394, 35
46232, 522
1888, 308
42019, 587
13728, 682
17190, 974
45227, 591
40993, 656
57020, 925
4468, 128
33150, 171
55133, 591
8765, 715
6408, 736
32534, 92
37817, 995
7671, 127
46401, 446
35565, 629
41043, 217
25977, 627
9363, 35
50640, 589
1610, 476
40294, 563
41591, 938
40771, 171
33395, 679
46006, 626
46709, 510
8634, 46
51030, 709
17668, 152
476, 15
5878, 708
7522, 579
1357, 986
56307, 193
44624, 128
24445, 406
39215, 473
11936, 879
18449, 766
56470, 322
19640, 908
6860, 926
7956, 644
39501, 625
904, 373
7693, 551
54403, 808
5880, 175
4080, 181
1329, 912
41558, 400
23808, 946
53140, 865
34261, 431
5552, 267
57165, 334
23863, 167
18540, 637
9925, 41
21378, 572
58603, 601
28915, 987
30010, 929
16412, 289
18296, 763
19742, 756
33202, 883
3964, 633
55320, 277
17114, 18
52321, 675
15952, 12
21483, 446
545, 255
16161, 986
46515, 322
50380, 23
22797, 539
19601, 375
42820, 979
35997, 21
36625, 53
17925, 382
21721, 119
30132, 731
44991, 214
24576, 494
43904, 861
20207, 311
45726, 551
39096, 811
7311, 580
51659, 356
54102, 696
40255, 164
48326, 1000
4235, 558
10160, 682
47776, 179
52869, 11
36597, 761
12049, 249
15840, 303
38081, 166
8055, 418
39425, 173
37260, 951
11515, 441
55810, 875
42194, 470
55770, 69
41185, 64
39033, 431
57010, 994
52208, 327
44657, 8
33024, 775
45029, 420
49071, 904
46279, 77
6974, 459
20522, 847
24998, 553
4814, 853
57236, 36
32645, 532
55208, 965
41997, 831
18547, 927
33830, 544
6548, 541
20910, 421
26867, 936
21817, 132
59739, 87
53746, 182
59797, 394
34162, 889
75, 838
27508, 337
39382, 573
40985, 794
43696, 929
3248, 769
15694, 974
24953, 551
1444, 224
25234, 364
945, 463
24124, 570
14496, 318
47576, 643
4620, 348
36607, 876
53276, 396
39542, 717
49422, 846
29587, 537
5651, 120
10643, 7
55512, 909
52583, 410
46573, 156
554, 481
29030, 987
1215, 416
21431, 764
11282, 508
14462, 692
28912, 896
2976, 341
44408, 574
55071, 144
45486, 145
38022, 820
46126, 205
32814, 899
2092, 569
33172, 992
14666, 140
29808, 376
9235, 107
39951, 918
59731, 319
34380, 141
14575, 11
15869, 871
35800, 707
29926, 366
54288, 616
5024, 779
5515, 329
34258, 761
38221, 634
39405, 411
50013, 219
48527, 154
50056, 237
42087, 898
10536, 691
31826, 847
55607, 979
44309, 621
35029, 654
38444, 994
15426, 23
27119, 377
2290, 592
23423, 265
39455, 179
2988, 950
10664, 237
27824, 473
39064, 336
30402, 858
54637, 178
58449, 12
5796, 918
8584, 232
18604, 826
55950, 298
57285, 652
3070, 121
20432, 700
16262, 281
21465, 594
33137, 354
22544, 669
28949, 588
59393, 596
44569, 557
23024, 857
55265, 935
2533, 149
20583, 235
54153, 289
11679, 112
2748, 577
14931, 64
19441, 253
32453, 81
4265, 742
16808, 145
19574, 552
48149, 831
41188, 8
45158, 179
21203, 662
52362, 147
45500, 13
56291, 875
36707, 758
36728, 718
21208, 329
20493, 629
25362, 65
45019, 957
9901, 690
35793, 235
52886, 802
22197, 289
8023, 941
13441, 433
45577, 968
37786, 987
35712, 236
36405, 940
41191, 458
40806, 136
53607, 881
45784, 909
55963, 821
8176, 576
16110, 167
7907, 25
58594, 133
37328, 107
19354, 4
36809, 430
21147, 253
56333, 213
25260, 8
27999, 385
50442, 184
29222, 554
39132, 312
9883, 81
5197, 273
15229, 814
10205, 346
44475, 965
9759, 797
38501, 371
23680, 845
31021, 722
42477, 826
6789, 44
44266, 563
56530, 156
51440, 18
14957, 816
39429, 129
27147, 972
28410, 766
31717, 47
41899, 922
14330, 704
41008, 293
27247, 138
55758, 328
45020, 718
31614, 808
22140, 834
8608, 103
12717, 548
30882, 733
9629, 114
36557, 128
4128, 615
50709, 686
9587, 571
12340, 9
9497, 388
4805, 837
9401, 594
42451, 273
31362, 448
21485, 337
49875, 368
497, 268
35983, 502
20770, 98
37943, 751
935, 179
9864, 877
49760, 664
11859, 689
173, 697
16760, 755
16793, 551
49596, 343
7660, 906
45550, 718
4405, 19
33107, 699
38684, 318
9593, 550
26979, 498
47749, 556
31151, 691
38469, 341
35850, 561
33065, 749
35215, 148
12277, 280
15070, 249
21757, 37
43397, 848
13544, 935
5428, 453
7154, 493
52549, 191
44029, 525
41644, 765
21933, 921
30640, 537
57211, 813
55350, 930
59823, 27
26093, 475
41882, 420
36653, 103
41801, 992
24898, 316
59888, 402
15943, 625
10048, 661
53455, 901
45885, 772
37253, 786
33396, 683
42525, 839
42360, 731
5566, 205
8479, 559
16948, 255
52573, 83
59814, 364
53152, 690
26731, 108
12986, 536
16232, 228
51856, 911
33698, 520
58213, 175
10784, 291
55443, 422
44727, 366
52241, 0
8941, 22
145, 17
54686, 259
7488, 871
1846, 619
20643, 997
17547, 532
56094, 304
11665, 262
7473, 377
29737, 915
28093, 526
30168, 576
12425, 881
47914, 796
1278, 551
25529, 25
5533, 489
1747, 112
30105, 699
50061, 718
38257, 392
42877, 456
3705, 704
38288, 86
46172, 650
33082, 932
50967, 600
22315, 426
51572, 728
45427, 694
16286, 225
28989, 771
10377, 886
22758, 342
2571, 946
38795, 767
55741, 389
11459, 915
42462, 260
35026, 347
21306, 457
47320, 654
52998, 792
42909, 380
27969, 182
14658, 182
37531, 604
1328, 271
8332, 243
32691, 255
59587, 695
24169, 53
43690, 96
13167, 949
8795, 921
46365, 231
39777, 431
31162, 864
1840, 405
29786, 386
12063, 899
52089, 727
45631, 100
27805, 842
13668, 344
52679, 509
36904, 678
7192, 364
40574, 46
46785, 480
45642, 403
9177, 399
36699, 260
20224, 231
55231, 9
9763, 592
20653, 735
24991, 269
42245, 786
6391, 763
17797, 276
54493, 984
14031, 306
34899, 586
17221, 608
8893, 827
9170, 233
13342, 235
36159, 250
12149, 307
50554, 67
36971, 802
4399, 639
36977, 804
53246, 9
49030, 477
50131, 587
35900, 96
49075, 32
28175, 494
44719, 493
27114, 901
22119, 162
22674, 780
36674, 419
46414, 248
58709, 755
20146, 138
55209, 269
11910, 249
10340, 230
50471, 899
13718, 50
8095, 409
18538, 965
26968, 207
26928, 905
35953, 194
30654, 459
9884, 511
1607, 586
45849, 10
972, 793
20091, 569
45686, 31
3930, 442
47924, 898
8990, 22
19777, 819
5014, 937
20680, 906
34041, 917
55369, 101
13858, 977
22308, 800
4910, 952
42458, 257
51970, 335
48008, 65
21773, 356
56956, 429
43682, 648
8228, 960
26797, 443
47326, 249
39490, 610
19412, 501
33124, 76
47804, 19
43954, 810
7412, 35
50355, 778
20805, 663
49346, 479
39817, 450
35094, 526
57761, 483
35583, 762
20644, 540
33704, 870
11173, 730
46021, 942
26656, 596
17191, 129
26947, 97
16726, 688
32876, 608
33442, 688
43430, 639
22951, 405
31508, 909
11280, 584
46130, 704
45225, 233
58748, 236
12171, 736
58392, 302
997, 747
9707, 474
39149, 497
54369, 633
14982, 85
59053, 641
51330, 391
20820, 190
44348, 36
39181, 577
10646, 718
54977, 40
1738, 327
43478, 478
48636, 776
17616, 489
31106, 460
28738, 861
52658, 39
51888, 347
29083, 882
14910, 710
49311, 601
4495, 380
7973, 661
47548, 389
23124, 309
16195, 436
17585, 575
57843, 148
7725, 426
7338, 650
19263, 738
26082, 841
328, 777
13652, 536
55667, 826
4737, 783
20110, 487
45053, 624
50876, 237
38552, 904
54596, 131
51743, 398
31499, 301
5546, 350
13444, 341
4775, 280
23284, 450
44789, 124
14547, 87
20135, 836
43276, 55
52569, 260
27658, 142
41358, 577
11136, 535
54608, 602
1601, 812
54194, 612
1759, 223
52206, 87
23294, 797
8255, 689
9191, 729
49994, 493
28727, 695
50816, 638
8726, 756
11579, 795
23495, 567
41166, 166
31742, 919
37414, 831
4113, 19
51052, 305
47549, 297
24807, 562
46195, 472
19082, 769
30582, 836
39296, 8
6503, 126
12147, 394
49702, 894
57891, 714
47561, 868
6050, 539
47491, 276
16695, 780
29328, 257
56876, 67
56071, 323
6538, 267
21975, 911
21636, 353
27700, 950
24255, 252
5471, 440
26007, 962
38362, 461
39997, 781
48104, 711
59473, 768
58699, 211
16101, 953
6245, 519
56222, 684
33188, 789
23229, 345
48444, 447
8524, 101
22673, 92
21197, 534
25091, 214
47182, 235
21982, 943
46432, 88
7681, 377
26289, 61
1418, 361
9888, 614
13258, 812
1640, 17
13232, 942
30561, 676
43553, 464
51600, 798
28681, 121
59704, 869
44367, 471
9573, 174
54255, 976
15657, 409
45433, 99
40377, 330
8565, 264
40025, 529
28574, 559
30936, 44
32420, 904
24403, 970
30322, 116
53877, 440
11158, 453
30119, 919
56745, 410
7710, 954
56260, 138
58174, 496
47156, 905
15587, 480
40148, 350
54129, 198
13885, 113
15827, 530
10416, 800
50416, 126
51535, 728
50030, 394
33148, 991
22583, 27
21095, 921
34873, 264
35547, 667
54870, 174
26314, 488
5283, 300
21724, 722
55372, 16
24651, 220
33744, 273
28020, 957
4952, 795
16971, 640
7449, 425
6177, 174
59103, 577
1914, 718
24901, 726
1263, 601
28103, 21
50384, 729
27239, 819
26111, 30
30202, 559
58150, 740
3645, 48
46480, 479
32926, 732
1670, 283
26159, 55
2247, 854
6296, 77
59351, 128
50049, 127
20664, 351
44552, 606
55020, 945
1893, 338
3754, 517
38026, 273
37366, 581
50270, 374
15453, 857
47536, 687
20726, 284
46581, 918
20231, 67
18701, 58
41292, 816
47099, 108
3830, 842
25587, 373
57153, 763
46713, 113
51331, 214
56574, 180
5101, 214
45219, 134
34147, 747
47461, 169
16745, 342
6870, 382
7389, 238
41746, 830
26984, 173
48729, 983
16390, 499
6772, 268
28660, 167
58250, 855
16225, 134
53802, 619
32585, 135
59063, 200
56808, 435
53488, 603
47705, 682
25995, 319
36361, 167
10235, 904
31682, 383
37358, 304
19009, 235
36552, 29
17901, 432
23085, 411
29743, 264
6815, 950
12274, 57
37053, 728
17278, 27
29409, 884
36258, 635
4613, 518
54718, 223
5107, 760
9453, 338
5258, 221
25284, 178
32760, 81
43733, 901
54457, 6
49041, 286
716, 773
43589, 640
7354, 513
36941, 176
47591, 535
32988, 511
26463, 985
55154, 332
49861, 261
9172, 574
8361, 100
291, 337
19910, 560
41787, 328
18873, 714
59657, 303
35630, 686
42026, 471
33970, 353
59780, 337
34080, 678
133, 54
58555, 825
41396, 910
9955, 481
33421, 584
15043, 556
8482, 643
31748, 471
48158, 257
1334, 432
35213, 504
39355, 916
28364, 532
42979, 397
24777, 958
52479, 38
29245, 24
28925, 544
1216, 644
38974, 267
27984, 952
6912, 398
56403, 95
14273, 776
13825, 87
58847, 299
24662, 211
13598, 402
8163, 655
50518, 182
37324, 412
52525, 125
34698, 536
25140, 407
26835, 158
55330, 863
17794, 873
3762, 343
36538, 801
32095, 956
59224, 660
18931, 255
31282, 546
51684, 895
979, 718
53040, 313
6889, 310
14512, 969
41863, 373
28643, 319
25414, 3
37718, 464
7742, 81
25402, 481
18316, 114
550, 107
27761, 918
15617, 663
37563, 420
27873, 779
59313, 957
40862, 498
51668, 844
11420, 361
17680, 122
37452, 859
4434, 116
53940, 643
28939, 108
53860, 53
47505, 685
44245, 824
29175, 635
34784, 873
48582, 725
29267, 960
26489, 575
45677, 634
56065, 891
30947, 6
44464, 223
50516, 169
40078, 542
54337, 584
37028, 471
36718, 273
47473, 122
1766, 759
41749, 399
48558, 577
55328, 856
46441, 428
31292, 257
55104, 436
36670, 885
4152, 820
31521, 899
21610, 516
35926, 691
14587, 25
13542, 667
16301, 745
33159, 250
52421, 455
9512, 548
32120, 902
29472, 374
47110, 84
3027, 161
14816, 787
42762, 542
6756, 340
2450, 610
40590, 174
57473, 471
28701, 766
59411, 364
17101, 758
36981, 770
46834, 229
25003, 419
29984, 501
32703, 998
3833, 892
27431, 848
5705, 776
38653, 909
33816, 765
24309, 583
31035, 728
17176, 339
51426, 610
59457, 866
27869, 383
34646, 576
34, 0
56106, 74
35155, 441
36771, 588
28191, 643
33540, 533
676, 844
34362, 231
16598, 778
41456, 672
11558, 425
46385, 966
49923, 606
59511, 153
6370, 90
11078, 96
33444, 113
36592, 970
42780, 438
38383, 82
13020, 378
34521, 756
30971, 881
1473, 741
57284, 963
3618, 206
25354, 62
11388, 750
45237, 461
5757, 759
45411, 785
37820, 398
55453, 436
12737, 995
41961, 601
44550, 747
53076, 944
21646, 424
54661, 256
13823, 583
28666, 368
45558, 859
15493, 494
31347, 754
53156, 103
48030, 23
25126, 748
56478, 797
21242, 243
44867, 616
15850, 873
42503, 370
5635, 822
6925, 952
10156, 762
56246, 68
44986, 803
25032, 901
52695, 570
55814, 426
51078, 307
49514, 343
47645, 881
30902, 372
53341, 776
51362, 925
18270, 977
55641, 989
13395, 753
39254, 305
22893, 325
30123, 610
52530, 253
11083, 456
30891, 174
54995, 589
42645, 719
41212, 575
5069, 115
25900, 428
7799, 339
26424, 30
57693, 242
58578, 141
3197, 294
8745, 141
26939, 11
37319, 969
57796, 180
43481, 638
52895, 842
29906, 632
4649, 544
27235, 820
3967, 981
5593, 13
56105, 124
23841, 323
46138, 907
47500, 5
3312, 711
18197, 589
21971, 733
53766, 718
21976, 875
4812, 593
43298, 797
17069, 242
57965, 577
49587, 614
32759, 428
27425, 260
23884, 97
26149, 192
58261, 526
58127, 705
13435, 532
18817, 709
6456, 399
43035, 437
57674, 551
51284, 435
29630, 893
27269, 388
16268, 28
14413, 864
41500, 983
32427, 760
20689, 89
20810, 959
16331, 480
14100, 717
44868, 180
41073, 424
34457, 10
24559, 231
35974, 706
7911, 969
37040, 383
25541, 514
26488, 206
14516, 419
13957, 773
12012, 161
57175, 834
43988, 921
55961, 920
39923, 652
25700, 263
53334, 774
18755, 484
57758, 127
58391, 203
47982, 678
9339, 543
12929, 267
47932, 17
57184, 887
29575, 425
55606, 967
56285, 110
36927, 229
33592, 267
43980, 125
44229, 459
20708, 638
32257, 805
3886, 865
43116, 314
22439, 655
30099, 496
27385, 958
1382, 122
47349, 738
17903, 880
59793, 919
10909, 108
40092, 403
36461, 369
21939, 70
11177, 85
31154, 664
15997, 264
6007, 817
28377, 189
40723, 856
11384, 569
49326, 72
19317, 965
50509, 445
42078, 229
5634, 587
53293, 453
17560, 53
21718, 586
21937, 932
33332, 244
17210, 791
27420, 406
44121, 989
5844, 302
33552, 294
5126, 651
49088, 681
45123, 452
28730, 263
55137, 329
29612, 709
59801, 98
21989, 873
53731, 829
30545, 599
12029, 60
34366, 911
50514, 57
33759, 204
39143, 394
36328, 503
10834, 755
57340, 687
4284, 991
35280, 365
5306, 635
137, 761
34337, 150
51983, 509
50508, 971
17875, 184
23230, 163
29196, 653
34205, 955
45781, 100
10710, 304
48897, 578
16041, 639
10271, 286
2327, 574
33384, 157
7164, 81
34608, 365
47981, 225
20447, 667
35758, 944
29922, 900
24393, 915
4586, 520
3825, 564
16428, 114
29312, 263
5328, 523
26511, 370
30746, 960
36814, 145
35918, 677
12794, 58
3240, 279
47994, 803
29046, 719
51115, 500
33796, 896
38803, 570
31351, 937
52217, 707
12151, 617
57952, 48
44948, 828
3142, 206
10900, 663
53432, 476
27060, 53
4832, 681
46888, 848
34394, 265
33950, 960
4942, 899
32459, 395
35660, 569
14742, 175
30783, 124
47685, 25
43671, 277
2819, 128
20543, 165
17217, 820
49032, 676
55977, 823
49471, 498
34496, 797
23014, 572
7201, 383
31654, 202
49165, 158
57345, 425
10387, 87
7963, 298
50467, 345
25244, 32
41518, 940
18577, 375
46906, 987
3480, 134
53468, 530
11688, 849
15265, 565
49268, 765
13058, 767
4593, 364
40910, 262
44509, 82
44407, 558
6502, 138
330, 72
49664, 216
56327, 372
40477, 906
32355, 162
18312, 761
31895, 779
13884, 805
48650, 153
59471, 917
45498, 303
14933, 856
3646, 30
2883, 946
36454, 497
12266, 214
12090, 746
26397, 848
21226, 387
50089, 385
1300, 929
33956, 663
2181, 634
17534, 623
51425, 256
18342, 99
17625, 678
31304, 489
9342, 497
847, 504
17678, 295
51254, 178
35410, 783
44497, 687
973, 673
52948, 835
7069, 699
5806, 714
28880, 666
28758, 473
2490, 314
56391, 863
26493, 385
41871, 249
48886, 388
29357, 218
53257, 289
40192, 55
42621, 410
56636, 589
28263, 480
24719, 753
59042, 711
50155, 637
19684, 620
28195, 689
49837, 377
8683, 942
27575, 387
13737, 173
9874, 590
33000, 284
24417, 483
13123, 401
31795, 599
48427, 596
25115, 498
1885, 947
12985, 162
11071, 840
18111, 607
30525, 377
47727, 163
48754, 467
41259, 845
34492, 389
56154, 865
58044, 792
44040, 269
8672, 330
19908, 845
42537, 972
50573, 633
43025, 683
51317, 786
27353, 31
41890, 685
15292, 315
35084, 979
54424, 999
20978, 631
23349, 796
45128, 317
7576, 276
48839, 159
50205, 876
34361, 831
1606, 882
51607, 680
7801, 717
50556, 782
24302, 580
37609, 932
15384, 712
15823, 447
20632, 617
22288, 737
58317, 296
59374, 851
27752, 616
9832, 976
51002, 606
5535, 949
19919, 955
49162, 570
17523, 921
36396, 952
39165, 283
37135, 26
54646, 153
45435, 30
31487, 807
58289, 518
36506, 749
39590, 951
13466, 322
14130, 101
244, 723
4174, 231
48896, 579
30308, 364
57299, 368
38468, 71
38542, 573
33762, 912
4528, 845
17062, 628
40787, 495
34590, 956
39279, 470
257, 291
35697, 632
43102, 153
35404, 355
23186, 543
53893, 322
8100, 384
6755, 166
24659, 705
2061, 230
38039, 785
40438, 760
22578, 895
35126, 199
58033, 258
52903, 645
3403, 578
42299, 134
30167, 761
3302, 711
12908, 892
12463, 489
46648, 532
45815, 605
7100, 571
29917, 121
4538, 290
23018, 466
14533, 230
8992, 323
45884, 970
15022, 160
52004, 889
21048, 121
53601, 493
14648, 904
19664, 305
15152, 688
23130, 214
59720, 661
54059, 625
10715, 908
24426, 41
13990, 485
29912, 118
49856, 309
17288, 106
29096, 369
1143, 515
35387, 890
25789, 326
2574, 516
13917, 347
43373, 243
15471, 272
54872, 411
38304, 105
41701, 991
27092, 282
43388, 645
15052, 234
46025, 410
7233, 881
30815, 834
8599, 367
46075, 623
14151, 418
41605, 956
2951, 573
46898, 435
11314, 300
25865, 598
57234, 256
552, 279
23401, 880
24607, 117
37687, 580
59171, 98
6389, 689
34789, 28
28948, 161
27325, 693
11562, 458
16787, 605
3359, 526
7612, 240
12852, 510
4053, 720
39705, 260
15096, 344
43802, 44
55101, 830
47881, 5
34546, 839
50358, 307
32696, 232
52375, 210
10822, 810
17371, 30
30821, 329
43270, 867
55224, 774
39211, 989
34882, 653
1906, 224
3187, 978
55470, 59
30367, 766
14908, 871
59708, 31
53393, 674
21345, 944
4044, 614
44140, 52
55345, 494
9930, 621
52311, 483
42733, 237
48339, 216
58839, 479
30457, 907
17083, 282
56673, 206
4916, 584
44628, 302
40279, 517
41153, 763
12103, 849
17266, 720
57388, 552
55596, 698
8237, 431
31519, 568
36367, 214
58970, 199
24306, 45
961, 647
28493, 563
39740, 548
46467, 183
21671, 180
51836, 196
25057, 364
10233, 980
19046, 318
54540, 200
43773, 508
30337, 789
52969, 192
17041, 762
15331, 996
49520, 118
20069, 146
20660, 94
52959, 601
37362, 320
16737, 804
21830, 388
13519, 809
50242, 860
32729, 425
32160, 386
23936, 465
18284, 838
11945, 713
2183, 298
717, 163
44872, 680
44030, 402
47232, 796
47356, 314
30982, 973
47721, 882
13708, 921
26298, 637
44445, 482
18340, 683
2218, 506
34297, 516
3902, 981
42375, 282
37422, 903
47697, 496
15118, 815
37374, 427
1674, 742
11502, 271
47049, 98
28745, 49
58774, 960
44903, 846
11712, 987
4552, 142
4792, 310
47210, 55
5294, 714
26228, 258
51573, 664
51577, 477
55541, 4
26940, 448
22679, 836
55646, 737
9433, 853
7307, 740
10293, 626
17188, 414
12056, 753
4841, 668
29047, 800
48631, 270
42092, 918
24429, 244
10853, 784
50771, 2
815, 491
5775, 159
53650, 113
22894, 997
378, 560
18889, 498
7995, 565
47203, 905
54161, 432
5510, 978
42752, 987
24567, 720
37554, 809
45518, 23
57450, 717
37496, 580
9227, 155
1541, 179
43224, 566
33389, 199
4202, 922
32105, 644
26481, 30
53305, 251
39054, 631
56753, 522
38888, 314
1635, 465
59368, 436
28280, 17
12088, 887
20496, 843
28091, 555
8544, 43
24801, 295
39485, 230
8804, 258
51379, 265
43456, 43
24409, 271
1400, 146
9784, 794
40681, 216
35709, 124
56677, 309
56017, 11
41060, 689
57864, 218
2621, 810
57243, 601
18622, 275
55206, 23
30213, 392
39380, 670
57360, 153
51166, 543
4675, 912
48900, 725
44585, 476
25825, 2
8189, 751
10804, 139
42901, 198
41330, 446
13393, 160
37570, 65
46408, 511
19398, 166
22413, 802
14959, 856
14681, 593
23058, 656
36763, 31
31978, 475
22255, 788
37543, 406
46018, 726
50565, 350
38969, 114
40693, 242
15243, 597
14800, 946
24604, 652
6428, 477
26337, 857
31890, 754
17588, 575
30130, 464
58284, 401
33893, 568
7646, 644
42886, 518
3439, 930
41731, 596
3986, 267
50058, 820
34593, 944
44192, 236
38129, 973
42612, 938
10838, 972
15609, 166
43549, 178
34082, 284
52024, 534
29421, 198
38856, 895
6583, 174
49484, 680
50664, 825
24349, 559
46115, 79
53662, 690
48050, 206
16334, 107
33727, 90
42724, 227
15561, 751
52455, 175
56805, 87
50679, 653
29975, 107
25317, 108
59279, 328
45976, 681
2766, 969
1331, 471
34264, 73
39028, 818
54307, 323
3562, 29
54123, 884
58301, 401
37658, 748
19971, 594
32426, 18
42004, 314
25006, 894
37433, 660
33226, 242
34594, 175
15140, 609
31685, 948
31845, 994
31809, 950
12114, 191
21678, 724
43066, 807
24754, 592
59288, 173
29137, 133
48477, 797
46502, 702
26266, 151
19741, 89
51149, 482
33623, 301
10680, 24
40699, 222
10947, 893
22862, 383
8812, 118
6233, 227
4810, 348
8541, 574
21962, 808
42732, 668
19934, 763
51145, 783
8265, 517
44995, 400
33596, 369
46570, 595
50925, 799
13277, 708
35642, 353
16734, 245
38178, 204
25844, 246
51925, 779
17216, 623
43277, 923
54850, 928
24188, 547
38531, 333
57679, 66
29517, 209
6574, 975
36271, 466
3561, 924
2741, 495
37869, 799
10502, 520
23557, 701
57116, 779
40102, 84
37129, 615
59756, 944
11980, 793
25897, 55
155, 95
29370, 310
26534, 573
28798, 311
15523, 906
13754, 879
43897, 567
17329, 101
35555, 464
3571, 835
54063, 883
50831, 157
6713, 372
53345, 27
39464, 127
21002, 400
1877, 811
23117, 443
38989, 817
17379, 533
32023, 965
55583, 211
1779, 564
34187, 891
37174, 852
15864, 907
395, 90
39830, 583
51541, 236
34352, 407
33166, 658
30716, 215
58491, 629
44424, 275
53615, 624
21674, 241
26895, 987
58633, 196
23538, 611
6049, 490
10219, 442
53618, 432
21322, 976
28179, 36
56486, 742
31802, 435
44510, 808
44644, 257
17408, 148
11387, 956
57525, 395
57362, 831
44088, 233
19242, 94
48475, 1000
43411, 371
51018, 487
1344, 126
52180, 237
28079, 541
26958, 61
11739, 313
55022, 783
18599, 194
36765, 32
13908, 700
12597, 869
5931, 65
23862, 33
31584, 813
39130, 692
56287, 143
2556, 822
51515, 632
5119, 64
9130, 452
17214, 13
55937, 14
27138, 137
57330, 327
23837, 106
55368, 508
59857, 154
58357, 745
37958, 290
27953, 429
16722, 204
34847, 14
40368, 752
3880, 978
40670, 223
37600, 127
45633, 30
13324, 754
24112, 454
18575, 254
30312, 442
13408, 632
51892, 352
26358, 427
32387, 890
46189, 384
49434, 966
44739, 519
11013, 406
53202, 830
58307, 149
33977, 176
52229, 848
17073, 230
56268, 317
5905, 923
20147, 927
37874, 291
1896, 177
59624, 625
23326, 271
8920, 203
54511, 613
41802, 703
56432, 512
5960, 897
37416, 514
42971, 188
26871, 997
35531, 625
53710, 788
26684, 25
6954, 207
58830, 405
24682, 518
46278, 117
52509, 512
10554, 224
14122, 145
9053, 388
6346, 539
665, 708
57389, 368
17018, 188
8727, 492
51488, 996
29093, 377
5317, 463
43359, 866
40287, 783
40274, 535
264, 291
13223, 691
23177, 320
15280, 957
24713, 360
43457, 324
13099, 812
22908, 712
9838, 836
56110, 394
29003, 800
15761, 463
6793, 654
6231, 693
42800, 378
58390, 743
58073, 457
48148, 973
10396, 830
22507, 513
55317, 360
52976, 576
30807, 235
40413, 52
26496, 409
41234, 102
32008, 351
35227, 853
40519, 675
20685, 394
13958, 956
48232, 171
45980, 244
32994, 442
22901, 75
4978, 63
20212, 545
56998, 286
33006, 941
37311, 351
42256, 64
9137, 40
3273, 14
58692, 930
30554, 714
42697, 8
54364, 402
17938, 862
1349, 918
42449, 458
16474, 295
50735, 381
37240, 678
15339, 561
57414, 612
1399, 732
5410, 497
50995, 420
9145, 462
13327, 900
41349, 859
45136, 998
831, 333
24574, 20
28923, 983
18939, 271
43182, 156
47221, 263
49398, 124
20014, 711
2786, 522
49677, 690
47564, 665
33372, 866
25715, 129
56744, 463
50478, 292
56219, 14
18795, 144
44802, 848
26902, 233
8621, 534
9716, 163
30438, 156
35631, 836
54293, 78
49278, 588
3350, 600
59376, 49
56915, 35
10676, 680
20671, 915
12293, 952
6883, 378
21010, 199
43183, 890
48320, 683
52491, 771
28785, 169
41436, 981
43082, 808
10085, 395
28589, 556
16541, 860
17852, 841
49290, 182
55252, 456
32508, 168
54770, 583
4331, 785
44910, 31
23453, 870
13723, 553
25993, 618
20288, 840
54551, 15
13558, 753
27201, 403
20540, 203
59782, 253
29374, 403
27783, 981
45352, 745
33476, 652
58489, 933
14580, 250
12940, 595
56604, 44
17422, 995
47111, 710
36000, 846
14803, 672
29689, 140
32606, 150
58097, 325
36794, 715
46088, 1000
6626, 149
751, 431
5260, 656
34992, 148
47160, 143
51006, 986
51182, 293
49235, 288
2512, 506
13051, 384
44131, 432
3666, 868
34262, 615
36698, 725
24162, 13
19882, 307
34842, 810
7246, 790
46544, 636
37784, 621
36290, 74
22426, 377
58402, 949
18711, 300
46492, 913
42240, 839
8521, 358
22549, 243
49417, 532
46632, 140
56375, 780
54471, 289
6203, 308
26615, 881
44118, 362
56444, 593
52104, 926
46871, 742
32341, 148
32916, 1
16193, 845
26882, 776
10734, 238
36565, 984
36477, 482
10792, 503
536, 870
50332, 774
19593, 519
2268, 336
33630, 217
34747, 940
682, 531
31387, 633
26281, 935
39013, 398
15018, 848
56602, 661
8573, 624
19700, 606
16482, 48
43260, 598
50180, 979
10247, 60
45326, 49
21370, 23
36649, 553
59628, 629
1348, 449
10533, 796
6529, 133
48429, 520
15092, 660
55904, 856
54357, 242
54728, 747
32296, 49
55212, 851
56724, 475
18669, 496
16702, 689
40935, 563
40721, 783
54466, 386
43203, 577
729, 738
51026, 594
12563, 351
52681, 97
35844, 11
57878, 824
37962, 28
41945, 487
53756, 522
8027, 959
493, 610
50808, 143
11119, 261
39219, 1000
20025, 540
58511, 248
55011, 402
11341, 404
1912, 84
50965, 356
9061, 651
24419, 137
9509, 109
53748, 844
41249, 901
38559, 415
54410, 635
50007, 278
10884, 568
17206, 544
18, 563
43924, 118
1938, 619
21824, 388
55300, 371
35563, 627
2500, 244
13646, 403
1064, 618
27782, 381
4794, 556
6681, 508
32044, 702
1073, 739
15228, 859
19877, 829
24949, 714
1125, 401
53873, 366
42583, 257
48666, 198
46593, 926
35360, 313
34103, 858
58160, 396
50543, 612
8327, 539
55523, 471
23056, 562
51509, 835
24330, 309
36489, 487
49337, 379
50659, 79
42983, 431
50326, 973
34695, 197
48664, 983
51793, 308
35378, 844
58374, 382
46955, 746
4262, 365
30743, 138
7110, 311
6347, 838
33580, 734
16253, 673
5786, 115
321, 939
16852, 724
308, 978
53801, 781
21622, 268
6468, 650
38495, 431
11821, 238
23990, 374
12670, 680
57846, 91
1965, 117
37350, 75
33888, 932
13184, 685
47785, 586
50510, 392
54202, 884
403, 938
49589, 721
320, 623
29149, 868
358, 452
26310, 638
6956, 552
34953, 843
22076, 496
53978, 146
5337, 553
14540, 727
53592, 523
3546, 546
20263, 636
388, 327
42131, 720
3029, 487
46111, 605
33052, 121
28750, 917
30217, 107
15056, 636
17262, 258
28595, 920
18169, 84
56084, 777
13298, 439
16979, 249
30109, 38
50346, 942
10938, 443
29803, 67
20882, 830
1285, 326
27968, 921
57573, 573
35005, 748
33687, 838
36264, 435
55996, 692
45458, 329
41282, 380
24620, 67
50065, 873
42163, 382
48034, 282
18647, 786
38481, 368
2415, 177
657, 65
51951, 584
10155, 206
58072, 844
3874, 383
18380, 967
30851, 999
26802, 982
19999, 888
18801, 22
36544, 853
8089, 163
47575, 892
58908, 863
5326, 546
22965, 623
53939, 43
7249, 174
20137, 583
47044, 970
36873, 67
45780, 142
23196, 235
55990, 247
58906, 664
21525, 110
44436, 44
23645, 369
49127, 887
56796, 734
20921, 677
22373, 919
13583, 99
39358, 279
18860, 220
19475, 332
1230, 352
56643, 51
43318, 571
20932, 7
28541, 678
36672, 997
37123, 467
34798, 966
53761, 358
50245, 390
9674, 757
17555, 403
58363, 785
8303, 939
6461, 479
39519, 610
43815, 717
29511, 192
2558, 834
7454, 966
46428, 127
11390, 397
9295, 925
14902, 297
32829, 466
3614, 827
2233, 388
26691, 988
1862, 598
25268, 371
21747, 182
11154, 827
29063, 22
14253, 517
51395, 808
21262, 359
39390, 796
10648, 68
32635, 364
57103, 79
35683, 999
1697, 356
20596, 277
46842, 150
5953, 200
9802, 702
7501, 973
57907, 340
17276, 538
8743, 364
50174, 388
51663, 756
28371, 877
20181, 63
9836, 699
10312, 325
1663, 524
40218, 745
44005, 650
47466, 129
29538, 975
46978, 150
18920, 141
18848, 361
12362, 359
17662, 654
56978, 77
59529, 912
34387, 537
50277, 129
42703, 642
42196, 659
18364, 423
22504, 790
27798, 555
31969, 113
25585, 588
23309, 820
35880, 925
24877, 881
35550, 972
24254, 668
34949, 938
42803, 361
49542, 599
21896, 962
46942, 585
32963, 922
34583, 42
29719, 189
55392, 273
24070, 297
23272, 349
33327, 827
24147, 182
13849, 132
32224, 73
20619, 247
7494, 883
52501, 277
17193, 779
53971, 931
45327, 168
12528, 487
16336, 989
21894, 801
17461, 296
50506, 480
25113, 565
27666, 828
59541, 434
10677, 582
13090, 469
36648, 458
8280, 246
28715, 997
49697, 629
25557, 538
59301, 631
56999, 659
53762, 17
12008, 622
44714, 532
33269, 651
2864, 897
57539, 735
45122, 215
13585, 117
15882, 624
54067, 371
51009, 191
13879, 7
16784, 781
18346, 144
37694, 905
51170, 926
47707, 65
33856, 995
40820, 341
13648, 381
40166, 392
8708, 654
12873, 432
8950, 575
25116, 761
38537, 791
12213, 746
23065, 83
58345, 150
11304, 161
28888, 445
28867, 685
51866, 930
12483, 320
30143, 364
37564, 822
2458, 435
5151, 131
55867, 188
19394, 398
36393, 216
14873, 386
49903, 897
11138, 864
809, 180
30179, 570
5504, 582
3770, 437
27924, 506
3994, 262
50792, 198
44781, 419
31962, 448
11849, 353
68, 881
36464, 627
26819, 264
7819, 538
59757, 267
25706, 986
52629, 727
13482, 590
35020, 409
40220, 248
931, 739
12609, 790
28326, 640
45762, 383
27567, 636
33447, 133
57792, 346
37287, 893
24080, 8
51410, 675
18877, 828
17898, 342
33301, 939
31004, 926
44429, 23
8111, 530
58947, 645
1795, 520
5430, 98
39376, 403
21615, 222
11328, 900
30827, 101
39709, 76
11133, 674
50810, 329
29117, 103
36055, 539
56459, 35
24464, 236
47369, 731
48487, 175
32726, 682
32569, 826
21768, 896
40121, 645
56767, 75
8247, 571
32684, 760
22712, 361
44994, 967
8883, 115
53700, 212
35037, 618
27265, 451
58397, 585
54841, 820
18192, 81
44216, 829
27149, 440
37980, 414
5059, 143
49263, 57
57832, 392
22963, 389
52786, 102
31753, 166
38758, 347
35685, 214
57948, 48
47825, 871
35261, 169
43095, 915
30987, 602
52794, 951
1756, 509
28306, 865
19230, 859
41826, 389
45428, 607
33020, 803
1534, 874
26392, 744
30715, 873
27573, 475
30038, 864
9111, 909
12889, 45
7172, 128
10323, 278
25569, 621
38204, 986
15261, 708
48467, 598
39711, 940
33278, 381
7340, 927
31080, 929
31438, 400
13174, 740
16574, 754
29380, 765
9405, 140
24494, 585
58235, 297
36048, 294
58228, 483
22729, 681
33503, 945
34215, 483
6874, 385
12631, 590
45601, 881
25277, 866
18708, 741
54052, 663
33923, 502
57682, 198
53385, 937
3960, 465
53384, 668
41669, 941
15210, 600
22220, 137
51770, 743
42312, 462
54365, 970
47088, 747
28857, 872
41230, 412
30867, 47
6622, 736
54953, 278
40263, 671
2733, 603
22794, 598
45312, 718
22624, 597
47190, 493
25130, 203
53666, 731
47213, 978
55729, 191
16881, 258
30928, 490
2322, 351
2100, 900
48808, 432
5249, 314
19801, 679
18407, 218
41833, 652
48925, 722
10743, 934
4720, 558
56779, 640
22345, 681
10425, 429
3626, 833
52900, 821
2372, 270
43666, 249
29283, 263
44246, 56
56825, 806
21173, 696
42981, 190
43615, 713
47518, 371
37744, 897
3840, 886
19772, 964
35001, 747
45867, 951
9962, 583
42772, 740
18928, 636
56284, 180
47801, 850
50142, 680
28774, 865
39696, 102
31167, 348
33875, 807
1472, 605
51618, 697
14958, 832
55759, 788
50042, 881
42160, 78
24284, 126
56072, 59
40725, 406
27409, 181
38972, 681
58021, 448
34267, 754
20178, 707
47036, 626
53111, 827
39388, 225
29010, 478
10835, 368
19075, 135
16973, 657
111, 8
55471, 711
34004, 84
8082, 679
53569, 513
10678, 971
31536, 928
8763, 568
5624, 204
30159, 32
36480, 523
12511, 464
13012, 303
8645, 445
57500, 368
16964, 633
7608, 520
2143, 29
5136, 309
17322, 393
31707, 319
32996, 687
52305, 944
51501, 1
9125, 105
46378, 806
2331, 491
9903, 810
9881, 409
9778, 74
10100, 650
53966, 378
10659, 969
26908, 49
18228, 201
56261, 482
59787, 881
7445, 915
7906, 454
38353, 503
18471, 460
59451, 298
30295, 574
34285, 949
11779, 136
12883, 433
47079, 458
1684, 893
34238, 273
2132, 103
28043, 337
9251, 906
42209, 345
19970, 676
8619, 333
41750, 566
57487, 909
34412, 743
51382, 912
40098, 480
16967, 388
15621, 679
24401, 727
8393, 433
41463, 115
39077, 982
45727, 186
15334, 5
24216, 651
3842, 555
47629, 563
37251, 151
45494, 284
45464, 613
31435, 600
57266, 328
58501, 887
10756, 580
44233, 155
27600, 812
32976, 127
49633, 288
58674, 303
9957, 656
22175, 784
40254, 260
7583, 696
2389, 187
19850, 665
26644, 770
31781, 686
33822, 100
12177, 895
5568, 73
54201, 345
47130, 73
336, 415
46868, 3
34421, 524
28275, 505
38967, 237
30017, 510
14433, 844
23708, 985
11254, 299
9787, 499
40195, 891
14592, 381
59453, 146
20116, 417
42805, 583
18779, 474
31222, 752
10679, 108
50990, 488
3462, 182
52879, 734
42520, 66
42549, 134
45063, 273
59604, 600
45720, 128
36245, 67
43637, 625
25955, 306
42856, 427
38191, 506
10609, 951
3922, 566
37278, 200
50698, 827
18961, 537
45087, 687
15556, 884
46681, 911
49271, 347
55095, 599
4756, 123
52803, 397
893, 977
27157, 284
29489, 691
27511, 621
55624, 363
9677, 611
88, 0
28981, 628
59615, 55
21873, 660
48350, 673
39361, 244
14158, 368
20580, 676
11107, 911
16829, 435
15983, 573
11891, 310
49565, 596
52460, 498
20103, 910
58125, 477
51132, 297
36174, 891
42912, 425
15423, 356
57185, 523
24854, 134
20483, 778
7453, 749
11920, 767
14066, 721
33931, 486
38348, 777
31553, 426
33614, 966
98, 689
33828, 320
38179, 718
46120, 49
24788, 413
9384, 75
52586, 199
56489, 702
4931, 272
29586, 532
57194, 852
18629, 86
14856, 230
9204, 639
42187, 715
53347, 631
45826, 996
26681, 526
7838, 137
8428, 372
212, 381
52564, 176
22126, 25
2276, 175
16548, 12
55597, 992
11285, 91
52020, 591
17854, 643
47913, 936
10665, 603
28461, 544
36282, 534
20508, 228
14388, 926
5305, 5
21019, 955
46369, 595
10762, 983
28931, 149
28884, 656
21507, 544
23939, 9
43096, 977
25353, 716
38356, 187
30552, 665
47202, 713
34044, 387
10495, 769
49996, 413
49736, 850
15818, 327
10954, 712
43512, 1000
20289, 716
48812, 452
50658, 571
42443, 344
43016, 658
57091, 212
22326, 180
6173, 740
35218, 304
9414, 704
35169, 892
43606, 138
37818, 134
56824, 411
20971, 672
17731, 845
57315, 515
8018, 387
16919, 559
4119, 350
5002, 184
17012, 706
4215, 631
20161, 545
44767, 364
18317, 726
31992, 998
50265, 461
24337, 555
26212, 73
53628, 308
56697, 742
56007, 195
27166, 429
41614, 143
47883, 416
47936, 962
12753, 992
57178, 973
19089, 43
14269, 13
28207, 940
40259, 338
17347, 720
1948, 261
23905, 346
430, 602
7632, 881
9410, 546
51060, 263
8435, 837
45247, 425
34878, 711
32868, 386
14030, 750
43552, 466
50009, 701
44082, 582
50853, 476
31987, 468
57144, 848
8631, 668
44144, 412
10887, 90
41533, 78
24681, 472
38292, 896
36722, 313
14697, 932
6136, 610
2255, 142
13665, 1000
13624, 666
36180, 113
15536, 538
48974, 681
38019, 544
54785, 354
21833, 988
55615, 141
30073, 953
39996, 13
45381, 638
27373, 430
1789, 682
49823, 827
20871, 160
5950, 285
41382, 127
24704, 193
13785, 410
36, 735
59105, 741
21580, 517
41552, 106
1848, 365
36534, 645
9956, 512
59352, 899
34402, 627
18688, 920
45271, 257
19190, 97
40346, 575
59106, 810
23526, 828
47181, 197
55229, 879
879, 854
31938, 595
29490, 65
22051, 954
28102, 997
51985, 563
45842, 696
19061, 145
50811, 878
43591, 809
57181, 792
20922, 816
30512, 70
58384, 464
37868, 212
17851, 944
56768, 169
30631, 798
7523, 725
43071, 105
37443, 405
50222, 409
3686, 486
7540, 121
34368, 666
42812, 895
23074, 81
43487, 218
52894, 485
54458, 83
10981, 700
10088, 288
42359, 922
1251, 790
34825, 117
3437, 596
13468, 228
24510, 239
40420, 153
15622, 263
52202, 264
57172, 266
8682, 471
57042, 408
46524, 714
49939, 24
26073, 767
10515, 626
2293, 929
1916, 248
4906, 761
45421, 863
18838, 626
45406, 485
36019, 938
17708, 148
17005, 774
37542, 839
41056, 914
47333, 658
43517, 21
9742, 343
25577, 165
46619, 793
36759, 136
34691, 960
46143, 529
31181, 627
14702, 693
47205, 299
33392, 158
51818, 57
35338, 141
872, 842
28965, 273
25849, 369
26838, 266
1193, 640
4357, 429
41312, 428
49764, 998
14354, 171
39525, 492
45759, 932
2896, 923
41567, 729
13872, 736
3449, 644
52744, 295
9406, 647
46089, 517
6720, 571
12729, 300
16818, 943
42142, 921
11654, 66
49118, 540
34125, 424
38634, 260
54999, 819
9958, 457
5224, 196
21238, 61
45744, 184
48381, 989
59367, 65
37255, 440
42138, 280
40957, 753
22623, 273
23982, 233
22991, 906
42035, 482
28222, 905
37909, 561
58000, 95
15252, 344
48422, 529
28911, 839
9074, 983
3727, 672
1404, 234
33870, 655
51553, 385
2648, 430
17112, 470
228, 235
57283, 221
24291, 567
40476, 803
48468, 375
632, 959
10222, 405
28245, 316
21083, 424
59572, 413
33820, 476
12450, 709
15927, 255
58220, 944
5979, 161
32135, 816
39308, 476
28592, 934
25133, 880
51436, 612
13604, 453
7343, 616
10758, 285
53440, 0
47248, 142
6907, 330
39290, 207
45946, 551
38499, 132
3271, 539
6620, 74
27541, 388
8664, 642
16561, 693
3320, 41
14807, 276
51694, 247
14378, 580
27367, 383
44839, 709
13946, 481
22070, 366
57317, 335
19154, 634
10635, 842
46119, 905
49676, 33
41618, 93
45876, 340
27912, 769
24231, 136
28910, 757
5530, 696
22195, 31
38399, 370
38776, 396
49258, 548
5532, 290
11887, 656
58495, 844
36257, 391
46549, 218
29243, 653
18492, 87
49810, 560
42282, 557
4503, 707
3798, 856
14676, 620
39152, 169
37398, 59
41835, 621
14094, 1
53652, 571
49368, 17
29558, 267
13066, 164
7888, 459
44940, 935
27316, 597
27061, 804
20090, 782
25552, 264
29055, 102
56940, 716
51370, 836
15253, 513
57780, 427
24368, 366
2584, 525
12714, 367
39168, 925
28181, 181
34377, 561
59144, 875
53906, 953
22765, 406
49707, 7
51160, 698
10606, 318
43969, 543
30819, 754
19032, 856
27291, 701
7054, 900
28449, 879
38072, 95
23654, 540
32048, 289
4683, 649
11190, 717
40611, 10
47482, 725
2361, 988
22005, 256
31453, 974
3324, 719
46169, 268
58030, 646
1311, 472
43765, 644
38082, 602
42782, 875
30749, 902
54501, 623
35395, 720
13210, 941
42858, 974
22107, 337
17742, 823
58296, 541
19932, 8
54347, 909
45725, 316
50522, 218
44057, 794
35612, 827
43480, 784
32804, 799
48247, 477
15502, 593
51280, 734
51392, 460
46039, 689
36178, 761
24772, 987
54310, 701
24091, 730
22084, 17
53733, 846
5299, 730
26174, 842
8028, 638
19872, 942
20878, 369
22746, 715
17734, 348
25937, 120
30117, 606
27073, 599
26325, 919
17365, 689
59439, 417
44851, 833
12745, 713
25828, 112
7334, 353
46513, 204
48840, 906
20920, 896
32717, 485
36100, 665
56814, 291
56487, 986
54145, 328
26521, 445
45231, 184
21983, 758
20966, 105
51390, 294
56051, 290
30534, 36
5448, 8
9311, 775
29277, 73
1258, 77
57406, 637
55311, 71
48088, 421
29989, 880
13865, 913
43370, 212
9400, 721
1060, 145
38312, 897
55349, 729
6000, 258
41825, 89
32875, 282
39447, 107
18890, 936
17727, 674
22707, 427
44817, 461
50491, 704
12042, 422
22727, 712
11704, 963
6575, 799
48194, 133
679, 369
2095, 684
8410, 997
45899, 323
1266, 221
45538, 446
29433, 619
28659, 926
26917, 441
29976, 505
29305, 417
14439, 125
39595, 866
59946, 125
15377, 989
46036, 843
28015, 207
12231, 997
7619, 220
534, 999
41197, 255
27820, 142
8982, 986
56890, 221
42464, 293
41068, 314
16779, 460
16699, 281
27769, 26
17374, 654
4871, 352
51291, 851
20184, 783
9099, 418
24895, 966
24360, 936
54401, 661
47355, 956
36828, 414
32898, 984
9978, 352
21235, 587
56423, 284
30941, 997
28748, 554
17977, 583
5407, 704
32962, 549
31841, 231
3431, 173
11204, 315
18450, 812
41321, 812
5142, 141
53057, 1
30589, 493
51656, 670
50490, 443
46484, 823
13705, 76
28424, 503
11625, 860
41354, 532
35732, 971
38, 556
19589, 582
37819, 863
32325, 318
14125, 112
27741, 339
6363, 806
22417, 926
7017, 179
19884, 980
56672, 276
19448, 853
16002, 823
43137, 494
23304, 525
44257, 146
47464, 240
58772, 623
26167, 897
17395, 715
55701, 512
12308, 339
15501, 729
59398, 559
6594, 4
7496, 895
51101, 570
654, 539
41993, 603
39233, 589
57394, 763
33794, 197
31562, 288
16236, 821
55309, 931
3426, 930
41000, 177
39796, 31
35123, 613
21558, 746
38418, 66
19468, 848
16992, 284
24219, 61
28092, 12
9993, 700
24523, 379
52983, 160
46338, 898
42357, 541
6929, 360
18843, 910
27970, 471
22230, 903
44541, 324
49307, 600
56424, 399
6857, 15
55221, 644
30165, 147
3262, 74
15727, 250
50103, 411
52074, 84
41574, 707
19369, 613
10402, 986
2335, 713
42737, 687
53865, 193
4410, 594
54133, 553
42769, 75
53242, 718
46645, 241
53985, 947
22035, 279
21172, 503
49296, 868
44378, 440
23367, 258
57944, 154
884, 206
9142, 606
7426, 767
15155, 192
34013, 151
16551, 447
15088, 141
30197, 714
36757, 499
50444, 862
11634, 688
20717, 243
5564, 315
27640, 833
29070, 723
10371, 936
34005, 213
36933, 619
15975, 762
16296, 388
351, 982
40149, 365
36688, 926
27901, 618
46233, 656
21166, 637
6323, 539
5584, 75
56393, 535
39334, 740
3957, 826
21557, 726
46759, 510
54216, 969
57220, 558
15254, 502
36822, 46
27936, 513
3858, 646
14381, 933
8408, 226
50937, 922
42326, 503
55627, 840
18291, 520
54370, 489
9622, 372
35228, 128
35131, 106
56616, 821
55598, 70
10523, 108
43758, 480
42442, 520
17640, 725
36044, 406
23598, 935
1966, 685
33967, 199
52451, 583
56039, 663
40877, 667
55913, 434
49603, 874
48859, 715
12696, 441
35932, 233
35510, 524
24499, 579
42560, 590
58904, 452
3007, 179
50777, 491
43684, 251
53738, 336
6018, 37
26400, 277
43360, 689
43094, 347
43978, 32
27028, 265
2772, 499
3053, 251
53292, 43
23747, 733
33597, 266
25576, 974
6834, 767
51511, 264
38889, 183
26707, 487
58146, 591
10904, 1
19221, 678
37755, 369
47660, 722
40446, 309
55074, 681
53177, 0
16045, 150
3610, 734
19156, 587
57868, 18
21541, 258
43335, 531
43992, 319
3660, 28
52196, 970
43217, 575
29148, 505
13256, 732
46520, 583
23185, 596
12553, 791
34929, 19
59146, 285
36715, 122
16379, 172
27349, 90
17189, 890
10931, 671
20624, 446
13755, 121
47873, 65
56005, 246
17031, 138
59124, 776
18571, 487
59522, 150
36956, 96
22651, 26
9921, 732
3051, 497
7860, 792
23885, 461
2529, 67
7441, 423
6918, 810
58845, 442
33434, 496
36252, 815
23627, 65
37298, 264
32217, 750
459, 112
59846, 637
13439, 586
58322, 384
9064, 444
45044, 716
18863, 622
44325, 57
33314, 549
14939, 795
52285, 373
37318, 228
14318, 298
8431, 999
20264, 986
11673, 156
54152, 140
31422, 104
20553, 831
29527, 489
10117, 795
27133, 77
58348, 284
33286, 10
44974, 351
3913, 157
38571, 729
40428, 876
30201, 661
3384, 881
19222, 337
1661, 64
28737, 664
10025, 670
15798, 185
64, 558
9713, 21
42279, 960
38466, 33
15020, 588
22508, 603
13229, 507
59265, 744
12703, 644
59208, 796
30265, 591
11411, 190
6982, 278
58870, 79
12554, 342
9533, 626
14553, 372
41450, 760
27899, 225
35085, 385
51779, 317
38183, 805
39443, 540
30977, 532
164, 302
38688, 458
29324, 101
9603, 471
33173, 623
36110, 943
6328, 530
4185, 604
42003, 692
16531, 61
48663, 875
8271, 180
38893, 625
18710, 376
22858, 665
6908, 550
2868, 868
32933, 51
57963, 94
8019, 766
44827, 496
42053, 283
30931, 192
28977, 978
37036, 731
12341, 264
6469, 869
46792, 579
41489, 517
56060, 381
37555, 621
18802, 314
27479, 899
51718, 22
11400, 732
8185, 369
97, 290
463, 212
46450, 608
16174, 591
16803, 129
39918, 304
41278, 490
20156, 45
27535, 347
41708, 252
8264, 777
55776, 869
44304, 855
18620, 118
18149, 70
3988, 950
47797, 690
17992, 702
49479, 788
5978, 410
7203, 373
10092, 855
24197, 226
40266, 544
14311, 704
16397, 514
44754, 545
31164, 30
28787, 717
48147, 110
34839, 625
44083, 333
12094, 290
27055, 312
2426, 511
2062, 244
55400, 352
50304, 900
58698, 7
33621, 530
17223, 233
17809, 716
3757, 889
56660, 798
33547, 21
40480, 988
25034, 194
20604, 165
21852, 367
33264, 857
28499, 740
11979, 738
40327, 248
25783, 79
16720, 423
44516, 142
7180, 3
47398, 948
12229, 734
56617, 658
16155, 744
42986, 950
56151, 277
25342, 377
33467, 349
34653, 450
1618, 388
5303, 359
29967, 568
43812, 735
32352, 479
52484, 192
3428, 588
13895, 300
22176, 267
13936, 460
22534, 658
39668, 390
49107, 785
35121, 697
59764, 534
22744, 112
50141, 940
3947, 328
21481, 27
45779, 634
17598, 701
20340, 626
26796, 636
22304, 795
2202, 562
25861, 198
56093, 896
2902, 772
42509, 774
20727, 849
25605, 23
14519, 879
6549, 75
21458, 79
34026, 384
31074, 904
53763, 542
38406, 980
25037, 15
29506, 904
33681, 926
51929, 471
14947, 306
12233, 732
5744, 484
44558, 11
31159, 29
52593, 404
24550, 230
56658, 41
47412, 786
42714, 11
16094, 153
17253, 373
28817, 590
27911, 478
57794, 680
42438, 940
20382, 17
32340, 954
52611, 369
52942, 544
40412, 696
1993, 749
26553, 689
36540, 777
44183, 340
34071, 972
37490, 7
3715, 231
49501, 155
57256, 2
17891, 359
22495, 792
38386, 117
17082, 419
59491, 310
4876, 705
16414, 988
18654, 775
24867, 202
6892, 760
5790, 262
29310, 586
32025, 986
42871, 950
54712, 684
43953, 789
15264, 222
35825, 194
43193, 890
49757, 873
43822, 377
59858, 384
27118, 254
50109, 462
45380, 558
13673, 845
38091, 171
25463, 917
39413, 742
28955, 942
55326, 473
4341, 173
54346, 605
28192, 83
46228, 968
57258, 539
29348, 929
49597, 26
37297, 846
42869, 573
22870, 193
18924, 920
31014, 923
19573, 734
13321, 786
24010, 41
9817, 503
35235, 563
131, 541
59101, 297
13447, 956
3678, 852
12935, 755
39381, 683
1844, 415
46653, 583
8450, 27
40122, 966
13121, 15
22595, 247
30693, 787
31138, 494
21029, 734
47027, 306
54166, 858
28671, 827
56390, 665
20785, 647
12689, 854
56270, 881
44788, 599
36183, 255
53514, 552
41076, 450
33676, 634
2444, 300
39551, 253
13612, 467
57930, 728
43744, 742
14464, 1000
50154, 811
15872, 592
4777, 417
37195, 574
57338, 672
35791, 724
28765, 986
16498, 924
15455, 846
20323, 734
6850, 620
6280, 769
41079, 193
52, 2
10409, 127
20216, 121
14459, 991
55086, 152
4074, 771
40635, 714
46591, 298
38182, 546
29778, 114
26477, 847
33352, 301
35909, 931
54515, 546
6935, 941
34676, 754
37610, 334
58734, 367
16753, 709
6058, 910
12083, 369
45485, 97
51603, 286
38757, 711
51093, 493
47106, 855
46514, 83
14098, 949
59384, 61
46361, 957
2686, 429
26278, 472
44452, 641
38847, 468
50212, 879
35890, 367
51667, 365
38936, 881
49260, 991
20992, 231
53591, 547
42677, 18
38387, 392
7244, 981
34170, 806
47791, 997
14489, 307
7211, 498
30478, 336
7856, 529
16567, 261
9344, 204
46775, 790
6619, 834
51513, 192
38059, 77
54044, 600
56630, 476
29772, 300
49358, 24
51238, 721
14555, 593
41843, 888
32694, 413
27254, 104
36207, 468
27474, 832
50865, 708
26009, 108
16424, 418
9134, 806
29647, 286
54996, 759
35432, 674
20745, 986
38954, 749
46240, 655
51746, 119
32118, 872
47107, 11
46328, 309
56961, 951
1908, 999
25250, 386
34888, 758
26097, 303
54889, 445
10276, 442
54845, 486
27701, 507
19372, 375
15190, 113
55516, 310
39713, 863
55854, 382
25101, 761
32391, 89
30192, 904
1968, 962
35582, 848
2537, 914
3761, 296
39748, 664
42130, 930
30696, 906
3893, 629
46919, 701
29725, 363
44589, 70
4778, 60
49042, 587
2663, 731
55145, 655
54944, 662
11193, 9
23974, 639
45085, 639
41968, 125
57393, 105
57162, 599
32108, 890
53170, 385
18069, 124
38426, 482
22428, 887
32821, 44
58249, 526
14337, 645
19656, 912
58841, 63
45679, 935
2437, 852
11797, 449
8104, 370
6950, 389
46756, 815
35229, 478
33382, 268
26331, 829
42702, 396
59693, 574
50673, 228
57381, 465
10797, 482
23813, 548
29628, 536
10170, 597
10204, 436
40727, 198
33789, 922
30267, 84
43233, 795
28390, 379
46916, 178
29102, 581
28823, 216
56062, 701
17087, 359
53180, 256
3019, 323
50062, 396
28764, 400
34268, 488
38570, 336
52608, 109
56456, 968
57437, 450
53866, 719
37896, 326
55202, 818
4029, 144
26443, 179
44677, 619
42632, 713
13292, 161
40411, 749
36083, 990
55949, 281
47939, 346
35927, 272
25511, 663
33344, 458
16606, 143
7155, 868
2379, 24
25472, 3
31806, 524
22257, 159
15233, 144
57305, 25
18907, 683
25709, 769
27650, 190
13004, 883
24267, 520
17721, 940
40380, 689
10745, 355
29663, 429
45151, 341
13714, 331
15902, 810
5995, 169
35188, 69
35357, 61
40843, 807
3958, 446
2164, 403
2102, 12
37178, 920
17991, 792
13322, 667
15730, 927
8707, 34
56887, 687
53851, 581
50117, 993
55042, 343
36555, 483
770, 912
27339, 67
530, 208
7861, 500
5222, 285
16955, 245
10315, 110
42574, 734
39756, 531
22835, 915
13255, 804
10437, 556
37094, 771
11595, 147
10087, 148
51415, 702
417, 442
11693, 481
23016, 543
50228, 203
11514, 975
19047, 747
46470, 103
30583, 9
44254, 161
12292, 548
40812, 363
3785, 972
18335, 351
57926, 746
7183, 254
21860, 466
30645, 628
31288, 985
39, 11
44608, 785
46784, 360
53916, 72
19305, 260
35668, 786
30721, 59
55650, 442
29230, 261
20055, 112
56705, 221
48460, 49
26753, 311
54795, 228
51027, 433
13332, 595
42704, 894
24619, 435
30118, 646
42522, 824
3433, 795
43942, 30
55255, 54
5966, 18
41773, 625
16975, 368
13244, 720
54300, 47
52801, 371
57082, 496
16124, 955
26134, 610
10860, 275
41237, 460
32228, 609
16682, 218
2196, 82
50945, 343
54528, 970
20630, 862
31075, 880
52589, 292
48909, 92
50975, 551
25518, 350
32215, 512
36105, 732
52329, 847
30357, 303
7677, 519
16338, 993
24170, 970
1694, 798
41984, 367
20148, 934
2752, 287
41467, 476
30994, 627
38315, 415
1598, 222
33468, 429
25939, 548
37148, 357
54122, 321
36746, 314
14872, 96
12981, 300
36911, 58
30289, 167
30388, 824
58694, 992
16503, 958
17692, 816
15802, 668
18905, 646
43870, 995
1861, 157
56671, 798
27112, 519
34995, 550
46572, 157
629, 951
57375, 980
34854, 943
22380, 223
59958, 338
54440, 411
42651, 709
12551, 511
29457, 348
46969, 25
31084, 630
17252, 3
34287, 138
36988, 999
54822, 164
50144, 853
50392, 849
6394, 890
53392, 265
6976, 471
47142, 594
22234, 351
21528, 178
59141, 636
21957, 131
42615, 327
41778, 551
26402, 726
8561, 79
36341, 796
51435, 745
3453, 316
20481, 74
52883, 491
54529, 65
30642, 81
4088, 420
35771, 117
41168, 831
36966, 329
39293, 776
46004, 323
53204, 723
100, 980
7730, 0
28162, 655
6816, 909
52558, 617
9935, 781
12607, 162
16075, 546
8366, 469
52071, 830
42523, 89
47542, 378
57630, 643
28101, 487
56979, 972
56996, 426
23963, 362
32603, 833
45840, 522
4645, 137
51630, 373
43674, 349
19126, 539
13319, 225
8896, 162
37279, 899
43890, 977
47294, 604
17480, 940
17813, 742
12925, 678
48231, 459
43939, 346
26136, 88
42544, 800
20847, 196
12817, 540
58082, 276
11186, 355
35877, 702
1232, 796
48267, 394
15585, 744
49081, 398
10213, 349
48113, 385
28269, 277
53619, 122
6836, 738
20203, 280
25236, 745
46098, 366
18697, 600
10591, 145
42622, 53
56311, 340
49973, 360
56952, 273
6087, 400
45250, 173
11441, 823
14409, 719
34495, 174
11701, 888
32765, 932
51586, 158
20649, 991
6814, 395
16910, 762
6269, 101
28962, 829
36666, 301
17978, 134
22748, 897
6366, 870
37595, 954
52190, 0
37974, 594
21223, 391
10208, 707
24940, 838
16680, 391
53611, 738
22083, 999
39834, 740
13526, 150
28744, 92
20839, 896
34769, 408
49841, 529
46526, 93
24213, 145
27214, 463
33646, 32
26474, 228
16731, 358
25776, 138
16032, 393
12503, 748
30874, 275
28486, 629
46606, 928
52980, 867
4127, 477
28904, 740
992, 226
11542, 580
47730, 218
25123, 992
4820, 260
14285, 320
32565, 810
30600, 748
41712, 620
17694, 62
28436, 5
41648, 479
27220, 434
10775, 367
35264, 203
44130, 880
56193, 662
11668, 780
19591, 1000
53822, 490
27680, 122
52527, 969
25390, 517
22934, 474
53967, 251
19388, 673
15390, 536
47278, 695
6778, 750
20628, 609
36239, 927
45478, 235
52042, 486
69, 214
34919, 298
10839, 983
32535, 380
28239, 993
32200, 832
26306, 600
39736, 429
20515, 567
52806, 81
37229, 767
53718, 445
47987, 246
20938, 78
41876, 655
31349, 150
8651, 472
48604, 939
29284, 64
7505, 807
11863, 858
23831, 310
37792, 753
35377, 938
44706, 863
58671, 339
36154, 986
56241, 676
23585, 385
23144, 909
51692, 822
45555, 529
56997, 665
8646, 701
3679, 841
35064, 332
34408, 728
42530, 530
39145, 423
24981, 237
19967, 859
56440, 588
23444, 703
23333, 482
52503, 487
11430, 430
31266, 250
59500, 219
19473, 679
11035, 833
42367, 230
44480, 286
28208, 71
35605, 247
26561, 896
14374, 878
39738, 435
27227, 245
8641, 996
59156, 461
804, 914
7414, 717
10139, 271
49111, 425
46705, 845
20962, 660
54121, 375
48296, 341
38966, 235
23870, 429
33456, 29
432, 3
49619, 569
18584, 288
53342, 387
50263, 752
360, 504
43583, 731
19535, 492
10007, 313
42043, 456
27673, 218
39438, 827
40906, 78
16111, 115
36061, 137
15944, 663
47188, 770
32952, 268
3949, 751
42476, 635
1953, 707
18409, 37
16318, 944
41555, 461
26995, 786
47848, 695
50340, 544
33418, 602
38928, 544
5917, 143
44376, 356
6257, 862
39621, 639
37883, 351
49609, 142
45681, 127
48592, 254
56896, 631
32376, 959
47690, 513
16194, 152
47906, 623
18816, 829
4256, 577
34444, 613
50148, 214
4751, 351
51957, 386
44966, 268
44135, 320
52957, 277
1666, 344
19479, 663
20858, 522
8106, 275
16048, 843
17822, 439
59194, 910
39860, 184
34649, 8
34826, 132
41510, 208
33361, 964
55911, 408
30588, 69
21822, 410
45735, 569
2702, 906
9368, 427
6770, 532
31034, 712
49136, 819
9705, 940
51803, 19
45662, 61
17141, 467
29516, 433
1974, 184
33019, 294
1551, 240
42428, 303
1104, 250
46511, 182
44735, 974
29236, 896
16811, 522
46753, 165
3904, 442
37322, 168
58978, 474
23076, 812
58442, 819
27913, 472
446, 104
1696, 204
32266, 526
4684, 700
13127, 917
11728, 124
44054, 709
24230, 293
48725, 853
38282, 830
44926, 14
53943, 360
11708, 509
39264, 511
16822, 428
12224, 932
7550, 29
36682, 466
22479, 235
17663, 21
26335, 798
51773, 16
28833, 584
46239, 619
30126, 847
48411, 633
20017, 389
45222, 827
39789, 394
19145, 854
26322, 405
1867, 513
19041, 634
15928, 327
1750, 382
48947, 685
44963, 386
6949, 562
48997, 727
13379, 991
55832, 568
34302, 245
38411, 490
30392, 847
54655, 506
35656, 704
3331, 332
40684, 354
35290, 878
24125, 133
28227, 224
25455, 320
30499, 198
47663, 998
38649, 233
46797, 424
52434, 962
58103, 258
20278, 918
24795, 691
24533, 435
47420, 934
18960, 668
4244, 323
26551, 253
2406, 148
51613, 984
10154, 661
16486, 300
1915, 299
46833, 831
58793, 36
56687, 104
21233, 188
54831, 265
23896, 313
26810, 390
55677, 566
25447, 789
57652, 116
42377, 249
26732, 392
28676, 367
30765, 104
4176, 706
54839, 745
35662, 396
52920, 756
41221, 195
12573, 922
28964, 42
49755, 579
15277, 917
33430, 813
23164, 924
14367, 611
55179, 73
31318, 516
17401, 703
46065, 541
12642, 426
46112, 480
23798, 890
48924, 798
38920, 749
33469, 188
42263, 670
22211, 688
57372, 624
39169, 221
48968, 876
19100, 958
40150, 848
26702, 372
24668, 457
36631, 500
34020, 867
16078, 869
48684, 810
56615, 169
24431, 56
38034, 802
31628, 674
21785, 262
30907, 912
24034, 976
55002, 221
6710, 938
48233, 862
18475, 105
4728, 961
31158, 926
52768, 821
16700, 121
57294, 451
36901, 287
21595, 707
21965, 338
50163, 140
20360, 380
12332, 162
21775, 251
15297, 352
14331, 996
51789, 504
55492, 768
40463, 335
38609, 114
23379, 984
32099, 851
16125, 625
26211, 338
7568, 715
14298, 642
57019, 505
7129, 258
26491, 257
12389, 309
7558, 821
18649, 449
3946, 512
43643, 892
55966, 281
28205, 959
46890, 828
29780, 698
27643, 62
50699, 102
2791, 311
14938, 766
18260, 685
36867, 282
1785, 983
11273, 113
26818, 445
46391, 728
20960, 173
50547, 836
53128, 208
26299, 96
44432, 646
17133, 896
24513, 729
5817, 314
26200, 931
45256, 747
46734, 863
50603, 628
8118, 73
20238, 633
4181, 920
59786, 729
1273, 573
7280, 884
39176, 25
6161, 1
15746, 754
24274, 620
40613, 687
4763, 485
31689, 345
27005, 690
50932, 151
51745, 297
26368, 351
22592, 723
21992, 857
20798, 236
40044, 262
23366, 865
29854, 329
25262, 547
23323, 203
25016, 349
45620, 950
50650, 264
33349, 184
8418, 191
8878, 380
23250, 590
197, 505
49021, 960
18897, 456
29637, 419
40851, 512
6679, 184
31993, 132
18262, 896
24350, 989
20568, 694
29870, 550
28980, 527
26216, 923
32762, 100
29462, 227
49954, 814
49488, 291
37721, 192
29952, 493
40005, 249
6474, 773
6864, 976
2084, 319
37929, 52
5625, 292
23860, 14
55218, 855
39120, 469
21924, 813
21074, 144
1714, 534
31875, 434
7146, 986
52403, 705
19559, 307
8397, 803
6190, 925
2747, 929
32954, 376
42908, 496
29242, 682
9209, 456
31136, 26
45641, 699
47708, 606
49338, 284
10017, 439
3290, 699
11854, 115
11860, 34
16391, 468
14377, 874
46182, 155
28966, 585
44017, 374
14035, 472
51477, 836
31495, 628
5956, 952
32151, 326
42371, 545
49814, 807
16938, 636
55551, 403
12611, 176
19493, 9
34868, 823
6157, 280
27981, 796
59455, 286
7527, 639
9250, 142
48528, 737
29378, 842
48322, 757
35724, 323
24139, 821
56877, 887
11639, 623
57031, 570
21455, 893
5663, 694
22695, 366
56966, 537
31051, 459
26203, 409
30644, 530
20045, 886
25281, 722
37499, 324
38825, 217
57429, 348
53451, 31
42784, 208
36079, 841
7530, 486
56126, 84
18049, 152
8215, 558
59558, 101
16765, 294
37076, 521
29525, 109
53543, 182
20549, 350
17949, 719
56942, 58
57577, 101
28115, 911
47311, 793
29729, 985
30244, 791
11058, 982
48889, 76
33908, 717
49876, 311
48940, 916
59217, 464
16197, 659
3383, 384
27712, 186
9774, 704
27831, 839
23096, 158
40612, 312
14055, 149
26012, 139
53374, 156
28651, 153
8383, 606
16202, 543
56111, 159
33634, 451
14280, 928
10408, 80
52871, 655
25285, 737
7298, 619
29257, 722
17060, 850
22196, 877
17417, 246
34350, 36
58521, 736
2643, 498
29363, 222
58527, 783
40735, 913
40990, 149
44770, 327
4095, 210
32725, 275
53264, 428
58515, 27
51913, 944
52258, 30
7986, 817
45405, 255
18773, 569
17053, 634
11749, 171
54033, 776
22926, 747
37859, 200
40504, 218
22150, 104
39569, 422
45408, 669
31945, 872
42211, 538
47984, 5
35833, 499
14138, 109
40347, 258
38945, 663
8860, 471
5314, 109
33325, 637
36392, 770
18185, 377
631, 438
13680, 877
3088, 472
11347, 617
59694, 727
25222, 227
33572, 661
15244, 820
50267, 161
27593, 455
13383, 329
2530, 415
46692, 422
16446, 732
53602, 876
9727, 81
46178, 938
32854, 472
13233, 105
40718, 21
14164, 18
14262, 136
37518, 378
43905, 624
49267, 124
47766, 669
3279, 57
43026, 600
43070, 714
40558, 221
47072, 827
58202, 387
18319, 658
4289, 816
23059, 837
33892, 740
5187, 63
29991, 428
10833, 798
41884, 496
3457, 292
22905, 235
35212, 134
38866, 685
46247, 211
3528, 5
20775, 314
5900, 307
10518, 340
52474, 755
4079, 412
17495, 993
58411, 463
39703, 739
55892, 250
23723, 858
23980, 623
32031, 88
33091, 250
23932, 211
9617, 24
3633, 607
6294, 365
27945, 474
36741, 927
13417, 621
20348, 3
6741, 666
33748, 765
48431, 952
38448, 895
21347, 941
28792, 872
10373, 121
41836, 70
3810, 904
55246, 867
46430, 530
45942, 180
33975, 437
52705, 79
1808, 178
25781, 728
29311, 402
47414, 513
11112, 871
35529, 501
5590, 739
58729, 168
27047, 483
21326, 114
8827, 611
15311, 250
33525, 824
10488, 477
57455, 549
30206, 166
22653, 860
30429, 44
55236, 693
38616, 650
17704, 522
33667, 173
18694, 89
53130, 422
39859, 464
38310, 60
18847, 282
31254, 740
59334, 435
37300, 537
15234, 469
49882, 933
25838, 122
7442, 12
37596, 762
4456, 501
25551, 983
13104, 750
11917, 453
10514, 773
27191, 324
56669, 623
56173, 116
47637, 150
36143, 304
23892, 195
58642, 638
59705, 12
31865, 602
31440, 809
38313, 866
56114, 32
53169, 793
2676, 588
10410, 52
1083, 120
9997, 650
35902, 335
50027, 716
8719, 737
3276, 250
37995, 447
17998, 986
41470, 599
3339, 409
36894, 595
5255, 120
32230, 516
48135, 460
32128, 289
18846, 976
698, 44
53030, 177
39723, 533
29731, 56
15064, 715
28160, 472
9236, 290
1599, 881
55896, 225
30178, 14
11694, 43
5671, 181
59485, 44
59887, 614
53779, 568
5473, 260
38687, 800
28409, 891
24436, 762
39206, 173
43036, 723
29332, 967
13635, 387
59359, 422
4366, 903
12284, 17
26495, 584
54928, 748
46624, 201
30125, 826
8852, 623
19028, 723
3281, 510
13824, 640
35790, 762
42631, 451
12447, 749
5318, 621
56798, 0
56703, 799
27605, 693
52645, 560
55917, 544
4050, 180
34400, 840
2826, 238
28611, 217
36400, 316
37082, 685
6453, 436
36914, 722
29248, 45
15554, 385
29085, 507
26948, 302
45074, 119
39216, 587
58055, 160
19325, 458
15269, 129
8414, 957
37521, 856
24275, 988
38861, 693
30666, 621
23147, 609
2385, 742
17835, 122
48304, 553
21553, 506
12339, 510
30491, 763
36837, 751
8715, 266
10236, 471
6808, 355
38398, 800
54073, 907
15435, 376
7869, 618
52630, 655
20422, 97
44542, 760
18132, 267
8760, 432
18750, 194
45163, 142
18119, 477
14881, 522
32043, 884
58408, 797
46679, 560
12756, 942
43475, 196
551, 91
6448, 1
14870, 420
23007, 811
23505, 807
42410, 319
45320, 980
44653, 79
43730, 474
35979, 258
39042, 333
52221, 929
42712, 31
46687, 475
20015, 125
50714, 203
53467, 94
33383, 998
39320, 979
51103, 984
22736, 201
42246, 723
33135, 595
5123, 548
14036, 1
51369, 332
47998, 234
5785, 794
47000, 492
35175, 754
59979, 868
2246, 694
54331, 58
40392, 879
10116, 137
38188, 3
23718, 67
58539, 95
25242, 373
42861, 428
44062, 223
23060, 150
48821, 558
47457, 436
6763, 536
59871, 262
7111, 774
54537, 232
25691, 361
5840, 611
21395, 847
16675, 768
49380, 738
10903, 577
54510, 97
19258, 284
7158, 243
7131, 842
58980, 169
22703, 532
28747, 10
46940, 970
30248, 203
2492, 122
9273, 10
55031, 198
30793, 659
15219, 510
9583, 269
7268, 457
27145, 368
25196, 836
21611, 354
57667, 419
12496, 668
27320, 978
7582, 664
21384, 716
56666, 992
6861, 706
23561, 903
21001, 521
25583, 309
50099, 422
17403, 374
53312, 473
15259, 717
7854, 519
10318, 906
3397, 280
19507, 898
23797, 304
17757, 184
52106, 418
10454, 441
48990, 189
12209, 12
34799, 420
917, 260
6430, 216
9662, 202
22415, 425
59869, 885
53678, 47
20694, 879
13537, 158
23121, 827
27069, 508
1297, 139
26956, 316
31397, 517
1431, 795
33741, 652
17772, 850
35986, 338
57033, 218
7949, 215
21506, 274
56252, 990
11129, 565
16435, 763
15526, 828
10752, 382
32384, 878
36811, 424
29518, 852
39602, 834
25073, 796
34006, 866
9863, 647
54610, 342
55291, 779
59769, 761
55014, 234
46092, 338
58436, 944
59481, 807
41190, 579
34083, 325
53249, 80
4915, 526
32011, 764
55303, 378
12329, 868
9732, 484
22456, 889
22044, 560
37223, 519
4854, 209
37071, 858
12398, 3
48948, 402
52972, 269
55728, 988
59161, 770
43929, 54
2443, 447
20006, 711
31703, 446
8293, 981
56947, 784
9293, 304
43355, 227
38242, 209
53936, 943
42623, 399
56840, 696
25681, 601
48081, 827
55620, 270
49858, 108
55176, 305
55908, 491
23335, 34
50527, 890
49126, 693
29713, 10
43195, 783
34903, 991
8334, 928
25170, 611
4286, 108
32787, 74
23198, 469
34467, 613
56783, 642
40798, 67
23812, 731
1003, 604
19188, 712
8369, 578
54486, 508
11142, 246
17996, 256
13903, 627
22855, 291
32813, 56
31040, 386
40702, 417
48872, 293
21334, 363
35177, 672
35832, 40
36248, 302
42604, 276
19920, 587
37670, 123
20548, 971
23711, 520
31735, 791
16909, 38
43231, 140
8867, 43
9049, 604
32677, 337
3863, 342
38737, 189
24942, 316
3009, 939
26280, 305
57496, 558
29353, 55
47134, 76
45434, 280
28717, 411
26522, 419
42070, 910
21815, 103
27684, 247
47885, 938
13927, 515
13144, 693
91, 783
53421, 337
8578, 849
40623, 281
30300, 698
29554, 97
41240, 912
49782, 597
47208, 567
40909, 21
49507, 766
51126, 418
29802, 708
36087, 724
12960, 153
48010, 323
24313, 601
36502, 860
30064, 968
31872, 535
43454, 544
10350, 424
37837, 284
13312, 923
36444, 905
13878, 359
21382, 98
19785, 822
16432, 767
5088, 281
32950, 497
43881, 673
10133, 924
49241, 467
12195, 178
51942, 16
22210, 206
37779, 783
50634, 166
7917, 400
3415, 119
26857, 964
20935, 156
51322, 318
57092, 376
538, 539
114, 704
14586, 587
15904, 186
59122, 291
26823, 128
7074, 417
30055, 637
17437, 777
7258, 362
31720, 463
25052, 563
4991, 489
45520, 341
29773, 124
11622, 441
9551, 123
1396, 422
47150, 31
51854, 831
7534, 108
40494, 67
50725, 788
26679, 29
9201, 285
14423, 236
34512, 873
48695, 349
15706, 749
26270, 789
11878, 434
23539, 661
56848, 395
28185, 927
34177, 296
12155, 432
7318, 689
8993, 520
34993, 572
42001, 280
20648, 761
6455, 699
6393, 597
38602, 694
40792, 866
30155, 708
56640, 45
22342, 668
49508, 656
41868, 106
2763, 238
38878, 756
24175, 161
37850, 473
2935, 495
25777, 503
34043, 317
26524, 79
28299, 174
25520, 433
52477, 96
3164, 693
4823, 185
54721, 13
41277, 123
54363, 252
13564, 753
59173, 620
47363, 303
43728, 163
14215, 387
22485, 227
40089, 564
56543, 234
4628, 743
51654, 279
44370, 663
29654, 392
21925, 127
38849, 688
42507, 346
42479, 656
39421, 220
57978, 687
35435, 169
49173, 477
38677, 544
57465, 327
58198, 14
16005, 620
22811, 191
53727, 486
788, 840
28098, 22
2777, 26
19212, 254
23393, 33
1081, 930
18551, 451
20503, 916
2958, 706
1202, 468
54324, 551
59120, 806
56134, 594
13336, 669
52846, 723
14802, 571
47543, 374
8945, 509
44368, 739
5035, 106
51729, 880
21112, 668
2496, 778
256, 24
25566, 790
13731, 819
27500, 905
38511, 722
41065, 790
15612, 333
5056, 945
28501, 569
49239, 456
11731, 324
39648, 976
28767, 719
2101, 185
37014, 967
7793, 86
27059, 483
32187, 111
40720, 501
28250, 578
58164, 447
57825, 740
4183, 724
50365, 758
30418, 229
59139, 402
6291, 566
53066, 74
5174, 578
58372, 688
23666, 559
6110, 967
26582, 436
15117, 268
32255, 361
7581, 108
8080, 65
20497, 66
7643, 717
45343, 652
32609, 740
25050, 8
33935, 63
45927, 880
37771, 641
9317, 385
14888, 864
41967, 14
47360, 696
57575, 853
9983, 984
42463, 753
28089, 422
5883, 167
12923, 675
27006, 62
20827, 920
23238, 528
1139, 722
9063, 102
56926, 858
21247, 688
42103, 709
9513, 448
40630, 999
50819, 756
57325, 419
1706, 251
25276, 786
55463, 694
55183, 763
13082, 728
49863, 473
38592, 939
21212, 831
22828, 353
21188, 565
49217, 186
47625, 467
27, 733
47540, 399
27732, 108
36628, 497
20612, 718
45021, 842
55671, 260
54518, 289
35196, 986
11864, 717
47243, 121
37168, 263
45369, 86
45796, 275
5541, 805
46273, 578
52780, 875
48348, 794
6303, 256
51963, 166
39943, 729
55112, 146
34090, 592
37729, 17
13650, 457
21415, 241
23959, 69
769, 138
47912, 841
41767, 872
47840, 359
21531, 59
27470, 255
42366, 377
25815, 440
37498, 809
52057, 886
21332, 859
13563, 884
57463, 94
30188, 73
700, 697
27565, 663
37846, 133
20042, 385
19557, 532
37426, 449
31897, 121
31853, 772
50374, 842
53021, 623
34560, 169
28256, 968
44402, 987
13146, 365
47490, 45
55465, 645
58186, 460
10102, 73
41375, 888
143, 818
12232, 784
2146, 954
4264, 4
33832, 940
58158, 625
10357, 52
29273, 77
14866, 966
1056, 527
21912, 918
17240, 434
33712, 537
27642, 881
7198, 545
8116, 459
14950, 389
33502, 636
20626, 513
42595, 584
4061, 653
50845, 108
35907, 618
24475, 177
59592, 963
16768, 514
40496, 901
42028, 175
15819, 440
16109, 751
55584, 2
18287, 107
54358, 592
21677, 98
34781, 233
35998, 423
17242, 133
56571, 606
1613, 205
33600, 116
41583, 231
51223, 946
58478, 986
44671, 144
6790, 784
5373, 758
59378, 214
38655, 963
33850, 524
9277, 906
49621, 635
50016, 699
2689, 169
37219, 557
50755, 58
59768, 803
21967, 531
2634, 511
54704, 34
16448, 18
40427, 979
39417, 474
41816, 23
19124, 9
42918, 503
38199, 714
53969, 212
35657, 460
3535, 322
45959, 520
24343, 335
10348, 864
15209, 521
17105, 49
23236, 667
36355, 351
32138, 889
23663, 290
5932, 294
21189, 552
41724, 574
907, 558
23332, 733
36323, 22
35356, 169
13626, 96
4141, 938
19873, 842
32295, 794
12355, 69
5516, 880
34304, 947
20941, 803
56182, 665
15716, 418
17888, 198
22208, 452
9788, 106
29269, 386
41869, 284
45841, 451
26339, 718
22263, 195
28054, 915
22117, 234
54165, 882
19615, 346
47789, 201
24496, 855
6064, 853
52598, 726
11670, 528
53544, 560
50591, 590
16705, 144
57935, 600
3246, 165
3965, 575
42040, 97
27113, 686
9050, 638
43320, 385
37580, 33
3008, 885
27446, 380
21472, 95
41334, 317
224, 138
55151, 908
44193, 588
18029, 526
59937, 86
15230, 394
19296, 77
40911, 716
2854, 48
13205, 541
16820, 791
53259, 831
51139, 602
24892, 150
49414, 350
52475, 359
35802, 312
56606, 865
35502, 632
51597, 16
9314, 501
15459, 131
1901, 578
17113, 230
39437, 443
21546, 45
13173, 22
39833, 840
48747, 986
11638, 114
23070, 745
19793, 498
26680, 743
5226, 370
46684, 48
49840, 359
30733, 815
33425, 166
10846, 626
3294, 882
10032, 375
26957, 440
18970, 498
24225, 472
36714, 481
50273, 375
17781, 571
11243, 897
18628, 252
33479, 903
27874, 360
14088, 448
4747, 349
41624, 179
54719, 898
40620, 673
31394, 816
10621, 29
47211, 326
59492, 860
47286, 218
39302, 337
58292, 535
57208, 852
44346, 787
29342, 166
16997, 744
47514, 621
44418, 236
15685, 770
11874, 921
30924, 586
32234, 455
28781, 492
59066, 767
38358, 100
47653, 321
18562, 64
10358, 99
29440, 890
18583, 346
41717, 651
52061, 552
19951, 284
57183, 995
27995, 879
5293, 533
18995, 347
41097, 428
24023, 435
36439, 746
34730, 667
57751, 311
13135, 577
1796, 857
2715, 119
9325, 232
31157, 926
37509, 976
19378, 532
31445, 610
5493, 80
36352, 402
17122, 575
55070, 240
43453, 292
13928, 995
23131, 767
18904, 96
8072, 476
19357, 400
56359, 533
5278, 985
20900, 857
33555, 562
11973, 650
52875, 843
56845, 470
6150, 690
13638, 819
50173, 293
48782, 875
33815, 96
16405, 846
18447, 488
22075, 29
48345, 840
13767, 156
36750, 898
37575, 308
41532, 414
22588, 59
32339, 690
46356, 963
15237, 41
7832, 706
34359, 72
37293, 1000
39548, 889
32734, 533
9724, 335
26147, 5
49673, 471
39728, 875
47841, 685
11810, 360
29706, 113
47999, 619
49739, 317
36614, 384
22030, 45
10472, 505
3695, 346
8784, 51
2775, 977
8895, 671
4397, 785
20698, 290
19708, 291
46269, 465
25913, 262
29058, 69
46054, 39
25615, 182
48941, 310
58420, 889
23957, 487
20697, 218
20614, 683
26440, 337
58713, 466
3585, 207
13215, 794
52623, 981
44705, 193
34152, 73
9121, 148
49848, 566
58755, 972
14263, 751
7148, 871
9941, 723
23947, 484
43971, 202
21893, 381
8146, 442
21445, 883
48229, 222
37397, 1
48624, 946
48186, 222
37441, 394
33724, 986
51776, 467
52483, 936
11189, 567
33548, 801
40139, 586
13442, 329
24100, 466
24859, 460
10255, 60
14562, 642
33136, 83
40473, 44
50685, 187
54448, 240
57387, 671
44185, 201
58200, 381
57448, 274
4706, 410
25129, 973
49163, 251
11307, 96
31594, 557
58964, 114
9333, 349
13861, 88
18705, 3
14451, 957
55161, 455
40067, 649
21493, 410
13270, 325
36294, 853
32828, 761
10644, 688
48448, 513
49475, 655
21871, 159
7868, 653
48313, 446
14878, 19
58582, 376
39820, 934
14984, 420
13540, 815
17596, 437
19653, 57
40917, 327
49874, 336
30627, 465
25651, 120
20051, 592
28038, 196
53515, 917
465, 124
19782, 181
23368, 637
34487, 240
29426, 324
46992, 228
36460, 737
25507, 525
58254, 829
56794, 460
2240, 877
48811, 277
22961, 237
25450, 85
37276, 154
19108, 512
11764, 626
12654, 340
53527, 302
33784, 203
7295, 810
53190, 9
4836, 984
46137, 341
33365, 533
53914, 398
51108, 938
28110, 95
17675, 475
33101, 775
49987, 452
3060, 241
16395, 515
22275, 813
4135, 943
49348, 556
55808, 711
21450, 684
20779, 641
59919, 486
33182, 138
44442, 488
27527, 489
52244, 822
35017, 857
32940, 652
38868, 811
57223, 125
32688, 85
42005, 967
45443, 620
26047, 26
40407, 716
58737, 456
41598, 8
18429, 456
26356, 452
18786, 208
11664, 312
53122, 288
47430, 759
27552, 533
56435, 312
25055, 783
52426, 250
27222, 426
4872, 465
55933, 93
30559, 911
7590, 477
59076, 685
17770, 164
26499, 887
7171, 632
39536, 937
20434, 305
58827, 1000
40173, 897
48170, 282
34312, 213
22311, 843
19530, 804
37617, 453
31564, 323
23160, 403
35549, 895
7447, 872
26619, 547
41464, 81
59654, 676
42412, 622
44529, 270
55298, 1000
1565, 962
34064, 61
26506, 725
19023, 701
16619, 92
1237, 759
54729, 484
22395, 679
1393, 519
16423, 50
8735, 138
22686, 261
34734, 771
31754, 30
4426, 743
7575, 804
40991, 264
25237, 421
27607, 928
11213, 827
20898, 987
1695, 847
46752, 411
19216, 163
6702, 14
39659, 752
59515, 266
24545, 799
58685, 111
21841, 62
36581, 581
3918, 240
23779, 854
12023, 858
54069, 455
2074, 882
10925, 10
46062, 357
55251, 731
23129, 50
57766, 216
2681, 646
33758, 985
33899, 568
20759, 912
17394, 411
17446, 725
56264, 949
47915, 485
44733, 482
24439, 425
56801, 345
45737, 306
26937, 142
46360, 915
2340, 449
34149, 262
59506, 227
9364, 794
6961, 570
32475, 9
27544, 659
42180, 861
40388, 269
18383, 613
24490, 317
56841, 366
27067, 128
29993, 33
34934, 148
6689, 879
19, 482
18865, 55
8921, 782
30592, 163
22169, 491
31144, 978
47809, 957
49668, 678
40486, 68
5018, 314
59728, 917
24975, 271
20750, 84
14865, 414
8421, 246
4679, 830
37647, 784
47667, 842
11593, 73
55509, 458
42417, 534
41699, 990
59382, 998
36636, 590
16947, 95
5273, 344
58930, 724
53540, 996
5095, 421
59159, 669
51227, 56
54260, 342
5570, 975
8865, 18
44511, 168
25206, 666
57976, 300
24462, 814
32038, 169
20874, 136
19153, 809
31652, 1000
54592, 370
58440, 772
11689, 54
41829, 675
34788, 99
45160, 727
50095, 640
59110, 511
37775, 261
51664, 854
46951, 620
19085, 63
53375, 171
52441, 559
56087, 471
40779, 703
15336, 558
15470, 882
6690, 118
55340, 551
52563, 832
34155, 110
32434, 743
30052, 109
43853, 507
47496, 425
21613, 909
26045, 127
4391, 318
3030, 941
4201, 32
25915, 605
16250, 891
6025, 436
7806, 170
8838, 787
19277, 734
34453, 749
25219, 714
26371, 520
46429, 164
36010, 517
5613, 463
24775, 897
59588, 894
1951, 927
23447, 164
31451, 634
59134, 965
22148, 37
51335, 431
38996, 235
52424, 995
58439, 482
44096, 281
46201, 89
43179, 636
25092, 51
41144, 347
58031, 279
34458, 239
32096, 774
44744, 144
42795, 425
46310, 458
59370, 246
53201, 465
33954, 632
30974, 216
2301, 407
37212, 769
44037, 938
7329, 350
52126, 927
58035, 486
53673, 76
1732, 118
42492, 426
56700, 422
31329, 574
22596, 756
6635, 886
46114, 684
41736, 196
31384, 629
36871, 389
12009, 772
70, 273
59971, 590
3948, 421
16721, 493
43058, 287
45530, 64
47624, 155
12659, 236
4920, 570
56000, 511
55697, 390
34517, 556
47910, 482
37895, 649
14652, 261
59930, 727
27529, 59
26783, 319
11608, 32
16588, 23
32810, 49
27238, 157
44582, 631
20970, 711
3925, 514
55851, 469
56203, 851
34263, 581
27336, 504
59286, 913
51210, 810
42864, 938
10660, 1000
33058, 68
20846, 87
40489, 871
53070, 824
43574, 491
28233, 709
11641, 414
307, 380
49067, 626
4324, 736
37970, 969
15488, 0
52172, 960
49427, 972
23782, 789
40466, 736
248, 235
48202, 521
2189, 524
12173, 184
49573, 357
39772, 421
50848, 776
35949, 202
58762, 515
8390, 564
5723, 676
53753, 150
3323, 526
38070, 87
37618, 985
29851, 99
27785, 969
39237, 811
20723, 589
20466, 215
38013, 513
38871, 635
57533, 59
15583, 11
30369, 840
45080, 149
55681, 552
49545, 772
28262, 641
26088, 303
29532, 166
34867, 308
50469, 462
30506, 757
31315, 551
34668, 503
41748, 361
23080, 48
42189, 577
20262, 144
48456, 27
58650, 599
8448, 905
59229, 45
3264, 243
14236, 879
20105, 70
51155, 956
41161, 851
56858, 88
2242, 400
38346, 387
42135, 689
13228, 441
1837, 978
54413, 380
52017, 857
21386, 970
8025, 325
18693, 505
6224, 219
5385, 330
10667, 289
19338, 938
46885, 27
30806, 573
23847, 252
39178, 155
47722, 377
42197, 339
57689, 86
46457, 665
45155, 544
8728, 265
17571, 314
24376, 227
22834, 344
3878, 944
17014, 897
58623, 711
5679, 475
19959, 357
15468, 644
52133, 977
31749, 612
17071, 269
16113, 515
2399, 894
15565, 310
10663, 684
39971, 631
26812, 564
49220, 786
7680, 233
2012, 69
50254, 12
36818, 890
7466, 277
32977, 687
19129, 946
26675, 913
57753, 956
22791, 761
54864, 315
18818, 796
37163, 815
18179, 334
29488, 123
39516, 729
55648, 879
44997, 381
10457, 794
41525, 1
50753, 263
18162, 834
8943, 484
23260, 966
25065, 306
26497, 501
32773, 779
5323, 31
10627, 307
39373, 190
59664, 970
12346, 728
49238, 500
58535, 430
50820, 208
36114, 203
33767, 119
36297, 763
47382, 597
18265, 772
57483, 874
31204, 538
16187, 937
9198, 181
15439, 706
33208, 714
56057, 345
31125, 803
20253, 329
25537, 925
59570, 128
13972, 313
10565, 925
46011, 271
3004, 329
35678, 943
48270, 843
39806, 511
44001, 755
24935, 515
20890, 535
21371, 840
27724, 131
45933, 263
50897, 723
24, 44
12982, 755
9849, 525
28487, 82
18933, 768
20856, 961
16645, 323
44538, 964
36964, 368
25155, 921
54912, 295
21442, 134
6655, 640
8854, 102
38560, 801
15089, 835
5116, 469
40732, 190
20479, 169
16238, 928
2604, 700
44204, 792
19616, 823
31909, 273
44056, 605
46368, 92
43211, 661
34662, 268
37712, 794
2784, 116
1433, 112
34303, 864
30848, 800
25686, 108
4668, 608
39090, 831
47070, 840
16416, 541
43871, 765
44474, 350
39869, 683
36089, 625
41632, 664
1090, 971
24909, 358
40996, 52
27194, 990
35702, 984
49243, 379
55828, 477
2590, 52
5773, 540
42725, 181
28323, 602
16426, 189
58153, 37
34281, 324
39627, 293
16199, 357
11546, 145
36994, 385
41248, 116
52518, 354
24265, 397
35308, 597
22260, 280
46923, 663
58784, 762
19025, 231
54134, 235
21535, 797
13931, 583
30873, 398
54075, 487
51726, 213
52985, 88
25888, 19
43077, 980
5604, 200
27205, 200
20741, 564
26290, 246
12387, 109
6143, 27
40384, 160
29158, 87
14724, 922
37930, 945
38269, 487
40481, 674
46281, 627
40190, 214
16928, 57
37285, 772
58953, 101
14212, 434
36433, 86
13011, 302
59913, 513
54713, 745
21500, 574
1853, 859
17032, 213
41135, 462
55140, 707
50419, 176
549, 331
49979, 39
46856, 363
57980, 796
8183, 358
31631, 750
40134, 146
1560, 41
15579, 422
18631, 599
13300, 192
44958, 24
34603, 934
1291, 110
19828, 599
57253, 311
48988, 428
41622, 57
20404, 372
5680, 55
22274, 31
9184, 924
10701, 133
34033, 967
13546, 230
53371, 329
22026, 881
1422, 354
12116, 844
56519, 689
51276, 222
51318, 174
43751, 808
29997, 580
35281, 507
51430, 859
12969, 361
49343, 1000
13372, 264
3647, 166
16292, 736
53136, 404
7591, 480
4736, 49
11873, 498
35883, 287
47739, 710
46431, 303
34291, 913
39207, 401
53373, 740
15714, 391
6437, 589
29143, 125
41064, 615
38484, 87
2134, 764
41002, 533
10221, 484
52849, 319
34588, 342
15651, 271
43935, 631
29611, 196
55663, 892
39868, 467
38369, 684
47525, 124
22500, 996
8086, 895
3807, 271
15116, 210
32627, 729
52263, 332
1665, 811
3655, 721
15097, 125
5731, 743
50954, 348
19067, 773
24106, 161
53632, 712
56743, 214
37663, 327
55092, 312
42804, 400
40986, 628
7165, 766
29247, 520
17321, 847
47196, 891
10165, 741
23082, 402
275, 793
59044, 574
7091, 773
31126, 499
48132, 403
25998, 505
42453, 735
33053, 287
1236, 687
20314, 536
38388, 523
6818, 538
12805, 741
15187, 86
33790, 457
58188, 685
10127, 640
53520, 263
20944, 335
9976, 661
51986, 925
26654, 703
55001, 66
24076, 39
20403, 687
5890, 810
41461, 127
51021, 839
117, 232
399, 192
37685, 528
8249, 274
48915, 205
23241, 171
17116, 662
57633, 213
14645, 765
29300, 699
3725, 221
2052, 621
2174, 998
23579, 906
25160, 475
12533, 438
56163, 401
40769, 588
8775, 390
56119, 80
14966, 720
46691, 215
4879, 952
4447, 356
43205, 917
46867, 753
26181, 469
43861, 906
31314, 24
29260, 486
4275, 319
16552, 459
4678, 329
40099, 330
28831, 979
32436, 248
47630, 771
49669, 558
7379, 176
49921, 812
39930, 930
7975, 578
21857, 240
32132, 148
34129, 288
52910, 243
20677, 256
16883, 164
16251, 350
13909, 978
51926, 985
27289, 248
22952, 501
9071, 711
6290, 283
8663, 121
8866, 39
50387, 235
37042, 520
14899, 345
7189, 30
9631, 258
19206, 984
7420, 847
45915, 513
2436, 421
12200, 518
59908, 704
35743, 591
2564, 616
47992, 651
22637, 3
58874, 485
3012, 629
56276, 369
5545, 322
11889, 327
31557, 361
2291, 755
53699, 384
6936, 567
51359, 768
9162, 891
41170, 483
16969, 930
30720, 742
20930, 811
4015, 972
52782, 113
9715, 930
9011, 123
20193, 357
17839, 158
32041, 949
40054, 578
34308, 604
51300, 366
46815, 902
9819, 755
39848, 56
8801, 869
52179, 441
2952, 177
3883, 900
51036, 958
30032, 394
32594, 843
8282, 685
38293, 725
59750, 350
8024, 204
43823, 900
15586, 708
29735, 583
32259, 148
10268, 585
48952, 205
47295, 779
34680, 503
53448, 644
59800, 637
28906, 464
21439, 575
13674, 237
34809, 171
39667, 387
7883, 320
41445, 795
10959, 678
52997, 323
46091, 160
5286, 17
12953, 119
9659, 883
6898, 872
58214, 602
7370, 346
30249, 590
52119, 17
14678, 818
30431, 724
19666, 521
17806, 805
11405, 505
23553, 696
41914, 429
31827, 452
38854, 180
30932, 423
51180, 42
17361, 888
43617, 809
10429, 845
50172, 585
29021, 562
17656, 846
41628, 469
17632, 154
10016, 185
34437, 618
59975, 445
3775, 882
54783, 390
759, 601
35950, 226
56912, 797
37847, 668
25687, 818
21187, 386
56211, 252
25388, 172
40434, 330
49952, 819
13138, 457
35422, 571
19430, 128
52267, 128
32528, 429
56216, 624
43804, 931
7616, 724
6244, 29
13213, 510
9062, 270
55883, 443
14680, 414
56477, 691
24667, 76
59220, 493
1529, 783
5934, 435
2627, 264
3108, 133
58754, 887
25639, 224
41250, 912
46207, 118
35580, 526
22783, 198
20402, 982
47364, 961
39946, 799
36958, 713
44616, 930
52617, 929
15573, 699
47445, 13
3335, 899
8026, 813
50600, 287
44468, 669
58470, 590
43985, 352
42039, 659
59534, 411
52009, 298
3052, 551
19202, 662
56541, 428
44696, 918
34011, 54
23092, 345
46952, 90
31176, 58
45752, 418
52354, 236
17926, 835
21688, 822
9131, 826
36437, 156
25601, 176
37582, 457
8919, 483
52809, 555
31230, 227
34196, 354
56040, 492
35692, 795
23026, 929
14713, 605
6758, 292
3075, 149
30225, 455
22019, 683
28971, 392
17149, 924
13085, 921
23795, 352
6008, 818
57741, 211
9387, 692
8684, 124
12614, 274
44886, 871
50452, 991
36671, 525
4314, 917
10027, 469
45794, 579
49548, 771
7451, 751
3336, 995
50904, 75
20758, 746
28167, 516
51665, 638
56437, 638
16118, 377
30428, 312
1155, 778
43218, 137
28667, 502
34690, 314
8630, 952
29136, 33
50019, 560
19401, 502
20349, 501
30062, 655
24999, 33
32681, 306
36226, 737
10778, 259
44835, 282
28564, 377
59542, 661
10421, 938
54876, 588
18559, 509
17816, 506
41136, 410
9219, 495
24050, 72
43498, 357
4242, 125
22113, 339
23073, 149
44261, 603
43092, 109
44547, 130
17375, 35
34938, 695
8009, 482
21471, 243
53682, 307
23551, 539
4930, 53
33922, 608
49248, 444
45035, 554
31916, 988
39312, 401
43975, 283
19052, 615
33514, 565
8517, 744
47524, 162
52270, 974
12979, 285
24504, 159
29461, 963
24799, 587
40708, 730
22204, 292
20948, 607
30542, 311
49800, 110
37431, 867
52264, 624
14735, 325
34105, 608
27943, 513
17088, 614
50553, 72
46895, 831
11683, 414
4846, 433
36970, 872
24887, 878
22329, 775
5637, 290
39344, 50
20385, 317
49124, 181
44251, 19
5751, 16
12295, 698
32241, 220
6748, 4
24421, 607
49958, 677
29077, 763
32050, 572
43462, 128
59180, 803
5207, 292
27963, 212
33878, 137
6555, 42
29852, 887
48249, 181
32639, 61
22372, 816
3470, 459
40606, 372
32419, 655
5359, 69
55856, 531
52832, 590
6406, 494
54935, 464
10243, 308
56693, 481
44667, 382
54045, 328
28202, 32
22957, 198
22498, 17
14922, 136
23608, 928
42014, 909
22708, 47
14509, 248
47716, 909
15242, 309
12478, 864
56908, 77
24833, 862
28978, 116
15914, 661
49048, 750
18908, 419
43051, 738
44579, 712
45060, 274
14503, 260
8166, 942
14867, 465
38598, 112
41469, 572
37836, 91
45664, 127
34966, 693
9798, 549
57906, 503
25443, 482
30067, 465
45778, 542
25983, 501
55757, 812
4887, 751
44357, 175
40846, 663
14707, 57
52117, 687
40362, 246
6423, 91
56546, 909
52203, 598
53606, 992
10619, 856
2109, 394
55683, 820
47316, 887
2129, 214
28080, 497
12186, 712
38389, 243
43839, 58
35468, 7
11857, 630
37299, 386
5952, 985
9199, 810
13462, 833
57974, 343
32251, 208
25407, 500
59828, 193
35407, 759
9386, 555
675, 707
59075, 597
43245, 40
54692, 424
37247, 885
11128, 174
59444, 148
24292, 98
11570, 22
30309, 859
17865, 175
4248, 338
8370, 862
11656, 865
48108, 641
38693, 941
50338, 282
56674, 717
9591, 502
42596, 33
28640, 269
56488, 844
6636, 811
28273, 524
2147, 962
44786, 810
53958, 98
14975, 291
52778, 70
43703, 533
55227, 340
8969, 191
41865, 595
21210, 591
12518, 694
4156, 921
57712, 785
15385, 446
45999, 861
58717, 188
39027, 550
15940, 216
7514, 265
19868, 779
37052, 335
3087, 250
31102, 495
7474, 516
12816, 312
1495, 797
24708, 490
43595, 16
35451, 984
35101, 0
1067, 559
41194, 171
46939, 116
46984, 203
55142, 51
11836, 491
496, 839
26922, 467
38347, 196
3085, 978
17165, 280
21870, 303
39990, 341
13649, 459
19193, 705
36476, 995
49552, 90
48293, 161
59914, 215
48040, 211
52032, 353
31306, 232
21795, 568
37935, 901
17615, 135
46582, 214
51631, 151
12268, 851
127, 428
49312, 997
18937, 634
18828, 575
5400, 331
6308, 124
17079, 455
6336, 721
54191, 474
31965, 442
24610, 933
36311, 324
45916, 375
12581, 161
4796, 413
52470, 226
25661, 220
37852, 976
47378, 396
15335, 69
12688, 2
27211, 554
37799, 857
10500, 244
39675, 154
47246, 858
43646, 327
20564, 493
15375, 972
58027, 516
57598, 540
45596, 169
33952, 101
39440, 802
37128, 182
7727, 122
24206, 967
19844, 994
29923, 210
46399, 253
20718, 464
5728, 298
18537, 492
53434, 398
38628, 857
59855, 459
59633, 26
31705, 978
6314, 928
58012, 190
11494, 566
4047, 475
50562, 374
45291, 639
31657, 430
22845, 903
17011, 887
35103, 860
49223, 597
41035, 730
28902, 345
51151, 376
31018, 803
8459, 227
31980, 123
7082, 835
53903, 341
13140, 428
46330, 232
27340, 390
13453, 56
25813, 287
59092, 890
34320, 108
46685, 874
58518, 537
23543, 814
8467, 324
10592, 2
15343, 564
10194, 300
30230, 924
15114, 665
31976, 36
56991, 967
40641, 837
58929, 2
24290, 368
23346, 333
37809, 73
19368, 373
56925, 72
52917, 1000
21266, 218
47574, 114
15870, 94
23633, 613
20437, 337
4442, 568
44697, 831
18822, 96
25229, 132
46420, 252
59064, 496
48692, 713
4987, 232
26113, 919
27803, 607
3037, 355
4102, 623
2779, 337
24570, 914
8203, 796
26121, 103
32322, 895
42616, 810
13800, 212
4478, 834
54290, 22
34310, 539
24617, 103
41940, 912
25230, 134
13189, 534
47601, 139
22365, 409
55449, 823
35991, 27
4824, 44
52064, 391
33907, 806
33242, 161
9154, 187
33059, 245
22941, 642
4085, 206
27051, 663
3478, 338
13868, 8
40389, 238
56206, 250
22774, 487
52748, 409
8577, 611
25240, 377
33245, 229
16166, 200
55710, 196
6109, 207
47854, 995
41452, 55
28085, 173
24756, 577
46372, 831
41996, 841
40939, 885
42447, 369
56225, 787
45141, 334
886, 937
32237, 928
13819, 179
40780, 5
58275, 67
8254, 599
37352, 431
9228, 243
51490, 873
11324, 298
50237, 996
2612, 213
26416, 344
54732, 469
12031, 461
14783, 708
17045, 365
59540, 572
42949, 111
495, 276
14879, 561
30366, 980
56400, 152
8368, 514
7296, 419
2713, 226
11064, 186
34370, 202
10383, 919
6618, 226
59429, 396
1, 961
11412, 330
11919, 807
50451, 668
6623, 75
55203, 692
33894, 559
19534, 659
32154, 659
7059, 603
35153, 741
58637, 286
39089, 880
9292, 598
54312, 115
25821, 90
15494, 841
35073, 275
4921, 733
12765, 193
37722, 36
11972, 292
9678, 754
28559, 880
46352, 455
3409, 80
4122, 559
29304, 376
43701, 202
45694, 720
20947, 707
39424, 490
56492, 867
23145, 165
29888, 52
2098, 986
46837, 461
18639, 935
47755, 757
17203, 572
56009, 608
15295, 898
31794, 883
37536, 191
59418, 836
8175, 226
59676, 284
12192, 863
19812, 529
47341, 892
10578, 251
6604, 228
44288, 404
23875, 862
56101, 154
15368, 161
31165, 523
1657, 148
58923, 644
45334, 641
28735, 515
35104, 125
12092, 209
47546, 790
8540, 331
52369, 524
15179, 336
7679, 774
48960, 564
52577, 512
39477, 284
8709, 289
50164, 188
38420, 440
13898, 442
35857, 737
53968, 130
47641, 949
40140, 473
8956, 207
26547, 874
22940, 94
20603, 76
6638, 809
13938, 785
54182, 439
11782, 267
30406, 716
53842, 741
50067, 941
21812, 320
17115, 321
27378, 825
15924, 737
22630, 63
18578, 491
48590, 747
24183, 410
56157, 154
57810, 311
26660, 531
2127, 370
17119, 692
47812, 397
21660, 613
12046, 512
38243, 438
43255, 52
15192, 350
24648, 771
20365, 579
8412, 291
38454, 825
3073, 951
44172, 461
59361, 101
27460, 598
34561, 275
39676, 110
6948, 1
21804, 776
38513, 230
24341, 50
48542, 336
16940, 95
49550, 968
44067, 796
2439, 201
3376, 889
51264, 952
36442, 247
47471, 448
40004, 524
49420, 8
23975, 197
56725, 899
6554, 209
54917, 579
29418, 450
724, 844
19446, 773
9745, 458
12045, 491
4146, 485
38725, 715
43540, 180
53132, 954
44143, 377
34480, 215
29368, 116
10211, 572
26403, 887
54460, 880
59685, 912
11900, 534
15200, 441
50053, 976
12404, 462
19918, 597
59997, 795
43795, 643
8955, 668
7308, 239
17386, 609
29460, 448
7511, 684
47676, 686
5079, 324
56433, 419
54947, 231
1093, 361
15873, 917
2609, 215
51213, 330
36285, 232
43693, 635
10880, 723
5556, 898
51569, 667
30989, 747
41844, 284
10441, 731
39695, 60
43880, 976
49835, 422
18490, 801
47842, 568
57607, 967
28664, 128
23025, 683
3235, 590
56647, 84
41455, 13
32549, 265
6801, 997
14056, 796
6079, 900
59157, 204
14736, 236
53357, 617
33602, 65
23695, 982
41911, 612
6434, 655
39080, 716
26683, 196
38760, 761
6653, 525
36516, 940
48826, 337
19913, 543
12178, 628
57142, 938
5086, 438
56265, 328
19566, 347
38394, 413
52019, 841
57161, 978
8490, 346
46068, 228
36633, 55
53203, 94
48242, 830
46400, 118
47432, 307
39004, 476
11544, 641
6988, 545
19631, 609
50298, 860
52322, 459
48893, 556
59607, 731
410, 682
57017, 15
18180, 791
27040, 420
27306, 493
1567, 886
36469, 511
36054, 188
4094, 762
51038, 545
6688, 787
35198, 523
32524, 380
57296, 755
19978, 451
14890, 628
5695, 156
56789, 856
6686, 432
59530, 351
22816, 565
17600, 522
24163, 190
25323, 279
27907, 670
27241, 823
33776, 474
56995, 752
26446, 498
15575, 207
52663, 207
9192, 508
2003, 611
38236, 60
55655, 972
11783, 595
46706, 716
20769, 974
43648, 491
52123, 205
14016, 391
38157, 126
47900, 723
48583, 618
19057, 94
29882, 954
8503, 513
2359, 417
44693, 323
10600, 813
54543, 850
36775, 42
3138, 447
2493, 864
2039, 576
7326, 58
32929, 133
15695, 859
34652, 317
53819, 718
33406, 761
9560, 485
896, 922
56443, 790
16912, 3
23726, 688
16204, 6
49715, 394
21044, 975
16410, 933
42441, 787
15866, 385
24701, 740
11256, 42
42511, 59
16309, 318
33763, 545
9566, 641
21682, 219
22569, 849
12473, 203
5877, 169
19811, 661
44482, 947
35652, 324
3441, 496
47126, 3
419, 176
46994, 722
12275, 370
12215, 396
38814, 142
30219, 186
55454, 63
8934, 245
51366, 386
57321, 28
1917, 109
9876, 185
35721, 988
44019, 419
31312, 905
26126, 946
47234, 58
21258, 943
30587, 336
27685, 181
26591, 35
4010, 267
15877, 456
10630, 514
37256, 959
14492, 348
2363, 452
4703, 206
43556, 582
51519, 709
20159, 533
28958, 315
53846, 554
15623, 116
35469, 288
12421, 835
14661, 686
7699, 511
33094, 715
37305, 309
36799, 821
23737, 357
52386, 903
13993, 221
3662, 33
56582, 927
42185, 239
21329, 103
11912, 475
8914, 699
55158, 357
41692, 426
23941, 412
40547, 932
13727, 775
15653, 246
27406, 701
52887, 138
17855, 498
36266, 632
9006, 812
23745, 310
17398, 824
23511, 203
55858, 504
180, 505
56417, 177
16723, 713
26715, 30
4707, 135
23166, 683
10439, 891
45232, 477
31114, 284
4195, 219
33227, 368
53934, 277
2323, 303
7076, 492
12039, 510
47715, 538
36508, 7
27286, 88
46617, 348
31223, 906
8995, 671
77, 179
34537, 589
54264, 155
30373, 989
48796, 510
39113, 772
40506, 200
6302, 769
10605, 633
11250, 740
30605, 261
9381, 431
9624, 383
5893, 857
11715, 881
12669, 392
11171, 624
37351, 351
19883, 130
17701, 874
16418, 524
44431, 365
24715, 691
6201, 493
30623, 693
12746, 58
10738, 546
59271, 900
58015, 31
5518, 45
47405, 734
18990, 17
47815, 459
54335, 888
4089, 321
2703, 613
39527, 268
46595, 266
20254, 658
38438, 127
15603, 223
23603, 641
57556, 446
27848, 473
14419, 617
36606, 839
38205, 436
30331, 280
12823, 461
23664, 226
49889, 477
37153, 489
23316, 647
59266, 695
53389, 799
32597, 431
56179, 75
26084, 760
13932, 919
29798, 500
19813, 583
18934, 833
31558, 607
45348, 966
28505, 875
6191, 808
1960, 589
22829, 22
24152, 391
46571, 178
5987, 322
44924, 417
25332, 65
45014, 678
51144, 811
31714, 508
40265, 432
633, 717
8752, 977
43148, 525
31598, 527
39283, 106
18978, 868
40557, 56
22629, 258
13966, 795
24818, 882
30100, 922
27815, 552
19092, 206
5097, 528
14973, 969
3956, 450
12604, 772
51405, 316
7772, 175
34131, 630
41099, 662
13947, 476
59011, 322
35258, 808
6728, 114
49989, 91
28295, 13
54437, 308
46960, 798
4995, 552
23088, 713
55025, 427
40354, 292
21888, 748
8930, 722
25555, 894
39994, 229
27589, 514
27978, 63
32275, 73
54771, 911
24589, 984
24160, 498
58732, 301
9441, 638
1799, 105
36123, 496
25483, 915
9557, 407
9843, 618
21468, 710
41116, 397
11911, 344
27876, 684
48450, 122
4818, 77
34109, 899
12327, 944
42036, 810
52412, 98
43424, 267
25304, 200
55396, 90
28238, 95
47672, 381
59402, 546
6155, 192
22657, 104
14603, 944
27578, 811
25701, 35
52471, 706
49345, 974
37292, 961
3952, 93
41006, 912
46535, 408
21440, 39
13822, 371
24857, 362
10075, 29
8528, 87
13449, 355
30079, 59
50660, 661
24011, 38
32805, 124
54012, 544
50730, 98
33313, 87
39066, 307
40010, 263
23563, 527
45165, 1
57386, 679
22691, 980
5884, 16
42900, 457
58286, 661
6487, 642
34684, 981
3722, 548
18376, 588
915, 284
32754, 927
1751, 900
55213, 571
45203, 976
21335, 721
33038, 372
22018, 911
4843, 282
51507, 679
21239, 789
31957, 565
58039, 968
10524, 267
47479, 23
23424, 329
20342, 445
6196, 299
29760, 753
44194, 733
10175, 630
18437, 73
43863, 797
7097, 345
8236, 192
57235, 713
40199, 324
7569, 781
24081, 199
15373, 656
52418, 902
33320, 843
38543, 836
14550, 462
45396, 442
31098, 991
18288, 291
53323, 688
14726, 273
7790, 1000
4690, 945
32657, 142
51053, 344
46802, 460
37202, 683
47508, 404
34335, 776
17429, 508
46644, 803
19907, 300
44559, 459
58820, 716
50858, 704
42289, 311
1645, 346
20301, 724
19679, 484
46471, 264
24128, 483
57837, 402
9561, 202
23038, 193
44919, 440
19295, 747
46495, 432
16366, 754
11978, 718
38727, 78
59255, 70
11573, 480
11566, 95
36191, 554
24180, 252
14543, 421
52947, 864
34659, 90
19059, 705
11808, 750
16584, 560
57079, 788
55731, 269
40061, 383
13059, 12
53439, 344
32279, 194
1889, 762
52899, 67
56661, 543
56822, 647
32877, 414
37456, 352
41813, 307
35782, 758
40844, 405
54491, 654
7306, 79
515, 514
30227, 723
49725, 680
33132, 493
9068, 788
9847, 173
39223, 319
45303, 584
47706, 948
44462, 799
9352, 15
5820, 703
58218, 8
43323, 777
40882, 559
33232, 330
43422, 278
27260, 108
50887, 447
20791, 844
25769, 815
50069, 531
25066, 31
13349, 300
5399, 577
7195, 450
13929, 581
14952, 943
26395, 706
8267, 479
45371, 419
50182, 387
44889, 303
26692, 36
55613, 769
52334, 86
744, 599
15340, 962
2920, 815
26975, 870
25711, 819
36120, 508
54023, 957
21672, 210
38595, 567
47195, 863
47534, 348
33810, 67
58308, 160
11234, 253
17919, 880
44226, 166
6673, 956
44068, 104
40245, 172
15025, 587
32617, 748
30290, 612
46464, 366
14887, 422
34000, 94
2456, 721
22206, 744
2904, 778
21803, 181
2985, 848
51908, 454
33174, 378
45893, 657
36721, 888
49008, 636
41610, 753
53244, 19
54830, 58
34307, 133
40193, 458
20995, 502
41476, 238
53888, 157
41587, 551
48601, 29
52370, 342
19590, 392
19538, 664
20561, 212
21872, 877
59276, 343
14471, 498
47539, 734
49728, 887
13943, 139
38852, 320
6877, 177
14443, 285
22648, 815
30020, 928
54233, 313
53031, 52
59632, 488
27720, 290
832, 531
40950, 638
51881, 435
50046, 139
51285, 282
30564, 444
31413, 281
26910, 221
34552, 672
19692, 778
25503, 606
49131, 577
41709, 365
51117, 912
28861, 883
22996, 620
34096, 917
55064, 563
47851, 51
26636, 749
339, 685
55577, 272
46389, 409
15577, 879
16976, 418
43406, 236
4387, 215
50756, 70
2407, 968
1274, 297
12050, 118
41676, 733
6629, 524
28078, 222
11069, 312
28725, 500
48524, 174
44053, 140
26916, 628
44990, 940
48568, 406
43943, 940
45618, 440
46212, 28
32984, 487
46914, 450
30187, 6
39815, 515
44931, 345
54717, 993
19247, 461
40822, 33
48058, 325
32149, 723
19116, 179
9175, 269
26376, 484
6627, 222
24372, 385
17392, 213
47339, 986
20492, 710
43242, 411
51311, 754
39644, 410
57585, 821
49468, 966
116, 72
10638, 106
2623, 370
6667, 953
49788, 782
37627, 506
17764, 830
58666, 122
40352, 92
49776, 289
31041, 460
48642, 444
59275, 494
40336, 243
7259, 641
33262, 863
44920, 931
52927, 748
25633, 730
5450, 213
41085, 328
9790, 44
59316, 9
11086, 215
492, 456
18474, 312
25764, 900
2974, 925
54761, 597
38112, 644
19022, 937
43363, 541
56371, 188
43465, 59
55321, 838
37357, 795
33274, 786
27298, 185
53397, 871
1860, 177
32637, 251
3966, 241
39345, 190
12427, 898
25161, 369
56820, 564
55432, 833
15, 201
52384, 995
23849, 91
5768, 741
31963, 826
14274, 356
50867, 918
55811, 740
39633, 459
21520, 667
5873, 735
23955, 756
27416, 504
10199, 909
56095, 413
50169, 717
55462, 312
51724, 950
24796, 122
52659, 527
929, 715
43084, 451
2724, 659
10897, 927
58365, 850
1219, 287
44534, 914
17465, 637
49236, 827
53582, 678
31201, 467
16266, 272
3844, 341
34767, 403
32947, 861
44387, 214
18275, 353
48057, 788
52962, 920
58008, 673
53349, 789
7996, 69
35052, 347
6, 116
8194, 19
6599, 324
50207, 113
10586, 157
25348, 943
14350, 814
31475, 956
36959, 106
12107, 563
47620, 209
24226, 348
30232, 917
30682, 505
39235, 547
54750, 719
54427, 278
55381, 509
13615, 831
1576, 319
39428, 778
26563, 745
546, 837
51215, 137
41239, 355
1997, 362
13641, 784
59365, 341
47131, 182
9466, 266
46714, 396
8831, 347
50425, 99
22355, 833
3063, 84
52835, 347
48423, 902
57910, 750
53772, 479
50356, 795
37060, 789
42352, 682
130, 156
59956, 617
14197, 139
23951, 372
5290, 203
17635, 378
33983, 74
21494, 452
17061, 962
8680, 223
44031, 20
9780, 322
4292, 70
38338, 842
34793, 589
37638, 503
10683, 643
15955, 885
20202, 756
48805, 346
6182, 940
20, 510
10545, 775
11627, 860
43554, 159
25435, 188
43374, 910
36425, 444
2023, 738
3026, 980
9695, 268
32410, 701
28903, 321
29207, 566
57866, 802
28322, 395
43146, 936
2534, 983
40964, 735
51429, 715
48617, 608
970, 960
55711, 47
22048, 376
52826, 646
5600, 204
4343, 349
1887, 915
39261, 387
59762, 519
54035, 263
47138, 401
43001, 558
40521, 977
24792, 754
27678, 303
55364, 447
21645, 653
48778, 318
9473, 919
43675, 679
20452, 689
36848, 191
26536, 67
28366, 190
10945, 235
48539, 168
27035, 378
49849, 513
10480, 930
41319, 244
14617, 584
19648, 500
38195, 44
56863, 23
302, 334
57971, 201
49246, 86
38568, 555
12512, 29
26877, 176
8250, 623
20740, 421
10798, 196
45144, 671
32169, 934
17503, 600
5313, 859
26137, 513
26737, 493
41004, 584
55423, 400
9415, 220
28240, 676
45943, 749
42603, 666
8006, 126
37334, 140
47559, 148
412, 780
1880, 478
11063, 725
14126, 11
15304, 695
24760, 39
1385, 201
29082, 492
9979, 543
15394, 407
38712, 398
38663, 136
45216, 769
52324, 367
17890, 580
6236, 328
1227, 357
34395, 998
32824, 672
50441, 626
30841, 245
55351, 325
11533, 139
10077, 808
18974, 92
54690, 520
38829, 533
1250, 80
231, 987
58673, 480
15758, 1000
6641, 291
12267, 186
154, 994
49449, 444
50209, 516
43263, 645
2997, 82
46930, 95
54160, 846
38122, 741
46099, 966
952, 415
16631, 240
2743, 608
42546, 510
47782, 712
59172, 197
53683, 222
47043, 556
21318, 56
47191, 891
11276, 0
40235, 104
56158, 20
30513, 940
10187, 268
35698, 359
40992, 427
2486, 871
38332, 490
58801, 737
53386, 6
47011, 738
12126, 632
31431, 931
37018, 271
19500, 661
58155, 586
10552, 627
18255, 129
45665, 595
41544, 794
15410, 676
33691, 723
4858, 764
31407, 782
58858, 558
47289, 816
1609, 90
2875, 728
2199, 399
9627, 322
57378, 730
42319, 360
40971, 416
9096, 245
2299, 312
32077, 913
57920, 286
24345, 894
41848, 491
24536, 919
40165, 317
49648, 764
43668, 475
24078, 749
41395, 316
9037, 432
15047, 890
47230, 162
9501, 864
12428, 380
37189, 155
5190, 12
42181, 368
45277, 749
54885, 347
45970, 76
53462, 661
26710, 362
42433, 717
26658, 731
45095, 200
34980, 746
32641, 903
7517, 906
12433, 813
47343, 394
8401, 369
9092, 138
10561, 414
24178, 513
38752, 590
44276, 838
6121, 365
38759, 673
47394, 399
24446, 87
36428, 885
31025, 51
57478, 601
16404, 570
35232, 180
21711, 194
47458, 737
42693, 310
39702, 173
35375, 21
58383, 116
43872, 241
24665, 162
59177, 827
22659, 897
5914, 743
41987, 610
4232, 976
45355, 710
4948, 184
33169, 517
36342, 516
59388, 407
57818, 183
47083, 420
51301, 235
56455, 32
23690, 242
51852, 895
17788, 751
58346, 258
28365, 120
9856, 524
17340, 770
33584, 204
7913, 29
33063, 367
11610, 327
43720, 987
31995, 780
32692, 48
2569, 645
43391, 473
27044, 374
29819, 544
22461, 624
46627, 303
37380, 400
16868, 368
52622, 970
47035, 934
4118, 825
37592, 151
8542, 606
46693, 366
35681, 204
33622, 749
34441, 317
49963, 964
35924, 5
48702, 384
28127, 811
56131, 915
55600, 180
19464, 831
50674, 124
36255, 121
31605, 253
15448, 938
11113, 9
29970, 873
41179, 642
26820, 250
20558, 297
34572, 507
56681, 535
14420, 13
25177, 641
22663, 459
8593, 997
53553, 47
37583, 787
2538, 841
30180, 418
24334, 61
13522, 392
15108, 35
437, 15
46131, 204
53216, 122
22643, 477
19314, 436
54696, 240
6116, 78
48112, 345
16812, 254
58749, 24
5575, 966
43634, 991
53010, 772
25261, 13
7490, 940
26340, 6
7429, 774
45447, 70
59861, 761
7627, 850
8273, 603
48828, 914
34765, 972
55557, 60
24476, 480
34654, 458
29665, 329
8932, 444
49777, 639
7058, 999
51019, 280
13603, 587
42876, 555
17171, 357
50505, 854
59568, 682
5084, 924
53302, 273
54241, 987
21963, 642
14501, 251
26688, 94
29646, 715
17084, 671
4717, 611
53905, 237
29430, 291
58629, 116
15842, 707
1692, 361
39926, 657
55411, 349
21616, 685
24735, 48
15341, 652
3268, 123
37538, 452
37406, 295
25522, 805
45606, 769
47675, 126
25137, 377
56539, 415
4173, 38
5506, 948
20234, 345
54567, 286
5875, 432
29244, 350
16217, 281
42660, 704
54475, 275
27433, 469
18849, 859
21132, 635
47376, 824
37182, 80
32261, 591
23642, 648
42058, 781
39707, 627
45844, 543
59973, 917
24485, 338
36002, 704
35821, 153
55144, 454
6480, 310
59601, 910
19596, 233
45322, 529
36511, 793
11258, 336
19745, 339
18052, 410
18327, 791
27279, 177
5277, 867
57966, 34
12222, 67
45145, 623
20618, 406
30417, 606
3771, 568
35425, 598
11675, 432
57199, 354
50350, 802
36960, 986
52279, 51
19875, 595
17780, 954
20823, 582
45185, 594
37439, 840
17444, 160
34851, 813
57953, 366
44636, 92
29697, 604
21087, 235
44406, 37
29098, 918
41764, 505
39009, 746
44007, 161
4587, 292
41579, 358
49143, 886
44396, 656
26554, 290
27304, 671
31148, 465
42540, 309
45728, 10
56367, 486
55951, 717
34532, 966
12957, 284
29874, 969
22814, 950
45305, 992
29330, 189
22769, 710
21459, 71
44614, 266
32367, 35
35130, 642
48051, 247
15376, 548
57584, 282
24340, 423
32199, 735
21980, 299
27932, 435
56491, 909
22555, 63
41141, 317
16339, 354
49577, 370
40393, 368
49902, 8
46161, 611
50982, 76
35179, 297
13098, 525
30566, 707
24389, 846
31002, 827
24473, 436
52800, 734
2427, 170
42951, 88
53608, 985
40896, 430
5643, 500
25680, 186
28601, 402
32797, 953
48398, 355
28450, 206
21867, 169
45896, 887
54104, 244
35032, 573
33143, 118
22822, 176
32121, 223
51250, 77
2040, 211
2153, 566
37264, 835
54700, 575
18084, 785
23966, 599
798, 332
49460, 892
8830, 517
59077, 956
50203, 313
32437, 52
3467, 856
20232, 57
51612, 264
24217, 805
40603, 2
27941, 994
33504, 95
18309, 473
31597, 879
27187, 144
54906, 623
13044, 440
50546, 217
35418, 35
3555, 190
11060, 837
49438, 685
9619, 17
34438, 151
51685, 542
35638, 180
5125, 634
4501, 82
28072, 113
9769, 144
26767, 228
9432, 500
11714, 980
15374, 210
20562, 961
35627, 934
26602, 442
58173, 329
10671, 446
15616, 592
16614, 260
56250, 745
9844, 351
55375, 708
17207, 69
13253, 137
43366, 736
9265, 982
59977, 724
50519, 290
12910, 268
6358, 760
57107, 531
17837, 224
25568, 733
55177, 407
11017, 557
15884, 225
57856, 942
186, 882
43472, 450
29165, 809
14642, 44
51639, 391
7416, 377
52701, 933
15999, 394
13406, 664
34665, 429
17971, 467
30584, 197
37724, 241
29306, 171
30740, 780
54224, 593
31876, 869
3406, 830
44592, 917
7336, 695
14820, 247
6450, 118
31955, 445
21206, 393
38554, 775
34031, 789
42327, 524
58638, 877
2228, 451
24268, 921
48510, 545
19798, 344
55848, 321
57145, 238
15637, 534
13806, 168
16925, 295
53664, 598
8553, 470
41281, 403
5650, 248
7994, 843
49681, 706
40348, 919
3668, 253
43490, 478
7802, 671
37321, 74
40719, 224
29758, 676
4766, 254
58080, 560
28257, 188
10691, 916
46758, 668
40540, 896
50577, 230
57666, 131
44672, 936
1439, 107
57395, 229
32949, 514
42394, 2
12030, 698
45545, 870
58335, 520
25396, 905
58157, 825
8353, 253
47124, 503
17510, 747
49408, 76
39469, 343
37978, 430
39127, 311
26301, 319
41289, 475
59578, 944
3801, 112
38750, 359
2568, 801
18002, 243
15868, 17
15419, 978
34945, 114
4625, 223
10316, 615
32799, 201
11286, 442
4817, 738
58832, 580
24693, 717
21387, 166
24418, 448
9595, 923
4470, 7
12796, 846
31428, 465
42178, 805
4783, 78
12730, 785
58767, 449
21084, 413
49413, 973
53868, 247
12356, 534
45245, 319
29543, 212
32345, 441
47568, 84
3989, 264
28770, 214
48234, 738
51980, 292
53028, 841
15962, 165
19034, 22
20368, 642
15642, 136
18739, 1
52222, 635
52388, 441
15930, 672
52764, 247
57771, 702
13120, 120
36623, 502
41991, 276
45099, 211
20244, 161
43477, 886
49274, 36
607, 424
11266, 282
5309, 254
57270, 592
313, 318
56366, 213
32961, 591
3861, 194
40275, 966
58038, 177
12296, 155
29014, 352
8970, 822
48841, 976
36793, 452
5367, 916
34178, 453
7028, 326
54436, 11
3364, 403
20757, 618
43518, 729
50382, 723
60, 139
2378, 492
58424, 215
34806, 929
31565, 718
59041, 45
15530, 354
18098, 423
6460, 442
27039, 657
53226, 933
4308, 517
9731, 174
40618, 819
1646, 652
22072, 762
6338, 21
1427, 341
2638, 788
52496, 335
39652, 221
48804, 895
35048, 99
10042, 615
3132, 392
15854, 899
34369, 187
2442, 160
50863, 246
18956, 318
10360, 952
54793, 279
27765, 409
34518, 469
55658, 442
32290, 790
32422, 749
42906, 11
41494, 178
5685, 930
36691, 877
33311, 513
35664, 825
58257, 115
35717, 428
48343, 129
31972, 894
22666, 819
39983, 702
56281, 346
1806, 503
44372, 697
1691, 209
1290, 969
49950, 392
59699, 388
11399, 65
50261, 864
57699, 161
43163, 755
59104, 313
32246, 38
2419, 908
15353, 717
8742, 379
59661, 520
28109, 267
20887, 75
6095, 732
51916, 682
21071, 894
39022, 14
45025, 703
22050, 972
36687, 875
49395, 157
32928, 475
16623, 215
35929, 433
32244, 258
15725, 405
59437, 505
7152, 197
7191, 121
52056, 179
33613, 912
15970, 176
18533, 399
14916, 246
14242, 600
21621, 941
32172, 311
30279, 125
17263, 729
41745, 523
42480, 708
38244, 745
26907, 809
2257, 178
27888, 31
17251, 26
40690, 949
52760, 947
37105, 584
10065, 914
3300, 291
1307, 83
54714, 153
57804, 172
40555, 951
7436, 892
25109, 667
49251, 84
54693, 88
51087, 976
17442, 628
5281, 198
19155, 173
1136, 962
57490, 97
6126, 349
17913, 577
54329, 772
2337, 864
49480, 143
52513, 658
16477, 848
35757, 960
45967, 772
28498, 714
2542, 691
3158, 244
1214, 674
33835, 881
38618, 908
16462, 841
42274, 345
54498, 683
44269, 941
17921, 810
24744, 116
27558, 59
20655, 280
46855, 667
27983, 323
21929, 853
11951, 758
28712, 961
25099, 805
22190, 642
7783, 912
36158, 177
59876, 98
9167, 275
15185, 658
48214, 54
16671, 35
47850, 477
37175, 854
38431, 8
28761, 569
31234, 363
44602, 868
56566, 556
30887, 183
9109, 864
52591, 4
976, 290
22420, 875
10704, 634
58036, 699
11116, 765
9781, 578
25960, 115
27242, 264
46993, 442
19949, 487
58747, 562
1033, 224
32310, 1
25496, 482
17434, 734
21313, 315
8191, 217
46782, 57
8139, 925
30953, 627
56715, 987
39588, 206
9395, 213
44199, 432
37185, 688
51205, 551
51316, 634
23785, 268
13363, 681
4882, 537
7463, 931
31009, 854
4886, 1000
5784, 16
10819, 114
9114, 161
18167, 321
36719, 301
51552, 339
8856, 431
6624, 211
56056, 572
40179, 937
51650, 341
3157, 92
32592, 182
41203, 303
42050, 383
55319, 773
34102, 158
11281, 972
24146, 994
54599, 960
47095, 738
51611, 11
32985, 69
47628, 395
34711, 770
43523, 146
48721, 473
40847, 795
44738, 658
34426, 964
4911, 994
9765, 597
7393, 592
8196, 311
1958, 625
23533, 509
5242, 234
28921, 798
55334, 492
42831, 21
16415, 887
25481, 502
53048, 305
49925, 710
23992, 330
53405, 54
1981, 715
46656, 18
3003, 378
31942, 875
31460, 565
57657, 408
33611, 449
47462, 130
39674, 703
37636, 563
43886, 319
39104, 7
51557, 87
9472, 2
59744, 944
29224, 960
17819, 823
7033, 749
59917, 261
11114, 690
28182, 467
9021, 964
6576, 64
55491, 675
12994, 286
54113, 484
49122, 843
48609, 206
19560, 394
900, 324
29869, 292
48369, 541
11655, 773
17906, 903
2243, 63
33333, 104
9894, 438
34973, 229
49953, 363
51643, 944
55378, 132
9977, 185
42249, 133
12118, 803
6820, 532
36233, 813
13364, 996
43350, 294
27043, 924
15098, 682
51846, 262
55429, 933
13905, 501
6676, 311
7551, 891
33522, 801
45461, 366
22723, 242
21522, 427
59059, 277
45139, 113
37529, 805
4659, 907
11418, 434
35080, 732
7321, 935
40928, 868
28472, 554
13550, 260
10068, 984
49678, 448
58796, 940
56497, 73
57708, 821
36116, 514
1017, 662
56521, 929
5043, 457
33427, 623
41667, 725
21154, 271
40229, 453
10765, 934
13995, 734
2517, 152
15861, 315
23587, 814
26952, 588
21427, 350
38219, 239
21880, 463
54313, 686
48810, 258
32446, 424
38512, 218
17595, 310
9720, 630
41706, 656
20657, 286
23221, 454
56026, 910
34079, 696
29520, 672
17850, 721
34313, 903
12064, 327
57733, 75
43126, 872
14194, 744
54604, 570
31085, 637
899, 328
46848, 965
49815, 622
49102, 719
26833, 270
59131, 545
27522, 465
1518, 874
35496, 829
56520, 837
8695, 983
39773, 616
1352, 624
46889, 174
4547, 913
19809, 479
40202, 805
25409, 159
44260, 705
33612, 183
13724, 929
55337, 815
58651, 261
11255, 416
58260, 271
52522, 853
22801, 859
45117, 268
3860, 793
40041, 410
28360, 452
14067, 729
19162, 620
37922, 289
14474, 842
2230, 842
55612, 200
14480, 884
10333, 120
10209, 850
3255, 432
33869, 758
24794, 806
47586, 125
17931, 559
26379, 173
33246, 200
58778, 412
53834, 461
23322, 137
13357, 487
59008, 466
35082, 172
7079, 900
40356, 564
39799, 796
43709, 689
28416, 343
3288, 873
20072, 383
59649, 1000
42, 176
57597, 601
17102, 123
27007, 642
46970, 390
1619, 329
44345, 159
11976, 932
420, 869
48020, 632
35195, 934
42174, 421
56364, 225
48363, 813
2995, 333
52091, 176
16267, 647
17597, 87
56953, 949
52825, 937
10380, 567
2521, 234
19073, 881
37150, 333
1171, 904
21756, 360
27372, 401
21285, 186
34921, 185
43602, 914
23830, 551
53518, 22
25763, 519
57908, 708
56308, 722
30208, 404
35406, 334
53725, 807
26567, 103
19518, 883
36162, 221
1680, 753
59043, 581
29512, 198
6959, 748
32147, 672
7903, 891
12457, 643
47647, 217
34056, 628
20984, 223
58941, 742
53503, 844
24700, 481
6471, 545
10881, 570
28203, 327
51564, 665
19832, 762
23425, 827
8884, 580
53616, 300
36769, 209
16501, 933
15570, 999
58810, 602
10107, 162
44333, 442
13828, 577
37390, 617
42818, 681
25181, 955
38240, 953
37303, 901
27282, 925
4849, 15
56267, 483
4140, 878
57896, 821
54277, 140
55027, 58
26693, 749
1008, 846
27937, 763
57713, 484
21838, 323
30018, 148
56288, 262
33250, 895
46014, 830
59336, 879
58311, 316
50638, 117
20573, 912
46031, 432
3284, 18
24826, 402
27861, 103
28316, 493
9007, 467
49896, 231
23490, 344
9559, 1000
27354, 1
54784, 830
31178, 690
16546, 307
38038, 772
11445, 721
28797, 695
51739, 188
30076, 594
22859, 101
59895, 573
51835, 632
59123, 3
36905, 931
36664, 624
35816, 425
49943, 798
29122, 417
27596, 201
9796, 698
29720, 213
33484, 310
19722, 662
26509, 337
2128, 580
22102, 542
4529, 903
6361, 296
18845, 775
56300, 64
33275, 663
47426, 480
16838, 683
6544, 910
44064, 402
44947, 69
37969, 948
9637, 666
53721, 217
34673, 958
33341, 414
46132, 831
33542, 155
1582, 72
52552, 582
46849, 747
9033, 343
35270, 10
23163, 49
48257, 462
1839, 526
24995, 899
7797, 456
56531, 59
39321, 824
51251, 412
39356, 137
28000, 781
24202, 416
27996, 298
21749, 570
42629, 704
4211, 285
17789, 176
11618, 614
39271, 271
5075, 777
22493, 700
3512, 141
44743, 180
18453, 99
11629, 607
8877, 228
7874, 696
58270, 480
881, 192
16544, 996
54228, 948
51304, 472
58886, 582
203, 636
58373, 89
4196, 744
14498, 368
12690, 829
17411, 659
8385, 172
11888, 186
14049, 219
640, 241
20243, 934
59927, 966
42025, 377
18545, 228
30922, 14
54691, 655
45462, 153
45177, 486
4828, 960
25836, 220
10773, 860
46658, 989
46824, 770
37066, 251
50599, 204
826, 227
9806, 463
36163, 161
26057, 61
11156, 616
31810, 832
56656, 922
2145, 661
21542, 178
25118, 730
4396, 936
33083, 501
11062, 791
50916, 47
50134, 827
21807, 575
25887, 804
25896, 733
50393, 969
11943, 103
27485, 841
31270, 421
13910, 384
50264, 410
50746, 679
31416, 21
49155, 798
22526, 193
499, 999
6005, 479
14089, 312
56023, 731
31031, 183
3991, 216
55058, 886
29127, 37
18368, 77
38097, 10
26836, 386
47212, 501
23792, 365
15782, 22
5003, 902
891, 489
29651, 324
33569, 883
56989, 276
3239, 229
36138, 635
14940, 759
22065, 714
6601, 296
6742, 136
25089, 378
20346, 138
40249, 239
50488, 264
18691, 234
42157, 866
49962, 351
46934, 508
20123, 46
36864, 582
24404, 410
18485, 406
1664, 725
57489, 746
15917, 502
56927, 459
23320, 426
30771, 171
15673, 224
45392, 779
10134, 93
52084, 38
28561, 718
23913, 252
59765, 349
34883, 645
28096, 424
41228, 456
45733, 94
50243, 288
46847, 91
15115, 99
19954, 585
58562, 535
38669, 713
25517, 881
26023, 533
29534, 270
33259, 918
47689, 207
35964, 322
45908, 895
7023, 124
34998, 436
53800, 227
36663, 61
36212, 144
47610, 868
17761, 59
28290, 312
17185, 174
37019, 101
14578, 342
37976, 60
38855, 435
46454, 697
13792, 742
22577, 289
34107, 151
34417, 686
11830, 811
23840, 247
44444, 3
22061, 636
49452, 37
36788, 26
18954, 182
32053, 990
27341, 786
41842, 595
53243, 330
17674, 176
42515, 721
47157, 456
46820, 502
28130, 895
52159, 97
33965, 625
34820, 304
44142, 8
26145, 927
39628, 419
30690, 442
2544, 304
38901, 368
40228, 418
54853, 532
17695, 695
12812, 861
52805, 468
54705, 146
25461, 356
5608, 852
30516, 354
32605, 397
28429, 306
24939, 34
26003, 644
41828, 213
27949, 541
39229, 789
5449, 156
25374, 935
3884, 413
9999, 486
37345, 781
135, 123
30218, 162
49287, 379
14214, 435
57149, 903
42177, 767
51714, 605
54787, 468
41403, 336
10292, 586
53839, 170
56748, 239
31917, 750
7004, 208
6214, 332
23952, 482
58183, 365
21032, 461
52954, 151
37562, 108
42264, 545
22764, 531
16542, 435
33496, 519
574, 121
15705, 775
45941, 273
39784, 422
3873, 131
44438, 46
48406, 99
53671, 488
14077, 584
47184, 379
44087, 839
148, 433
29547, 770
4407, 895
16214, 972
35720, 483
7471, 912
29134, 226
46012, 207
45072, 654
42304, 208
10098, 323
19364, 82
41520, 266
6532, 304
38254, 19
31691, 517
42066, 687
34317, 307
47380, 182
39844, 134
59549, 359
3413, 969
32015, 690
11811, 635
54997, 860
16968, 233
51660, 385
37643, 932
10796, 33
5531, 752
25728, 707
41727, 646
50091, 826
48586, 58
11490, 59
53461, 203
26021, 857
30169, 502
49981, 471
26517, 340
58118, 201
48677, 145
38156, 250
52892, 336
21128, 536
32505, 413
15885, 866
21987, 479
48036, 738
7657, 658
11084, 462
26195, 118
9465, 446
14590, 563
53096, 101
29792, 993
30962, 674
14614, 664
47438, 337
59916, 590
10553, 450
40667, 922
46381, 594
21107, 634
59790, 968
28057, 830
2859, 586
35835, 568
1204, 288
27723, 128
37565, 117
23350, 626
51048, 425
46893, 910
37523, 387
35779, 147
30484, 640
54807, 623
30613, 64
15778, 972
21436, 381
6320, 951
51706, 553
44073, 143
2812, 695
51655, 934
42669, 523
710, 341
27842, 950
4436, 700
4548, 994
57313, 779
11803, 610
3042, 193
57824, 779
25891, 100
52668, 951
10101, 465
37081, 926
11442, 103
13920, 585
47149, 88
14185, 249
41422, 789
32815, 811
31721, 968
15833, 521
19178, 602
48043, 236
15372, 409
23095, 232
27653, 857
9809, 680
8823, 654
41913, 703
9647, 529
43257, 536
789, 382
41498, 817
44210, 134
48825, 571
6572, 261
19251, 101
59174, 970
28813, 958
25417, 620
18888, 227
214, 7
48534, 600
12514, 520
31728, 714
8217, 147
34390, 124
7085, 162
39999, 180
33201, 11
44383, 577
6476, 900
18735, 829
20467, 822
34120, 558
37921, 196
3280, 743
30131, 197
30847, 695
46046, 351
31619, 876
21846, 159
24927, 33
34191, 431
4711, 336
26362, 755
5310, 831
6803, 589
7252, 271
22903, 990
41998, 306
2887, 0
19747, 721
37864, 983
59651, 421
38050, 605
17545, 181
20926, 599
58722, 392
50354, 877
39682, 307
10038, 615
15461, 359
20190, 930
36197, 879
12082, 549
45328, 471
8589, 159
37681, 259
15676, 717
39892, 638
24260, 475
44942, 895
45244, 215
10946, 90
29160, 84
29658, 931
18114, 991
21374, 497
33981, 832
20949, 29
35988, 174
6547, 517
51817, 149
50286, 804
4506, 114
22850, 126
38807, 506
53231, 275
9528, 451
5925, 180
27590, 508
27559, 254
40654, 381
22374, 791
21284, 605
22929, 161
39577, 502
57417, 622
37760, 218
45953, 937
14371, 339
41881, 251
2978, 369
17027, 505
46308, 178
35737, 921
36404, 888
21152, 529
10929, 353
7734, 807
23046, 256
31092, 825
12716, 685
50804, 81
2829, 359
25750, 774
6369, 629
30727, 426
54101, 330
13389, 7
8778, 202
45572, 386
51855, 547
58558, 933
27771, 757
40060, 447
28726, 378
23113, 553
27762, 757
33449, 291
43448, 779
9698, 484
15011, 387
34073, 157
51897, 962
38268, 577
3997, 355
10397, 574
2642, 809
57326, 291
2668, 489
37024, 675
48685, 711
4834, 703
2256, 983
47839, 272
14499, 408
51497, 219
20112, 478
20687, 447
45241, 825
41162, 371
7186, 648
3769, 745
43993, 764
21540, 278
42466, 120
53282, 643
14630, 290
16714, 325
2333, 424
28605, 802
35312, 519
46177, 632
38732, 380
8407, 778
58776, 295
45351, 635
57412, 826
50334, 472
29187, 624
33100, 664
39751, 244
55446, 16
26858, 956
18334, 423
11746, 826
38184, 731
52532, 820
26125, 14
16926, 13
47271, 313
17737, 122
19960, 954
27021, 206
29385, 569
45077, 880
17713, 248
19015, 46
44132, 367
22907, 761
17215, 403
37156, 176
45395, 849
12966, 809
28577, 606
40124, 33
9442, 679
27787, 792
1744, 125
22103, 761
38496, 81
42543, 62
7348, 115
17209, 658
52727, 692
22122, 70
8794, 75
26033, 802
26480, 937
44975, 603
6319, 264
26078, 519
37811, 94
38264, 673
11401, 1000
13779, 271
34358, 7
53661, 896
51062, 825
18971, 512
863, 346
35194, 854
55549, 102
33433, 986
15508, 698
55249, 558
45657, 448
27096, 730
52949, 163
57994, 255
30604, 619
28375, 98
39036, 970
41157, 598
24248, 403
28361, 437
353, 29
19381, 308
46121, 200
51674, 532
41809, 212
44695, 39
56130, 153
39763, 474
47121, 64
51314, 835
58678, 938
52416, 595
14924, 785
35381, 26
33222, 275
28354, 953
8835, 248
27891, 953
39368, 128
20888, 388
31953, 193
31898, 630
1555, 693
39171, 252
50536, 8
5577, 71
55702, 78
11588, 874
19849, 812
57213, 718
15845, 780
18911, 954
47298, 301
525, 981
20444, 201
2418, 938
17580, 184
1485, 633
17039, 97
34119, 25
19532, 969
37676, 819
23592, 792
30045, 962
7585, 995
49649, 502
19107, 363
58677, 207
40753, 213
58215, 88
22496, 637
30918, 953
48169, 279
20539, 429
34855, 899
33007, 843
9995, 401
54877, 273
43578, 650
11297, 624
55415, 325
24751, 865
2160, 45
55444, 511
34782, 250
24298, 304
21904, 397
56121, 766
20109, 587
44457, 100
3643, 798
12525, 986
39410, 497
25358, 214
14927, 773
20774, 456
58899, 37
2608, 33
8678, 403
14549, 44
1622, 853
57095, 138
55044, 116
49600, 812
4059, 478
35874, 783
20124, 914
30563, 943
58446, 59
57659, 478
17241, 77
53196, 978
6459, 331
50915, 18
58979, 765
47678, 138
48213, 92
47810, 614
39214, 768
35408, 64
24553, 993
41805, 704
44856, 981
2018, 625
19304, 73
19461, 461
16703, 215
1637, 724
12911, 892
22509, 815
36201, 467
5800, 694
59117, 455
4278, 627
20276, 239
55622, 928
48490, 884
44969, 326
45460, 604
15831, 392
21524, 114
54131, 212
39409, 554
30888, 866
8650, 22
37918, 380
36689, 520
46038, 738
10458, 983
22574, 93
7220, 679
7352, 648
14635, 548
29738, 921
1199, 659
26197, 149
18144, 329
37906, 112
1027, 641
12488, 243
13743, 167
4107, 51
7821, 652
59210, 522
305, 46
29695, 928
53056, 67
52572, 293
31649, 224
2304, 648
10361, 600
43879, 700
35765, 168
56777, 852
5186, 397
37275, 515
10585, 634
58400, 367
48970, 183
17950, 405
27125, 550
40511, 41
6239, 624
50457, 693
5219, 240
23103, 449
4372, 603
16444, 899
18392, 838
5765, 104
34435, 165
34365, 992
53288, 521
41546, 431
33170, 75
26576, 622
2231, 121
54036, 528
39134, 55
25419, 205
54375, 7
8959, 344
36020, 815
54304, 97
30186, 295
15663, 359
37845, 317
6915, 718
53510, 240
59456, 939
29686, 121
12128, 698
38146, 630
55532, 135
42617, 17
8746, 139
24738, 157
56826, 790
10241, 342
35995, 674
53583, 909
13974, 749
41092, 91
52709, 308
614, 180
44830, 125
12712, 145
50613, 486
34336, 119
32640, 33
16206, 576
28294, 783
34151, 848
13577, 500
58494, 922
55647, 955
20281, 511
55675, 871
11398, 943
21211, 298
6357, 756
39037, 271
21665, 517
29730, 46
39838, 530
8612, 434
17603, 929
50435, 761
37449, 701
42974, 870
58580, 961
12843, 208
15452, 795
47754, 946
27677, 111
51977, 770
1411, 275
17356, 318
31101, 290
32576, 274
25149, 687
8136, 425
46311, 394
22904, 919
48314, 725
4303, 944
58075, 147
30306, 101
15445, 303
49636, 107
2740, 765
59108, 910
33015, 463
29171, 759
59051, 516
56603, 134
53603, 497
55193, 582
58559, 816
58727, 361
58500, 107
49333, 892
46864, 295
134, 900
9506, 953
41252, 238
23949, 307
3168, 841
39927, 447
30681, 672
23979, 169
58401, 608
10964, 939
34354, 802
15911, 400
51175, 331
59426, 400
11633, 986
13815, 211
37875, 771
56759, 631
53780, 641
18808, 723
6922, 504
42758, 690
45125, 339
50987, 613
39158, 253
33368, 253
481, 864
19626, 530
21137, 44
12265, 722
24190, 806
34722, 212
15895, 608
34158, 313
31273, 19
20446, 417
38447, 226
11539, 975
27124, 337
5999, 788
1096, 773
16512, 200
28724, 847
11345, 403
34641, 304
44814, 4
13380, 951
55295, 855
43037, 654
25658, 396
5312, 687
51526, 619
8012, 68
18438, 868
14063, 900
39406, 1000
13073, 156
24520, 989
33367, 420
1604, 841
5171, 272
35813, 459
37566, 779
1238, 125
27990, 327
50588, 278
12256, 64
40, 837
36884, 192
47064, 442
55958, 473
10010, 113
53415, 987
31358, 265
44493, 681
48938, 604
8257, 152
22790, 770
2397, 380
647, 638
46166, 580
43876, 234
16151, 840
59245, 644
49624, 681
18898, 2
25355, 77
17390, 216
741, 55
24172, 839
27151, 768
43864, 115
25361, 482
19355, 77
11805, 256
45793, 414
56721, 252
15558, 192
27844, 259
41363, 347
34634, 102
49933, 277
54634, 456
43869, 403
48543, 399
51589, 137
56855, 219
15599, 124
36043, 758
15438, 976
49350, 828
8248, 83
29428, 369
13191, 197
55789, 16
9547, 440
2392, 190
48671, 940
6612, 785
35459, 501
56788, 771
11621, 408
15764, 273
56723, 434
24020, 733
58121, 907
24884, 637
47523, 541
36835, 768
36997, 869
53502, 343
41755, 862
15752, 83
32265, 273
55609, 677
10257, 468
13159, 89
22487, 495
34256, 17
50809, 947
30313, 299
21796, 4
13584, 328
36921, 268
48190, 712
4733, 599
4999, 307
11553, 981
4889, 271
44421, 894
42691, 890
19851, 175
9320, 113
56144, 508
28474, 950
44503, 4
23621, 586
7946, 646
37139, 328
56136, 461
42244, 929
30952, 331
21061, 699
34061, 737
577, 831
14528, 4
53472, 7
31576, 608
55693, 804
10732, 548
4395, 278
16372, 972
43304, 783
36924, 79
32776, 402
36878, 290
4258, 760
57654, 699
32837, 858
47967, 687
40103, 637
36996, 857
25936, 268
24016, 318
11676, 559
20465, 424
35704, 394
41398, 895
14828, 965
1528, 775
45335, 752
55233, 151
32704, 721
23910, 807
34430, 294
2348, 196
54702, 600
20387, 679
41722, 332
59690, 151
40933, 219
23873, 389
46057, 789
17619, 758
38109, 985
58377, 995
18244, 843
5231, 537
12855, 332
48605, 695
44209, 987
17243, 373
32196, 823
55357, 458
3911, 17
49789, 501
34194, 515
9861, 116
36845, 584
41434, 886
20439, 293
27313, 671
25985, 284
45828, 614
45962, 796
25017, 998
485, 741
58667, 114
22523, 683
3597, 78
41819, 752
34761, 710
49822, 475
24137, 641
458, 716
27015, 988
59469, 774
45570, 917
58589, 399
27618, 889
32353, 707
14025, 260
28023, 336
39306, 978
47589, 403
39662, 368
41527, 510
8348, 850
27845, 791
25654, 812
21349, 140
7055, 92
10153, 827
6514, 757
48146, 310
15576, 401
7003, 999
41666, 810
33644, 767
40069, 758
40119, 933
4752, 295
7199, 852
59331, 655
57369, 845
28260, 76
43686, 340
58824, 265
41211, 525
33680, 53
14917, 567
32522, 512
18746, 34
13446, 802
58971, 454
15707, 360
6118, 512
17175, 895
45571, 336
2371, 776
20423, 392
11240, 149
12588, 4
6209, 77
45466, 381
7928, 294
48201, 966
30541, 561
40578, 374
13344, 357
56458, 215
38519, 315
28961, 31
50492, 790
59818, 759
44379, 912
9173, 329
30725, 733
13197, 59
45863, 585
4878, 233
31948, 721
36220, 382
674, 863
6526, 192
31095, 139
14369, 211
50934, 505
5708, 852
43463, 121
26988, 833
43467, 922
40782, 784
18561, 505
8506, 764
36919, 531
41506, 808
8099, 649
17953, 865
18036, 162
51859, 101
11321, 224
56419, 511
22885, 96
59796, 696
23678, 332
10869, 285
49820, 898
42310, 800
13076, 587
47596, 121
29397, 330
17497, 134
38804, 70
43131, 42
16164, 892
22958, 722
29932, 358
7639, 652
187, 318
57799, 417
35705, 34
19463, 351
7976, 480
48515, 569
47918, 461
59099, 384
39474, 532
2917, 521
31188, 496
10916, 371
13323, 564
15076, 822
7081, 941
55969, 258
35556, 337
37437, 677
10995, 61
18881, 257
5334, 52
10181, 118
26628, 296
11858, 680
13622, 542
11165, 292
28188, 93
28307, 813
3737, 833
52666, 361
669, 959
24358, 140
258, 95
47833, 242
24356, 397
40952, 457
31242, 934
36943, 810
43737, 808
50114, 152
35889, 81
48682, 500
46881, 144
34373, 598
49499, 882
48779, 105
33719, 504
16557, 378
47821, 658
56854, 81
32596, 162
57174, 515
13759, 369
10823, 284
36293, 518
36490, 741
44250, 179
48971, 600
29867, 93
13710, 649
32636, 213
6916, 986
47228, 174
20033, 685
53281, 787
49966, 452
59773, 342
6744, 201
26359, 992
42280, 971
27330, 274
4928, 529
14714, 569
34776, 756
40390, 684
24516, 873
31828, 783
5609, 190
50032, 120
722, 436
57890, 75
33800, 257
33014, 450
6467, 112
39840, 71
58258, 493
49000, 381
30695, 898
10705, 800
10577, 718
7622, 740
889, 783
52432, 49
56481, 461
2285, 712
26470, 881
48265, 470
26378, 939
6993, 312
56676, 175
30098, 182
9690, 712
11357, 859
28107, 294
41859, 777
53670, 128
17871, 570
50861, 800
15963, 165
57996, 245
37190, 733
58826, 850
619, 993
19249, 175
32778, 523
19377, 590
21783, 460
6067, 870
52348, 428
51716, 384
5742, 143
55293, 401
14971, 12
26146, 663
43415, 912
15909, 259
20869, 691
7138, 967
12411, 406
18738, 161
45513, 382
56651, 394
2897, 792
49189, 626
1450, 707
48939, 876
34324, 141
8670, 758
35140, 101
10805, 203
5963, 743
32885, 371
21425, 959
56442, 415
17369, 734
26231, 309
34372, 878
28288, 25
42925, 70
50071, 471
38234, 935
24325, 82
44571, 608
10303, 908
21961, 260
10532, 753
27252, 394
41814, 108
6926, 759
6646, 296
12377, 454
38719, 670
13659, 410
49951, 678
20897, 863
26546, 234
15867, 963
26848, 812
52130, 489
35492, 816
842, 618
19577, 654
20541, 724
51653, 598
35389, 890
35661, 779
12718, 15
51406, 962
16676, 788
16670, 187
40668, 456
37535, 21
25400, 917
14332, 927
20256, 715
25469, 589
54899, 141
41353, 730
10977, 584
47274, 606
38746, 714
4381, 603
22271, 185
38843, 255
16934, 886
44100, 802
38857, 728
252, 726
10740, 716
57488, 494
47371, 303
11761, 38
11475, 361
38208, 733
2572, 603
44318, 153
57614, 88
47752, 231
22179, 944
49909, 735
38566, 900
28783, 858
43519, 725
4699, 439
35353, 799
5082, 26
51637, 908
3054, 831
9026, 889
9597, 286
35598, 855
8704, 814
53037, 354
8084, 941
3690, 34
32564, 63
26020, 341
58432, 552
19914, 5
17606, 486
315, 789
39367, 692
35485, 456
11663, 256
36807, 349
624, 713
38124, 900
37981, 399
47502, 60
18612, 648
42896, 278
20645, 263
47315, 431
447, 563
19773, 479
5766, 309
28741, 10
58304, 79
27979, 755
42425, 112
44342, 103
48106, 861
45652, 133
52578, 458
10717, 421
13853, 271
40752, 560
13147, 278
48914, 416
15235, 933
40953, 545
52706, 565
19019, 685
12809, 557
2410, 742
39986, 802
40832, 973
8449, 934
55602, 891
26722, 426
21514, 780
58339, 550
8973, 702
29225, 540
171, 439
30460, 577
13557, 608
16532, 414
1761, 656
50054, 894
18428, 479
13472, 416
42216, 963
30964, 374
31708, 578
56821, 459
8197, 860
32164, 409
55631, 507
56189, 115
11482, 588
43362, 224
54158, 275
43125, 945
56253, 376
32127, 823
55267, 79
47565, 572
55766, 458
48386, 161
16071, 404
18966, 990
46633, 695
15224, 309
13422, 491
4096, 799
8890, 823
30532, 658
18302, 552
32702, 200
47604, 840
37584, 661
47399, 225
34095, 554
53254, 214
58635, 966
54139, 895
57932, 142
32533, 620
32370, 812
23554, 275
39898, 147
21575, 439
22480, 660
44640, 356
40562, 804
49038, 571
12322, 135
2089, 306
26663, 558
57290, 343
17715, 438
16846, 27
48800, 509
56633, 461
53138, 938
12317, 109
29235, 629
23004, 52
37813, 45
2825, 453
40778, 46
12576, 347
27266, 949
57151, 733
55846, 634
56901, 714
11426, 314
33566, 285
39714, 27
41391, 796
22033, 257
54673, 124
37772, 452
48903, 329
14290, 16
52624, 970
58927, 985
12675, 658
4895, 458
16345, 125
28653, 252
24451, 4
39031, 288
4922, 107
31456, 339
52943, 409
9346, 509
41051, 674
58023, 655
25114, 439
37793, 992
53382, 62
3800, 263
34221, 167
5865, 913
19271, 722
53861, 596
5442, 626
2302, 319
49530, 34
11117, 828
46995, 486
12851, 167
43858, 236
16272, 936
50531, 519
35296, 756
26230, 113
13264, 0
2765, 494
53977, 400
38639, 420
55751, 981
41609, 187
43509, 984
4421, 277
30594, 28
1221, 871
7653, 532
689, 429
22968, 535
7822, 397
50291, 229
59695, 568
30597, 90
10294, 291
6315, 351
30214, 978
30013, 147
31787, 216
57867, 96
42960, 124
42707, 662
12401, 258
24007, 346
54398, 181
599, 804
21286, 314
58907, 619
14759, 281
37365, 820
22865, 144
43660, 688
8362, 202
48831, 626
35829, 682
39912, 277
56251, 193
14532, 790
58883, 387
20475, 100
44045, 539
30362, 286
24819, 651
41765, 242
8078, 768
14124, 965
18534, 387
43555, 916
26094, 472
4652, 822
26661, 859
1898, 38
28007, 622
12435, 107
28325, 357
18713, 179
20608, 452
53571, 824
7382, 386
55341, 93
35192, 723
16796, 81
48600, 410
2054, 423
57384, 402
40423, 375
4533, 647
57651, 672
17282, 798
26733, 35
48019, 704
25033, 160
51031, 27
10746, 163
2457, 293
29108, 728
26724, 423
14968, 459
50851, 595
19706, 368
29124, 96
2684, 455
10528, 968
43378, 285
55873, 82
40472, 612
46701, 502
2343, 435
3625, 665
59493, 798
18642, 455
29940, 619
21255, 978
30310, 88
19303, 34
7644, 297
28221, 342
31779, 446
26490, 551
47299, 681
19056, 531
14013, 577
47161, 244
35129, 301
21825, 105
8178, 781
20441, 462
46525, 928
23275, 319
15505, 609
51414, 261
33734, 383
12335, 337
17150, 180
16607, 595
24012, 929
54004, 354
51949, 882
46804, 881
37326, 525
25444, 93
14583, 356
59307, 607
6533, 914
33487, 135
57188, 341
23477, 968
1094, 377
14282, 469
5440, 886
17137, 231
33518, 506
5579, 381
1479, 423
3258, 698
48794, 227
44215, 372
33627, 520
2666, 400
14815, 770
49435, 59
40800, 643
25479, 940
24590, 425
56645, 396
57940, 692
35592, 570
29715, 339
42334, 41
695, 757
48799, 889
37537, 181
6610, 401
45252, 164
4479, 503
36447, 178
16009, 252
54214, 268
51186, 102
35481, 376
692, 151
19227, 40
23365, 570
35878, 420
23019, 832
46086, 777
11416, 431
53427, 227
44112, 820
42253, 857
14541, 451
43175, 462
27872, 740
59060, 192
38125, 920
7493, 662
21014, 544
5640, 987
24932, 91
52897, 369
5485, 35
12787, 746
22160, 128
41272, 44
48115, 170
46000, 715
18463, 643
11862, 358
56567, 464
30239, 704
4614, 860
53050, 595
3333, 412
48023, 554
9299, 819
51071, 854
12048, 920
30437, 979
49250, 282
54745, 767
59900, 358
1412, 771
9681, 536
36572, 692
8181, 213
24832, 556
42743, 905
48864, 52
48932, 25
46614, 357
48673, 462
58066, 353
20715, 988
42648, 79
29344, 674
43075, 342
54985, 111
2999, 532
22725, 368
58057, 148
50235, 137
29446, 205
4637, 281
17874, 446
18717, 399
19830, 900
11356, 536
19904, 46
55782, 439
34948, 359
46418, 296
13830, 628
22879, 496
28189, 601
9361, 886
39238, 894
26256, 152
38381, 756
31388, 861
41774, 464
27763, 688
1429, 927
10883, 28
55802, 638
36846, 100
18546, 130
55362, 541
47169, 946
13918, 588
34904, 973
55067, 327
36850, 195
16004, 190
15786, 731
6035, 940
51023, 987
26338, 446
45389, 317
57649, 653
31603, 452
14903, 942
51849, 122
9424, 725
424, 711
15239, 455
59349, 188
9229, 361
40717, 722
11040, 456
2968, 953
42884, 435
17602, 616
30475, 293
11214, 114
45030, 774
309, 787
10228, 805
54958, 726
11306, 482
2169, 311
22490, 621
24382, 159
2383, 803
11094, 690
55062, 563
41905, 906
22472, 346
27927, 125
53274, 484
26505, 879
12150, 406
19930, 745
50308, 62
27840, 931
22054, 291
19569, 824
22763, 52
45823, 468
32944, 873
6410, 371
7760, 578
1937, 765
32630, 743
10831, 871
37200, 997
32557, 846
41438, 194
11131, 113
14819, 614
1015, 99
57656, 928
23781, 275
45192, 355
6945, 45
7184, 122
2940, 36
4715, 691
40042, 816
41775, 223
5468, 886
39797, 628
4908, 953
36609, 876
52974, 403
14863, 871
22618, 379
23292, 926
29176, 359
25086, 26
3572, 410
50629, 430
8839, 724
8285, 729
53007, 481
30568, 109
52548, 441
44603, 609
50824, 933
54097, 948
1740, 204
15021, 743
29295, 943
27739, 41
39803, 583
28892, 387
35727, 880
33686, 453
4748, 390
33757, 825
10670, 214
11721, 231
40814, 405
1437, 382
47042, 204
31834, 977
28700, 332
12303, 44
41419, 462
26734, 766
35166, 828
18001, 37
7545, 811
18078, 622
43226, 942
53820, 406
25625, 319
51354, 63
25807, 125
27080, 66
27158, 428
6829, 739
32591, 337
22551, 12
1492, 349
39056, 462
2649, 770
47216, 643
14415, 743
44649, 331
36446, 387
27889, 446
39649, 783
14392, 771
32203, 200
13798, 909
54180, 867
41084, 732
8198, 710
25870, 231
20456, 638
7218, 153
42915, 115
22433, 337
26991, 236
10493, 667
9706, 665
5857, 868
41451, 161
17747, 874
45027, 895
7717, 754
54385, 476
47347, 111
7853, 329
58362, 685
18200, 345
14788, 240
1151, 547
7030, 235
57686, 218
13994, 600
26177, 676
9868, 587
49982, 874
11230, 711
19256, 170
31093, 759
59766, 733
59175, 206
8090, 199
8337, 626
53077, 294
46981, 170
58100, 491
5427, 633
36205, 81
6250, 35
41087, 755
26292, 657
36185, 89
19078, 218
57257, 307
33692, 388
55376, 256
54276, 448
58124, 954
54701, 97
41362, 415
36753, 955
7777, 475
1754, 196
45851, 246
31221, 945
12137, 386
44717, 39
18875, 29
44837, 598
9136, 266
27914, 609
3209, 367
11647, 99
19674, 475
58576, 920
3363, 954
46374, 837
48278, 543
49540, 487
4097, 40
45304, 625
31791, 878
33054, 77
5839, 113
34607, 41
19102, 772
45052, 138
38558, 244
38450, 972
26450, 992
46866, 617
12520, 446
48276, 70
9480, 494
56397, 418
44205, 537
36665, 890
28285, 397
50631, 147
11856, 994
5104, 718
53932, 145
37690, 586
54289, 690
23266, 155
6729, 429
17182, 619
44950, 132
27857, 118
12437, 33
57705, 653
26865, 370
2591, 586
24448, 123
41800, 719
23770, 176
19485, 968
50860, 867
5539, 295
28759, 748
41582, 476
49976, 976
22864, 834
58040, 522
40129, 581
59608, 864
418, 185
7669, 364
956, 531
40073, 540
32914, 482
57480, 643
46721, 295
12744, 255
57720, 679
32582, 862
48358, 222
36749, 701
21355, 726
53593, 482
55576, 714
1401, 44
33207, 740
57127, 359
23582, 965
11890, 593
27093, 931
42938, 886
41377, 825
2107, 232
58913, 807
32162, 371
9027, 864
49202, 652
21673, 157
24189, 126
23541, 892
44694, 285
41231, 230
41040, 566
23338, 72
24717, 717
42389, 434
31261, 317
55736, 27
27140, 216
57790, 531
36615, 666
51148, 252
55306, 676
39029, 528
42830, 848
24435, 797
51982, 569
34407, 14
48419, 128
19000, 382
57997, 667
2711, 348
46392, 781
57383, 178
58131, 414
43855, 12
1142, 751
54915, 872
19922, 45
7931, 757
8440, 469
30280, 412
7724, 247
3182, 619
20582, 277
52332, 288
33371, 989
9490, 886
14079, 756
38375, 83
7271, 237
59590, 175
12405, 391
52783, 507
6822, 754
36657, 809
58516, 9
57543, 480
4869, 921
18819, 931
4083, 94
34749, 770
44076, 675
49474, 367
3681, 597
20968, 801
31365, 808
55938, 170
43767, 620
42117, 286
44099, 401
5124, 823
21003, 633
11479, 962
46791, 680
34886, 394
24848, 933
3529, 60
10917, 958
17089, 744
55377, 689
14845, 839
1639, 638
17235, 567
24642, 152
10622, 87
40300, 21
21392, 902
45724, 411
7279, 820
14422, 318
55517, 533
25462, 709
10193, 163
54470, 962
34567, 935
21283, 737
29051, 141
21530, 661
38018, 401
2785, 213
18032, 524
48922, 442
24767, 568
47075, 423
47425, 626
15431, 97
16297, 668
49588, 531
43140, 313
23429, 708
4564, 201
47763, 454
8470, 346
7084, 120
34915, 49
25808, 365
6197, 934
49704, 107
56954, 430
16895, 429
33927, 873
6466, 837
57521, 56
37774, 517
23389, 435
25729, 353
3266, 755
59772, 532
56133, 652
43787, 129
27032, 9
13026, 861
15231, 311
596, 172
37977, 230
1792, 581
49631, 904
15919, 600
56879, 736
1836, 632
47076, 604
41325, 808
50741, 741
58781, 851
48415, 660
23673, 766
19672, 359
662, 5
33399, 825
57819, 122
50829, 245
10843, 634
58171, 638
5162, 662
4494, 389
18221, 567
18382, 299
21492, 157
19855, 763
6731, 247
10984, 723
29700, 955
35761, 690
35577, 188
57117, 481
42978, 810
32146, 68
4229, 243
59033, 29
40495, 460
46512, 77
28488, 834
12548, 803
32481, 101
47909, 72
59080, 872
45353, 777
20192, 239
27099, 622
23090, 87
959, 380
40437, 394
40880, 14
53871, 528
58565, 321
2036, 94
33355, 15
1162, 266
9912, 780
13241, 697
18993, 503
46584, 75
34896, 219
9057, 992
46406, 264
12239, 122
52316, 438
6329, 322
43115, 631
58976, 483
7884, 445
50578, 273
48177, 241
6012, 27
35912, 616
32682, 857
4247, 723
40349, 178
59465, 162
14875, 118
10115, 147
16835, 186
49277, 55
7027, 265
26706, 900
22269, 15
30156, 335
16982, 817
33837, 869
55520, 53
59514, 1
14064, 773
38654, 957
10413, 880
34956, 949
16378, 743
13961, 473
27859, 153
41373, 162
54631, 423
32157, 959
11092, 831
37120, 63
36556, 543
58175, 753
48741, 202
40079, 590
8231, 412
22344, 713
32443, 95
50420, 758
37089, 32
36883, 843
30697, 705
55190, 620
1446, 86
53935, 87
30411, 727
34364, 829
52823, 360
26789, 8
17841, 140
15446, 461
6821, 937
15369, 449
12633, 982
3500, 186
10698, 292
32085, 449
52866, 538
11520, 738
35744, 311
28025, 644
2577, 219
22423, 475
17179, 358
58954, 736
18347, 378
22219, 110
25487, 794
28265, 617
23916, 883
11170, 913
34620, 788
59839, 66
47197, 816
58672, 207
34585, 164
3162, 313
24062, 898
50417, 893
30728, 901
56612, 416
26155, 359
51634, 170
50970, 486
25510, 537
17094, 102
23281, 683
28074, 371
4622, 980
35806, 631
46771, 87
44097, 664
10103, 38
59517, 514
18680, 271
25422, 187
52526, 968
24051, 611
49538, 137
38405, 777
4626, 237
2810, 523
33464, 245
57776, 304
33911, 769
20862, 520
54983, 265
6445, 816
6286, 543
655, 285
5149, 826
37495, 935
39681, 933
2248, 780
55847, 37
58147, 200
48689, 62
25185, 163
15213, 130
17086, 825
57621, 241
8161, 344
31718, 444
43375, 703
47016, 518
20912, 774
40764, 987
7109, 614
30906, 412
2195, 782
44364, 470
49455, 413
37862, 457
27880, 605
21482, 316
18125, 558
51710, 620
58262, 117
49638, 341
33328, 843
47277, 826
50185, 251
3080, 395
7477, 867
16585, 583
34703, 834
2283, 280
8030, 79
48681, 894
31804, 750
8474, 956
50752, 83
19176, 67
2699, 364
2380, 409
55944, 72
34939, 745
33291, 991
53770, 94
30247, 335
10475, 628
9891, 75
52565, 11
29361, 704
25393, 390
14526, 446
43508, 626
16966, 228
33146, 617
8261, 207
49176, 826
166, 55
58473, 437
23437, 622
53442, 313
38785, 218
18358, 520
26468, 454
31490, 694
58140, 926
36005, 917
37705, 376
28777, 262
24723, 221
1957, 418
25289, 202
30070, 159
15023, 959
7649, 138
1124, 290
1999, 338
53706, 430
33141, 625
39322, 234
12691, 976
29583, 668
53759, 437
510, 557
18916, 411
14361, 785
45448, 944
57133, 952
22803, 416
39091, 750
28835, 678
13169, 417
14797, 293
6135, 361
30359, 550
3503, 934
33565, 174
24149, 232
44311, 45
18465, 757
23699, 894
44417, 429
53391, 437
25432, 405
59005, 178
12162, 28
1494, 408
39180, 57
22785, 605
19990, 562
8245, 8
47334, 304
9762, 942
7476, 67
6830, 20
42048, 322
12720, 854
41078, 873
15974, 175
52902, 544
26876, 915
44448, 438
27445, 400
8076, 792
46334, 458
35344, 778
12010, 872
5699, 67
7770, 723
32451, 239
15160, 215
15551, 270
40965, 897
27563, 276
50377, 393
55804, 348
11550, 586
32699, 435
2122, 756
27707, 17
28448, 787
12540, 303
39950, 833
46353, 627
28453, 272
42711, 147
31124, 322
45636, 850
27440, 869
39088, 457
47988, 541
39035, 275
10349, 227
20544, 174
10602, 213
3194, 100
1552, 936
7413, 336
45083, 867
27507, 745
22407, 120
42012, 198
36985, 118
592, 960
44699, 526
31896, 918
20266, 212
6063, 704
15745, 812
35295, 74
9032, 199
40292, 413
33225, 714
29559, 75
4891, 750
28762, 844
6853, 228
55569, 372
37268, 342
25176, 915
44968, 49
36548, 412
23565, 663
34869, 938
24077, 305
30703, 701
23518, 487
39121, 421
18138, 528
44748, 15
29022, 250
38590, 890
14537, 46
27534, 843
26383, 266
53214, 597
4917, 979
25932, 888
15906, 475
56654, 444
18831, 592
46370, 328
33821, 987
47711, 834
52394, 692
27101, 889
59164, 860
11048, 425
238, 377
18613, 11
35014, 573
51801, 489
58792, 726
980, 461
51272, 814
18209, 948
50644, 468
37588, 35
16575, 877
56754, 172
14989, 38
21023, 174
42262, 451
849, 987
19421, 961
23589, 656
23498, 398
50956, 824
43558, 452
7611, 99
27065, 622
7323, 841
9375, 565
30538, 324
36144, 919
24858, 856
37758, 230
54014, 187
35396, 125
37208, 138
41860, 865
39893, 759
59742, 1000
50941, 679
20081, 169
14684, 180
51933, 398
10504, 959
59445, 610
21899, 946
34832, 327
20170, 296
29683, 686
29504, 494
50832, 22
13172, 824
2899, 956
41369, 600
17979, 540
30702, 8
34403, 86
40902, 584
35891, 544
47406, 727
38286, 145
6069, 466
5829, 819
53020, 724
20187, 311
54416, 210
22584, 163
45547, 521
13642, 673
32348, 848
9355, 691
19169, 55
4171, 653
23256, 787
10240, 735
11432, 457
51946, 729
7035, 150
5191, 541
45600, 339
54749, 687
34406, 829
39980, 646
26430, 747
870, 699
38429, 652
48102, 742
52101, 919
8152, 228
32104, 218
5721, 259
8480, 235
35903, 120
58119, 584
5227, 532
18067, 612
26002, 593
48793, 104
2682, 777
44633, 469
57377, 152
23556, 733
29060, 207
44303, 380
45086, 597
2857, 350
10684, 804
2606, 487
28471, 603
8862, 911
4492, 978
29159, 840
10, 201
45757, 618
46156, 921
41847, 405
51525, 903
39343, 741
44200, 607
55932, 521
24752, 166
18541, 527
50507, 175
29413, 328
56462, 849
45049, 45
48111, 399
32480, 832
6198, 2
21038, 131
26288, 364
46174, 645
55899, 702
27988, 347
48787, 134
10119, 821
45340, 688
21716, 54
45690, 971
56545, 396
43181, 173
12238, 705
3374, 650
50533, 206
38008, 596
29745, 415
29814, 839
58575, 744
51764, 177
24333, 71
43770, 702
31733, 712
18557, 455
46935, 354
32242, 354
4856, 735
46675, 264
56933, 969
58319, 576
58185, 951
26429, 877
2598, 402
42020, 979
13762, 279
6040, 556
10331, 904
10767, 79
56502, 473
52199, 555
3773, 728
56959, 729
16624, 92
48790, 898
2849, 228
32046, 65
2065, 574
13911, 974
13458, 421
6813, 45
57139, 7
28690, 915
3673, 599
18379, 674
2631, 788
41086, 798
33092, 982
29664, 250
31673, 13
6736, 405
30834, 688
10657, 714
5055, 405
39771, 24
51961, 674
45487, 124
21496, 160
1464, 584
3849, 832
6251, 937
49610, 365
19189, 767
38161, 783
14542, 758
775, 254
23733, 864
10146, 720
31926, 548
49198, 479
57431, 114
9808, 683
48610, 108
29757, 535
19975, 136
35838, 492
18219, 401
33420, 507
26855, 160
53529, 485
12066, 236
22157, 286
11586, 884
41729, 20
11045, 751
3693, 96
34581, 993
8426, 288
29794, 901
46268, 380
3067, 170
21412, 42
32478, 359
16505, 722
59021, 631
153, 749
57998, 597
20164, 919
28319, 2
49506, 371
35392, 649
52185, 655
2308, 535
34398, 100
24990, 926
22038, 432
49659, 178
6678, 405
24055, 313
16864, 559
53605, 925
41528, 110
37420, 77
35117, 180
19964, 416
14019, 59
28266, 647
41140, 325
43828, 1
7157, 967
14199, 63
7208, 326
50836, 598
40487, 727
2563, 760
24985, 697
42081, 662
51825, 64
51336, 234
30598, 625
29335, 21
5889, 647
52131, 474
16901, 764
26719, 694
6396, 482
8149, 108
53210, 369
55570, 211
42424, 533
30211, 862
15771, 35
40306, 473
34816, 692
20918, 663
52916, 944
1815, 293
42699, 117
55038, 121
32087, 587
9684, 747
45684, 74
1817, 287
13163, 952
57764, 194
39213, 289
13404, 632
43911, 582
53843, 578
31218, 485
2336, 992
22615, 271
44834, 530
13721, 971
38982, 621
15035, 136
31979, 787
40853, 691
27992, 660
4316, 316
24130, 249
11678, 759
29365, 993
46027, 487
42997, 127
55382, 442
50787, 68
46423, 330
57594, 115
38947, 519
25704, 182
52742, 574
14313, 659
54524, 298
6848, 374
45230, 506
40568, 391
43573, 620
56212, 167
20448, 660
28444, 43
11096, 151
19387, 903
9144, 997
5032, 443
58282, 38
27098, 241
34236, 31
32052, 684
53337, 767
4743, 180
32663, 69
48834, 878
44416, 241
32009, 205
45553, 867
16882, 420
36708, 688
54987, 966
25848, 921
50806, 381
43152, 803
10878, 124
24234, 380
35940, 847
26635, 232
45522, 44
14523, 539
193, 194
24644, 620
1019, 642
27870, 83
49888, 986
2501, 845
16504, 600
18509, 560
10456, 254
40007, 500
52506, 509
52374, 643
23927, 995
50100, 861
43526, 719
17997, 195
55573, 786
57897, 889
59149, 21
15162, 324
42673, 352
51704, 874
55882, 739
54866, 330
29885, 104
53803, 525
47896, 470
7202, 296
21429, 888
54412, 794
58961, 411
51921, 428
53344, 980
6145, 938
28027, 824
56047, 732
19912, 214
59921, 932
16080, 899
8127, 962
46626, 823
37546, 813
40864, 355
19617, 623
54217, 800
55339, 182
33913, 980
13904, 89
18267, 240
38745, 296
17432, 720
22741, 202
10004, 867
201, 820
57603, 636
7890, 267
20242, 934
52494, 456
42498, 296
34568, 542
2194, 570
49531, 808
28369, 712
54503, 586
30579, 900
14120, 438
15323, 503
1119, 151
56968, 338
42266, 425
10510, 6
24707, 559
19660, 53
49932, 592
35078, 470
25898, 494
28380, 590
56141, 644
7544, 261
32103, 708
34018, 344
26866, 130
55919, 604
24580, 986
9814, 911
57404, 935
19264, 293
43827, 210
30632, 88
23864, 643
14774, 230
24853, 740
21947, 414
52944, 214
11614, 368
20339, 987
17280, 8
49154, 266
38965, 23
23465, 553
67, 846
15506, 658
2865, 992
55565, 9
19223, 220
51423, 259
24780, 628
9128, 243
26539, 861
42826, 949
27751, 52
38336, 781
46793, 40
21432, 481
51615, 528
34008, 613
5692, 841
5270, 800
45827, 4
55713, 464
23712, 366
40553, 352
26343, 866
11879, 238
37894, 622
54317, 273
48488, 665
11335, 639
39161, 876
43088, 251
8487, 959
20581, 344
9482, 492
32447, 872
18706, 370
25699, 474
39339, 171
24014, 718
42351, 297
53155, 316
37908, 311
31471, 708
29676, 492
50310, 125
23899, 111
42635, 715
7762, 842
13054, 224
59480, 751
21960, 52
1129, 982
35187, 103
42373, 668
57067, 862
41410, 347
51107, 786
52204, 128
17008, 686
52408, 69
56148, 911
6082, 230
39537, 31
4576, 433
54533, 599
10302, 710
6739, 423
49229, 51
31308, 469
11498, 329
35966, 91
10447, 34
36306, 764
46386, 848
3491, 915
46733, 111
19373, 598
52094, 649
8061, 945
40937, 651
56639, 829
2708, 206
49740, 974
16916, 564
57860, 297
24680, 466
934, 402
54029, 106
11271, 798
31967, 811
24684, 205
834, 442
57514, 142
51290, 851
35591, 932
20046, 594
41226, 323
45974, 668
22125, 783
30479, 804
33411, 814
3992, 485
26633, 247
37991, 884
16264, 896
47897, 586
37101, 883
42384, 305
10772, 615
23803, 113
4260, 503
7792, 145
6660, 427
27866, 715
40302, 226
32240, 746
57471, 511
34343, 76
24019, 481
35896, 335
36887, 415
13717, 756
2288, 497
18139, 502
47931, 563
16816, 821
56348, 556
55355, 348
3786, 717
54405, 477
50989, 8
56512, 582
58880, 93
367, 475
3789, 332
23021, 918
57851, 891
31213, 110
2070, 567
54263, 913
33378, 629
31328, 805
26842, 734
38981, 743
58805, 420
45469, 255
9947, 55
57492, 911
14054, 245
18170, 386
54848, 87
19887, 982
56980, 917
39071, 48
22034, 811
37736, 685
14477, 642
14876, 126
53317, 988
38194, 153
13516, 648
54964, 985
1339, 66
59225, 730
51556, 252
53387, 504
28620, 180
11620, 757
23615, 655
56221, 684
52861, 39
25602, 168
47516, 182
59309, 803
5209, 198
2046, 883
3596, 876
32553, 749
49181, 618
1568, 364
54585, 565
24351, 651
42601, 224
7879, 548
11632, 776
40068, 187
55998, 511
17393, 492
45748, 204
28114, 531
43085, 531
55837, 963
46317, 913
39060, 715
16994, 508
8177, 719
43110, 475
29377, 86
25759, 167
46957, 517
13392, 229
31819, 835
34065, 754
4467, 431
22519, 591
15245, 351
17093, 999
25608, 294
46695, 322
6043, 854
17244, 389
38715, 271
59595, 361
21572, 174
34214, 847
42751, 293
15894, 395
1603, 672
32852, 135
20176, 403
3829, 581
3254, 167
13131, 293
27352, 751
16762, 979
8224, 665
34274, 794
7628, 468
13697, 567
26569, 842
8859, 621
58287, 339
47365, 116
27796, 504
29879, 9
6692, 715
49880, 997
41112, 471
27439, 663
22652, 993
282, 956
5617, 167
50423, 757
9091, 983
34827, 295
45297, 361
32673, 186
635, 501
33147, 112
18355, 414
38925, 14
24471, 496
13980, 931
13795, 7
48545, 542
59497, 44
38140, 32
25259, 565
51035, 439
38748, 230
3198, 104
43846, 490
1201, 147
19027, 647
53235, 485
474, 634
9360, 224
27219, 953
5378, 573
10330, 291
40267, 787
11346, 223
31226, 636
10337, 762
38713, 690
7205, 241
8295, 592
267, 721
56035, 428
47242, 741
31818, 929
795, 327
46879, 652
7175, 767
46496, 241
30575, 68
44458, 353
54587, 865
1525, 874
30150, 826
51474, 136
4429, 707
52896, 695
2144, 536
39601, 570
10650, 892
29036, 701
165, 579
24398, 194
53785, 940
51508, 61
39877, 40
21476, 127
46022, 783
1583, 420
44415, 916
48045, 806
10768, 913
26771, 305
52904, 72
27471, 298
43531, 813
19542, 41
2295, 796
32683, 136
32485, 604
17473, 3
59650, 265
37782, 753
23306, 522
13625, 553
27549, 329
37697, 424
28342, 989
505, 307
376, 113
24205, 459
51965, 546
50906, 264
175, 961
55160, 566
32685, 392
52076, 765
18585, 997
57203, 247
19981, 21
16543, 562
9015, 376
23208, 303
41104, 48
15521, 256
3018, 74
1736, 740
16834, 863
46056, 581
8495, 618
40516, 937
50337, 49
41118, 67
29140, 293
2184, 308
46688, 610
56554, 259
21623, 426
8269, 429
59645, 29
47085, 677
57841, 935
55531, 868
37209, 841
52582, 667
3906, 810
12310, 630
31420, 946
24305, 547
42325, 802
42816, 927
50214, 989
13394, 185
39112, 837
31522, 27
17349, 563
9927, 626
24834, 224
56194, 180
17212, 735
35495, 341
6372, 325
17613, 636
49169, 273
18226, 50
45777, 952
21927, 12
30899, 957
59808, 113
32214, 678
29740, 185
35107, 496
10711, 840
51539, 283
36090, 390
361, 293
28644, 538
2820, 161
29519, 526
7826, 831
42742, 781
33867, 677
22447, 427
56321, 78
58354, 670
56948, 458
36305, 941
36815, 554
53568, 568
32440, 388
37726, 794
41849, 357
14831, 785
5583, 188
26815, 932
15357, 628
16408, 870
32414, 143
53034, 399
55437, 201
45260, 430
4191, 585
25940, 845
5074, 388
40226, 658
16805, 547
7871, 43
969, 445
57626, 701
23112, 728
6721, 512
9246, 465
56714, 459
44340, 944
39688, 289
59943, 916
54606, 3
42701, 612
14921, 586
2869, 980
51822, 124
47005, 949
15737, 501
58860, 885
36111, 361
50480, 891
45269, 903
18333, 594
27087, 535
3417, 81
54485, 483
26742, 748
42847, 927
1082, 649
22045, 876
46204, 889
24455, 293
5292, 691
28045, 123
46746, 862
13328, 647
26792, 690
49036, 221
17930, 920
20154, 77
3366, 969
43667, 742
54049, 679
19208, 427
54652, 874
36742, 685
22416, 720
38802, 842
31857, 448
35622, 234
32793, 291
26525, 867
18560, 113
1807, 212
42678, 41
8190, 91
36577, 348
9151, 29
52274, 282
28655, 45
21869, 787
2417, 925
32960, 573
56969, 943
45983, 251
24056, 672
44639, 130
38098, 60
36354, 969
22334, 875
49718, 393
10754, 964
41590, 755
38017, 816
54188, 771
12438, 525
31842, 821
40786, 275
33771, 308
6371, 831
59644, 948
40757, 882
10795, 778
21859, 350
3035, 484
38215, 698
28840, 24
57484, 351
3527, 303
8454, 753
36546, 722
25592, 367
57409, 649
2510, 484
30968, 936
32344, 894
10728, 134
39991, 213
1375, 596
40905, 561
25987, 894
6941, 604
27382, 738
28560, 741
20529, 612
52988, 972
23083, 947
3385, 401
7472, 914
36652, 513
41429, 406
35088, 764
40525, 406
25667, 339
30785, 99
44711, 260
33429, 834
50635, 251
23158, 195
32474, 750
44554, 473
50008, 176
20861, 802
21461, 666
26039, 623
9826, 634
26013, 66
50115, 940
24565, 556
6272, 18
50383, 157
58787, 166
36574, 64
42114, 123
27348, 463
42688, 333
34100, 425
19583, 472
59721, 391
24591, 768
44881, 408
20044, 461
35522, 593
40938, 613
56089, 825
4696, 253
49226, 769
43229, 716
9018, 465
2085, 412
11373, 389
26759, 493
47940, 896
15596, 511
35030, 14
51814, 914
29800, 244
26090, 365
37479, 507
47952, 496
52415, 836
23919, 579
54027, 470
28924, 622
5131, 490
9741, 792
44896, 203
5748, 226
23804, 448
37389, 533
12364, 903
1256, 796
15036, 443
53186, 771
53586, 841
37622, 915
33657, 312
24182, 751
11554, 585
20438, 28
32537, 891
49768, 95
34138, 834
20312, 819
44128, 246
13803, 244
16057, 139
4245, 217
34087, 579
46266, 515
56536, 658
23282, 955
12884, 603
35347, 188
33563, 950
7019, 808
41359, 180
36182, 820
7283, 777
21712, 205
3531, 244
32267, 119
51862, 980
54979, 854
56702, 688
22720, 204
4904, 246
30672, 237
58011, 549
36532, 444
37824, 107
3540, 178
12644, 91
2311, 805
56341, 410
21630, 58
29491, 241
59199, 817
43921, 451
26198, 675
25925, 841
6318, 39
4624, 106
3558, 327
58136, 591
55806, 302
35071, 562
34328, 801
41439, 561
21705, 532
36080, 129
19066, 619
47481, 481
571, 207
12448, 672
37951, 710
5161, 489
48395, 171
27729, 355
50024, 243
2783, 319
6726, 484
32033, 446
28869, 604
15370, 727
55352, 952
45937, 127
5319, 579
9407, 970
46184, 474
311, 775
6159, 992
14168, 509
7039, 270
24223, 299
8144, 132
23929, 107
5916, 917
55097, 33
53139, 875
55948, 320
49671, 368
55970, 596
49066, 115
44166, 401
10359, 726
12068, 846
4608, 329
2879, 135
58902, 401
35247, 575
2850, 99
33249, 720
45722, 445
53811, 942
40505, 882
48180, 722
30299, 533
4013, 914
24383, 43
25415, 356
3755, 623
47544, 431
38547, 128
4518, 476
8158, 127
35019, 870
20571, 243
15074, 830
28049, 509
5764, 112
20749, 703
15151, 89
23727, 411
26035, 168
34048, 640
52966, 819
57842, 145
27788, 803
7694, 343
2730, 917
18945, 797
35171, 705
2705, 66
10407, 213
30104, 445
19148, 485
58896, 313
57865, 149
13581, 660
58182, 86
59816, 209
23370, 637
50601, 740
52571, 557
3344, 181
1338, 636
38489, 438
22628, 576
58456, 777
11427, 742
57242, 572
17909, 304
49852, 420
54803, 913
43225, 332
31019, 21
38266, 967
12410, 920
7313, 153
13751, 193
37581, 315
9833, 64
35895, 582
55986, 463
40768, 438
31348, 573
38964, 819
53217, 993
22645, 73
6654, 348
43859, 825
24712, 620
37098, 338
21009, 886
44721, 254
31879, 782
23094, 915
18511, 822
18609, 618
32142, 566
30798, 470
26202, 140
31032, 547
44175, 934
43669, 298
57358, 629
41786, 178
54418, 664
12885, 375
57983, 199
22325, 657
10482, 156
35151, 2
39461, 754
27676, 359
31956, 223
54234, 69
17843, 411
36320, 912
34168, 401
21368, 325
23191, 599
15136, 899
50534, 881
52585, 786
41538, 548
12391, 78
23960, 494
12491, 550
21865, 76
26613, 458
44272, 909
54884, 298
46403, 220
15301, 155
37252, 817
28993, 70
58733, 225
22396, 114
11277, 788
49511, 766
59176, 254
24300, 103
32070, 124
15257, 830
14740, 157
34528, 377
23479, 483
3950, 648
59046, 179
46649, 25
57515, 408
10598, 635
42344, 860
42102, 603
44240, 621
5563, 675
8314, 111
59498, 135
288, 637
19771, 244
52779, 179
21321, 132
43956, 64
48632, 863
52872, 218
16930, 335
30774, 530
32249, 664
36176, 426
42082, 684
45972, 4
45837, 544
5452, 995
43061, 894
26560, 18
12388, 418
32999, 129
42521, 469
55621, 135
46808, 97
28540, 168
28721, 264
36340, 998
16058, 233
37008, 354
50090, 774
19514, 254
51462, 223
28639, 169
2237, 833
5384, 171
57291, 554
26119, 319
46650, 399
12206, 148
14983, 2
39805, 950
9312, 772
51581, 200
53453, 143
34385, 895
10237, 14
29844, 788
44972, 945
23516, 695
4502, 440
48379, 314
44517, 524
3241, 256
51702, 848
42431, 518
41886, 231
25632, 773
6598, 158
44746, 175
49269, 548
3524, 249
46051, 362
59539, 109
16033, 416
51165, 151
43779, 589
11268, 558
37686, 229
55367, 690
37797, 661
34584, 135
31278, 648
12026, 860
55467, 897
54939, 715
42473, 35
52521, 298
1240, 146
38671, 532
15457, 970
28439, 679
23132, 637
3703, 511
20078, 895
31943, 70
27602, 841
15581, 302
47010, 835
19659, 432
22677, 779
12992, 973
25084, 202
6573, 386
40236, 963
11952, 378
20370, 332
9777, 594
35041, 776
11697, 68
20754, 220
55900, 953
43854, 434
53818, 452
41834, 767
17884, 174
13024, 156
32561, 246
15522, 531
36710, 717
7824, 701
25804, 757
14935, 244
8819, 901
12217, 128
39801, 866
45330, 415
57895, 308
9744, 890
28883, 611
58834, 319
33436, 955
41352, 149
24748, 176
53454, 222
4712, 876
4519, 492
28005, 438
44289, 820
49146, 813
58298, 306
41751, 474
35443, 876
58627, 185
25694, 353
23567, 650
18856, 418
14609, 756
40837, 947
44339, 463
16581, 754
59812, 228
13840, 947
11598, 901
11726, 635
46412, 625
39256, 302
57238, 657
26334, 164
30145, 442
39566, 554
24943, 953
33813, 864
1675, 459
33582, 100
44825, 864
55091, 563
50288, 237
23228, 40
748, 262
45274, 291
4744, 757
35268, 46
35036, 564
31683, 477
16644, 199
28083, 899
33493, 670
9203, 428
46944, 773
54506, 678
38873, 114
5482, 20
26311, 592
14789, 737
17775, 795
7257, 834
39638, 691
47332, 31
6054, 718
17970, 153
9739, 625
2758, 769
22980, 703
35908, 945
56003, 430
22826, 620
8910, 397
27733, 376
22510, 731
11753, 18
54189, 537
51195, 986
30056, 951
27588, 874
22494, 682
44790, 765
17706, 543
13368, 934
13171, 109
23930, 926
26218, 234
10384, 507
18330, 383
46941, 789
30240, 299
47074, 304
9430, 660
36147, 97
7780, 305
13343, 935
19051, 108
50748, 796
50287, 7
11982, 321
247, 416
21484, 868
27966, 930
38461, 504
11486, 635
14300, 481
38942, 83
8689, 215
55186, 812
21663, 176
14344, 755
46256, 885
34818, 137
42512, 882
40485, 442
32270, 700
56870, 222
47990, 865
3606, 989
5436, 337
25106, 65
50598, 503
29763, 788
22545, 260
25195, 901
51987, 982
55825, 988
40529, 115
15201, 443
33802, 227
15315, 419
23384, 645
56663, 43
20528, 973
27887, 329
5470, 501
55180, 722
26106, 891
43590, 704
40783, 67
54619, 289
23362, 172
23413, 108
38797, 717
41908, 582
59551, 903
34957, 329
40754, 23
37064, 917
40471, 500
23481, 723
11025, 27
11834, 184
48284, 747
29980, 964
21797, 68
47270, 519
38459, 341
13771, 358
27364, 421
609, 358
3677, 991
21487, 160
50101, 756
58984, 186
43019, 163
19746, 366
40698, 371
6148, 89
36139, 550
29593, 734
14475, 63
44715, 300
38058, 638
47252, 50
40514, 431
9640, 901
48227, 95
43041, 638
837, 908
40250, 961
10273, 647
37166, 964
287, 975
33904, 788
24511, 32
32450, 205
3394, 572
43235, 438
23480, 593
44063, 349
10120, 714
18345, 247
48085, 553
3043, 3
49, 49
14830, 574
21997, 169
58203, 91
1511, 621
59885, 399
59256, 541
21708, 523
41936, 398
27539, 358
30620, 743
57740, 934
20083, 894
37388, 1000
26743, 399
19322, 214
57396, 142
33179, 309
56421, 895
53266, 812
35756, 796
20306, 210
16746, 69
47658, 833
55474, 726
47846, 500
52850, 454
5743, 994
9841, 72
50239, 57
43588, 318
58879, 663
33171, 303
14172, 857
29417, 965
4804, 922
44731, 242
34545, 396
50530, 672
35483, 892
42122, 792
23168, 369
901, 751
51265, 211
17154, 191
15051, 72
57502, 678
18757, 906
36241, 960
29113, 306
7918, 920
42513, 943
1681, 855
4356, 544
39862, 764
54098, 375
30222, 867
53473, 672
38921, 938
8625, 166
37458, 323
16452, 966
44177, 883
15430, 589
22915, 143
32333, 74
11101, 404
48735, 584
24017, 971
9403, 314
26370, 680
52642, 75
46003, 403
45838, 364
5387, 693
19944, 913
54454, 625
56917, 334
4762, 732
15584, 972
54225, 646
41502, 423
15614, 437
19769, 666
8885, 997
40526, 169
40157, 891
13744, 95
21288, 654
32357, 313
41928, 890
3011, 846
4606, 39
11956, 965
48347, 510
16999, 646
57259, 311
42186, 657
46620, 588
32826, 644
24519, 762
21710, 151
43837, 706
40731, 838
38284, 711
14058, 293
48608, 694
7810, 434
20227, 775
30816, 27
34227, 289
31180, 202
33827, 661
24467, 580
30872, 723
52309, 68
37169, 81
4767, 491
47132, 956
18909, 199
52453, 652
16325, 438
5521, 920
27875, 791
19150, 541
39144, 540
36410, 131
28985, 225
14217, 191
2177, 956
270, 706
47051, 774
42555, 848
36617, 188
24141, 820
8167, 90
54259, 104
4890, 498
17617, 383
22322, 485
37598, 703
11185, 148
58290, 275
38404, 537
20398, 788
9558, 27
43833, 352
31317, 609
8165, 183
11623, 671
6705, 654
32245, 364
14157, 808
35081, 980
1144, 735
39340, 126
26492, 367
20637, 732
11236, 872
56829, 134
47368, 757
43708, 446
59575, 984
55122, 688
43160, 943
25771, 260
32318, 553
28289, 12
56467, 293
3454, 713
2861, 13
2691, 81
39606, 217
48895, 984
53279, 753
17058, 913
38662, 450
59834, 467
20394, 730
45954, 320
22265, 391
34388, 157
29184, 293
35482, 210
30797, 388
7245, 998
55335, 809
31812, 350
2629, 333
47688, 71
9487, 789
8340, 387
39582, 356
55003, 261
18396, 208
53996, 1000
29302, 242
42484, 167
9002, 839
26219, 457
29987, 631
2104, 587
55773, 75
14176, 874
44728, 347
46765, 841
28849, 243
56138, 948
31163, 925
20934, 993
50313, 27
58621, 336
46892, 275
38680, 424
14095, 698
2126, 91
51750, 304
37280, 208
21533, 709
12977, 736
40238, 472
58695, 115
1443, 869
18286, 996
5073, 456
49384, 188
56363, 202
25790, 102
34473, 693
35251, 791
8813, 807
23072, 487
56278, 586
23677, 166
4676, 154
31134, 86
34482, 129
55780, 316
44784, 200
7831, 993
29381, 131
57063, 819
18778, 982
52862, 104
48888, 153
14754, 701
6322, 565
19829, 306
8996, 582
25205, 453
50996, 508
26543, 930
19267, 299
7560, 972
11036, 503
55228, 653
42190, 902
31929, 139
58094, 145
28874, 494
55991, 719
43180, 504
756, 987
41720, 901
46468, 742
34625, 618
28026, 868
37206, 519
33459, 351
58960, 237
25482, 9
924, 609
28584, 576
52296, 86
12640, 157
47681, 909
16104, 89
33339, 772
5466, 524
59166, 360
16436, 626
46433, 21
29514, 634
13893, 884
32394, 606
5248, 505
43900, 71
5585, 255
38723, 653
33335, 477
1021, 723
55674, 512
36179, 760
43004, 706
59638, 369
22291, 439
22825, 60
5737, 295
47728, 662
54250, 546
43347, 16
3399, 244
45223, 721
25035, 561
54382, 408
18271, 56
35728, 152
33969, 401
6297, 103
34376, 649
49402, 398
17455, 757
38478, 429
52211, 66
25886, 553
24211, 923
57477, 669
10244, 606
51133, 559
30625, 439
15719, 254
32667, 161
59186, 181
30439, 595
22922, 736
12179, 816
21111, 878
36730, 312
11004, 91
28558, 414
23856, 17
14325, 643
42770, 406
29005, 738
5083, 316
11002, 88
19636, 362
33228, 180
40960, 864
40455, 282
3620, 282
28645, 425
41093, 943
23993, 150
46473, 625
19120, 129
3716, 495
32774, 943
55859, 979
52261, 185
13467, 945
9588, 780
38291, 161
12161, 807
17208, 598
24294, 494
39446, 52
46607, 543
7908, 99
41696, 676
46243, 27
14514, 374
33354, 980
47955, 392
39349, 282
19332, 142
50201, 975
45214, 105
41804, 819
22301, 766
24329, 16
35339, 353
50726, 875
50874, 423
10564, 845
55111, 726
24797, 964
17986, 939
32802, 317
46456, 415
34340, 40
38126, 915
8392, 341
5967, 590
41415, 679
49765, 211
59148, 816
51344, 535
24252, 123
50774, 353
29755, 289
51246, 153
46988, 176
49342, 435
21752, 890
10423, 686
29347, 363
32798, 640
2489, 274
1434, 528
38773, 7
39511, 778
44308, 106
51240, 255
48555, 670
17907, 255
24071, 456
12105, 549
5352, 47
21836, 81
36317, 378
41822, 651
50532, 841
8647, 15
33880, 59
33526, 859
53430, 226
23670, 772
10997, 510
36023, 674
39278, 848
51225, 737
48871, 899
13834, 373
59264, 695
40673, 43
13575, 654
27603, 988
32287, 640
51528, 228
42490, 991
19730, 214
19245, 803
14293, 368
30550, 985
24946, 204
50579, 674
19213, 287
1698, 60
303, 216
12973, 856
39942, 803
59018, 602
16241, 800
49604, 115
46769, 470
19443, 604
45098, 49
24586, 338
45846, 333
50388, 918
28350, 915
41789, 606
7057, 471
19356, 573
13193, 844
59083, 387
58861, 770
27283, 478
54323, 133
58443, 118
32293, 135
4418, 94
27846, 229
58129, 663
16954, 280
35256, 8
23280, 520
20713, 172
33334, 443
31665, 874
34586, 269
54426, 482
14965, 531
30680, 474
20634, 115
26315, 609
9278, 281
9520, 882
40878, 359
32532, 928
18401, 600
31793, 572
36583, 100
55571, 791
35016, 355
28243, 95
38509, 339
15520, 904
25911, 842
19795, 865
828, 265
5152, 20
44976, 879
28056, 960
36407, 109
12248, 429
15184, 447
29604, 627
9669, 832
34189, 400
18116, 399
13628, 570
26974, 924
47806, 137
29294, 555
4423, 44
48075, 897
10113, 287
54522, 477
37975, 996
943, 398
19541, 496
15611, 201
45495, 780
23345, 441
42037, 12
31414, 212
47729, 976
51802, 844
34024, 748
48522, 876
20383, 145
16088, 633
15019, 524
52295, 994
34334, 418
38912, 863
42834, 53
53499, 190
33945, 794
27819, 137
44752, 342
28008, 861
41852, 962
41623, 132
15316, 411
19846, 556
57964, 132
50145, 75
57314, 595
41472, 107
28001, 981
6859, 43
17424, 715
58962, 152
4386, 939
20924, 191
41225, 893
9356, 95
12079, 387
8341, 15
52683, 331
16791, 145
39572, 422
45038, 322
36078, 138
28068, 309
3835, 441
9746, 174
51777, 135
43631, 958
598, 821
31311, 9
59503, 259
29078, 551
40090, 793
23656, 585
49886, 7
17077, 663
26929, 916
6985, 629
21985, 991
7607, 509
33122, 801
14729, 582
1775, 579
7690, 597
13249, 743
9548, 713
44158, 538
59553, 403
123, 907
41486, 780
21215, 386
24535, 579
292, 888
51641, 729
43156, 270
19232, 143
44299, 458
52653, 466
34522, 329
3995, 379
23938, 54
45482, 66
41705, 364
39375, 218
59863, 265
25863, 383
19619, 215
26059, 338
19007, 74
19447, 904
30487, 682
9376, 779
33204, 824
15274, 304
52423, 462
19800, 126
29890, 454
45432, 468
5037, 799
13855, 763
58368, 571
53696, 209
1927, 818
5746, 494
7063, 505
2355, 355
50912, 131
56295, 633
47895, 95
30069, 366
50799, 463
58643, 952
57195, 138
15666, 86
12197, 149
39174, 636
35438, 252
43039, 365
7121, 235
41933, 492
49253, 118
8232, 553
25319, 90
5704, 34
42333, 139
4844, 177
17201, 587
18077, 931
58463, 100
2701, 966
39025, 274
11924, 87
13567, 349
23474, 643
726, 324
37898, 600
51709, 331
30814, 275
12786, 416
29880, 144
31738, 852
53668, 711
20829, 214
13036, 351
24920, 280
9581, 366
51894, 792
19342, 595
15465, 552
22064, 576
13956, 850
48380, 162
37056, 121
39222, 72
13919, 919
59383, 684
22278, 979
34084, 906
19833, 353
19505, 647
55093, 69
23330, 82
22976, 48
49723, 789
21004, 345
27000, 96
23978, 306
22886, 528
28100, 925
55063, 933
42275, 772
23457, 596
3875, 216
30617, 805
12667, 112
31368, 383
43857, 723
53847, 836
17131, 277
35111, 179
53561, 369
31994, 797
55945, 753
45152, 305
24910, 189
59354, 326
15674, 818
11680, 626
20113, 30
18479, 868
26973, 948
36236, 246
13333, 987
38915, 535
33936, 685
43149, 355
28782, 920
53536, 322
34704, 956
8008, 30
49472, 206
14911, 80
21254, 651
40357, 663
41173, 814
34386, 899
10894, 331
15317, 506
57959, 64
53333, 732
59711, 544
13402, 229
49324, 631
57884, 957
48907, 694
54725, 476
7601, 993
19004, 956
45921, 718
43891, 314
33959, 649
58955, 712
11867, 999
55033, 677
15988, 836
42347, 349
46367, 23
7844, 242
20445, 37
13695, 751
38368, 373
48771, 521
8981, 861
43172, 46
38111, 933
33002, 45
47056, 730
59509, 711
38832, 892
29366, 571
56515, 144
14787, 134
8489, 542
34174, 608
51587, 402
14632, 515
37391, 595
15382, 940
53814, 766
17158, 504
38722, 504
21510, 960
4446, 122
47761, 495
11930, 189
7516, 220
35368, 635
37540, 390
24793, 860
4862, 721
17017, 129
53504, 546
31777, 510
2725, 328
59715, 140
2594, 262
42897, 298
23344, 730
9611, 453
20396, 170
38407, 932
15755, 82
38810, 631
8912, 960
49790, 173
53348, 200
7812, 739
7586, 610
9005, 702
3941, 827
33049, 776
23348, 292
11179, 865
25840, 324
31924, 669
53185, 14
23799, 111
33509, 77
49363, 967
37626, 892
31246, 735
44897, 556
37043, 551
40009, 346
54574, 961
2801, 379
16666, 123
50147, 999
33267, 120
31011, 727
9564, 931
52339, 939
47291, 235
18512, 202
47137, 283
23732, 227
20669, 149
37734, 180
13975, 37
50663, 318
48153, 430
45889, 657
43286, 383
3795, 9
2114, 647
33989, 400
53697, 435
31621, 5
44197, 945
37900, 103
9961, 445
21146, 397
23702, 732
40772, 67
41299, 859
44625, 202
15715, 171
19490, 316
24606, 393
17409, 101
19567, 46
38391, 539
9658, 512
8145, 93
30708, 904
10572, 481
8658, 101
12726, 5
39612, 866
5269, 481
5160, 215
22540, 722
36381, 254
43164, 133
40374, 189
9492, 187
38870, 506
31248, 733
48976, 238
58844, 679
4962, 774
916, 811
53539, 779
42801, 25
53675, 356
2987, 800
40919, 478
957, 428
45273, 173
59809, 112
49259, 627
2469, 518
37259, 209
35393, 488
18079, 7
52114, 976
41, 685
13274, 862
18862, 444
31240, 993
779, 998
2347, 322
24022, 798
3732, 841
56336, 822
3940, 87
37327, 416
37844, 664
42314, 579
15908, 890
27410, 353
37651, 714
50924, 272
19842, 100
33060, 181
33752, 261
44133, 658
11003, 116
26232, 90
59843, 18
35670, 171
50501, 454
35910, 799
33369, 243
55029, 220
40297, 123
3998, 365
28201, 339
768, 971
12507, 206
23843, 702
14478, 197
55147, 171
5374, 681
47882, 33
23017, 170
37213, 836
46704, 475
44716, 320
54455, 382
41053, 956
4997, 931
7278, 458
35309, 468
3386, 963
32431, 1
19709, 222
12466, 902
59683, 636
13071, 140
22824, 515
639, 437
43043, 690
12671, 891
45710, 182
42741, 906
46478, 441
41501, 811
16549, 993
19943, 410
22361, 208
39311, 237
28662, 300
38136, 203
44150, 293
22153, 559
45321, 574
24373, 880
14065, 172
45560, 436
1701, 928
18774, 860
52535, 266
47894, 735
5257, 160
643, 565
37757, 541
31928, 726
34106, 978
19551, 583
10807, 834
8629, 280
24289, 234
56155, 619
12312, 901
28041, 95
20816, 881
37145, 705
46965, 509
25134, 410
44996, 226
10812, 415
3760, 19
26150, 863
30912, 758
52860, 698
15893, 748
9801, 244
40376, 532
9937, 142
1644, 30
37176, 502
3169, 358
42923, 983
59889, 361
43774, 674
41389, 1000
3224, 40
32979, 23
58464, 613
42628, 348
8374, 43
45246, 482
34126, 175
39399, 196
251, 444
50571, 86
38428, 458
53063, 499
55085, 154
19718, 485
15189, 807
2173, 73
38382, 994
41218, 345
25600, 648
50183, 893
51307, 207
27375, 671
56860, 785
3721, 420
39545, 71
37767, 518
51964, 596
17400, 293
21868, 682
5870, 573
37254, 406
51407, 712
26764, 402
30864, 809
43169, 392
17407, 67
56271, 331
34504, 87
1137, 16
8953, 9
40970, 261
31906, 383
47055, 698
5114, 737
28679, 869
22287, 972
19276, 433
29928, 469
27528, 521
23318, 37
8569, 750
11897, 290
26592, 97
6114, 677
49069, 514
59167, 948
16652, 988
57542, 590
30419, 295
26247, 921
3473, 993
47301, 508
12798, 614
57639, 962
735, 629
17672, 406
51644, 241
52991, 635
6241, 866
26316, 907
31091, 546
26954, 218
32161, 627
30183, 305
38352, 721
27492, 593
28670, 566
32037, 317
10994, 221
11823, 280
48991, 580
38867, 798
12594, 781
18177, 366
4154, 779
41082, 129
45329, 791
50074, 491
49279, 948
37078, 53
5425, 302
26760, 784
53046, 790
44323, 728
45455, 740
17729, 819
663, 907
13553, 708
15808, 406
46253, 380
2211, 373
29727, 410
17817, 737
49112, 560
12655, 304
23044, 747
24903, 823
960, 628
23558, 12
30485, 826
20407, 121
57536, 571
1493, 695
10473, 913
31811, 474
9672, 361
49012, 561
45201, 877
34101, 731
10825, 355
16377, 421
16354, 362
58438, 506
1100, 196
45741, 255
11530, 808
7149, 509
45073, 547
7067, 628
50198, 719
30694, 113
41559, 400
29632, 154
34454, 554
59712, 848
48644, 175
45955, 528
50479, 451
39337, 218
35351, 172
58794, 605
32213, 812
14646, 903
14107, 805
59851, 126
46133, 843
57850, 220
31454, 289
37781, 796
45202, 511
50394, 472
4785, 45
50911, 143
16987, 551
26595, 921
40637, 565
51114, 472
29925, 66
22296, 675
17420, 340
41577, 658
45288, 297
41417, 917
39372, 886
455, 146
11792, 99
47390, 427
4351, 134
16403, 4
44533, 13
23008, 720
44665, 651
3945, 786
45476, 867
43238, 34
8840, 908
36056, 343
56259, 633
31227, 537
40333, 726
21361, 677
41210, 637
8888, 707
56818, 993
46707, 527
52195, 567
30002, 213
36247, 802
53450, 774
23493, 44
48006, 747
54962, 589
48850, 801
2761, 412
2381, 825
54156, 62
35725, 328
37878, 967
56294, 516
57049, 969
24280, 853
54887, 202
14042, 326
41245, 784
58210, 366
30530, 5
21839, 332
53693, 940
9076, 17
8292, 446
38311, 390
29008, 543
40335, 502
27256, 814
2010, 884
3129, 33
3497, 721
44433, 206
3468, 447
29678, 645
27207, 919
21772, 555
49608, 787
24980, 821
20525, 600
35548, 946
3412, 968
37044, 982
54355, 784
3796, 616
38033, 707
59824, 611
3144, 457
4305, 577
17689, 687
3000, 65
36344, 202
44502, 784
27362, 574
46999, 690
7497, 767
13572, 821
59254, 341
5783, 710
982, 140
32360, 141
45592, 947
55725, 198
29910, 286
26221, 851
22579, 335
33312, 662
8538, 920
5977, 897
7620, 349
40944, 24
40264, 541
59910, 96
50607, 868
44489, 468
7640, 171
18440, 257
52838, 351
25823, 927
13989, 144
1206, 135
56648, 583
29146, 607
54865, 784
37348, 506
55839, 622
39770, 612
24357, 209
25528, 413
13934, 138
37472, 963
30463, 39
1702, 408
52595, 655
3082, 449
12203, 50
4123, 526
48327, 985
56313, 190
21037, 419
9887, 319
33780, 277
45016, 383
4067, 314
53428, 445
12620, 969
39940, 434
15069, 724
1810, 317
7356, 826
34670, 975
10611, 449
11076, 932
47450, 711
28542, 499
6980, 910
20174, 164
38241, 300
38445, 559
50204, 639
27721, 729
44273, 389
49392, 334
13701, 748
19149, 943
4888, 263
29056, 680
4069, 519
10910, 902
19602, 420
51747, 394
38092, 903
43702, 617
10933, 703
42565, 953
47477, 346
38934, 218
33097, 839
27758, 566
6617, 573
32235, 234
23532, 790
43581, 746
49203, 845
53840, 457
14757, 630
14849, 187
11049, 218
28529, 822
1087, 252
21205, 849
48749, 556
42251, 917
53799, 888
27224, 425
57034, 388
46576, 28
43984, 577
6375, 714
1345, 666
44153, 971
48048, 795
53074, 472
5735, 162
47236, 62
22222, 250
50719, 44
29535, 8
2272, 961
48606, 966
19111, 375
7574, 98
46425, 400
21106, 667
40559, 369
18224, 810
47283, 732
699, 350
26042, 682
16019, 923
37027, 700
10186, 878
41428, 728
21479, 730
12912, 978
2473, 552
35489, 662
6038, 455
56638, 226
39364, 897
30730, 306
12695, 941
23631, 101
24261, 915
40034, 451
30578, 95
18323, 414
12660, 566
17965, 575
12432, 612
24524, 125
52121, 964
53303, 408
4726, 581
667, 12
20149, 898
32045, 226
19341, 496
58419, 478
49500, 742
53901, 233
14447, 605
5523, 826
42556, 601
2667, 843
50951, 810
35552, 27
42798, 222
9991, 238
30678, 956
7668, 46
13268, 810
8083, 615
59236, 731
56905, 44
31792, 979
4337, 393
9182, 437
25591, 647
28957, 115
44476, 190
41108, 733
52857, 18
28010, 369
31268, 305
44151, 611
14570, 692
51671, 216
54600, 307
37821, 60
4151, 739
36744, 594
28604, 978
34741, 890
11349, 447
39716, 604
44380, 304
56701, 977
18784, 559
40879, 599
52500, 180
46956, 60
6804, 278
38792, 926
35060, 521
23886, 900
39003, 667
941, 103
56544, 658
14970, 500
33483, 277
27738, 591
48659, 462
7565, 98
18352, 795
20808, 841
51065, 209
34828, 350
43354, 867
55540, 375
7229, 63
52848, 804
21344, 671
34755, 824
18626, 291
7537, 774
22466, 290
58017, 885
48537, 887
39008, 558
1271, 917
1745, 831
50299, 810
43546, 721
40401, 931
55719, 879
46943, 308
56075, 514
57006, 948
15760, 534
23223, 961
56592, 433
49210, 38
11139, 239
54601, 368
58006, 699
49904, 252
11850, 959
13190, 357
33282, 598
8958, 918
30909, 622
21181, 140
43521, 561
32671, 78
55822, 266
27768, 380
26552, 825
41915, 96
50210, 406
25298, 297
15326, 415
37684, 91
38944, 665
24273, 13
31725, 521
58779, 285
1781, 324
13141, 192
33801, 848
11296, 716
18501, 434
31747, 996
28754, 961
25834, 149
45673, 799
48004, 79
6643, 938
50744, 307
37848, 430
28731, 285
38813, 930
12461, 708
32789, 758
15171, 321
21354, 312
7870, 612
42337, 885
33961, 276
47141, 188
12051, 88
2282, 951
41770, 172
40085, 289
47933, 921
52028, 31
6975, 445
37401, 90
48554, 580
31587, 943
48598, 583
54446, 914
30752, 712
25623, 92
58078, 341
5483, 175
37355, 837
38118, 297
11875, 700
31807, 484
30459, 457
42298, 145
3694, 562
56139, 293
51110, 377
38668, 606
53657, 380
34069, 304
4968, 39
43706, 825
41504, 782
10949, 375
48039, 971
39600, 318
32484, 551
19881, 719
55421, 95
13050, 989
9645, 120
48961, 898
54030, 800
47504, 171
13703, 292
11182, 134
47028, 996
32825, 190
51713, 552
21559, 481
6293, 813
51960, 49
37973, 998
59107, 155
49779, 376
21956, 123
36129, 585
56361, 472
42722, 547
8172, 747
8465, 697
37504, 460
41691, 979
15848, 831
33740, 263
7116, 680
56649, 727
9220, 809
50375, 462
51583, 858
45924, 948
17698, 512
2475, 554
37399, 780
8199, 202
22626, 264
44843, 328
51073, 464
52366, 6
38743, 857
18236, 541
58126, 117
14116, 271
25087, 392
42435, 938
31936, 771
11361, 794
33297, 239
28095, 787
51005, 298
46563, 323
48718, 50
40773, 642
42362, 177
29693, 220
34996, 360
7753, 649
46047, 557
2683, 25
22028, 269
18684, 808
8876, 658
565, 662
35010, 971
19219, 93
9556, 885
25560, 4
1626, 970
19937, 896
34027, 740
25603, 828
7200, 83
16380, 518
22010, 166
48486, 417
15226, 893
18045, 416
59842, 618
3827, 348
24371, 352
3193, 426
54342, 499
48652, 293
47474, 408
52252, 988
36181, 57
58814, 876
21022, 937
58958, 166
31925, 713
59372, 79
6494, 307
45120, 949
40421, 748
38214, 65
49836, 857
9767, 912
3912, 196
5913, 430
50539, 530
10226, 599
46958, 64
8566, 130
46886, 987
33873, 994
12848, 284
35057, 941
12227, 198
16597, 261
11105, 400
39928, 528
55649, 651
55870, 532
50743, 583
12556, 56
15166, 471
53722, 703
42738, 910
54766, 172
739, 63
31408, 608
23715, 16
4440, 53
25333, 554
7970, 177
22258, 434
36141, 309
37006, 850
25227, 687
25449, 541
21178, 189
38822, 269
6111, 976
51173, 218
11724, 962
8108, 869
7156, 509
22917, 493
4487, 10
11194, 452
35663, 436
56037, 85
44441, 936
29089, 243
54530, 491
22935, 427
48060, 695
15033, 177
43619, 156
18240, 15
11443, 717
37086, 107
45978, 62
29709, 853
52213, 653
48053, 928
36602, 189
54025, 286
10654, 714
59135, 754
51483, 191
42145, 584
59944, 0
16475, 3
20210, 286
26951, 983
21895, 751
397, 686
39068, 438
24742, 127
22096, 811
27644, 553
3122, 895
1955, 320
58711, 820
5712, 895
37463, 460
16795, 748
2782, 36
15013, 222
55448, 915
27164, 125
27368, 760
1540, 556
28386, 919
5182, 769
37698, 274
35097, 103
31395, 138
2980, 819
31155, 924
7606, 27
12820, 494
29289, 562
40066, 803
18381, 574
18294, 400
51100, 816
55312, 512
49900, 523
56426, 716
20477, 96
27116, 742
18579, 484
36833, 994
47580, 219
49706, 749
20024, 24
6546, 628
35843, 306
48029, 660
26854, 855
46755, 737
20658, 670
33500, 873
8309, 87
8780, 864
53237, 828
883, 587
26926, 782
42776, 846
48860, 488
54898, 697
17642, 522
21488, 699
19414, 820
49221, 280
52604, 843
40399, 176
39396, 384
19804, 903
37077, 851
21973, 309
11127, 676
48121, 480
37282, 927
51826, 18
9189, 844
21863, 936
36063, 913
30820, 543
6149, 497
36726, 622
23825, 818
8834, 788
21935, 79
37534, 6
31026, 766
56507, 679
48994, 461
40422, 481
36380, 949
48772, 64
52150, 484
22431, 966
48089, 6
39963, 739
45119, 273
29252, 868
41293, 962
35695, 612
29827, 87
13487, 698
48092, 329
32168, 488
40805, 451
20993, 658
30843, 643
29557, 923
51989, 252
45423, 973
1748, 24
59560, 786
25731, 24
4068, 465
44155, 141
15920, 691
36032, 198
13426, 756
848, 47
17397, 648
12316, 940
50529, 122
42475, 350
23994, 477
31770, 943
46931, 717
51153, 113
15539, 579
57093, 413
18099, 743
50396, 840
14119, 427
5937, 535
28344, 519
29795, 213
22095, 347
43951, 114
21787, 180
43832, 890
25060, 120
28947, 181
37544, 301
26814, 218
48114, 707
22792, 697
14755, 743
57150, 878
26741, 204
31168, 133
28806, 302
20963, 45
17524, 884
39450, 108
50605, 895
34837, 18
28517, 433
14452, 468
49365, 585
9616, 659
38968, 13
4666, 837
32019, 834
39359, 408
46267, 480
44206, 543
48728, 635
53376, 206
45932, 17
49640, 930
18513, 173
1934, 684
54116, 426
11522, 842
42474, 481
52814, 2
10262, 750
28121, 633
5355, 755
57216, 839
42957, 816
33031, 408
14529, 206
13391, 262
49984, 63
55226, 918
3539, 398
40650, 746
59605, 479
42233, 137
6886, 315
33544, 584
6817, 135
11020, 978
5686, 20
4772, 622
37990, 826
19818, 602
29484, 899
31324, 139
3097, 721
16658, 0
15268, 509
57310, 119
37532, 115
9234, 648
36126, 182
48217, 752
28753, 923
55178, 317
40230, 756
2870, 388
11289, 412
36327, 278
48780, 408
33871, 855
24153, 161
57152, 624
26269, 41
28573, 611
11594, 355
55652, 704
22990, 771
16451, 751
5823, 72
22916, 845
58989, 990
21697, 991
36976, 448
33123, 737
29848, 808
21040, 233
14206, 920
39433, 5
20537, 71
15232, 260
57289, 601
19119, 487
14039, 458
20892, 23
12930, 265
49010, 283
10727, 542
16708, 647
17302, 810
35541, 210
340, 432
16496, 372
44580, 452
21713, 591
15285, 186
25574, 450
25535, 940
58967, 660
17724, 929
37267, 148
19389, 779
24893, 286
31908, 851
19642, 247
27435, 263
43248, 853
25547, 444
30754, 363
2915, 700
5495, 992
36857, 697
33217, 718
29218, 757
54495, 453
17413, 474
40883, 30
33902, 853
8051, 694
22492, 860
12651, 495
2467, 289
8787, 139
46359, 450
18736, 17
44281, 506
46438, 757
10212, 408
30005, 389
53572, 306
32620, 702
6530, 144
4673, 420
12519, 244
2326, 990
32520, 519
49077, 684
35933, 384
33072, 385
40435, 801
2220, 325
18695, 649
38666, 50
58112, 501
33778, 128
13513, 121
54020, 582
56218, 514
34880, 846
55159, 854
26161, 761
10764, 469
5159, 366
52680, 1
32779, 943
39598, 745
38181, 651
10674, 461
26482, 897
29690, 830
51376, 310
21585, 991
16460, 999
16457, 627
7292, 599
36391, 550
8522, 216
4574, 600
59204, 610
38210, 58
41471, 185
54326, 456
18853, 513
1154, 187
29771, 643
56799, 78
8659, 888
53049, 431
30199, 646
25864, 973
11366, 463
54666, 734
38141, 60
43106, 880
876, 451
7804, 821
34197, 972
33212, 452
24537, 256
33607, 280
49916, 890
36274, 788
11596, 650
2097, 928
21098, 661
46781, 696
6003, 905
46442, 282
44956, 67
10980, 975
43401, 95
29359, 996
18131, 838
9313, 630
9468, 33
