31775, 28
358, 804
69658, 509
9882, 678
32675, 86
10708, 624
56205, 362
34103, 798
17540, 258
39353, 483
56237, 815
53867, 698
36079, 556
41879, 782
18389, 351
57149, 740
5664, 433
32802, 192
11884, 366
43492, 336
41009, 721
56647, 272
22949, 583
19347, 416
19506, 856
52954, 748
49617, 742
18595, 234
17325, 836
36900, 134
13007, 865
38628, 324
14354, 454
52933, 142
16629, 884
17784, 203
54203, 420
54505, 702
59271, 574
22649, 360
68053, 227
27652, 755
598, 278
41169, 344
28374, 150
51154, 136
48333, 807
46464, 662
62525, 480
44312, 833
23777, 133
58899, 587
48058, 432
16385, 620
31907, 575
22036, 605
5957, 514
38322, 37
21976, 277
58998, 672
5485, 887
37024, 810
43086, 879
3679, 539
64605, 41
23367, 107
9101, 775
11053, 928
60208, 696
60878, 272
31333, 349
3374, 109
62399, 266
39399, 972
4892, 488
678, 178
43025, 539
50262, 270
61328, 827
61759, 178
46594, 16
64666, 679
24317, 404
56343, 376
42341, 526
11975, 701
14500, 867
6707, 126
6466, 3
67795, 288
32644, 909
22335, 546
47969, 385
4663, 599
26916, 707
50745, 426
33484, 668
19965, 517
67164, 976
29977, 869
19554, 109
29072, 935
68130, 808
6929, 132
6576, 569
19344, 8
55214, 147
66091, 219
8535, 791
1425, 625
38213, 536
514, 425
28359, 467
50090, 437
31964, 505
56555, 968
50613, 928
24049, 983
36710, 506
19705, 25
47606, 429
36716, 694
26913, 243
59531, 283
7900, 766
29900, 385
20477, 31
27890, 391
48163, 510
21341, 231
44622, 552
24273, 268
68067, 786
24590, 761
28774, 187
21496, 905
16689, 92
64248, 642
30265, 234
47437, 507
58098, 911
14042, 849
49691, 379
19318, 607
34329, 288
68889, 921
42328, 716
50128, 647
2124, 965
5835, 140
44971, 652
21348, 474
49505, 666
38050, 817
50208, 838
19180, 70
35812, 127
30125, 847
29627, 384
25598, 288
49201, 571
11424, 218
29273, 55
40414, 191
33242, 517
52540, 291
9338, 572
3614, 294
36428, 892
10392, 425
62807, 948
59151, 166
68703, 93
62180, 61
23518, 239
7349, 638
56610, 501
33481, 249
51963, 592
54013, 722
8357, 158
52336, 789
63519, 110
29770, 35
23068, 886
57773, 261
3490, 528
684, 112
53112, 501
44495, 546
62919, 941
41473, 37
62841, 153
40608, 16
19708, 519
8214, 456
15024, 557
57730, 748
56357, 958
22293, 618
57776, 317
40670, 16
4626, 965
19472, 16
23059, 205
1846, 591
37781, 585
16509, 299
11666, 160
56515, 648
59210, 174
60680, 525
42058, 963
51624, 812
56342, 7
41113, 987
2856, 354
24098, 475
69341, 631
131, 437
69346, 584
14719, 43
41705, 727
38758, 540
34514, 595
60939, 537
6076, 987
53893, 906
7854, 294
23915, 349
59086, 660
69685, 788
7765, 226
22643, 444
61510, 242
42286, 699
63704, 570
36602, 704
10358, 470
64386, 22
2040, 680
59357, 652
15372, 983
55674, 410
48210, 233
18223, 973
57062, 643
1236, 671
2943, 843
48074, 271
37112, 213
49990, 296
55905, 535
1017, 845
46695, 353
68400, 26
38062, 795
7456, 468
654, 723
43708, 142
3760, 579
59671, 996
57160, 639
18174, 637
53917, 360
19995, 42
52756, 955
36846, 611
55817, 384
11399, 406
19482, 121
34560, 632
17153, 711
44064, 162
56699, 286
66308, 491
60152, 550
36388, 569
38058, 372
9858, 880
53446, 743
49970, 773
48559, 291
40263, 702
27559, 913
12390, 456
68025, 872
18741, 915
29102, 481
18319, 131
12412, 736
64292, 320
26808, 193
67790, 55
65906, 969
1687, 390
32138, 440
33851, 459
8181, 758
39945, 437
10602, 836
9130, 911
15403, 353
3281, 137
62012, 264
40398, 923
16477, 100
37731, 432
18031, 895
8613, 573
59365, 724
28424, 535
24118, 687
59553, 945
14854, 690
2500, 13
38863, 472
48924, 529
14375, 121
3162, 275
44814, 417
39118, 426
23255, 48
26163, 85
7577, 319
11239, 369
7367, 575
14867, 927
10239, 804
38853, 709
42665, 584
13442, 622
15411, 512
616, 369
23670, 93
68882, 409
22164, 117
13320, 455
27103, 926
68084, 658
12789, 181
16327, 164
7694, 549
65627, 209
53778, 136
48395, 323
51842, 186
54972, 24
19749, 901
13097, 985
9659, 382
9358, 42
21346, 662
35439, 87
24231, 165
5131, 639
41336, 600
50517, 722
65902, 763
33060, 515
23345, 298
62933, 647
9807, 586
44757, 896
13, 668
20741, 674
14494, 650
41686, 236
55718, 615
48404, 181
14333, 270
59822, 615
1555, 988
8846, 258
61044, 607
19996, 397
22934, 114
56326, 815
49744, 40
52870, 874
13752, 285
66431, 682
62544, 727
16891, 598
10181, 107
6590, 897
10522, 809
8938, 938
7880, 346
28700, 897
8225, 216
28571, 81
37212, 861
12804, 700
31442, 395
4106, 484
47111, 755
17802, 656
24264, 179
30101, 271
11268, 663
6599, 94
29025, 864
17397, 507
32825, 621
65159, 185
34456, 978
27621, 190
43162, 679
54661, 635
22329, 789
69270, 666
33057, 439
9014, 426
24779, 664
9084, 657
62819, 144
33525, 798
54284, 978
14182, 699
2432, 797
66756, 826
34500, 205
51691, 941
297, 934
61711, 137
49085, 658
62201, 429
26695, 418
42682, 618
59914, 486
58761, 614
47271, 729
7787, 236
45217, 181
52087, 92
43749, 520
57899, 804
66971, 915
50854, 129
16904, 981
29173, 103
17496, 184
29399, 586
49588, 578
63203, 491
15151, 22
67368, 913
24652, 55
59638, 986
69225, 152
37195, 191
44934, 126
2663, 707
32772, 908
36335, 329
2954, 583
19868, 800
12680, 502
39778, 265
27180, 706
16577, 72
5524, 220
546, 227
40130, 318
63276, 13
36155, 711
11626, 886
34292, 324
18822, 120
8747, 727
23103, 880
29362, 941
29231, 585
67353, 730
58972, 49
20788, 847
53485, 151
41770, 278
1284, 389
21777, 95
54034, 818
25045, 33
33756, 441
48344, 435
21465, 415
60705, 89
55664, 344
20168, 112
15567, 635
2084, 66
20832, 552
50898, 863
53413, 0
63004, 150
23655, 257
21189, 233
12360, 941
43780, 156
3098, 691
47236, 336
26048, 143
15369, 634
33570, 499
16276, 41
47944, 607
18118, 674
40933, 22
42947, 57
41928, 833
22556, 491
3093, 32
20920, 614
11550, 432
6464, 862
47324, 498
39564, 494
43338, 562
8281, 893
44262, 266
30738, 920
48187, 161
4467, 711
46226, 134
34138, 532
5878, 61
16958, 423
66836, 448
63831, 102
8205, 839
49361, 237
62945, 539
3892, 56
48891, 824
59774, 705
8875, 228
26520, 66
17736, 948
43622, 748
27488, 702
50606, 748
12264, 959
8992, 630
43489, 707
5335, 521
62286, 335
35816, 566
24305, 701
65407, 2
48500, 701
49198, 312
62596, 769
16039, 701
11601, 741
14805, 538
61806, 618
38119, 352
39880, 180
49498, 771
25169, 728
58246, 592
22469, 839
20072, 887
39449, 810
45488, 178
35606, 316
66737, 388
47791, 642
15608, 359
13849, 19
29827, 430
67969, 365
5591, 328
775, 160
62224, 248
51861, 139
44536, 500
19479, 609
38431, 351
66715, 881
66481, 121
58207, 593
33054, 722
13548, 649
48343, 452
4548, 571
41360, 401
35335, 158
25526, 563
57037, 430
48602, 834
32794, 679
4262, 458
64975, 237
66807, 317
1737, 580
64941, 271
3843, 250
38076, 247
41056, 292
62925, 95
59343, 71
5301, 946
5414, 518
6676, 933
22789, 747
48810, 17
50985, 240
46279, 325
58813, 907
29581, 172
68691, 420
59993, 414
46312, 998
19297, 874
35317, 361
3302, 467
33980, 690
37222, 635
29408, 407
35905, 399
53087, 149
43643, 104
54065, 10
11558, 964
8474, 579
20630, 694
29942, 10
33627, 893
38113, 991
18375, 430
2923, 62
25548, 954
40371, 666
30754, 3
22903, 220
33381, 98
24089, 292
37227, 514
42621, 783
57007, 538
22361, 725
23020, 669
47868, 727
40466, 373
51887, 825
35768, 638
1624, 278
62795, 130
28473, 445
23883, 586
33694, 36
25199, 229
33431, 354
19933, 925
38624, 89
36929, 197
17827, 307
15878, 457
12836, 490
18861, 1000
4439, 50
6861, 261
41552, 287
41964, 703
24235, 465
57833, 325
54608, 288
68561, 822
33205, 48
61560, 373
15231, 723
4429, 777
38247, 925
48980, 554
59530, 700
56820, 689
8877, 515
16094, 466
1550, 165
3031, 806
62575, 553
16479, 82
54496, 273
66799, 884
68046, 532
42580, 280
12320, 933
12518, 813
53189, 911
16352, 268
51483, 959
27297, 484
67474, 942
36455, 647
63402, 896
8886, 150
61768, 975
62588, 581
13667, 828
18012, 236
17388, 475
43620, 138
50732, 144
53335, 712
50281, 681
37906, 228
25264, 528
52139, 450
57827, 389
50509, 722
5424, 176
11711, 5
68558, 569
45188, 437
49727, 572
45602, 595
52463, 377
35696, 272
18278, 689
60275, 497
36499, 246
45305, 532
12986, 116
57731, 432
55478, 916
53463, 346
61710, 2
24343, 665
14221, 270
12099, 989
67657, 171
47924, 937
62108, 500
38975, 467
9324, 786
21251, 45
13611, 474
34744, 840
39685, 216
2098, 946
43154, 567
23177, 618
1886, 858
9340, 218
55474, 829
40010, 445
68080, 468
45765, 54
32998, 321
51048, 587
55790, 952
4665, 767
5159, 746
7232, 668
59115, 950
27054, 64
68697, 368
38547, 761
47421, 380
62889, 176
35495, 271
66406, 715
59029, 0
54899, 184
9504, 526
37696, 870
56416, 775
29057, 577
21770, 687
68413, 547
17507, 468
15075, 658
67578, 47
55141, 952
21578, 675
63544, 291
26563, 831
25862, 440
15695, 463
62563, 92
69288, 470
62167, 819
25071, 648
25573, 906
54923, 151
24758, 312
55054, 204
46092, 596
64003, 965
8572, 145
40775, 923
36955, 918
43561, 732
35347, 939
63109, 694
14999, 435
57616, 898
63683, 497
13278, 161
35390, 402
58974, 214
7316, 729
36509, 806
66519, 734
23546, 99
63560, 697
42904, 218
15687, 839
33949, 855
934, 446
16292, 609
6608, 526
52145, 404
36593, 149
1490, 891
1147, 557
48600, 836
4550, 849
23968, 649
44932, 111
38539, 44
54595, 660
39909, 181
7413, 152
2766, 985
55194, 323
48458, 715
66084, 547
10906, 163
59104, 824
69036, 855
8556, 384
66275, 850
51418, 39
39304, 773
33171, 726
52360, 931
58520, 409
58157, 736
51565, 305
39492, 281
3912, 766
28420, 247
23605, 48
3205, 911
29756, 139
20120, 447
60867, 130
602, 219
18454, 407
22982, 602
68931, 419
6734, 684
11385, 258
31752, 835
56860, 239
35655, 728
66642, 278
66483, 15
31465, 840
9809, 612
50516, 232
66511, 951
5653, 483
53853, 699
11908, 86
20395, 673
15588, 909
25408, 957
35152, 762
13638, 393
47652, 431
30514, 598
19706, 916
14017, 476
66242, 76
40231, 246
59427, 729
4403, 474
14560, 338
48185, 91
17236, 868
2341, 616
39941, 733
6613, 639
19610, 332
31470, 274
18628, 39
62467, 706
27643, 961
25151, 311
43719, 562
19159, 735
63358, 956
4998, 935
5034, 690
20487, 439
64950, 754
34493, 360
55697, 225
52680, 799
9640, 807
34409, 484
9269, 995
49840, 337
20158, 427
55507, 889
21406, 897
30367, 139
3326, 442
5055, 786
18011, 454
31618, 283
12302, 589
41902, 55
39700, 459
44337, 664
17126, 594
59280, 958
30845, 37
52449, 767
51055, 9
59100, 397
17350, 836
12447, 705
20069, 605
36484, 682
19152, 561
6453, 853
66635, 143
67690, 655
14956, 18
51138, 818
69722, 711
40340, 956
34703, 865
59002, 662
40833, 313
4738, 159
46366, 54
41654, 999
57344, 716
392, 55
67651, 313
4811, 263
39061, 680
54169, 782
35348, 408
21060, 456
11653, 400
27970, 57
28854, 959
15318, 598
26282, 811
26685, 31
18473, 38
62911, 693
46290, 380
32047, 459
57655, 214
626, 296
8034, 103
49563, 722
17204, 357
8921, 48
42057, 490
63541, 883
11735, 678
31620, 784
58275, 334
27453, 190
4648, 965
1239, 966
26160, 303
6156, 143
37619, 53
62825, 806
69424, 731
24661, 677
10900, 378
19727, 655
69261, 221
20579, 345
22191, 618
34364, 726
65745, 234
4682, 262
820, 948
55788, 813
58879, 651
990, 189
29640, 803
31018, 966
30117, 967
69668, 692
61635, 447
22804, 263
44048, 808
4463, 789
51117, 167
67713, 14
67167, 468
17428, 173
4041, 975
26646, 389
69162, 870
20573, 563
58179, 374
18061, 263
53426, 343
49168, 913
857, 776
59273, 636
14336, 115
53068, 36
16620, 133
10866, 251
49839, 161
65087, 689
21589, 743
55100, 384
894, 846
28219, 715
41613, 42
3108, 161
27879, 606
46577, 512
53542, 691
57070, 442
5965, 438
8809, 793
28996, 569
38677, 509
16637, 233
39876, 321
58349, 155
66282, 828
12710, 930
20169, 691
66449, 6
13727, 353
36569, 338
48875, 682
61413, 733
52399, 982
57978, 313
49423, 950
66295, 390
32588, 851
15829, 956
12932, 403
3155, 64
44009, 201
45341, 300
38388, 738
9977, 479
36857, 226
14967, 318
33477, 357
56917, 950
33597, 239
34592, 479
56755, 199
15585, 209
15647, 258
39065, 839
16178, 135
16364, 716
7602, 308
52192, 583
31389, 87
33088, 514
40566, 106
54281, 814
31965, 202
8964, 48
29304, 747
45696, 366
54033, 82
62798, 895
68061, 831
35614, 463
2882, 521
31126, 220
31374, 262
171, 939
21844, 883
53454, 160
59063, 139
35745, 942
23523, 486
47837, 959
9666, 843
37216, 465
33710, 441
28644, 718
3980, 564
2960, 34
24638, 613
8119, 61
7096, 536
68136, 367
848, 438
16245, 226
31599, 390
54936, 553
66239, 449
15326, 451
55341, 661
44672, 205
11531, 826
29280, 394
65005, 281
49207, 276
50154, 447
28981, 977
40352, 37
486, 590
18333, 427
59128, 228
10903, 188
25355, 531
49441, 119
11534, 175
25082, 587
41446, 990
59945, 336
57619, 755
47474, 360
4512, 520
37452, 299
60265, 526
60670, 217
58356, 878
15029, 349
13455, 833
29832, 176
28031, 883
26744, 684
49052, 336
46304, 192
37286, 876
13348, 226
42419, 994
38727, 661
12717, 1
49943, 608
33882, 238
6208, 940
1546, 407
44558, 777
56855, 124
63619, 236
28279, 891
41561, 297
48609, 728
1263, 279
3800, 551
54907, 158
35015, 75
190, 364
65640, 12
61231, 500
30683, 379
22209, 1
27253, 353
16641, 555
38584, 790
49928, 747
13078, 614
6741, 192
53572, 561
6046, 16
23067, 805
19564, 191
47079, 303
33493, 264
22567, 197
43305, 452
46142, 104
18928, 854
32983, 451
29035, 256
57468, 322
16970, 512
8720, 571
8714, 551
51866, 143
37955, 725
31030, 502
33400, 508
414, 202
52927, 659
28949, 708
40546, 545
68007, 286
15506, 6
24669, 883
5207, 440
62245, 854
64792, 752
59259, 773
6277, 284
23980, 382
48490, 277
7437, 531
10568, 76
19871, 24
69140, 700
15247, 964
28453, 188
48747, 606
45168, 869
67314, 103
54241, 580
28298, 654
69164, 558
99, 605
20039, 702
305, 938
543, 145
21438, 306
1181, 437
1767, 222
36016, 167
69246, 549
35035, 50
61916, 643
15801, 560
47253, 935
35720, 50
34701, 344
43743, 887
67830, 397
23861, 291
63055, 254
44425, 800
22887, 446
47726, 100
16208, 894
62926, 676
63331, 88
20578, 311
53268, 970
68949, 283
42404, 655
66516, 590
59264, 192
61155, 16
49513, 37
24229, 593
18613, 502
25536, 495
35325, 544
1315, 860
15848, 786
39966, 653
45736, 228
50565, 125
65486, 243
45511, 931
32995, 357
44725, 553
52995, 410
228, 480
63794, 539
45221, 302
3642, 560
32582, 406
33912, 320
14300, 665
56179, 476
39533, 744
34555, 637
31039, 75
19037, 825
28998, 868
2865, 245
7977, 576
52712, 101
1531, 844
53326, 395
54122, 354
67147, 687
13963, 939
25571, 913
61512, 874
39457, 843
4654, 921
39712, 184
1449, 433
49604, 814
46344, 124
56242, 583
32273, 566
55217, 232
24756, 641
62882, 938
62072, 961
37081, 87
8510, 600
18032, 37
19694, 505
8101, 840
33238, 291
45634, 155
65821, 552
56122, 730
19190, 861
62624, 397
26800, 425
35296, 580
37477, 361
7214, 425
56116, 345
21869, 6
3473, 844
14201, 751
6400, 437
11791, 640
45207, 412
67078, 809
4399, 393
38377, 277
38502, 351
36755, 691
34620, 40
27689, 27
37176, 112
22629, 873
50838, 402
59701, 82
67523, 883
58020, 864
58875, 598
3258, 676
39657, 751
8447, 204
25328, 510
40969, 705
42167, 181
30187, 214
8220, 211
49747, 656
58254, 201
67448, 147
8609, 744
7105, 911
6356, 789
64807, 983
26976, 694
38021, 519
15182, 878
6437, 298
51891, 715
52813, 957
12245, 767
60527, 609
49373, 376
61774, 102
47653, 209
52681, 580
15812, 314
62268, 459
7807, 168
20125, 915
51052, 725
8523, 445
63148, 191
39340, 296
56655, 332
386, 172
21521, 750
2147, 448
52082, 866
35223, 654
62517, 100
14709, 67
37626, 485
22904, 306
22276, 85
69177, 178
47694, 916
4584, 58
59041, 172
14968, 276
28229, 128
16367, 371
3738, 259
27512, 645
40129, 97
61737, 66
49484, 824
54045, 833
64459, 143
49544, 60
64757, 110
60542, 418
50125, 645
62881, 378
27784, 518
26232, 220
32674, 834
16235, 749
43802, 897
25369, 227
42924, 771
57390, 934
45096, 368
19162, 907
60521, 526
62363, 975
7873, 724
46810, 493
61358, 760
30846, 934
54896, 458
34803, 168
23920, 595
29874, 237
59675, 663
5518, 220
14936, 386
57515, 296
10591, 422
34142, 360
2573, 360
56949, 927
12614, 831
36868, 248
44039, 448
13954, 591
42627, 682
7724, 247
36029, 177
26620, 453
26541, 954
24473, 4
29079, 171
48903, 683
15475, 156
23385, 931
46576, 849
16358, 155
61137, 430
58663, 460
17524, 810
19909, 646
51376, 269
14740, 91
69612, 421
69776, 671
47572, 280
17294, 610
58622, 77
28339, 259
19102, 101
48400, 638
61248, 192
13546, 500
67694, 394
48928, 867
64793, 941
7086, 176
48947, 2
40592, 869
17079, 757
9038, 30
19213, 462
1950, 137
3522, 967
22754, 124
25736, 454
52359, 354
26606, 722
44131, 285
11516, 137
44792, 260
63988, 34
19811, 935
38814, 711
36818, 438
43368, 141
22922, 249
48066, 621
11270, 994
30719, 870
41623, 461
50249, 743
35774, 889
62672, 419
13222, 416
68545, 337
65433, 110
1213, 258
57709, 848
61736, 109
757, 113
15820, 249
45835, 96
7950, 903
36667, 837
36711, 445
66061, 307
35177, 87
27478, 878
53101, 642
21204, 468
68485, 456
31486, 391
47196, 796
25145, 165
589, 201
40420, 82
9228, 49
5584, 687
38065, 404
8361, 610
30518, 173
26860, 969
18128, 858
39777, 82
32222, 580
66060, 245
62018, 403
39588, 936
13781, 989
542, 559
10706, 0
43467, 702
46175, 622
41355, 522
68809, 228
26771, 427
26836, 817
33304, 581
46775, 460
19126, 742
22757, 453
34559, 471
13829, 262
46198, 998
55511, 111
1234, 205
12357, 525
9405, 384
21893, 258
8776, 159
28020, 82
25331, 871
46236, 468
38187, 675
28649, 2
28459, 936
46185, 500
54654, 487
32324, 542
42312, 409
41572, 578
7121, 357
62511, 985
40227, 630
48063, 336
61726, 786
6573, 599
30350, 878
17004, 684
12041, 326
38915, 814
66933, 140
26109, 701
55896, 997
21256, 109
43555, 603
39699, 654
54964, 752
41063, 40
64152, 446
58174, 369
66011, 773
39724, 522
58416, 773
30952, 476
14337, 717
44984, 105
59217, 119
52385, 500
69594, 306
53832, 912
56856, 245
65479, 925
65145, 854
4646, 471
43286, 641
60, 405
2151, 828
56725, 645
20614, 477
34239, 35
58293, 492
59906, 229
41124, 14
64212, 7
68179, 941
56661, 758
36326, 581
39169, 485
3833, 799
53563, 949
67231, 386
27138, 277
58263, 297
6917, 590
61470, 692
17383, 721
19899, 851
4438, 401
15575, 110
64955, 452
32989, 800
68023, 668
4846, 742
2131, 256
34168, 692
66855, 447
31203, 430
890, 599
67517, 517
2160, 207
14145, 161
31336, 253
27593, 114
38376, 628
35621, 51
45265, 965
4342, 129
22787, 440
26521, 155
13971, 324
33208, 169
17242, 21
31691, 539
69299, 896
58216, 438
26161, 95
12231, 120
6255, 441
18124, 604
39531, 229
17247, 73
10536, 986
5124, 260
61858, 117
47482, 314
62787, 252
58341, 815
380, 474
24766, 972
19707, 447
26641, 921
9576, 63
39388, 978
65864, 640
14132, 474
35770, 767
32719, 423
59555, 508
15047, 56
15251, 122
57952, 193
32001, 14
24821, 192
2919, 872
31517, 986
2223, 898
60675, 93
11277, 584
53992, 400
14595, 3
64827, 65
29659, 769
38654, 185
8017, 18
57502, 648
21302, 568
61171, 18
45280, 717
48809, 730
1081, 479
4491, 986
11644, 33
42000, 976
48993, 996
10643, 355
10257, 887
46052, 206
32557, 982
68588, 577
33077, 273
7334, 146
16514, 187
923, 414
29375, 56
10279, 552
69052, 480
55842, 822
51321, 245
16259, 564
35577, 278
29956, 517
69606, 160
56580, 624
49642, 773
44732, 369
21583, 964
62927, 852
28667, 531
31383, 499
36966, 844
11051, 771
9406, 703
37601, 410
28518, 460
60447, 875
49203, 197
59654, 573
32151, 342
30061, 982
55307, 178
60204, 914
63247, 712
25917, 756
52677, 750
53726, 180
25850, 399
67380, 438
3996, 608
65524, 828
66761, 923
11344, 612
68299, 874
11954, 572
34298, 590
4489, 231
45224, 569
43818, 32
21872, 49
60926, 958
58219, 729
31531, 308
1368, 278
11889, 41
66616, 221
11804, 666
38444, 328
53146, 948
64936, 128
8390, 23
51438, 215
52025, 505
67036, 901
59800, 846
40051, 564
43897, 435
14661, 135
31692, 705
56762, 57
31795, 398
45470, 385
47696, 593
30004, 671
58631, 399
18097, 534
35369, 516
60845, 356
40376, 404
21647, 854
64834, 595
17160, 733
8549, 454
35948, 86
4525, 54
16, 731
32111, 475
24989, 218
11099, 714
32489, 51
24500, 191
63432, 397
52264, 482
68318, 428
50193, 837
54358, 203
31730, 2
7279, 800
30973, 137
31255, 137
10210, 786
13260, 497
51670, 750
4557, 45
58539, 924
57122, 521
52805, 285
61452, 898
41332, 414
17752, 651
22101, 426
68598, 898
3779, 425
61761, 24
43870, 288
38741, 4
26277, 784
44172, 893
14117, 36
59758, 184
56398, 471
14817, 9
60550, 61
42004, 610
56219, 570
49662, 236
35260, 281
43673, 308
61477, 558
19422, 676
36943, 12
69128, 760
41692, 129
68107, 575
28441, 107
2686, 869
52343, 844
62644, 790
34875, 823
59282, 15
20009, 713
21968, 587
35519, 676
13521, 16
47491, 174
40166, 958
50012, 545
33154, 823
7113, 866
16253, 785
41939, 520
18403, 714
6132, 598
54690, 665
23512, 681
45525, 849
20137, 556
50430, 78
59395, 760
42259, 214
38665, 370
4242, 736
67365, 138
10297, 946
14462, 825
57175, 538
35168, 179
15496, 235
18460, 919
31379, 24
14713, 705
45617, 201
57301, 237
48694, 932
67310, 298
18041, 425
19812, 708
1940, 57
6949, 300
16463, 617
43055, 781
4762, 880
44298, 490
40350, 979
13859, 505
36932, 973
34769, 369
2537, 133
33686, 558
62705, 786
38271, 438
44334, 25
27876, 312
57992, 548
30938, 264
11082, 374
41638, 12
15400, 287
23072, 179
20627, 103
55836, 401
273, 853
1171, 819
22871, 450
34014, 398
24091, 842
44400, 800
54518, 380
20188, 432
47845, 933
2955, 500
17709, 408
2956, 392
29086, 510
50961, 867
55806, 251
52860, 349
45003, 174
34125, 846
51144, 165
55729, 544
23425, 108
23269, 837
28170, 420
44593, 532
45215, 702
68692, 329
34037, 670
62815, 10
47675, 381
50788, 677
46299, 64
52659, 87
35660, 868
39253, 775
12205, 225
13164, 249
16621, 602
35333, 189
58394, 511
40635, 179
35522, 892
10207, 552
24230, 686
56790, 206
27901, 928
22421, 340
59270, 380
47516, 504
44530, 7
4383, 26
27339, 172
43612, 125
25713, 392
25300, 512
1176, 710
14839, 604
57004, 282
37106, 208
2840, 926
62937, 720
38793, 503
54231, 11
22322, 222
44972, 726
66669, 478
38935, 795
31096, 462
8528, 698
26982, 680
43504, 302
20551, 488
29217, 57
21241, 324
16683, 530
66586, 147
52223, 49
42561, 777
62886, 900
9099, 788
10937, 888
63295, 24
38313, 24
51771, 63
9689, 767
37572, 168
11215, 52
62712, 722
63614, 905
35314, 189
33254, 440
38048, 442
66456, 954
49406, 991
65474, 87
26184, 583
39434, 76
58662, 118
24455, 823
21543, 776
25956, 26
66240, 936
51172, 11
3521, 354
10772, 186
26845, 377
28407, 705
33355, 432
59168, 130
55566, 620
69104, 363
11177, 0
47933, 102
58340, 8
60433, 822
67533, 422
7627, 838
648, 890
65778, 876
21917, 917
35264, 767
42508, 554
43149, 496
14726, 992
53150, 312
47592, 102
65838, 841
37344, 193
66324, 382
7760, 447
18633, 471
43087, 44
679, 371
18683, 88
66318, 281
52379, 723
38503, 638
30259, 958
10456, 11
9308, 180
1406, 298
69055, 618
16450, 581
58749, 119
3768, 30
13243, 558
25647, 660
68430, 363
35998, 502
54935, 604
54687, 963
66975, 329
59125, 534
3891, 588
62471, 41
43875, 288
60438, 102
34593, 224
40556, 566
56127, 208
54364, 897
49027, 945
5942, 546
39330, 295
5598, 776
35478, 309
20229, 578
45297, 786
39899, 499
57189, 994
67084, 318
43702, 975
23747, 255
3223, 644
12145, 969
67138, 85
5314, 771
35135, 767
26805, 912
51349, 149
14115, 95
6420, 543
49831, 64
52822, 569
15875, 768
49601, 466
60088, 144
65468, 519
33391, 686
54706, 396
5418, 328
64627, 354
69696, 358
18416, 848
3072, 256
42624, 821
58265, 75
22128, 629
52844, 730
18642, 836
31425, 600
44901, 968
462, 686
29525, 74
36953, 288
43738, 905
17399, 502
64494, 941
57958, 433
49609, 15
46560, 886
8990, 780
62260, 71
55392, 66
49796, 288
53097, 615
42416, 571
25052, 918
59697, 333
30585, 339
19090, 804
27664, 312
13276, 224
51598, 197
64437, 722
5564, 416
16175, 6
56968, 326
7872, 808
26011, 998
54948, 66
8819, 5
12905, 992
9511, 119
37900, 316
53919, 6
66974, 858
61445, 55
67072, 460
46598, 39
36200, 878
18612, 442
66841, 819
60303, 990
25890, 730
47006, 452
17046, 246
62494, 223
28749, 469
9434, 958
17984, 539
36944, 84
69056, 842
31635, 795
1882, 710
6620, 673
16734, 955
16372, 195
50591, 869
58608, 783
1186, 568
938, 21
12121, 12
60801, 2
44615, 0
23886, 181
17435, 134
2444, 236
66426, 8
34816, 141
62126, 153
68317, 576
321, 178
67192, 474
14395, 145
65706, 927
1585, 223
13325, 370
28353, 380
24370, 51
63975, 796
1873, 832
19735, 887
57237, 91
39516, 34
40692, 849
5637, 746
69823, 495
27832, 35
12483, 229
47222, 373
5723, 574
13776, 595
1761, 170
62778, 24
33459, 108
45820, 170
29358, 704
1690, 996
48750, 174
26917, 903
45030, 69
25518, 984
9169, 845
18669, 424
13177, 295
179, 699
4067, 740
59521, 878
37875, 881
3232, 428
55650, 66
38400, 102
65111, 601
53840, 698
34583, 636
33985, 469
37438, 342
4875, 118
8055, 750
65614, 160
53583, 109
25895, 454
59403, 555
14548, 978
15371, 358
38441, 388
1949, 974
49596, 59
63271, 998
62026, 628
3687, 968
24149, 80
51383, 462
28095, 390
24349, 719
12215, 921
11948, 644
40033, 42
48118, 255
5921, 810
19591, 433
21778, 428
65669, 277
65246, 154
40978, 822
28971, 432
62002, 203
25618, 876
39710, 797
26207, 446
63039, 360
23146, 10
33680, 187
135, 239
61578, 317
37740, 184
26129, 837
31102, 895
62781, 293
31801, 175
59493, 391
4562, 14
58905, 437
11401, 933
9390, 7
52325, 109
48786, 642
56800, 250
6540, 14
48569, 606
67552, 771
43285, 840
36017, 664
7072, 247
1986, 860
388, 735
68262, 602
30725, 7
33221, 751
61082, 835
68310, 921
5241, 585
27456, 822
40187, 540
8705, 104
47092, 259
2589, 130
10726, 63
34852, 832
23849, 955
56644, 396
49686, 570
19242, 978
43074, 11
42662, 409
44503, 494
3469, 107
53407, 439
35102, 165
19416, 212
15786, 397
24251, 549
38992, 586
55712, 578
14195, 333
29707, 49
17078, 31
37203, 899
9629, 807
7624, 274
62360, 175
53802, 306
22165, 282
14450, 12
69489, 472
24401, 659
28428, 991
46838, 770
10722, 262
52671, 312
19825, 903
56467, 487
49000, 391
41872, 512
40209, 396
30542, 197
12572, 649
39033, 650
42301, 556
23663, 244
25314, 677
55081, 621
51994, 598
5179, 430
21970, 145
18992, 547
19128, 328
20967, 769
25009, 320
63137, 128
30883, 796
10014, 750
35434, 110
36883, 835
6685, 369
37218, 977
68135, 222
38341, 552
14566, 534
44885, 164
69881, 396
65321, 480
8564, 795
51219, 973
54251, 285
62948, 753
25900, 786
69218, 27
59727, 393
37654, 134
17717, 743
29687, 156
49918, 138
18758, 504
30797, 916
3456, 4
47991, 163
15112, 115
38582, 723
33039, 433
45618, 890
54018, 444
41780, 277
49351, 881
32975, 134
45706, 140
20702, 532
47918, 288
20280, 87
54047, 890
69301, 175
15987, 295
35384, 952
17541, 24
46324, 378
16630, 719
43791, 867
38612, 790
30042, 833
42649, 942
8469, 559
33440, 593
45105, 771
56956, 902
55311, 89
47417, 640
41251, 467
49036, 695
46524, 763
44393, 770
63648, 713
64323, 102
260, 475
45908, 616
32717, 389
51637, 45
48373, 559
26246, 263
7354, 304
31354, 323
41790, 923
60314, 291
41011, 649
49706, 417
7793, 818
54276, 724
29351, 707
29295, 68
23614, 289
6792, 135
37174, 719
53788, 521
29768, 797
37997, 255
6974, 605
1677, 768
54422, 170
12537, 818
51799, 69
9557, 382
47242, 807
21795, 904
11332, 416
69328, 666
24892, 122
2162, 101
3285, 622
19332, 819
44007, 374
69979, 623
6474, 612
31867, 224
541, 890
59486, 451
56038, 707
48027, 246
11156, 826
61281, 529
29386, 432
52002, 663
34025, 284
24925, 781
39828, 179
9680, 69
39078, 494
11371, 466
12141, 131
4410, 283
57935, 862
24676, 43
2910, 886
18971, 85
62642, 627
53212, 705
32657, 77
36221, 46
10908, 511
45023, 163
55037, 690
41495, 177
20309, 41
27326, 754
46626, 34
22824, 228
69029, 523
30314, 218
2741, 597
69150, 899
5824, 281
69676, 450
53620, 392
8592, 708
58830, 687
51379, 202
5996, 442
814, 500
18213, 451
27960, 950
14060, 832
65605, 865
31396, 218
57533, 603
43224, 571
11092, 285
47151, 232
33668, 796
52238, 596
59663, 467
15788, 100
29532, 755
8723, 126
50511, 557
52263, 494
62870, 570
18839, 544
14078, 872
27371, 663
39580, 986
13628, 120
33629, 687
31370, 694
56730, 402
34242, 812
67668, 971
34793, 375
63548, 622
58332, 551
44994, 979
22040, 204
19413, 809
16199, 165
17185, 165
68440, 134
2566, 466
10438, 541
58476, 861
39856, 901
36287, 387
51183, 525
16988, 241
39763, 719
63609, 370
68921, 430
29682, 797
69584, 872
56329, 99
69263, 237
54581, 723
15227, 993
42967, 895
44379, 100
67859, 855
37159, 44
46331, 418
54481, 308
7913, 783
28779, 596
60864, 747
58061, 516
13068, 809
37852, 497
65060, 999
41396, 190
26236, 936
7299, 343
1728, 147
49091, 763
34129, 421
41803, 790
43217, 804
67762, 810
26938, 189
7658, 769
22893, 454
21837, 916
9542, 930
16220, 521
31502, 222
33611, 395
12243, 179
26758, 296
31005, 301
43754, 117
42608, 313
59196, 995
1183, 115
21392, 420
34536, 981
57847, 703
43245, 292
64421, 427
49506, 490
33219, 279
20769, 323
67236, 353
34878, 958
16469, 418
66892, 113
68267, 696
60848, 442
2852, 854
11825, 485
28852, 52
28928, 958
4400, 22
28993, 730
47005, 655
68379, 656
38199, 996
69, 197
48468, 426
10702, 939
54059, 933
7942, 47
52138, 306
31477, 167
30970, 203
23374, 756
802, 811
19133, 23
16783, 562
46793, 460
53931, 605
32726, 189
50680, 973
55622, 496
61623, 287
18105, 576
63104, 504
57154, 371
68619, 353
383, 394
63655, 194
46958, 249
53033, 241
6062, 21
36601, 29
66570, 611
50853, 8
54835, 872
54, 585
7015, 663
49703, 657
61667, 730
51599, 102
32445, 513
69307, 764
1680, 926
19014, 273
28408, 715
37147, 798
35222, 610
64256, 467
49950, 195
57679, 922
32072, 267
49191, 206
24192, 816
45162, 751
21827, 700
58645, 323
43885, 884
65015, 242
31044, 617
50526, 650
49832, 297
22231, 25
33339, 361
29285, 976
54119, 313
36007, 833
31650, 140
13765, 257
37385, 842
51389, 276
63391, 376
33866, 578
40707, 769
62011, 936
39272, 820
37741, 13
35006, 220
63918, 355
61367, 58
66016, 230
24367, 928
16017, 6
18255, 753
38806, 78
2907, 960
339, 892
29802, 272
52451, 231
32141, 357
48119, 687
45949, 913
69038, 530
10118, 146
58653, 705
29123, 315
27351, 356
45338, 9
59370, 531
31186, 219
2814, 449
64658, 604
66721, 660
43231, 205
58140, 972
29172, 896
24670, 495
29881, 484
55149, 971
38771, 408
57133, 584
2633, 932
63705, 765
17964, 836
12967, 513
34060, 603
1782, 102
4922, 723
38461, 43
45860, 65
19858, 626
3926, 248
32112, 238
30439, 11
54069, 822
60308, 226
32165, 707
19172, 725
27623, 768
51403, 616
23420, 536
28622, 533
46997, 336
15609, 666
53155, 835
64392, 168
8257, 1000
46853, 990
17040, 402
49010, 219
18539, 365
704, 470
44501, 504
29774, 617
61945, 88
10667, 842
7648, 384
19723, 975
19946, 322
59924, 747
30313, 403
4260, 884
44894, 748
22367, 760
13322, 2
7729, 579
18243, 248
59329, 816
47163, 115
3856, 260
58110, 120
45160, 62
67918, 33
57402, 438
561, 772
58868, 126
21154, 161
45081, 454
15307, 688
57559, 360
8902, 376
25171, 523
47957, 893
1089, 772
23288, 791
38871, 597
27830, 58
21228, 89
32859, 316
20036, 689
21587, 191
1513, 585
1416, 818
29578, 95
18864, 938
22740, 577
12501, 577
69285, 945
18160, 741
33072, 837
66921, 669
42438, 421
35109, 424
49261, 234
22994, 234
63579, 220
56194, 813
3463, 198
4556, 245
25453, 346
52296, 431
11553, 803
59995, 425
65771, 86
40681, 719
59028, 264
1193, 244
10856, 591
47069, 313
62130, 996
24203, 299
43987, 231
49858, 639
18078, 374
26179, 796
62829, 369
10542, 114
23891, 131
15030, 113
15932, 633
53646, 699
46814, 270
61123, 24
50984, 474
40359, 797
16494, 555
37107, 373
69826, 97
61149, 786
32985, 473
32066, 758
54591, 896
11240, 669
17284, 653
34896, 579
8232, 268
58241, 482
15065, 277
17609, 321
60840, 415
22625, 651
69854, 197
58949, 76
44022, 552
7596, 62
60891, 369
67409, 760
22301, 199
16427, 769
50656, 605
64592, 786
12398, 571
66711, 467
48305, 532
67388, 703
40351, 515
61681, 398
48303, 401
49926, 236
34517, 955
66386, 898
32564, 866
67307, 554
64332, 512
55989, 475
24734, 935
25096, 625
51762, 830
34467, 230
64150, 993
5313, 399
38212, 447
11805, 918
24791, 607
10511, 416
69300, 264
52859, 66
67864, 200
37194, 735
9681, 851
19365, 760
769, 658
21750, 525
14841, 882
31129, 862
46769, 361
59233, 878
57405, 409
37655, 493
69608, 899
25707, 838
13426, 400
5806, 886
31068, 461
35485, 146
59939, 374
14377, 966
6888, 948
32437, 169
31549, 991
30182, 16
44690, 971
42358, 716
8253, 97
50949, 533
1805, 563
3220, 375
34888, 385
182, 200
16172, 616
4046, 190
53845, 416
19130, 995
5599, 701
39962, 22
32217, 149
63956, 638
38512, 876
16587, 380
13496, 380
2078, 714
5237, 184
25595, 746
26762, 651
23193, 903
48215, 933
49573, 436
41753, 696
46047, 98
60509, 948
13179, 782
29099, 167
66305, 361
37055, 151
33160, 428
65266, 76
7322, 21
60102, 471
53305, 767
26507, 655
10189, 276
26794, 478
11776, 459
61122, 553
59455, 10
3323, 890
60983, 49
50785, 829
60912, 556
19927, 308
44908, 961
43019, 155
14962, 476
23876, 878
10545, 550
3894, 179
17795, 835
18938, 67
36536, 717
32433, 311
33880, 200
61145, 993
23991, 848
48560, 915
24981, 466
2922, 324
65987, 349
48101, 923
68964, 8
27278, 428
26986, 960
54768, 216
7836, 991
36170, 764
32688, 796
46959, 421
37249, 126
40941, 866
65596, 77
10780, 100
10351, 786
61867, 270
63065, 229
19612, 288
34681, 561
18466, 344
48361, 600
60667, 327
18196, 511
196, 297
8141, 671
55915, 295
42225, 905
32948, 567
13778, 247
64688, 245
28737, 266
34201, 396
45554, 685
48731, 474
35939, 433
45476, 807
40251, 546
27710, 409
65021, 40
20686, 830
34602, 105
12641, 69
18656, 294
21539, 749
57686, 662
31972, 547
31843, 498
13721, 226
48485, 718
26502, 900
19769, 325
24439, 170
67639, 532
4266, 637
64594, 762
64036, 638
19726, 167
13248, 552
57459, 423
23940, 696
5117, 414
40123, 840
12358, 374
65716, 650
66437, 763
23590, 336
65921, 805
31713, 933
6467, 676
16733, 236
56334, 124
41509, 882
61369, 159
37871, 255
10060, 776
50515, 940
31402, 848
36836, 212
24523, 544
14361, 16
26622, 349
24495, 406
67680, 229
50657, 951
46273, 740
46671, 105
40259, 830
6335, 488
15058, 671
23515, 282
9272, 597
52345, 621
40413, 274
32946, 575
6603, 406
63734, 221
69728, 97
9917, 738
1778, 5
40197, 408
16006, 785
60997, 637
4829, 559
5842, 242
28975, 176
23760, 624
15779, 937
60083, 788
44951, 705
10032, 276
37271, 773
9646, 334
44030, 436
18785, 259
63199, 44
65690, 29
30826, 170
20090, 872
47364, 694
4732, 622
36674, 94
57220, 516
26937, 316
60172, 69
2696, 305
40727, 463
7628, 918
13693, 890
54330, 330
1409, 147
56362, 489
19029, 582
59099, 537
66212, 740
34607, 721
36452, 878
60962, 236
22896, 325
60693, 718
38279, 923
29228, 857
56780, 642
67253, 712
28537, 780
11425, 475
50108, 4
57500, 908
29042, 497
63913, 265
40411, 267
53830, 275
8240, 667
55249, 478
48326, 318
67733, 42
34462, 306
22739, 480
53725, 507
20465, 672
38299, 284
1575, 20
5825, 863
69065, 283
1738, 493
27598, 412
16022, 80
2778, 870
27137, 604
60268, 809
3086, 338
48935, 632
50248, 454
44502, 154
47245, 353
50219, 625
18698, 12
23631, 826
9425, 690
22373, 3
56196, 399
54274, 488
26706, 556
30264, 497
44817, 628
22719, 253
65104, 314
22999, 136
20423, 22
46541, 587
54237, 582
42644, 168
59066, 148
57365, 857
34709, 8
36820, 523
27541, 986
30552, 388
54178, 387
26447, 2
67855, 352
39770, 814
53523, 674
42106, 563
27011, 448
30923, 265
47577, 647
7749, 188
35063, 862
3909, 236
35276, 723
27073, 886
19391, 320
15063, 854
4798, 198
43872, 957
15115, 363
61613, 506
17995, 168
28433, 474
34345, 715
49411, 645
51478, 554
45070, 319
12595, 342
27340, 177
33489, 742
1535, 915
42911, 857
55808, 726
9362, 585
33063, 114
21288, 904
16608, 769
61495, 172
43817, 440
1670, 508
16598, 351
13540, 487
9356, 609
64900, 480
69455, 907
6671, 277
13172, 679
22039, 798
13351, 873
10447, 790
60537, 461
37323, 371
34684, 978
7924, 102
19841, 300
57323, 568
24546, 695
15068, 159
4580, 37
63353, 105
22745, 717
17665, 257
59871, 740
25195, 916
29850, 447
12045, 1
10527, 351
31992, 948
12486, 110
62514, 709
51118, 558
61157, 723
61526, 864
11001, 177
33089, 241
46215, 664
28542, 632
40620, 94
59948, 350
52021, 648
20801, 341
66127, 918
14965, 289
14866, 740
15331, 533
19245, 436
13047, 699
60965, 307
43404, 859
36023, 597
34943, 443
53416, 789
50662, 127
18233, 840
25693, 649
57719, 453
2707, 124
24079, 894
23314, 595
15300, 25
45831, 930
46168, 985
50803, 54
13740, 663
65045, 7
12394, 280
60120, 442
1387, 589
66152, 126
55731, 477
11219, 441
20926, 904
13676, 80
35098, 774
6392, 188
47428, 933
10227, 227
46969, 991
46683, 593
2015, 348
1994, 959
62830, 729
21021, 599
19566, 599
35582, 187
21523, 810
11174, 602
69850, 509
6322, 89
55494, 980
22283, 461
10389, 263
57452, 445
1654, 736
47394, 108
39102, 646
65276, 546
55454, 493
53702, 772
12235, 16
4129, 496
17454, 24
7345, 330
40662, 344
43786, 934
57156, 809
7657, 116
5836, 795
9822, 236
9487, 152
60353, 480
58992, 913
42577, 370
69690, 883
23874, 301
22094, 118
8246, 593
54510, 48
47590, 133
47149, 605
57490, 699
50289, 115
49210, 246
65292, 696
15135, 794
29140, 263
38946, 536
10016, 471
23645, 731
39532, 708
48006, 736
47477, 86
30095, 33
26628, 639
13237, 765
11028, 234
15042, 766
67233, 342
11674, 705
13017, 288
22117, 393
69213, 133
28611, 432
49278, 642
7690, 285
22864, 517
39447, 291
32869, 309
57185, 171
1018, 476
15450, 677
23034, 9
22703, 799
57139, 881
36146, 716
5167, 207
35233, 240
61966, 164
37413, 460
11106, 422
35270, 103
60944, 749
49194, 576
42324, 56
24586, 358
33278, 783
12146, 275
13119, 111
15072, 202
16395, 156
30378, 119
55131, 222
29954, 659
61043, 448
3460, 625
30320, 990
30868, 594
23665, 291
25132, 517
69113, 986
24877, 400
33396, 99
19519, 914
299, 739
55212, 584
61027, 993
13867, 106
28979, 799
63944, 497
4341, 601
4228, 843
13631, 324
57553, 965
23246, 106
43008, 944
28593, 560
51246, 545
14525, 219
4583, 22
58844, 204
46777, 684
9312, 698
17706, 406
41577, 521
17872, 174
47989, 643
15601, 339
25574, 93
21833, 5
56233, 57
57535, 660
41159, 340
31474, 680
46706, 700
39599, 426
29577, 291
46542, 685
69531, 630
6696, 335
39283, 851
21896, 345
69046, 299
63907, 223
58041, 953
58967, 431
7134, 468
48539, 24
25659, 348
5884, 319
63712, 8
48633, 478
26786, 547
44004, 617
44293, 345
44866, 142
35819, 755
56209, 948
35937, 91
62165, 898
28617, 633
36703, 987
1246, 70
31113, 347
69677, 151
12715, 535
21281, 619
40877, 842
56000, 176
48540, 77
24639, 636
34846, 317
53536, 591
55509, 544
66922, 488
49739, 507
8080, 567
55585, 583
43959, 450
65848, 148
7673, 756
68884, 4
68731, 39
26728, 953
68789, 126
7853, 223
58740, 409
25922, 53
56234, 608
53717, 165
23543, 202
36600, 730
44918, 978
7692, 290
5797, 782
43123, 145
61600, 371
10800, 882
10240, 763
39181, 683
9562, 388
39686, 230
60242, 521
41740, 911
8421, 364
30438, 448
5601, 19
35225, 174
9294, 441
52228, 319
33604, 336
41171, 915
9138, 294
44121, 110
32211, 501
67070, 861
64082, 146
53490, 485
31195, 129
7730, 865
6493, 85
27934, 146
69931, 948
11331, 369
11851, 37
9140, 694
69904, 100
57824, 887
9297, 6
24819, 558
24836, 337
26110, 727
12783, 873
18776, 371
27818, 521
50225, 445
35676, 426
30984, 333
54409, 515
42630, 15
64677, 857
25130, 30
7217, 341
13946, 332
34420, 527
65978, 801
19903, 348
21702, 662
32834, 620
42538, 405
48726, 943
66174, 511
30532, 630
46399, 860
24310, 864
29721, 391
17259, 676
46207, 469
1752, 548
41333, 554
34977, 976
60937, 789
24751, 109
32712, 645
62941, 647
33049, 282
2711, 745
47029, 192
8395, 84
68382, 603
68290, 896
14415, 925
44065, 788
37162, 662
65632, 877
63843, 146
35957, 194
18956, 364
61673, 634
29665, 714
9953, 244
10324, 11
30726, 422
67547, 132
42588, 477
39593, 667
53333, 783
58235, 8
24003, 32
40239, 704
23959, 365
67095, 393
58525, 310
1408, 191
7927, 882
51511, 687
42645, 150
47785, 499
56283, 760
28348, 160
20750, 560
25002, 105
32097, 909
59691, 635
50007, 481
44868, 915
54427, 755
52874, 312
16010, 356
38406, 746
9449, 439
15100, 154
44697, 997
35700, 619
16457, 868
42796, 809
52918, 301
13394, 851
21780, 105
64652, 741
43483, 729
44586, 979
8956, 994
14592, 63
68380, 628
1007, 39
24391, 550
39365, 408
35070, 838
1731, 586
3273, 66
60313, 34
31700, 184
42637, 26
60777, 337
34055, 985
57816, 197
19870, 250
8173, 982
11722, 989
63719, 717
43614, 813
17586, 943
42469, 225
35752, 335
47186, 299
54106, 979
22574, 624
47648, 93
58348, 819
8544, 996
26950, 682
42585, 341
23818, 899
39070, 273
34120, 490
32971, 190
10543, 260
22116, 247
63803, 1
17866, 171
68804, 125
65734, 93
35806, 236
52126, 878
52315, 997
18163, 525
21806, 589
40591, 152
49474, 682
2603, 763
26155, 807
16625, 94
59961, 288
45948, 560
4765, 272
47499, 671
42822, 885
37122, 652
66603, 338
57822, 966
24581, 368
63649, 715
29088, 297
809, 251
7972, 620
14072, 978
52802, 746
30916, 373
57025, 174
50501, 999
65252, 437
61542, 99
16075, 990
42506, 941
37998, 659
46220, 467
32622, 509
42132, 118
43921, 229
66360, 306
38142, 244
24353, 703
57035, 605
18119, 425
45517, 822
62423, 330
14769, 952
57481, 488
31888, 758
7147, 448
14812, 183
40283, 199
49369, 483
50668, 85
22832, 359
17661, 794
8571, 529
11652, 809
25263, 169
47048, 669
16718, 488
39680, 62
569, 54
63116, 787
5019, 810
54914, 633
21992, 609
42579, 103
1501, 508
58727, 590
24348, 938
8379, 896
17924, 203
46643, 604
25325, 163
4628, 491
26196, 713
40603, 533
44072, 756
21560, 426
30615, 326
22549, 863
44797, 334
34526, 603
23850, 6
64742, 171
37689, 480
23664, 50
9630, 92
33944, 401
26477, 777
55062, 685
19101, 833
19315, 531
44260, 32
68322, 674
63063, 504
30065, 396
2222, 656
14980, 372
66304, 533
25532, 179
36919, 906
27311, 112
9203, 905
64809, 932
33711, 263
18449, 457
68315, 654
12151, 68
6087, 550
57501, 934
63908, 754
31032, 585
53030, 228
30593, 690
66613, 969
37331, 922
25244, 376
29860, 850
909, 478
64263, 585
55502, 55
10874, 139
17668, 699
34309, 792
15873, 124
20151, 422
7335, 483
59509, 119
15964, 315
39367, 388
62244, 42
25649, 223
33445, 374
9311, 895
15702, 189
33698, 351
7706, 99
51024, 131
54311, 464
66659, 77
15520, 240
11939, 411
55537, 229
63650, 969
8062, 720
41430, 293
16950, 259
6337, 791
28045, 73
27063, 505
26621, 935
52637, 858
60151, 700
13120, 136
55173, 26
64375, 62
28781, 923
5735, 436
41597, 447
7633, 624
19076, 40
42218, 704
60052, 888
8235, 561
667, 419
7328, 456
24834, 655
56364, 457
38437, 865
0, 377
38117, 146
53399, 59
29890, 576
58138, 535
17461, 964
18524, 37
15322, 866
948, 626
57641, 423
68368, 532
42141, 702
54092, 338
30783, 468
29784, 381
6127, 877
1635, 626
45649, 615
65070, 593
60470, 859
58566, 135
40817, 912
5046, 663
29810, 761
42598, 457
27420, 838
45467, 122
60592, 960
54250, 702
8446, 718
54140, 508
24935, 697
39205, 499
69117, 829
59398, 281
9496, 937
45551, 938
30480, 719
20658, 274
52187, 463
30040, 751
55083, 455
34842, 993
49218, 966
36375, 892
13008, 109
44081, 514
8975, 221
21573, 673
41861, 924
28697, 668
55945, 939
1324, 421
53990, 93
15067, 654
281, 137
62128, 900
55534, 525
47344, 405
53496, 751
18835, 339
23433, 22
7971, 699
43507, 205
34918, 854
47545, 296
36997, 574
23825, 217
33507, 259
59134, 487
66430, 826
17150, 778
19839, 639
22042, 418
53339, 51
13627, 939
44156, 719
18908, 646
16817, 547
66099, 785
56001, 724
26903, 62
64474, 665
3638, 273
35065, 147
38688, 289
10756, 476
68791, 248
40682, 931
68083, 29
27959, 673
34533, 123
56659, 502
64446, 765
16306, 149
32883, 674
57725, 710
37729, 252
7700, 333
52252, 214
27511, 891
22181, 814
43976, 774
2914, 488
44051, 585
62558, 824
47143, 624
12365, 737
32868, 855
23431, 419
14794, 700
38948, 884
66224, 869
50213, 535
61878, 261
36446, 280
38418, 974
26363, 26
5513, 675
27748, 434
7907, 30
14708, 29
11062, 19
1850, 776
160, 129
16874, 164
50737, 180
11547, 656
33223, 185
16066, 999
61798, 515
65777, 766
26727, 704
47608, 1
36797, 599
9240, 276
9766, 259
66675, 573
34182, 980
50081, 318
48578, 819
45322, 262
43448, 860
191, 245
58204, 989
28076, 763
3300, 166
21793, 749
43290, 514
44768, 649
5952, 198
47208, 449
68823, 327
66432, 122
48424, 571
11870, 454
34945, 849
9911, 936
9631, 245
33104, 113
24693, 248
18455, 19
24120, 850
36249, 79
65189, 318
47971, 905
26393, 509
8234, 293
25368, 980
44778, 224
31330, 632
10115, 745
5783, 407
52889, 298
36021, 846
31403, 863
50691, 668
19058, 765
41440, 654
15171, 42
60459, 866
69195, 993
3726, 719
39504, 48
3510, 533
33502, 825
4914, 812
11769, 5
6023, 564
10367, 609
38620, 793
65265, 13
40372, 775
35899, 457
8837, 154
57120, 143
54778, 835
41306, 608
10624, 111
67206, 839
63722, 647
14070, 461
995, 450
25918, 179
8973, 101
27991, 937
63813, 671
69549, 409
63959, 546
58975, 276
18965, 562
1308, 832
2849, 664
7621, 918
65857, 308
58895, 400
35926, 739
23409, 516
7989, 201
39621, 117
2107, 396
15553, 943
25928, 402
48990, 998
48775, 229
52424, 578
29413, 285
25172, 108
43956, 634
67336, 12
20326, 946
20286, 7
16882, 545
32740, 885
4274, 335
50166, 569
48241, 191
24319, 815
6802, 280
66660, 497
2784, 909
5904, 890
3777, 25
36148, 159
69737, 234
17974, 839
34116, 974
49035, 938
20455, 948
37735, 494
41682, 823
50180, 316
35114, 745
37134, 249
63319, 589
6224, 179
17418, 187
22885, 568
7622, 659
57141, 906
7618, 781
16888, 247
38276, 11
51789, 778
41069, 333
56086, 227
58499, 226
30931, 491
30254, 657
14242, 654
49442, 757
7640, 740
58030, 155
39266, 590
45548, 744
27374, 640
54268, 181
1890, 394
47759, 915
61852, 772
3707, 950
53895, 449
20512, 526
17295, 704
50624, 226
45054, 864
32126, 326
12906, 879
16350, 607
62287, 476
59452, 728
50361, 835
63965, 620
59982, 259
36620, 182
27837, 393
25882, 259
67887, 401
16862, 418
2984, 833
5323, 752
53368, 402
42724, 171
38423, 696
6580, 801
59145, 283
30481, 451
40926, 727
15698, 323
35024, 310
44289, 734
39171, 485
30822, 712
39307, 725
5428, 727
56609, 218
3492, 940
22768, 142
54056, 991
6183, 419
38932, 824
25311, 799
52318, 770
38996, 240
51819, 978
61461, 756
59660, 54
64291, 775
36802, 950
56858, 182
27954, 708
36020, 853
48492, 948
17517, 297
69505, 468
5692, 127
48563, 209
49514, 529
3957, 443
27475, 451
60913, 758
11691, 7
40744, 495
47777, 602
29985, 50
20656, 322
53730, 137
20159, 640
19154, 996
58848, 937
31234, 623
18659, 269
52912, 762
56639, 896
43308, 630
51786, 837
57199, 691
45461, 933
68336, 893
5492, 846
37070, 940
65444, 0
16905, 460
32364, 852
33230, 465
57235, 863
53942, 581
10009, 269
21669, 389
18205, 751
32924, 580
26122, 945
32172, 270
61935, 255
33886, 662
3504, 648
61626, 161
61316, 101
5761, 299
54312, 587
60518, 987
18647, 916
58635, 991
66055, 635
48488, 986
40553, 44
60953, 921
23399, 910
3634, 553
69935, 808
22280, 891
33241, 674
31347, 556
47024, 207
55527, 129
33580, 235
60024, 536
14608, 382
51420, 582
55073, 563
55828, 465
55393, 552
33087, 20
9926, 915
27389, 452
28588, 788
36352, 425
39963, 562
13187, 560
69368, 110
25831, 788
57923, 253
13699, 255
65881, 506
23547, 262
23660, 723
9612, 913
3641, 386
34063, 80
11023, 853
7678, 630
69743, 420
66658, 174
17476, 861
26844, 563
2200, 278
42434, 412
1565, 513
23194, 609
10047, 160
56130, 472
62751, 923
40792, 147
38773, 667
63173, 488
10431, 643
48519, 583
57056, 420
6645, 580
48379, 281
32377, 202
1299, 47
32110, 478
38851, 669
2527, 888
45449, 627
19346, 274
15680, 624
62421, 339
57084, 510
24994, 115
67381, 630
65737, 473
29130, 773
22987, 801
52331, 420
62163, 783
10752, 611
32652, 625
22258, 504
32401, 883
47512, 262
6813, 450
55269, 672
2238, 316
56948, 748
39737, 738
54796, 44
24114, 218
62578, 666
52358, 916
66076, 954
57221, 99
61718, 477
41183, 807
16853, 707
6088, 455
21407, 16
67605, 321
26084, 957
11127, 176
13783, 130
67529, 63
5523, 519
17529, 115
36757, 214
56078, 494
37213, 99
29958, 475
67531, 727
64698, 855
44044, 867
56797, 829
39161, 834
35722, 643
41695, 933
57059, 649
59382, 573
68596, 90
31348, 550
8368, 134
42277, 652
58804, 886
60644, 135
54372, 907
43905, 146
26980, 39
27933, 340
19342, 9
66234, 170
39514, 366
2464, 19
12026, 185
22595, 353
10755, 259
2854, 427
54756, 72
48734, 323
67419, 908
47905, 327
22492, 426
28500, 805
59738, 222
22414, 98
16931, 345
10262, 454
68031, 583
46154, 444
6261, 257
50287, 574
11021, 693
63003, 223
41643, 115
1587, 938
12242, 608
43020, 918
53503, 394
39090, 928
42372, 948
68147, 856
17394, 618
36069, 75
27474, 300
62311, 582
54823, 771
43375, 677
15438, 134
69773, 310
25206, 400
33162, 231
64623, 156
7817, 794
39646, 125
37744, 678
59114, 207
19114, 801
61291, 135
40928, 316
30866, 526
2503, 742
2593, 839
23033, 107
26623, 727
4170, 968
18424, 431
19956, 431
26605, 400
14848, 800
9588, 712
60182, 350
20522, 392
26432, 376
48746, 90
8559, 806
35489, 685
5399, 356
39528, 190
1005, 780
39319, 888
10760, 225
19586, 845
62164, 563
58467, 492
23058, 606
37404, 382
14440, 569
64401, 56
23544, 149
63760, 120
32168, 575
7057, 127
43950, 506
51253, 207
44235, 121
31874, 408
66549, 996
4592, 832
6103, 532
24974, 980
43550, 21
33410, 594
35157, 333
2413, 538
53939, 865
34211, 193
60421, 659
58938, 275
32912, 52
9076, 77
643, 207
63270, 279
31677, 333
31603, 428
67777, 229
5368, 363
51362, 604
24706, 387
62209, 623
13708, 316
58472, 631
18851, 439
10087, 940
52638, 713
18895, 157
40714, 556
21158, 281
28, 46
8560, 625
9805, 347
38038, 135
53740, 522
41116, 762
34288, 421
45223, 450
69464, 843
25062, 387
14612, 233
23281, 223
18796, 491
37063, 533
50388, 654
62745, 685
13250, 637
49359, 843
56251, 390
9188, 166
23069, 678
59762, 836
24703, 180
68118, 579
54719, 362
47697, 97
48601, 771
42104, 611
47353, 802
8189, 584
52196, 663
62928, 847
28968, 719
34270, 745
14246, 957
19478, 482
39354, 874
42891, 672
55147, 688
31986, 195
54592, 67
6727, 57
10883, 470
805, 108
38786, 216
48389, 187
53006, 48
65789, 536
65869, 319
49607, 328
68955, 718
6047, 331
35737, 479
59626, 290
58311, 446
45840, 893
61848, 867
13800, 243
41085, 14
38056, 874
14762, 107
67005, 885
7138, 480
51912, 263
56995, 861
40856, 87
51723, 654
29378, 246
60559, 809
54509, 610
12072, 739
47351, 926
18991, 534
35174, 620
17510, 440
22356, 949
24297, 470
6664, 82
15122, 243
57788, 535
33763, 780
43240, 940
12143, 410
37668, 971
18609, 9
16219, 431
4912, 719
1362, 879
1101, 803
65801, 72
44671, 286
27713, 711
21945, 749
64042, 833
48450, 14
48038, 840
4253, 148
44490, 485
34246, 915
17843, 450
68125, 299
36697, 906
36037, 33
65750, 917
5430, 394
8832, 129
59015, 897
5947, 134
48929, 730
43547, 230
38514, 66
19022, 581
29174, 239
57268, 666
45335, 948
2426, 823
66153, 175
11859, 720
40464, 648
37490, 244
56618, 439
32216, 425
26712, 243
38464, 186
25606, 303
67074, 202
21191, 449
36183, 65
18880, 614
24395, 819
25246, 226
63277, 611
58398, 452
25568, 95
22854, 940
63725, 569
51729, 37
51980, 215
34921, 77
65786, 611
34049, 879
39977, 641
46732, 994
32059, 963
49044, 483
38634, 335
51400, 30
47807, 180
26450, 345
49708, 502
17804, 526
29841, 616
24696, 612
54382, 514
6459, 495
3487, 859
67524, 483
61585, 713
30798, 286
35832, 293
5953, 795
22577, 864
60310, 29
16758, 0
50552, 100
9227, 658
2816, 147
43537, 735
27459, 477
65656, 877
44266, 496
29550, 79
37419, 522
17758, 267
11096, 349
66292, 890
49896, 595
38185, 86
20082, 635
52804, 93
49975, 551
11246, 919
8131, 233
2782, 745
22945, 718
10498, 594
37526, 401
51676, 576
32866, 465
53448, 552
57315, 408
51324, 326
69360, 587
47717, 915
41562, 305
42704, 710
19959, 479
28250, 808
69020, 991
51361, 596
2889, 495
41135, 684
39725, 884
47419, 266
10604, 139
1776, 3
47713, 573
18220, 700
37844, 753
9581, 424
49503, 955
36192, 634
44631, 231
41755, 995
5790, 764
10089, 568
59951, 189
53342, 289
3725, 329
38637, 940
17761, 354
5757, 115
4529, 341
55949, 827
37522, 919
5561, 897
64702, 990
31468, 59
43647, 19
24291, 702
64686, 653
50072, 786
18781, 438
34443, 520
19291, 719
6884, 920
44314, 198
10690, 483
28963, 748
3960, 911
26131, 637
61928, 430
57510, 194
55928, 899
24053, 544
65414, 17
27116, 20
50795, 150
50733, 285
61698, 533
9546, 132
20456, 580
59126, 924
35394, 5
57901, 196
46548, 586
68038, 753
36307, 45
5543, 29
49877, 656
12429, 818
26711, 233
17405, 433
42200, 62
52608, 214
17907, 636
48499, 962
42444, 810
6012, 39
13993, 809
52606, 545
14680, 377
54612, 492
1258, 289
39752, 44
17898, 5
40361, 53
21435, 956
3037, 962
24073, 678
28449, 299
6567, 365
20765, 145
42269, 940
43071, 875
29720, 31
53018, 466
17858, 104
31524, 616
57560, 230
13072, 119
11833, 660
3879, 166
7803, 974
69344, 273
11917, 839
33107, 502
57449, 593
21820, 852
4197, 731
9194, 464
33995, 759
18892, 11
28029, 929
27347, 922
65183, 968
47529, 674
68930, 627
31205, 988
23322, 778
2813, 722
50966, 792
31931, 89
22363, 397
40980, 715
26946, 162
36991, 109
20867, 474
14212, 493
4367, 749
18760, 128
63630, 835
9113, 171
56781, 195
39051, 25
69831, 227
25284, 969
57362, 919
35863, 338
20564, 583
50881, 313
24871, 31
53509, 470
3251, 586
61020, 312
44402, 728
51436, 502
26678, 326
68871, 266
57874, 662
2672, 565
45530, 863
40604, 17
38269, 725
15095, 810
45587, 345
23806, 404
37833, 475
28905, 926
21586, 85
49933, 525
13896, 9
47639, 148
61391, 879
14133, 108
26914, 467
38522, 284
64897, 510
37149, 160
68051, 764
18497, 527
69193, 317
14247, 79
49731, 756
12435, 190
28347, 278
67592, 991
61102, 388
35164, 168
37897, 540
28243, 222
52531, 299
3966, 348
58237, 329
1605, 948
46677, 897
44605, 182
58077, 235
207, 792
32654, 126
62734, 86
31431, 31
64726, 401
42643, 562
44549, 158
25605, 955
67269, 338
55971, 175
23584, 764
38340, 275
43978, 137
38730, 486
49020, 172
62206, 401
47307, 305
46073, 561
48217, 220
66359, 236
47683, 174
59811, 118
51768, 891
26837, 354
11916, 219
61112, 14
8167, 417
14693, 764
30873, 460
44389, 118
18273, 487
32016, 197
33547, 935
35585, 328
42239, 18
13381, 5
39453, 807
44717, 470
41223, 143
18995, 492
15503, 279
26112, 306
62827, 217
48481, 717
54063, 36
63971, 329
20815, 472
13992, 489
1638, 690
48956, 334
10647, 819
24501, 392
29651, 904
11745, 576
20374, 465
54128, 887
20864, 887
10103, 305
39214, 460
19071, 699
20022, 146
42309, 326
64956, 42
43628, 937
28224, 640
14194, 641
17255, 551
25807, 116
5989, 336
9011, 193
1022, 653
16230, 498
8502, 303
58031, 341
22709, 592
55687, 967
50416, 642
26839, 451
22594, 391
65983, 601
22636, 411
15734, 719
69007, 709
18951, 558
17579, 800
1133, 546
9725, 723
20768, 297
38343, 132
29263, 428
64905, 627
15379, 134
62993, 451
56229, 640
31722, 463
37959, 259
31086, 931
3478, 852
15134, 504
35505, 680
34261, 436
35531, 842
2305, 64
8829, 347
58198, 58
30756, 312
63372, 973
58702, 897
37349, 54
33626, 406
39517, 459
56402, 67
15913, 132
40767, 913
862, 219
69458, 551
24497, 131
17689, 202
19157, 530
23111, 115
58712, 82
18074, 665
43091, 997
28341, 16
56035, 930
9855, 306
20081, 457
60349, 284
53071, 639
30924, 37
20595, 568
28273, 9
26210, 402
52837, 654
30090, 791
11507, 195
43037, 675
61298, 276
24083, 170
32669, 53
42734, 22
34978, 399
32960, 770
5312, 57
38774, 263
62058, 135
28213, 196
40955, 921
4189, 752
22068, 111
57191, 108
17694, 445
14969, 606
32626, 580
22374, 580
67367, 24
22489, 255
2989, 965
40722, 503
9790, 764
3239, 752
47452, 296
65556, 895
29879, 365
28904, 174
11738, 316
8297, 806
52204, 564
59864, 32
46321, 312
68064, 396
20948, 721
39703, 673
53850, 763
43793, 713
59534, 847
1011, 961
505, 99
14591, 362
30752, 368
13495, 894
60616, 287
24400, 450
57172, 228
17738, 325
18418, 767
38591, 319
7478, 45
63047, 745
37707, 170
56939, 906
7329, 963
56347, 65
38260, 751
332, 568
14284, 681
5435, 543
41342, 848
3516, 118
39507, 81
63309, 225
56695, 992
9316, 57
20342, 124
29960, 983
1466, 751
66683, 717
20258, 17
57487, 599
34697, 336
61659, 368
51564, 121
63887, 168
22239, 77
52950, 110
46303, 985
68902, 871
57002, 307
42959, 559
50156, 909
36822, 300
39059, 136
21752, 740
53676, 46
31814, 328
4688, 546
14419, 71
50198, 892
34259, 677
62820, 984
11357, 96
26688, 686
29238, 892
63216, 705
63659, 228
18923, 961
67708, 43
3152, 271
956, 562
38208, 522
47232, 829
68515, 869
66276, 59
19644, 560
64222, 40
44950, 278
46276, 945
12192, 335
4957, 561
54159, 367
45509, 367
29082, 915
48418, 938
30576, 673
39260, 439
23325, 491
5821, 565
58162, 584
56505, 615
18828, 407
14550, 332
61700, 50
30765, 345
27515, 151
4715, 92
30912, 334
60664, 915
3115, 400
20178, 326
2684, 357
54989, 803
25601, 622
10433, 785
29899, 745
45349, 481
67482, 797
33317, 350
7591, 546
50144, 104
69859, 209
8115, 994
30706, 813
54035, 951
158, 836
63413, 585
58724, 37
32210, 940
29692, 344
47511, 18
6193, 585
51542, 281
47293, 46
37145, 173
50654, 566
47142, 299
15250, 95
45941, 694
63711, 51
44976, 316
67977, 819
47663, 418
18277, 434
34088, 24
2626, 419
18171, 554
35572, 298
58892, 812
38225, 682
44811, 55
24643, 724
49932, 572
58096, 172
39419, 41
39604, 856
67297, 975
44443, 386
50740, 487
47164, 146
41710, 6
67924, 22
5625, 678
43726, 235
3603, 140
14106, 631
7783, 980
46026, 168
27455, 487
33697, 972
34284, 253
64019, 49
55236, 301
41180, 267
54645, 492
49072, 376
48051, 907
4734, 852
14617, 294
4194, 888
37128, 958
9183, 743
15164, 227
17835, 514
13810, 625
38929, 304
2931, 737
19498, 936
52073, 507
17493, 16
7457, 536
29694, 242
55207, 970
62040, 255
4956, 17
21295, 298
20348, 404
14830, 188
22104, 586
4921, 889
15950, 940
12369, 73
59017, 130
32633, 16
58564, 667
18585, 801
42610, 891
38711, 652
56186, 428
12381, 965
29791, 322
3608, 364
35530, 960
40530, 979
26170, 319
7517, 806
36128, 580
69921, 583
1541, 182
17427, 516
815, 341
62123, 855
56745, 472
15993, 552
63652, 190
40785, 608
33868, 785
51851, 772
41148, 739
63622, 424
29200, 530
48874, 944
20771, 252
2594, 3
18784, 376
66634, 721
27617, 142
14058, 680
55878, 283
16465, 920
71, 600
17343, 111
14673, 495
46689, 660
57761, 585
12407, 595
34263, 101
32081, 347
31235, 576
62356, 562
60384, 433
6404, 350
20205, 143
60758, 766
46846, 418
32482, 161
21721, 595
26995, 486
851, 417
57647, 937
15850, 953
33657, 44
22876, 672
25036, 410
19038, 113
54354, 0
57929, 788
65730, 161
49039, 388
58606, 844
62182, 980
64091, 429
11775, 999
34765, 751
53595, 154
18332, 673
19120, 473
44497, 269
12366, 522
45679, 73
21961, 791
53377, 837
29812, 293
29856, 209
37546, 303
8331, 819
29706, 608
6527, 281
1523, 673
2181, 399
59966, 896
52198, 98
14785, 311
21217, 698
58080, 722
59207, 549
22448, 452
37796, 80
23453, 173
25821, 359
50029, 732
16784, 494
34866, 404
20803, 147
28582, 25
38816, 648
41783, 389
36365, 852
20502, 254
16081, 886
68464, 375
14137, 44
45513, 963
32421, 905
2047, 313
38085, 158
11042, 613
1485, 292
68176, 394
8908, 309
57986, 949
46849, 902
48240, 416
33637, 116
63447, 278
1371, 504
33878, 295
28220, 484
62629, 553
15478, 894
50742, 91
47530, 622
33025, 960
4005, 248
35092, 304
14457, 636
31704, 856
37475, 941
21934, 767
56417, 670
62324, 694
27315, 535
16602, 307
842, 975
45532, 659
29024, 39
57205, 526
12071, 486
40, 61
60047, 672
51215, 240
62375, 32
27086, 37
2610, 181
2070, 922
39477, 813
43476, 451
13507, 525
38409, 864
10026, 257
9349, 1
5643, 400
62636, 314
66862, 547
4819, 996
17141, 195
64713, 129
66984, 642
31856, 490
66066, 337
52807, 343
10161, 622
36756, 755
65423, 780
13532, 611
31777, 705
12513, 953
43989, 623
28973, 712
59903, 35
66374, 302
48785, 176
22501, 728
21030, 363
11572, 61
7930, 206
33296, 104
28479, 90
5850, 892
40492, 560
43485, 745
58648, 303
13824, 150
32862, 399
61323, 364
25944, 488
15085, 490
8402, 158
30225, 120
56912, 40
12767, 226
46532, 124
4028, 182
53619, 963
7462, 328
64387, 861
63500, 896
27743, 528
7570, 271
40378, 401
40085, 397
37255, 203
21839, 185
27356, 441
46270, 80
23814, 399
52760, 969
61074, 107
29218, 874
2861, 82
65082, 326
36627, 347
27189, 901
64361, 446
67000, 446
34096, 795
56420, 775
58034, 294
17105, 228
4183, 903
69569, 161
25986, 93
53555, 400
5675, 425
51317, 831
63581, 233
66355, 505
67990, 281
28601, 949
30809, 593
27188, 817
23788, 169
39493, 859
48246, 349
44790, 493
68766, 99
19648, 846
58838, 366
32315, 536
44101, 266
639, 680
63715, 741
35592, 675
55598, 835
26437, 145
33451, 694
37965, 634
50395, 798
48261, 562
8612, 895
27234, 722
692, 138
15206, 784
24178, 514
65639, 437
59000, 467
746, 849
50987, 262
12334, 511
40181, 962
16330, 138
44967, 445
17574, 613
51006, 824
20798, 852
46527, 649
16390, 407
39573, 728
5294, 476
56157, 876
31837, 310
48401, 964
18228, 661
8429, 242
12299, 528
48545, 442
40719, 672
40700, 917
3780, 494
67119, 726
13401, 959
51518, 449
36343, 620
56077, 574
53435, 571
29835, 83
42474, 799
47215, 787
43911, 484
36502, 107
48509, 766
22775, 554
32838, 216
45214, 809
6236, 458
62677, 836
33555, 617
42214, 774
63912, 571
51580, 638
40379, 12
65892, 729
21136, 402
15624, 787
26804, 234
66320, 53
67447, 140
57076, 58
26345, 523
9703, 642
56096, 633
40117, 471
66758, 476
61036, 404
10052, 500
7257, 596
61013, 548
53037, 561
14393, 243
61803, 292
20949, 791
26726, 911
30886, 418
5848, 922
38884, 517
60900, 275
42013, 505
48790, 516
23601, 405
45468, 946
29436, 30
24205, 822
62818, 139
31511, 321
57714, 484
23447, 165
15325, 296
65521, 194
25798, 961
53257, 515
34699, 121
59929, 47
478, 692
15611, 26
35146, 107
25418, 493
46475, 935
4184, 326
65238, 794
60685, 301
21723, 358
37600, 198
21188, 39
23634, 37
34711, 222
47871, 131
16304, 552
11797, 351
36974, 148
9577, 279
37554, 688
28245, 146
65839, 289
48670, 740
55213, 391
30330, 233
39498, 528
59931, 368
50910, 493
62632, 912
41900, 637
50270, 117
47032, 3
63266, 973
58410, 141
51625, 699
34010, 63
19683, 945
45301, 833
43263, 567
53718, 34
8658, 580
57903, 235
66157, 560
39220, 722
21732, 883
42264, 921
23988, 457
39177, 149
36739, 936
64507, 403
28169, 850
14071, 474
50766, 115
11963, 522
23921, 590
13621, 416
49951, 435
44863, 70
55798, 501
23767, 688
57148, 272
5737, 952
55472, 375
36270, 823
63057, 376
13145, 219
57184, 895
17873, 96
22476, 538
65828, 363
41986, 383
26809, 373
31118, 65
40751, 855
50332, 271
10160, 602
42047, 652
52703, 396
42770, 647
36595, 785
50194, 320
65701, 790
20718, 320
51778, 199
24545, 408
8243, 564
32475, 247
13587, 244
51221, 288
40400, 945
30119, 244
43713, 755
28777, 567
33341, 679
43344, 4
22394, 346
4983, 143
20071, 257
60090, 864
19236, 647
59668, 548
25105, 829
26453, 989
16700, 498
68, 76
67645, 905
61825, 66
50221, 665
27072, 521
56010, 725
4465, 653
55181, 518
32192, 977
33821, 657
34208, 829
41456, 840
40660, 810
62106, 451
20998, 58
18068, 20
54163, 75
41543, 283
60970, 120
25679, 583
43194, 909
25759, 463
19170, 196
63679, 721
23085, 280
35864, 887
15847, 427
20257, 696
67046, 64
8500, 465
14826, 599
15994, 744
57303, 328
38045, 963
12922, 516
32226, 907
53210, 743
16298, 180
59963, 635
55464, 53
63407, 243
5475, 653
25954, 617
24324, 589
47037, 659
15796, 147
20802, 842
2255, 736
36149, 204
37892, 519
20503, 753
64964, 10
48000, 637
9937, 145
32589, 345
14391, 208
17330, 980
1253, 506
3437, 245
55011, 179
58391, 408
10211, 701
14833, 634
37408, 559
46698, 922
34668, 844
38291, 503
58137, 806
6936, 801
37791, 436
61005, 224
20946, 209
57099, 844
12590, 723
6913, 31
38519, 918
43716, 787
29522, 284
16434, 358
25123, 31
37989, 737
28621, 911
43799, 74
27232, 891
10203, 908
46883, 28
53537, 789
63915, 920
3106, 561
27186, 608
3965, 821
45220, 780
23532, 185
29994, 900
64641, 458
29258, 977
56811, 144
69016, 457
2313, 543
48854, 587
45204, 468
38849, 627
23355, 259
43059, 657
39735, 957
6209, 376
64397, 991
38220, 248
44569, 576
38516, 690
47248, 102
21055, 660
46748, 127
35563, 16
16035, 861
17367, 823
35681, 637
36412, 549
8751, 866
21704, 82
22852, 469
52711, 985
51270, 227
930, 191
6892, 292
57610, 89
54414, 171
30021, 206
35555, 882
28676, 275
62369, 197
41627, 960
43577, 801
24001, 24
10700, 520
24307, 973
36063, 87
47415, 687
20631, 725
6810, 753
2659, 434
57767, 857
63009, 249
57486, 694
67294, 749
32894, 429
49291, 988
17099, 889
47829, 233
50133, 344
11823, 593
206, 834
35498, 332
10762, 459
53859, 644
55518, 856
641, 382
5361, 227
34085, 817
55556, 510
65377, 467
65256, 541
4449, 128
61422, 114
66458, 353
66998, 627
62066, 788
29255, 792
2551, 458
67106, 761
14677, 98
14435, 614
6349, 260
32402, 210
56522, 975
49251, 382
33865, 101
21898, 570
44103, 171
33258, 652
58774, 922
13432, 241
37694, 456
4427, 627
16072, 171
39823, 688
64997, 88
52768, 166
29430, 130
18862, 205
1060, 906
27464, 61
2191, 94
33955, 58
61259, 842
26285, 784
45950, 230
50472, 832
12038, 256
60066, 658
3126, 888
29963, 268
37156, 17
4733, 497
43041, 508
62237, 104
41201, 128
18996, 823
33609, 605
5028, 157
8645, 438
52983, 955
21248, 421
31655, 474
48368, 150
68879, 301
54617, 396
31779, 620
49185, 624
2126, 797
41044, 502
65622, 109
4236, 160
68667, 148
43984, 615
27796, 461
18216, 149
52312, 123
20876, 560
45383, 234
38278, 121
34432, 964
52891, 114
26632, 444
28221, 496
58074, 550
54926, 388
46287, 828
53098, 36
14390, 228
67343, 804
50601, 946
8614, 918
42725, 591
37746, 741
29679, 734
6089, 106
45726, 336
24560, 809
34640, 243
37414, 211
60202, 899
20335, 483
24915, 425
12989, 506
68956, 644
4719, 798
67591, 682
57296, 232
26627, 95
24585, 963
59201, 829
10698, 518
23714, 749
69529, 531
31803, 555
39284, 384
66787, 932
43797, 663
54769, 862
38731, 493
40422, 397
40539, 899
68908, 514
69267, 315
43701, 632
36677, 908
22686, 114
52400, 168
60059, 532
66898, 130
2776, 371
28589, 592
34715, 108
11076, 555
12978, 838
35884, 78
4671, 64
21568, 275
50941, 420
30792, 584
15605, 349
37426, 612
65520, 338
38529, 791
36447, 370
38367, 923
103, 697
39952, 106
63123, 286
18890, 60
58376, 91
46736, 234
26572, 565
39052, 747
43444, 10
47113, 172
27758, 101
56047, 978
17341, 907
54014, 178
16702, 600
66098, 207
56884, 381
19358, 877
61577, 76
55113, 15
60301, 226
66883, 747
58049, 44
6997, 127
52507, 473
68233, 328
11411, 813
18098, 706
54720, 356
46920, 756
8408, 96
64974, 463
61699, 0
33591, 194
10818, 737
48194, 654
33752, 596
66726, 471
65593, 762
60792, 595
21097, 611
46876, 137
49151, 300
46253, 23
19100, 330
23989, 189
68787, 100
32853, 71
9975, 686
55826, 748
24417, 933
27501, 390
42492, 605
22097, 58
28507, 594
41914, 297
4440, 931
39456, 841
15707, 631
17463, 935
67999, 464
19008, 433
56727, 45
39040, 248
24658, 423
45981, 751
38143, 156
30052, 482
55584, 121
12551, 883
40854, 187
25545, 609
20464, 795
25630, 433
56967, 746
16370, 883
15832, 272
45422, 192
17489, 709
44685, 353
51476, 995
45076, 465
43442, 289
10379, 758
21444, 717
37090, 561
52505, 46
19280, 117
6019, 186
63045, 924
17090, 490
17691, 540
7143, 649
14438, 318
18263, 450
28244, 498
32850, 957
4355, 189
57060, 428
65333, 134
912, 611
52784, 356
65527, 365
65715, 818
45126, 867
59089, 854
32797, 234
48107, 940
12217, 552
14470, 389
38116, 951
14754, 863
53382, 581
42847, 657
69203, 773
14091, 486
39793, 704
61562, 217
15533, 644
57351, 840
3577, 930
68564, 162
3019, 499
12754, 524
61940, 562
7037, 846
36283, 922
65628, 89
29797, 892
48883, 822
36624, 656
27826, 961
41263, 937
43692, 456
51167, 991
69896, 168
23840, 166
44447, 36
10996, 249
35513, 339
35100, 182
21875, 980
701, 259
16119, 542
19033, 548
52015, 258
68602, 962
60648, 906
57798, 906
60606, 724
61398, 742
24951, 108
1571, 415
5863, 243
54256, 46
46298, 439
40577, 784
12104, 922
64812, 660
28629, 289
61576, 613
64021, 740
17361, 687
31631, 596
1967, 638
69048, 748
8477, 818
35255, 265
61708, 863
1768, 454
3866, 80
55271, 721
18941, 844
56296, 841
65214, 656
29804, 512
22007, 766
23763, 312
62949, 240
57011, 693
39959, 61
12593, 514
47742, 549
56202, 486
18792, 194
5544, 429
61688, 529
59726, 68
54194, 359
37505, 927
15610, 770
35141, 548
23755, 272
62720, 139
31944, 119
35383, 701
32798, 450
50713, 3
69749, 506
41823, 102
36668, 892
49445, 687
48138, 706
16400, 69
53810, 412
57694, 324
10083, 540
31343, 25
45991, 669
55907, 904
63384, 681
67341, 490
42915, 372
62428, 434
47496, 385
32359, 398
54997, 383
29559, 83
45594, 299
55931, 10
12378, 997
14079, 916
24533, 945
23398, 915
20016, 587
49260, 55
40136, 29
8663, 958
22012, 246
2225, 938
36175, 568
20559, 63
29275, 283
69872, 886
39079, 114
47637, 68
7085, 902
20098, 986
61128, 426
50339, 456
42952, 521
41677, 15
39358, 370
21488, 755
65041, 705
69306, 67
42319, 482
5563, 188
35578, 131
5719, 883
27590, 986
14434, 94
6387, 808
23678, 946
34405, 520
22799, 621
1245, 571
64087, 363
30132, 776
41719, 806
14895, 152
24335, 736
44137, 895
24984, 189
8598, 366
41419, 515
27558, 44
56623, 220
12259, 315
2979, 323
27276, 944
30212, 99
16056, 618
41779, 414
67214, 874
34188, 440
30127, 123
42954, 201
23493, 862
55390, 593
6652, 683
56897, 871
21457, 433
14180, 701
46007, 363
49157, 751
19030, 420
60444, 291
4868, 803
26146, 774
33615, 136
29664, 710
30406, 639
8160, 791
4330, 227
35685, 174
4002, 975
46250, 405
25262, 716
4514, 784
55568, 791
60071, 101
67816, 836
3009, 172
33530, 555
46082, 231
34455, 507
61693, 786
52754, 827
49344, 97
14286, 249
60092, 1
31216, 313
20852, 667
51640, 237
64845, 232
42785, 165
39548, 802
6091, 474
17443, 674
36656, 689
46529, 576
30688, 961
40871, 950
64451, 693
65887, 967
19082, 687
1835, 105
57441, 564
21120, 226
15143, 360
11991, 778
55937, 666
30386, 497
27624, 963
931, 16
55446, 492
16444, 174
9839, 597
37820, 53
25152, 4
15968, 959
23289, 160
58935, 461
53115, 68
22358, 197
57654, 472
33098, 116
34981, 118
1923, 511
15456, 836
14287, 969
25949, 141
15597, 633
63535, 789
23986, 771
59743, 648
1759, 70
24183, 508
13617, 458
41631, 622
15004, 694
43100, 692
23896, 37
32603, 942
51606, 894
56891, 829
18461, 98
37221, 149
46432, 790
63802, 687
58758, 264
7870, 720
31555, 460
17999, 286
49076, 143
5557, 618
45655, 24
52249, 491
68498, 537
38124, 853
43825, 27
63534, 34
11210, 706
12988, 899
4032, 173
39550, 169
13255, 970
60749, 90
31719, 908
15132, 778
69694, 630
6350, 409
63702, 156
7494, 377
37270, 891
4233, 816
30682, 676
4476, 255
46490, 71
53138, 551
9720, 463
56637, 70
30348, 993
29660, 759
60251, 746
23497, 167
48740, 875
20417, 133
49159, 491
57440, 865
67141, 968
45193, 869
63460, 178
12363, 511
20255, 129
56757, 528
30721, 475
1332, 135
21608, 632
60932, 742
37464, 435
18437, 226
52820, 142
13595, 541
25926, 272
57379, 892
40423, 424
42175, 418
33274, 171
17782, 979
48013, 978
67521, 13
30082, 154
53276, 785
19594, 305
69747, 575
40966, 906
7597, 930
33896, 403
42373, 616
11201, 836
60244, 646
48616, 903
56617, 394
47263, 524
42209, 764
58621, 80
1830, 367
65688, 710
26954, 734
66000, 71
53215, 994
59404, 872
51696, 699
44216, 174
35501, 139
13176, 804
11429, 925
44033, 278
58511, 543
30196, 647
27609, 316
48198, 251
41021, 157
62823, 663
67081, 352
12080, 556
30622, 760
55046, 232
63511, 343
706, 601
20644, 101
16635, 77
66607, 163
38365, 862
45905, 55
41232, 835
65313, 461
22359, 587
42976, 315
48116, 569
68725, 491
66218, 683
35849, 961
62469, 117
41346, 626
62990, 559
34566, 681
3540, 558
34277, 121
38574, 851
47806, 918
26385, 844
24997, 495
39896, 717
32318, 428
68980, 892
11879, 306
53836, 123
23478, 157
22517, 759
13737, 823
13398, 998
26929, 452
67836, 607
30256, 437
49904, 120
1613, 944
68844, 823
7750, 331
44018, 798
62358, 100
38172, 109
18005, 151
66655, 826
60810, 422
67113, 806
46241, 346
52959, 784
61238, 150
41610, 240
50115, 932
2139, 826
6010, 197
53232, 504
67318, 800
43465, 382
1900, 306
18872, 319
49730, 133
5677, 673
29281, 485
51445, 722
4275, 102
22647, 776
12211, 565
67034, 386
22458, 24
46762, 244
11615, 549
17266, 934
14642, 272
7643, 258
11187, 220
14791, 493
2173, 738
13280, 943
44775, 298
39606, 512
37077, 786
3919, 199
42380, 359
58342, 337
52063, 761
18532, 648
16247, 237
55936, 250
59441, 688
52112, 853
52407, 572
63072, 731
57660, 861
27988, 97
40158, 657
25914, 772
57227, 298
23061, 246
33677, 431
46977, 217
32736, 969
34192, 85
63008, 291
12196, 824
28118, 771
40392, 693
47434, 1
10621, 190
24872, 490
36604, 704
3880, 496
33703, 551
49468, 514
65482, 604
14859, 945
44485, 701
48864, 22
59746, 48
28876, 557
3625, 239
21636, 467
25612, 921
65743, 96
36897, 548
30354, 736
41739, 373
28289, 781
11435, 353
66210, 169
50127, 904
26586, 278
18007, 476
35378, 529
33437, 989
65776, 54
16256, 87
39821, 426
26694, 958
36935, 68
20724, 514
54477, 660
42646, 66
48830, 326
24008, 647
45850, 686
6222, 924
21167, 788
34807, 762
17778, 352
18665, 251
57857, 340
51532, 567
56573, 295
67807, 764
47359, 521
21315, 237
21766, 220
44560, 706
31247, 632
64773, 797
61234, 796
17301, 838
68534, 697
67731, 910
56815, 977
46989, 588
64001, 857
29247, 795
17626, 750
18900, 294
16927, 607
19287, 613
31834, 245
3068, 12
19034, 499
9270, 791
8485, 100
47588, 208
36189, 655
64334, 521
59469, 128
27763, 298
58993, 235
53897, 6
57913, 444
42431, 221
28102, 51
36655, 631
22265, 585
40440, 853
31550, 652
19119, 431
68357, 166
2382, 855
18500, 570
6747, 572
45346, 332
26360, 539
57710, 914
9778, 484
43431, 305
806, 867
64743, 841
65203, 476
54515, 199
26004, 546
59525, 981
63532, 386
17227, 407
19929, 430
54512, 285
9399, 617
10633, 8
14934, 461
6115, 24
40732, 335
38055, 96
7269, 988
55751, 455
66593, 875
49137, 522
28450, 63
23339, 479
49781, 57
33701, 119
34023, 90
69290, 820
44025, 829
66187, 831
28945, 522
34678, 900
17877, 901
66476, 568
17703, 702
11175, 554
3727, 668
5970, 16
44840, 958
65323, 79
65441, 102
45919, 634
49710, 480
5303, 780
42100, 199
38661, 340
12510, 828
54357, 217
61024, 269
27878, 755
33368, 212
23025, 534
36784, 214
16354, 268
14732, 142
45709, 946
27577, 890
48308, 345
15453, 397
46813, 929
27637, 205
63940, 987
30037, 239
57403, 362
8615, 735
31915, 863
66126, 271
27328, 360
15951, 118
63865, 877
57397, 297
12298, 95
13446, 757
44538, 661
36568, 845
34212, 536
32678, 55
49473, 8
60982, 979
25815, 988
41334, 998
57206, 566
46369, 166
55775, 920
9878, 474
62686, 9
7270, 385
26228, 22
13323, 407
21098, 442
44133, 957
2746, 944
22738, 481
42756, 531
32218, 680
68762, 840
52642, 145
57626, 894
18030, 913
52669, 378
41253, 806
61994, 503
38306, 375
658, 993
30440, 432
51658, 11
54897, 461
32412, 984
5569, 809
13112, 120
29607, 784
5330, 912
22056, 651
15477, 792
62378, 248
3304, 275
59368, 314
935, 212
7325, 907
44711, 404
49165, 503
12283, 594
42513, 402
13847, 211
61801, 67
66429, 942
23740, 327
54071, 741
16933, 28
15040, 479
10230, 617
27230, 82
12432, 811
53378, 103
31089, 549
63936, 403
57891, 890
24287, 795
62, 129
44153, 119
61566, 393
972, 526
45741, 605
22591, 26
47084, 361
32522, 543
1145, 307
40472, 93
20827, 235
16167, 822
46264, 49
47743, 187
52924, 333
69460, 99
17867, 757
48199, 375
13901, 216
25676, 181
46599, 954
62158, 465
5004, 222
6256, 25
15454, 30
40167, 719
69830, 54
37581, 835
49537, 204
42204, 889
63833, 359
22479, 763
35008, 830
13499, 501
50585, 581
18786, 561
883, 888
45702, 301
11179, 673
60534, 47
3963, 52
46158, 902
28889, 577
63859, 2
62690, 708
23330, 400
38150, 204
1477, 636
46722, 904
7790, 644
3876, 751
25077, 221
51302, 618
31649, 19
51070, 242
38086, 109
3563, 454
32636, 358
69103, 294
60968, 664
60696, 483
64436, 207
29184, 280
18681, 521
37834, 409
3569, 987
60604, 251
55978, 306
24788, 40
31207, 104
19730, 867
49436, 442
69578, 583
6827, 789
11477, 989
43936, 198
37494, 535
52266, 2
21389, 424
13857, 999
36894, 912
17250, 522
26394, 71
40760, 518
61853, 136
9821, 667
40811, 870
6067, 631
53181, 315
64712, 109
7707, 865
18670, 978
7258, 550
6560, 519
63888, 829
11943, 50
33582, 365
43016, 466
9284, 855
36866, 593
62380, 23
23595, 267
58036, 430
48495, 180
54355, 184
52121, 408
58808, 753
22930, 332
65665, 208
68325, 148
9502, 769
58559, 358
56249, 506
23661, 817
45381, 418
28530, 274
53213, 615
56328, 540
8935, 564
52925, 133
29050, 963
38697, 908
55177, 675
28457, 972
65719, 592
32611, 710
67195, 590
11500, 185
14865, 117
39872, 188
42458, 682
33163, 996
46870, 85
36420, 20
68763, 57
46700, 366
38739, 266
21566, 182
35672, 462
63354, 545
68412, 692
57382, 394
32630, 431
14015, 474
25389, 272
19628, 426
24806, 397
59696, 175
1407, 386
66470, 233
14316, 253
65090, 9
60528, 870
28356, 455
17122, 0
67321, 528
55373, 84
46362, 801
27139, 419
13743, 403
45401, 477
34287, 907
6399, 864
56534, 574
23293, 705
29883, 56
3541, 916
19327, 950
4144, 631
29625, 893
27697, 18
28247, 256
53663, 707
3395, 758
23842, 866
58022, 748
12256, 980
6395, 486
20166, 660
33036, 388
52561, 131
34062, 273
13821, 75
52990, 770
35778, 694
6247, 551
23599, 692
38419, 809
15918, 262
42888, 9
15722, 315
48494, 501
63559, 645
60343, 203
60004, 102
66716, 870
3172, 176
24009, 469
69227, 375
22391, 260
52092, 735
50351, 352
31503, 958
2869, 102
39849, 1000
52286, 922
52617, 208
3164, 699
17511, 260
12517, 229
46395, 965
25044, 624
9864, 230
37616, 586
60881, 640
47583, 565
37628, 691
69182, 761
24096, 176
27285, 454
14172, 647
59942, 220
63656, 812
55185, 718
39740, 211
12664, 693
55089, 943
66299, 701
3559, 287
2499, 549
17823, 281
48071, 745
49032, 954
40163, 880
7525, 124
26607, 466
3438, 868
55442, 235
5905, 799
30266, 693
11199, 195
838, 714
36646, 906
19985, 13
34504, 143
40679, 560
45353, 760
29451, 134
45268, 564
45177, 745
21, 453
28093, 590
60307, 517
17186, 43
23994, 852
21253, 815
52694, 953
50806, 84
17082, 31
15158, 838
69580, 114
21314, 251
7318, 892
42553, 699
58445, 525
6044, 947
46367, 204
69985, 745
47873, 837
68283, 510
61198, 713
67724, 478
39980, 461
13651, 769
14584, 653
21529, 968
23321, 561
33490, 247
21343, 459
29766, 596
56554, 144
64470, 195
724, 155
67629, 353
25841, 441
12258, 696
47851, 115
4377, 524
23727, 243
27690, 589
29593, 327
54424, 65
64701, 21
47396, 993
8122, 728
54748, 62
67697, 874
59184, 733
65356, 454
31281, 285
68544, 250
46773, 691
55551, 972
67440, 917
62442, 184
57810, 520
37972, 215
14600, 172
53443, 993
10064, 370
64736, 700
28443, 712
3680, 917
26264, 104
61162, 962
48565, 363
62538, 744
12239, 647
56877, 960
7629, 839
46405, 638
39910, 779
30356, 889
38918, 648
54239, 128
25701, 327
26008, 518
5216, 626
10333, 280
37935, 778
51589, 768
58912, 979
34357, 682
55499, 188
703, 329
68360, 250
29215, 825
60180, 923
3324, 440
41955, 737
50549, 436
24054, 373
2208, 714
47848, 299
2934, 228
43374, 28
69652, 389
15719, 721
51266, 304
26294, 242
59875, 745
15223, 720
64528, 823
24191, 729
19405, 618
51356, 864
58984, 53
16897, 268
60466, 671
11155, 558
28082, 216
49216, 181
1055, 551
54024, 668
46867, 521
5347, 338
37678, 954
28005, 571
49777, 555
14204, 230
12277, 282
19621, 49
21305, 654
67270, 575
16042, 613
65824, 87
20640, 140
68640, 820
36828, 59
23187, 277
15216, 964
39430, 20
38733, 506
44322, 919
28814, 929
45604, 605
17349, 458
9925, 208
32839, 227
15637, 496
67640, 328
23961, 880
12175, 273
1928, 552
10001, 111
56319, 944
57927, 650
60403, 147
65668, 13
69329, 84
570, 143
62598, 997
11627, 0
5607, 507
24946, 484
42388, 753
31924, 305
40804, 181
21716, 309
39436, 899
59487, 168
21358, 627
30143, 912
67042, 983
8087, 280
45781, 98
5823, 155
54900, 611
38405, 519
56197, 188
26828, 106
19268, 622
30717, 574
20302, 991
25764, 704
41635, 853
23498, 798
60005, 408
40883, 976
31371, 551
28651, 620
2211, 379
22610, 74
27192, 336
43131, 432
8988, 462
2863, 735
8095, 351
67424, 846
8445, 9
60850, 48
30477, 979
39933, 751
32902, 114
23652, 566
44585, 263
6554, 783
38534, 769
53286, 418
27129, 512
22697, 157
25503, 796
5491, 639
43934, 454
56309, 231
69729, 405
9621, 411
48882, 553
24017, 66
8191, 145
12808, 691
52963, 682
55661, 885
54991, 154
68033, 898
50828, 400
38905, 46
18866, 543
5666, 497
29274, 276
28382, 764
22245, 172
28855, 855
62318, 341
58035, 681
8986, 566
52797, 366
48933, 198
10729, 933
1351, 557
43420, 757
62171, 635
37327, 632
37850, 501
51610, 62
21878, 936
22894, 327
10091, 753
69802, 426
37760, 478
27439, 210
63302, 724
56502, 278
41286, 71
11594, 804
47155, 226
23719, 614
20871, 429
69237, 93
5860, 330
19070, 416
18354, 834
18184, 587
13711, 594
69168, 87
28233, 299
64431, 143
11061, 554
22502, 306
33914, 313
14052, 653
52558, 469
12638, 601
53012, 344
63240, 243
26589, 790
3129, 901
28951, 1
53765, 567
15748, 777
34003, 701
14308, 223
39236, 97
7166, 458
18820, 713
8419, 716
21712, 165
57858, 528
43505, 879
16163, 173
65882, 722
61150, 684
39630, 633
50827, 997
38077, 256
40194, 839
68418, 760
20131, 259
61668, 954
6805, 136
19206, 872
3954, 540
17959, 278
46556, 625
45278, 302
52490, 300
54219, 927
28444, 629
62822, 437
33387, 722
38082, 657
48571, 602
47930, 842
27104, 949
46070, 434
43320, 410
18993, 992
4551, 10
53161, 644
1146, 104
43253, 207
39635, 735
14875, 593
50469, 943
29462, 571
61307, 463
66454, 449
45294, 60
34776, 807
49809, 133
36630, 975
8061, 114
47309, 573
31606, 739
42930, 881
57842, 261
7533, 71
24224, 258
39277, 662
35590, 733
48662, 712
24137, 98
25958, 246
42918, 203
32171, 315
2026, 110
21789, 769
5559, 389
33809, 400
8416, 546
5949, 709
51278, 380
5937, 36
53464, 990
31103, 269
4897, 195
49908, 682
9677, 69
43246, 50
61296, 318
2353, 759
36686, 925
240, 173
60708, 39
5387, 736
19036, 496
64438, 0
22229, 465
43571, 571
57888, 5
38508, 268
23604, 32
34705, 584
1549, 329
51082, 453
41494, 667
37446, 775
35412, 730
10311, 486
53338, 421
33465, 514
18989, 580
54765, 710
5266, 897
24856, 460
50347, 639
42466, 623
52521, 748
14804, 909
68985, 110
3230, 885
12107, 523
64676, 124
59938, 671
68830, 353
15802, 474
40937, 652
62707, 271
56899, 860
7035, 700
51584, 58
6715, 364
23611, 669
33218, 2
40755, 140
29069, 544
11849, 340
22813, 994
1945, 998
21888, 391
37188, 547
53574, 811
766, 397
3612, 95
26545, 1
21612, 44
5575, 958
31791, 890
10164, 98
42966, 182
17137, 276
31662, 18
62076, 780
48410, 173
54872, 215
68081, 975
55163, 896
32370, 403
18197, 164
22024, 983
9554, 677
6468, 76
11029, 976
23273, 985
43782, 361
12268, 806
59146, 19
48727, 272
9456, 441
52947, 236
17209, 683
38217, 714
26211, 13
63230, 79
62835, 672
5855, 418
12874, 141
45677, 594
13758, 140
13905, 571
64797, 980
63117, 298
43821, 773
8721, 217
32752, 240
12163, 938
10298, 588
36547, 1000
19928, 18
31021, 150
45694, 668
29095, 480
28592, 352
64126, 289
30848, 155
61084, 81
23801, 682
14899, 879
59407, 355
11860, 770
68294, 762
21344, 357
47728, 920
56622, 143
21070, 525
42244, 496
23798, 183
21237, 394
48699, 898
36177, 429
8873, 64
48285, 282
7818, 922
50, 380
44510, 204
43568, 265
57174, 243
35549, 73
31051, 129
47443, 209
30479, 43
50863, 194
30666, 257
16517, 16
9380, 253
9142, 150
39677, 558
46960, 902
30730, 808
30059, 878
38237, 96
41647, 695
47133, 512
17129, 170
13575, 922
47633, 897
40917, 294
59485, 76
37114, 865
31003, 5
67382, 242
53736, 552
32762, 384
27423, 921
59912, 622
19256, 250
58782, 136
54448, 653
59440, 234
15415, 950
32910, 647
65122, 102
42773, 340
19570, 823
42811, 376
31484, 303
29505, 488
12929, 848
50833, 327
64441, 992
38158, 752
28071, 2
18377, 688
56866, 370
44496, 848
3409, 869
15699, 88
24657, 15
13134, 638
28594, 319
27024, 608
50581, 899
61755, 619
50254, 605
26810, 940
19198, 209
27352, 147
5865, 157
46128, 627
519, 67
12249, 340
35574, 317
69439, 601
50174, 2
1482, 909
26801, 10
186, 957
50849, 984
11295, 574
7239, 687
3416, 997
24397, 992
29703, 840
18017, 873
16267, 330
25636, 315
39523, 657
29935, 495
39239, 683
48462, 374
7276, 448
11896, 469
43654, 389
7652, 449
66889, 681
17760, 554
31826, 695
47395, 910
4742, 875
8350, 419
38159, 79
13209, 125
20196, 686
1612, 776
54901, 848
52972, 537
33262, 59
2858, 9
52041, 430
47661, 838
15549, 30
32608, 87
53879, 698
35329, 44
54507, 766
53565, 387
61973, 308
30243, 511
53966, 509
63166, 737
38015, 147
29379, 349
61151, 983
4134, 520
46161, 149
17592, 902
8090, 285
59852, 7
26723, 537
30219, 343
11008, 19
12901, 515
56928, 334
66958, 110
60295, 338
56120, 307
11914, 894
35708, 155
18268, 678
62438, 818
58463, 570
19583, 637
61395, 319
8003, 849
57048, 806
21743, 652
2224, 531
65897, 456
36212, 605
41849, 544
49991, 236
47550, 601
27840, 56
15912, 408
62539, 283
23541, 212
50349, 911
68174, 228
38860, 762
51352, 692
39264, 209
62736, 132
50113, 902
4294, 727
48279, 576
27833, 238
11581, 574
68816, 4
3150, 373
57702, 552
69229, 17
15945, 389
30045, 851
15146, 287
24698, 108
30478, 619
61042, 496
28336, 821
60431, 509
59072, 207
34889, 19
43671, 256
51212, 819
9108, 270
6964, 899
45501, 56
14340, 757
24409, 504
737, 187
8268, 801
51897, 382
38721, 445
11868, 645
19219, 461
18845, 150
45993, 293
1410, 220
27260, 654
6343, 403
31327, 343
58258, 843
12769, 40
21705, 642
9981, 215
58665, 830
50943, 893
346, 803
45953, 428
52432, 660
22125, 384
69760, 379
58002, 251
27709, 641
28064, 363
16398, 505
50294, 512
61393, 765
65823, 361
27322, 653
1982, 364
64265, 254
41612, 452
22907, 625
69391, 220
47030, 430
12903, 813
4455, 28
64589, 726
47296, 969
15444, 699
49556, 249
2531, 648
38778, 509
18871, 706
25709, 218
66125, 744
39468, 27
29483, 486
8041, 749
25697, 156
22183, 50
18526, 740
28311, 664
40426, 945
60747, 49
67607, 38
16084, 954
8148, 944
42686, 455
38886, 686
27563, 793
25350, 512
4143, 937
12647, 417
12392, 234
6786, 352
41573, 748
579, 234
36979, 579
43349, 756
56909, 812
11396, 117
21296, 536
17107, 358
18712, 975
46801, 193
64088, 989
22970, 698
20531, 781
67326, 768
18198, 500
18732, 60
21164, 340
4029, 320
49096, 722
59933, 187
42589, 586
59318, 653
61896, 825
5183, 91
20398, 633
28709, 226
47523, 838
64396, 881
48940, 820
36511, 127
7773, 839
18513, 24
12655, 229
19664, 72
47916, 949
29964, 599
9146, 498
41990, 111
29153, 161
41615, 292
57368, 966
57462, 716
40630, 770
69939, 488
52823, 715
1794, 369
63394, 81
6389, 779
60008, 591
62865, 384
2811, 752
63934, 37
17854, 671
40749, 449
25996, 721
20830, 66
46872, 618
4962, 945
58604, 552
15299, 418
30472, 511
36717, 414
25539, 594
39380, 535
4767, 633
14396, 706
10112, 654
12046, 745
34631, 533
27788, 289
44505, 168
34199, 386
57375, 128
17785, 783
10898, 745
59287, 334
8328, 156
28742, 383
52914, 726
69394, 537
17144, 522
26215, 490
61621, 526
4472, 359
34962, 691
69153, 396
28074, 451
49704, 361
24800, 119
33328, 368
61184, 748
64305, 554
53715, 905
24372, 100
22951, 807
28864, 829
62708, 373
27532, 607
42467, 989
41307, 901
2450, 712
40205, 449
67628, 397
39472, 687
68208, 764
29541, 936
58598, 675
63292, 405
59839, 303
44883, 37
64968, 870
38716, 201
21033, 241
64882, 967
60243, 924
3529, 970
61288, 583
8394, 657
30944, 296
5803, 583
50246, 766
64275, 115
52032, 868
55498, 729
5212, 654
63969, 349
14184, 49
31914, 697
40115, 519
9658, 548
66520, 884
57034, 523
52485, 380
26154, 325
69937, 568
40708, 94
39745, 564
28693, 548
51657, 362
24441, 620
44761, 529
15188, 757
43600, 160
50078, 756
28414, 985
37569, 497
5345, 395
13309, 227
61480, 309
27001, 3
68666, 744
29302, 715
8035, 313
12064, 45
21863, 135
21007, 869
38134, 437
31788, 847
10965, 569
21881, 784
54911, 1000
37591, 804
2691, 576
11960, 550
41864, 379
67120, 50
38546, 670
34708, 417
11977, 613
26487, 555
4052, 776
56839, 644
60174, 549
107, 427
62726, 978
57236, 33
30544, 700
48374, 804
38601, 967
69792, 914
56314, 854
28692, 725
8687, 489
16544, 331
17916, 436
50799, 375
57961, 938
18045, 849
21254, 215
15263, 149
8816, 352
4173, 377
60081, 460
68587, 537
46711, 410
41137, 932
33394, 306
19207, 749
29509, 633
21308, 783
68698, 384
49888, 924
62847, 131
68630, 889
11423, 839
37029, 805
6764, 647
35134, 983
44129, 404
5778, 637
65849, 298
23492, 618
27799, 222
68339, 457
63997, 961
65717, 912
42749, 672
1049, 356
57288, 912
36237, 353
19164, 449
18442, 743
66834, 59
54680, 615
9792, 876
62856, 887
9672, 36
47688, 364
65185, 48
25814, 152
65685, 330
37712, 231
60259, 535
35160, 188
68120, 812
34973, 516
31029, 368
44256, 372
56525, 697
54050, 460
4012, 828
15402, 580
25120, 563
5128, 617
48094, 917
14904, 350
33760, 2
525, 256
45334, 6
47997, 802
15622, 594
35357, 754
49723, 676
59220, 842
15504, 91
66527, 13
5434, 408
65354, 347
48813, 478
36313, 234
65641, 43
24845, 717
1206, 633
2621, 119
59376, 851
14941, 916
33712, 977
45977, 637
59523, 924
50891, 279
34389, 131
62435, 908
53363, 561
46143, 512
12451, 570
44079, 994
18953, 518
43832, 902
14961, 460
38210, 341
56448, 286
50229, 561
46877, 828
16013, 964
9104, 134
34982, 530
37620, 51
43463, 207
39438, 608
35540, 183
9695, 800
40993, 1000
44475, 224
68740, 565
58146, 93
16741, 981
2700, 240
27053, 763
12875, 154
66427, 907
13528, 519
61365, 340
31434, 158
50820, 355
2108, 116
46557, 612
45667, 967
56158, 253
2698, 839
24873, 331
35465, 382
43995, 197
23422, 278
12597, 573
68989, 298
507, 848
29372, 146
32228, 354
69151, 754
26565, 942
12028, 418
39877, 754
57350, 966
44227, 538
8026, 281
19372, 16
55045, 732
33749, 403
62133, 64
61894, 425
26684, 186
9490, 197
25728, 723
55812, 831
68592, 192
20141, 267
65509, 866
21563, 888
10845, 711
38709, 446
29087, 712
9593, 55
39268, 499
45959, 765
30473, 613
46986, 285
3575, 530
58940, 21
23893, 525
50010, 54
60697, 481
44096, 550
12940, 966
16794, 448
57331, 190
50568, 6
51249, 721
34927, 791
61546, 779
52083, 885
24038, 278
69813, 894
1946, 544
62906, 128
61906, 124
30365, 164
62569, 858
66269, 432
15053, 632
27267, 379
29049, 862
20167, 571
1980, 790
37949, 629
20287, 804
50805, 834
12340, 630
43979, 972
53285, 884
2274, 108
10025, 374
21025, 509
59707, 459
60569, 804
56201, 708
52157, 960
40821, 116
54877, 311
31632, 545
67702, 68
57171, 197
45102, 36
38801, 759
6160, 990
46071, 215
3266, 802
28653, 73
12773, 212
55215, 512
38243, 751
63791, 362
44336, 161
37814, 56
10610, 171
30739, 953
53237, 63
63383, 702
7918, 573
48593, 742
43247, 997
2077, 298
67776, 217
50612, 286
2278, 793
21668, 120
18433, 529
55604, 82
17690, 274
68301, 902
13689, 837
12382, 777
66736, 168
11251, 367
24029, 323
35562, 302
13066, 36
37215, 822
23553, 65
1518, 471
4289, 517
25353, 191
49005, 507
13400, 396
53644, 668
35042, 768
69927, 478
4445, 102
581, 42
44434, 73
11107, 268
14399, 334
58863, 704
11922, 813
35237, 202
20562, 941
8033, 703
10021, 899
40593, 199
28149, 596
8272, 211
64181, 72
34281, 453
46489, 729
34733, 132
17834, 931
836, 585
10486, 830
32024, 982
49702, 88
16426, 782
442, 181
69611, 75
65134, 668
54391, 360
67625, 463
37755, 835
62871, 311
43776, 998
63638, 695
23673, 439
23371, 797
67712, 790
40274, 130
20912, 322
52664, 780
22755, 874
7261, 243
61300, 384
3308, 905
45902, 134
62265, 200
54184, 886
12057, 730
47887, 778
56361, 471
28723, 405
67509, 208
17345, 515
40027, 390
50620, 276
16489, 257
21741, 29
14511, 681
25215, 762
19369, 921
38331, 823
65031, 211
19561, 692
68721, 839
17990, 987
6229, 946
66920, 268
16368, 899
2798, 917
21657, 298
38146, 318
50590, 653
26945, 844
28474, 859
52562, 495
6718, 456
28982, 36
46492, 505
62962, 447
58811, 78
66910, 436
4386, 625
32805, 628
56709, 728
148, 449
14453, 745
34862, 201
34107, 730
58637, 635
34881, 882
52051, 172
61049, 872
26121, 256
1361, 947
67230, 39
30901, 341
55894, 651
13962, 88
60463, 532
11235, 407
21000, 278
20428, 869
50310, 520
44666, 460
36040, 682
63771, 531
67796, 306
18635, 607
51756, 722
17205, 982
60439, 139
17422, 898
63323, 12
55773, 41
40076, 105
37493, 488
67755, 576
27147, 724
57332, 334
17973, 691
20886, 170
24889, 777
51631, 836
53682, 176
18014, 196
27156, 98
15505, 769
43942, 387
12225, 741
58849, 651
10645, 371
36993, 557
46292, 883
36542, 529
32790, 257
10036, 601
35099, 701
27246, 974
11150, 546
54829, 619
29158, 386
59866, 19
67632, 709
43429, 277
2572, 363
60666, 125
41073, 343
37667, 960
34541, 195
23372, 870
21157, 287
4474, 958
48923, 694
54368, 852
5389, 418
23382, 700
34966, 234
45855, 488
22198, 541
19936, 116
49491, 223
34679, 649
60357, 120
19559, 790
60915, 325
26611, 150
54225, 690
19962, 782
4511, 698
5214, 712
62914, 404
52625, 428
47679, 810
41909, 666
60029, 261
55526, 938
34829, 831
7812, 303
7719, 242
2104, 820
28230, 726
42342, 588
66337, 31
40396, 128
39248, 271
37104, 146
47518, 309
11165, 984
62228, 870
27020, 123
13827, 846
14381, 38
11907, 282
36050, 388
9583, 782
40132, 754
170, 846
36609, 199
4995, 804
48009, 19
40938, 749
35108, 768
32248, 679
60950, 710
55256, 684
58089, 92
30827, 669
45818, 913
21769, 501
5092, 23
64934, 169
5547, 688
53791, 226
48272, 203
33978, 776
37953, 432
60503, 189
47552, 192
1713, 567
41752, 571
52048, 925
37193, 134
61915, 472
63146, 237
62916, 381
10045, 463
53198, 553
26183, 304
29289, 59
3974, 329
68109, 90
45686, 229
30279, 143
45754, 714
53831, 421
16302, 876
69266, 19
37753, 390
104, 106
11313, 71
11409, 681
39409, 495
31946, 154
4407, 655
44241, 78
25791, 430
66832, 87
69287, 411
26526, 746
42441, 811
44568, 913
34471, 209
69693, 659
36708, 43
55954, 506
40336, 106
20240, 727
3759, 225
15940, 564
19439, 32
11299, 909
44992, 317
58825, 399
13449, 106
15703, 393
28019, 352
45763, 555
24582, 482
51728, 737
7610, 778
52152, 840
162, 862
69156, 687
66588, 477
23424, 159
18674, 283
3190, 840
31707, 374
68075, 304
27877, 709
54864, 721
8633, 845
66112, 267
11925, 592
11842, 123
60819, 29
20808, 334
68441, 408
59557, 747
19328, 48
39267, 609
64352, 473
6543, 240
48583, 598
18827, 84
20516, 450
7401, 547
45137, 569
10345, 731
30690, 620
56388, 341
1525, 657
10541, 902
20549, 831
9518, 586
13453, 960
27391, 814
21914, 343
32505, 119
47761, 798
67574, 590
8407, 543
9155, 641
28776, 895
66173, 215
36351, 881
9556, 543
3124, 926
3089, 434
59039, 479
42201, 880
36493, 596
23267, 414
33076, 99
48557, 487
51975, 525
60215, 592
3366, 428
8727, 875
59634, 210
2740, 734
64479, 54
1769, 983
66293, 27
49847, 157
33247, 369
38535, 924
52633, 749
15258, 205
5462, 544
24943, 705
35803, 853
38781, 143
11990, 974
5966, 517
61373, 380
54229, 539
57291, 444
33737, 727
22916, 219
539, 524
36319, 496
11185, 517
64004, 287
67383, 903
30838, 124
33005, 257
34749, 312
14996, 668
8713, 725
12855, 126
25454, 206
57503, 546
4813, 228
43626, 395
61052, 337
69567, 503
38223, 439
27247, 996
24999, 408
27062, 560
26994, 335
45395, 700
39692, 610
45661, 257
25668, 632
14304, 106
61521, 683
36688, 420
38605, 125
8259, 130
58182, 526
5393, 945
67432, 207
1344, 857
20012, 832
67989, 397
12020, 232
69383, 950
5373, 359
53610, 89
25403, 184
5306, 67
17716, 717
47087, 611
17692, 117
14278, 224
58075, 161
14737, 665
8694, 843
40303, 579
62384, 525
11561, 94
9918, 104
25401, 856
34048, 268
40273, 462
43496, 254
39403, 914
9969, 268
33432, 502
36781, 707
48753, 529
19063, 114
47202, 542
30426, 203
36977, 784
56703, 430
7153, 682
6049, 783
17028, 872
27382, 928
3347, 201
58966, 699
29947, 206
30231, 924
18388, 242
53208, 107
26091, 700
40761, 465
53405, 136
21292, 692
23834, 463
9964, 182
20879, 631
49533, 980
27168, 301
12755, 681
9679, 912
8621, 416
45946, 190
57327, 564
46904, 95
37329, 708
40894, 607
3306, 175
63891, 253
13552, 178
49955, 197
30058, 838
29992, 944
31580, 872
35793, 711
58681, 198
45125, 910
60233, 735
13542, 743
48318, 825
14840, 745
63214, 56
48425, 902
68131, 868
22477, 770
24121, 997
66919, 390
53849, 805
19545, 983
36197, 763
13899, 489
48534, 620
9343, 529
2962, 738
48341, 406
66176, 81
59972, 440
22510, 325
5950, 899
14813, 23
67125, 521
33234, 398
25687, 478
3630, 832
21203, 828
28110, 805
8515, 474
68431, 271
37979, 682
62878, 124
9385, 947
69574, 648
35150, 560
43972, 294
54845, 348
2972, 911
66333, 657
45863, 547
565, 908
67390, 522
67351, 365
17680, 993
36229, 777
61378, 455
37196, 537
17188, 2
47778, 41
26893, 294
21066, 708
19123, 757
24942, 318
8403, 366
69777, 411
37716, 707
63014, 283
15595, 947
30417, 382
21687, 91
3817, 344
47967, 845
35256, 23
43602, 278
7332, 776
56226, 911
27365, 326
13437, 92
23789, 83
17644, 730
4459, 513
54532, 237
25018, 724
33859, 11
550, 659
23233, 152
13279, 375
67118, 742
22160, 985
52715, 244
57010, 326
27338, 760
45921, 1
38289, 878
16050, 894
11989, 830
45877, 492
25483, 48
38528, 959
1991, 5
6843, 587
1739, 448
29249, 88
63957, 801
21216, 737
51677, 914
39807, 200
46865, 413
50210, 611
32422, 194
348, 857
32939, 177
12475, 291
46306, 801
2248, 617
882, 976
51059, 470
58319, 459
41906, 874
4450, 955
61006, 957
49322, 130
20589, 707
24675, 263
7234, 91
31271, 299
41008, 505
958, 430
55867, 632
7240, 681
11632, 390
60319, 592
13327, 881
38633, 65
12838, 589
17035, 676
7637, 450
41155, 381
69388, 672
63820, 455
46794, 385
59510, 79
61902, 207
44905, 435
61877, 304
31363, 810
43355, 318
15563, 670
58127, 278
35048, 808
9192, 447
38215, 163
51241, 98
9950, 167
49030, 642
64682, 141
26719, 942
46729, 310
3387, 411
38096, 840
38417, 57
38288, 492
49906, 684
66027, 837
68115, 104
51561, 73
11274, 843
30197, 869
65115, 359
8791, 79
12527, 391
34518, 148
51706, 607
9145, 375
34874, 584
3702, 136
67654, 896
35266, 411
1961, 306
10579, 312
39119, 550
62995, 94
37528, 179
59821, 625
65483, 623
49396, 171
57645, 337
41589, 491
24195, 449
47176, 200
65499, 986
53600, 858
15616, 232
37783, 151
49665, 427
16202, 841
47350, 766
69895, 604
68957, 490
47319, 964
62145, 161
60089, 773
24247, 305
57804, 836
61216, 111
69198, 240
62149, 550
373, 304
50912, 448
26305, 592
27510, 541
7528, 941
34065, 628
31836, 628
14951, 739
50561, 986
53479, 39
57377, 63
42002, 215
48953, 430
54627, 910
52699, 202
65158, 981
51090, 467
21982, 983
64241, 697
56726, 219
45603, 46
40982, 98
67637, 937
65708, 494
17158, 670
64770, 649
27373, 271
25375, 844
19799, 148
57994, 188
8907, 243
29137, 47
13779, 822
17662, 431
36118, 440
33091, 998
13050, 81
9773, 578
11544, 983
8084, 440
40180, 281
47988, 155
28199, 601
57892, 978
44681, 366
24088, 348
56728, 488
57716, 737
43148, 512
25147, 162
20834, 4
10547, 142
51735, 127
30, 471
50298, 883
62261, 992
64780, 616
16190, 175
27112, 754
18768, 448
22875, 4
43603, 534
9257, 692
34109, 342
45324, 22
30373, 353
59484, 92
22236, 865
3011, 84
22736, 602
20044, 145
69348, 182
33684, 204
19305, 77
53093, 119
2750, 277
63723, 463
36849, 925
35810, 233
37043, 500
18598, 490
733, 665
30722, 528
39552, 289
30111, 781
10715, 715
57090, 398
30951, 701
33356, 293
53937, 865
12818, 238
36619, 512
22865, 79
15204, 567
58735, 836
25431, 605
59266, 102
18702, 18
62188, 315
1724, 611
46730, 787
16599, 893
47941, 840
55065, 509
65590, 839
3901, 741
709, 790
62698, 780
66018, 645
32508, 257
65705, 291
47193, 104
11790, 88
51717, 473
38835, 558
6003, 709
47839, 255
36972, 324
36242, 708
30671, 196
61967, 641
7604, 934
56834, 52
14744, 708
29471, 338
66397, 844
35741, 658
47341, 860
16558, 176
50685, 60
30930, 188
55150, 921
39885, 790
49138, 250
61103, 261
61092, 814
22233, 923
21614, 851
46924, 626
1935, 162
46043, 917
1625, 370
19652, 248
3390, 498
22829, 586
4753, 871
40904, 693
37265, 723
32621, 27
54452, 464
20086, 713
41003, 958
69210, 461
41077, 634
37782, 893
22429, 189
11964, 502
10012, 117
15109, 87
38087, 508
52059, 484
13460, 146
41811, 362
40008, 228
52746, 507
44418, 466
34418, 15
22821, 869
43794, 849
49420, 467
56073, 477
51724, 790
33121, 246
16983, 746
64382, 637
44357, 537
18987, 448
40542, 643
23386, 432
24430, 874
62255, 657
31806, 758
33116, 787
17112, 785
10600, 210
4016, 249
30652, 500
64544, 593
1390, 317
56812, 70
8970, 257
27883, 540
39249, 187
65543, 979
28632, 124
10678, 447
65625, 318
4985, 466
52755, 241
40504, 298
1077, 402
27651, 159
32959, 771
37398, 100
15305, 891
36927, 266
17591, 193
48184, 136
56270, 533
20646, 201
710, 54
31996, 979
40499, 934
57251, 964
47794, 242
23452, 654
41733, 735
52852, 423
45836, 249
42864, 567
68183, 816
13104, 317
45071, 772
48541, 115
42898, 102
16351, 881
60651, 275
19417, 770
43273, 951
49376, 638
25625, 225
47123, 370
18413, 492
51240, 54
10008, 771
5148, 423
49078, 395
56827, 13
63184, 125
68050, 381
17387, 84
19513, 725
33535, 943
31056, 546
11875, 667
19970, 569
36921, 397
4522, 596
38876, 66
29523, 565
20685, 561
54879, 506
27378, 54
22856, 403
19562, 445
10208, 718
39293, 906
53575, 414
46710, 779
60890, 812
62971, 94
24418, 36
6371, 252
38286, 938
47704, 479
66163, 112
34629, 846
58660, 425
16869, 327
68848, 998
7561, 380
45764, 945
13046, 743
68920, 955
38685, 319
2834, 887
13067, 220
44307, 461
62498, 242
3506, 816
20110, 99
35629, 387
69214, 692
21616, 496
58010, 583
65255, 541
37028, 560
14722, 209
14202, 459
38457, 237
62932, 379
46774, 259
69412, 727
11112, 646
42533, 288
63315, 498
49960, 583
30641, 589
56276, 674
1062, 460
44779, 12
69959, 161
67576, 314
15351, 614
14834, 327
31694, 667
42105, 243
1329, 3
1204, 452
23331, 456
10046, 244
55778, 574
33442, 382
26066, 163
35452, 536
4239, 425
41213, 767
28780, 137
51106, 342
18999, 567
43664, 752
59311, 775
3365, 660
49107, 752
52676, 114
23970, 382
4814, 297
69586, 398
67158, 681
36599, 776
58164, 773
8586, 897
2725, 798
69440, 848
26538, 21
68767, 821
11808, 524
11671, 731
53248, 87
43242, 907
37559, 771
62219, 835
37121, 73
40801, 304
41854, 382
50800, 729
17360, 764
43491, 137
51933, 731
30520, 267
56768, 754
1059, 883
42993, 692
11122, 546
41999, 838
29840, 410
52549, 545
40451, 829
69090, 185
10095, 367
20446, 304
61007, 791
65889, 28
42317, 317
40191, 587
13809, 125
14855, 803
5403, 316
41801, 670
48799, 50
37733, 854
264, 359
16065, 80
17790, 748
21874, 872
3501, 292
21422, 430
63194, 486
69039, 153
16308, 753
65604, 95
8652, 199
31087, 434
47343, 627
69475, 312
14779, 837
36615, 910
39487, 369
61893, 802
35316, 763
4538, 68
7089, 981
18503, 109
7934, 522
46884, 107
11337, 584
48574, 37
8729, 200
54584, 430
37879, 293
57055, 759
13941, 827
67077, 593
23974, 132
41438, 837
44966, 334
2739, 726
57322, 673
66370, 40
8392, 605
25849, 583
53977, 78
36941, 293
55275, 605
24012, 759
47475, 388
1707, 568
29360, 295
62429, 241
34098, 510
60484, 748
36714, 894
53755, 1
38777, 461
24686, 940
61303, 480
13788, 574
37604, 776
45172, 37
7337, 740
58402, 618
28614, 467
20231, 441
40174, 560
54978, 192
44214, 421
13787, 252
69370, 874
7677, 456
53724, 696
29401, 588
7541, 81
23445, 509
33074, 731
27616, 992
35693, 616
34436, 310
39081, 866
6751, 273
6770, 539
60653, 508
10003, 667
45373, 948
30340, 597
17800, 306
30499, 350
6712, 762
7586, 151
55210, 773
12803, 719
35929, 824
6563, 75
24314, 552
69295, 259
59352, 757
21087, 844
44181, 908
8691, 494
21449, 300
12821, 839
38937, 90
64311, 520
63049, 898
36471, 479
10469, 695
37238, 10
43661, 935
58846, 296
68868, 878
33136, 611
3361, 694
6113, 77
24629, 18
22390, 480
64338, 46
48678, 445
53410, 452
2197, 366
37057, 936
56072, 378
26919, 683
51142, 987
32235, 121
10234, 207
11854, 891
30564, 146
8985, 400
31625, 777
30153, 307
6316, 569
18251, 504
28956, 635
62395, 334
13045, 624
47750, 657
69486, 392
60834, 273
56053, 498
53053, 833
24147, 845
45931, 458
29943, 557
46585, 956
66245, 657
3712, 598
19808, 12
2284, 447
35121, 675
15541, 174
33319, 544
11191, 739
3346, 37
43257, 325
15163, 899
33874, 154
34082, 858
41476, 231
36067, 513
63533, 929
36003, 549
20581, 531
24298, 614
18231, 147
51525, 862
60744, 894
41179, 133
62753, 943
46056, 245
13073, 216
53694, 991
41825, 214
55230, 187
32573, 517
4230, 278
57585, 103
40311, 382
69712, 231
58452, 872
26575, 312
35428, 456
39441, 886
15124, 832
24113, 577
55057, 571
16939, 92
40621, 259
2178, 962
57568, 626
68685, 381
33766, 332
61460, 612
59640, 386
37757, 88
56943, 77
62196, 536
39096, 992
8999, 417
50934, 285
7348, 751
46491, 230
28081, 806
4290, 296
39173, 100
3286, 649
44891, 995
1068, 670
54546, 44
68433, 864
37382, 688
61361, 143
63858, 90
17526, 888
43175, 205
55912, 494
27238, 38
7915, 717
13782, 687
52584, 354
19921, 340
8351, 566
22241, 148
66946, 953
20633, 318
52009, 75
21504, 799
54313, 423
5831, 262
23265, 752
31689, 24
20936, 905
46731, 735
3839, 633
65755, 427
58728, 709
18307, 63
45952, 18
47937, 243
52118, 273
42111, 402
39524, 803
18152, 837
32711, 133
24289, 991
55283, 265
57328, 489
2823, 707
51727, 576
65297, 778
359, 647
5881, 746
68632, 845
23949, 668
34295, 486
69753, 841
37722, 835
56508, 969
63946, 320
20425, 593
375, 678
67689, 743
14850, 779
24557, 724
52948, 672
60003, 508
11742, 305
43826, 265
25810, 907
12092, 485
15173, 614
13217, 744
3389, 126
2331, 200
13081, 390
26151, 161
41216, 507
50412, 286
25644, 35
62536, 233
22563, 292
55897, 91
13979, 148
33026, 685
56464, 318
24592, 850
26303, 617
10099, 106
61180, 73
36632, 451
46592, 680
66942, 14
6051, 895
54728, 288
45457, 211
6470, 328
55514, 997
59892, 4
58372, 975
69698, 753
22202, 248
57144, 166
64694, 197
33033, 852
54688, 623
14645, 92
65169, 631
34837, 291
21133, 424
20092, 845
48581, 877
14473, 477
32605, 951
47088, 822
28315, 615
10618, 963
63660, 893
42722, 697
46466, 702
63816, 915
34689, 397
63623, 473
11788, 685
41071, 126
13519, 837
55858, 585
16549, 328
12278, 414
31273, 798
511, 38
60483, 603
68822, 175
61537, 467
47436, 380
44409, 965
1918, 481
51464, 152
4575, 76
6583, 214
24515, 69
56245, 753
16500, 764
29831, 726
10811, 431
50365, 968
68175, 432
28323, 634
55002, 856
53358, 192
68754, 726
6956, 112
41962, 872
44647, 501
16061, 546
35397, 777
56171, 850
28436, 663
6538, 85
56351, 77
60021, 796
1122, 819
62297, 356
42685, 138
30509, 549
22310, 963
35798, 107
5395, 417
62515, 634
44431, 637
46291, 314
53800, 573
69239, 792
30590, 589
60507, 799
68694, 499
22123, 994
44435, 149
15396, 421
50751, 101
41217, 855
53494, 128
18328, 385
31544, 689
53848, 636
10116, 529
54525, 217
50694, 439
55315, 587
32447, 343
22075, 583
9958, 140
58624, 666
53462, 930
29124, 265
3049, 899
10152, 636
52007, 159
59019, 262
66319, 1
39474, 423
46681, 914
25183, 531
54259, 38
63643, 971
63761, 988
2362, 107
50003, 382
3076, 651
67826, 960
32783, 643
11888, 962
35248, 730
7466, 902
46929, 318
27197, 950
20373, 778
24389, 750
27595, 860
22037, 56
66461, 756
60410, 818
14919, 391
64614, 880
22220, 332
54651, 392
49594, 579
672, 37
50660, 418
27702, 504
9844, 688
1179, 103
43518, 344
38403, 948
34894, 222
44636, 723
51588, 925
23667, 826
16464, 836
52047, 970
59518, 2
49529, 722
66664, 928
69161, 318
57494, 202
69202, 204
31098, 833
64727, 679
8712, 717
44392, 89
52468, 148
41709, 264
68443, 988
62804, 368
47448, 167
7175, 391
53076, 953
27435, 181
62924, 468
14641, 21
58181, 154
62912, 465
14327, 424
38525, 581
11176, 6
62160, 625
22631, 976
21838, 371
32865, 131
11523, 472
35883, 738
6145, 66
52662, 295
68237, 473
67093, 993
28215, 56
22215, 8
38052, 18
51358, 171
9370, 72
4220, 988
62683, 864
28816, 791
17095, 122
7151, 193
41723, 242
51876, 86
66537, 978
20942, 63
40474, 338
44019, 138
47326, 951
69519, 53
66284, 536
54514, 914
51838, 764
65003, 133
57442, 692
25341, 675
27801, 774
59235, 609
47449, 847
21455, 294
37302, 211
1714, 357
14828, 112
7929, 796
3989, 901
38984, 893
27531, 612
16828, 240
37427, 330
65684, 503
54028, 41
29853, 585
9761, 946
1633, 236
24482, 241
19797, 667
25088, 151
20357, 583
93, 90
10668, 357
22436, 703
50406, 603
14853, 231
61572, 56
45325, 188
50998, 566
32362, 343
62573, 978
28491, 825
63127, 389
61828, 630
67429, 915
69563, 414
66654, 399
18865, 666
43190, 386
6107, 944
49632, 820
69513, 12
52847, 408
52573, 62
22263, 28
28028, 252
48493, 102
62802, 678
13657, 991
60803, 924
65223, 418
25562, 629
36855, 13
32474, 320
53388, 927
36931, 525
28856, 775
19017, 355
9445, 895
6074, 598
14475, 992
2874, 637
47746, 631
26827, 522
7522, 927
4777, 259
56905, 676
42829, 100
55515, 275
68648, 343
6276, 849
32785, 588
25070, 236
49867, 5
14034, 442
28464, 879
17613, 709
39903, 511
57457, 476
41175, 371
38193, 80
52227, 399
33045, 248
2704, 334
67349, 767
40531, 564
44721, 212
65391, 506
63616, 19
58719, 203
44459, 189
45140, 678
69928, 9
31995, 285
10461, 417
40987, 438
15785, 482
58641, 724
25298, 321
36529, 959
30675, 160
12748, 8
35980, 94
34222, 76
13772, 866
32118, 192
56779, 310
61088, 598
30074, 801
65972, 962
38545, 665
6259, 855
26464, 874
33085, 744
44698, 266
23057, 928
54226, 575
39918, 956
68387, 409
6111, 41
28282, 273
25266, 891
62373, 108
26796, 114
1070, 539
18483, 389
32042, 948
10677, 190
13249, 534
25049, 772
26853, 791
3213, 90
41477, 874
31594, 124
23717, 69
35919, 488
55967, 384
36202, 405
22379, 376
27940, 245
6007, 678
58105, 195
57406, 401
22566, 592
22527, 694
31703, 378
55026, 241
22542, 276
26867, 814
12785, 609
4887, 480
50524, 631
28016, 748
43169, 494
56039, 748
51639, 536
25228, 142
54555, 239
17972, 601
53476, 295
43722, 42
61536, 175
39801, 218
43316, 599
29492, 348
65471, 867
42903, 18
15872, 744
54853, 744
41431, 26
29038, 999
17786, 788
23064, 831
27873, 402
45231, 242
9794, 356
14940, 405
16952, 954
24278, 143
7019, 660
39317, 241
55730, 704
65102, 479
35441, 616
8019, 873
9721, 174
44695, 665
50908, 514
66208, 765
44317, 983
21307, 851
53970, 576
69366, 982
45768, 729
8222, 877
35401, 264
22559, 634
51343, 741
6206, 15
9915, 339
33726, 381
55841, 935
53898, 140
47580, 665
4240, 125
66673, 955
12993, 782
62474, 760
68377, 825
48971, 143
26291, 341
60942, 624
57275, 197
51679, 133
11598, 969
40126, 174
55764, 825
39554, 320
20261, 290
23471, 353
45792, 933
2329, 689
12013, 201
59389, 434
20989, 807
26104, 248
44799, 762
10915, 603
57537, 895
53795, 972
13153, 431
792, 871
57521, 950
10125, 823
43779, 756
29029, 49
69908, 281
67356, 618
61731, 969
23013, 519
57955, 45
55109, 172
59285, 401
45116, 656
22343, 404
66369, 389
44601, 866
38303, 795
60654, 262
24938, 136
54619, 42
40848, 569
29129, 555
3242, 287
32714, 460
63438, 371
22608, 456
33638, 840
38169, 537
6826, 339
19842, 409
39426, 640
32300, 936
50861, 248
45022, 379
62008, 880
59785, 937
23407, 531
38430, 397
26088, 281
41624, 728
29243, 925
41055, 380
55374, 760
45622, 82
67806, 715
16273, 962
55877, 145
57889, 859
34195, 334
14334, 859
17528, 58
64249, 743
22715, 615
26350, 655
5388, 158
65945, 259
66452, 467
43601, 144
31763, 365
42875, 2
63621, 136
66229, 836
65917, 220
65977, 499
46866, 747
30401, 818
16737, 51
22004, 969
47355, 961
19733, 683
10703, 756
13059, 607
34753, 842
4179, 888
22294, 649
17932, 815
36056, 438
24380, 87
51205, 469
33110, 196
47462, 961
59135, 501
29976, 72
35871, 880
42296, 685
39221, 900
30176, 807
57701, 2
69961, 637
25747, 510
61285, 977
22079, 214
54780, 397
12798, 947
52200, 105
43805, 653
16849, 955
8342, 159
25924, 365
30941, 334
21263, 606
61850, 204
11614, 507
62393, 659
60316, 975
55620, 639
22511, 134
30023, 692
6887, 726
17404, 846
31323, 817
2928, 695
41749, 943
22748, 356
56307, 189
2231, 135
65834, 175
50544, 276
24381, 394
4464, 920
56739, 639
20408, 526
7639, 53
45061, 98
19281, 731
37963, 101
17590, 80
24480, 228
5901, 561
50819, 313
50215, 548
4632, 919
59602, 733
40441, 667
48851, 125
68966, 27
29915, 131
38780, 393
31733, 268
63508, 1
22910, 629
30189, 683
17314, 299
43711, 467
41856, 126
16791, 542
29646, 912
48322, 389
10806, 694
40964, 419
14171, 942
67035, 805
62987, 332
46255, 61
53564, 321
2890, 778
16883, 421
21016, 833
43847, 319
58363, 620
18693, 831
43226, 402
35923, 146
62484, 536
1665, 284
67577, 630
35608, 859
26461, 156
20352, 961
36036, 981
30364, 598
37917, 702
68863, 199
49502, 159
33593, 154
68563, 924
35287, 461
25107, 456
14815, 296
55630, 658
31929, 522
17101, 73
23213, 922
6407, 487
7025, 357
49898, 320
12110, 470
60246, 307
11972, 21
8534, 729
23392, 918
10034, 522
35561, 867
69655, 564
50608, 990
57636, 727
28929, 678
47796, 28
44375, 873
31332, 524
65002, 152
69950, 389
52416, 16
57230, 209
4528, 694
1467, 686
37432, 70
624, 39
61766, 206
11484, 710
48159, 687
18680, 682
66777, 473
9018, 367
21015, 932
56333, 622
50148, 252
69390, 930
32227, 745
45676, 936
21571, 494
31232, 552
54676, 360
25769, 926
56496, 614
45731, 889
15924, 141
53307, 639
31705, 64
50569, 651
15765, 196
4395, 170
15288, 33
2374, 680
29610, 851
12925, 75
3721, 841
45628, 582
36830, 66
41992, 88
2617, 458
66463, 665
32142, 655
57708, 604
6993, 508
65369, 12
54138, 959
32861, 635
37824, 601
62416, 528
17820, 143
9117, 314
58202, 541
17285, 649
67366, 995
56485, 652
24985, 324
40826, 6
9904, 478
25137, 411
67676, 8
20968, 928
22166, 41
27773, 436
28335, 976
64213, 336
65963, 510
58395, 316
44480, 784
18814, 752
25312, 875
46015, 909
53250, 685
53109, 429
7356, 326
36867, 763
12558, 589
4797, 365
978, 911
66167, 44
26374, 90
56108, 769
62857, 693
22548, 291
66596, 68
14063, 219
21226, 617
57294, 554
34604, 148
35510, 768
54292, 106
36985, 582
18615, 75
7708, 613
19483, 748
58370, 752
30489, 981
43466, 383
69538, 428
52778, 611
8501, 194
4245, 216
22756, 826
44159, 370
65170, 661
41611, 858
45114, 848
63445, 900
61032, 355
29300, 634
37421, 824
50937, 139
13384, 512
60843, 519
119, 968
20521, 644
37929, 190
33848, 633
50024, 413
62580, 785
29617, 754
29171, 770
56199, 687
49545, 623
25988, 37
51665, 631
4991, 309
69589, 56
13089, 835
31605, 63
3523, 531
5627, 837
52826, 892
22029, 640
711, 169
47884, 437
68354, 739
26446, 22
57180, 126
59219, 214
62464, 447
5568, 403
54560, 384
41082, 299
64873, 437
2370, 396
39286, 37
63661, 817
2760, 491
37118, 318
61799, 432
11801, 325
31663, 438
36178, 354
62763, 166
46863, 199
4594, 609
45348, 229
31547, 109
30124, 379
54336, 219
25964, 366
66845, 31
66093, 5
32454, 434
279, 7
12089, 810
16926, 843
25187, 637
20826, 540
64939, 355
9453, 840
32749, 182
33993, 640
48214, 940
14971, 675
10268, 70
16454, 764
29738, 732
17815, 450
10724, 765
22802, 611
32538, 906
27493, 927
30703, 812
10987, 818
66600, 720
19497, 644
66422, 711
34899, 299
43762, 188
9458, 255
68573, 331
19289, 29
50220, 432
38189, 120
65101, 113
29415, 478
1232, 42
58223, 885
62595, 383
52214, 446
15959, 752
49714, 43
36169, 350
4122, 366
64932, 488
30728, 242
55014, 457
18312, 733
9044, 961
49874, 587
35678, 480
31384, 965
12479, 458
27441, 696
8566, 588
22247, 265
34446, 340
29676, 956
51021, 265
3632, 582
61287, 508
48522, 841
31090, 268
17860, 538
38204, 727
15243, 322
50374, 900
6174, 530
52452, 820
36139, 158
61565, 848
40881, 586
6016, 555
69444, 84
40799, 947
1274, 307
7081, 155
31277, 280
6082, 684
9921, 631
55095, 862
43524, 258
27907, 637
37228, 149
4582, 367
27306, 246
65405, 320
32027, 751
49115, 781
14159, 330
53982, 873
49400, 198
5813, 622
55396, 797
50720, 170
65074, 329
25367, 464
54956, 945
17365, 970
24496, 289
56349, 218
32820, 350
55721, 737
56436, 757
13508, 764
45842, 358
30107, 705
40601, 508
50427, 989
28454, 99
52017, 474
56930, 329
20077, 332
66052, 104
7947, 383
58870, 113
69265, 774
56595, 16
16312, 604
48845, 79
21029, 284
3511, 157
33578, 337
18221, 648
45127, 539
66504, 614
34149, 547
48484, 382
47266, 685
29894, 993
8903, 236
54187, 728
19336, 234
66558, 655
20489, 862
7247, 768
18465, 664
46164, 457
9877, 32
46623, 866
25512, 159
35639, 367
1895, 596
31443, 386
57542, 353
39484, 489
66310, 604
47095, 386
39912, 1
63243, 748
24864, 672
33344, 800
34416, 177
28626, 229
18126, 939
59004, 753
17763, 124
48432, 814
40267, 217
659, 157
3530, 246
24117, 926
59815, 821
17712, 465
12864, 256
36712, 92
31081, 343
2650, 645
50616, 563
64366, 638
241, 813
68321, 922
54134, 759
29311, 991
58979, 919
52763, 372
17523, 865
58983, 443
33395, 388
566, 879
34857, 32
67280, 478
39024, 327
39282, 680
11945, 752
7959, 535
62964, 689
62296, 508
23706, 430
39641, 751
8490, 840
64093, 336
34906, 235
8473, 345
55922, 783
750, 439
68201, 326
36913, 248
1300, 406
17438, 693
61653, 58
59065, 619
57114, 396
62348, 593
62601, 270
11689, 974
27461, 419
29175, 605
9352, 630
30878, 664
50103, 299
46750, 884
43392, 970
55570, 336
52792, 687
13807, 296
65584, 379
43010, 728
8200, 16
57954, 229
11968, 370
8808, 72
38531, 176
26692, 608
52339, 292
61029, 310
35619, 922
38791, 500
20634, 879
29704, 474
51660, 585
56125, 698
65099, 975
43961, 256
20572, 79
30295, 123
53315, 566
33260, 613
2050, 381
48328, 148
43105, 901
38307, 310
58301, 106
67006, 10
14610, 311
38692, 695
63952, 497
1476, 381
36934, 397
35931, 658
68802, 82
21479, 141
10897, 42
45266, 465
8475, 299
30293, 147
20405, 815
46514, 547
35511, 714
21498, 609
1703, 2
20378, 484
20915, 48
52978, 399
20237, 955
2241, 865
921, 892
50389, 927
18623, 175
2601, 774
20962, 928
63741, 552
29657, 218
35107, 205
12232, 522
37920, 46
13641, 474
8002, 546
50393, 553
8963, 473
17769, 695
41942, 578
48265, 523
15903, 789
28722, 405
63160, 440
44574, 650
47274, 876
23888, 222
63397, 979
26699, 634
52942, 50
44127, 176
36262, 491
23945, 743
3873, 77
3173, 133
42692, 426
8039, 72
62864, 737
60795, 16
49397, 353
2036, 288
62000, 108
43454, 413
58948, 840
11280, 992
42977, 360
58969, 264
31346, 123
61685, 486
40948, 65
56444, 448
44986, 464
11502, 178
48197, 627
64721, 337
9735, 809
52099, 977
37144, 460
51295, 960
28255, 928
17725, 838
68162, 547
42687, 535
28046, 806
28895, 250
10686, 230
62655, 465
39361, 118
7263, 271
36679, 935
18499, 194
56691, 810
25119, 1000
58552, 596
69469, 543
34316, 636
61119, 907
21517, 438
35023, 145
32382, 16
18945, 297
52545, 928
33921, 593
25084, 695
29662, 566
60156, 697
50850, 375
23820, 682
58454, 870
45291, 52
54076, 21
47187, 178
64963, 949
22248, 877
46288, 605
31212, 505
26675, 198
56918, 370
48375, 867
49083, 522
62144, 669
36729, 14
21671, 144
67966, 905
37430, 703
3863, 539
17321, 482
51022, 210
3970, 127
17963, 144
5206, 971
42183, 850
53967, 32
46383, 782
32238, 86
15526, 316
51345, 207
13128, 680
59940, 177
5780, 732
15539, 23
9253, 552
51698, 634
31024, 182
50679, 65
32029, 727
35112, 567
41410, 24
27093, 845
23943, 223
56140, 336
39887, 677
69681, 123
66362, 321
26703, 15
64966, 489
60802, 614
45559, 208
8989, 600
51370, 111
61200, 986
65277, 461
56181, 983
33977, 282
51878, 106
23687, 891
39820, 911
17398, 567
14053, 563
64053, 378
34011, 324
42544, 931
68582, 439
29350, 602
8630, 839
59512, 55
28350, 491
46495, 369
13486, 256
15060, 776
18646, 231
27463, 266
66645, 838
8976, 287
51121, 700
33399, 314
48252, 820
4047, 656
9837, 317
12881, 360
61696, 81
2011, 555
37399, 758
1134, 481
59514, 345
20122, 328
13842, 243
25987, 208
62966, 69
26357, 887
67823, 566
56970, 911
63993, 788
19875, 815
28672, 961
18372, 65
36761, 641
5017, 110
18214, 735
11961, 457
17881, 371
10356, 55
47956, 29
6120, 987
26505, 415
27893, 728
42465, 935
69803, 361
60133, 487
56470, 853
33899, 177
11473, 759
35090, 77
13806, 421
35583, 925
56806, 680
22653, 349
60589, 246
7352, 271
41531, 962
50453, 324
2256, 110
40847, 356
5525, 835
21706, 929
31036, 217
13218, 798
46222, 349
66699, 394
67267, 326
1729, 516
61188, 287
36054, 323
58687, 401
38427, 224
23234, 88
45161, 343
3001, 831
40074, 571
35981, 888
47493, 811
5264, 301
63884, 192
69173, 389
52435, 554
69171, 316
11491, 439
54909, 853
4727, 940
44452, 647
49305, 858
14851, 598
15981, 254
21076, 274
5340, 280
16568, 766
62647, 766
68326, 6
31111, 470
27239, 279
56373, 679
51300, 143
23030, 22
5269, 212
12452, 855
14553, 709
28042, 901
51711, 290
46845, 182
32294, 566
32537, 559
33411, 757
26635, 31
51112, 310
30234, 935
68627, 247
13414, 237
20508, 719
44713, 725
14465, 233
15717, 981
69867, 915
27218, 244
44855, 104
4125, 934
35077, 77
15570, 893
53084, 492
40907, 704
18794, 144
68286, 74
32407, 492
22717, 836
36109, 403
8170, 385
33691, 759
6248, 158
42626, 641
52221, 457
4544, 528
57656, 783
49762, 365
61372, 320
18730, 623
15853, 989
7763, 227
14312, 287
45680, 811
33556, 876
33998, 98
41859, 150
25812, 376
57309, 199
67403, 524
31127, 248
56751, 895
8740, 193
16747, 681
46665, 216
2354, 858
47932, 337
51435, 625
24426, 73
5784, 838
36960, 285
49062, 876
2868, 471
24587, 37
8912, 289
52219, 428
16921, 393
18276, 747
46244, 15
2262, 589
40655, 218
15428, 314
19890, 969
32967, 431
48948, 764
17791, 778
34549, 239
387, 795
6823, 553
10165, 950
13365, 241
16126, 455
33454, 788
26197, 920
62388, 681
40853, 383
65780, 484
16106, 615
8496, 590
36103, 742
69909, 240
25655, 652
27074, 414
23758, 266
49362, 89
60669, 807
41802, 221
65809, 859
22932, 313
40133, 642
284, 984
22167, 531
19873, 354
25274, 243
9237, 857
35740, 129
58652, 661
59068, 649
31698, 388
21552, 875
1326, 979
6821, 3
57013, 409
10787, 782
5224, 623
69382, 617
4278, 274
49558, 677
12017, 135
59445, 369
60429, 99
56075, 617
37772, 187
9816, 15
69683, 159
3862, 473
26273, 521
52635, 406
28484, 53
34988, 24
35984, 867
11254, 124
48028, 867
53290, 884
48697, 32
38046, 470
54328, 251
18675, 94
19859, 909
26812, 351
14634, 874
3997, 805
52272, 942
49612, 967
43751, 395
16631, 875
36331, 353
48141, 638
65631, 137
36640, 251
42601, 343
43345, 366
17981, 366
65800, 142
49266, 366
21131, 495
61083, 748
12744, 797
11007, 518
53029, 823
53449, 336
49253, 48
61824, 71
13299, 385
42158, 608
33014, 804
19237, 238
66190, 636
45052, 817
43484, 130
41717, 744
41343, 352
39499, 802
52348, 984
40121, 637
3731, 117
45701, 16
27052, 404
47861, 885
31500, 178
20275, 989
18450, 728
50631, 696
36105, 175
53204, 280
47890, 301
35203, 332
11315, 194
9459, 369
38175, 1000
45440, 246
21443, 892
67281, 950
64687, 148
11464, 255
64567, 564
16611, 377
46992, 848
18873, 958
53111, 29
38819, 934
9757, 606
13312, 511
52812, 72
38071, 34
29788, 270
30546, 524
17315, 114
48393, 277
17988, 605
17744, 231
47157, 120
19932, 774
60131, 127
32686, 783
6449, 274
34805, 180
17566, 848
50464, 951
44055, 379
7590, 824
68828, 508
46561, 134
20828, 566
6503, 225
17612, 573
16425, 114
61913, 816
68452, 690
24256, 30
28631, 116
46636, 52
4323, 106
50239, 454
30434, 862
35393, 208
19209, 459
40161, 397
55439, 476
65084, 200
62507, 305
59600, 479
19252, 243
11588, 361
20672, 991
28543, 403
5874, 133
19607, 725
43683, 738
60181, 627
39644, 926
31002, 650
52234, 348
21572, 417
16196, 556
59856, 174
42198, 355
7788, 139
49108, 655
50651, 41
15527, 27
52428, 37
32595, 377
28070, 695
20762, 232
30639, 640
67503, 551
50642, 677
40567, 249
63294, 349
24851, 99
27822, 529
7421, 150
3542, 387
32430, 345
25600, 806
25860, 897
35564, 234
4552, 13
5889, 236
2142, 340
12992, 990
66088, 330
33177, 766
49605, 524
45046, 750
33434, 91
7997, 428
46415, 715
61680, 693
15657, 723
2443, 889
10082, 158
16750, 218
29728, 553
31535, 852
50493, 127
50917, 958
16068, 441
26862, 403
51829, 601
64906, 720
28249, 947
14886, 839
65058, 722
36245, 460
25816, 68
24520, 845
12540, 35
11410, 170
58304, 104
22662, 364
34730, 702
34457, 909
35699, 18
61787, 26
62249, 163
61121, 258
50901, 790
36634, 358
27142, 542
63589, 647
18584, 265
58672, 961
33300, 402
43677, 116
4428, 249
15470, 7
67870, 468
60687, 971
58779, 701
6814, 798
33883, 940
35399, 829
54921, 37
969, 512
41270, 380
6933, 389
26227, 251
59161, 85
68705, 976
68575, 487
28204, 350
34588, 782
5202, 992
36309, 598
68907, 210
7578, 217
60352, 364
68915, 300
65598, 381
65200, 905
10644, 260
61703, 505
14081, 542
39292, 663
67883, 573
1346, 210
4707, 956
40838, 287
22342, 852
51663, 601
14332, 74
38438, 753
43937, 38
44769, 660
16226, 132
45227, 782
53950, 816
2670, 169
8673, 101
31095, 147
67920, 41
743, 598
53528, 108
59436, 806
57355, 767
67952, 97
4954, 497
51809, 867
3710, 985
4572, 221
8958, 593
9139, 122
58025, 418
25835, 11
43164, 917
51972, 828
34674, 509
64194, 907
35041, 691
7721, 668
9326, 61
47909, 538
22853, 675
60362, 907
50420, 369
35275, 129
42344, 400
66725, 995
8758, 700
9547, 618
39117, 136
26302, 396
54308, 583
41274, 640
34746, 738
7536, 73
28375, 446
4238, 276
46797, 721
44134, 459
31401, 699
48665, 773
28839, 98
50972, 916
13034, 218
48681, 4
69465, 324
23427, 828
67556, 335
8284, 15
22504, 625
19244, 243
36409, 211
7762, 507
41211, 925
26451, 913
30262, 749
33297, 821
48220, 14
25817, 880
52780, 770
56544, 591
16894, 448
27182, 683
26539, 235
69866, 152
32844, 539
40162, 395
51374, 897
16375, 774
7717, 148
13655, 284
6973, 144
54333, 634
7619, 39
36203, 305
36403, 256
41663, 884
10608, 808
37129, 253
63801, 934
33624, 806
34659, 926
68503, 218
31597, 599
9156, 854
44555, 615
44311, 373
68172, 961
27504, 775
63811, 824
46523, 277
19571, 476
57591, 505
60812, 762
37677, 867
43157, 924
48364, 606
27210, 755
42168, 640
36549, 848
14902, 55
39589, 566
16162, 319
7810, 778
1528, 417
25920, 766
29163, 691
21480, 782
58692, 83
18186, 982
49564, 707
53149, 741
45633, 213
66410, 970
54867, 446
4520, 915
3165, 900
66954, 582
9373, 435
16603, 339
66273, 174
68191, 678
2468, 881
19529, 132
11509, 813
47385, 112
9536, 498
36718, 536
24847, 403
65571, 894
3994, 847
31848, 214
40720, 887
53997, 390
45494, 821
428, 812
30662, 929
2651, 569
30775, 852
27921, 699
18651, 338
35652, 34
54618, 272
38893, 685
53132, 370
7176, 808
45486, 361
42655, 767
45450, 589
55417, 766
24379, 197
23766, 241
51189, 657
13989, 840
9941, 761
3999, 706
63899, 792
11520, 846
5249, 197
42338, 306
18443, 876
34642, 612
54493, 378
123, 507
13109, 67
19235, 348
23684, 259
47313, 484
1305, 112
27576, 742
32585, 152
12203, 303
62065, 208
55239, 527
56958, 253
65626, 984
3886, 811
13919, 24
66783, 780
14498, 627
5572, 636
59164, 211
64169, 770
22261, 518
47073, 60
13801, 838
38658, 106
39720, 821
49684, 287
64232, 938
29708, 7
55447, 699
12257, 553
748, 567
13539, 240
28307, 420
65775, 489
734, 270
22354, 120
14192, 318
49206, 903
48420, 990
14676, 336
68739, 17
39137, 289
65278, 61
43272, 229
20050, 612
52124, 528
37319, 86
12494, 635
49987, 150
56992, 51
6662, 270
53677, 483
33986, 839
38938, 92
42559, 348
4768, 747
68934, 755
34979, 912
57835, 412
42609, 251
6850, 464
2192, 363
53432, 624
51456, 818
62903, 305
52496, 813
52027, 299
16118, 106
66035, 68
61322, 371
65030, 18
12911, 529
57931, 713
28666, 269
54417, 345
25174, 262
33193, 96
33773, 918
19739, 462
18108, 236
59384, 853
10035, 676
13517, 401
35173, 941
14234, 630
54197, 187
3331, 313
11810, 571
8098, 914
67408, 103
7416, 927
55852, 730
59324, 377
32684, 434
65560, 587
9012, 819
46277, 638
57615, 793
3191, 414
54984, 196
39971, 569
35459, 519
35163, 477
53074, 968
9364, 120
18888, 77
52458, 189
66531, 161
1910, 193
48684, 837
57985, 88
10860, 744
20444, 435
37891, 649
60723, 637
39328, 967
24463, 75
44902, 708
62081, 617
57071, 903
26205, 621
62812, 604
50600, 651
51387, 995
9414, 705
43728, 823
40520, 735
5276, 857
51623, 816
66225, 689
25641, 228
14126, 321
42775, 149
55753, 545
13923, 220
13162, 742
46032, 629
28840, 734
7360, 715
8797, 953
19489, 742
47907, 277
9567, 583
13311, 699
50057, 461
69560, 142
41757, 582
32348, 396
31776, 649
9027, 423
12488, 350
22565, 123
14016, 328
44152, 716
47764, 922
11226, 343
26398, 798
12223, 515
46994, 553
48829, 398
12764, 96
29293, 852
59755, 400
37316, 957
4199, 161
40462, 577
21642, 840
61453, 54
40970, 15
15302, 88
50136, 146
51238, 676
28345, 544
44500, 693
48709, 564
9887, 757
55170, 678
59044, 157
67499, 213
35717, 282
8309, 580
50030, 292
30747, 811
19876, 526
51595, 406
57962, 38
56681, 116
13999, 290
67428, 499
52707, 903
6804, 260
38495, 288
15881, 922
44082, 197
68010, 898
13645, 998
1211, 243
43307, 410
11955, 605
6763, 20
35523, 244
48113, 759
39541, 283
8013, 118
62600, 483
2671, 469
56316, 60
68422, 158
52968, 958
60576, 995
10697, 79
30471, 424
23750, 653
48034, 475
7306, 769
2247, 985
64848, 615
34600, 474
53767, 191
57483, 365
34033, 144
58919, 100
68615, 757
63826, 221
38, 124
43955, 143
63781, 588
65840, 148
23526, 529
6295, 35
11312, 519
11333, 71
6880, 875
35221, 662
46283, 764
42557, 546
18270, 408
19692, 921
44818, 102
16003, 582
20663, 94
43306, 516
33279, 38
47239, 636
11080, 144
69559, 265
49311, 198
34307, 286
68309, 107
26413, 751
65931, 203
23256, 841
66710, 152
10283, 358
47715, 676
38379, 9
27394, 930
20889, 205
25913, 645
27926, 329
19150, 438
44077, 582
7047, 530
43512, 286
43066, 650
2168, 808
59959, 65
36173, 713
18834, 720
7620, 765
275, 665
47695, 500
15048, 743
51134, 354
47912, 320
9936, 210
44050, 883
47677, 683
56260, 284
39833, 270
35297, 955
46910, 99
4091, 313
21398, 475
34310, 907
64600, 655
26013, 329
42092, 841
27668, 216
11444, 456
14046, 555
40324, 946
56345, 209
22126, 431
41058, 57
33713, 328
38603, 440
33031, 712
36735, 506
60746, 646
28519, 370
66073, 180
49113, 191
22603, 290
34582, 741
11877, 500
65006, 461
33807, 926
48449, 927
34726, 415
13559, 679
2728, 217
3293, 355
51692, 112
17439, 995
61118, 773
6390, 872
65496, 103
60169, 28
18654, 285
35792, 989
4146, 7
11287, 173
12512, 411
63516, 779
31659, 573
62080, 991
53317, 770
55690, 36
13718, 245
68974, 710
41793, 60
6480, 276
69926, 746
34395, 332
17065, 448
48168, 318
13882, 447
10337, 367
10979, 570
64111, 150
7626, 284
824, 245
12826, 462
4636, 162
21042, 413
26775, 557
44483, 456
31614, 741
21526, 14
59833, 30
40888, 763
44704, 702
69888, 267
38436, 191
40718, 360
39127, 902
1694, 459
7802, 896
19625, 33
5507, 885
49238, 49
36790, 674
55465, 215
65335, 173
10758, 766
4149, 948
44920, 318
12606, 567
68460, 783
65553, 254
26255, 888
62063, 452
25074, 368
21762, 785
28142, 251
5129, 619
60842, 926
34374, 150
22397, 788
29223, 493
29045, 893
59720, 531
44914, 543
4378, 406
43761, 472
19227, 613
59806, 438
19788, 355
61400, 735
30297, 608
43844, 391
64787, 25
35373, 595
15237, 230
48855, 851
43964, 554
49140, 417
16131, 101
16451, 624
65360, 292
37405, 864
55004, 177
68984, 896
55169, 961
31857, 618
12999, 103
11514, 678
53896, 153
51794, 871
33778, 764
49889, 722
68806, 135
56040, 380
57956, 728
40469, 804
25938, 338
8666, 629
32637, 281
37233, 37
45149, 674
37350, 448
14545, 107
17168, 496
63046, 216
68605, 119
18155, 260
11203, 660
44610, 933
38544, 868
60821, 330
56200, 471
62124, 159
42174, 140
35047, 295
67594, 362
15284, 618
46913, 177
7542, 682
11035, 688
54634, 792
22325, 563
20139, 225
12253, 485
55278, 958
2539, 109
31105, 761
58549, 310
38724, 595
30379, 836
51015, 406
16836, 504
50698, 416
63549, 843
17087, 375
46841, 380
61439, 810
23332, 955
42357, 9
46440, 141
16624, 849
9949, 891
66816, 377
50064, 812
34217, 962
59390, 95
61866, 812
27804, 269
2937, 126
38044, 391
25652, 208
9052, 871
47630, 744
8854, 86
27066, 939
15518, 54
50506, 9
1456, 586
59498, 712
64285, 943
9607, 457
16965, 490
42216, 242
32499, 989
55431, 695
20388, 830
58054, 602
14627, 190
39451, 77
20476, 202
36906, 567
66584, 485
68997, 127
2524, 516
60931, 193
18640, 451
25691, 675
51329, 247
6489, 829
10679, 614
7503, 212
30180, 264
46140, 372
5177, 931
56729, 344
14089, 825
26156, 143
6894, 359
36575, 366
47414, 38
65620, 399
59957, 222
21447, 333
10277, 23
18672, 151
3373, 68
26006, 111
63540, 514
8136, 182
10713, 659
33295, 212
43058, 55
32196, 328
58013, 889
5944, 354
7196, 644
34490, 463
12669, 838
55195, 668
27293, 469
68316, 965
15447, 609
26594, 889
6098, 473
41940, 275
68091, 422
45963, 850
8497, 988
51017, 922
61362, 604
15800, 120
13224, 835
15815, 849
66749, 258
66817, 285
18463, 432
63555, 596
48242, 859
26325, 561
42567, 669
8733, 454
37047, 426
52140, 269
66806, 6
13009, 58
3359, 35
57250, 872
28144, 636
52387, 551
33016, 799
22425, 964
54086, 407
19360, 733
27495, 482
21493, 396
59985, 887
22897, 20
44469, 543
1088, 641
63529, 349
28126, 458
53659, 744
29748, 393
50045, 800
13487, 290
2352, 806
40219, 32
43443, 9
67256, 349
57604, 959
25233, 427
36500, 997
25448, 491
65567, 721
41728, 958
65329, 52
20513, 97
31069, 885
46038, 839
41515, 785
54168, 27
7076, 485
68138, 710
39466, 4
52033, 695
26974, 469
6303, 323
4461, 307
19775, 388
105, 814
20527, 285
33572, 454
44870, 984
29011, 683
9072, 856
3083, 695
14711, 163
20835, 731
32191, 418
56368, 140
22675, 759
41504, 452
56189, 177
67308, 396
64663, 839
18081, 412
25965, 170
34218, 814
66367, 830
15357, 612
47015, 644
49178, 50
29132, 465
7172, 953
68297, 712
11812, 766
35122, 516
26037, 232
10457, 960
34427, 200
15043, 895
23031, 663
63984, 946
60838, 408
53079, 830
40048, 605
63412, 143
15226, 677
2002, 114
53162, 489
38060, 472
60252, 453
46799, 70
39276, 638
19532, 244
2324, 168
50377, 456
2864, 958
40073, 134
57624, 413
22541, 803
54544, 614
68454, 229
69811, 57
5763, 110
52281, 110
68656, 693
8888, 27
31608, 433
48719, 769
27718, 407
57193, 496
22607, 263
793, 634
11966, 969
21882, 411
233, 701
30875, 175
45370, 973
50826, 633
31770, 523
15512, 441
27677, 348
69205, 931
61408, 781
50811, 621
59180, 612
23133, 75
59333, 565
32399, 457
38906, 789
61167, 804
61851, 79
37621, 560
12609, 559
10707, 156
30260, 951
9384, 982
35326, 238
17948, 629
64519, 55
64067, 970
29962, 532
42555, 524
51186, 160
15254, 120
51123, 93
50670, 168
65784, 78
50100, 807
55006, 554
58796, 319
21512, 715
30985, 535
3307, 593
12076, 857
6994, 284
35374, 196
12528, 286
15650, 544
13000, 803
12563, 128
12526, 200
62150, 500
64717, 356
48441, 605
15102, 89
46565, 571
57545, 381
64664, 969
38009, 120
18021, 765
14265, 770
19547, 60
11323, 483
68394, 279
33126, 986
60302, 630
45549, 713
36115, 211
22583, 77
6382, 393
43668, 122
22285, 218
17406, 954
6778, 100
29107, 672
27380, 281
26218, 550
27537, 906
22269, 563
3091, 403
33418, 72
65018, 35
3644, 561
43469, 316
47311, 639
43558, 650
54949, 832
45302, 513
16027, 332
51132, 324
27750, 233
28999, 403
4543, 861
44299, 693
28886, 905
60042, 218
24563, 83
13390, 316
19153, 611
331, 371
28393, 125
12898, 578
9900, 199
2926, 479
55270, 773
27471, 843
15809, 175
38153, 86
46294, 857
37661, 567
31828, 965
7718, 473
37788, 422
50019, 625
60423, 982
4507, 836
35050, 37
47440, 78
36041, 83
55253, 67
54458, 143
53475, 415
15070, 393
9466, 73
6230, 131
51380, 530
19615, 259
63845, 729
20730, 270
16295, 918
24126, 700
30269, 308
50450, 486
18767, 486
66487, 63
69903, 918
60703, 851
50196, 321
29248, 351
17322, 981
10701, 853
7520, 215
35303, 833
3736, 709
36859, 905
18390, 457
210, 229
50623, 0
65578, 973
28184, 20
37044, 105
24115, 781
66177, 362
5332, 519
17297, 278
8100, 131
829, 545
51363, 244
67094, 237
64989, 601
40864, 566
62797, 552
67319, 337
62969, 450
17751, 263
56048, 990
1174, 283
32424, 545
38075, 868
43973, 206
22645, 365
18486, 174
46886, 758
374, 106
68912, 265
47739, 733
23917, 776
68744, 472
65678, 198
42946, 520
15763, 966
27179, 91
23680, 241
43653, 127
37934, 536
5560, 969
24423, 751
41966, 441
8801, 846
3035, 728
47808, 345
46809, 83
36312, 466
65829, 452
1148, 744
9219, 53
4453, 400
54567, 237
34126, 183
7605, 301
2421, 711
62434, 551
12862, 511
48687, 976
20377, 369
28234, 298
16551, 120
67029, 894
62331, 502
12184, 195
51031, 437
40763, 668
6921, 380
30494, 915
34835, 329
14970, 518
22729, 628
16889, 270
20160, 62
61747, 221
67237, 617
50337, 887
67346, 320
37806, 828
25182, 140
18034, 229
50214, 532
42318, 674
18331, 679
68372, 802
43009, 643
42339, 797
61251, 945
49457, 521
23368, 471
4641, 253
9793, 323
5115, 275
67, 543
64497, 940
31167, 754
44027, 531
32187, 678
24105, 282
28810, 419
68785, 334
51306, 494
26927, 23
61725, 864
1210, 250
48596, 592
34596, 462
25597, 75
23592, 576
22751, 450
65518, 416
46719, 24
46678, 348
59297, 498
13777, 166
8454, 191
57252, 60
62996, 503
69389, 835
13665, 664
42066, 400
52758, 850
23534, 114
40954, 358
18064, 62
37681, 965
11819, 551
10197, 673
20284, 294
31125, 987
63749, 763
2470, 857
729, 204
58091, 883
33427, 916
39084, 883
38442, 117
25432, 905
66622, 714
17270, 218
58634, 461
8113, 47
52212, 157
63769, 970
33436, 914
24681, 298
41594, 683
11118, 398
43863, 346
67726, 218
42477, 622
55172, 847
53978, 318
17155, 641
3713, 557
59565, 787
48299, 902
67953, 576
3136, 605
58581, 611
13307, 90
34998, 142
34071, 14
18519, 310
55505, 129
51538, 402
45845, 600
2971, 60
62103, 986
25376, 422
60232, 360
36795, 411
68144, 892
21388, 917
31875, 967
28442, 295
45947, 354
49949, 775
24132, 205
46519, 334
37699, 738
51390, 677
18479, 87
13750, 472
51462, 317
18284, 493
46114, 81
465, 499
8759, 520
61559, 327
36077, 113
9815, 859
44687, 964
25452, 255
33019, 566
20691, 969
20104, 928
10056, 245
55758, 739
1887, 716
66077, 27
51443, 492
34464, 548
36043, 594
64910, 231
63269, 946
54096, 11
22737, 58
32570, 270
62908, 633
28390, 747
18850, 874
3985, 591
38042, 848
57263, 37
40053, 255
67562, 494
9448, 181
35132, 750
33082, 486
2744, 182
12117, 720
58576, 79
55360, 709
65582, 278
26834, 150
67965, 713
10790, 390
51582, 168
8499, 630
2939, 599
7992, 901
63080, 324
62419, 112
4322, 257
28661, 547
17193, 328
37230, 721
2288, 336
67399, 994
26117, 321
18984, 759
67051, 152
41903, 465
11496, 949
46563, 195
11894, 262
24735, 795
31784, 384
28194, 403
32291, 191
30595, 313
48232, 580
14086, 13
10539, 643
39418, 867
67951, 42
22926, 780
23231, 50
39950, 177
2772, 429
62643, 531
23389, 176
20291, 612
44939, 542
33382, 409
88, 499
1021, 622
26099, 304
58802, 174
53310, 177
66296, 306
34005, 336
6518, 166
36051, 34
54243, 397
11724, 133
36623, 470
17655, 694
45802, 484
6254, 844
21611, 241
67061, 331
61325, 388
17838, 209
33281, 489
37736, 140
60908, 38
67038, 117
69552, 956
45803, 473
2041, 39
5279, 507
44504, 210
25382, 131
48340, 52
58956, 991
5283, 429
48778, 849
10400, 277
21350, 970
11902, 204
17487, 970
13868, 939
37142, 469
55112, 261
39829, 833
30665, 795
22423, 211
40437, 712
9899, 192
33433, 130
18448, 843
11388, 440
2383, 660
24134, 219
57384, 254
16959, 455
60086, 573
2121, 608
38647, 475
67395, 939
39518, 233
31190, 51
47557, 478
10857, 954
23252, 789
9545, 162
33516, 832
13928, 344
68730, 711
41196, 811
52495, 413
20626, 259
53118, 546
62315, 510
18825, 779
68099, 367
23895, 551
57635, 891
35120, 469
68229, 187
10114, 79
463, 745
21786, 998
61669, 865
56687, 435
32464, 361
55288, 443
44898, 238
11412, 404
26823, 224
9639, 470
69825, 117
52693, 557
35016, 805
22702, 367
5861, 71
23514, 673
36296, 821
9143, 872
58873, 245
66186, 522
24637, 562
19263, 205
4825, 77
52251, 469
45288, 376
66779, 912
32284, 936
62085, 227
46504, 959
36238, 204
34661, 983
45148, 344
2949, 608
59347, 774
32999, 567
55621, 273
2641, 737
47755, 453
46615, 456
35872, 231
9857, 421
888, 835
53216, 269
50697, 559
46208, 53
54836, 215
53844, 893
7885, 973
45032, 117
25321, 233
66372, 616
15162, 18
13160, 773
17891, 663
38922, 624
40234, 171
37437, 571
11770, 160
7297, 602
66525, 464
66197, 645
1102, 933
20473, 676
15674, 375
38059, 880
9095, 16
62110, 461
3147, 825
54875, 108
38451, 712
10131, 482
10425, 117
9574, 259
9961, 625
5662, 93
30282, 592
55188, 333
42138, 542
31073, 775
1317, 335
26194, 610
23397, 955
20496, 328
28743, 236
30335, 462
51783, 853
23305, 683
29067, 74
32520, 126
25795, 399
15099, 126
56430, 159
24593, 432
41657, 445
4714, 662
61552, 22
38598, 990
49994, 892
31144, 645
28789, 775
33728, 549
45788, 923
11828, 979
45651, 50
41721, 215
1787, 66
47772, 414
60543, 838
62866, 15
23796, 617
42784, 828
43650, 549
61805, 66
56003, 920
24708, 176
45036, 37
29539, 17
20306, 320
45625, 531
36617, 208
60662, 756
45136, 886
48477, 397
53856, 780
36246, 112
53534, 488
20213, 35
55850, 68
21506, 306
23644, 267
3358, 76
46050, 370
730, 232
16842, 477
31585, 103
42607, 425
5621, 767
30833, 974
33814, 975
12627, 41
55623, 108
4270, 720
39048, 720
35901, 861
47706, 724
53696, 127
32095, 814
60116, 849
21816, 669
10939, 362
32920, 997
36654, 858
34941, 640
38228, 253
56098, 220
44272, 349
64817, 320
42078, 349
10598, 240
47744, 960
43271, 405
28962, 540
35320, 635
21121, 688
1972, 174
9600, 573
12247, 562
30562, 829
68405, 65
19994, 9
42887, 645
25645, 248
28030, 399
12930, 351
6595, 873
46488, 181
16919, 496
30844, 959
63746, 80
24436, 601
3806, 688
5689, 488
31646, 402
10462, 180
43126, 965
40645, 253
66989, 324
67879, 666
57943, 320
63425, 0
21062, 208
40478, 810
50184, 601
22881, 545
11093, 121
69996, 100
728, 966
49508, 831
43122, 824
37191, 45
1120, 739
69991, 747
14236, 216
57053, 535
62769, 309
55316, 490
69501, 468
58296, 622
26491, 566
57074, 378
14667, 942
44930, 584
42493, 981
20332, 755
1879, 359
42528, 793
31601, 795
18589, 220
30390, 297
43450, 618
10933, 629
16915, 962
30276, 636
53002, 458
64130, 147
274, 434
25582, 664
25843, 754
67992, 768
50223, 679
41644, 641
36219, 527
24177, 146
19021, 608
42203, 605
68247, 337
40739, 37
14191, 395
59107, 241
37311, 427
28240, 526
11556, 260
2149, 281
59438, 855
10151, 27
56841, 904
17557, 501
58143, 243
47502, 465
34285, 666
26229, 912
17392, 394
55322, 190
12788, 701
58592, 767
17904, 882
56735, 241
37857, 9
63921, 375
33448, 620
23576, 380
37909, 969
35254, 791
47822, 388
13876, 64
33498, 865
47747, 911
26936, 331
38577, 685
47132, 542
47657, 685
36006, 569
52528, 441
21601, 329
40794, 111
7255, 300
15836, 619
33164, 217
5663, 483
19935, 747
13533, 779
30104, 418
27904, 537
23807, 951
48816, 464
11066, 699
48419, 605
38941, 251
31115, 816
60516, 920
69820, 695
61829, 762
60155, 643
48267, 622
24879, 545
217, 209
53128, 267
59030, 435
31518, 96
49283, 549
42532, 128
471, 889
19444, 48
16187, 949
56583, 112
68824, 423
66257, 97
40974, 840
57648, 914
27861, 934
67537, 986
36280, 185
53727, 687
5352, 953
41083, 994
7069, 602
54787, 543
54995, 921
8900, 914
25067, 406
39932, 275
31201, 192
37801, 514
55122, 221
12791, 975
38257, 985
63335, 992
26029, 702
17482, 207
29487, 86
27007, 515
37449, 793
55175, 883
19059, 935
26820, 401
26634, 605
23885, 754
66931, 232
53827, 827
18942, 221
27368, 380
20289, 301
42409, 976
14272, 165
23649, 674
56552, 329
24702, 226
64798, 167
13871, 565
32747, 77
10325, 272
62314, 644
65472, 702
16210, 708
35289, 586
16786, 661
51042, 423
41204, 943
25043, 711
22440, 42
62788, 603
27300, 436
47357, 232
59950, 694
63136, 504
61602, 602
18731, 303
25334, 37
47020, 109
35935, 90
11144, 481
42403, 227
45828, 591
32569, 316
371, 648
33568, 163
68891, 899
54521, 252
32988, 835
144, 825
53521, 36
53921, 628
62448, 488
18510, 400
64691, 649
59863, 990
32080, 318
64109, 775
17683, 85
23076, 337
30483, 308
11314, 336
56712, 320
14898, 275
57158, 382
47534, 651
66928, 182
31661, 356
2263, 75
10395, 943
59248, 72
63783, 446
44000, 959
37333, 204
18745, 959
23791, 192
57414, 280
33592, 650
59716, 463
22638, 541
12374, 811
59414, 990
32280, 39
21394, 778
23184, 922
31558, 100
22597, 407
68711, 146
64763, 37
27486, 295
49317, 159
63872, 20
52646, 940
47882, 356
16716, 226
32812, 450
21211, 549
69492, 686
38782, 626
32285, 880
12973, 590
55716, 887
40786, 269
57451, 863
21482, 487
30329, 60
23337, 202
28745, 419
33122, 645
3557, 965
30464, 735
2176, 128
22480, 800
44008, 701
48306, 492
55605, 950
49349, 694
28967, 779
21175, 206
47304, 666
9753, 463
58085, 44
63916, 683
4986, 592
14253, 992
3699, 69
62550, 130
61256, 719
57372, 442
30148, 796
47413, 703
12957, 131
59496, 476
17850, 692
34435, 536
56944, 488
30849, 275
7165, 474
2925, 678
19019, 442
3149, 271
51997, 174
36096, 229
27469, 800
4030, 840
15101, 503
58199, 625
10076, 580
647, 945
15852, 192
63334, 486
33185, 683
22174, 173
44995, 351
69754, 268
22849, 133
12618, 667
29022, 846
22819, 313
3929, 686
67700, 690
34266, 336
41699, 327
13586, 759
97, 388
67642, 789
38729, 180
12770, 647
64632, 333
47522, 482
15915, 256
14597, 980
18292, 240
21519, 745
19869, 728
65443, 984
21902, 623
29345, 31
47489, 567
37202, 587
45566, 839
22985, 30
68471, 628
1355, 649
46318, 463
59363, 900
62328, 367
63580, 473
1121, 661
69657, 250
52185, 998
16154, 809
66462, 48
30303, 696
19091, 252
57621, 950
21200, 531
59873, 596
14213, 449
50514, 716
29776, 649
27196, 889
37168, 704
18308, 971
54215, 393
20600, 76
42783, 690
67442, 959
27449, 496
37543, 427
29798, 696
17903, 636
11147, 94
66051, 385
18686, 276
40872, 928
3803, 222
8858, 144
67601, 270
35573, 925
46147, 958
11406, 310
57467, 407
18481, 187
19116, 928
6963, 89
6544, 806
43069, 111
36367, 74
38702, 406
51516, 329
12631, 513
19135, 73
10323, 62
33531, 365
53419, 99
63515, 858
61132, 28
22064, 43
54852, 383
42232, 934
55262, 189
50009, 552
63100, 404
8769, 392
48276, 807
6203, 757
58565, 467
28413, 260
40555, 103
31896, 107
32519, 810
926, 566
53202, 658
39600, 444
46148, 39
56650, 659
51505, 240
54444, 684
36833, 398
3981, 272
29716, 499
455, 481
55071, 646
55647, 847
39044, 672
61748, 892
49715, 330
23291, 253
51047, 596
6284, 927
64288, 765
13576, 328
68110, 585
10520, 724
43333, 256
25054, 761
54573, 513
12234, 333
46528, 595
7407, 778
23414, 624
36792, 583
56514, 671
52695, 513
4456, 446
15682, 479
43640, 429
62831, 434
6875, 226
58390, 158
38951, 446
56798, 132
11646, 560
12405, 305
43403, 634
18003, 395
8898, 947
35234, 38
48760, 46
22364, 21
47641, 971
47860, 949
48025, 728
5633, 199
29815, 710
69017, 901
3739, 101
63658, 928
16819, 389
14359, 274
6, 753
58920, 632
37789, 320
23681, 505
65394, 60
16520, 590
12448, 171
174, 828
13303, 803
44545, 364
58448, 160
24644, 808
15946, 639
54605, 158
54666, 673
55261, 671
18326, 372
10150, 4
3660, 681
19273, 403
58062, 441
31183, 828
58656, 805
42808, 658
33169, 540
65526, 253
10501, 695
27947, 81
66401, 327
42737, 966
14124, 514
27426, 523
6330, 764
9050, 69
33192, 106
35379, 993
40203, 16
22784, 870
33675, 318
54093, 807
39428, 721
61614, 952
24041, 455
11620, 317
15459, 372
41027, 407
26886, 649
25421, 860
60322, 345
45002, 883
47498, 439
24697, 154
67686, 659
16589, 628
52751, 624
50321, 343
14082, 319
64353, 318
26933, 497
13798, 637
54990, 807
36044, 649
14896, 163
16436, 495
53304, 300
3964, 992
27733, 520
66306, 530
5056, 320
11596, 719
57996, 509
37424, 143
62495, 123
34802, 355
68638, 84
60999, 476
5298, 523
22026, 692
20742, 699
28421, 687
39847, 413
43734, 627
30102, 877
48403, 301
14039, 121
7430, 929
48409, 676
15661, 231
42330, 298
13760, 350
36337, 844
34572, 509
25443, 158
51680, 832
4710, 486
29752, 341
33479, 414
865, 692
61446, 807
4558, 651
46755, 239
61840, 728
48350, 357
5522, 566
19948, 536
25059, 388
15715, 322
20054, 380
1499, 924
9068, 381
19147, 230
30387, 848
4788, 818
57606, 224
12158, 949
10896, 957
25269, 203
52086, 467
62189, 880
28111, 760
45067, 824
25572, 756
51128, 555
45610, 215
41794, 221
8839, 128
55871, 883
23037, 157
38540, 7
6126, 118
11740, 100
55793, 783
15565, 785
48335, 571
41948, 81
66467, 12
64555, 127
20850, 989
17063, 742
58247, 232
63932, 211
28418, 332
30190, 318
10391, 569
2441, 388
5630, 584
27503, 379
48423, 808
23254, 290
5105, 796
50101, 79
30250, 99
23972, 890
56494, 537
12458, 751
30935, 112
59954, 637
22803, 911
56823, 366
33982, 714
57109, 626
2976, 874
39416, 40
57948, 608
22920, 717
66106, 417
65413, 892
23432, 95
41415, 183
42186, 16
44180, 743
67335, 810
64609, 712
20501, 430
1454, 966
65644, 490
35272, 859
51160, 739
62338, 251
67761, 852
35342, 517
54632, 698
50538, 526
25657, 99
29326, 542
65406, 880
45935, 318
25388, 396
40113, 473
64907, 572
64344, 198
8831, 783
10735, 668
8772, 687
27585, 828
44061, 968
41761, 280
37137, 928
16185, 871
33855, 428
65740, 839
24744, 722
68141, 24
61272, 727
55232, 291
28725, 110
33176, 640
36845, 987
21603, 288
37420, 644
34352, 415
37832, 454
56074, 500
283, 772
68981, 457
41094, 609
17554, 533
8971, 361
18573, 239
24034, 631
13163, 809
4782, 59
26829, 253
28678, 609
56588, 378
65215, 208
64054, 227
58676, 16
28127, 728
39663, 845
51150, 89
13141, 569
5697, 608
32799, 743
65566, 56
11497, 172
68832, 507
35074, 37
41327, 679
14388, 641
55962, 906
1144, 378
27102, 551
21508, 555
23044, 868
42090, 847
52941, 985
53487, 893
9982, 140
1426, 952
61869, 793
22467, 898
28910, 1000
22059, 815
21879, 127
30791, 111
21930, 914
7077, 478
9960, 834
43915, 216
56338, 534
39760, 141
58323, 21
61985, 15
52932, 385
62950, 378
67031, 399
35690, 707
20076, 189
69940, 426
55466, 409
32239, 979
60966, 999
15888, 943
16800, 841
52297, 199
11564, 937
17636, 568
33900, 414
66250, 213
28254, 344
51688, 272
14474, 292
8977, 172
60562, 354
38839, 566
35322, 84
11798, 949
17832, 15
64733, 190
41296, 479
67589, 398
68187, 181
31342, 76
1933, 542
17298, 267
9932, 649
48075, 577
3562, 913
13952, 933
5295, 919
55375, 784
51313, 30
24664, 523
29652, 762
44426, 463
41399, 92
8489, 739
34054, 93
14657, 73
30442, 513
47131, 777
28193, 918
3788, 72
21938, 615
35525, 744
61628, 928
68472, 799
4746, 55
56156, 455
11448, 539
47488, 167
24033, 619
4615, 967
61432, 373
61888, 198
54057, 252
19013, 766
3096, 790
53772, 417
52508, 492
53302, 86
35406, 492
21800, 371
35310, 468
67324, 478
21873, 243
51526, 720
37954, 882
43970, 102
14746, 151
32162, 790
24747, 921
21325, 260
67153, 808
34774, 552
63951, 467
12439, 475
15232, 524
66707, 553
1470, 430
47334, 968
50330, 987
11639, 414
34728, 214
35698, 168
58680, 823
46397, 813
30887, 418
38672, 159
64122, 515
3592, 424
5445, 122
40208, 185
6937, 718
28438, 946
41736, 314
68585, 254
36334, 867
22812, 414
54682, 80
16898, 117
58423, 196
23486, 904
2271, 267
16681, 284
760, 544
58929, 240
411, 587
62952, 860
55282, 959
25613, 360
61154, 265
6265, 762
23306, 442
58748, 534
42091, 581
18498, 86
27009, 994
5556, 247
38469, 974
49120, 304
7879, 179
61555, 192
2568, 563
62366, 615
64911, 890
33734, 79
54965, 826
52657, 260
35123, 173
46873, 374
49336, 128
38753, 123
26819, 800
20219, 885
69096, 583
67139, 467
47568, 773
25863, 383
35721, 12
47067, 175
3861, 264
64961, 41
31438, 285
11178, 324
50455, 637
27777, 843
26864, 279
967, 379
21152, 828
10718, 118
1450, 45
17102, 790
34360, 515
45109, 558
17767, 395
63686, 600
3815, 44
56765, 840
24554, 456
16314, 321
30247, 554
57896, 82
37189, 26
67682, 833
12834, 278
46166, 496
10448, 301
27966, 578
43866, 787
45009, 822
43552, 346
55768, 800
4333, 221
14759, 440
29477, 143
37072, 344
54881, 151
19853, 254
27817, 957
9005, 545
25742, 488
58006, 537
33779, 166
9797, 886
44387, 578
38882, 161
47456, 975
24360, 204
8805, 440
45627, 848
5250, 591
39955, 995
48082, 514
37674, 676
36419, 72
60189, 794
4074, 699
3691, 725
20838, 843
62806, 916
878, 726
26501, 581
10949, 487
58315, 483
64460, 91
65083, 421
19156, 690
14010, 251
29078, 680
6935, 337
55075, 93
45382, 919
49911, 943
46964, 165
17173, 592
12794, 333
54953, 594
16418, 620
54741, 747
49666, 802
61190, 875
41293, 479
39109, 15
67615, 48
42596, 467
23199, 154
12354, 867
66568, 394
20100, 607
25685, 377
42468, 769
6757, 928
5913, 109
54753, 814
63561, 899
2859, 753
56962, 416
18490, 875
64414, 442
15961, 413
29957, 564
14607, 844
61068, 407
67818, 677
38066, 583
59703, 423
45975, 713
68254, 607
4068, 377
67344, 150
28976, 457
61019, 606
42882, 99
61258, 134
20767, 977
30862, 985
6101, 150
59842, 967
47982, 305
30869, 334
64981, 33
10139, 754
19639, 835
11694, 324
40618, 780
16159, 61
5837, 608
18648, 771
23036, 421
41140, 712
37845, 111
14798, 673
66557, 727
52403, 389
56180, 238
58374, 570
18212, 76
53668, 19
33891, 649
57629, 863
57039, 591
3765, 885
51014, 886
37911, 461
31513, 612
21130, 709
25513, 653
24561, 452
60557, 942
36631, 686
61684, 379
31596, 680
3515, 20
45894, 442
18723, 195
12671, 232
62840, 16
24844, 52
58715, 677
45526, 743
3226, 141
34299, 869
9827, 76
44398, 548
63159, 474
22422, 978
68726, 433
62869, 718
36538, 576
20870, 686
27783, 125
63841, 724
65283, 72
63495, 615
4000, 639
7202, 730
10217, 659
69922, 443
51813, 623
50835, 634
25437, 336
28195, 542
18322, 317
60261, 543
22990, 92
60164, 316
52840, 735
13300, 776
30468, 419
11510, 640
65646, 729
56770, 776
51153, 298
13360, 37
2474, 383
558, 558
4501, 225
19211, 64
68398, 664
23400, 17
49645, 242
57104, 381
13618, 120
1874, 289
16731, 715
12933, 257
23511, 358
50212, 673
26766, 499
771, 276
38000, 662
44429, 122
6849, 414
58587, 892
40150, 972
57546, 934
69432, 521
63647, 746
9492, 1
50615, 24
69708, 705
49884, 331
43618, 688
5166, 224
28481, 628
33665, 730
55592, 536
6870, 429
44833, 780
457, 700
29592, 167
28871, 3
44654, 457
56844, 412
9770, 17
35724, 862
36874, 319
63943, 647
3633, 514
7268, 593
13828, 341
8437, 966
17411, 741
66879, 983
41351, 163
48472, 10
48406, 965
35753, 377
19406, 324
66252, 651
58205, 679
20147, 252
13973, 231
27628, 496
31114, 304
47838, 607
41471, 875
55680, 684
13644, 707
5243, 830
23690, 521
60541, 120
36005, 951
57389, 781
33363, 348
19557, 50
5634, 865
23865, 951
6444, 274
10822, 11
36225, 344
36120, 901
50866, 673
32363, 28
59543, 233
24810, 280
35716, 690
12033, 829
46833, 214
18429, 32
53891, 475
63029, 447
59606, 444
64657, 205
1189, 209
38509, 219
7506, 98
20796, 223
47654, 740
61511, 192
38126, 999
24483, 900
17278, 745
23702, 423
39701, 111
26901, 32
33717, 790
22584, 119
12462, 639
37374, 10
41414, 612
23440, 969
64883, 445
10419, 843
40317, 201
62294, 0
33594, 707
47023, 229
17274, 416
69275, 404
62547, 206
15329, 633
41892, 752
46808, 836
6529, 108
47116, 572
61204, 964
38632, 181
27376, 154
48133, 3
32277, 196
62032, 40
45734, 917
19223, 986
2762, 593
39862, 889
13094, 783
11414, 12
17753, 141
56600, 464
44907, 782
14881, 759
65221, 479
42582, 789
64679, 919
36584, 976
9475, 642
47615, 446
54797, 397
69456, 44
10049, 942
13662, 183
16317, 988
58911, 751
56488, 621
62266, 543
46266, 946
43727, 40
24991, 198
50111, 982
5709, 650
45558, 190
24857, 176
26661, 565
6857, 690
65288, 641
15474, 796
64218, 926
39684, 662
41423, 612
59705, 35
20459, 690
41518, 133
32057, 797
24057, 608
37579, 403
24753, 428
55770, 227
62545, 931
68207, 212
36004, 998
41393, 883
26022, 450
19813, 64
54838, 167
55704, 269
44956, 561
34034, 582
25667, 894
26908, 715
48708, 468
13936, 612
20711, 265
50027, 335
607, 149
68350, 863
37710, 215
46804, 155
33614, 255
14382, 861
50439, 743
19611, 764
10098, 796
49535, 688
35190, 202
11265, 521
21908, 639
21318, 864
11063, 731
65689, 97
54667, 279
45072, 642
3412, 342
20794, 373
64217, 239
30515, 806
44562, 861
33838, 702
64942, 61
26874, 723
17042, 293
62273, 697
31861, 706
52016, 983
35389, 776
11562, 889
43116, 803
14665, 51
18558, 789
64235, 232
31038, 197
64998, 883
47749, 319
41904, 241
1500, 286
55552, 109
64514, 220
30381, 476
10044, 65
49453, 145
4570, 89
53569, 661
28636, 853
59426, 896
13872, 724
22372, 614
68098, 254
5181, 290
58189, 805
58007, 346
26313, 832
38518, 496
28847, 475
57163, 768
22984, 226
21654, 867
25887, 723
33331, 343
22207, 309
17615, 539
23346, 170
35851, 102
33793, 488
26875, 632
4311, 513
4992, 186
36682, 324
40169, 156
67436, 822
62203, 678
5358, 227
43542, 877
10570, 857
37109, 96
27415, 92
44225, 362
18840, 365
56452, 649
55482, 21
41715, 852
7538, 242
2469, 129
15210, 799
64095, 247
60893, 643
51085, 442
25884, 929
45035, 957
35906, 480
46591, 34
19304, 585
30943, 489
55672, 49
15962, 883
51708, 112
58251, 76
52604, 216
21998, 521
66147, 2
27019, 262
25185, 307
63101, 143
68945, 111
62665, 814
66103, 424
34426, 157
27357, 657
24606, 982
33428, 892
40494, 990
13906, 715
4101, 952
52958, 978
9438, 557
48268, 957
64405, 288
47779, 724
47934, 444
29327, 91
29291, 599
33435, 718
69845, 133
61795, 560
5170, 90
19354, 515
20708, 956
29929, 902
32345, 165
59958, 677
59491, 801
62883, 369
9256, 673
29419, 439
49377, 38
13642, 553
40294, 366
32976, 476
23633, 436
50398, 219
13014, 454
27013, 124
12399, 92
53546, 357
66672, 172
35545, 909
9166, 175
53922, 199
20277, 275
6694, 784
45529, 439
16213, 638
36354, 532
4338, 668
46381, 389
46370, 384
68855, 554
57665, 856
20239, 909
52750, 804
10134, 180
19645, 384
22402, 155
4758, 749
40734, 397
47261, 379
51076, 56
12102, 770
9452, 601
22861, 530
19421, 364
46991, 667
28798, 501
4299, 81
11592, 150
65144, 86
60217, 552
41593, 174
41716, 698
66007, 488
28894, 566
14362, 346
1041, 565
43795, 811
59232, 887
11982, 865
41150, 180
11238, 952
27167, 642
68065, 289
59048, 6
42110, 678
17103, 322
62645, 919
38962, 289
49229, 945
64921, 200
6223, 751
18816, 41
46928, 90
44268, 974
19641, 134
37648, 948
32120, 902
32945, 398
2717, 179
66265, 296
69480, 155
5270, 454
50495, 534
69631, 350
36750, 1
17362, 334
40459, 605
36451, 693
32533, 764
48595, 444
31079, 874
9246, 670
23914, 904
21017, 611
57760, 227
15603, 253
18353, 700
61451, 711
5164, 425
2507, 747
67758, 513
61571, 134
42049, 580
60296, 839
37445, 432
10454, 597
11586, 667
43287, 31
40365, 571
13100, 648
42699, 300
30550, 399
27002, 460
11998, 963
64132, 252
35986, 727
25748, 138
28845, 776
23699, 683
7850, 375
7976, 235
46990, 647
13136, 355
66906, 121
58668, 631
55347, 742
23698, 487
28406, 857
67177, 429
43201, 594
62346, 818
3439, 173
49331, 960
68241, 276
54805, 822
40863, 232
37748, 885
44440, 709
20542, 540
16655, 566
40395, 543
49479, 307
11223, 457
57282, 8
64037, 749
37101, 753
29176, 157
2372, 264
6482, 308
15256, 846
47119, 897
61722, 632
48828, 343
47535, 58
7355, 737
33182, 639
21507, 5
60512, 337
33390, 814
31274, 496
57170, 65
23656, 608
64442, 104
5695, 527
8533, 596
32713, 724
25207, 893
24550, 482
42618, 859
18116, 996
55574, 198
14857, 72
60428, 429
8028, 190
46108, 393
34147, 407
28155, 619
31059, 952
40509, 171
42367, 971
10460, 668
1636, 788
57155, 969
34712, 694
41607, 585
10346, 429
3029, 275
52570, 165
50858, 647
2090, 252
6654, 150
29535, 796
8373, 132
9865, 311
5635, 325
21192, 870
1619, 424
53014, 335
28388, 347
3878, 50
68056, 144
41025, 742
40362, 711
7922, 916
13041, 120
58684, 663
49354, 250
7262, 85
3107, 312
55832, 284
64468, 454
36273, 429
32855, 120
19440, 338
68736, 79
32339, 259
54626, 42
25108, 371
44552, 527
69002, 748
47965, 921
10825, 569
58343, 369
6845, 584
59473, 796
66278, 386
11069, 84
55460, 835
20130, 722
62253, 785
8649, 198
20995, 611
18916, 175
10204, 150
21727, 383
37282, 766
67315, 195
25577, 320
20203, 103
4817, 211
69490, 920
41246, 656
67379, 790
62401, 592
20611, 790
54191, 786
34833, 545
44786, 237
23951, 975
14931, 416
64198, 609
53683, 213
35714, 412
61767, 191
39620, 274
2714, 426
45367, 604
3381, 702
6374, 21
21525, 899
25553, 249
60054, 975
48797, 126
15114, 305
56371, 973
5132, 81
22589, 353
28115, 666
18415, 774
35738, 577
8316, 486
33058, 483
15975, 650
29635, 102
54280, 200
15631, 986
46075, 808
40686, 705
55326, 410
51223, 741
9702, 427
18610, 485
21950, 412
18023, 22
26702, 984
33066, 512
56998, 807
17483, 94
47389, 687
45443, 723
20112, 337
51332, 638
25124, 985
60445, 832
28326, 744
13688, 218
36165, 406
36896, 784
30284, 319
61938, 229
38284, 929
29586, 336
23357, 805
14353, 482
1443, 352
42556, 578
15843, 331
4533, 181
67747, 527
40740, 639
51864, 383
44113, 355
36764, 623
16279, 420
59627, 179
30786, 210
68250, 712
20025, 213
23864, 899
19589, 303
28227, 557
22444, 362
7849, 326
69495, 943
32360, 181
12888, 834
33429, 856
41312, 171
16808, 785
68909, 634
52108, 15
11869, 913
9034, 8
7562, 795
30224, 456
43390, 320
38575, 464
13601, 162
12480, 332
51874, 915
16038, 841
69338, 473
30017, 576
57588, 608
34017, 899
13192, 662
63825, 663
19362, 916
17992, 423
42285, 738
35118, 882
38037, 975
39495, 370
69993, 660
28772, 524
2335, 539
14157, 578
69100, 218
54961, 674
25285, 928
36065, 944
30623, 192
16899, 267
50465, 744
52287, 582
25941, 903
448, 975
13759, 522
41539, 802
50725, 855
67259, 918
62877, 433
32137, 330
20149, 58
25050, 559
48589, 498
3942, 175
45295, 360
58922, 440
63455, 58
59967, 958
10956, 811
65152, 756
50158, 764
15187, 868
24090, 47
69408, 85
444, 523
33612, 394
1733, 509
41168, 600
43686, 722
60994, 420
32406, 409
66213, 140
35419, 856
34579, 964
54931, 900
18491, 88
66317, 84
24153, 561
55611, 781
27485, 363
17377, 356
58325, 853
60148, 64
840, 835
1878, 496
3247, 756
59960, 2
64417, 918
34064, 454
6866, 104
43132, 451
17889, 979
46525, 801
33210, 906
4780, 346
48166, 145
60725, 770
21582, 597
14650, 725
34348, 972
5061, 731
9828, 546
50584, 627
24538, 324
34200, 955
16062, 215
13980, 49
34910, 459
64491, 473
20195, 522
42054, 988
52079, 509
18080, 878
49776, 485
59069, 653
56671, 572
37250, 14
3758, 322
53658, 786
65492, 7
20404, 966
14870, 669
59477, 901
61808, 413
51471, 362
43506, 719
12425, 827
42983, 720
48910, 791
50741, 636
24712, 170
65607, 790
15116, 868
57464, 823
15810, 577
27795, 275
8980, 589
58605, 146
45672, 903
15614, 676
60816, 363
7968, 111
41799, 647
11999, 230
36463, 557
17732, 315
27029, 7
28536, 872
55477, 938
13376, 669
60714, 770
22478, 448
28015, 825
11290, 729
7324, 224
55889, 116
30402, 256
7256, 924
69695, 89
42349, 334
68240, 669
34797, 237
20474, 440
53287, 518
31088, 252
10649, 605
41889, 648
16841, 750
12460, 879
47310, 783
44471, 237
3847, 263
18687, 902
7695, 606
37381, 850
59424, 964
50699, 2
9886, 178
58303, 602
7404, 499
29980, 621
42963, 442
25985, 406
58907, 807
370, 570
15963, 789
59630, 976
28991, 75
27489, 966
31430, 721
63473, 189
14820, 339
34747, 798
27091, 79
2203, 886
66719, 754
32449, 682
68944, 831
41450, 882
4775, 332
56355, 49
32893, 164
60205, 386
58783, 145
62475, 910
23495, 188
16523, 344
58625, 710
31764, 658
44987, 863
9199, 196
13753, 682
66702, 97
30306, 670
5173, 801
44343, 421
56952, 583
65001, 893
63333, 262
50017, 208
26286, 183
47863, 956
9381, 37
43532, 857
36247, 205
60988, 590
3334, 145
57597, 559
23637, 220
9016, 615
7547, 713
13500, 907
12556, 163
68436, 77
20134, 968
58212, 234
17280, 949
67510, 835
35813, 473
59457, 505
13891, 339
3899, 698
13315, 42
28926, 311
9478, 402
25470, 757
38246, 243
33888, 455
28352, 81
14604, 570
36736, 687
10835, 839
199, 71
46943, 323
5645, 732
8196, 363
56896, 697
26182, 207
12281, 353
39713, 925
19750, 606
14695, 389
51818, 494
59322, 654
64490, 595
60474, 791
29456, 360
5218, 53
11126, 313
42374, 962
60291, 295
38680, 211
6014, 905
2563, 230
40223, 420
41590, 213
8045, 244
6128, 693
65629, 357
29442, 107
26701, 387
58640, 93
64246, 403
38746, 745
4564, 528
30081, 162
53550, 233
28212, 579
1083, 714
19678, 853
47904, 193
4152, 241
52645, 787
49172, 232
69099, 441
68506, 54
111, 822
37657, 320
57713, 699
47913, 113
49254, 446
55193, 567
62513, 464
35405, 991
48031, 581
67418, 491
58457, 156
65589, 614
59093, 809
21666, 379
30828, 478
61765, 406
15640, 134
64662, 957
39243, 57
1311, 376
25392, 602
39377, 135
23642, 683
11258, 109
44996, 271
52910, 193
35603, 110
47106, 364
34505, 182
14783, 337
14625, 424
29439, 153
13961, 160
37798, 163
593, 408
32708, 63
17865, 794
56626, 767
36060, 84
23192, 304
32512, 172
47028, 522
48181, 840
50593, 462
2623, 12
40991, 36
8876, 805
16504, 410
7206, 58
22630, 664
62204, 586
33408, 376
13622, 605
7908, 810
20982, 353
45090, 534
35161, 960
23485, 382
61270, 835
5248, 548
44411, 417
15368, 482
68303, 497
35670, 292
65867, 503
15252, 568
47751, 199
35751, 11
34091, 271
49958, 791
13826, 857
13606, 911
38580, 54
361, 848
59854, 815
28884, 377
62443, 454
49982, 794
68049, 190
17121, 482
67369, 205
15441, 467
27767, 210
44805, 788
65851, 527
16844, 870
33764, 902
30240, 791
8955, 941
66413, 315
30660, 857
9749, 506
15769, 852
17386, 89
11390, 577
6086, 378
16744, 843
20922, 525
54915, 541
63189, 733
40832, 737
3902, 513
41833, 665
58503, 132
1320, 973
12069, 739
60240, 716
60300, 113
48927, 464
25570, 103
33971, 878
19939, 336
18740, 254
59227, 835
42542, 648
53468, 118
39708, 359
42369, 322
14669, 912
34306, 587
11648, 484
21161, 374
22976, 954
36544, 357
61443, 262
22664, 225
18048, 499
46688, 614
30796, 486
44978, 511
17368, 662
33012, 670
39014, 991
1052, 393
30506, 255
57297, 856
12152, 717
58169, 952
12991, 463
39251, 678
15574, 54
39131, 853
3893, 30
20271, 667
65693, 665
60026, 515
26580, 166
61117, 539
62412, 770
66697, 610
60532, 352
17770, 724
16956, 224
60077, 687
9746, 660
60813, 678
53415, 423
51982, 13
68167, 226
29693, 770
59918, 575
38267, 749
52602, 341
44784, 723
32847, 98
14343, 269
61448, 90
31008, 737
11539, 181
31909, 250
56153, 472
13692, 689
36785, 971
21420, 458
52865, 204
17919, 788
3514, 530
35839, 205
24190, 529
12842, 889
7344, 634
31647, 967
30832, 585
50834, 770
47788, 50
9062, 392
56422, 800
17789, 183
52101, 786
36702, 486
68881, 640
41937, 648
18531, 889
61138, 472
17619, 118
46391, 198
41951, 274
45896, 361
49116, 695
4752, 788
8029, 99
39574, 355
23671, 709
20328, 752
55799, 165
24315, 774
28628, 79
37754, 48
2538, 252
43666, 883
38333, 315
41520, 935
69085, 563
538, 66
2017, 893
51170, 858
40184, 276
10832, 114
34606, 954
11463, 47
60480, 70
33925, 525
61356, 13
66447, 877
21849, 719
47115, 606
13796, 819
46160, 593
633, 733
50060, 738
58708, 48
16484, 792
42272, 44
35330, 527
11495, 900
69669, 611
69337, 63
50842, 504
4722, 255
33034, 565
22435, 74
69121, 741
53807, 332
33524, 909
59459, 110
60647, 904
33462, 418
52267, 684
25474, 996
9712, 427
69199, 991
42350, 641
4375, 878
10384, 657
19807, 275
42378, 387
52962, 992
38987, 878
55891, 498
15612, 74
67208, 896
11353, 583
25842, 782
44204, 92
67705, 161
10302, 979
49891, 528
26770, 940
5022, 31
4131, 203
28077, 989
33405, 815
23024, 75
19234, 985
61062, 677
43341, 442
2112, 566
67719, 852
12520, 488
69822, 244
62794, 409
8853, 713
67358, 805
47631, 207
18869, 604
2587, 728
31172, 478
62376, 141
27703, 206
6674, 971
39865, 557
14863, 3
36180, 127
16497, 195
26822, 388
3104, 336
64008, 702
56704, 938
5698, 629
2496, 137
11025, 908
64330, 540
25869, 660
67204, 42
54087, 912
5940, 304
23813, 732
2067, 361
36113, 633
63050, 398
47974, 822
30380, 361
25149, 289
37094, 41
40885, 780
56121, 978
40087, 794
11890, 496
25696, 597
37141, 196
1464, 705
10336, 579
63991, 97
54974, 408
66358, 526
44688, 782
27207, 282
2836, 731
43971, 227
42325, 375
34603, 998
68821, 211
34521, 737
54347, 829
48022, 837
38355, 319
18896, 608
36540, 869
3004, 640
36608, 895
8094, 12
13835, 413
800, 998
27046, 363
53752, 513
8277, 23
65316, 383
56701, 324
67299, 463
35214, 301
5885, 996
11864, 111
68419, 135
21651, 349
61125, 302
50756, 513
49371, 399
55091, 608
59361, 533
13423, 781
15828, 135
9812, 483
18476, 450
31687, 424
25046, 35
61065, 233
67027, 417
13701, 18
23102, 496
13064, 862
10629, 565
40810, 732
52394, 616
35030, 613
41141, 310
18293, 935
3344, 532
17003, 961
29470, 47
55079, 339
18431, 630
58433, 395
38701, 695
44026, 69
42745, 781
65962, 737
41514, 847
29991, 943
42511, 732
39535, 109
35484, 599
69891, 558
65738, 461
69420, 729
484, 828
50671, 173
4022, 998
20700, 297
21190, 277
39362, 281
19051, 486
62304, 684
8065, 961
60045, 494
1880, 561
18815, 96
58785, 915
23137, 265
62389, 372
42307, 692
68166, 757
55329, 727
40783, 457
25011, 83
15388, 840
52882, 228
63625, 704
2982, 882
4685, 166
16255, 783
54405, 507
41363, 781
49209, 66
53748, 166
26381, 15
44437, 268
59953, 522
18857, 790
65643, 819
56367, 885
1915, 891
67176, 869
32754, 853
11918, 11
35956, 37
9523, 938
57257, 169
9808, 76
39289, 90
7754, 903
69905, 428
58943, 748
53095, 782
1073, 443
65595, 641
34649, 113
12894, 26
12260, 369
27859, 866
62905, 674
47666, 512
51989, 787
50000, 654
23162, 289
67602, 705
65891, 536
49707, 453
63231, 327
27949, 891
48938, 532
26488, 899
56008, 297
20270, 388
57548, 786
27584, 184
54847, 477
38025, 293
35021, 810
30788, 974
41609, 881
60127, 303
68518, 900
18552, 404
23446, 729
45277, 624
52488, 847
16318, 25
60885, 19
23628, 181
725, 40
10166, 8
69451, 544
33812, 630
55969, 637
8265, 570
30475, 622
32565, 411
58925, 164
13421, 794
37351, 558
66146, 371
21804, 594
56773, 317
2754, 159
48043, 816
53440, 128
9413, 170
22339, 721
50205, 985
12934, 731
33456, 975
18719, 686
53545, 410
21549, 665
49338, 845
44229, 129
58192, 600
49012, 699
26435, 188
23529, 778
33521, 682
28528, 356
54910, 976
51527, 611
19061, 287
61089, 683
9714, 595
50282, 942
2862, 0
28747, 50
33125, 632
1540, 621
68113, 632
36924, 628
35238, 891
28277, 474
50135, 351
3770, 24
60546, 74
1036, 398
32077, 393
62181, 309
36936, 380
23270, 580
39957, 923
58094, 849
66819, 395
30290, 780
13710, 787
29551, 749
13273, 447
63477, 949
44519, 30
53219, 726
58132, 982
20978, 740
2839, 541
10194, 471
33656, 808
3808, 732
15590, 416
49346, 553
36912, 139
10094, 927
8478, 157
59197, 421
52743, 904
50442, 359
11004, 558
37014, 434
43382, 2
63695, 852
9420, 348
36988, 762
21009, 608
13229, 235
521, 212
5201, 721
45459, 749
15534, 933
58213, 282
20547, 354
16892, 793
41267, 678
39147, 119
29497, 126
56612, 21
28202, 74
9823, 470
18406, 477
41982, 226
15313, 588
34362, 255
41225, 62
16381, 324
25075, 632
10662, 660
25563, 696
19001, 587
57437, 47
3214, 186
53785, 613
30936, 632
61523, 230
57782, 914
58506, 560
62424, 279
22749, 439
56720, 102
61919, 795
68411, 232
58081, 119
55357, 945
27920, 864
41022, 692
26637, 550
18132, 27
9250, 96
30785, 456
68652, 977
2509, 911
65368, 108
18364, 76
46645, 752
5407, 505
8151, 4
25396, 34
62890, 640
31219, 406
45201, 633
30502, 375
60809, 886
44824, 113
3838, 588
34378, 9
839, 635
64090, 701
5003, 48
68209, 753
39209, 623
29118, 276
44240, 204
66261, 744
65457, 618
58807, 919
31838, 25
22648, 550
21481, 940
15654, 428
68775, 206
10353, 754
69043, 286
19040, 724
52305, 174
1876, 320
67327, 582
43267, 74
51171, 163
22878, 222
14141, 74
2220, 419
57429, 77
21564, 439
49189, 868
50619, 606
62337, 742
51514, 492
56684, 652
43302, 346
48078, 766
14468, 329
10320, 538
46792, 335
31210, 321
46254, 230
18164, 659
32245, 636
477, 520
37368, 38
489, 662
67964, 446
6642, 329
40844, 159
31479, 126
13700, 321
13316, 946
48728, 862
36232, 283
40512, 997
49470, 825
14035, 620
30594, 803
50141, 276
10127, 545
52684, 630
20413, 304
21347, 850
68226, 227
52431, 10
19527, 405
14383, 510
17956, 713
6818, 516
25832, 112
22858, 11
44594, 614
6059, 533
22018, 14
12702, 287
64913, 959
9229, 980
42243, 322
62873, 65
43718, 429
7650, 820
31075, 569
10096, 610
30077, 622
57523, 76
50159, 179
62813, 226
6302, 842
18517, 122
69095, 972
3170, 783
56503, 479
37925, 532
10550, 418
28659, 157
4480, 761
51539, 866
33538, 445
31017, 610
54830, 290
52239, 27
50123, 591
28505, 953
38558, 112
23594, 542
5729, 144
43932, 824
17730, 885
65969, 929
32787, 229
26492, 192
28609, 237
29544, 659
27717, 698
2198, 518
50736, 807
39327, 17
24906, 234
14702, 107
52020, 894
3586, 141
34860, 415
5093, 560
27349, 786
21638, 938
994, 16
15044, 764
14310, 623
788, 665
7953, 127
13476, 350
63088, 301
2520, 314
13853, 130
1902, 464
50474, 614
62037, 984
4154, 316
32089, 744
69740, 36
31100, 178
17768, 483
9259, 122
28391, 52
25380, 234
49636, 81
35022, 528
34384, 296
19832, 3
17092, 0
6352, 111
515, 958
22468, 984
43451, 508
15358, 459
18298, 771
20208, 846
60750, 550
31206, 24
13991, 126
27903, 122
56760, 760
45859, 194
43274, 539
33449, 770
67519, 943
30241, 446
57347, 748
18505, 689
67976, 750
17468, 310
33028, 552
17287, 434
17575, 827
16349, 541
53865, 734
42448, 416
56490, 564
13714, 614
23812, 87
15176, 31
16401, 673
43949, 628
49527, 45
62582, 474
63198, 581
37339, 885
11151, 672
28226, 462
21244, 586
3992, 957
27092, 678
15107, 526
60284, 665
28048, 160
57380, 935
22807, 992
1947, 677
15225, 780
13555, 439
10692, 799
33113, 147
54562, 539
4824, 769
63081, 402
15775, 651
36903, 55
39958, 706
36025, 911
8812, 678
15937, 39
36268, 838
17539, 302
12690, 299
25542, 704
37693, 733
40704, 601
24975, 237
4374, 528
65446, 658
25139, 464
27265, 12
8066, 492
26717, 189
55252, 268
58914, 644
45104, 756
66916, 878
47727, 51
57115, 571
4607, 676
66822, 178
62156, 87
27583, 959
66802, 265
8792, 688
3315, 731
53499, 663
54011, 397
53267, 896
3471, 264
41291, 232
56327, 826
47226, 611
49634, 491
32877, 38
33215, 776
7497, 159
20312, 129
4127, 301
46187, 308
6432, 830
8763, 471
9110, 153
8004, 426
1209, 664
3151, 784
19002, 248
24304, 778
50611, 896
59745, 493
11421, 444
1487, 267
43617, 488
904, 845
38681, 173
13620, 554
7554, 772
27288, 275
26262, 482
14985, 955
48631, 118
46265, 863
67161, 783
18580, 545
66259, 193
52863, 745
1434, 432
58057, 670
21038, 762
59111, 197
34614, 343
7679, 964
33272, 482
49282, 839
57061, 655
11699, 740
69143, 139
12165, 144
49497, 511
18060, 47
24869, 242
45157, 269
40715, 27
1248, 340
9067, 720
21453, 523
24069, 208
39091, 21
3889, 621
68363, 363
46346, 311
52043, 505
5908, 900
38795, 401
30740, 841
22923, 530
1139, 38
34515, 885
1019, 135
23832, 870
67008, 541
48655, 984
43470, 681
40248, 989
50203, 313
61127, 866
66637, 545
8779, 804
6040, 483
21803, 729
8620, 476
32954, 407
56360, 306
11959, 132
15406, 431
28499, 73
7116, 259
19408, 90
3535, 753
12633, 41
18729, 294
17000, 791
31170, 0
38799, 12
22720, 653
69709, 208
32084, 720
17170, 870
37123, 267
3474, 1
33861, 919
13709, 247
59678, 798
59120, 569
53722, 113
19122, 373
20582, 479
64864, 319
41882, 964
39191, 849
21690, 329
63423, 490
15294, 143
4307, 459
18092, 467
2156, 449
3236, 820
49148, 300
14918, 321
31054, 148
45101, 982
62068, 276
49127, 784
4018, 34
49285, 717
38657, 35
10694, 294
31328, 923
40875, 895
28574, 207
18691, 930
61631, 330
3883, 401
41380, 332
7901, 865
67929, 547
41391, 455
28329, 924
18578, 276
26741, 177
30476, 165
60321, 557
27981, 406
22289, 17
13948, 50
27600, 622
25436, 713
43717, 856
54193, 800
12708, 508
41729, 888
28566, 873
1926, 79
8279, 619
41582, 480
34585, 307
12443, 68
15197, 584
58788, 570
7171, 493
20567, 913
48979, 678
29354, 7
44442, 110
66968, 114
48234, 308
51773, 168
21320, 144
32827, 734
21658, 203
62422, 725
66875, 621
34209, 522
30547, 470
50211, 212
24453, 943
7056, 691
10611, 277
10305, 755
41182, 192
9230, 29
6745, 47
15783, 300
18588, 13
58584, 452
67329, 305
33067, 974
56842, 290
16762, 719
41218, 263
62340, 522
67600, 764
14456, 271
51531, 706
12895, 679
56190, 786
62973, 907
54825, 13
39537, 905
1806, 430
3578, 257
57129, 800
58288, 244
56614, 41
41972, 48
32012, 316
61996, 337
52720, 472
44080, 834
40099, 626
15659, 972
52514, 507
64102, 79
35371, 717
876, 137
68738, 161
69332, 248
51764, 802
1551, 313
32232, 346
16048, 976
13625, 863
34762, 495
57001, 362
20616, 215
27429, 2
41302, 53
39151, 743
46009, 8
16363, 884
3896, 98
43553, 515
68042, 20
1080, 325
20772, 189
62264, 828
11432, 344
37423, 683
27465, 140
53526, 711
35417, 466
34850, 625
1301, 938
24558, 789
22120, 104
29877, 913
23153, 604
66813, 272
18066, 632
42684, 334
68458, 418
48546, 570
27245, 261
62370, 564
60706, 130
64471, 19
55998, 474
7131, 772
65476, 376
57777, 369
28557, 559
57849, 334
69185, 336
57912, 144
55795, 559
16104, 145
35889, 372
14540, 520
54968, 391
13261, 79
13658, 810
25992, 279
23658, 57
64995, 992
19384, 630
15199, 30
59394, 168
48109, 744
59288, 407
43828, 822
59997, 719
16588, 679
40387, 672
31238, 2
34543, 848
29337, 202
61418, 896
17382, 568
2467, 788
20366, 772
22586, 619
24565, 200
69174, 752
29046, 847
6181, 711
66679, 108
12811, 629
33647, 920
32224, 744
50757, 657
44255, 17
36526, 140
38754, 568
6622, 166
44340, 353
6609, 259
13596, 220
688, 370
49476, 920
37254, 388
53122, 816
15656, 444
38369, 166
26975, 638
15345, 386
46416, 418
40631, 653
12035, 741
52747, 296
13996, 153
47001, 379
66030, 517
68756, 418
27143, 302
67198, 693
51854, 616
54647, 936
12120, 566
22546, 730
66580, 854
21088, 449
51271, 984
51898, 964
67541, 949
19044, 464
37646, 200
3921, 318
13634, 189
57573, 810
25892, 477
38550, 860
12140, 1
47358, 666
60136, 558
5696, 320
39923, 31
40339, 70
10992, 534
30902, 444
16143, 60
48555, 399
22455, 22
39565, 217
31564, 282
9584, 77
26438, 889
32638, 69
55116, 700
19917, 229
7704, 250
26344, 111
34784, 123
54012, 830
53732, 455
27571, 24
12969, 921
43539, 583
18234, 48
64052, 399
59578, 96
64347, 434
42641, 699
4301, 660
8861, 70
52207, 354
35975, 212
8835, 66
66703, 443
17740, 104
9922, 539
69468, 368
20971, 170
25998, 833
37842, 732
27889, 757
24461, 157
25112, 96
59690, 439
45050, 481
21179, 74
65173, 639
50841, 470
32970, 770
54589, 452
24196, 630
59563, 966
1808, 434
64351, 921
58259, 570
63629, 953
45776, 584
21294, 525
39662, 793
40672, 322
11793, 50
60460, 532
63504, 578
47571, 236
28766, 512
42072, 477
32011, 123
59761, 564
5245, 157
26643, 263
41402, 263
28888, 474
56598, 195
2909, 463
52479, 907
55893, 110
26175, 847
49668, 579
39882, 246
37589, 370
4589, 918
43312, 117
26515, 52
47771, 676
22516, 482
27413, 941
16679, 638
34083, 729
14174, 283
20223, 365
24479, 782
25340, 638
40516, 669
35442, 186
52871, 331
4609, 95
20226, 507
2433, 25
61586, 370
23022, 476
69372, 717
20753, 127
13911, 182
37921, 484
15380, 216
52879, 70
13305, 604
8186, 531
59978, 729
26304, 501
54288, 224
29168, 202
59467, 783
52110, 363
63443, 968
63651, 630
10444, 366
50076, 361
15990, 31
64420, 563
33094, 452
21395, 470
37889, 965
34233, 878
59772, 5
46739, 484
30587, 908
9765, 562
62374, 121
66188, 1
28313, 78
1198, 820
5468, 10
65392, 267
37163, 853
54249, 837
10225, 779
36585, 347
7431, 482
58158, 272
36294, 72
47736, 253
48646, 251
67656, 793
46789, 71
38265, 510
11013, 647
10031, 402
28489, 872
61959, 750
42581, 87
31197, 683
534, 259
21322, 247
59244, 98
12409, 481
52986, 927
22303, 66
38396, 165
31936, 513
19075, 969
22413, 346
42807, 617
26720, 405
59782, 908
62954, 517
34547, 628
54381, 711
58590, 529
69634, 473
19701, 233
34812, 904
68249, 139
3181, 375
47674, 364
69303, 539
56878, 505
38386, 112
13151, 88
31398, 244
66195, 162
9537, 534
22446, 383
67922, 954
30900, 153
38416, 597
6889, 343
28907, 91
68497, 152
40513, 431
32327, 523
46233, 135
54432, 612
38320, 754
17140, 817
8399, 455
8542, 130
65325, 427
54865, 897
32435, 860
52536, 923
43238, 862
59748, 14
10464, 676
19205, 368
4885, 327
36039, 102
66950, 947
13636, 21
25766, 10
65854, 690
14844, 616
58941, 46
61529, 531
9306, 118
55848, 281
54244, 270
29474, 970
6315, 320
48352, 92
29020, 779
3156, 468
17821, 438
48558, 985
46209, 627
27467, 208
49995, 173
66624, 664
50266, 514
27044, 613
51357, 611
5302, 140
2588, 835
18749, 742
34167, 912
66170, 307
11643, 517
2150, 224
48147, 835
1376, 91
34181, 571
27140, 597
8460, 781
43235, 710
49418, 388
13170, 273
35958, 263
29385, 680
65681, 22
2536, 844
4092, 315
64477, 541
11651, 754
42231, 253
5713, 190
3868, 926
49092, 73
34210, 454
61428, 850
55061, 934
61423, 276
56991, 936
47454, 22
36424, 455
16342, 685
38594, 305
56587, 145
24858, 727
51642, 989
6977, 837
45876, 759
43879, 157
68236, 320
53764, 492
44041, 152
22266, 664
56418, 224
54449, 97
10073, 348
38091, 1000
69621, 834
41941, 451
50696, 546
65228, 499
49657, 672
14000, 723
61557, 834
26549, 192
20074, 758
68449, 47
10930, 469
16574, 900
31415, 746
645, 56
17537, 680
41454, 339
40370, 109
1403, 92
45255, 666
12950, 596
32927, 300
17100, 529
10736, 575
5476, 635
67410, 451
51104, 605
12827, 731
4796, 558
18267, 444
39376, 579
30638, 207
61450, 930
48969, 818
19523, 49
47990, 162
39773, 172
10664, 975
63318, 997
15544, 777
49973, 800
34018, 704
27038, 250
15778, 57
43184, 142
21774, 104
14689, 883
12718, 226
9596, 639
33080, 757
50299, 607
67618, 87
41553, 993
21212, 554
65758, 385
15762, 77
54394, 118
44758, 624
58832, 133
16466, 640
69551, 735
33458, 786
37272, 631
66867, 232
45607, 472
41425, 364
42029, 182
21377, 979
20383, 566
24140, 218
51164, 56
63522, 198
45453, 393
51632, 476
4116, 665
49249, 570
18658, 449
52231, 913
11759, 387
57930, 542
3410, 36
20175, 757
17882, 639
16649, 689
54704, 728
66903, 27
44197, 345
59507, 360
56895, 780
12892, 514
58840, 32
51072, 932
65572, 689
532, 367
59167, 80
12067, 854
10290, 730
62481, 345
30083, 418
12691, 5
37199, 565
26856, 76
50878, 336
67737, 577
9914, 195
37492, 595
46669, 393
36205, 158
50344, 75
35579, 846
38088, 727
22345, 869
64418, 792
39145, 725
17868, 797
50899, 213
68546, 350
3995, 318
61310, 271
12208, 549
24619, 627
53598, 12
15036, 809
13230, 858
30837, 176
41838, 686
45695, 416
52766, 592
67377, 911
17625, 645
51647, 81
32776, 186
16150, 321
28361, 866
51267, 597
53751, 953
34124, 268
60485, 324
2969, 25
3305, 907
44969, 223
61141, 223
4109, 716
26469, 480
50746, 533
55686, 19
3925, 389
5624, 538
16108, 85
34660, 403
40527, 623
50466, 599
56208, 37
34296, 496
62604, 935
23503, 68
49945, 370
31048, 353
22948, 512
26556, 739
7778, 532
42951, 365
44590, 522
7266, 128
68004, 664
63239, 487
48447, 787
39673, 194
57290, 245
51426, 943
21855, 236
11102, 563
65630, 92
736, 420
28585, 822
65241, 947
67610, 195
4246, 750
20157, 541
42051, 2
61811, 631
50303, 638
675, 838
57068, 764
83, 905
44650, 879
59410, 963
63062, 412
40816, 706
67427, 569
26880, 635
24537, 147
20189, 951
39455, 354
17026, 640
46197, 636
36532, 894
32025, 224
5540, 775
24385, 942
36035, 603
6050, 946
63352, 930
17246, 808
2125, 561
46942, 251
29650, 110
5168, 671
11072, 557
19578, 34
69231, 664
69667, 611
36086, 891
68610, 231
3872, 419
54084, 597
42160, 19
54831, 31
40293, 941
9045, 666
11190, 767
7117, 173
9701, 238
19335, 500
64402, 362
4163, 209
32455, 831
5985, 179
56937, 783
21224, 207
40245, 289
53535, 660
41010, 654
22136, 840
1957, 296
34859, 517
62764, 713
31841, 587
366, 95
43209, 87
1802, 496
31962, 684
43570, 665
23531, 564
52940, 240
65696, 768
9500, 852
25099, 213
68304, 748
64578, 304
44575, 202
31827, 274
42488, 405
32049, 124
14120, 102
39093, 248
27523, 66
29512, 9
25603, 512
2832, 897
43892, 310
62439, 478
39053, 981
29816, 850
21219, 550
62506, 617
30573, 549
55892, 705
24853, 106
49328, 942
12482, 683
43556, 192
18158, 940
16345, 45
31341, 472
25885, 729
60382, 998
45615, 950
4910, 950
41238, 764
65925, 766
21011, 590
31509, 842
62700, 143
18518, 412
37220, 759
61476, 993
1048, 408
27282, 673
2430, 846
39859, 388
35262, 649
68859, 397
33988, 663
64282, 624
30207, 841
37825, 20
36524, 748
19826, 190
66014, 373
22450, 33
65012, 474
48503, 168
10836, 19
11141, 445
27381, 954
19181, 568
69555, 640
30157, 952
2625, 593
59977, 449
6987, 224
21374, 851
55875, 207
36405, 239
6442, 49
51255, 257
63012, 998
58210, 1000
45945, 86
45233, 631
67768, 291
62480, 453
744, 435
14720, 436
6832, 768
64820, 914
40911, 995
17197, 631
4979, 718
47950, 214
69801, 663
67764, 199
28987, 398
41847, 973
24855, 958
38194, 881
37868, 456
18219, 663
3566, 555
40310, 628
54266, 629
32357, 5
42569, 138
65061, 622
5036, 543
47179, 798
39825, 760
11245, 676
5779, 408
40108, 405
44219, 896
59360, 491
7339, 136
59195, 928
31667, 451
13219, 292
17853, 384
49646, 201
20674, 502
27686, 316
32082, 494
46337, 169
26525, 909
55206, 45
40015, 840
8890, 968
30906, 637
1906, 218
61558, 880
29494, 548
6776, 340
5614, 966
31628, 838
44888, 399
54006, 817
12068, 273
4369, 142
54692, 680
46377, 178
4933, 345
33825, 143
37053, 877
63113, 12
14259, 116
48561, 715
27610, 116
36551, 822
33699, 299
68428, 11
25153, 698
36248, 323
42120, 792
18232, 791
27875, 96
23852, 377
41827, 750
63521, 35
43237, 885
36034, 779
68017, 475
2398, 506
44774, 980
46620, 382
47703, 637
17473, 176
47393, 67
11947, 131
57924, 99
16907, 624
67376, 334
9873, 671
21672, 621
34440, 527
15684, 474
3610, 440
28123, 739
24617, 47
40998, 21
45915, 340
17660, 207
31999, 1
50986, 801
42949, 777
10011, 141
59887, 804
29346, 853
15492, 737
69953, 904
6975, 75
3022, 112
56862, 404
69398, 301
57780, 891
69107, 532
38131, 408
5091, 790
16440, 654
34313, 572
66151, 51
47077, 709
5467, 293
60022, 970
17847, 532
1486, 121
9771, 941
69196, 914
58217, 481
10753, 898
15009, 697
2419, 994
7125, 257
1471, 764
41810, 84
44104, 297
39446, 419
55872, 23
39269, 213
26776, 525
20655, 647
2306, 832
24969, 692
6650, 428
66967, 833
8320, 657
62851, 71
16355, 272
40075, 136
29278, 510
50723, 927
53247, 925
41665, 48
32219, 74
53587, 203
11679, 610
55689, 194
55925, 881
45697, 412
4623, 301
60830, 738
20118, 236
22689, 443
49186, 611
7635, 965
65437, 927
49988, 311
30899, 364
61520, 166
51613, 200
64462, 976
16969, 754
10657, 372
69828, 68
37366, 205
479, 531
57596, 949
11757, 606
17470, 836
69974, 819
65049, 688
41760, 624
5974, 764
41997, 471
18918, 685
69190, 483
64591, 683
44643, 981
41186, 817
65055, 668
39774, 346
56269, 662
6158, 845
9543, 711
24916, 283
42971, 3
59082, 577
66434, 857
54529, 171
44630, 305
44291, 231
20003, 8
29028, 264
56146, 937
39166, 168
58872, 620
11511, 577
18737, 509
47725, 197
60719, 522
15293, 923
60394, 285
53374, 377
9564, 366
39406, 52
9024, 532
61208, 296
23781, 322
13491, 280
64164, 887
8044, 958
27165, 725
53259, 998
32426, 884
34153, 530
59242, 643
49633, 23
27963, 531
38105, 344
1927, 190
6321, 474
45932, 140
42884, 332
42364, 624
66826, 0
60104, 493
62397, 429
9342, 431
49134, 621
31612, 578
25425, 531
23361, 883
61211, 877
13825, 72
18611, 922
48941, 977
53134, 791
30184, 497
8834, 308
22727, 289
40244, 26
50975, 158
33687, 637
42656, 232
43241, 738
50868, 302
63724, 557
8027, 664
36027, 890
69570, 636
45728, 981
21591, 974
39883, 146
35407, 216
60229, 810
64270, 533
19972, 588
16948, 868
51454, 6
39722, 923
68566, 265
32169, 137
8796, 521
16792, 270
26552, 934
1855, 603
49638, 765
58718, 163
25865, 359
9057, 206
24032, 918
44859, 188
45657, 697
49942, 854
5867, 12
4441, 582
51497, 317
6084, 587
50970, 986
41464, 777
53675, 652
14014, 989
27957, 128
45998, 783
47624, 756
52320, 69
27172, 510
69771, 853
1029, 441
24596, 56
4934, 420
25100, 983
7351, 818
9558, 712
64560, 248
65511, 309
26484, 337
26745, 588
56472, 220
41821, 48
45507, 252
44869, 890
44450, 147
51026, 925
15638, 345
8543, 847
59471, 701
23369, 633
45017, 335
61728, 384
13458, 440
36908, 762
45536, 296
22525, 547
30094, 569
16609, 610
61172, 458
44980, 625
18911, 105
265, 12
33130, 459
8336, 283
52246, 857
41084, 180
24442, 436
35145, 483
35093, 881
64611, 731
60443, 346
10766, 233
52848, 593
43679, 755
64233, 550
54157, 902
13526, 320
24422, 449
28189, 716
18957, 772
43948, 250
49455, 455
4799, 38
11467, 409
39592, 373
24727, 33
1492, 294
24484, 290
9686, 807
16728, 180
52613, 51
47827, 934
21145, 833
28328, 16
3888, 22
34265, 325
61033, 697
53761, 82
63989, 186
12368, 21
10264, 360
5043, 370
57292, 436
8332, 296
44448, 324
18903, 611
40135, 241
38125, 783
42990, 57
68701, 346
51621, 90
8171, 284
6456, 612
30597, 322
5455, 255
10293, 90
22401, 478
64865, 846
43522, 655
1280, 490
7164, 13
33114, 162
56477, 452
3507, 495
53205, 964
32687, 705
38927, 524
3937, 984
17595, 518
9318, 201
17987, 192
3781, 290
19851, 454
65126, 635
10619, 565
65172, 26
16034, 52
25066, 892
52752, 429
27939, 937
20569, 545
49613, 981
56406, 443
21790, 800
16954, 460
7136, 245
52311, 196
43860, 452
27033, 333
18958, 497
32440, 814
20192, 171
572, 292
19893, 431
33640, 422
15295, 406
21206, 331
9073, 555
249, 574
55662, 817
28320, 35
24155, 253
36129, 751
56783, 700
41633, 965
29948, 242
26531, 703
2076, 493
41979, 345
49173, 602
56829, 539
55805, 682
18765, 265
30575, 351
5146, 285
582, 285
38293, 342
13981, 913
14420, 716
10253, 970
38282, 759
12449, 655
39332, 11
11503, 119
67178, 678
16011, 127
44043, 842
50250, 685
50288, 68
60424, 557
59969, 794
26523, 405
50206, 688
5553, 162
44213, 479
24345, 995
56565, 787
577, 281
11462, 831
62673, 727
6479, 438
33455, 428
38551, 169
6463, 734
63083, 266
52796, 28
48126, 613
46305, 730
29753, 797
64924, 748
40571, 989
15487, 978
51235, 401
24189, 827
68962, 177
60467, 674
37807, 605
66006, 276
55093, 234
57698, 3
26896, 873
26083, 69
1702, 289
28066, 884
62688, 316
67221, 324
31400, 639
49979, 102
63170, 321
27622, 412
2039, 620
49146, 578
26370, 761
62828, 792
49303, 504
26724, 723
51524, 893
14644, 896
14416, 642
14281, 352
4126, 231
6992, 119
623, 834
39784, 468
37831, 471
34249, 827
66610, 782
13077, 192
8337, 235
28079, 901
16691, 974
9931, 424
31711, 738
60473, 823
25076, 913
64518, 614
11705, 693
65558, 871
35060, 606
44011, 341
6488, 325
27911, 400
52301, 17
63220, 919
33151, 410
56244, 321
56014, 842
35124, 407
27946, 524
49109, 468
39555, 596
13331, 189
19593, 48
3386, 600
35961, 184
7026, 86
35386, 478
45521, 311
37383, 983
2387, 532
19349, 129
43923, 498
66705, 548
49757, 666
16223, 958
14138, 59
41397, 263
43177, 777
55285, 522
23417, 81
50401, 874
54695, 421
30816, 58
35597, 54
10599, 718
10732, 378
46445, 944
36705, 853
65010, 124
34625, 672
65213, 633
26348, 307
16935, 450
62055, 300
49213, 517
67412, 765
22204, 90
817, 871
35012, 231
30064, 570
2019, 481
2898, 96
41548, 783
48963, 243
20727, 560
38190, 572
48919, 654
64499, 922
44193, 423
34612, 45
38699, 437
18952, 502
30894, 46
33068, 971
19922, 613
9970, 556
31320, 898
39392, 610
31652, 792
61116, 691
11250, 883
12772, 851
8629, 727
32813, 811
37171, 128
14674, 236
65781, 371
25809, 334
22913, 716
7910, 778
65236, 837
20460, 405
21558, 460
45408, 318
16672, 885
20145, 309
18469, 994
9054, 908
35705, 248
41131, 596
48402, 220
68492, 380
5020, 534
26171, 620
51998, 582
24714, 10
50441, 641
29361, 657
19228, 215
16753, 556
61142, 108
42939, 85
31178, 22
16133, 402
30493, 875
45292, 749
55745, 364
5165, 103
61355, 8
54186, 562
21059, 604
29116, 625
11036, 229
23048, 256
46461, 55
205, 854
29391, 524
41704, 549
66418, 682
5847, 827
8731, 930
53916, 638
51064, 704
46780, 765
37429, 778
38617, 130
38081, 845
40453, 686
49324, 95
48886, 214
64185, 78
43297, 651
65929, 980
33032, 758
34965, 97
43207, 177
8785, 180
63313, 197
6422, 842
8818, 764
17130, 288
10404, 849
37497, 884
45988, 150
34187, 379
36066, 133
13368, 945
25019, 708
13860, 254
53573, 287
3499, 102
1035, 406
1689, 717
20789, 913
59138, 460
5344, 943
34044, 599
7376, 197
5228, 788
48617, 63
27041, 225
39138, 131
43598, 171
52855, 145
15648, 894
15127, 899
46235, 716
26214, 681
18856, 312
63690, 811
5687, 466
59255, 104
24692, 207
28425, 862
50272, 327
29044, 14
43318, 818
51712, 625
13768, 21
25121, 851
20353, 28
27042, 53
29898, 583
19050, 579
22457, 719
22960, 390
47828, 31
24040, 944
50622, 618
28284, 194
13732, 740
37800, 864
45745, 317
60140, 206
43001, 598
52691, 521
40522, 533
6159, 641
57676, 659
6008, 810
30245, 28
5912, 344
48588, 945
7583, 299
33581, 221
45038, 678
20426, 88
12624, 734
11040, 376
32913, 420
20379, 666
35018, 804
69969, 258
4542, 113
25083, 300
32198, 939
67857, 289
12446, 347
19590, 972
10885, 84
22672, 862
3175, 437
35686, 883
49729, 935
60815, 13
46975, 756
31397, 274
54200, 75
41662, 512
52547, 592
67958, 560
31042, 114
69114, 332
17547, 658
35944, 676
65970, 279
18090, 453
18575, 378
368, 641
52115, 486
14735, 449
29725, 48
27026, 530
15265, 110
53297, 25
13370, 678
644, 77
23383, 261
50711, 869
21096, 697
23272, 50
62502, 913
26071, 550
39771, 975
24634, 777
17335, 779
47889, 460
20972, 729
44330, 65
18404, 334
2742, 376
36163, 563
42196, 903
21781, 67
54324, 578
16498, 921
31559, 69
17900, 264
35080, 958
61946, 721
42227, 632
62140, 363
34286, 731
29405, 84
48677, 487
16980, 810
34052, 812
36172, 897
56263, 587
5841, 183
7507, 201
16254, 131
10312, 317
50889, 56
54341, 570
48879, 66
49302, 362
48439, 818
44478, 897
65260, 650
16362, 849
42605, 641
35294, 338
2004, 573
64881, 812
59722, 1
54293, 895
49121, 143
45825, 282
47259, 970
9586, 454
30237, 198
10789, 29
48387, 324
41883, 212
41242, 1000
52450, 891
17206, 756
43829, 557
1468, 657
4226, 145
3092, 263
13347, 62
58087, 978
59366, 774
1658, 107
1271, 741
32374, 175
24498, 164
58328, 336
69735, 597
18009, 880
19989, 986
31702, 834
38629, 541
33979, 376
50447, 1000
44945, 904
35785, 972
48372, 909
8699, 218
3077, 923
18576, 388
11427, 245
65065, 180
21853, 37
1256, 715
28900, 48
7926, 109
40031, 298
36560, 401
54596, 52
50189, 390
41154, 183
46444, 321
39960, 604
11392, 961
5500, 475
42633, 74
46900, 975
11645, 617
18912, 802
12164, 870
46641, 357
39488, 584
48705, 773
66034, 851
13599, 142
7385, 825
17864, 683
9644, 593
45021, 168
33997, 734
59781, 886
4642, 78
28392, 35
28187, 78
64276, 240
47538, 827
54526, 587
3255, 255
44141, 808
33375, 618
18286, 649
25184, 867
10317, 283
55609, 882
36578, 16
43384, 373
25272, 328
44963, 519
62658, 606
43945, 741
19468, 810
48528, 379
24509, 857
38783, 234
33826, 605
52555, 480
26068, 304
3461, 757
53274, 372
58277, 781
33632, 184
8422, 228
47587, 432
3311, 302
37211, 417
37083, 34
17962, 121
13886, 230
40653, 341
48573, 661
36448, 209
10380, 679
23237, 424
35009, 974
56172, 822
13454, 945
54003, 999
14547, 992
20170, 858
56973, 153
33327, 154
34834, 936
39153, 609
63768, 295
29434, 260
49620, 538
19963, 502
36488, 158
52237, 974
52920, 119
49526, 191
24406, 916
38089, 323
2590, 318
37511, 635
18930, 769
46316, 976
8748, 536
23646, 255
47101, 377
68205, 79
59533, 405
65340, 921
18430, 248
21242, 887
68651, 485
46113, 447
49147, 275
15328, 231
17684, 333
36864, 11
37395, 51
3376, 441
14075, 451
69558, 841
45385, 881
46899, 757
25875, 582
48537, 657
24187, 489
57803, 731
1363, 877
8130, 690
11345, 412
42426, 258
60147, 102
23927, 585
25320, 855
37981, 503
35909, 125
7301, 613
45698, 548
24318, 412
31027, 579
6057, 646
61427, 661
56461, 958
27672, 499
65767, 671
58541, 938
65726, 915
42393, 873
53478, 557
57413, 686
58455, 965
44627, 181
53323, 801
27096, 433
23338, 375
55008, 932
12639, 22
61494, 3
42548, 101
56599, 316
52568, 398
23239, 985
22705, 34
8318, 957
61610, 928
22503, 129
67837, 734
19954, 253
5537, 815
47939, 320
9283, 52
28038, 756
57649, 850
39637, 180
7770, 29
48805, 551
19499, 452
46829, 295
55017, 879
49790, 828
11452, 488
65792, 933
53235, 489
13494, 605
51903, 704
15972, 283
20528, 247
53996, 903
62874, 574
69200, 963
65554, 611
59677, 633
13967, 176
62663, 644
23219, 270
19175, 208
3325, 539
49937, 834
2052, 403
15619, 223
36550, 878
60626, 572
20907, 554
29433, 991
66651, 282
63550, 0
53949, 968
2669, 496
51261, 878
53010, 804
30933, 58
6787, 431
53932, 88
11657, 656
34925, 662
29164, 112
43580, 363
31862, 117
37970, 347
29710, 557
23236, 102
46655, 497
69674, 197
55488, 404
42520, 807
57814, 495
28098, 630
13335, 465
55542, 107
37971, 133
20430, 659
56926, 715
13630, 469
36461, 742
60106, 777
47138, 352
26673, 719
33947, 247
39227, 576
33464, 572
23966, 423
56993, 421
22332, 905
32117, 867
11844, 928
60013, 593
7736, 926
47195, 676
29723, 39
59846, 395
54393, 956
13770, 703
8516, 364
49342, 461
22190, 801
60231, 259
55134, 255
14975, 148
30368, 938
24728, 548
69371, 556
37914, 395
61827, 650
31508, 260
38218, 914
53406, 571
43667, 689
59492, 862
2936, 220
27204, 713
66497, 398
58670, 863
34727, 221
55548, 938
61637, 30
39074, 863
1327, 70
586, 942
1708, 871
61101, 385
69592, 121
53129, 872
2512, 193
26050, 369
25554, 670
3923, 379
43040, 300
51046, 4
35500, 819
51120, 305
53851, 802
10477, 764
43110, 884
39869, 384
66856, 467
4419, 771
2953, 663
56772, 362
26279, 93
31270, 346
50316, 78
15548, 386
57563, 920
59560, 99
33872, 323
64703, 439
25027, 565
41383, 96
59317, 398
7158, 567
59097, 824
32395, 973
26778, 386
1597, 132
69614, 550
24159, 858
58853, 613
4679, 175
24404, 786
12554, 30
17578, 510
45039, 967
44098, 931
19820, 959
53953, 59
21951, 327
54522, 143
13626, 536
26222, 823
19455, 450
10309, 372
24937, 56
67301, 136
56692, 921
2110, 94
58312, 127
15697, 643
47936, 842
18521, 800
51179, 525
5486, 19
58658, 793
62345, 319
44474, 23
21707, 533
48170, 58
20401, 825
32135, 691
39643, 286
49391, 497
31449, 815
25134, 107
30992, 672
35337, 168
34944, 611
36404, 670
65830, 865
37060, 589
61503, 979
61686, 169
11505, 418
29197, 266
15743, 742
53157, 519
2639, 789
66327, 166
55467, 823
32800, 641
50954, 749
1321, 828
34719, 542
42856, 793
26772, 333
27497, 80
40807, 360
8953, 705
15942, 385
9685, 569
36907, 392
1885, 873
65331, 329
60312, 397
42036, 420
55216, 384
64187, 628
62553, 773
63895, 230
38838, 443
67501, 311
10853, 522
31817, 417
4421, 454
66031, 602
30377, 744
54533, 262
32108, 10
18618, 130
22246, 906
41138, 738
65167, 452
48438, 658
66054, 647
6959, 232
64908, 350
175, 23
28753, 353
42006, 895
48461, 625
63114, 688
20030, 409
54137, 993
63697, 949
26984, 616
27935, 593
25237, 309
58510, 863
63852, 767
25830, 412
17675, 752
29807, 839
63026, 494
21956, 352
30818, 909
43833, 497
20361, 445
26510, 911
60109, 830
1219, 286
54730, 870
69508, 584
864, 680
30919, 749
67323, 456
10782, 640
68292, 357
31721, 600
23327, 800
20204, 934
64629, 607
1888, 447
2493, 311
8725, 887
36666, 414
54131, 887
55402, 97
4292, 525
26166, 927
4320, 656
48286, 929
50727, 342
20106, 712
22320, 369
60091, 0
13594, 31
11933, 370
36969, 313
41974, 882
4994, 91
15014, 180
4795, 116
16710, 409
53441, 318
20799, 169
47369, 101
3778, 677
15021, 386
13974, 33
68777, 695
17711, 863
22592, 606
8150, 591
48427, 744
11101, 44
66015, 815
56787, 343
51638, 464
66663, 956
58106, 39
47418, 187
6558, 995
68551, 343
12346, 791
5199, 18
61275, 824
16666, 911
11575, 647
58987, 871
47039, 502
12594, 28
50092, 646
65833, 625
43406, 959
44755, 975
37483, 680
26132, 725
53666, 665
57281, 511
33035, 559
30150, 426
67363, 796
11059, 232
53200, 822
41318, 210
6549, 408
8760, 805
11377, 364
20806, 979
4838, 407
12964, 926
31231, 646
34226, 422
22197, 488
11658, 630
29934, 83
44285, 151
40109, 474
60095, 123
62619, 747
33338, 270
48863, 45
45546, 130
10153, 763
36359, 48
49049, 811
18797, 280
2755, 647
50762, 808
16847, 238
6122, 8
65163, 660
7847, 804
58829, 19
16974, 156
29701, 697
42253, 768
11714, 241
34717, 427
19669, 741
9785, 892
14743, 192
33326, 235
39921, 51
36561, 489
58051, 124
44591, 801
7353, 368
29861, 636
1936, 73
45576, 29
54588, 547
22260, 316
39819, 36
7044, 351
11486, 927
61515, 705
57541, 155
58869, 860
67572, 920
2687, 616
61262, 470
31565, 406
21472, 696
16111, 271
35311, 759
12628, 699
5086, 544
8678, 774
6878, 897
65865, 404
10120, 712
21698, 754
46666, 41
14905, 399
57450, 157
59759, 130
58991, 480
15436, 521
2482, 567
25946, 896
48724, 124
48704, 839
57552, 457
42824, 18
20869, 686
28483, 980
2996, 926
34355, 157
37631, 222
45360, 211
40965, 72
7091, 760
56579, 391
43178, 65
55691, 499
9602, 512
10683, 623
57786, 154
62860, 608
66563, 680
46702, 141
52733, 823
54882, 79
58690, 550
47484, 191
23340, 221
43651, 2
10295, 884
1143, 772
19361, 378
56893, 162
4741, 400
21024, 876
29623, 988
59883, 289
38308, 330
47287, 583
47888, 226
1020, 841
8301, 73
24740, 191
10276, 915
66202, 138
45272, 851
52821, 143
51156, 738
61773, 470
13238, 310
47078, 766
67909, 368
35733, 62
41245, 942
46828, 858
65142, 486
61587, 475
722, 101
27428, 828
5815, 262
67695, 351
19666, 170
7155, 805
989, 819
44707, 937
34785, 720
33659, 58
10483, 202
40709, 317
25708, 411
45230, 167
17353, 161
39000, 321
17363, 695
53249, 50
10196, 777
24355, 82
42989, 707
51782, 722
11642, 360
49687, 37
57196, 25
39032, 761
4756, 210
21632, 484
46035, 689
17032, 572
34086, 793
15599, 826
12935, 68
12975, 152
43900, 107
69363, 635
22244, 410
34398, 292
6820, 211
51180, 501
38129, 2
25579, 151
12029, 231
69848, 478
278, 628
21857, 994
25362, 571
65224, 842
51030, 839
46889, 478
19901, 894
54019, 536
58190, 825
14806, 499
7473, 733
61079, 198
41575, 591
67835, 461
49868, 572
50652, 910
22899, 53
25113, 395
56611, 325
42715, 833
64010, 954
23226, 110
14319, 629
49546, 685
32459, 497
13837, 268
16134, 579
10300, 234
20893, 499
61978, 644
8661, 845
38958, 380
25722, 819
20620, 259
62411, 306
35856, 647
29115, 688
45411, 160
21557, 916
17876, 327
1524, 964
23568, 495
58913, 836
62364, 775
17792, 782
20114, 731
32048, 104
48823, 308
10292, 315
17678, 821
18453, 58
11482, 78
48580, 360
21048, 396
64825, 456
53648, 794
500, 1
28053, 675
19364, 69
51247, 875
60060, 771
12712, 717
32543, 102
14264, 557
55220, 293
31006, 750
30558, 199
46077, 281
28422, 2
5528, 800
23739, 718
63597, 949
53963, 298
42007, 782
20821, 251
25993, 95
48376, 739
44693, 387
14135, 745
45595, 48
27535, 19
3597, 453
34383, 91
65249, 861
65080, 673
39213, 924
12954, 979
8057, 922
65751, 231
31884, 306
40475, 752
51377, 132
12127, 480
1420, 353
33797, 556
52666, 272
46174, 303
51968, 894
28431, 148
67350, 380
25144, 588
45293, 783
5751, 730
46654, 825
14248, 4
10057, 874
41766, 5
57838, 845
42016, 914
48535, 258
69386, 190
3696, 962
42012, 390
19457, 750
28294, 710
6110, 832
35860, 910
17366, 615
169, 401
21125, 958
66301, 433
42837, 70
59342, 822
11071, 874
21148, 132
6728, 491
6042, 576
37182, 394
55135, 307
68146, 970
18823, 29
8459, 614
36191, 409
16941, 304
56256, 876
34274, 577
18714, 668
53173, 72
46293, 256
55787, 477
58155, 332
59768, 658
5278, 690
14056, 277
55901, 649
54664, 75
44919, 794
41001, 209
63572, 192
51704, 143
64258, 423
7040, 252
39410, 594
59202, 726
48914, 394
57959, 673
66556, 804
67103, 818
29222, 760
58657, 46
27050, 501
68601, 371
13754, 51
4420, 953
59919, 686
27130, 249
28995, 895
11773, 226
29269, 879
19565, 120
58515, 812
25616, 275
64099, 124
67481, 908
41110, 720
30441, 955
32306, 698
66544, 383
64038, 940
7027, 978
60502, 158
8648, 396
24778, 769
714, 765
3747, 639
34787, 204
63900, 238
60836, 990
29793, 148
42878, 29
43166, 995
36256, 962
59103, 755
13893, 871
51546, 874
59915, 928
33633, 798
11459, 41
27121, 21
68152, 991
34574, 165
67156, 82
53819, 609
215, 292
35355, 996
28902, 815
6198, 841
25720, 558
59284, 646
12469, 1
18555, 338
61517, 954
38953, 343
19217, 10
31004, 181
5176, 972
14231, 704
11413, 229
65752, 987
37651, 262
69952, 451
46407, 40
2018, 453
58139, 595
43710, 678
58504, 92
52012, 15
55424, 635
56024, 169
6896, 793
24620, 513
33172, 284
39288, 797
62768, 665
468, 768
49378, 672
5197, 752
27747, 667
60584, 840
1723, 905
44727, 70
68261, 112
13029, 838
435, 983
66307, 593
47961, 899
6568, 959
44638, 693
9176, 393
39252, 697
14059, 190
44714, 814
48257, 42
17677, 514
12082, 68
34135, 334
11197, 86
42894, 569
8718, 917
26331, 941
38824, 803
66741, 158
22870, 913
15198, 922
60661, 716
26021, 424
64810, 270
44705, 859
38930, 777
4660, 502
68853, 529
51948, 688
15333, 289
29986, 541
40040, 735
4849, 7
25449, 590
62931, 664
46983, 893
13920, 740
56560, 519
59618, 355
17672, 55
49060, 208
27120, 827
54841, 860
11878, 60
63939, 970
11607, 0
62432, 624
26935, 405
36662, 65
13251, 801
6187, 10
17109, 524
18089, 649
38459, 338
65279, 769
57072, 550
63350, 63
22814, 293
47281, 101
53387, 271
24608, 59
39744, 293
68403, 698
23521, 392
24653, 738
11471, 859
33235, 712
63624, 532
44351, 588
6606, 629
26055, 802
54996, 444
47038, 837
27048, 79
33856, 970
41599, 406
35418, 750
51833, 916
52765, 284
46530, 705
43410, 740
32251, 636
5263, 969
46915, 937
9321, 408
59554, 551
37086, 280
33061, 367
9127, 859
60056, 95
29482, 732
51507, 925
2007, 100
67422, 284
21737, 903
52148, 624
48302, 447
41778, 763
47528, 875
58547, 510
34869, 380
20970, 421
6902, 543
6085, 80
30945, 389
2802, 913
9471, 12
33373, 372
13733, 326
63458, 1
47551, 632
49685, 955
59178, 781
51254, 296
17022, 133
9074, 500
52201, 73
23757, 182
43644, 595
57463, 938
4961, 584
51707, 84
57670, 671
44095, 634
57707, 562
39360, 461
43494, 530
14068, 898
10386, 974
38207, 237
36902, 260
28656, 419
46124, 455
56510, 121
66601, 406
11292, 873
43298, 649
41546, 749
53321, 109
35772, 717
55839, 282
14093, 429
69384, 396
14760, 421
45080, 780
3701, 668
35250, 621
61624, 115
41034, 448
5972, 64
37310, 261
14243, 598
32268, 140
15857, 471
50775, 414
48984, 95
26973, 124
4966, 439
56123, 395
58996, 809
65748, 452
5866, 60
2555, 989
14900, 144
8217, 554
61977, 369
14549, 862
5661, 854
37074, 640
9263, 850
49446, 395
43381, 17
9096, 925
33008, 314
62263, 152
65032, 28
23203, 418
14606, 682
25952, 496
51502, 912
27902, 474
141, 175
5767, 409
9742, 607
23274, 997
25909, 833
3640, 469
29489, 706
68693, 397
66322, 832
19891, 368
50880, 341
64155, 317
16572, 111
36167, 397
61651, 386
17080, 141
58441, 805
66104, 232
50197, 243
22287, 742
63861, 847
11232, 221
45898, 344
14043, 433
33370, 977
49006, 859
58650, 351
40354, 148
20683, 638
5411, 633
51432, 836
27896, 81
9238, 21
54903, 80
38588, 85
67464, 653
20345, 321
34330, 560
25181, 475
61105, 189
30171, 931
51002, 228
23506, 666
18366, 568
43150, 579
26336, 40
31613, 809
31169, 821
53889, 482
1925, 484
59279, 591
8294, 105
6154, 148
30208, 216
33939, 53
19719, 448
2654, 473
30162, 852
64671, 624
37652, 513
10421, 146
59874, 592
11638, 329
31173, 603
69692, 260
34273, 637
35548, 338
40349, 171
57755, 401
56582, 690
68127, 107
45581, 709
3287, 764
25785, 340
14995, 814
13382, 765
34458, 759
40511, 16
58693, 628
61999, 389
61268, 718
58881, 168
37115, 427
64135, 708
24878, 800
20453, 491
10750, 997
69422, 277
22790, 273
25327, 317
9995, 205
38904, 563
45309, 919
64986, 684
47896, 120
26368, 302
63770, 549
62031, 84
5116, 795
17869, 181
47424, 167
7684, 815
67476, 130
945, 361
19595, 301
60000, 977
1162, 470
67217, 238
5910, 518
57792, 905
52039, 83
235, 576
40558, 980
29740, 481
47894, 613
16720, 561
48999, 419
56330, 108
55205, 107
31961, 157
25385, 377
50804, 294
37454, 374
8700, 705
18338, 243
49026, 757
37488, 695
47017, 110
25673, 487
29857, 279
50020, 542
49443, 873
10332, 761
7182, 163
49656, 825
49008, 481
12657, 249
16902, 734
33457, 242
12529, 412
56627, 564
32390, 237
25684, 439
39038, 41
319, 264
61263, 467
21814, 193
51909, 770
1138, 200
43408, 204
35990, 548
3216, 788
66329, 668
56535, 462
63051, 269
61305, 112
19160, 984
24769, 822
59902, 92
38690, 152
45418, 411
26281, 721
17929, 320
37888, 206
29845, 691
46728, 453
29511, 496
21836, 335
33354, 256
5299, 849
11796, 126
61955, 745
12157, 708
68258, 824
13005, 716
255, 643
19658, 983
11795, 289
54329, 340
65322, 209
36045, 173
21985, 808
2981, 237
37886, 738
30834, 559
45166, 618
59378, 480
1521, 527
22540, 633
5014, 957
27626, 846
56320, 750
67423, 597
31253, 761
53999, 262
6475, 234
31757, 512
64988, 880
61040, 474
4612, 592
29309, 442
59598, 411
23323, 246
9417, 521
59657, 70
33246, 219
64893, 486
59824, 372
50675, 749
67846, 486
1075, 412
24552, 51
6967, 476
43958, 283
38010, 178
16231, 303
21261, 612
61969, 673
4530, 723
56922, 251
49276, 204
31101, 195
21334, 37
39938, 362
8521, 266
56393, 865
19814, 155
39196, 43
25796, 412
58772, 121
49230, 375
38335, 911
3939, 605
49288, 153
65285, 644
7884, 797
42865, 347
5520, 935
2677, 553
14787, 683
17097, 447
3922, 449
66829, 624
45822, 297
7330, 287
61939, 684
40343, 601
48768, 446
67258, 920
36933, 387
30047, 103
2117, 885
36325, 870
26930, 52
67703, 985
59105, 172
42617, 373
690, 348
29051, 912
8230, 19
61745, 624
52929, 135
34819, 573
21035, 556
22462, 806
41720, 661
17705, 18
18477, 719
56238, 131
20755, 285
56059, 64
26043, 696
35115, 841
63545, 477
1775, 852
4826, 512
51252, 688
43261, 810
4783, 760
54334, 60
45543, 455
11326, 168
2478, 382
43536, 329
19647, 320
57728, 322
62679, 80
9579, 501
21653, 347
14240, 701
43412, 629
38373, 377
8764, 484
34302, 831
11831, 731
29286, 784
22543, 521
48143, 365
49965, 193
12586, 940
61411, 797
1960, 10
26442, 605
35638, 991
8239, 492
49154, 928
18456, 622
23505, 27
54350, 271
31455, 207
50454, 196
52730, 705
2266, 726
22712, 270
65232, 712
21885, 48
1229, 878
2547, 277
53901, 686
22968, 395
33941, 292
50944, 202
18617, 532
30385, 98
54010, 433
3201, 658
11904, 3
17674, 252
33227, 964
69625, 345
25317, 649
39278, 734
44217, 556
33571, 126
36512, 839
1788, 284
55222, 844
55606, 63
13148, 383
51856, 8
4789, 530
57166, 437
60879, 739
39258, 134
12131, 913
21370, 329
6505, 163
14338, 803
2479, 174
15062, 146
21103, 241
66732, 36
10102, 48
65380, 574
60160, 500
35591, 524
41068, 222
14635, 490
64648, 100
45178, 284
51330, 550
28270, 794
14483, 785
20704, 352
36445, 727
14279, 395
21575, 190
32134, 756
46597, 339
43599, 265
65000, 446
28759, 177
15768, 0
16284, 11
393, 710
60179, 36
6824, 142
57267, 566
35847, 671
42313, 655
40518, 210
51375, 964
15429, 153
42035, 804
4426, 401
34019, 118
6388, 537
45807, 765
55052, 174
6601, 274
37910, 487
13846, 399
4953, 172
47825, 754
11818, 861
52186, 931
54794, 463
38569, 64
822, 371
62141, 247
50259, 897
38660, 498
22544, 775
29801, 30
60826, 326
19536, 720
41996, 722
5150, 27
14939, 804
14285, 109
55362, 616
50955, 493
12442, 33
36104, 451
65349, 909
28831, 272
22977, 133
66321, 727
35996, 834
48815, 964
37567, 249
54561, 377
65456, 919
67875, 578
6698, 396
54000, 648
67861, 58
49676, 846
24435, 232
65381, 125
26947, 585
61723, 272
1356, 108
14076, 636
19684, 256
31621, 154
53412, 722
6045, 833
13612, 670
39591, 862
4517, 702
53279, 942
52302, 243
23143, 241
44265, 793
34731, 342
4881, 960
22868, 417
23063, 177
683, 462
60574, 706
20953, 357
52446, 448
17346, 445
1517, 172
14991, 672
66021, 792
38232, 748
18806, 213
56386, 568
14220, 131
35315, 54
11996, 324
49348, 799
7190, 304
59742, 403
52116, 163
55561, 171
59579, 507
43545, 106
22879, 684
69600, 549
3519, 110
613, 891
33553, 187
1096, 385
21361, 742
53869, 120
36430, 839
7242, 675
49902, 996
63493, 976
64326, 123
913, 747
45445, 615
3117, 606
26025, 518
53057, 729
13690, 869
12066, 236
49298, 288
65573, 600
33397, 777
10436, 74
47103, 371
7001, 201
4490, 20
2356, 373
46610, 635
40212, 0
4515, 577
2830, 776
56665, 706
48777, 705
22038, 39
31053, 432
25259, 266
52307, 710
37235, 179
1558, 12
62620, 574
27936, 148
12050, 934
35754, 29
44108, 713
32003, 171
29394, 959
54501, 999
61771, 43
54132, 523
63356, 79
44345, 616
40967, 429
68526, 8
55143, 944
58149, 154
37918, 997
36250, 312
18913, 736
67546, 766
47203, 787
15805, 655
52609, 398
42150, 620
67045, 703
30821, 936
45808, 179
25510, 626
24333, 426
16779, 564
19185, 38
29048, 466
12532, 951
30679, 343
23748, 132
19214, 33
51053, 227
12047, 558
18735, 737
23574, 983
51444, 67
42809, 698
30397, 142
43117, 33
2886, 645
47578, 160
22798, 191
21232, 749
65790, 29
38486, 102
66246, 930
63466, 650
8742, 537
4706, 652
56435, 544
2063, 105
39229, 136
61076, 720
50692, 689
33212, 706
65273, 1
34538, 331
7249, 294
31248, 940
9173, 305
68801, 488
52665, 616
62853, 246
56124, 339
26162, 339
51316, 573
22330, 661
20638, 721
24055, 362
34822, 659
4664, 486
66650, 599
42801, 984
23460, 180
3802, 55
9948, 52
8570, 265
63682, 495
25854, 209
69342, 782
65400, 338
16654, 426
65915, 446
69026, 755
29428, 527
3881, 199
63068, 962
65837, 249
22208, 486
46116, 293
29729, 638
53373, 735
6919, 950
25078, 675
43077, 512
15338, 110
43625, 244
67002, 135
10508, 887
50638, 899
9217, 285
8530, 761
48221, 349
27802, 874
42505, 971
28014, 676
49166, 758
50129, 938
67982, 900
38166, 323
22761, 272
49765, 279
20901, 622
48032, 31
57228, 396
18540, 593
24625, 697
5971, 549
23349, 61
40200, 550
10855, 8
32809, 692
8298, 251
61385, 622
62867, 85
38616, 804
43706, 113
44600, 996
62382, 96
7071, 994
21792, 259
31040, 985
4111, 437
52211, 257
25637, 852
9064, 179
38413, 383
25061, 488
7128, 815
12866, 51
41043, 33
11139, 986
32010, 252
56916, 179
46586, 446
62383, 183
42037, 400
43342, 180
28137, 296
32947, 783
10969, 585
48413, 206
20670, 237
37150, 247
40981, 684
16736, 845
46347, 859
4075, 913
7114, 123
56265, 367
3067, 489
10062, 494
54790, 595
18722, 181
45455, 186
45129, 429
49589, 127
24647, 880
47707, 577
22084, 60
6561, 137
34305, 577
39985, 625
43266, 790
2689, 942
4004, 286
33792, 583
17892, 282
52892, 178
64440, 601
8774, 56
59054, 152
18940, 431
68952, 175
18148, 13
3826, 29
54750, 384
2556, 832
69930, 960
5800, 177
64345, 791
45313, 991
14959, 841
3017, 88
46971, 725
13769, 186
12286, 99
46361, 764
52917, 634
27030, 260
40102, 204
19330, 882
25746, 387
60676, 660
48033, 829
26134, 247
24309, 249
2693, 588
35987, 101
4810, 833
3210, 404
4402, 692
24764, 847
64476, 382
3465, 143
34545, 9
60378, 272
35197, 742
48176, 753
24081, 772
37756, 742
61984, 713
34268, 949
58458, 490
34499, 609
36209, 67
39095, 488
19849, 719
65968, 200
27305, 691
8582, 471
55988, 201
34752, 424
43755, 809
7235, 498
6756, 530
24077, 466
50812, 80
45658, 198
38180, 406
14633, 841
57946, 912
50300, 27
10484, 584
56390, 791
47052, 400
30612, 851
54388, 977
63218, 248
38387, 130
10552, 201
51340, 405
62329, 494
32472, 580
54146, 810
63840, 206
15996, 73
44124, 561
57646, 680
62060, 314
68331, 389
60280, 907
37146, 327
50124, 34
24823, 280
32892, 8
4302, 95
63552, 173
35801, 289
23603, 950
49713, 191
18254, 510
45775, 999
44449, 700
66959, 745
20598, 897
44068, 150
65362, 344
63002, 590
53055, 942
41527, 944
5613, 781
29698, 892
32164, 435
2986, 699
19410, 837
34635, 702
55267, 75
11760, 553
21679, 274
59596, 106
56575, 473
26789, 24
61639, 252
33460, 796
53635, 215
35786, 322
25288, 752
66368, 345
58580, 71
44414, 983
33312, 785
64453, 745
57587, 61
29404, 805
1777, 691
38005, 473
44689, 68
13037, 852
59858, 559
60149, 986
38106, 689
9421, 719
7051, 650
25580, 199
67347, 913
40625, 974
44723, 958
6024, 331
66827, 953
908, 191
59801, 13
23877, 56
43902, 515
12306, 394
9412, 308
32922, 323
67800, 857
63739, 133
38811, 884
33476, 631
2320, 256
27462, 896
36898, 396
2343, 963
65146, 346
29352, 524
62863, 479
38385, 873
20543, 503
42450, 282
11784, 122
33106, 40
33446, 922
36878, 970
42087, 737
54111, 250
69847, 589
1126, 665
13632, 415
58443, 992
52128, 350
52425, 167
13512, 162
67469, 831
29689, 249
43065, 721
46953, 391
7573, 205
59076, 461
56419, 921
11537, 89
10485, 82
64901, 785
5943, 572
10180, 124
9025, 122
32815, 837
61057, 250
61431, 234
47435, 354
21243, 950
12295, 497
34617, 794
25923, 873
6960, 206
39298, 859
20666, 145
50444, 446
1034, 296
68604, 783
46713, 890
69188, 620
13424, 905
40358, 960
30996, 679
27735, 211
53035, 775
19837, 156
29597, 227
49787, 382
21958, 185
63441, 128
50832, 891
51870, 314
52089, 206
54451, 490
5413, 255
7467, 820
58729, 601
15720, 373
595, 229
26318, 74
40860, 120
4361, 215
52753, 64
16193, 980
66065, 28
45316, 908
60761, 83
6038, 877
17201, 625
7920, 5
9634, 473
2779, 268
57198, 910
45707, 608
25265, 622
342, 200
36263, 479
66661, 988
59753, 813
56653, 644
24918, 579
66887, 560
16565, 651
24792, 688
63901, 151
11628, 56
9226, 484
42908, 31
40671, 155
30246, 851
31291, 314
47903, 672
20070, 17
55, 883
6063, 372
4409, 708
28619, 999
39505, 672
8425, 804
46570, 172
37823, 657
25627, 941
27406, 55
69636, 839
41806, 312
18141, 982
20857, 894
46661, 75
34628, 241
60976, 760
30697, 288
11582, 159
34030, 109
68607, 259
12602, 573
43441, 309
52585, 215
62330, 81
22113, 37
65085, 116
19732, 408
6579, 934
40589, 911
21182, 535
42080, 193
32045, 818
23905, 888
68275, 522
9208, 913
63829, 6
63499, 928
2833, 184
37691, 296
37434, 127
7893, 142
69812, 878
40634, 982
29017, 985
39485, 967
19400, 597
5481, 967
8185, 888
53774, 61
16379, 685
51224, 107
29342, 891
32987, 167
41328, 298
20529, 548
59974, 834
47233, 84
44649, 279
7737, 866
41484, 912
57106, 281
30460, 531
45108, 431
28913, 798
30453, 459
30771, 262
29661, 694
35292, 63
44116, 651
41913, 242
56410, 936
138, 566
61484, 35
53662, 516
24514, 382
5968, 553
34190, 892
55219, 743
29448, 372
43837, 984
26330, 216
67738, 885
61129, 822
39321, 889
9901, 48
20856, 730
19148, 52
69070, 514
35450, 206
31204, 108
62433, 8
5618, 900
50149, 54
29421, 542
46437, 64
38334, 797
7008, 674
4077, 887
33509, 655
65633, 825
58857, 273
62947, 691
47880, 257
3678, 659
21556, 184
18747, 531
3160, 162
1226, 717
4042, 820
20763, 31
68724, 674
49826, 854
4225, 576
6546, 273
19132, 158
606, 252
13422, 938
29, 422
8750, 190
36010, 725
51371, 250
36090, 303
26334, 655
42142, 577
12130, 171
7493, 932
30214, 717
30025, 661
60969, 58
34370, 202
12757, 27
32157, 303
27094, 139
324, 621
9428, 704
58867, 208
40155, 40
60977, 549
46041, 627
49021, 276
12611, 9
39814, 937
43615, 579
56782, 442
13563, 638
68631, 480
3411, 413
6659, 12
50776, 598
12303, 473
61302, 647
42896, 530
63102, 271
5297, 416
41042, 803
41529, 658
45929, 882
2522, 545
28146, 975
39866, 227
5110, 141
61764, 925
41884, 171
34847, 344
26826, 963
39112, 75
51962, 265
40862, 273
37407, 730
48932, 576
30927, 944
45514, 387
57582, 497
48182, 678
36653, 876
2508, 684
57262, 166
35853, 248
36107, 536
68669, 294
17384, 426
24488, 197
56079, 191
67223, 393
54817, 999
21141, 642
26046, 578
12948, 153
22642, 334
66101, 242
56215, 770
34161, 998
39994, 599
39539, 92
64705, 365
22988, 560
24369, 296
18235, 642
41738, 431
66986, 252
53681, 382
50537, 732
7285, 460
45130, 446
16260, 217
51335, 222
27526, 848
28148, 648
38429, 809
67030, 439
17980, 604
69689, 256
14808, 131
47466, 392
22351, 558
47857, 976
38425, 165
67415, 293
30512, 27
62325, 905
65430, 455
57898, 833
23088, 265
43500, 612
4561, 373
18365, 385
34480, 12
68851, 390
27775, 0
35911, 121
23240, 973
50913, 803
36614, 805
20807, 990
58385, 656
37582, 943
45806, 886
6903, 284
51701, 801
12197, 604
19450, 7
35966, 289
1164, 881
15777, 357
19142, 730
102, 867
17310, 297
12115, 131
57997, 918
48666, 264
9776, 588
38359, 48
58494, 542
36715, 935
26991, 380
22710, 699
62535, 84
30882, 600
16215, 703
68926, 574
49432, 308
21674, 65
1428, 425
5137, 452
42874, 8
28958, 698
8692, 926
33954, 666
52829, 115
63678, 324
50311, 798
64183, 482
27195, 354
65332, 153
12714, 221
852, 352
8522, 136
43756, 912
45397, 452
29199, 120
36473, 664
43137, 96
53560, 85
30993, 760
5583, 202
4655, 589
51760, 382
4085, 289
11640, 86
37642, 118
69864, 623
37821, 679
39515, 758
68901, 242
11241, 872
30685, 451
45462, 274
55618, 588
62017, 792
54916, 702
29227, 35
47789, 759
21600, 720
53350, 148
55771, 173
8393, 499
39407, 201
42382, 91
28630, 46
33567, 568
20974, 355
14705, 131
34258, 494
29214, 710
44700, 3
50391, 304
60286, 410
54420, 378
65342, 972
12228, 80
40264, 943
26971, 495
53517, 408
61508, 777
26534, 731
39336, 962
69292, 891
50810, 456
59211, 762
40407, 240
8880, 433
13894, 702
15208, 673
32773, 807
41248, 944
13570, 927
21823, 1000
28448, 647
67661, 988
20660, 928
20507, 790
54295, 355
61163, 360
41212, 547
3606, 701
16359, 345
34193, 479
28387, 450
66680, 449
50643, 101
43413, 933
24738, 967
7741, 893
4293, 608
38813, 289
23919, 298
21862, 710
67545, 220
22319, 614
63115, 317
19095, 901
16281, 614
29862, 948
4521, 614
50286, 99
66350, 378
24156, 599
43994, 13
8995, 574
66311, 558
64381, 669
25779, 307
17771, 208
17559, 808
67520, 846
18755, 420
33969, 582
8404, 416
1151, 777
237, 327
21570, 445
31268, 573
4388, 541
38473, 771
37016, 914
31217, 976
47211, 213
67083, 177
48991, 487
54273, 559
53578, 931
32764, 549
36073, 323
3884, 521
6626, 293
32661, 686
16456, 491
39396, 393
16366, 639
52022, 862
4866, 371
37780, 46
55532, 726
66050, 976
53495, 575
58556, 676
8939, 211
32671, 997
7219, 579
69591, 660
30758, 344
26202, 832
17522, 625
3279, 821
23499, 628
7443, 984
18044, 716
44871, 705
46724, 457
9347, 704
3238, 962
17958, 470
37465, 487
58418, 336
67736, 343
12589, 885
31080, 350
34598, 994
62427, 864
17344, 522
50781, 504
23220, 529
55099, 547
44957, 40
10620, 293
25005, 448
46856, 677
53624, 460
63171, 146
67232, 190
62546, 138
485, 189
35416, 227
53355, 425
45489, 791
25156, 888
24207, 513
50425, 557
25947, 691
40373, 811
21485, 484
45878, 676
22628, 604
54746, 458
43459, 219
53077, 586
52884, 7
59593, 540
15846, 387
34411, 648
33497, 805
4093, 914
327, 399
61863, 535
6644, 725
31202, 112
40207, 896
69573, 596
34908, 671
64685, 669
59851, 568
38250, 845
20676, 440
18875, 765
61183, 921
60494, 130
35805, 318
5565, 33
51849, 73
6207, 843
89, 433
24517, 157
49297, 411
7144, 246
43006, 254
7284, 775
9738, 84
54002, 344
19171, 836
41184, 642
67895, 595
21962, 56
15082, 745
1221, 468
65692, 341
42428, 861
18107, 3
36625, 155
8775, 715
31072, 325
2461, 20
7200, 31
52413, 209
24950, 470
31975, 813
22344, 731
31566, 43
38389, 5
48081, 425
36950, 794
17901, 678
18257, 860
10606, 12
8364, 197
42660, 483
67667, 810
25486, 798
4039, 890
13945, 594
3771, 115
53892, 289
48382, 725
41777, 23
56590, 456
55739, 685
25822, 564
23197, 843
51828, 92
13504, 420
43423, 235
31009, 586
23350, 312
60087, 562
17211, 288
52475, 829
45944, 303
9997, 586
57212, 546
67459, 608
38719, 937
68858, 695
35175, 660
1380, 982
880, 353
45402, 232
5731, 288
40496, 599
15956, 381
61630, 959
1511, 283
53422, 221
34693, 807
60995, 36
5037, 702
69924, 910
4909, 854
46778, 263
57408, 859
29161, 705
53447, 72
57669, 752
65818, 741
41015, 737
36093, 589
20185, 702
46691, 662
2546, 676
1578, 450
25270, 296
17248, 581
19299, 544
16947, 109
6227, 758
27855, 661
51388, 665
28698, 203
56304, 309
38954, 906
10481, 312
57853, 216
14351, 830
7866, 450
56662, 259
10373, 257
40138, 482
25718, 604
17569, 615
1582, 612
25446, 630
12282, 700
50452, 486
17472, 780
36737, 715
34722, 439
68370, 519
24759, 222
69206, 425
44537, 857
401, 555
34224, 747
61550, 687
40153, 523
21039, 910
37279, 742
49966, 80
2457, 517
19551, 695
60386, 752
56298, 460
21337, 109
5182, 569
44860, 193
46996, 814
54438, 572
41959, 493
23489, 28
803, 708
35136, 43
34363, 155
48867, 599
28305, 572
44798, 708
46210, 767
3682, 125
69450, 233
67302, 477
28665, 471
42526, 579
9472, 553
24996, 592
21990, 26
30044, 425
3283, 708
35631, 442
50609, 681
22306, 146
9985, 766
28344, 489
30881, 531
48839, 6
44290, 847
44444, 869
39681, 969
9498, 431
24122, 152
9164, 107
8822, 789
1944, 558
12695, 267
22833, 810
9575, 939
25012, 512
47016, 713
37675, 519
44482, 417
42978, 215
45995, 968
3032, 852
37878, 256
30607, 587
69832, 10
8236, 65
36258, 411
2666, 918
58339, 781
68177, 522
21459, 697
47130, 403
49388, 431
56348, 525
28802, 922
26402, 643
14736, 835
32444, 473
59300, 238
66844, 139
4098, 928
14766, 261
62054, 449
53771, 477
1989, 450
55201, 10
58809, 293
19486, 609
1448, 987
29441, 189
66606, 328
57352, 820
26429, 255
6633, 939
13397, 457
39063, 474
29605, 35
33229, 961
13855, 845
44075, 55
24898, 535
20873, 856
23508, 509
45563, 156
63857, 328
37866, 382
10362, 168
5191, 530
7012, 527
57159, 120
57484, 553
23563, 92
7227, 57
43332, 459
68396, 386
59472, 877
52960, 489
31820, 136
7156, 408
15138, 922
24789, 430
15353, 849
10188, 416
41581, 909
62235, 170
64756, 231
335, 783
11010, 767
66231, 967
17593, 972
14405, 694
61678, 661
38191, 539
60417, 591
17565, 3
1682, 879
62955, 280
18652, 502
364, 536
8697, 735
41387, 705
12034, 861
22694, 686
54238, 835
64837, 38
15954, 399
429, 213
46564, 986
6631, 821
49174, 318
59163, 922
26012, 569
43426, 393
26482, 48
45135, 354
25813, 851
56468, 994
1676, 334
28564, 600
49575, 556
33719, 983
20194, 275
43841, 141
15399, 164
64456, 365
46513, 522
42257, 982
37335, 77
42278, 953
64182, 341
56747, 105
6347, 459
29364, 618
48189, 593
36260, 329
15596, 472
47213, 467
30929, 0
11211, 624
5573, 758
41886, 91
59571, 747
68044, 331
28769, 709
58795, 856
48902, 149
47046, 838
64383, 211
37365, 212
42224, 234
1856, 661
26942, 494
22869, 572
34278, 530
14421, 333
2526, 720
20247, 263
15831, 557
48248, 434
48446, 292
9845, 850
33188, 102
6213, 718
45715, 366
58262, 255
27650, 125
48949, 565
40060, 204
45730, 253
43490, 664
60014, 807
47383, 20
69970, 684
48711, 47
56898, 795
37275, 59
45011, 579
19080, 196
39723, 380
47931, 17
34051, 522
66729, 502
5190, 909
68212, 269
17688, 592
8354, 408
58465, 499
44680, 148
18185, 952
37342, 984
53337, 682
67354, 421
8941, 784
43838, 471
30198, 500
36366, 50
14849, 547
52814, 587
37778, 396
56562, 737
42108, 672
1847, 802
8063, 973
22315, 59
63917, 655
64224, 168
27736, 856
56857, 640
55600, 223
8756, 514
61045, 460
49701, 166
16121, 86
51893, 355
15982, 878
25428, 396
53504, 209
65106, 799
67788, 360
55648, 203
18311, 359
44220, 204
7725, 759
43595, 867
26383, 936
54643, 879
33818, 74
61014, 509
36026, 366
17436, 485
67055, 953
58699, 866
47191, 576
58386, 573
439, 619
29564, 622
306, 802
6869, 174
23762, 980
66249, 29
30583, 226
31983, 644
17862, 107
53431, 17
39594, 14
22635, 122
1032, 24
46933, 424
52936, 431
10852, 868
40224, 928
56910, 567
50296, 619
9896, 207
37472, 297
3388, 861
42449, 63
39250, 507
24832, 880
53135, 727
52472, 54
46036, 238
2116, 754
1358, 157
12335, 125
45934, 356
63201, 2
9756, 593
28458, 861
59685, 36
5532, 24
55387, 847
66853, 132
54269, 139
21648, 374
7703, 123
39809, 887
32176, 250
51412, 992
67215, 466
59154, 895
48444, 734
48225, 969
46649, 854
66746, 865
27317, 624
51827, 849
3944, 197
40097, 497
749, 281
6173, 847
15580, 32
69302, 958
30326, 585
44903, 503
36694, 7
61998, 849
46723, 542
60859, 405
57112, 786
49226, 305
36314, 782
64119, 234
34474, 797
62107, 324
42462, 300
14162, 337
3209, 177
50583, 16
26642, 34
63714, 752
29858, 199
31013, 491
16191, 792
46240, 275
66220, 610
62602, 381
47955, 467
13122, 884
51752, 703
47136, 406
15902, 82
29761, 667
59494, 10
16069, 834
9439, 378
32867, 31
37197, 373
45724, 852
22609, 264
7489, 391
54807, 214
30987, 550
48712, 878
35988, 249
2037, 94
16168, 289
50846, 382
56336, 95
5655, 331
29604, 399
19604, 415
61533, 727
63726, 333
6246, 274
30169, 392
66808, 927
25755, 782
42636, 451
25472, 334
36185, 735
68586, 771
63436, 329
32220, 331
56733, 847
40322, 380
58959, 911
14707, 115
65704, 295
65408, 982
32560, 76
2627, 616
63042, 819
38196, 818
66565, 219
24522, 111
52682, 889
52493, 309
24709, 822
17272, 914
10901, 770
23108, 666
12926, 232
13635, 182
47124, 466
35358, 141
13048, 75
35486, 423
46335, 23
61010, 41
65324, 565
62064, 467
22499, 391
10926, 90
55767, 584
30114, 669
12267, 387
15485, 322
37692, 623
22658, 143
23955, 699
24358, 653
4855, 40
32875, 227
13127, 505
8455, 206
30553, 406
58368, 120
44493, 574
55521, 516
62258, 824
50813, 173
8863, 505
41299, 933
45580, 454
64204, 240
29937, 172
53466, 727
13566, 363
35874, 729
52878, 427
53608, 463
56836, 420
67569, 958
11306, 25
15910, 181
24875, 125
36272, 480
31619, 49
16487, 155
43075, 409
8409, 456
30149, 244
57951, 507
32532, 365
6777, 947
59465, 616
64262, 183
9665, 411
43690, 715
4373, 171
26476, 884
51463, 503
35659, 392
24870, 470
24376, 811
64706, 206
58493, 139
65723, 441
64017, 695
3354, 912
3265, 900
14425, 284
69999, 317
52402, 921
38023, 276
60266, 406
19895, 595
21749, 477
54171, 901
51182, 673
2966, 185
26970, 853
15862, 364
48826, 119
60846, 431
42955, 982
16840, 371
15602, 282
14648, 220
64362, 6
32876, 27
62681, 410
36241, 613
2523, 175
12355, 341
32511, 591
39013, 913
58242, 574
48652, 750
7931, 521
59385, 274
48112, 73
53000, 802
19026, 502
16476, 274
9825, 442
51673, 746
31583, 488
65893, 918
25617, 476
20963, 280
871, 62
14251, 330
27098, 804
2595, 826
62664, 902
14432, 407
25650, 189
54842, 580
1649, 186
58295, 453
55619, 907
33931, 836
12384, 676
20795, 469
53102, 993
21474, 12
38606, 610
25991, 44
37034, 378
38614, 115
64500, 318
290, 670
26067, 566
28321, 728
21627, 538
50543, 467
41525, 37
28475, 803
49552, 615
65310, 93
35395, 327
39934, 248
61781, 577
49245, 757
48718, 790
23018, 177
21767, 558
65814, 449
27222, 864
18467, 664
42447, 32
5716, 744
29875, 563
68706, 763
32358, 538
30433, 781
67194, 210
5350, 877
20975, 235
30063, 415
39837, 117
30692, 336
63179, 128
30327, 707
67608, 420
49190, 37
5238, 345
30035, 427
18668, 290
46909, 793
28807, 258
39716, 572
29613, 545
17328, 650
7277, 597
50695, 509
2789, 810
27208, 605
48470, 713
21688, 135
8462, 186
66502, 932
35797, 549
7579, 91
50468, 101
43783, 818
40612, 897
61886, 647
57939, 868
54433, 419
13399, 255
5305, 429
10258, 291
55115, 420
47786, 637
19216, 981
28429, 503
47978, 46
1169, 898
39544, 416
62179, 668
9047, 382
11184, 73
2100, 894
3263, 13
43678, 80
27043, 260
22931, 824
18800, 69
41324, 147
25442, 380
40663, 608
5009, 976
49296, 438
54700, 224
12105, 957
60860, 387
8461, 856
42436, 368
25566, 523
16694, 634
11236, 607
6979, 424
22341, 423
68911, 341
20209, 493
2796, 450
14593, 651
52326, 522
2189, 287
27684, 724
22159, 562
69966, 636
19271, 881
61606, 841
42457, 634
18548, 659
4444, 143
17890, 994
53757, 135
57547, 511
20910, 749
34676, 963
31714, 308
619, 830
59545, 517
32060, 95
4148, 935
9565, 226
37140, 111
52589, 428
2239, 367
36793, 754
57794, 625
56268, 842
22214, 663
55776, 651
69624, 262
2145, 37
18250, 438
49295, 288
3704, 833
50992, 845
39781, 458
50830, 134
59170, 186
29546, 732
11802, 668
50618, 44
49246, 398
52872, 984
51586, 542
30521, 754
39730, 942
39839, 52
16677, 710
28207, 242
44274, 189
24241, 695
2680, 82
31879, 427
30278, 937
45605, 209
31750, 970
42723, 311
41641, 463
40148, 306
49625, 82
26918, 605
53876, 612
47858, 313
8532, 366
27942, 923
54126, 977
16593, 568
30299, 891
58201, 781
4318, 367
5872, 105
27281, 697
12870, 510
55678, 680
26598, 965
17880, 77
69034, 624
3651, 637
60871, 98
65382, 115
7585, 491
69884, 753
7682, 844
52438, 654
36102, 207
35877, 61
2254, 499
1784, 681
53531, 965
60072, 537
21019, 434
43380, 545
64977, 265
55080, 480
12893, 58
17299, 487
17057, 650
18516, 756
7253, 491
32343, 784
27606, 190
17375, 285
11469, 176
14666, 457
7843, 32
60588, 41
8038, 170
22599, 701
46690, 213
52260, 595
41016, 207
27364, 127
38627, 218
2184, 252
24633, 384
66649, 302
15393, 260
14385, 802
29944, 209
14703, 887
45608, 947
2369, 804
3391, 866
30540, 375
25497, 166
18351, 717
54615, 440
5158, 686
17762, 269
32931, 428
54403, 438
13139, 523
25042, 395
9305, 239
45795, 85
61482, 249
36680, 159
22334, 812
32189, 117
45852, 307
44837, 498
2881, 488
58382, 404
50161, 910
22106, 645
17538, 950
61368, 919
7381, 613
65182, 12
24534, 382
36305, 438
6161, 802
53960, 123
11208, 169
38880, 734
10394, 34
60883, 46
47849, 18
7867, 812
26993, 408
7211, 419
57246, 527
68392, 317
7288, 423
41516, 425
19734, 852
68524, 93
63775, 671
2123, 16
6986, 539
49431, 347
22254, 455
52053, 982
61604, 40
12845, 842
41636, 396
48183, 828
66583, 857
52818, 866
34267, 368
5734, 833
6313, 612
17779, 675
3421, 408
32733, 407
64522, 823
51498, 458
52097, 181
6638, 118
34721, 199
35569, 654
116, 134
438, 313
5367, 333
59243, 999
49167, 466
44875, 517
38894, 385
61022, 387
61037, 619
6575, 301
18468, 990
18844, 160
22213, 900
38156, 849
44370, 153
21620, 326
40471, 879
63633, 664
5188, 994
22944, 607
12921, 14
29178, 564
56459, 683
62238, 4
6643, 783
68876, 811
25079, 166
49034, 277
57128, 668
45260, 66
45793, 187
34415, 101
1014, 910
46146, 531
37066, 815
39755, 436
32271, 565
28640, 588
62083, 956
26608, 539
36527, 84
1539, 345
38638, 468
5660, 409
40319, 328
20636, 222
58447, 312
44743, 321
56119, 419
38997, 625
57620, 601
25128, 343
68238, 666
61047, 724
21639, 633
32682, 490
50603, 298
22188, 660
8083, 615
53194, 128
63235, 13
43790, 249
58068, 555
20013, 679
7809, 75
30416, 965
31985, 748
61724, 547
20220, 830
29146, 553
33707, 793
65587, 779
41775, 825
21871, 260
61463, 499
63742, 438
67567, 92
44372, 495
56868, 116
29571, 414
28017, 641
55547, 285
69220, 930
9806, 31
49909, 161
10607, 96
38112, 412
38855, 528
36841, 100
49467, 649
8561, 803
38426, 764
50857, 670
17041, 501
6762, 460
45885, 303
41718, 538
2502, 80
60505, 861
33056, 329
48723, 505
38687, 270
49709, 771
30578, 728
41401, 636
17750, 527
42751, 91
22734, 146
37010, 741
11970, 203
63041, 77
46727, 114
65557, 468
67522, 532
3585, 451
23794, 654
41690, 478
49088, 879
67838, 289
37580, 963
55441, 426
15976, 43
67613, 375
27476, 964
39815, 753
45609, 389
62050, 174
25907, 74
42127, 238
23554, 976
54598, 629
13405, 747
32368, 828
46096, 69
8020, 349
48230, 397
51787, 931
66667, 465
48807, 262
66963, 925
19370, 224
20868, 153
63557, 759
50797, 586
26503, 386
2236, 618
24350, 910
6655, 214
60374, 787
3426, 268
66936, 916
69357, 501
26321, 544
52433, 688
33798, 725
30270, 261
29353, 575
44163, 159
5125, 881
60430, 220
32366, 208
48516, 531
28167, 540
47333, 844
13918, 905
48457, 958
62777, 366
58482, 717
50794, 366
43642, 704
18161, 515
30677, 453
27299, 216
3491, 826
23084, 636
64673, 382
1276, 180
46842, 107
24648, 270
18154, 3
26056, 927
46112, 876
15451, 318
68193, 505
64678, 555
63689, 526
41512, 462
11394, 216
47360, 380
12673, 57
23405, 346
53145, 92
40152, 515
14615, 994
50747, 299
18889, 159
6640, 834
35186, 207
6354, 777
6073, 745
17914, 690
61625, 977
14033, 832
3775, 698
61601, 267
21840, 438
42333, 33
36374, 920
25951, 464
61642, 401
69240, 244
20323, 807
20951, 195
64606, 577
16257, 907
33673, 255
27755, 327
2815, 80
1160, 944
55070, 939
29561, 79
28253, 745
40973, 188
20965, 965
15290, 996
58442, 449
67888, 358
31991, 990
3927, 320
40580, 504
44198, 916
4500, 458
9182, 419
41567, 856
18695, 473
49857, 385
54337, 912
59609, 886
10630, 656
13082, 327
58553, 356
19952, 6
1522, 290
5271, 698
33332, 293
31968, 661
60426, 675
53026, 160
32871, 84
29224, 975
20823, 805
37640, 33
26483, 42
16521, 616
9854, 934
26566, 29
67116, 372
21935, 561
55376, 182
4169, 184
39101, 325
52864, 269
2438, 228
21511, 958
62570, 430
60558, 488
43313, 390
55426, 999
65746, 561
35154, 535
53409, 57
53340, 67
7697, 331
46097, 740
19238, 84
56007, 302
66402, 116
65577, 152
22872, 732
65952, 282
62049, 29
59646, 878
26832, 368
49643, 127
24860, 513
59649, 538
25506, 693
62240, 340
22884, 78
30424, 299
58791, 454
48945, 350
42625, 680
7429, 132
12713, 752
63513, 269
30482, 366
21419, 125
12548, 337
52088, 573
32514, 614
10574, 754
28806, 436
21184, 315
3855, 635
11876, 787
48639, 579
42587, 473
43199, 964
25344, 548
51748, 95
61784, 75
9769, 249
31904, 91
36998, 498
31889, 401
67876, 723
6501, 320
7711, 695
42572, 871
13793, 436
36426, 533
68437, 868
17726, 384
53697, 678
18931, 191
33948, 428
4325, 540
27110, 171
55777, 591
69487, 757
47809, 904
20909, 343
41170, 57
36852, 312
28462, 108
55719, 73
40554, 640
36301, 210
32252, 353
59430, 857
51069, 22
51537, 103
47876, 913
19139, 337
5010, 966
18357, 276
50536, 262
33020, 41
24006, 979
43846, 73
45121, 723
19210, 268
23934, 176
67044, 335
24970, 672
2422, 276
10251, 960
40004, 49
2249, 840
1507, 350
61243, 21
23483, 105
28770, 807
28576, 479
55473, 963
24486, 379
2010, 874
68710, 20
13184, 635
48111, 632
32530, 372
36780, 220
39765, 749
23716, 4
1934, 559
35512, 713
826, 480
15884, 1
12610, 938
13450, 299
33731, 266
41571, 551
1303, 178
19620, 967
46018, 718
33583, 780
38399, 421
11903, 367
26045, 481
48511, 260
4053, 627
56306, 975
1154, 448
37338, 321
44563, 388
26668, 688
16987, 457
524, 916
7592, 961
29435, 411
32338, 207
27241, 774
42997, 716
20884, 146
18082, 581
66138, 632
24412, 904
23873, 566
3145, 396
33443, 782
44573, 146
56301, 994
48498, 140
60639, 698
22780, 651
63371, 480
49726, 14
16252, 610
16277, 66
68773, 36
54070, 209
33167, 348
38017, 752
46473, 413
68877, 421
50926, 619
34461, 245
32911, 296
65739, 943
3228, 50
8806, 840
15264, 948
24862, 106
67251, 48
7084, 863
48018, 185
6462, 576
26504, 934
42659, 758
15324, 709
13674, 109
34344, 409
12319, 895
5152, 286
52408, 238
47833, 732
58032, 940
36429, 61
11929, 233
44517, 242
39030, 594
30879, 505
18414, 338
34117, 716
7046, 457
10005, 331
44806, 120
10478, 165
5962, 530
62486, 832
23148, 819
55023, 85
54517, 907
49760, 164
68895, 917
247, 85
16080, 44
21416, 290
12347, 60
2448, 502
60863, 322
59700, 930
30960, 587
17519, 691
51297, 478
24168, 801
48520, 934
56835, 982
64878, 766
18246, 524
32551, 645
9063, 313
34176, 14
26095, 988
18238, 736
28832, 615
35284, 431
66405, 226
18898, 569
28398, 141
11308, 416
60411, 220
13427, 695
40910, 115
14318, 210
51871, 421
9520, 595
42578, 794
19819, 784
66842, 876
16824, 241
47361, 779
28758, 717
34240, 637
17202, 844
37246, 916
51258, 154
14412, 563
23484, 68
19426, 629
1653, 978
61804, 981
22973, 359
21213, 944
22963, 832
49430, 833
11719, 536
42343, 415
68679, 696
57536, 362
42454, 832
2111, 210
24325, 570
21330, 850
57310, 122
48880, 673
36663, 660
53687, 319
66488, 405
5277, 296
36967, 94
7555, 756
59870, 856
61883, 322
22240, 925
41019, 481
15586, 792
5227, 383
54352, 795
53398, 528
52966, 431
11597, 764
45823, 77
20994, 844
22273, 797
68143, 793
54919, 365
27199, 587
50008, 23
11895, 391
1833, 459
25788, 568
44559, 343
41072, 779
40067, 476
1240, 775
68961, 121
9871, 611
32513, 616
20775, 80
46494, 186
20133, 466
36573, 810
44819, 942
6605, 321
29887, 69
21899, 847
11256, 997
27184, 389
11111, 614
19023, 968
10063, 112
54981, 277
8043, 532
37750, 487
56697, 87
57087, 479
30555, 473
60985, 429
39892, 461
13053, 746
25730, 877
55309, 583
63053, 764
51242, 112
27277, 6
8644, 849
4861, 980
5608, 187
25651, 427
34892, 770
60771, 697
30763, 882
37266, 186
31895, 254
14930, 376
5057, 995
30409, 808
63208, 41
43099, 432
301, 695
16626, 136
1208, 60
11659, 871
27554, 809
979, 989
38353, 756
4857, 987
46006, 35
68383, 346
68504, 862
32526, 863
24689, 664
36727, 112
52150, 790
7653, 375
54530, 252
50555, 267
54044, 954
67345, 380
43582, 755
51991, 469
69320, 526
56184, 725
41569, 273
19731, 561
21340, 42
31445, 401
7683, 234
5749, 704
2389, 456
22032, 922
256, 346
5126, 700
39890, 954
42677, 816
50471, 224
48762, 302
34706, 86
34798, 111
12313, 136
65683, 255
13550, 52
21818, 867
63134, 4
3357, 192
47354, 988
8922, 921
36976, 185
2994, 476
32627, 814
31297, 559
11792, 995
43744, 198
4210, 151
24825, 16
2202, 983
19253, 437
5992, 545
14150, 88
5442, 606
9441, 39
61215, 165
68306, 101
7617, 816
44015, 328
25370, 78
60161, 628
13972, 139
22581, 494
59292, 74
10872, 129
40922, 560
44246, 55
18546, 619
50976, 741
48702, 407
69565, 851
54689, 477
53700, 689
36136, 173
9974, 238
16686, 6
37653, 560
221, 758
27520, 458
58102, 569
9061, 992
2709, 941
22206, 148
65732, 687
29135, 906
35263, 87
59353, 475
1497, 428
31521, 440
19892, 684
51913, 266
69836, 362
59629, 184
56318, 903
5497, 964
36865, 704
51493, 945
63360, 184
56412, 348
37786, 998
51176, 424
23099, 247
34276, 882
44589, 945
10797, 530
25805, 582
64157, 170
52849, 337
9, 563
4850, 364
33250, 470
5739, 356
1779, 366
67441, 182
40487, 300
3248, 621
12179, 992
60998, 187
39156, 258
2871, 628
11079, 437
23262, 838
67283, 503
36823, 282
26328, 762
30292, 335
40849, 961
16711, 410
57082, 85
65608, 466
9239, 220
60146, 116
8338, 781
35755, 843
30914, 514
5226, 473
55289, 389
22297, 616
13703, 901
7864, 162
11506, 471
30357, 135
11293, 777
17642, 480
14080, 419
44539, 582
65659, 722
55369, 51
11609, 207
57957, 562
46333, 15
365, 69
53861, 157
39590, 3
26625, 510
35680, 812
31418, 834
64202, 200
25081, 644
17685, 960
52922, 318
4326, 433
61113, 973
57424, 929
33929, 346
2246, 247
48827, 565
58019, 60
69352, 978
59812, 525
55903, 275
421, 863
8052, 328
35388, 541
42932, 93
56076, 830
26092, 464
1811, 589
43186, 721
63382, 708
23765, 287
67535, 134
47598, 282
51011, 921
46832, 492
31066, 14
62194, 37
13467, 739
35055, 69
29277, 468
51979, 492
48296, 37
12534, 32
58177, 218
42830, 185
67145, 203
15799, 378
22688, 457
37401, 700
18373, 97
60548, 310
61414, 193
54603, 151
56225, 843
537, 901
11549, 51
1809, 459
36557, 153
45438, 378
24948, 18
244, 882
5879, 340
68664, 692
55830, 237
40388, 384
35398, 529
4249, 102
689, 540
15050, 788
14585, 818
64683, 276
36489, 845
64121, 631
13063, 780
3081, 859
6910, 264
6716, 185
67265, 673
49304, 272
7887, 941
27309, 231
35125, 366
6240, 224
5446, 812
1669, 342
15309, 1000
37296, 93
12959, 344
55667, 553
58526, 857
21221, 132
1325, 469
61090, 480
48627, 724
29152, 546
68484, 207
52213, 824
43548, 639
50765, 479
40930, 30
67783, 474
30530, 618
63403, 249
18039, 714
56463, 768
42914, 126
30897, 783
14225, 116
2701, 987
38742, 623
6363, 356
52607, 105
14447, 318
17855, 38
61754, 596
15665, 679
27913, 198
57880, 46
13433, 4
64970, 38
19427, 908
49133, 794
66609, 671
40908, 908
14129, 329
58742, 655
15377, 643
666, 323
13691, 214
32840, 115
12134, 409
65788, 364
27256, 295
51806, 734
32270, 393
3048, 460
6670, 787
61100, 256
1230, 296
50155, 428
44686, 412
37539, 363
59036, 416
50345, 364
95, 502
61066, 470
57009, 862
28563, 134
7062, 291
31751, 457
69697, 932
31419, 225
1813, 699
31976, 149
62659, 826
44556, 402
33586, 727
13680, 690
2, 969
52704, 803
59192, 758
28912, 10
26861, 980
58487, 670
66791, 193
22866, 517
501, 99
11994, 146
8047, 626
28140, 951
39270, 248
18803, 156
54856, 234
27447, 225
8179, 641
3317, 273
64277, 438
24046, 880
26144, 22
7899, 420
48324, 938
47093, 461
38182, 572
15354, 733
28792, 952
4115, 30
14729, 935
3290, 69
745, 190
10428, 672
49290, 444
16857, 869
21637, 34
18596, 238
58575, 841
156, 710
13240, 861
36891, 76
19599, 166
48088, 39
9991, 135
29169, 376
23179, 258
55671, 837
45115, 240
15319, 563
66540, 151
49696, 924
14922, 632
60393, 404
23249, 643
67146, 819
30513, 940
56473, 578
25225, 82
16789, 63
69713, 279
37259, 727
11135, 161
48752, 392
43351, 246
64114, 731
49593, 655
67815, 417
50384, 268
54107, 632
6754, 678
56466, 821
65673, 471
49595, 340
65491, 317
7009, 675
44641, 11
48329, 622
5349, 507
41497, 637
52476, 434
69268, 755
40825, 262
49066, 550
6427, 232
59251, 308
5536, 793
43530, 456
16258, 843
64619, 349
19657, 758
16305, 930
23201, 730
49401, 862
18925, 705
63219, 427
36861, 168
36363, 491
59358, 115
29913, 84
9455, 6
48858, 414
27944, 2
56574, 179
41066, 946
9429, 463
1998, 476
41855, 471
39087, 68
16485, 433
20661, 740
25586, 770
15761, 96
3728, 201
24885, 956
58746, 657
49883, 241
63024, 775
35261, 899
8488, 559
23997, 943
51326, 338
1275, 618
23474, 780
45901, 145
31939, 771
5506, 328
28955, 809
25190, 715
16232, 866
38485, 540
55012, 446
34639, 702
43078, 729
68435, 891
34615, 534
44161, 688
14238, 154
9538, 230
48523, 109
51430, 234
19182, 945
58473, 737
31143, 288
44489, 725
31156, 325
40798, 410
53989, 423
3534, 36
24570, 644
28595, 419
47603, 400
8339, 281
40680, 133
45650, 350
59693, 267
29332, 541
66769, 653
48486, 620
54214, 7
5853, 125
40643, 790
62051, 41
46624, 550
12048, 660
60324, 583
17975, 188
63022, 740
67316, 377
37510, 144
30847, 835
46880, 482
57964, 81
60234, 681
10830, 104
4785, 346
21475, 567
31697, 573
30991, 204
17816, 765
44078, 584
11672, 616
29111, 115
49833, 150
58154, 118
36231, 79
55251, 41
29065, 988
49531, 782
66247, 360
26693, 678
8050, 864
28689, 917
11772, 486
24281, 460
30430, 650
54888, 35
64226, 164
5260, 833
49912, 226
51769, 648
22302, 924
25420, 5
9235, 154
48416, 32
20165, 559
31107, 485
52909, 675
52572, 614
34417, 150
27574, 113
29459, 10
19379, 758
18024, 575
62248, 574
41088, 761
652, 991
24837, 810
19267, 240
62214, 275
31405, 317
5967, 402
22855, 952
44521, 262
45771, 292
66657, 669
69049, 506
18480, 209
13379, 628
6179, 524
7611, 266
40390, 995
57658, 881
19643, 4
41309, 122
54718, 697
3396, 94
39417, 679
68480, 346
32668, 845
52473, 342
33787, 79
10372, 108
43461, 755
42220, 16
60413, 533
48123, 152
68251, 551
61324, 386
6219, 512
62625, 161
25339, 404
68673, 773
37067, 413
21691, 665
22513, 192
49042, 1000
66714, 610
10453, 616
43659, 160
22986, 350
20607, 899
69228, 555
20590, 153
67155, 468
39174, 922
18299, 236
34763, 619
55750, 185
42909, 739
52593, 193
51188, 998
10603, 974
62656, 610
53946, 563
66381, 269
57161, 466
4889, 685
4674, 299
35138, 150
68052, 72
4273, 334
58982, 216
60547, 855
60565, 358
46179, 947
23, 867
54150, 482
25204, 3
56903, 69
42546, 893
43721, 643
58176, 969
1819, 649
46633, 2
63150, 647
50791, 284
62078, 763
25482, 323
54547, 373
20813, 337
30527, 885
50489, 92
55646, 913
38760, 480
39551, 281
29668, 44
50252, 562
41060, 58
15449, 559
24849, 233
26219, 557
4606, 298
39458, 979
48954, 217
20387, 847
3309, 133
51066, 478
54520, 377
65341, 534
22103, 13
36142, 362
5744, 106
45955, 740
32848, 625
55833, 793
53056, 6
63165, 262
29608, 424
24911, 111
59587, 825
43704, 413
3595, 432
13903, 390
28604, 410
1898, 617
30990, 312
19188, 919
41028, 53
55036, 318
16556, 599
32124, 396
19490, 1
26204, 343
10575, 795
11647, 436
30458, 435
31399, 539
24799, 803
54155, 813
54941, 371
62175, 591
2838, 488
5007, 563
63950, 957
28516, 532
16807, 314
60958, 2
11984, 529
33301, 829
285, 785
67984, 834
6283, 581
18560, 870
46099, 732
24201, 654
17401, 74
32528, 566
25302, 672
44896, 107
40337, 755
39512, 224
29493, 65
2658, 565
34365, 951
28482, 391
37229, 40
35761, 455
11595, 811
33248, 298
53366, 450
29143, 472
37590, 532
24852, 997
67527, 105
7181, 29
49803, 605
56476, 781
7891, 940
40717, 75
27081, 34
17142, 810
13712, 425
31161, 295
56696, 100
59075, 345
67097, 82
43540, 258
32531, 313
57667, 465
33047, 504
47188, 455
39240, 510
18334, 644
33519, 227
5932, 558
60346, 989
64133, 688
57522, 260
55364, 806
44267, 949
25384, 227
12498, 479
36699, 101
51305, 634
469, 142
58450, 81
68248, 619
40044, 612
22226, 718
29321, 459
37328, 731
2021, 346
38127, 979
23065, 474
1766, 939
1591, 880
58221, 178
38900, 507
49033, 177
15517, 919
51083, 185
16493, 238
6873, 591
18099, 82
33259, 413
9573, 26
8669, 54
7660, 794
15745, 586
21798, 164
55137, 547
21403, 386
18791, 106
2978, 204
3769, 739
58893, 218
55904, 53
40221, 589
52347, 735
61538, 473
22463, 783
20583, 6
68774, 341
69518, 56
26216, 212
15980, 484
39525, 172
41039, 23
37969, 120
57096, 345
68699, 778
44958, 715
25226, 640
50956, 318
35537, 433
13725, 962
19108, 572
14977, 522
21486, 594
61934, 403
9322, 222
38993, 206
62750, 969
51279, 383
17581, 187
1745, 790
20317, 811
24973, 659
29554, 61
50187, 279
42478, 810
34956, 613
916, 884
34858, 301
10451, 142
15855, 587
1191, 963
28099, 813
58229, 959
37487, 97
23715, 924
52621, 319
50869, 547
45783, 620
39894, 317
65117, 137
48822, 660
64328, 36
12784, 165
67043, 92
8247, 900
57845, 621
3665, 363
8739, 590
28677, 437
24323, 75
5233, 459
59539, 514
491, 666
46257, 626
14596, 341
66781, 348
6724, 765
12678, 385
12637, 139
47267, 439
62452, 819
12019, 656
63435, 255
54590, 509
57443, 281
10256, 864
42398, 282
63259, 529
19512, 693
69211, 56
42970, 339
28163, 366
2517, 232
8042, 864
37721, 117
21023, 290
40977, 87
11123, 816
39397, 559
34090, 1000
32835, 819
13738, 793
56749, 585
66204, 771
27290, 42
44040, 616
43395, 638
29292, 678
15145, 75
69544, 343
24945, 872
11418, 369
16244, 650
63420, 282
17167, 485
55774, 630
59661, 146
34331, 749
24100, 98
27451, 928
64914, 485
59443, 541
27885, 344
38872, 159
46278, 611
67809, 461
22533, 887
8576, 989
6369, 132
22121, 656
26267, 254
5397, 870
60279, 262
48327, 324
892, 968
48774, 597
68112, 333
66899, 634
62250, 69
14582, 430
68624, 977
35083, 440
7492, 613
56987, 683
49649, 101
21760, 782
7595, 356
65517, 247
1735, 320
8383, 111
63753, 7
46450, 108
68663, 910
12831, 622
1791, 130
7986, 418
35361, 67
33816, 246
47445, 870
64805, 970
63377, 726
63237, 371
9767, 207
17846, 378
20129, 147
391, 332
22371, 952
11737, 617
39068, 58
40402, 511
9190, 60
44985, 245
59841, 254
56195, 87
53325, 363
20155, 560
32298, 30
60404, 299
61465, 412
50553, 384
39257, 119
61377, 713
45134, 590
7073, 989
6034, 815
46534, 678
66972, 544
53266, 525
13854, 108
50328, 834
68137, 409
16627, 600
24198, 625
65020, 491
59448, 483
32559, 188
564, 201
43646, 734
66226, 85
66446, 569
5772, 657
59837, 905
32290, 876
33566, 249
44722, 923
7804, 838
13287, 333
26920, 85
50269, 684
54262, 749
48634, 35
9275, 343
37201, 621
64737, 37
15350, 368
7188, 128
5284, 703
37285, 854
30155, 740
61490, 613
8420, 52
42093, 769
19334, 51
67185, 628
6855, 565
578, 108
40071, 781
19476, 445
11610, 114
28510, 790
56438, 658
69191, 100
32267, 960
68840, 510
53686, 618
54038, 579
26999, 550
28232, 966
32957, 202
39233, 668
45303, 698
42210, 403
62478, 714
59820, 906
54317, 393
23659, 973
42844, 127
53137, 733
7905, 996
12577, 391
53777, 36
14983, 293
44599, 714
40279, 529
9555, 610
65253, 916
50421, 143
64846, 616
7123, 109
65137, 835
30172, 864
17226, 13
906, 160
56802, 179
11218, 187
8058, 318
51932, 497
33642, 589
3895, 461
24410, 414
53361, 328
30505, 359
32053, 896
57917, 773
61694, 977
25874, 603
64312, 88
44938, 602
28304, 805
25638, 327
10519, 978
35318, 564
6816, 0
6385, 928
56045, 931
16025, 257
49835, 45
17598, 705
48897, 84
68786, 704
42744, 52
37068, 467
10775, 981
58950, 56
26212, 766
13339, 153
2240, 745
54633, 886
51886, 500
4172, 910
66930, 535
52761, 526
53104, 805
21333, 326
28376, 696
66122, 462
51008, 726
23826, 919
57860, 587
6502, 674
15317, 335
9522, 816
21201, 852
27522, 943
9506, 100
44701, 889
57848, 92
20996, 290
20845, 791
25775, 823
24292, 296
35502, 624
56051, 297
7757, 993
66981, 223
47856, 30
11149, 645
45960, 749
27163, 369
6969, 65
28763, 778
16152, 863
21126, 878
54545, 105
12339, 462
56722, 850
6278, 966
61772, 640
44160, 434
67993, 142
59708, 55
37766, 869
33682, 597
37357, 749
57367, 743
44084, 665
8213, 110
58478, 767
41347, 552
57733, 370
69364, 544
13393, 740
41938, 76
27791, 195
35020, 635
36876, 546
46725, 169
17938, 185
12919, 646
65351, 809
45826, 778
35133, 275
57644, 997
7961, 572
36754, 149
20462, 889
26655, 278
15901, 327
45020, 699
64410, 507
6157, 682
60601, 252
40850, 685
55558, 799
8573, 203
19024, 997
34581, 370
52866, 430
55522, 648
32771, 900
14535, 275
14579, 962
43214, 887
61701, 43
11209, 851
52869, 3
33474, 637
39623, 479
19425, 623
28477, 229
55197, 621
60220, 25
36552, 754
23089, 496
52244, 722
3669, 117
23784, 297
13832, 10
51985, 497
26753, 271
56240, 16
10990, 829
31313, 91
37116, 237
45464, 690
47013, 270
69047, 448
47958, 603
66078, 905
13318, 234
14487, 902
40753, 371
18127, 661
52072, 667
717, 666
5791, 435
44346, 492
2008, 993
41470, 37
44854, 155
2157, 207
14282, 804
19403, 361
9310, 0
19270, 794
33674, 479
38792, 296
10831, 60
28527, 761
30069, 70
47627, 304
15760, 570
13669, 223
41792, 670
3059, 919
37278, 837
33307, 572
58818, 492
57177, 358
64487, 668
59023, 377
27296, 376
42385, 164
58124, 14
39265, 191
28292, 285
31482, 671
67187, 466
63931, 207
4087, 612
2402, 822
41371, 951
62504, 774
41279, 479
7631, 336
48703, 125
37518, 522
592, 802
3656, 434
12872, 238
32767, 4
36281, 332
46045, 92
29717, 968
10998, 749
57005, 657
38393, 467
63304, 533
63885, 326
17724, 869
66328, 168
64415, 464
1316, 738
58485, 450
33564, 571
38982, 144
61035, 106
66687, 810
36224, 162
2564, 332
36968, 652
1359, 137
43481, 138
49300, 192
64854, 990
1339, 228
17288, 281
4135, 498
56397, 687
10209, 871
47813, 424
24238, 709
69343, 779
61957, 725
58667, 462
41923, 584
28370, 945
11027, 451
44069, 406
31041, 293
33558, 498
48339, 737
59848, 55
16337, 853
24846, 328
11783, 616
30033, 828
62006, 558
24934, 403
28883, 372
6847, 79
62117, 343
23093, 606
52439, 410
16971, 914
63245, 958
40249, 282
51419, 485
36217, 609
49692, 533
39999, 959
20825, 598
18935, 656
29052, 273
36987, 123
17347, 639
16754, 747
49366, 654
3433, 286
43405, 807
21709, 981
12732, 569
59226, 396
27479, 362
51964, 933
27948, 806
15378, 147
11361, 595
22613, 481
35067, 64
39237, 367
8024, 91
35230, 359
47815, 397
12188, 506
41386, 302
27115, 446
66450, 865
13616, 571
45007, 350
57699, 940
11872, 498
51629, 662
13624, 722
29690, 832
48735, 748
14128, 305
62531, 867
26359, 697
66117, 529
62473, 642
51722, 984
902, 9
22196, 556
38989, 347
41658, 679
8124, 656
52937, 413
50085, 315
139, 408
11492, 652
61282, 955
60129, 309
37369, 963
17719, 885
11468, 32
24326, 180
68356, 253
7193, 340
35543, 952
57493, 594
54270, 854
14422, 892
41693, 834
17116, 511
24123, 810
13126, 493
24666, 901
52599, 675
69062, 397
20696, 589
3703, 675
5720, 327
35137, 597
62193, 416
47983, 727
67191, 704
46639, 549
58780, 550
24749, 672
62780, 878
23312, 640
38870, 300
7925, 268
58234, 823
42452, 704
59171, 6
18229, 906
62509, 111
329, 263
57454, 573
49678, 804
24861, 581
3722, 959
1974, 764
1914, 35
2987, 613
58633, 464
20728, 548
39612, 776
41848, 546
18557, 884
65617, 587
40837, 937
17920, 257
48533, 33
29817, 698
64118, 980
32033, 104
16204, 299
65600, 149
48238, 638
24478, 531
53874, 380
2109, 755
40490, 527
63926, 736
68225, 168
52716, 21
22210, 50
48380, 436
66704, 633
13749, 427
20156, 220
44760, 316
4774, 291
33794, 796
24019, 776
42396, 728
4640, 319
4350, 950
30504, 638
67770, 48
6391, 912
45436, 381
13451, 745
22518, 998
51779, 506
25681, 927
25465, 17
10393, 682
18860, 391
23610, 460
65259, 272
62766, 99
64260, 604
16763, 390
37603, 264
41706, 423
69846, 674
51562, 694
12393, 825
60677, 419
32836, 960
39975, 293
6535, 748
43031, 812
66849, 943
10578, 494
3058, 779
34780, 273
11120, 839
13673, 758
17950, 760
54766, 807
24469, 528
21478, 78
38283, 438
53801, 38
9055, 998
65846, 544
38163, 497
48079, 388
1294, 746
46093, 162
69051, 389
34621, 328
46320, 528
56597, 682
35309, 231
21105, 818
29878, 467
30760, 263
37848, 491
26714, 509
18561, 140
68770, 869
936, 682
40019, 160
65372, 403
67735, 775
33938, 210
42027, 55
8639, 50
127, 869
8056, 900
60611, 1000
37261, 178
27670, 519
45503, 208
16790, 259
26952, 319
66403, 563
37862, 350
6027, 665
54564, 686
6998, 206
64618, 446
10928, 87
29393, 930
58894, 683
9800, 191
50446, 812
41195, 194
39003, 909
49487, 430
66416, 14
43638, 902
44535, 220
65195, 64
17794, 685
44835, 357
50379, 559
37064, 26
20726, 8
65883, 279
66499, 18
50066, 562
55415, 559
52375, 715
16459, 485
44154, 93
6361, 929
66633, 847
8782, 44
57886, 465
36257, 714
45437, 263
54467, 951
41788, 957
14424, 166
52830, 683
59090, 815
7468, 124
1304, 116
66312, 967
23106, 546
34347, 136
67500, 901
63058, 266
13755, 990
11751, 155
3245, 732
14986, 159
33544, 176
40651, 622
36850, 514
15473, 620
25318, 253
48024, 734
44488, 446
12544, 238
68045, 763
48837, 514
1604, 973
720, 252
40036, 212
6177, 738
16567, 820
18843, 131
35349, 229
23761, 873
28117, 747
43724, 694
67298, 276
40290, 289
58118, 202
42885, 558
64186, 503
31604, 690
47495, 318
25022, 292
48388, 127
53386, 225
23073, 199
46637, 358
9667, 962
4720, 446
36827, 552
29187, 525
2799, 988
6402, 148
1992, 375
52786, 462
50185, 283
33714, 268
43924, 706
48504, 508
53090, 538
64990, 79
12522, 965
15746, 203
53519, 609
8046, 466
45041, 134
41547, 636
31589, 167
13091, 161
39792, 827
32730, 411
7483, 641
53121, 79
41980, 13
14065, 601
12697, 954
19196, 295
43720, 743
16646, 902
51577, 453
6033, 860
23875, 551
31844, 217
20596, 210
56063, 289
8007, 615
19366, 822
9112, 980
12972, 272
46522, 365
28331, 886
2930, 660
60039, 88
27229, 950
62362, 792
40610, 337
43881, 390
32874, 822
33625, 544
22637, 633
29789, 699
19867, 975
26400, 427
49334, 966
12383, 143
11573, 917
42521, 378
63612, 362
56321, 129
27685, 778
2817, 467
17643, 132
68039, 72
21384, 535
10506, 746
26341, 485
25937, 118
24433, 458
37711, 156
24904, 256
33599, 288
69396, 47
2730, 954
13274, 258
65912, 168
32759, 863
65438, 609
24214, 660
15385, 677
38939, 425
27573, 485
40702, 655
36253, 135
37893, 450
19725, 910
44458, 486
21264, 838
44045, 85
12255, 371
68139, 86
33892, 183
2410, 536
35887, 601
62230, 952
9764, 409
36055, 979
17965, 195
8074, 479
53414, 348
43457, 425
67143, 234
15201, 460
27546, 196
2068, 769
62091, 639
68510, 588
16764, 414
38104, 19
48795, 96
11474, 972
34958, 208
66183, 218
48291, 558
44164, 54
9332, 926
17600, 79
7524, 358
47290, 150
23466, 494
28384, 496
49299, 363
61646, 699
59792, 983
41200, 212
26737, 842
1334, 72
57544, 839
52162, 690
65616, 476
62485, 434
53402, 702
11600, 117
33322, 550
19461, 145
35253, 520
12648, 467
45537, 109
59981, 275
13780, 458
13084, 555
31835, 830
22762, 462
65450, 982
53065, 129
60082, 959
32541, 24
40045, 267
21629, 445
44508, 204
62685, 116
8096, 31
767, 252
43352, 698
26266, 346
49716, 476
68424, 820
11153, 863
22725, 390
2295, 386
5552, 452
41311, 271
1423, 166
23723, 590
36460, 631
11351, 205
4633, 70
39108, 368
60198, 940
40515, 358
51653, 518
39661, 624
49169, 831
34334, 111
55413, 940
30910, 637
13407, 476
67721, 914
19077, 535
66798, 844
58674, 157
14688, 279
37223, 277
812, 280
13734, 377
15437, 21
61061, 15
55166, 418
42683, 130
62566, 269
43812, 213
13890, 779
23613, 647
66874, 90
45847, 862
31292, 232
36583, 86
28567, 293
58378, 998
15105, 759
10844, 641
32367, 947
5324, 89
64549, 511
55333, 27
38178, 379
62431, 7
2879, 403
14092, 232
3570, 951
7764, 926
68988, 614
52241, 845
66815, 140
55120, 204
29727, 653
39170, 18
15457, 542
64888, 530
66718, 989
28171, 203
66590, 127
14780, 588
54754, 272
69925, 312
45458, 5
45557, 12
60632, 798
54156, 889
62626, 306
9935, 836
13850, 765
34809, 208
26082, 464
16881, 867
46144, 466
20311, 554
735, 267
13581, 417
1340, 885
56224, 235
48011, 423
9093, 640
50809, 224
38850, 426
17009, 483
45490, 202
36946, 942
66991, 510
49814, 765
64203, 556
60523, 908
31855, 590
50802, 906
67699, 293
46515, 560
61941, 875
60736, 123
63567, 219
54277, 205
48556, 673
19260, 669
69194, 761
41763, 900
21220, 613
36766, 863
19951, 36
6750, 52
57470, 900
48900, 871
35907, 921
36216, 68
49093, 31
69762, 190
28252, 637
49815, 601
46859, 577
65504, 461
31532, 786
35422, 320
25326, 784
60058, 760
67729, 595
42950, 643
50036, 396
5147, 266
34477, 789
6588, 921
1200, 948
64398, 379
58902, 388
28597, 120
53540, 687
39922, 738
60227, 888
9008, 732
31683, 538
16698, 66
10124, 154
28861, 848
52557, 784
60390, 157
39824, 949
63819, 525
43379, 770
54095, 999
54620, 303
69415, 678
65091, 997
56093, 896
14021, 676
5708, 547
2423, 952
62336, 631
6380, 462
66908, 350
44484, 485
5123, 805
1050, 740
68940, 748
3044, 4
60818, 742
90, 798
12154, 955
6634, 346
67257, 799
45354, 277
11198, 474
1137, 795
44794, 359
33959, 85
40438, 911
22277, 686
4627, 819
50218, 194
8347, 737
3820, 514
21514, 305
942, 806
50502, 80
33540, 674
28467, 540
7848, 534
48134, 289
49340, 787
11543, 575
52044, 337
11563, 727
919, 5
37248, 250
19608, 549
19722, 549
12607, 438
3524, 480
7858, 33
22682, 605
23358, 415
44099, 69
63523, 724
51633, 719
29681, 319
27169, 585
67340, 799
15944, 47
56378, 427
27206, 949
18980, 502
6031, 503
63153, 721
38492, 453
40502, 150
1600, 710
10842, 352
65930, 812
56068, 22
27632, 534
46135, 919
15018, 559
57637, 979
41963, 952
6094, 605
41744, 591
26278, 823
31715, 478
68702, 33
11526, 955
37035, 520
10313, 712
30764, 415
11441, 965
25460, 228
51734, 643
53217, 967
25166, 96
42863, 838
63551, 547
44509, 269
44212, 838
38981, 452
10442, 800
69550, 503
13235, 291
18129, 183
49267, 214
59817, 64
5380, 590
46127, 484
31321, 916
21040, 163
50779, 848
897, 716
30005, 688
65757, 478
54055, 420
14418, 112
22569, 538
32944, 965
13515, 28
60829, 789
29795, 666
15545, 625
16636, 33
32253, 737
6490, 69
65682, 985
39369, 337
68875, 586
32732, 445
57579, 550
1030, 706
53649, 358
67866, 658
20382, 628
16007, 229
69076, 852
11843, 724
26629, 603
9782, 421
3014, 730
37737, 444
40736, 464
25886, 61
25055, 984
31222, 345
24197, 581
33472, 54
63526, 706
2753, 582
13584, 62
66937, 397
35594, 943
9930, 74
67557, 348
37155, 552
65452, 193
64030, 671
48262, 539
55174, 313
38920, 263
27346, 524
62630, 371
44366, 440
8327, 951
63795, 17
38907, 723
33251, 244
40927, 415
57632, 589
68540, 45
66793, 251
39536, 308
57519, 983
13155, 418
52285, 64
11624, 791
65050, 816
10223, 155
37859, 481
397, 566
8413, 107
49326, 813
29730, 581
2415, 660
20029, 822
31351, 174
64221, 933
31878, 956
41259, 764
33543, 924
2929, 536
38148, 667
27211, 580
67506, 853
25200, 860
19884, 692
27536, 934
19371, 867
19533, 875
46053, 502
28690, 698
26287, 231
6081, 488
19622, 179
25683, 242
16348, 277
35587, 811
68463, 986
14715, 267
2683, 468
356, 616
65674, 392
19277, 197
41205, 90
16438, 872
56069, 723
50227, 274
7011, 453
8736, 314
21744, 117
58889, 986
13149, 821
32274, 139
21072, 963
15490, 832
29737, 139
11472, 242
29138, 785
27888, 45
39099, 733
3340, 691
46418, 783
65679, 895
57469, 282
4534, 470
7305, 42
14102, 317
37930, 685
19830, 820
64138, 991
65878, 559
59446, 542
35002, 304
17728, 358
65549, 107
50773, 427
42305, 387
45062, 753
31421, 15
65702, 85
46837, 235
29814, 244
28228, 883
20574, 835
32751, 763
9550, 93
2283, 834
9300, 135
61796, 3
6448, 842
69448, 904
2906, 711
18914, 831
47996, 565
55818, 769
53073, 348
69678, 468
25230, 65
1446, 207
52038, 206
35147, 112
44416, 597
69336, 823
48505, 160
65973, 61
3748, 47
53327, 151
17441, 746
4677, 280
10544, 946
16423, 643
2553, 200
5042, 167
9540, 579
32846, 851
12687, 960
7459, 341
286, 640
36436, 299
16016, 561
65108, 756
42472, 477
42771, 378
15735, 520
12276, 729
23800, 933
57016, 189
36098, 335
25729, 888
20606, 359
46382, 704
13226, 734
508, 72
2326, 906
4348, 941
46413, 186
57482, 331
43311, 575
33422, 286
5172, 359
29080, 2
48264, 71
7082, 500
63774, 745
66155, 776
12478, 365
26615, 137
50886, 579
24684, 172
57381, 18
1113, 482
49289, 99
68808, 304
7199, 983
23769, 513
30492, 331
11439, 381
21357, 607
13310, 710
35219, 437
39503, 391
12044, 507
55325, 38
69680, 409
46221, 376
22025, 592
40079, 11
27680, 449
29988, 19
45452, 203
61261, 584
62776, 499
46795, 364
36563, 4
26377, 413
31057, 160
30750, 128
29536, 789
11110, 163
59831, 998
66947, 317
47405, 426
3978, 856
32204, 253
35959, 861
1244, 386
17787, 673
2872, 911
53570, 351
28373, 616
42694, 428
33371, 870
5644, 246
29319, 561
5459, 763
31122, 701
60436, 209
39743, 701
11518, 145
55430, 594
63124, 432
24460, 196
20322, 230
7615, 790
63368, 413
47647, 194
34021, 955
21779, 175
58029, 489
32881, 978
11743, 140
36890, 383
48866, 876
47981, 961
17807, 169
25602, 546
15751, 827
45761, 658
27615, 601
12865, 738
47337, 233
44199, 92
21229, 130
28456, 608
31272, 182
47906, 989
677, 542
54148, 735
19915, 377
32961, 584
9128, 202
45312, 229
23890, 807
49483, 760
18990, 794
41227, 980
36504, 556
68155, 456
31759, 182
52462, 540
1051, 318
1474, 797
61619, 453
7173, 348
57907, 302
37976, 762
51492, 861
42202, 997
44404, 540
30572, 504
66243, 158
42321, 625
14751, 923
63340, 744
31, 670
57135, 916
52117, 124
10432, 787
31792, 218
28125, 558
25876, 190
29377, 700
62648, 992
48160, 576
40458, 312
51334, 306
69643, 689
47049, 268
57578, 705
52364, 654
43387, 162
68361, 765
62272, 476
47948, 315
2337, 339
41977, 107
31690, 558
30382, 339
50589, 173
52899, 911
53193, 1
2738, 308
13239, 847
47265, 571
38391, 670
46129, 852
62122, 800
51359, 343
57742, 400
18688, 366
36497, 421
49383, 607
55947, 789
47399, 346
27828, 867
61641, 291
39275, 314
30026, 985
52525, 713
66917, 186
68742, 863
42354, 487
68148, 181
19314, 912
57895, 755
45428, 812
22365, 147
15817, 54
27248, 695
1536, 777
68037, 774
27407, 881
10652, 675
35908, 190
50851, 20
44618, 225
66075, 967
51695, 66
23581, 604
1417, 934
37274, 531
56280, 871
38931, 692
35461, 973
53899, 874
42155, 863
16437, 398
69863, 375
2705, 578
28417, 621
63846, 512
27645, 713
18549, 332
38955, 27
65282, 272
48345, 534
44466, 673
7482, 36
18831, 79
25243, 715
51496, 800
56230, 203
15076, 873
25578, 258
28067, 422
46105, 742
69913, 353
14001, 104
26293, 132
30273, 348
18427, 594
54631, 755
46935, 706
51888, 125
67745, 951
63023, 874
31811, 917
18211, 226
17780, 639
6434, 794
55078, 331
26761, 42
3864, 376
61106, 219
41922, 451
21518, 388
10838, 745
62591, 478
57657, 354
29906, 414
68831, 245
44612, 264
38763, 258
19496, 911
31000, 424
66363, 419
47345, 40
24671, 232
36611, 224
32854, 434
45533, 316
66364, 496
24459, 819
24044, 425
44258, 575
35057, 688
13597, 968
63280, 182
31809, 483
10924, 986
14972, 653
37719, 66
6065, 200
41323, 225
27990, 448
36303, 201
63818, 118
12720, 54
25427, 861
14694, 608
14568, 914
44183, 639
3672, 74
33857, 802
31918, 20
51273, 707
66843, 73
67455, 25
55202, 256
39978, 400
53640, 65
19087, 509
63636, 434
58045, 413
8498, 18
50037, 323
62810, 659
20720, 591
36813, 97
2630, 693
45282, 906
4082, 263
55381, 254
32640, 999
69101, 11
69427, 938
45264, 717
5529, 75
9404, 327
41540, 348
52362, 366
52732, 78
8954, 869
46349, 550
45444, 909
41033, 285
35973, 863
31581, 766
52854, 6
27410, 497
44419, 725
27173, 458
6143, 691
35481, 339
225, 232
66399, 47
14974, 473
22447, 584
16798, 734
1852, 71
25410, 136
54913, 323
29772, 611
33135, 760
59302, 206
32213, 626
49557, 255
35850, 99
46593, 819
25295, 651
37425, 311
129, 371
20639, 548
1736, 271
67112, 666
8256, 252
58128, 936
27153, 859
7936, 67
42247, 368
51350, 626
48098, 278
17966, 566
35928, 826
52552, 293
6443, 530
18047, 488
29641, 982
36610, 948
53497, 161
29843, 184
39987, 780
22964, 668
23159, 914
14874, 59
46354, 806
58618, 817
67512, 65
55361, 881
14687, 98
7481, 504
55981, 123
49978, 395
59773, 391
34437, 381
64516, 387
39571, 949
50964, 796
49525, 932
45656, 529
7471, 272
15246, 839
37013, 613
23319, 100
17452, 770
60344, 126
2217, 916
25772, 135
168, 76
11560, 369
40716, 421
2128, 708
57705, 117
61912, 896
40765, 452
43089, 164
26528, 11
16732, 513
26530, 345
19676, 662
61880, 978
13214, 62
54183, 638
32237, 611
54399, 203
48994, 453
14449, 382
1378, 648
22357, 498
66189, 905
64835, 846
63416, 218
64781, 623
3134, 607
68455, 337
24867, 452
13591, 785
51190, 459
54792, 245
11756, 337
11408, 371
43888, 413
26015, 888
40062, 486
37308, 311
32314, 279
62836, 834
53067, 224
14257, 789
43546, 362
3560, 327
28080, 785
31937, 94
917, 793
30577, 935
49782, 358
67371, 188
53003, 707
16177, 20
14193, 771
64947, 82
41297, 835
64081, 212
12240, 775
3417, 621
34898, 203
49014, 707
13135, 110
9691, 524
60471, 862
40778, 554
23134, 441
31887, 108
33407, 210
17682, 87
29233, 724
6190, 734
38565, 995
13124, 536
2541, 576
39786, 278
12176, 673
64542, 254
6819, 619
36523, 709
42271, 831
29823, 490
48068, 264
16051, 308
48618, 406
64066, 777
55911, 759
61072, 877
46800, 725
62731, 415
63782, 638
14519, 270
68499, 472
17937, 850
33739, 347
7307, 506
21528, 109
66361, 495
37973, 940
53505, 260
12766, 907
24396, 979
57625, 939
40193, 495
58765, 313
65568, 400
12265, 679
37713, 134
50700, 339
49381, 891
16439, 315
1793, 969
27823, 657
30570, 779
44295, 147
13498, 347
62850, 114
12725, 881
2980, 905
65826, 451
64077, 244
38481, 14
55533, 434
52644, 672
30909, 93
65037, 378
64535, 515
22793, 237
22298, 919
64223, 100
17747, 184
11436, 426
44635, 483
59777, 796
59319, 666
61501, 162
66636, 243
43472, 643
62430, 326
56483, 370
7259, 565
43882, 221
33134, 104
41960, 420
17072, 489
13004, 125
28198, 423
41278, 920
27790, 235
13678, 779
61087, 994
38664, 106
30601, 475
67411, 623
28548, 181
46170, 959
66870, 852
9707, 913
38978, 930
899, 895
13023, 215
39496, 252
63229, 979
56389, 704
46203, 28
423, 726
45585, 470
48650, 501
15662, 0
38779, 69
31243, 494
8981, 768
64799, 452
43248, 507
59943, 183
17788, 867
15955, 487
54648, 234
35723, 223
7455, 407
9126, 8
59865, 930
64672, 627
22891, 807
51061, 235
21321, 500
57412, 552
6772, 560
40924, 844
42940, 560
41249, 196
536, 53
7552, 394
26814, 212
8793, 721
43663, 24
66057, 203
54737, 234
661, 198
39121, 410
37532, 475
23038, 393
56911, 286
18370, 409
61205, 884
26041, 696
10329, 830
16114, 717
68216, 282
11325, 395
7957, 7
60267, 20
30374, 781
26543, 539
30315, 372
52744, 919
45158, 551
32346, 284
9650, 608
63800, 738
50070, 532
67287, 435
32062, 471
69044, 16
57045, 322
15985, 91
5712, 994
63758, 881
61435, 508
30966, 3
41075, 458
14249, 253
30060, 561
25705, 648
62834, 725
67135, 467
55072, 844
51229, 280
36432, 549
10985, 105
55296, 183
42965, 70
67288, 952
66366, 4
64640, 207
20454, 29
3007, 877
219, 535
45147, 387
19032, 198
42590, 804
68661, 49
30055, 690
4404, 609
47824, 405
5745, 220
29970, 544
69724, 383
36951, 506
63344, 797
38713, 16
16271, 463
47025, 881
64821, 588
20142, 93
43045, 776
69781, 960
36052, 620
68720, 423
37629, 967
5290, 136
38678, 304
13472, 765
12070, 781
26777, 829
7714, 698
5830, 48
54353, 102
67779, 283
22386, 884
1537, 183
67446, 377
20897, 247
41277, 824
6978, 930
22138, 692
37088, 937
44107, 567
46981, 870
27170, 957
12324, 624
833, 600
50245, 645
2759, 54
12982, 384
47391, 577
38054, 851
19524, 571
48594, 324
34424, 905
7146, 287
14260, 211
64943, 673
28730, 311
12797, 13
53930, 955
16738, 330
1834, 677
22062, 371
34990, 146
67489, 756
68477, 655
15321, 115
10288, 272
33894, 704
27738, 9
53734, 968
45187, 986
65713, 25
32051, 354
35456, 258
56620, 269
15007, 367
35469, 207
63132, 675
23751, 436
25224, 644
5156, 907
53568, 874
52492, 677
30271, 748
12043, 861
14497, 408
56863, 217
23264, 1000
60964, 789
29969, 918
63868, 135
3797, 805
18867, 406
7405, 880
22200, 356
18976, 483
14339, 938
52304, 298
7236, 247
13402, 328
29775, 797
50477, 94
949, 64
39753, 391
28650, 345
54928, 667
915, 421
51488, 146
5118, 307
22691, 435
24248, 280
41429, 360
2048, 133
15668, 355
6148, 381
4616, 346
48840, 121
50073, 130
59379, 670
43867, 979
36580, 803
4198, 143
10187, 452
37951, 991
51900, 326
7052, 319
59869, 880
30741, 941
11230, 550
69045, 528
45577, 250
41308, 930
59952, 203
25699, 911
25342, 253
13074, 41
34826, 967
5858, 998
64909, 365
68552, 26
20743, 148
52077, 90
13267, 476
25064, 254
32795, 7
33148, 750
69844, 86
2991, 889
67309, 90
1586, 370
4724, 0
53434, 762
47756, 877
35821, 826
63303, 942
47331, 751
461, 233
52180, 543
9526, 876
57817, 361
21605, 445
63732, 127
26910, 608
7768, 709
46858, 76
55536, 650
234, 93
3720, 6
21906, 312
43353, 889
42303, 695
20552, 464
20540, 282
47375, 177
905, 925
10340, 602
39356, 214
69345, 929
51299, 45
20321, 7
35841, 527
18029, 883
40536, 126
495, 258
52482, 204
53191, 839
45364, 228
36770, 400
43034, 223
69216, 976
63505, 458
1216, 531
66656, 505
2099, 571
60108, 765
41683, 523
68674, 30
49321, 856
29922, 138
58803, 338
31034, 673
67598, 918
51337, 327
49380, 307
16037, 86
65231, 541
30010, 274
50243, 906
16184, 368
20575, 761
56892, 625
28953, 518
41101, 431
15710, 265
34827, 237
44223, 134
17342, 173
55970, 469
15236, 50
3002, 848
44597, 161
60823, 882
13629, 282
14289, 201
450, 76
5859, 66
25710, 541
45235, 619
9409, 244
64359, 912
49284, 423
21049, 849
49243, 268
42386, 608
26838, 87
53318, 588
20729, 972
10100, 601
13786, 125
64553, 487
4324, 12
8813, 58
59148, 838
66530, 628
51078, 426
12814, 687
34408, 214
58037, 139
15691, 571
39650, 1
57736, 55
16906, 189
19311, 6
42097, 365
15557, 218
36752, 204
19721, 169
27789, 294
64399, 610
35817, 633
1941, 726
12273, 37
47714, 468
62589, 901
58072, 986
30621, 480
11499, 651
54305, 934
52906, 913
55340, 146
57012, 623
57623, 896
20006, 96
62661, 575
39016, 546
55613, 405
41975, 108
23112, 421
36747, 214
1010, 724
44553, 649
15791, 402
22434, 211
68862, 646
5142, 750
44909, 633
27805, 150
47246, 130
4309, 197
53510, 877
33832, 23
40278, 388
7651, 515
4107, 30
60369, 802
25029, 352
68032, 909
17128, 0
2143, 72
46752, 157
61196, 183
6961, 273
55490, 390
43737, 497
41187, 291
40901, 67
27255, 727
13551, 631
66354, 963
45794, 787
58743, 405
43843, 415
15865, 58
8363, 900
693, 130
37300, 92
63666, 948
1748, 940
69626, 653
3990, 326
16618, 32
12491, 907
62271, 949
58060, 568
67820, 953
21327, 792
31928, 438
57302, 613
1868, 786
69986, 839
33217, 992
56379, 730
11733, 622
47925, 185
18252, 6
50334, 887
68529, 672
26307, 232
56469, 472
31552, 685
1337, 978
44135, 0
29755, 646
52740, 240
42353, 645
59071, 871
5281, 274
13055, 60
42738, 718
14122, 171
3085, 102
44228, 166
44865, 479
69629, 952
11634, 401
26739, 510
56278, 940
59277, 795
27021, 402
12086, 850
17064, 297
47401, 875
64376, 959
37046, 979
12312, 98
56778, 657
22612, 327
45283, 479
22788, 507
61615, 974
24780, 988
38965, 600
16116, 442
21660, 324
8688, 68
53511, 243
45796, 924
63664, 961
68168, 486
48965, 473
64585, 478
59624, 993
49459, 96
60176, 308
48796, 743
27880, 254
34172, 779
38171, 473
16357, 945
12290, 87
34755, 406
21163, 725
30981, 55
24798, 722
64153, 108
11364, 153
52539, 312
41678, 305
48918, 954
52851, 177
49924, 468
8237, 667
65933, 390
4625, 596
25982, 0
32443, 594
51902, 555
67028, 26
6163, 132
59216, 960
1574, 458
11814, 172
50721, 680
63874, 969
67062, 714
8662, 434
44832, 756
48659, 792
29984, 123
46552, 843
30867, 467
43636, 89
47160, 972
40851, 245
27874, 866
65343, 407
27090, 956
49043, 425
52215, 526
64211, 584
42558, 973
23027, 178
43554, 687
38111, 365
43029, 587
63842, 487
38327, 539
4932, 279
3169, 204
3689, 416
39997, 118
41065, 189
47262, 792
23053, 596
7935, 339
41136, 444
37502, 781
35936, 251
21757, 585
50729, 751
28954, 795
34627, 394
23186, 837
6002, 792
51938, 569
57400, 119
49050, 940
37192, 488
36851, 129
10656, 560
48804, 508
49700, 522
15484, 685
1590, 697
6377, 963
2344, 388
50510, 188
15362, 274
7189, 33
29507, 896
38794, 391
57796, 793
45620, 452
15627, 119
20283, 143
54894, 633
12329, 563
45211, 397
47044, 871
62872, 485
2786, 760
48613, 789
45323, 799
11962, 86
25544, 680
60617, 495
15664, 419
45918, 871
35788, 679
58649, 670
47107, 373
68242, 773
48871, 383
24411, 251
8165, 936
45778, 708
42845, 759
40684, 730
30355, 331
52896, 348
34068, 27
59603, 795
54599, 181
28514, 562
53594, 636
38924, 485
61861, 81
15409, 296
33482, 700
43026, 852
7475, 303
59749, 360
16930, 944
22617, 240
9947, 994
8346, 6
61655, 658
40525, 607
40870, 754
62998, 783
60780, 421
15793, 659
41659, 813
54678, 140
32743, 43
723, 481
67451, 257
67611, 475
65586, 265
26073, 594
43819, 590
7088, 489
10155, 832
42742, 700
3928, 178
68198, 147
6530, 839
7426, 699
31980, 285
13965, 256
28633, 718
3690, 197
28322, 618
10489, 913
24580, 529
9433, 442
26697, 878
1442, 365
5094, 526
60506, 371
9473, 22
28094, 160
13670, 432
17051, 839
41655, 685
57673, 661
12227, 478
25774, 757
14831, 723
36995, 549
17053, 280
53878, 656
2350, 392
5704, 133
21613, 583
28809, 379
23131, 471
7453, 736
59214, 161
41592, 645
17874, 287
19606, 838
43340, 93
40128, 137
17506, 630
18854, 207
66464, 573
38722, 670
31444, 803
40101, 825
52161, 541
194, 136
55024, 421
26047, 598
46966, 645
67268, 329
35804, 79
46296, 987
6835, 442
22203, 464
56310, 626
187, 708
55133, 855
20138, 59
23079, 747
9233, 109
14493, 456
61420, 702
9559, 365
36407, 800
55160, 369
22693, 414
30146, 263
49801, 490
2851, 865
22347, 475
37670, 372
58900, 268
15273, 61
43750, 410
36341, 970
51105, 907
25921, 57
28522, 296
29783, 159
24995, 182
43543, 189
19418, 723
59679, 199
4851, 631
21761, 256
49463, 298
1979, 474
10688, 284
33561, 177
51914, 630
25356, 575
49314, 900
63091, 982
36782, 645
68776, 443
37988, 570
6446, 955
5875, 570
10948, 709
10069, 584
40480, 631
46587, 857
41173, 625
51000, 733
47229, 386
32969, 617
54691, 223
38226, 525
6524, 723
1439, 348
33141, 930
33754, 552
23380, 860
17070, 21
19261, 159
48331, 556
24777, 802
3657, 588
48483, 584
45790, 161
28570, 369
57245, 454
38453, 646
5400, 641
26722, 928
56148, 492
36399, 504
38809, 93
29388, 279
63456, 350
43264, 296
63983, 618
39199, 824
68571, 970
31227, 650
42003, 939
24299, 397
48100, 190
61139, 524
56602, 42
55530, 488
44608, 895
56526, 374
65938, 105
19469, 383
10423, 496
49741, 126
29828, 586
8777, 262
29381, 708
13722, 695
27058, 188
2022, 480
22279, 771
35900, 582
25248, 863
27776, 895
62479, 101
59147, 97
8664, 382
41226, 434
5891, 261
7346, 14
45662, 5
58816, 376
43396, 668
44088, 989
43922, 775
17434, 138
40445, 764
26906, 681
36196, 152
65886, 600
55414, 845
64952, 944
254, 527
57983, 680
53170, 94
396, 444
27951, 937
28511, 118
19911, 133
38943, 87
29306, 29
4769, 757
43185, 81
53244, 646
45400, 749
65424, 309
35783, 232
50179, 516
29155, 1
14460, 910
68222, 222
51196, 500
42729, 822
20679, 581
67151, 53
13152, 396
54257, 417
48164, 530
51469, 913
34115, 886
15386, 264
42849, 134
61988, 214
13663, 43
65267, 261
8159, 340
13705, 969
18261, 40
23352, 272
51227, 678
68745, 447
55461, 259
31821, 845
60478, 378
7167, 300
52600, 218
5702, 343
23516, 630
40247, 892
20472, 538
5322, 539
36300, 390
33579, 886
51791, 238
22974, 998
43557, 969
21622, 127
21010, 849
67273, 802
50632, 214
33030, 952
64062, 706
24284, 117
6486, 938
5576, 859
24427, 87
4944, 774
5449, 619
39057, 275
52842, 223
31723, 588
18832, 18
5997, 11
24786, 457
218, 345
28941, 923
32313, 345
66383, 264
21117, 140
65559, 618
5819, 250
38914, 952
6571, 604
32550, 230
53776, 379
22498, 94
35332, 916
44706, 693
12351, 200
18474, 862
2629, 356
20305, 502
2301, 605
16978, 32
46607, 903
33649, 947
64078, 675
54213, 445
17027, 820
34525, 229
10388, 845
66753, 150
4690, 594
31496, 311
11186, 84
9212, 675
10641, 1000
49641, 165
41880, 809
59306, 658
6766, 26
41660, 330
16396, 995
8146, 766
16850, 95
41510, 979
30813, 240
41703, 47
24641, 291
18904, 678
6134, 422
44753, 171
55861, 857
40535, 633
45485, 864
12915, 929
41144, 199
67394, 869
55916, 461
68024, 291
47070, 176
64617, 290
68991, 718
32128, 358
20300, 864
11202, 497
69610, 973
36012, 385
60575, 36
16130, 814
31208, 285
253, 123
25628, 483
7903, 919
7002, 974
2578, 733
25445, 139
52440, 583
7777, 7
40059, 193
63698, 818
51057, 408
53611, 782
30020, 728
19500, 41
18761, 43
13763, 396
5477, 45
16777, 715
25940, 240
11631, 60
63015, 224
10133, 113
44327, 378
63244, 404
36444, 765
20399, 92
42700, 343
49985, 82
7150, 814
55503, 500
65609, 503
5160, 46
28404, 234
40484, 970
63087, 301
65803, 817
5048, 621
33503, 946
5189, 456
28867, 694
39905, 742
68349, 254
60825, 406
54299, 107
46094, 290
18224, 674
23428, 308
35913, 342
29961, 410
47004, 75
45547, 895
1581, 153
45711, 649
62746, 720
16481, 208
10013, 886
8784, 873
5707, 692
22300, 917
55243, 399
30305, 930
40614, 400
31567, 804
25519, 836
19136, 947
22579, 279
28983, 965
44668, 993
22028, 677
20055, 951
61986, 939
15866, 722
23985, 282
49751, 75
60206, 285
277, 537
33144, 40
8852, 68
25422, 459
69125, 48
57195, 903
39797, 32
12961, 965
11113, 259
38468, 657
58489, 311
64279, 219
63168, 351
41767, 829
68935, 406
65735, 584
37676, 273
40748, 449
42774, 827
61498, 951
64092, 868
58196, 857
3221, 388
54934, 953
68622, 338
11068, 632
25932, 616
459, 775
33873, 781
66348, 990
69719, 884
22953, 427
64949, 577
632, 437
69975, 562
29162, 728
66846, 68
39911, 782
49486, 523
63156, 412
15957, 4
66494, 619
46811, 22
60709, 252
19241, 932
9307, 895
62613, 162
54466, 272
47283, 836
33651, 308
47671, 365
36591, 638
28185, 35
48647, 884
44073, 400
12573, 348
61003, 737
32283, 702
2291, 484
12248, 638
17525, 237
45564, 212
4981, 137
47207, 42
36385, 574
21675, 686
53114, 987
60476, 746
10334, 692
2046, 421
34366, 82
12352, 702
55145, 587
38675, 123
22938, 480
32544, 80
63706, 229
1314, 446
21815, 546
68337, 212
32915, 118
53661, 189
58759, 357
11712, 698
60627, 230
50110, 593
23170, 603
52457, 324
12960, 437
48421, 376
25901, 531
65191, 928
47455, 665
4970, 354
8299, 15
67938, 641
37486, 917
25434, 474
63374, 990
39990, 810
36659, 887
43681, 574
26569, 956
52721, 657
29322, 515
4358, 31
6522, 600
4155, 405
17585, 318
62444, 712
40561, 263
61507, 192
13333, 931
22937, 51
61715, 964
16099, 158
34320, 553
35640, 662
43771, 615
43991, 559
44999, 265
52062, 362
26316, 346
31187, 916
52436, 373
57871, 465
7017, 553
43808, 31
15789, 365
25619, 974
41421, 184
55452, 943
8176, 89
43566, 843
54176, 725
42147, 134
55965, 666
5099, 163
25304, 319
45589, 127
64156, 479
36032, 296
61876, 681
27268, 39
18489, 186
22487, 71
8201, 573
40421, 509
57602, 517
21230, 883
25116, 34
28989, 825
3596, 887
59917, 116
49818, 216
62415, 335
68481, 879
64484, 974
52510, 442
69962, 320
54349, 784
43354, 367
43515, 264
60786, 304
46002, 212
31488, 947
20653, 417
61872, 291
55394, 756
40891, 612
33630, 70
50759, 813
6657, 935
12696, 186
45069, 819
57278, 141
1920, 168
7772, 643
35736, 125
53453, 374
18950, 163
58287, 164
39043, 58
47823, 190
10560, 538
23774, 842
59234, 247
63501, 849
43120, 376
19552, 158
18033, 502
35346, 442
8140, 549
59767, 55
38332, 418
61961, 516
56512, 635
30404, 248
36151, 923
68068, 581
63953, 811
5890, 423
44423, 367
36213, 692
6253, 909
23303, 217
37332, 823
64356, 981
44374, 204
7004, 439
10512, 321
47347, 575
64331, 950
9833, 795
16325, 269
17851, 760
12841, 299
6771, 959
16968, 566
58916, 50
16659, 794
66339, 413
3329, 736
19515, 632
37303, 469
68320, 451
58976, 857
12598, 599
43831, 153
29066, 431
39845, 317
23894, 552
47328, 961
56977, 922
23026, 951
20956, 457
39976, 38
63821, 342
47129, 21
59537, 276
14660, 726
24765, 612
59540, 882
19585, 129
58271, 801
24184, 647
39989, 970
33017, 466
47962, 86
47716, 428
22714, 795
57565, 673
14629, 799
69721, 510
37714, 271
53652, 892
46890, 865
24474, 713
65774, 813
68856, 300
47260, 826
66632, 352
20329, 537
61917, 255
37548, 174
39634, 649
36233, 587
40648, 467
58985, 695
56392, 890
47165, 610
11782, 846
32007, 739
487, 328
16388, 82
34442, 455
49603, 117
25537, 237
66313, 258
62177, 539
3057, 184
69012, 902
28860, 371
43279, 701
54795, 471
35643, 338
52513, 158
22514, 317
46, 160
433, 220
21835, 72
66962, 975
50665, 391
19981, 924
63187, 702
6324, 836
30285, 731
53882, 423
39931, 328
57168, 483
25220, 723
27387, 571
14290, 227
554, 63
23799, 354
44602, 441
40028, 426
28801, 166
52035, 504
68728, 465
54254, 484
18605, 243
65836, 396
7696, 307
36417, 699
51406, 729
6150, 624
64655, 637
12166, 306
33636, 569
16557, 152
65606, 361
43329, 918
69431, 497
18062, 322
2761, 233
12924, 795
39212, 472
67831, 543
68057, 14
23900, 516
304, 254
16176, 910
27737, 417
22547, 583
50744, 343
44332, 254
59808, 83
47605, 970
52984, 545
40943, 507
34196, 811
17495, 322
22267, 201
6336, 155
69901, 52
34250, 527
14761, 338
11938, 546
51405, 786
1564, 75
25551, 809
30713, 679
24387, 8
36207, 648
63488, 84
23602, 504
4339, 219
41023, 982
21375, 908
67873, 36
23410, 208
2066, 984
9408, 138
35143, 246
436, 368
4356, 628
19592, 129
46860, 964
21441, 661
11065, 792
53498, 331
51766, 677
14613, 873
54152, 370
754, 11
12400, 0
33557, 29
14699, 303
33942, 987
10319, 199
2579, 756
57513, 422
68567, 561
66022, 418
11217, 46
17671, 592
43153, 677
48944, 355
46212, 136
63274, 291
23391, 182
54303, 804
21978, 533
43462, 854
15434, 484
57766, 464
27099, 479
33589, 381
53455, 490
22552, 581
53020, 5
56254, 729
47167, 668
50055, 238
37003, 157
46201, 883
61417, 157
20330, 250
60610, 144
41831, 824
40915, 854
23674, 286
41550, 423
1709, 221
13199, 113
11521, 152
7180, 311
3544, 626
40827, 414
51775, 439
42199, 684
20442, 936
8424, 636
35808, 478
3986, 738
28808, 271
32067, 39
5023, 233
32486, 654
5510, 578
11803, 734
36440, 41
20964, 225
64488, 907
35694, 894
33252, 889
405, 491
42693, 765
43674, 364
54539, 592
32371, 517
1293, 582
54677, 788
2605, 713
49805, 249
58505, 269
60225, 587
20603, 503
2272, 918
51098, 121
51198, 570
5610, 586
48162, 142
50950, 254
50645, 437
34895, 271
59245, 848
67774, 668
39318, 750
39435, 697
5504, 914
12012, 281
19373, 996
16910, 653
19329, 440
11237, 472
68461, 750
21630, 532
69387, 612
31529, 788
22193, 448
63503, 552
24711, 548
62902, 155
3719, 301
18718, 857
68849, 813
20682, 224
10117, 133
3335, 666
64340, 198
22844, 739
38765, 616
16453, 774
50222, 643
10660, 240
47923, 787
26749, 760
8596, 840
35251, 705
31345, 697
31353, 674
30154, 658
64286, 270
17059, 710
41093, 29
2088, 722
21246, 67
51949, 171
47626, 544
32721, 575
45687, 906
31436, 525
27659, 496
69829, 587
33527, 879
28827, 103
17749, 40
23571, 335
56025, 664
60194, 734
48912, 676
37575, 760
18056, 896
39341, 481
40165, 246
63118, 963
6623, 280
14878, 450
66789, 98
30034, 971
55203, 127
13815, 954
5032, 252
23280, 666
2395, 186
8593, 405
46385, 95
21810, 157
64789, 150
9709, 556
32655, 242
49204, 347
10443, 463
18300, 745
33310, 364
55644, 262
45980, 579
4385, 836
67926, 791
54468, 359
36758, 820
51703, 404
20094, 143
61605, 163
27607, 296
32387, 972
4485, 455
11213, 463
17649, 676
14197, 757
50188, 749
10892, 711
61779, 905
64693, 993
56323, 194
56680, 302
50168, 59
37540, 582
16431, 146
40523, 577
53066, 939
27611, 435
60311, 682
630, 745
27295, 193
23156, 351
69118, 407
69992, 157
62332, 637
38097, 539
41945, 106
6932, 600
69163, 51
37496, 722
37283, 780
56596, 249
3714, 669
58233, 878
41157, 261
7067, 680
44053, 595
42228, 804
47525, 806
20719, 811
40035, 564
47658, 690
8108, 470
983, 310
27154, 843
10959, 898
11098, 579
65611, 31
51605, 406
26326, 540
63999, 592
10658, 433
67134, 225
13142, 90
53530, 771
9265, 128
41384, 722
32903, 716
21385, 723
35940, 361
58351, 372
62577, 565
195, 874
45098, 807
17442, 502
54722, 867
11417, 795
19804, 203
25501, 653
41257, 782
7273, 412
28596, 708
60945, 121
37961, 910
3526, 786
30287, 816
44165, 139
48612, 714
11820, 571
986, 848
57370, 817
27793, 531
13385, 706
9777, 990
61654, 868
47412, 67
9539, 384
2207, 783
51477, 731
45191, 535
26773, 788
48228, 322
73, 717
23413, 372
10980, 553
62652, 906
21947, 833
10914, 328
866, 127
7572, 271
31745, 61
7982, 916
69731, 812
30617, 380
60785, 147
8412, 389
22680, 525
61963, 791
7868, 684
17148, 19
34324, 198
36387, 569
30267, 721
23979, 999
47940, 699
23362, 308
60620, 293
53224, 893
22766, 545
4393, 412
1743, 377
32381, 627
14800, 186
58119, 751
35423, 881
40479, 149
16932, 782
8943, 94
14781, 929
42039, 319
61030, 5
28825, 497
30456, 215
33828, 259
55063, 88
12654, 26
64051, 236
17030, 591
19464, 73
45553, 855
66723, 599
15559, 835
43303, 317
10088, 754
10826, 632
4252, 200
24705, 450
15064, 931
29244, 328
64867, 532
18515, 122
13076, 382
39450, 870
336, 227
36963, 272
51136, 558
42668, 843
23175, 670
34031, 367
23210, 406
20452, 140
3353, 299
1269, 709
38100, 82
22471, 905
46301, 634
15893, 165
38821, 589
31296, 210
64071, 115
52147, 226
35091, 946
52353, 457
50903, 480
49648, 152
29290, 910
37507, 677
48415, 590
12344, 785
45773, 777
44109, 721
25479, 457
42345, 564
4118, 480
17161, 703
18556, 828
15939, 344
2391, 298
56087, 709
62524, 798
959, 687
25811, 888
58953, 45
59296, 451
12318, 665
16564, 873
32763, 40
16573, 956
61632, 10
3730, 495
9601, 973
45721, 21
47212, 783
61169, 178
21446, 160
28997, 838
58854, 768
31298, 88
14372, 680
36308, 553
43136, 790
3857, 87
22842, 78
21527, 969
52856, 683
58113, 508
13935, 131
35765, 57
62300, 907
11861, 585
21787, 978
51607, 170
16369, 697
31230, 536
35215, 511
40063, 625
30137, 35
43111, 827
55603, 456
19065, 642
61579, 756
38318, 183
68255, 922
18543, 300
27071, 749
3852, 985
66774, 65
42860, 825
26241, 537
23713, 294
7874, 284
11780, 874
19018, 969
41031, 11
31903, 195
3415, 929
58437, 337
41976, 541
37305, 226
14344, 740
55189, 466
32375, 937
53793, 592
62719, 781
8444, 984
62670, 890
6210, 426
20776, 809
36400, 454
33918, 492
33685, 642
17357, 738
16743, 781
9952, 575
26732, 742
53805, 345
13404, 69
14885, 179
68794, 650
2558, 186
48347, 939
44280, 808
59656, 625
23040, 66
41100, 292
25034, 816
25635, 254
25177, 234
30856, 757
45075, 610
12274, 757
25131, 631
24398, 674
56465, 725
20336, 568
42717, 124
68659, 915
10867, 442
35368, 702
30635, 243
46219, 499
59094, 586
9225, 474
20703, 522
30668, 366
9111, 338
56299, 613
60787, 8
8550, 901
263, 953
28319, 49
352, 968
35546, 287
67711, 126
33733, 126
43428, 777
53597, 207
34097, 348
9392, 301
41335, 612
16949, 743
36333, 492
13024, 840
45926, 150
17446, 186
38656, 700
50574, 896
15653, 264
29620, 490
39758, 963
21791, 9
24152, 778
3369, 217
22678, 885
27809, 961
40025, 371
32701, 102
6616, 358
22270, 265
15257, 810
68456, 395
69949, 615
56442, 524
50847, 510
69656, 740
30705, 233
25802, 765
55097, 851
64886, 364
57438, 104
7501, 95
12682, 820
1993, 672
9304, 712
59011, 87
11718, 918
68568, 127
27421, 727
39411, 163
4315, 88
11622, 758
69618, 173
2958, 836
47910, 987
34687, 864
67775, 337
34976, 23
23324, 958
69030, 416
44617, 799
61743, 189
2591, 200
3851, 387
47349, 323
69890, 784
68470, 985
56206, 763
69889, 384
62718, 214
29333, 327
65418, 621
16845, 694
21369, 727
8060, 916
48722, 24
60079, 541
54376, 601
27508, 215
20650, 302
20075, 520
15971, 616
30151, 256
3953, 131
8396, 72
60287, 633
16137, 111
46923, 635
31854, 949
45330, 511
1839, 253
67109, 577
58835, 305
40905, 427
16397, 31
44890, 649
44034, 879
18899, 137
26085, 67
5398, 188
1667, 791
40403, 763
8443, 914
49616, 42
54301, 840
44989, 736
27665, 50
67551, 591
48599, 998
2584, 569
9418, 259
51863, 514
24119, 440
54724, 682
31360, 782
41835, 600
10216, 143
2024, 935
47510, 58
52563, 994
69598, 161
24245, 863
9552, 530
38541, 690
28452, 741
45645, 984
1156, 145
25963, 487
48445, 670
59541, 545
57271, 791
9637, 898
4212, 205
38375, 660
51482, 717
56300, 430
11206, 383
55321, 791
45151, 881
14710, 59
57877, 584
31015, 403
3793, 459
36956, 715
36380, 698
42119, 385
19629, 924
11546, 462
60487, 83
49799, 502
68106, 196
50519, 550
51293, 477
39556, 705
27816, 621
49722, 438
19584, 981
59844, 211
33069, 522
10778, 88
34340, 730
6679, 418
67182, 221
19934, 666
29735, 67
12750, 180
44823, 835
24028, 262
59, 276
60665, 210
40014, 418
61050, 369
10192, 284
35366, 809
4596, 627
66081, 651
30249, 615
53943, 936
46503, 292
29008, 651
27124, 134
30541, 650
45271, 558
49182, 916
33379, 37
45087, 320
65561, 924
66785, 340
44105, 911
10617, 693
10538, 335
34590, 642
62176, 938
40822, 501
36211, 461
55589, 788
41786, 95
8668, 414
44476, 502
33207, 754
24163, 589
64778, 445
3016, 181
12171, 357
13960, 94
45573, 774
38693, 301
60898, 955
48026, 634
2371, 671
51890, 537
67483, 141
64295, 960
18269, 452
23182, 579
23110, 644
7442, 102
41020, 852
53902, 134
47570, 22
18520, 107
65647, 32
65691, 161
4024, 808
69032, 558
11618, 721
66178, 703
41203, 188
25135, 490
47450, 682
63693, 621
44661, 797
17492, 505
6412, 125
16209, 779
22249, 907
36660, 493
2364, 782
15089, 625
14879, 256
45632, 838
4147, 844
6119, 338
11286, 545
33140, 296
37470, 740
41839, 420
29872, 760
57600, 45
44839, 626
59268, 985
16414, 418
51473, 953
43814, 858
60716, 37
41656, 924
6426, 701
38698, 398
56613, 910
54413, 633
48128, 196
60237, 856
47458, 81
16645, 550
12155, 117
54412, 745
44933, 592
53847, 796
30974, 440
29206, 606
6458, 0
4893, 659
57067, 630
6618, 103
15008, 735
10374, 989
33150, 301
19043, 160
7990, 380
68635, 496
35558, 619
66315, 97
46107, 32
26261, 565
13001, 516
29288, 346
5355, 933
16692, 63
2946, 124
33576, 504
55525, 137
29460, 932
43876, 644
26087, 565
42397, 383
29645, 582
37167, 309
52499, 247
16879, 93
12006, 56
26403, 175
5728, 567
26542, 962
68606, 679
46756, 590
25450, 485
1576, 6
37375, 759
49923, 677
15930, 592
2819, 481
2794, 289
15706, 163
50981, 639
44785, 133
19613, 75
22695, 409
60877, 174
49905, 480
65856, 243
23023, 168
33940, 405
25476, 948
20035, 263
22127, 747
66459, 728
20143, 12
30657, 200
34466, 404
64009, 908
49379, 788
44046, 619
44578, 623
63507, 219
45572, 242
49310, 360
43216, 617
41601, 416
16770, 53
60023, 926
54959, 339
5366, 464
25290, 618
41988, 50
27289, 925
4555, 751
56253, 445
39338, 401
55973, 666
25837, 301
3951, 982
1026, 215
57497, 820
6017, 857
10693, 522
68289, 381
52961, 958
15202, 757
36854, 597
22837, 655
39335, 46
25377, 449
44878, 747
36886, 985
30961, 987
64709, 138
8783, 240
65843, 633
56474, 990
37299, 510
26793, 16
9368, 663
59517, 955
14795, 227
59905, 942
28175, 898
50498, 472
898, 588
3663, 951
23643, 833
4709, 394
21050, 712
49844, 197
50242, 675
51669, 914
69876, 534
23638, 19
27353, 878
64027, 152
15212, 881
25833, 222
57807, 664
44728, 521
42483, 988
18447, 74
11758, 969
62143, 480
33574, 982
52737, 550
42461, 957
29565, 366
10306, 240
25591, 130
38203, 982
9179, 405
5980, 831
59558, 944
15546, 888
38063, 548
21967, 695
29437, 403
9939, 500
32448, 651
59081, 147
53837, 555
2253, 786
28893, 403
48739, 501
39543, 219
32575, 449
37803, 751
47584, 291
34119, 374
56501, 421
30803, 969
48076, 498
12620, 436
30596, 16
4223, 8
3940, 104
8367, 168
37758, 204
30588, 254
17969, 735
58188, 191
60981, 732
17147, 382
15822, 771
49719, 636
2860, 82
35477, 950
7550, 802
1685, 385
25305, 107
68542, 714
20837, 638
23012, 148
6286, 657
11927, 882
68979, 688
54470, 406
34839, 572
42638, 389
4132, 529
252, 2
27551, 59
2436, 906
68683, 672
21684, 329
18692, 354
47585, 14
7535, 681
67089, 816
60462, 983
15587, 808
13922, 43
38020, 766
17273, 606
2411, 997
20557, 570
10612, 374
35970, 954
14605, 386
33275, 501
67337, 40
12476, 463
46049, 400
11382, 503
9193, 268
2716, 869
53125, 532
22416, 734
53544, 222
5291, 886
54015, 715
44342, 362
697, 721
63260, 183
17811, 434
17073, 530
45748, 283
39832, 579
29367, 161
28306, 909
11822, 615
3070, 107
35184, 766
38415, 605
39961, 249
15344, 603
34601, 639
61192, 507
62920, 767
56129, 239
48767, 413
61541, 39
53199, 19
57549, 951
15057, 748
16865, 286
10359, 134
5405, 735
17456, 647
68532, 142
42781, 816
7280, 811
68088, 596
46184, 316
38862, 546
1529, 872
65081, 96
32610, 545
21649, 389
19428, 389
38645, 859
19846, 743
30317, 356
28612, 337
53907, 243
3199, 721
36555, 334
41362, 91
56794, 446
18462, 150
15440, 295
19146, 89
39348, 233
65510, 318
51211, 592
41587, 525
22262, 273
3413, 619
11181, 634
38597, 986
69429, 434
37356, 806
45447, 160
12805, 604
23510, 173
68970, 735
25278, 218
64297, 613
64510, 961
19574, 49
5460, 511
48429, 264
44780, 999
41366, 160
67434, 23
10348, 164
778, 741
7454, 140
52226, 12
18236, 750
6687, 773
63691, 825
32403, 903
66199, 128
60933, 369
3443, 631
3174, 536
68178, 249
19141, 774
5496, 91
49753, 851
29950, 83
68819, 418
29596, 537
2647, 530
33420, 894
8869, 544
26224, 456
21386, 881
36187, 427
52310, 533
26062, 295
37635, 132
62887, 582
41047, 220
67727, 428
38024, 798
19097, 553
67033, 340
10154, 741
25801, 369
35760, 360
48682, 985
68870, 880
34489, 460
21353, 714
2357, 988
51339, 925
47244, 456
10051, 21
41973, 731
14823, 113
13173, 267
35172, 231
11727, 32
4815, 277
52206, 763
61923, 618
34441, 816
50784, 340
29463, 873
5274, 747
46944, 906
35158, 927
3959, 979
7663, 500
42834, 439
22053, 834
60111, 998
54235, 618
36416, 32
3848, 53
54480, 730
17513, 279
60125, 668
41235, 215
41832, 775
48260, 882
35140, 369
43894, 539
65415, 253
32229, 53
1199, 169
19979, 589
44147, 96
36434, 41
51733, 769
30328, 884
21991, 994
42531, 552
38328, 844
43000, 799
37515, 933
38942, 476
30343, 549
40953, 241
64234, 865
57426, 545
17339, 996
58814, 160
36794, 930
63099, 266
18700, 396
30220, 735
4845, 511
23283, 968
60128, 947
51767, 227
22483, 49
27360, 404
22132, 912
44145, 998
5242, 396
49721, 922
33758, 334
39968, 238
58532, 947
21983, 864
52629, 557
61556, 871
30359, 922
52028, 575
6415, 966
51277, 739
46141, 529
67544, 255
943, 521
13372, 194
38297, 644
13724, 347
432, 35
39956, 742
18368, 774
49149, 554
66258, 123
55583, 628
54985, 695
34407, 195
560, 636
64063, 598
12289, 688
6846, 260
50186, 392
27943, 154
59309, 385
35236, 516
58790, 213
38114, 9
33132, 833
45590, 254
7477, 909
15919, 615
66767, 16
28901, 614
63106, 265
19910, 353
46825, 261
60188, 137
17044, 52
33533, 335
230, 996
45479, 317
32905, 658
60622, 201
55607, 171
39888, 273
36520, 816
15169, 435
58353, 559
58628, 837
16020, 827
36214, 31
57334, 286
38599, 636
3915, 435
8967, 315
12453, 547
56112, 828
9880, 811
21360, 876
57393, 757
38305, 241
68252, 927
47429, 411
13075, 103
44481, 226
66768, 311
16913, 595
16446, 194
18774, 912
23225, 695
23609, 194
46274, 632
44074, 500
7945, 709
68333, 390
6375, 427
8071, 423
47855, 129
31675, 45
38566, 154
39073, 340
35176, 827
44773, 728
6368, 108
21590, 660
42089, 46
55844, 174
29529, 982
66482, 423
20878, 815
17, 625
55287, 124
3794, 59
4692, 883
48008, 477
6822, 778
47998, 545
36469, 683
46894, 704
651, 527
36083, 104
10270, 114
43670, 897
42786, 830
8879, 247
68861, 310
36080, 711
48203, 46
32275, 209
4103, 898
46862, 207
54205, 888
58833, 259
62923, 223
62711, 702
41185, 350
19414, 459
10595, 820
58839, 554
46925, 408
59348, 707
17061, 723
45912, 276
22284, 741
44803, 886
6487, 638
30133, 622
34081, 934
41700, 747
61232, 177
60070, 206
19736, 449
34692, 917
47387, 150
64306, 224
33757, 900
14350, 18
31553, 540
2332, 591
35780, 931
61702, 309
19803, 535
68892, 120
18192, 934
18179, 719
33679, 288
25660, 994
35075, 872
31920, 841
55559, 518
9040, 194
49019, 258
4287, 926
43977, 984
36768, 135
17014, 137
25129, 633
53647, 429
20087, 109
6510, 824
52577, 645
3670, 604
53886, 859
61842, 288
24428, 759
41619, 436
62557, 614
34164, 511
62015, 108
42772, 219
67792, 479
25661, 711
22515, 607
65219, 574
62992, 315
63321, 296
42666, 422
10465, 838
25406, 605
18303, 731
18488, 83
57567, 228
69236, 493
20032, 113
7254, 162
39308, 60
32114, 795
57105, 247
62353, 892
54366, 346
35426, 592
3249, 674
43747, 624
64123, 989
32556, 235
14471, 566
65387, 42
40756, 510
40275, 156
49197, 571
69758, 861
51822, 920
24027, 584
66743, 888
56936, 193
27344, 926
58026, 771
41661, 749
46817, 437
62426, 169
33515, 151
58792, 914
43093, 935
68122, 682
44388, 972
56945, 531
4604, 75
42757, 631
48158, 606
52333, 200
29576, 518
61070, 857
22171, 318
22823, 334
26965, 644
48391, 901
44319, 403
10884, 206
2600, 589
7451, 293
35448, 806
7414, 345
29965, 248
61920, 222
23625, 400
48474, 953
53585, 631
61091, 615
67462, 593
52991, 157
13951, 881
35742, 533
49740, 947
23998, 76
24750, 823
15576, 191
51552, 544
39045, 426
19176, 163
12852, 387
36410, 210
16833, 791
28060, 517
42530, 281
68505, 249
59976, 422
338, 770
46095, 333
64659, 981
27018, 124
45671, 960
65932, 290
68865, 228
38913, 870
68367, 823
22296, 930
17469, 447
20343, 270
64635, 160
50255, 49
14945, 545
24095, 423
17131, 235
16566, 252
28986, 856
47292, 68
59549, 438
57681, 720
36323, 573
6926, 749
4418, 25
1046, 503
66534, 738
12198, 745
2998, 156
59809, 846
34141, 477
46787, 119
60294, 373
27579, 81
67791, 346
43317, 105
18225, 920
38325, 388
62341, 424
9123, 6
1386, 706
34567, 587
68483, 265
35285, 929
57496, 285
25231, 218
10807, 305
23676, 9
12802, 293
20042, 806
57711, 768
31441, 672
22338, 888
54264, 605
32292, 16
42599, 746
51050, 309
32013, 900
14921, 877
39943, 986
30437, 384
9645, 365
45994, 479
54331, 436
46749, 197
16527, 900
30467, 636
8575, 131
29303, 706
45979, 850
48041, 842
39342, 388
20485, 863
57269, 225
41029, 420
28165, 418
17848, 926
56432, 758
12094, 154
48869, 942
69877, 218
48632, 952
59689, 861
39810, 804
29119, 11
24700, 509
5235, 490
68268, 229
60288, 294
26963, 509
8121, 67
7647, 100
12226, 620
49011, 765
3628, 125
16705, 623
67666, 294
34304, 285
49461, 272
5417, 116
49482, 500
27470, 792
21078, 790
7342, 4
47348, 94
53781, 151
23285, 234
64096, 426
58033, 734
52317, 418
8651, 553
23454, 17
44454, 216
36949, 459
68117, 805
53465, 637
15868, 593
17673, 735
54112, 792
68374, 307
31609, 571
43358, 955
34491, 44
61240, 344
10023, 487
40261, 90
4208, 944
45892, 816
20320, 556
16591, 483
21544, 967
9331, 433
49560, 953
51220, 706
4160, 498
18294, 616
5571, 42
51416, 890
13913, 317
19151, 39
66140, 573
48676, 800
28231, 619
31849, 861
26145, 127
13480, 315
54436, 558
52678, 953
36954, 151
14631, 232
11855, 583
39444, 920
20008, 566
51263, 662
53172, 295
35470, 433
41666, 84
61683, 28
69933, 641
20344, 391
44302, 976
14556, 752
69248, 925
51973, 327
49921, 186
42603, 675
33450, 588
64044, 279
3040, 923
2230, 182
21124, 568
51591, 336
57095, 509
33634, 882
23859, 332
60239, 925
66279, 837
67248, 253
48005, 364
31316, 991
34099, 148
56906, 270
4721, 178
7680, 509
66111, 549
8410, 12
33577, 597
56370, 748
28262, 450
37905, 851
52036, 262
33784, 820
69414, 860
35324, 567
38168, 904
46518, 770
28972, 1
41968, 952
35291, 335
19886, 146
68750, 790
42879, 312
39766, 377
59826, 2
34318, 819
13933, 760
11866, 120
38890, 430
39490, 333
19473, 757
19540, 230
52098, 452
24600, 252
52078, 500
16083, 815
57617, 138
7813, 360
63837, 870
2903, 486
5948, 336
3071, 94
66166, 475
28488, 296
69011, 604
25444, 880
42275, 887
19908, 418
36804, 134
10846, 199
59258, 109
49024, 140
31497, 872
1589, 803
24066, 517
17429, 690
27561, 713
66915, 247
38933, 645
65953, 275
29323, 898
25738, 445
28423, 788
11665, 917
18052, 646
22882, 868
8548, 213
1099, 589
40175, 114
17546, 212
47537, 637
68410, 521
54638, 443
65523, 999
15889, 670
26096, 628
25584, 75
33124, 756
20079, 680
69517, 743
61607, 253
20697, 258
1889, 104
60524, 591
6594, 468
25784, 430
2735, 310
32642, 944
47672, 14
13902, 748
24556, 123
67635, 739
44699, 205
22683, 310
38254, 794
18667, 738
26554, 872
40874, 76
24663, 25
60132, 782
49725, 834
58097, 95
62752, 409
12387, 812
34905, 978
68145, 88
20793, 314
30699, 263
22808, 71
6760, 574
9872, 666
59315, 968
23351, 362
36928, 393
31356, 268
61332, 398
10294, 188
12666, 510
15598, 423
29320, 127
7452, 446
15352, 745
30319, 638
40731, 114
649, 472
28924, 700
49104, 763
50130, 769
42479, 358
3859, 697
50385, 460
43142, 65
46028, 994
39562, 898
51490, 289
7038, 964
19062, 45
13529, 23
56869, 673
56478, 130
41448, 49
45723, 259
5856, 42
68348, 678
39086, 625
21155, 25
20495, 785
12445, 931
5991, 173
59263, 658
8647, 69
62586, 725
64732, 680
58173, 340
26905, 6
60656, 125
54636, 172
68897, 696
47061, 105
57551, 367
43251, 208
58284, 489
2554, 155
50664, 976
45251, 323
53489, 555
61816, 660
69472, 603
67357, 419
41533, 141
20005, 856
51195, 549
3814, 973
65395, 49
59879, 493
68556, 216
59719, 406
45156, 255
34449, 955
13910, 682
63737, 537
30497, 655
60789, 739
1617, 773
8670, 324
12406, 637
11887, 162
47199, 951
61797, 286
47182, 687
59260, 41
11294, 655
68723, 247
69842, 214
22016, 70
26040, 757
3322, 911
54460, 840
37498, 326
23301, 646
56982, 67
34255, 516
64390, 621
16212, 228
50040, 632
24919, 18
55974, 712
3403, 477
37127, 996
16203, 710
40173, 720
18538, 329
15416, 487
51174, 533
12060, 876
65004, 65
49996, 707
6232, 680
67760, 891
63849, 360
39390, 152
53766, 699
24383, 475
2912, 506
69269, 500
29619, 783
1698, 337
50051, 992
27744, 820
46472, 894
15536, 635
62024, 30
20863, 359
59433, 428
50786, 573
43564, 797
11913, 118
29440, 345
33513, 610
46423, 113
55699, 89
58436, 903
26665, 873
55540, 677
66831, 796
51823, 749
1797, 465
38287, 419
10754, 768
32748, 456
35637, 620
68761, 46
20251, 612
36038, 63
62236, 590
5758, 618
1542, 126
50143, 367
10984, 675
46855, 707
69027, 1000
68159, 639
9327, 679
7824, 717
47804, 125
4503, 101
55068, 169
22399, 275
50323, 820
9013, 47
65366, 378
64862, 68
38345, 842
32602, 348
61924, 322
63365, 185
55880, 532
57256, 13
22426, 180
9553, 940
59504, 434
12450, 218
7984, 629
19614, 93
59818, 600
51678, 691
6032, 51
39586, 912
60335, 215
56743, 822
59526, 181
55679, 57
66735, 640
33870, 896
47724, 506
238, 424
60820, 861
2348, 493
66489, 510
24031, 544
1112, 424
36840, 453
53456, 156
48833, 38
35799, 73
5141, 29
53470, 827
20201, 970
62562, 535
15984, 668
1696, 972
55545, 224
42442, 300
58122, 368
57364, 311
31276, 504
7169, 351
1065, 120
48542, 272
48227, 127
44511, 585
41272, 733
37813, 69
7022, 590
32546, 23
33689, 264
61983, 441
65105, 160
69474, 730
33256, 505
59843, 813
53064, 199
68665, 711
25028, 994
65812, 364
49983, 749
54998, 273
47109, 876
66909, 53
68650, 5
8786, 267
3740, 631
22810, 6
55822, 425
16087, 98
42284, 40
61352, 704
25033, 406
16966, 132
69971, 676
60360, 882
32814, 235
51603, 453
47555, 633
49817, 402
43609, 505
34433, 468
52530, 714
5588, 287
66837, 956
69707, 356
30800, 776
33079, 141
34855, 433
20084, 965
49599, 941
41018, 373
64593, 206
56775, 653
60545, 283
47547, 254
18226, 982
47582, 429
41551, 658
53461, 994
65649, 716
21137, 814
12191, 374
28286, 166
60741, 585
50429, 39
34688, 46
46896, 52
38452, 757
63667, 437
28238, 258
34338, 886
35565, 923
10616, 117
40960, 53
8025, 71
35684, 597
35566, 764
42695, 618
50483, 944
53421, 356
23248, 563
4100, 137
69120, 361
16768, 447
62020, 32
17016, 330
64380, 799
35350, 923
26825, 550
20541, 608
42256, 66
37268, 27
39658, 304
41925, 391
65296, 968
23817, 214
54429, 939
26016, 496
10963, 380
22321, 235
33159, 884
6365, 81
3905, 78
11466, 89
17216, 886
16164, 399
56235, 358
47223, 691
9186, 173
61889, 84
46947, 41
14935, 736
54927, 654
10962, 4
34964, 664
52845, 996
4816, 752
68231, 357
55248, 697
44776, 298
64806, 989
46342, 123
16182, 635
20538, 50
31765, 360
56339, 641
69733, 958
12386, 390
68285, 51
60635, 130
67311, 266
13012, 975
27481, 803
33916, 520
37659, 919
39113, 645
27765, 781
43158, 238
34351, 665
60993, 542
44696, 472
6435, 431
4680, 584
38823, 467
21633, 741
32614, 596
11952, 426
41857, 195
57210, 494
32972, 383
44677, 812
5851, 441
23615, 871
53513, 742
63484, 120
25103, 294
69653, 495
9032, 89
32791, 902
31598, 67
26892, 370
47509, 892
17714, 330
52618, 299
11336, 608
15407, 195
53955, 190
34531, 144
14552, 843
13456, 103
51573, 258
40524, 65
17516, 478
61664, 860
27025, 890
1251, 95
53280, 568
39583, 743
6102, 6
15394, 885
39180, 666
30871, 634
16028, 120
36033, 605
18046, 887
19966, 46
56619, 161
16830, 757
35208, 95
12728, 436
46656, 882
23341, 653
32336, 450
17223, 562
32147, 674
32163, 88
58630, 436
52491, 466
9077, 63
34454, 536
17115, 411
29643, 157
46435, 151
61219, 877
694, 471
1100, 569
67041, 863
18736, 92
6920, 238
13374, 914
46471, 779
48366, 188
28741, 607
14733, 807
4167, 714
31560, 698
52500, 820
17620, 725
21411, 882
49998, 465
31142, 274
40959, 587
34534, 624
47180, 413
49242, 882
67056, 233
43004, 145
61927, 448
18664, 827
14096, 103
38691, 819
29447, 159
54747, 655
31665, 877
42394, 369
55555, 144
10058, 867
31492, 910
25761, 789
44283, 785
16024, 622
7941, 353
29313, 803
37587, 989
10490, 586
9431, 70
3276, 65
58407, 488
19753, 429
49592, 303
57434, 413
26603, 994
63848, 544
31256, 923
42323, 707
33096, 4
61197, 346
67710, 631
62891, 342
44702, 303
38689, 515
28032, 409
18711, 852
21336, 743
6252, 510
26583, 43
25547, 890
24104, 324
6630, 274
22311, 760
39587, 804
39217, 690
23720, 418
10514, 208
8411, 212
62043, 457
5478, 274
46712, 536
5785, 495
42289, 931
38810, 624
31150, 883
51520, 373
45886, 147
69283, 879
49082, 498
59652, 352
37019, 535
43559, 561
29160, 261
6985, 608
43982, 71
363, 374
20539, 833
26516, 940
1153, 466
8166, 6
30964, 342
587, 967
68243, 364
16170, 238
5648, 411
65895, 419
61174, 711
14090, 626
29246, 668
42670, 296
60103, 522
7844, 539
45150, 786
48065, 705
54124, 634
7840, 25
29030, 669
3370, 390
27198, 285
14537, 124
52058, 370
57313, 632
61228, 442
28878, 540
58066, 261
66543, 504
53664, 192
8386, 265
2012, 560
54127, 444
23745, 840
48550, 209
43146, 499
19550, 338
47174, 767
16604, 496
4279, 892
40609, 532
60903, 879
37269, 541
45621, 24
27542, 418
5812, 666
7892, 444
53808, 609
62585, 776
50735, 805
41390, 139
1489, 910
68517, 310
55626, 788
44864, 383
38164, 538
9026, 467
597, 615
59340, 862
45967, 80
21123, 868
61071, 925
51451, 453
42392, 249
20895, 636
56032, 293
12731, 745
15776, 816
62028, 960
17518, 791
12380, 188
24917, 171
9682, 621
3822, 145
4381, 23
4697, 148
50621, 626
20840, 864
46544, 718
20712, 266
12896, 373
41544, 98
15727, 715
49306, 489
22139, 461
26386, 793
22255, 362
28642, 943
14691, 426
11807, 66
19762, 668
21483, 271
62796, 21
37974, 489
21309, 867
3593, 233
47994, 370
53607, 443
22490, 539
61177, 226
27547, 62
54075, 720
33732, 915
8749, 957
65695, 73
67568, 588
23887, 969
6738, 746
62062, 982
14871, 377
47258, 757
47486, 697
7545, 810
64475, 295
62013, 592
37165, 601
23776, 449
62904, 727
51967, 761
57239, 526
63987, 924
66444, 467
43511, 135
48263, 432
13416, 237
30288, 661
26882, 632
46478, 113
3267, 620
20842, 765
40338, 553
11224, 448
54542, 96
1985, 859
29145, 147
65624, 631
69973, 335
62599, 467
15275, 96
3903, 628
64583, 296
45088, 227
38467, 150
39601, 102
25150, 244
47686, 97
42064, 908
37687, 540
4747, 362
49329, 41
13484, 678
23416, 908
57583, 757
64626, 877
20152, 267
11987, 56
14903, 596
19187, 236
46498, 806
67754, 639
37095, 263
4800, 391
6036, 102
47410, 829
6729, 787
20882, 537
20484, 879
42061, 314
57659, 554
68486, 171
21949, 431
22818, 651
37471, 595
43018, 990
23253, 688
18645, 837
9705, 218
28660, 66
17503, 101
15712, 915
12599, 506
34421, 206
19458, 615
53630, 178
24616, 837
46119, 9
69375, 101
62733, 687
15922, 866
5045, 36
33885, 377
65984, 822
49450, 502
17111, 845
4823, 11
57254, 27
12645, 550
52298, 371
37952, 179
56384, 334
369, 404
2771, 478
54662, 554
14307, 304
28380, 183
15740, 993
42629, 28
52283, 780
29760, 387
23833, 685
50686, 910
33834, 698
5804, 198
37336, 190
1090, 328
12124, 902
66966, 188
34565, 236
52170, 976
27259, 702
61048, 91
16225, 640
33946, 1000
38972, 355
45611, 917
59301, 302
51234, 931
49863, 540
20002, 340
60048, 735
21116, 638
16399, 487
54158, 733
37448, 86
57671, 821
33473, 122
24636, 316
1369, 329
39575, 84
46786, 699
22646, 256
12054, 92
62387, 365
5422, 176
11583, 504
28251, 39
20740, 918
20324, 845
52109, 955
8133, 320
28338, 318
52519, 319
8708, 535
4959, 441
55277, 258
62568, 135
29424, 731
21362, 862
56935, 543
67189, 704
1421, 67
19633, 291
69882, 981
41701, 985
22201, 504
21960, 556
39818, 677
50372, 8
55067, 528
56845, 639
10635, 644
32409, 888
49051, 975
51834, 816
52943, 863
43289, 208
30420, 970
43544, 30
38804, 736
39953, 985
36376, 389
55572, 145
51800, 328
55929, 599
40425, 737
59946, 800
52203, 935
17465, 63
46581, 492
17212, 748
37082, 891
56082, 695
45465, 918
57664, 931
60325, 601
2155, 304
18153, 267
15907, 895
69542, 603
47722, 176
6471, 98
55395, 796
43787, 954
49792, 321
69651, 279
48177, 774
46199, 769
67047, 550
28985, 891
3789, 729
6749, 8
10785, 240
64481, 864
22838, 51
43269, 768
33496, 437
28794, 926
23549, 895
43250, 742
24148, 450
47651, 653
66895, 575
68078, 255
11291, 263
29369, 558
9891, 892
40024, 86
10627, 127
18002, 478
51155, 237
20480, 909
6947, 941
58529, 999
63285, 751
25525, 925
49143, 443
5317, 813
38828, 807
48779, 74
34171, 211
13377, 44
58488, 457
34900, 688
52672, 529
19697, 128
36648, 969
69105, 964
14580, 570
11397, 868
51034, 658
57538, 794
42251, 343
52426, 254
30757, 877
25752, 12
58438, 529
68591, 876
69756, 375
39970, 486
67596, 552
37703, 915
26817, 847
26610, 671
2897, 458
37253, 737
10238, 951
40086, 403
49672, 640
24223, 806
61506, 880
32296, 273
14389, 362
53365, 220
41625, 89
30399, 861
64948, 449
56198, 48
1493, 17
51683, 539
1444, 42
52071, 553
10916, 786
43402, 398
35110, 997
62771, 981
39007, 314
58958, 570
67085, 389
44359, 34
38192, 136
40576, 722
66730, 938
38165, 266
41404, 901
59936, 796
19949, 460
62207, 307
21083, 602
29021, 899
65258, 770
22971, 603
35942, 612
39316, 953
66062, 954
24232, 159
16112, 996
22105, 75
27882, 332
32378, 603
19259, 440
26517, 418
19941, 536
16745, 715
44557, 787
30446, 62
18572, 138
55244, 366
10927, 733
63073, 900
16132, 113
10523, 413
7099, 688
5551, 174
67144, 325
58337, 804
16107, 503
45601, 754
29108, 249
1150, 450
60805, 194
51231, 648
56734, 162
15093, 192
68239, 14
44526, 470
13349, 305
4670, 147
62413, 95
42414, 813
55906, 187
14989, 623
53782, 400
58698, 351
36992, 510
12096, 834
30431, 135
27625, 693
22571, 436
39481, 324
47619, 573
40367, 803
61518, 71
18140, 139
56545, 93
13439, 421
66847, 489
6461, 446
52803, 348
53887, 47
43398, 501
56657, 123
8302, 775
10947, 22
38776, 354
2315, 150
9333, 20
24405, 538
62455, 311
52538, 419
51557, 805
31794, 953
34074, 27
59718, 849
50318, 925
14873, 594
40355, 791
10085, 875
36001, 389
1780, 393
10751, 294
29305, 356
49808, 726
52981, 848
21440, 947
46850, 355
38595, 383
9394, 442
35139, 882
39795, 959
12867, 321
15387, 479
33964, 933
1002, 32
12790, 352
67956, 326
50596, 88
50884, 694
25168, 949
11300, 112
41241, 705
42552, 489
10010, 354
52154, 837
32757, 805
56677, 72
47340, 750
34105, 760
48773, 46
45487, 549
60255, 333
41365, 931
13580, 531
65697, 869
38007, 680
14356, 432
48985, 258
26718, 417
4940, 667
22531, 145
41565, 957
30283, 223
5331, 693
38874, 680
32102, 895
66695, 423
33725, 753
34764, 58
23992, 315
402, 893
64962, 514
40828, 505
55042, 795
61493, 824
46922, 676
60739, 473
55007, 414
22112, 266
50848, 685
40989, 497
5916, 254
68002, 315
58944, 39
34946, 538
51939, 227
44003, 121
60564, 637
58117, 724
29765, 365
7380, 429
44691, 815
61929, 640
27065, 845
55749, 504
51290, 656
46404, 578
15081, 786
42463, 702
6526, 824
17200, 651
59191, 191
49040, 931
54504, 82
11625, 796
55353, 726
49639, 430
28236, 312
64621, 537
34272, 487
4017, 248
2694, 983
56055, 15
40896, 24
67101, 379
55811, 133
34577, 844
61847, 409
65339, 488
50864, 394
68708, 246
12990, 468
60074, 980
5774, 453
66820, 695
17803, 148
40605, 176
57065, 736
10326, 401
46486, 105
25516, 345
46839, 911
61618, 199
420, 610
25322, 371
17687, 147
65909, 629
59456, 14
27443, 742
30338, 769
31382, 898
7828, 126
16633, 687
203, 557
2299, 296
1016, 749
4872, 163
53933, 206
7333, 677
46602, 43
4830, 191
30110, 141
36360, 293
34997, 604
6755, 197
18435, 498
7912, 280
62385, 942
1758, 466
51348, 436
17663, 942
31275, 193
57527, 518
56374, 907
14358, 997
32801, 407
58627, 892
39019, 388
37027, 477
29534, 222
16622, 259
49112, 576
34231, 622
29316, 848
13564, 632
6596, 443
22742, 675
629, 449
34823, 840
65337, 928
61608, 265
27125, 835
47698, 366
37924, 781
45889, 457
3422, 120
39581, 634
61892, 622
60363, 765
63347, 505
46061, 245
60918, 120
21018, 22
39080, 964
36513, 397
29031, 466
8824, 2
46940, 358
5098, 551
33486, 609
27205, 848
44277, 747
5060, 910
9655, 344
6061, 912
40159, 697
5754, 247
1821, 804
19881, 260
33453, 932
32501, 856
61078, 462
59795, 33
25021, 426
55909, 729
14981, 283
16821, 424
51568, 734
9893, 120
40368, 787
59396, 980
48524, 61
22158, 235
41074, 280
3269, 35
65184, 434
27785, 906
68342, 529
35675, 842
61255, 508
35321, 729
10943, 268
15867, 280
69738, 358
48044, 896
24897, 120
43434, 695
22529, 604
49057, 76
20068, 517
9826, 723
46796, 161
63086, 612
56698, 734
17616, 868
2904, 937
29920, 378
32236, 332
20760, 648
10967, 735
44796, 496
23596, 241
32173, 419
28297, 570
20861, 272
20809, 855
41181, 194
19398, 933
58904, 716
8926, 795
64803, 865
26193, 45
33565, 710
64869, 482
45085, 673
8250, 868
47322, 432
27909, 561
37545, 36
59911, 26
67849, 513
64931, 792
11275, 29
48621, 623
10002, 521
2418, 747
38314, 789
6476, 688
11216, 262
24471, 209
16331, 147
27834, 253
11608, 556
36592, 462
59971, 513
7919, 197
22147, 306
30462, 646
13921, 752
54606, 891
68890, 717
4345, 988
69004, 560
15129, 164
35982, 900
57643, 490
29896, 694
34465, 194
29139, 421
64321, 288
31099, 728
51479, 573
45244, 64
25115, 20
69418, 980
4286, 165
25698, 477
2351, 206
36590, 750
12084, 477
67981, 708
17049, 645
668, 238
45829, 729
66628, 106
17021, 745
10880, 355
38589, 49
22417, 934
7427, 846
17634, 256
69637, 579
56700, 545
65623, 115
28833, 610
55462, 261
22046, 550
46126, 189
29924, 308
14283, 358
19850, 44
53763, 210
43682, 430
63790, 382
60260, 885
8123, 253
9942, 403
17500, 216
12173, 860
46307, 899
50703, 430
61021, 39
39920, 424
16522, 229
55076, 330
43138, 235
55459, 436
22494, 877
59020, 233
40835, 707
27613, 336
22909, 94
43315, 821
31725, 843
18065, 113
33002, 947
10235, 629
65211, 679
32549, 557
59547, 660
49269, 45
15027, 689
7859, 492
2310, 526
5802, 796
8984, 738
9519, 713
60504, 399
57066, 166
2079, 304
68971, 321
43695, 838
8896, 379
9301, 851
56718, 967
42602, 946
51298, 72
24116, 153
51715, 846
1577, 199
30345, 105
28573, 486
24111, 72
5169, 630
64079, 122
1237, 367
8711, 23
38101, 538
39294, 899
34026, 493
5715, 139
65345, 580
6341, 999
57969, 623
18590, 645
44477, 187
45141, 880
66960, 929
65218, 664
68358, 554
25498, 756
15103, 533
20748, 1000
31530, 857
65212, 608
14188, 60
53685, 273
26234, 224
33325, 738
20847, 176
46085, 853
49327, 281
57194, 388
52262, 849
10377, 82
12001, 347
37474, 871
12523, 674
3047, 417
35968, 704
47814, 895
60615, 723
26816, 424
18777, 547
1190, 825
58038, 904
55227, 660
26555, 439
58417, 401
24021, 181
42459, 503
20648, 202
45913, 634
40668, 846
41530, 719
66352, 280
19006, 58
36140, 821
9653, 867
34948, 359
39226, 837
62014, 631
32617, 989
2298, 775
11039, 898
16721, 55
288, 894
68035, 321
28579, 339
29742, 863
66332, 656
26064, 810
69073, 289
23114, 594
11282, 653
20713, 77
30158, 949
57887, 644
60938, 440
69816, 282
10024, 276
57050, 198
53417, 783
27774, 957
63492, 357
14637, 495
29318, 377
65042, 723
7021, 340
10437, 696
13514, 443
58486, 768
32539, 503
16578, 415
25414, 531
49848, 560
10396, 385
214, 247
49572, 674
23898, 759
45508, 631
50940, 398
45638, 583
23926, 186
1912, 627
5801, 68
16778, 653
2631, 551
5993, 625
34714, 531
66205, 109
37012, 4
6753, 618
189, 621
44230, 23
29526, 83
34643, 307
38315, 367
996, 822
18653, 556
37739, 256
48884, 516
39383, 754
45200, 319
69438, 111
37873, 476
61502, 446
56966, 804
17718, 531
46708, 567
43957, 710
44842, 722
29429, 616
25621, 58
58930, 318
30201, 512
34508, 178
54536, 50
58817, 895
9091, 0
13681, 670
65525, 562
26987, 800
29726, 654
30485, 674
66028, 827
37126, 274
40098, 298
14515, 639
562, 658
28820, 120
62767, 173
7293, 278
51177, 259
30178, 461
316, 7
22550, 127
17162, 655
32561, 770
20403, 963
64374, 945
11552, 628
13792, 134
60269, 257
40032, 729
3234, 192
55847, 934
7272, 693
40069, 408
17172, 916
21841, 966
55890, 646
19204, 199
49667, 632
20162, 393
3051, 565
48459, 418
55919, 403
14158, 21
15771, 385
18682, 68
14837, 137
58005, 146
23318, 787
2268, 807
1217, 434
12719, 342
51873, 952
2602, 581
21729, 842
740, 229
19096, 720
10303, 435
39031, 724
29076, 462
23172, 474
59449, 233
46441, 256
66731, 516
69782, 923
49743, 655
17283, 717
65904, 302
45844, 566
41989, 98
65305, 888
22668, 724
6838, 830
52429, 962
5272, 612
68457, 72
50521, 576
46657, 610
3292, 945
13812, 196
62968, 308
55759, 174
33972, 962
47173, 757
58968, 722
65675, 272
8741, 27
32709, 560
34738, 842
10144, 210
56615, 882
44787, 589
35402, 197
37536, 425
4836, 543
44473, 896
25610, 888
28206, 981
53389, 508
28006, 250
59199, 497
65687, 876
44993, 636
58945, 431
21127, 564
31595, 141
7201, 717
30525, 348
24930, 760
2069, 842
52166, 264
41114, 373
9736, 996
25203, 645
26343, 499
54763, 711
163, 483
62057, 827
27914, 514
9159, 983
38478, 325
4784, 676
67692, 71
5639, 258
27005, 850
28602, 635
14982, 921
8770, 123
48548, 357
53450, 114
11527, 815
32046, 211
36125, 829
15486, 277
44844, 231
38083, 581
56824, 702
12582, 194
3084, 924
2690, 947
20174, 685
43292, 170
14116, 647
50750, 467
28711, 69
38560, 679
1472, 382
52569, 327
66349, 587
26871, 173
492, 972
13819, 464
11183, 716
45643, 165
23912, 1000
2713, 328
43648, 37
35131, 552
52522, 96
58461, 791
51990, 330
9258, 452
10143, 311
25309, 495
62391, 343
7192, 143
69609, 132
65460, 777
67936, 876
60084, 25
57947, 174
12883, 753
26529, 21
67110, 243
23475, 956
25053, 282
64982, 570
42030, 136
44394, 680
39527, 575
17870, 774
50933, 534
28841, 645
24502, 719
22537, 319
43502, 949
54279, 49
31058, 38
49145, 492
67124, 633
35351, 882
38174, 176
50074, 828
43903, 851
33, 199
38364, 264
44881, 477
9723, 349
55854, 369
52366, 843
4113, 63
59073, 263
63033, 824
61280, 829
35069, 830
65350, 328
13103, 687
11839, 369
47787, 294
47194, 810
1460, 936
13371, 336
22049, 647
44211, 964
23378, 353
36491, 207
1278, 465
14409, 220
45100, 342
61039, 213
52313, 867
29630, 634
59313, 397
61962, 309
34380, 422
34773, 567
14131, 96
17303, 322
10145, 56
37054, 596
23942, 550
53042, 614
753, 209
26652, 409
46470, 228
51749, 821
54425, 88
53713, 728
3742, 114
55656, 25
43114, 796
50769, 953
56175, 900
18818, 810
6915, 522
53642, 548
64492, 19
17631, 346
44924, 505
5539, 582
35224, 202
5469, 851
7796, 674
22640, 139
21139, 603
68729, 756
62748, 181
8706, 54
55975, 356
43062, 796
36749, 94
51382, 620
14546, 648
47457, 143
23569, 72
287, 690
44632, 949
75, 754
29445, 904
64452, 515
18632, 885
6692, 296
5357, 921
9525, 954
16103, 733
20146, 576
69176, 313
27681, 674
41549, 141
28172, 354
57480, 77
53786, 92
9243, 900
7463, 268
32729, 878
51086, 769
18795, 298
26391, 38
58272, 459
60768, 699
30457, 272
62892, 984
53813, 669
43634, 722
9015, 214
13191, 495
18690, 643
48355, 264
8258, 225
45045, 35
41373, 37
5438, 118
50496, 951
57506, 914
13457, 533
6225, 928
28182, 391
40170, 597
65908, 589
39846, 288
49387, 55
13304, 141
7043, 316
5180, 478
58248, 970
55785, 430
32744, 302
60241, 968
12776, 651
31886, 161
16559, 899
18411, 20
29312, 139
63716, 243
27405, 103
48247, 499
42248, 107
4417, 218
61658, 992
60496, 161
53762, 565
49001, 920
2463, 642
54623, 737
65731, 899
5210, 684
65359, 523
24719, 392
58084, 717
53168, 681
29468, 101
21270, 170
44294, 938
7168, 628
34045, 170
11701, 662
34165, 828
30511, 886
51872, 691
49670, 216
4280, 609
45241, 405
2206, 635
31494, 796
22140, 403
66884, 102
19945, 51
45423, 378
12914, 289
60948, 341
22481, 417
45597, 666
55437, 884
15401, 513
35554, 524
59159, 133
8145, 98
23465, 97
2082, 66
18592, 529
21673, 550
30108, 284
46151, 466
14244, 602
44646, 538
36616, 484
23104, 84
69557, 231
16787, 159
12101, 90
56507, 649
21497, 295
60317, 755
15166, 2
19351, 92
26389, 673
69434, 772
38107, 413
15174, 353
67099, 291
52890, 93
1436, 907
29325, 507
15165, 200
68715, 838
26869, 831
3525, 144
22959, 897
57919, 285
12246, 660
27254, 835
48085, 246
9946, 938
16805, 445
9003, 952
26231, 957
47625, 447
42821, 859
20085, 524
54827, 706
34907, 588
65718, 823
61126, 233
57990, 75
12707, 713
30216, 465
24805, 983
27842, 497
35499, 897
28056, 933
19686, 974
26123, 526
43259, 631
6737, 703
26077, 874
37348, 116
53281, 21
8260, 738
44990, 624
8479, 124
69080, 770
22902, 357
12271, 785
16241, 325
39097, 401
39359, 849
46258, 749
2396, 908
34175, 356
38726, 651
27813, 980
9996, 272
53152, 948
8746, 772
20505, 92
10075, 199
17710, 214
36825, 787
49041, 244
46479, 308
53858, 370
4532, 741
33237, 267
35823, 140
35187, 117
18487, 739
7472, 883
27657, 698
42901, 34
14030, 949
27458, 675
7614, 266
29499, 967
11108, 926
20246, 899
18304, 534
4071, 872
31797, 764
5246, 643
42116, 427
52337, 535
61909, 241
9688, 228
40486, 576
68671, 805
50715, 208
11442, 595
52816, 870
52309, 359
66858, 441
13679, 164
42123, 546
22670, 789
30070, 829
30322, 40
57640, 285
68040, 137
27768, 767
27835, 458
8627, 425
29644, 886
24058, 559
44100, 991
11931, 546
8374, 600
32928, 109
35455, 179
56054, 783
5883, 812
20249, 371
30166, 400
17276, 51
33015, 824
48961, 287
35814, 805
53106, 665
62136, 672
46230, 316
26189, 435
58412, 592
46487, 25
11589, 651
37359, 731
6649, 585
8463, 158
61348, 33
63720, 429
46930, 352
34057, 585
34009, 555
69670, 12
26915, 708
61589, 321
3804, 780
61349, 598
53015, 748
20414, 498
66734, 609
10328, 184
7508, 171
20410, 832
32934, 168
36819, 853
54485, 349
44626, 170
36194, 134
19127, 797
45431, 784
4391, 0
64750, 331
18085, 498
56678, 697
20363, 460
62938, 388
1804, 744
49886, 522
10521, 753
13535, 46
32463, 20
2005, 618
19944, 664
57319, 85
64280, 778
44709, 93
43531, 293
22523, 197
11815, 704
36811, 220
22900, 63
14143, 135
1290, 434
59387, 471
10247, 543
113, 830
61640, 281
51651, 718
66150, 94
63982, 669
64661, 523
24295, 105
22687, 980
2940, 400
18426, 54
24242, 286
42263, 487
39508, 839
40185, 768
43139, 327
26866, 991
25790, 464
39188, 526
5360, 601
64128, 212
10526, 90
67540, 951
29098, 119
31361, 964
67032, 519
44561, 646
23442, 612
50902, 804
46176, 147
14692, 0
38230, 911
26213, 765
11451, 820
55715, 93
68847, 854
58683, 690
50052, 733
41064, 850
59482, 209
51855, 4
41035, 51
8183, 768
37898, 553
6201, 31
45106, 733
39387, 385
14822, 432
51440, 824
60373, 471
39352, 314
61738, 380
57131, 375
6808, 312
7675, 544
14517, 461
63699, 963
29741, 298
58453, 680
38070, 132
57863, 533
48070, 851
1514, 775
5386, 857
9313, 991
68580, 41
19857, 354
67683, 488
56592, 687
46003, 441
3250, 672
35556, 129
34503, 943
32886, 131
56529, 222
31357, 460
24470, 328
56273, 488
8457, 203
43028, 197
30673, 351
53400, 365
43196, 143
33835, 396
65118, 139
1569, 979
15019, 593
44403, 723
15949, 864
39347, 203
3475, 187
16839, 27
31194, 437
45890, 668
30982, 80
6378, 137
10525, 983
8321, 984
23388, 43
12795, 178
38974, 328
52630, 128
37939, 903
61729, 836
60464, 603
12752, 395
12946, 127
26137, 800
32833, 454
59994, 63
11242, 383
5902, 387
53684, 939
60153, 827
41231, 161
20365, 327
6318, 596
56643, 531
17878, 627
24092, 236
25990, 977
12040, 549
30092, 469
34736, 103
64406, 747
14818, 301
61471, 855
31193, 245
35277, 179
43857, 513
28295, 744
1288, 47
5464, 20
15845, 879
60536, 951
43767, 962
7326, 1
38751, 450
29787, 847
42501, 661
26597, 116
28603, 106
21986, 48
27667, 223
69160, 96
22099, 912
49451, 437
41059, 678
32965, 142
41816, 691
30971, 465
44829, 939
62808, 554
19173, 499
56706, 953
26275, 734
47667, 58
65181, 137
57183, 997
28865, 871
53593, 963
8942, 84
52254, 481
55268, 986
61097, 686
39168, 255
8737, 307
49469, 808
40377, 626
9389, 753
41998, 401
22769, 697
15175, 274
6768, 805
65827, 404
16045, 863
8998, 869
24548, 264
59188, 696
30036, 520
15390, 19
69838, 661
49864, 209
29779, 22
49688, 52
17764, 332
60764, 251
12434, 854
66439, 812
63810, 636
45678, 695
69767, 367
67677, 712
64839, 796
28652, 413
37277, 712
50034, 880
20908, 363
24076, 427
51853, 401
40122, 701
29933, 669
67219, 200
31534, 595
26584, 49
50777, 567
38866, 150
52284, 862
20045, 447
36162, 908
15686, 523
64554, 222
38080, 568
56019, 862
49499, 726
7115, 288
24020, 933
51429, 442
36295, 839
44756, 430
51908, 487
20647, 417
49131, 425
13233, 23
52785, 753
7532, 124
35977, 83
39478, 774
4949, 467
1012, 733
65419, 581
6761, 374
2446, 861
67892, 884
50102, 311
22195, 607
20790, 875
14559, 545
47614, 8
41407, 235
31577, 287
34865, 509
67930, 423
3677, 715
51796, 707
34658, 990
52361, 899
11200, 527
6955, 803
57080, 866
24408, 843
25898, 468
51781, 202
68203, 640
47444, 685
7369, 792
19990, 880
4754, 869
2697, 223
30311, 960
30656, 417
21332, 170
46854, 269
30376, 881
6451, 479
64708, 994
3222, 190
25834, 546
2661, 489
32632, 641
3208, 990
45527, 404
58362, 257
29091, 55
41915, 558
21726, 966
65638, 191
45719, 961
9403, 902
41040, 930
64318, 269
52610, 228
62456, 313
51354, 593
62839, 382
21700, 946
53667, 466
46782, 86
52143, 564
28119, 264
42747, 894
47275, 413
50273, 274
30307, 494
34050, 76
2260, 414
51594, 401
63590, 180
48309, 684
55304, 526
60794, 3
48989, 973
42945, 861
65637, 983
67053, 494
26736, 181
16658, 479
4793, 503
6099, 351
58721, 703
56439, 668
804, 619
55142, 413
26039, 266
38445, 424
51027, 668
47634, 556
61844, 725
30566, 579
65721, 722
56482, 546
49890, 340
44270, 871
11663, 579
18985, 684
12284, 209
61769, 812
5385, 462
17024, 146
47600, 267
51109, 559
52373, 692
1865, 367
16519, 938
2609, 679
56616, 249
2163, 279
54498, 897
69945, 392
3846, 686
69806, 623
54774, 624
58322, 417
24894, 385
50663, 728
11420, 627
53126, 742
53804, 653
44925, 562
48526, 114
31913, 61
50172, 709
30413, 976
13058, 34
32523, 58
31556, 933
55723, 339
35739, 366
69147, 574
66977, 912
58095, 239
43234, 400
44234, 976
69021, 550
11909, 575
53344, 147
44499, 258
51837, 948
32215, 896
59223, 800
21522, 630
24253, 375
27016, 14
14315, 351
49183, 862
59278, 742
68406, 235
2497, 280
61922, 280
16502, 274
4130, 345
67946, 204
16049, 769
46206, 726
900, 740
64753, 661
16729, 747
69809, 782
58451, 567
29157, 493
44115, 486
47336, 844
29846, 142
53241, 165
21920, 479
52342, 109
58786, 517
63788, 228
51535, 435
47613, 219
26602, 836
45599, 132
23310, 446
62302, 791
42805, 639
49363, 320
318, 268
26553, 340
52532, 841
1267, 573
28460, 387
30003, 618
26252, 687
52319, 360
27794, 47
22777, 910
41812, 668
68560, 860
45128, 622
67750, 466
34924, 265
42767, 339
24363, 427
60262, 9
3445, 529
22917, 937
56789, 276
45361, 205
36477, 868
34073, 759
33345, 864
54946, 404
22721, 796
57324, 721
44551, 484
25689, 923
12891, 654
48517, 121
8800, 189
29059, 764
18671, 718
69703, 231
63204, 594
19897, 271
789, 944
49129, 697
32718, 537
20860, 535
18283, 590
28068, 176
42223, 550
62082, 887
28191, 381
58008, 665
28461, 832
9335, 353
12224, 11
18530, 265
56425, 959
12508, 976
65194, 401
8603, 123
12091, 900
54986, 241
40134, 680
52667, 303
63130, 306
37552, 321
42597, 586
27979, 420
57627, 408
37079, 790
63968, 244
58509, 98
35895, 86
24530, 655
48803, 312
50033, 812
64929, 630
64581, 337
43121, 484
56404, 742
40829, 260
58999, 512
5693, 492
53723, 712
55995, 888
32087, 958
14207, 469
34806, 549
20089, 43
45197, 855
42156, 1000
36119, 395
3024, 976
22924, 932
7396, 599
7623, 199
6054, 338
65974, 369
63525, 65
47184, 566
52194, 994
13881, 392
4639, 476
18620, 867
40701, 443
50285, 217
3143, 826
6840, 517
41361, 8
59350, 454
40505, 594
19419, 333
63110, 138
49141, 843
61581, 750
25880, 737
59599, 811
62701, 894
67765, 458
52534, 37
10503, 169
67052, 839
20479, 852
50545, 393
40038, 288
8238, 342
60828, 401
47559, 111
6675, 659
55237, 216
32958, 504
63040, 658
44892, 569
28026, 682
33897, 470
29002, 873
52612, 366
53738, 770
51702, 359
36019, 168
52448, 380
43630, 747
5031, 105
53113, 842
63919, 489
23600, 205
8376, 148
18274, 475
51792, 838
38649, 635
59877, 212
49694, 627
39285, 367
11577, 226
19563, 515
31184, 480
43763, 788
22328, 272
10834, 874
23672, 856
63692, 534
50939, 840
1509, 944
64268, 338
3313, 250
23403, 231
27320, 961
4624, 302
58321, 480
63133, 360
61874, 361
61884, 76
25058, 205
30737, 215
20193, 411
10631, 8
47563, 742
42673, 229
8671, 989
28724, 883
27286, 228
55358, 322
49247, 761
4363, 796
13295, 854
63729, 612
18915, 330
3681, 176
45068, 449
43983, 450
40254, 749
28158, 362
17337, 825
30893, 251
1168, 739
30486, 670
467, 440
28340, 12
44031, 418
1287, 459
44747, 62
768, 866
52770, 385
41256, 295
10178, 238
29383, 788
46857, 376
57033, 954
20172, 984
15997, 310
22058, 941
29212, 927
21710, 528
53263, 24
24181, 751
26405, 932
52504, 971
65574, 685
58240, 533
57743, 73
63176, 65
33789, 536
5433, 759
15729, 679
40588, 841
67931, 26
1812, 613
2141, 522
55591, 301
15207, 990
68465, 255
13937, 758
52738, 519
30346, 993
16999, 291
44882, 895
51784, 250
25968, 121
26168, 805
3825, 650
6344, 955
6379, 468
4613, 249
13448, 586
62888, 516
18394, 540
36396, 360
28584, 745
43414, 184
37685, 637
1773, 405
60984, 716
65028, 393
27663, 122
46188, 314
23190, 229
66291, 754
42892, 570
43509, 66
5796, 189
41408, 282
66371, 466
63289, 621
49067, 260
42705, 174
27088, 479
54594, 311
64070, 423
32263, 306
40092, 479
47085, 976
45040, 446
23782, 788
63139, 225
15408, 734
58819, 56
54043, 313
63469, 272
40493, 444
1061, 854
3783, 413
36459, 754
9484, 597
40111, 394
1851, 4
45972, 731
51110, 559
3695, 555
67928, 658
46439, 318
30787, 502
30864, 772
27958, 121
45691, 5
46123, 341
67781, 348
49130, 743
57036, 363
14370, 722
64513, 650
9154, 430
53590, 376
26585, 639
41405, 338
47812, 5
2187, 404
61612, 52
53283, 283
16973, 6
3493, 879
50859, 329
49543, 462
41145, 434
22491, 826
39868, 539
10921, 148
6497, 703
34469, 285
60415, 583
59040, 46
59934, 768
48442, 7
18346, 363
7949, 322
8996, 519
5590, 567
34095, 979
68805, 576
11519, 330
14114, 512
61584, 431
24718, 884
33846, 259
55953, 469
63310, 484
36594, 642
42998, 314
1829, 184
25223, 968
61770, 693
25976, 708
38347, 625
36087, 550
3148, 152
63785, 417
54942, 266
23939, 825
36401, 500
34587, 371
31168, 436
64642, 679
57586, 474
27109, 224
32653, 674
8617, 937
45441, 640
27472, 524
61643, 781
12470, 38
33285, 557
34319, 699
17971, 560
17300, 657
50658, 124
12516, 131
68169, 78
49208, 941
4360, 52
54731, 753
8529, 987
62044, 80
22997, 459
55312, 606
9427, 767
32393, 845
44763, 889
34854, 981
12456, 992
20546, 829
29371, 718
65205, 388
25945, 233
3168, 144
47954, 723
63878, 554
3791, 444
30084, 875
14756, 803
44453, 678
47612, 470
22660, 760
35281, 74
45377, 265
46480, 971
46901, 194
18684, 910
23139, 200
2201, 248
17133, 848
55631, 909
27589, 340
60735, 322
67664, 773
9298, 768
32572, 595
13513, 963
27864, 691
22474, 220
27845, 73
63967, 748
42360, 762
31076, 818
30192, 624
46150, 659
37200, 687
32206, 56
59592, 676
42944, 951
21631, 611
42883, 577
61277, 14
18562, 390
69757, 327
66643, 235
39126, 836
15488, 772
47478, 940
17629, 733
54569, 112
38195, 428
7634, 575
64720, 136
2229, 426
52827, 267
67430, 590
46605, 287
46115, 645
32804, 535
53710, 714
18289, 603
51965, 360
13695, 312
49368, 206
57723, 562
28643, 32
36431, 627
38380, 751
17766, 591
30820, 430
16382, 183
14747, 476
58320, 1
19007, 651
21694, 964
7543, 128
34694, 790
52987, 344
58439, 23
36713, 364
28553, 98
69180, 68
794, 996
15152, 908
61716, 305
16240, 279
63125, 668
39075, 855
61991, 903
42040, 961
41329, 268
41469, 331
69588, 815
37895, 839
30804, 294
24762, 790
60784, 198
64831, 531
43389, 245
46268, 987
26969, 556
46010, 781
26251, 373
55655, 584
60847, 604
49579, 669
62139, 542
24782, 291
42130, 603
45770, 173
43385, 350
9207, 308
59672, 994
66938, 25
28089, 997
41357, 835
367, 305
44564, 355
18054, 196
56099, 261
28645, 513
41120, 294
9292, 614
69377, 377
47710, 810
22557, 216
3135, 335
31288, 505
54811, 453
30648, 382
34586, 289
24202, 990
12148, 561
47060, 350
14293, 636
18343, 679
7374, 920
40688, 967
66498, 939
66611, 617
39042, 654
50649, 566
16638, 940
38857, 657
49089, 416
16837, 701
6414, 200
39969, 82
9561, 465
67387, 440
42758, 90
25013, 814
69284, 28
69543, 423
58093, 688
63069, 890
513, 594
2842, 538
3301, 903
56456, 924
64144, 803
15578, 285
31648, 200
56291, 353
46051, 594
44486, 411
48377, 64
39083, 551
28178, 172
25502, 464
56776, 104
35298, 382
22238, 38
10218, 156
63836, 750
34821, 134
11087, 585
68043, 362
60154, 249
38248, 584
54992, 904
300, 33
64512, 619
49865, 617
17543, 312
12373, 148
5844, 67
1377, 379
25257, 822
17355, 822
39715, 502
35707, 452
19502, 735
24694, 284
34725, 617
28835, 614
1881, 967
7646, 367
6797, 843
39813, 359
69982, 394
19638, 312
50405, 448
58647, 862
57345, 968
14256, 29
49256, 359
13908, 834
25929, 727
23315, 37
28535, 511
1948, 479
27696, 917
54878, 968
56447, 353
49519, 619
42389, 239
3693, 499
33722, 467
57348, 827
54782, 788
67179, 158
6934, 465
7283, 811
49215, 218
54609, 919
44816, 106
14144, 986
32889, 160
56756, 69
3737, 719
7282, 573
40082, 834
38827, 478
48951, 49
18420, 214
10244, 764
66274, 601
40563, 323
34662, 157
50872, 554
21207, 777
3767, 756
36809, 850
50531, 381
43907, 54
55963, 955
53671, 339
59454, 431
12849, 850
40297, 327
63798, 158
37281, 374
68300, 83
62292, 626
50121, 349
13741, 443
16975, 749
16632, 434
26329, 949
42151, 245
3782, 701
2965, 475
28351, 763
57417, 958
13685, 686
52757, 649
21404, 129
33551, 396
9760, 1000
67435, 817
29513, 347
44828, 260
33231, 917
1772, 948
69135, 514
58425, 822
23540, 908
6424, 856
18579, 873
18146, 994
10717, 806
42496, 488
10922, 769
55829, 315
67986, 260
907, 445
28887, 731
37992, 872
43849, 95
33984, 235
6116, 658
56715, 140
14911, 893
34041, 458
1892, 341
39995, 244
37458, 684
34423, 187
50974, 238
8, 892
62027, 688
9514, 523
18253, 485
2042, 786
49800, 289
44498, 719
42719, 763
51010, 347
54487, 383
55410, 50
50383, 682
64898, 779
66090, 258
1265, 723
21606, 260
57369, 251
23704, 8
49073, 620
50556, 190
16041, 187
48978, 359
6931, 136
62440, 743
41501, 674
48137, 403
16739, 576
24630, 29
63122, 183
64434, 244
22475, 799
11393, 850
46252, 712
36047, 312
47228, 952
67397, 489
22825, 85
808, 277
38848, 896
55388, 296
36732, 445
22369, 936
22862, 833
2518, 542
67906, 121
2688, 594
12743, 999
42653, 972
16129, 673
51825, 302
68625, 472
63348, 67
34400, 349
35178, 642
13736, 165
10185, 38
17174, 523
20210, 647
62761, 507
31905, 919
18043, 220
68686, 426
4174, 285
66335, 538
17622, 642
9700, 438
65230, 174
53803, 855
8143, 328
47862, 288
153, 972
6421, 819
8773, 250
19517, 408
57471, 325
36808, 329
64106, 368
55318, 280
27004, 685
596, 389
8665, 923
68491, 505
29914, 561
60935, 276
64945, 3
65990, 862
889, 547
14490, 853
28190, 482
40642, 428
42226, 553
10805, 671
57680, 338
59819, 45
33357, 848
44592, 290
45805, 110
53769, 493
66287, 563
68096, 181
22611, 698
63566, 221
50921, 636
69967, 241
69212, 214
61822, 566
12058, 682
40119, 230
67720, 347
13275, 748
52222, 612
50525, 796
14647, 251
13389, 638
68668, 540
21683, 835
26392, 76
2486, 694
18470, 906
26107, 167
29411, 195
15442, 205
22605, 989
14, 262
50461, 947
66513, 679
21890, 152
5798, 830
8843, 396
67495, 826
24980, 523
765, 640
44729, 860
61981, 530
50419, 981
9010, 414
44731, 701
2471, 563
67278, 360
67330, 801
28706, 107
50319, 981
60221, 277
10254, 354
24233, 230
16289, 846
52085, 96
54081, 70
45013, 237
19718, 103
12031, 327
33786, 234
69369, 684
31480, 94
55409, 447
44349, 33
54032, 259
55241, 718
5595, 791
26591, 87
43013, 628
8264, 645
37595, 23
16472, 980
64266, 696
48637, 425
51754, 556
64616, 928
6326, 393
42794, 210
14653, 905
4207, 906
16315, 971
40976, 987
56567, 843
23455, 496
41280, 810
64722, 460
15398, 11
40762, 680
63036, 376
54209, 812
3799, 300
25950, 979
35468, 880
12568, 335
57916, 597
19763, 168
2133, 711
57042, 785
18886, 25
29240, 463
45873, 107
46776, 608
28318, 863
12379, 50
27734, 633
48793, 404
28268, 315
65811, 575
9462, 147
32332, 974
34479, 369
6828, 515
54565, 744
57570, 796
45063, 932
12938, 330
5880, 586
37061, 938
31952, 569
43912, 669
35534, 659
23736, 830
22713, 772
19646, 536
14255, 508
10459, 825
3757, 668
9295, 157
15550, 214
48781, 53
34128, 47
48414, 36
40280, 195
57474, 765
5686, 872
11673, 807
54924, 311
48564, 989
57320, 407
37099, 831
59463, 143
58980, 443
18764, 898
16534, 170
64926, 980
47692, 460
49548, 570
51836, 434
25087, 5
32351, 124
52253, 147
4794, 884
4978, 204
46763, 925
4015, 91
48496, 246
10171, 464
37460, 643
10286, 454
19283, 331
68688, 698
39254, 720
33175, 244
13661, 889
61221, 893
35356, 760
55255, 443
58389, 986
42242, 592
50315, 195
42320, 913
61279, 167
29412, 937
44341, 602
28134, 404
59575, 255
45, 451
48307, 56
36126, 713
18016, 861
64085, 97
54583, 788
16248, 892
38019, 271
64445, 142
65363, 153
20298, 806
6197, 450
15667, 231
3397, 733
35993, 520
42943, 388
1184, 571
33545, 210
18458, 406
45813, 39
61734, 582
5219, 954
41867, 7
24895, 955
23816, 612
36081, 589
39719, 107
21271, 736
50199, 730
35769, 881
11656, 897
45139, 992
36821, 204
10561, 419
14655, 777
43845, 866
25313, 66
22163, 822
48981, 43
57448, 827
11231, 617
26399, 330
42515, 389
29790, 904
25352, 937
49405, 162
43284, 785
48501, 74
16722, 461
2648, 296
21053, 517
57944, 455
3319, 233
36161, 301
56870, 85
57439, 657
46980, 255
22130, 763
35920, 137
16684, 953
43862, 45
59439, 573
33671, 415
47732, 176
8242, 242
51574, 669
55636, 581
67860, 651
47377, 705
9070, 304
9690, 877
13477, 443
64342, 460
51860, 556
7106, 988
24226, 96
11089, 557
41930, 978
11619, 677
19720, 502
15642, 537
40600, 979
51530, 22
69178, 364
43192, 723
58697, 209
38631, 704
30298, 610
357, 358
14623, 328
36597, 142
5659, 381
5814, 315
57631, 361
54048, 564
26757, 708
16299, 841
33438, 215
161, 609
36100, 150
37592, 916
18917, 909
63092, 962
26138, 791
46993, 306
64826, 692
33330, 937
27257, 726
22441, 184
21363, 27
17545, 182
65551, 93
10687, 920
39271, 18
59610, 977
66158, 879
11487, 247
34651, 680
64137, 245
44624, 435
31108, 36
45239, 657
8053, 926
31386, 324
59308, 820
26240, 585
36824, 983
5849, 62
24127, 495
37851, 227
32121, 70
43910, 244
1364, 986
6334, 495
28921, 701
12858, 648
24099, 484
36685, 885
29859, 243
9383, 696
21149, 289
24772, 878
54351, 650
21187, 375
54716, 744
67619, 991
58024, 420
44847, 909
67413, 650
32085, 163
20445, 863
18978, 328
65048, 885
50982, 144
39413, 694
24373, 818
31050, 428
50251, 503
19828, 401
68219, 553
6582, 980
25682, 631
17291, 578
60270, 281
29908, 312
29183, 313
56940, 264
61540, 158
48017, 595
37922, 306
5597, 843
24234, 382
10968, 194
55491, 479
43424, 400
5652, 449
62100, 891
50789, 700
33655, 801
61488, 244
853, 152
35712, 444
10639, 272
36276, 59
51811, 983
50659, 738
30700, 847
42085, 47
31970, 444
69189, 499
29096, 55
7625, 331
45642, 753
35453, 904
68924, 143
13415, 82
22437, 145
9168, 532
29527, 913
62594, 982
24171, 458
47800, 885
33735, 603
5612, 367
12490, 866
35704, 650
6981, 112
1481, 253
64163, 194
29191, 34
45010, 20
32352, 207
44628, 562
10935, 283
28703, 755
20034, 769
28168, 156
17627, 877
5208, 249
811, 992
27753, 230
6194, 878
63238, 275
57394, 126
58711, 819
7314, 18
28106, 34
66228, 146
61704, 116
53973, 653
27752, 945
5089, 943
9633, 171
19345, 838
34853, 320
4069, 176
5334, 590
7699, 653
33018, 766
13215, 568
9060, 30
48454, 581
23759, 859
58942, 267
44354, 64
46505, 776
50279, 623
59087, 903
66394, 979
29100, 289
18566, 633
38084, 514
18501, 792
40178, 807
13326, 687
28671, 769
12646, 395
48973, 499
41862, 862
53678, 973
12596, 498
56799, 157
49325, 219
66904, 644
50542, 785
69817, 404
69139, 991
18600, 333
23464, 828
40381, 614
58314, 371
11974, 11
67386, 992
60397, 271
52980, 346
50672, 159
39694, 964
33528, 199
27280, 283
48756, 750
16192, 36
41097, 464
49682, 194
69219, 479
36730, 987
7720, 369
8221, 216
8306, 399
64603, 715
5484, 629
16801, 226
53058, 738
1307, 619
38268, 387
45978, 632
63514, 57
32465, 360
28075, 848
14960, 274
24010, 777
10776, 624
32302, 315
24812, 770
41193, 778
23491, 155
66790, 2
34046, 123
32100, 296
65870, 203
21505, 224
26147, 648
55000, 438
16224, 602
47745, 438
59356, 588
5130, 223
33744, 313
6829, 574
54058, 88
61617, 262
5408, 962
38177, 714
65281, 394
4804, 90
44852, 984
45664, 809
28978, 904
58496, 465
69347, 442
42241, 189
55783, 232
22015, 447
51952, 141
61525, 193
31578, 834
35062, 161
47977, 873
3618, 226
7434, 553
38983, 297
28509, 316
9350, 911
18574, 720
59937, 667
32962, 491
7362, 744
69430, 76
52698, 493
18884, 860
50352, 551
40080, 357
4884, 707
46232, 864
12053, 346
68434, 564
58673, 415
68922, 946
41372, 75
55544, 55
10749, 252
55748, 586
1943, 737
6944, 652
26704, 223
1238, 919
961, 339
57512, 267
41737, 35
45473, 450
4477, 412
42778, 668
67331, 518
42765, 949
62855, 973
61979, 537
68132, 773
11303, 737
26600, 467
63498, 178
31754, 304
52977, 354
61093, 558
53473, 844
39886, 126
66878, 834
56289, 613
16157, 334
22333, 510
6393, 709
41603, 965
21975, 142
4947, 644
36537, 833
54837, 87
55707, 722
16290, 195
64762, 612
6660, 972
30469, 542
45903, 579
31266, 204
18410, 58
911, 695
25877, 522
32816, 125
42504, 781
59143, 967
3240, 604
41460, 118
32601, 921
59536, 17
24285, 346
26590, 377
5503, 303
29556, 935
20506, 283
59813, 93
21936, 154
60729, 765
51881, 171
22724, 120
51894, 440
66266, 578
30353, 439
51940, 702
62689, 330
28027, 827
55997, 921
30614, 726
62762, 492
5106, 220
67017, 873
37553, 202
20241, 682
15291, 997
21856, 547
2028, 254
65956, 568
7311, 643
21746, 911
27491, 165
67121, 236
3139, 974
2051, 784
59834, 626
44286, 355
10135, 372
34293, 249
5577, 287
27076, 368
56965, 847
55627, 140
33587, 615
3137, 61
53532, 13
2245, 276
63027, 197
4691, 844
37759, 18
4915, 167
9623, 147
6900, 901
35014, 167
1634, 775
11379, 725
68389, 559
11832, 397
60143, 99
62581, 589
46871, 280
20207, 294
62045, 220
16639, 150
6976, 568
40639, 299
18162, 985
10347, 438
65564, 937
17018, 610
29154, 465
15304, 866
5672, 939
16265, 974
17917, 895
39696, 271
8371, 572
51184, 460
33488, 368
63945, 867
32086, 28
35902, 279
60354, 172
9987, 139
17700, 645
32432, 14
68513, 513
52501, 332
11157, 255
24774, 917
31409, 98
63013, 501
14002, 459
24739, 684
44595, 959
3819, 567
32702, 297
16995, 441
40094, 527
25363, 741
55225, 192
53117, 253
30164, 682
49504, 967
40096, 310
69638, 998
54046, 321
51225, 15
60126, 106
46543, 695
14616, 297
47790, 678
26259, 306
24631, 785
25255, 114
4120, 83
61926, 35
63375, 223
27118, 624
57383, 802
34127, 623
68620, 978
66172, 932
21432, 741
7066, 303
42148, 607
64584, 69
20500, 920
17699, 625
54681, 42
58392, 723
62772, 572
38285, 862
6940, 884
39412, 487
11528, 7
56527, 950
32819, 438
58897, 312
43768, 155
26177, 927
4215, 62
67154, 953
39405, 405
8290, 391
53383, 381
8450, 647
15297, 943
2059, 302
7852, 81
10515, 751
29186, 923
31229, 742
29062, 667
34397, 992
15389, 909
48367, 931
58643, 217
62344, 392
38768, 460
10067, 773
13568, 148
17583, 827
10843, 882
57756, 400
29427, 438
16525, 575
43213, 149
21738, 610
40791, 482
15366, 698
63752, 115
28851, 743
44381, 469
26679, 66
68718, 778
23041, 221
14782, 843
60920, 627
38704, 591
11731, 329
53704, 912
974, 108
2674, 437
60409, 776
7100, 62
27599, 816
16920, 248
60607, 584
53393, 438
25704, 76
52789, 923
11168, 193
10988, 265
68375, 35
20356, 939
30917, 858
50264, 889
57485, 950
40047, 244
21323, 804
46502, 774
24535, 48
67890, 431
64758, 596
58806, 383
27416, 206
14084, 271
19192, 820
67847, 877
19041, 384
7571, 490
64162, 864
20918, 70
11988, 281
18961, 363
26463, 115
55939, 850
45138, 207
15906, 591
13253, 162
24579, 492
19587, 847
24524, 788
691, 420
58159, 564
27669, 547
15858, 659
24883, 471
26547, 507
47416, 452
28572, 214
48464, 597
44005, 629
58415, 874
44083, 492
23741, 243
4076, 42
1630, 518
49048, 373
17050, 436
32125, 855
62084, 190
60538, 742
37361, 836
17893, 744
7756, 899
41851, 468
26250, 176
23004, 440
35775, 385
59884, 147
333, 221
9731, 428
32979, 531
41796, 756
63387, 214
44063, 884
69934, 236
31285, 69
13929, 601
16251, 126
41524, 557
5054, 404
60868, 18
62522, 759
58346, 361
34303, 593
35802, 37
55463, 782
68734, 512
41090, 523
66500, 875
21725, 345
41420, 53
1609, 37
35028, 568
10111, 414
61064, 430
31673, 736
57576, 189
20310, 175
16634, 831
25818, 770
9273, 971
45722, 331
57197, 798
11263, 803
6272, 891
16813, 257
28885, 450
9849, 786
30774, 1
28083, 144
25090, 993
42696, 703
50018, 178
64430, 340
17479, 494
38221, 351
69063, 515
36134, 964
54392, 748
17947, 970
26708, 696
68755, 848
37224, 659
17934, 709
7397, 772
65098, 394
60214, 711
55348, 162
44580, 616
7446, 797
17232, 439
53395, 633
34223, 480
17203, 848
54105, 887
2927, 122
39749, 258
49517, 650
35494, 271
45619, 596
32350, 607
55926, 994
41860, 912
49597, 949
27603, 947
22418, 743
3741, 874
4908, 295
21034, 339
1352, 254
15283, 150
62634, 116
10955, 485
49538, 794
69353, 694
59615, 205
49903, 816
30028, 764
57601, 624
34761, 962
13147, 204
16321, 245
16726, 577
54820, 558
14845, 271
14717, 188
15584, 615
21202, 920
45469, 943
31744, 693
59956, 195
21776, 609
34789, 482
54601, 668
8949, 983
526, 995
16328, 950
419, 475
4084, 367
64346, 271
45006, 830
31622, 410
10022, 956
19232, 441
37633, 850
10994, 279
51394, 520
60535, 825
9560, 457
52724, 167
764, 685
13324, 358
2302, 990
9599, 125
1563, 347
26614, 477
34882, 461
51522, 598
66161, 903
49454, 885
34183, 797
20709, 950
40190, 455
45094, 578
28400, 816
60724, 991
47312, 245
66294, 440
1392, 103
51311, 239
16940, 313
45012, 34
7862, 961
50482, 429
20993, 503
55342, 108
66338, 684
60398, 598
30103, 974
16117, 983
6021, 847
6668, 813
44406, 190
10569, 326
17905, 767
54208, 769
28790, 530
23290, 440
50599, 879
18587, 150
56791, 775
699, 451
40809, 964
61165, 442
62221, 752
66469, 841
30808, 245
50138, 289
29683, 311
4599, 367
24451, 80
25624, 935
28225, 198
1727, 928
66285, 831
20266, 930
69264, 971
61008, 559
31083, 641
34459, 177
31047, 362
63632, 735
6250, 315
50530, 207
15781, 67
42236, 322
11932, 87
54760, 111
60940, 642
55009, 611
55297, 425
44886, 216
17998, 298
3924, 273
46260, 137
25104, 65
51087, 998
1432, 646
16211, 6
4602, 250
11431, 897
16040, 604
38552, 107
66216, 126
69607, 304
58092, 201
64547, 726
68660, 300
39469, 850
36554, 454
10463, 398
62159, 704
41032, 197
23384, 255
16077, 59
23947, 420
19896, 822
59374, 16
523, 57
15413, 348
62460, 407
64582, 268
58059, 711
38775, 201
51839, 648
59891, 281
46034, 239
39817, 706
40711, 42
45366, 827
58046, 519
50181, 327
1832, 27
57800, 728
60876, 639
58253, 47
11381, 796
12059, 427
45644, 791
48800, 229
39510, 995
63992, 198
31516, 655
12613, 734
48304, 672
42406, 37
17805, 930
21628, 820
19973, 264
680, 892
36370, 804
38788, 279
19809, 754
31140, 70
1639, 475
44988, 340
53789, 835
34237, 888
61131, 748
18960, 384
65964, 212
42133, 331
44795, 592
6886, 539
34394, 834
38826, 534
45340, 210
7564, 654
49234, 840
60989, 820
31525, 92
41338, 966
15446, 838
64764, 947
26562, 662
21171, 753
57430, 505
46088, 749
20652, 695
16942, 74
19798, 314
49976, 850
30310, 949
21452, 694
35539, 555
49806, 525
27803, 581
10562, 900
51895, 709
56683, 722
10793, 895
58354, 318
35106, 565
42929, 16
40068, 161
63634, 730
57504, 285
66690, 827
38877, 58
45552, 510
64247, 71
43482, 711
48114, 352
21717, 590
63140, 385
6339, 600
27480, 165
16339, 711
118, 568
24078, 906
61528, 252
24407, 413
23742, 256
54009, 69
50942, 931
36318, 784
44162, 685
20555, 522
60925, 343
64000, 240
41652, 963
65352, 427
42573, 938
67865, 658
38488, 575
66935, 59
48620, 350
5854, 253
3733, 924
63337, 159
3010, 765
69331, 436
37042, 807
61532, 282
42676, 681
31350, 951
23857, 482
12252, 542
32202, 669
42613, 221
32689, 465
7287, 613
42276, 153
17374, 368
12250, 892
15841, 479
15756, 151
33190, 672
41165, 692
43516, 62
34528, 671
32568, 492
43940, 595
54779, 658
23728, 685
33887, 482
29284, 450
20961, 19
13441, 402
928, 550
29060, 868
31615, 570
30554, 406
69449, 122
53187, 97
6901, 92
29266, 51
36815, 458
67242, 814
62121, 167
27869, 492
56481, 566
5088, 7
29003, 145
24618, 339
57176, 29
14139, 919
46080, 488
67638, 360
35307, 413
26142, 335
25232, 529
27385, 660
1996, 84
2462, 975
24375, 21
4999, 440
27578, 802
32631, 870
43024, 832
69083, 958
62765, 629
22606, 870
34101, 840
44155, 816
33910, 986
16054, 935
21972, 81
35372, 417
43030, 87
56654, 166
54727, 562
29484, 449
66523, 220
17048, 481
18926, 837
39854, 672
43101, 791
66748, 83
48172, 724
36324, 6
17219, 992
50404, 636
55010, 627
61951, 530
64443, 273
39011, 780
47376, 137
4269, 263
52565, 30
512, 723
32009, 548
10471, 836
21178, 0
46463, 194
18349, 235
15, 852
57446, 845
57815, 49
62816, 777
47083, 532
23969, 377
13428, 639
64018, 879
51905, 643
33478, 592
26101, 110
21233, 929
1040, 405
54115, 341
54711, 763
17425, 354
14196, 621
17145, 323
26790, 502
57307, 232
29403, 423
52193, 880
16144, 793
36285, 372
16785, 298
28222, 304
60628, 573
39462, 72
60017, 458
58964, 799
362, 272
4025, 770
32981, 188
18147, 183
16539, 112
13350, 611
31930, 393
42084, 901
28355, 169
32094, 962
66072, 934
33889, 491
26931, 858
41680, 777
66009, 653
63254, 936
56563, 114
24655, 503
20950, 491
9088, 991
834, 104
22776, 71
61080, 341
17556, 492
23090, 370
6055, 574
15816, 651
17657, 165
26944, 250
3012, 686
68690, 426
52323, 663
38183, 49
40857, 468
1045, 728
63257, 211
19262, 1
56980, 606
40691, 66
65210, 793
50235, 797
62299, 135
54708, 468
15192, 450
33716, 362
55084, 590
55471, 242
46153, 125
6440, 665
23932, 302
55813, 400
33653, 37
19269, 821
48658, 458
44036, 735
6796, 793
18771, 973
38181, 340
35822, 982
56688, 346
6710, 998
52066, 48
62099, 999
45933, 794
42498, 103
29743, 43
12308, 927
61153, 276
984, 65
58737, 159
42730, 331
6882, 488
67804, 138
52655, 534
14526, 153
929, 143
24413, 735
68899, 953
34353, 599
45015, 26
37239, 516
7845, 634
36574, 683
60282, 909
22085, 709
33191, 614
48223, 653
9671, 233
20093, 105
64057, 14
32149, 973
46103, 721
1338, 58
66948, 408
24826, 296
23780, 957
24859, 586
4681, 14
55684, 468
9799, 184
9480, 863
53533, 521
17163, 297
2120, 249
55327, 383
13292, 446
66398, 447
57653, 435
26960, 87
27333, 302
41197, 802
1594, 53
46456, 135
61830, 332
64284, 696
48510, 978
38219, 560
20197, 611
42650, 592
40357, 830
60497, 172
6231, 158
64586, 328
28152, 415
53986, 355
54476, 656
68781, 624
47117, 480
67766, 962
1079, 119
6864, 119
5390, 144
61807, 420
57540, 322
29712, 54
69968, 109
65431, 89
54101, 971
56239, 302
65924, 655
39617, 945
37936, 720
62125, 116
12010, 185
24087, 509
8391, 508
9737, 555
15693, 818
43048, 638
55658, 370
56376, 647
59947, 424
39035, 622
12182, 345
48789, 248
24654, 899
17896, 278
43003, 798
16402, 676
16004, 728
5109, 325
36277, 313
25165, 875
26519, 561
36348, 973
41237, 836
6515, 761
52885, 929
31182, 860
23105, 685
18050, 694
8486, 1
50491, 303
56450, 135
19093, 669
20934, 433
18441, 785
56149, 283
22227, 930
62567, 666
9954, 148
850, 725
66214, 360
24150, 159
37297, 478
25216, 159
9354, 12
60337, 161
57960, 958
40902, 954
18168, 9
54139, 626
24493, 82
27106, 563
30946, 282
37260, 771
67225, 432
47392, 655
23837, 22
337, 128
58373, 668
10961, 121
56633, 413
27082, 135
41991, 629
44383, 597
46205, 504
39513, 372
9158, 156
26983, 470
55404, 717
24913, 956
46897, 504
9037, 89
21429, 137
64656, 945
43033, 130
33385, 876
68278, 131
26966, 534
23456, 936
25162, 832
5706, 630
38648, 662
2532, 949
64912, 848
26265, 647
32503, 39
34134, 977
8070, 755
69000, 836
64754, 904
30734, 795
47431, 91
121, 952
24468, 914
21822, 597
45616, 263
1093, 794
23204, 142
46403, 389
8794, 156
52390, 365
69312, 523
61380, 589
45093, 732
16582, 37
65754, 786
2895, 282
267, 574
18384, 136
38458, 338
48820, 753
36572, 310
46510, 935
32423, 626
48173, 537
62118, 99
3591, 298
61740, 301
44253, 462
3732, 18
54036, 589
32612, 274
41463, 626
21442, 150
18631, 148
2453, 328
55273, 89
45327, 676
17509, 367
32858, 445
63828, 621
9023, 913
65186, 613
35290, 398
2552, 760
41708, 92
21102, 778
1995, 986
40144, 1
45451, 758
5773, 113
40250, 828
27629, 895
29747, 856
62528, 181
34488, 339
50191, 241
10910, 526
23545, 588
49235, 683
23843, 213
31359, 120
52862, 59
34867, 826
29018, 386
13259, 71
7693, 70
68018, 97
3297, 192
10109, 490
21118, 969
49772, 752
67730, 560
6147, 321
52808, 691
16057, 809
58101, 47
52541, 932
31139, 726
55300, 879
25459, 405
23517, 1
17190, 641
64891, 126
16693, 53
45943, 784
39560, 547
10646, 718
26408, 824
63288, 555
21667, 890
23803, 246
45827, 765
38018, 172
16371, 947
51427, 439
7191, 140
61549, 377
56188, 71
47599, 342
32039, 732
52578, 476
33958, 474
47635, 628
49795, 758
3435, 918
25758, 851
49136, 381
67389, 487
26909, 392
57865, 645
65426, 632
29782, 975
42921, 37
7410, 849
28538, 349
22382, 921
5509, 54
60522, 394
30215, 444
66254, 356
3753, 625
42870, 131
15744, 188
43012, 593
24839, 874
40687, 74
38950, 33
1603, 996
46926, 601
53261, 530
24829, 377
2347, 208
6541, 519
13593, 144
12621, 671
59832, 72
31200, 513
28104, 902
22908, 207
69726, 55
32184, 728
39649, 687
3447, 708
7205, 505
40814, 406
509, 626
30495, 749
42254, 335
12983, 6
50410, 418
28008, 32
61815, 14
28583, 392
66473, 468
45512, 695
62986, 437
57356, 774
30646, 186
27827, 354
42192, 695
31198, 758
21502, 847
64207, 920
53729, 859
31870, 618
39919, 696
41653, 42
49977, 467
12733, 138
30507, 141
46355, 510
17745, 669
67373, 575
62694, 658
932, 605
28568, 157
10919, 866
61823, 356
55308, 301
31293, 405
19083, 301
48467, 763
41675, 559
54962, 815
53116, 524
42688, 344
4873, 354
55368, 453
68946, 328
30891, 152
10888, 179
38619, 555
4221, 348
15087, 444
57179, 148
7425, 129
6499, 153
7580, 171
57137, 940
12474, 273
39130, 836
48055, 423
58316, 978
12913, 248
40103, 684
67282, 21
14023, 913
62476, 138
8335, 654
2567, 504
62783, 385
49524, 913
47177, 508
13843, 432
19143, 602
12806, 609
10110, 438
31286, 490
40332, 686
11871, 1000
64991, 580
34685, 764
22555, 381
58973, 468
54245, 351
68158, 769
58053, 907
17552, 141
2501, 355
27040, 801
57666, 649
9908, 602
60341, 394
14536, 91
28004, 225
69879, 123
31901, 390
63001, 631
51824, 991
23735, 288
16712, 22
16863, 27
9531, 782
60392, 112
11228, 311
12468, 882
20881, 366
14943, 298
42046, 766
17120, 661
63442, 140
57029, 440
32439, 954
37927, 937
61095, 601
69133, 898
27908, 25
13464, 291
35179, 234
36320, 282
55857, 568
52988, 205
14784, 967
10427, 936
29407, 555
55291, 781
63462, 805
63817, 158
37466, 202
53524, 729
43941, 27
1659, 492
47560, 708
27700, 376
2296, 525
41377, 731
14123, 716
60159, 897
37009, 559
32692, 678
28092, 418
48151, 369
41117, 836
22256, 76
9876, 985
23752, 771
69108, 780
55675, 945
5548, 111
26985, 769
62288, 308
15524, 617
23282, 780
2876, 661
52282, 40
47026, 328
45471, 339
19879, 411
51571, 398
12936, 833
27518, 687
52168, 479
5567, 508
30779, 739
67983, 925
13856, 351
8855, 993
36873, 436
5502, 900
51244, 979
42991, 714
18619, 327
24180, 994
53040, 149
1840, 84
14869, 892
27273, 62
41098, 965
55349, 950
17875, 751
61657, 302
18149, 451
27945, 31
5268, 682
4425, 832
46189, 833
66270, 57
29165, 940
52188, 511
51646, 133
33781, 948
63472, 687
24529, 584
62979, 437
44188, 955
35616, 857
5121, 167
56312, 713
2300, 817
51239, 103
26858, 629
34053, 960
9148, 402
24572, 455
56876, 896
20017, 89
54833, 128
49570, 131
646, 482
60699, 665
42157, 648
21391, 36
20252, 833
9485, 878
23005, 972
147, 956
53190, 676
15827, 43
40743, 971
2797, 236
51529, 55
8255, 178
23597, 1000
67778, 879
27987, 952
16095, 18
58297, 981
32949, 248
32020, 618
19778, 246
32461, 503
53322, 609
62069, 310
52460, 650
27101, 21
53183, 319
29204, 219
13931, 508
69313, 144
42972, 985
67255, 125
64784, 879
32397, 35
53522, 417
38520, 419
43348, 874
23343, 364
8897, 653
65301, 382
2665, 5
47520, 356
2204, 527
5439, 704
21106, 7
36328, 563
45774, 364
9288, 494
2764, 352
60050, 968
29524, 155
10038, 264
51548, 556
11318, 280
26705, 506
39160, 674
22411, 929
3295, 1
44210, 543
35896, 332
45729, 271
53229, 708
9973, 317
34535, 727
17906, 534
56021, 510
29363, 23
2640, 733
39651, 24
6958, 373
34450, 931
17588, 399
55942, 84
30177, 31
68269, 488
38382, 198
48320, 634
33727, 841
46242, 980
53957, 32
56651, 430
19661, 126
24166, 925
15395, 518
2920, 470
1553, 516
35444, 290
67944, 623
43230, 122
17254, 869
34922, 59
41139, 87
41576, 274
40271, 121
66517, 261
56167, 191
43714, 951
64559, 302
60468, 623
23996, 986
55412, 202
49590, 628
35471, 683
56861, 25
10873, 777
45834, 169
35338, 842
37412, 502
46740, 563
66080, 703
34131, 828
37638, 234
4157, 634
45434, 702
33951, 945
17194, 331
36206, 375
50931, 300
48178, 724
37887, 115
3133, 951
10398, 651
36647, 909
38222, 820
57058, 165
1905, 87
63034, 361
38977, 480
60479, 838
62930, 200
49854, 24
5378, 872
18812, 507
4867, 153
22000, 743
46834, 203
68451, 23
16895, 449
34478, 411
38607, 586
58028, 118
48763, 686
35239, 218
23043, 149
25395, 999
63570, 32
36731, 240
48562, 140
29156, 410
58150, 128
15681, 243
799, 551
12910, 521
51689, 206
41878, 702
8717, 875
67449, 883
49690, 976
9366, 162
12521, 465
26842, 824
66576, 561
35149, 937
56428, 38
50094, 386
69148, 646
1939, 153
19229, 198
4331, 365
30805, 905
21903, 862
16859, 642
40587, 590
21742, 258
35829, 139
11457, 471
29553, 484
64302, 695
59644, 146
8642, 864
55976, 7
36596, 425
27220, 495
47558, 116
11717, 69
522, 955
42063, 155
26365, 819
25776, 653
27524, 351
54859, 152
63979, 868
67630, 665
60299, 242
39018, 583
47238, 939
51251, 253
17088, 524
46687, 164
67425, 446
38928, 260
31639, 78
3021, 698
42177, 137
51288, 80
1225, 347
9447, 312
8434, 949
5705, 171
36937, 153
7688, 834
46580, 166
69894, 88
47780, 279
64738, 597
47346, 440
7237, 279
60731, 615
53185, 30
39203, 226
65016, 931
50087, 241
9754, 762
10435, 789
44528, 771
55797, 462
8215, 821
61069, 450
20819, 69
68799, 344
28272, 759
29758, 971
54804, 559
50071, 604
2001, 997
65500, 493
1908, 718
8752, 283
17243, 668
32467, 240
52643, 800
37673, 113
5289, 316
20585, 461
62152, 128
34280, 509
58736, 871
4581, 205
5341, 962
15267, 941
20820, 987
34666, 157
51038, 722
59920, 543
2632, 419
54709, 178
46156, 473
44664, 734
37776, 81
3332, 992
48351, 295
47893, 595
7278, 866
25101, 644
45660, 33
10086, 146
33595, 674
44783, 140
10041, 389
52265, 60
5924, 344
47507, 118
10494, 762
8578, 842
48110, 179
34760, 377
39671, 627
45883, 803
34864, 849
2781, 3
58739, 788
41538, 779
7902, 464
33421, 418
32344, 322
20854, 880
49456, 233
28437, 103
38433, 699
2459, 345
68618, 372
17118, 464
13098, 202
32326, 488
9264, 618
31304, 250
22077, 578
57208, 939
29678, 488
62282, 526
60033, 2
1354, 402
56557, 948
19504, 473
66094, 313
69585, 699
37509, 113
59577, 824
29763, 841
47506, 572
66010, 797
2598, 14
53460, 142
1744, 744
17713, 269
69941, 32
18262, 254
125, 277
52081, 785
43176, 275
2723, 88
10040, 671
17813, 536
33508, 251
53027, 562
14147, 373
30301, 885
5421, 155
37236, 8
58997, 509
57279, 769
52057, 45
17897, 491
61178, 166
6184, 294
16031, 305
37257, 422
23275, 551
62574, 382
35200, 924
42185, 313
47835, 899
19099, 658
40925, 588
43339, 8
51592, 15
32317, 521
3033, 831
1383, 124
610, 691
4296, 122
7698, 988
25781, 880
67599, 389
44300, 523
8484, 219
3533, 428
34452, 531
59625, 215
14022, 372
20380, 739
29093, 952
52526, 951
41924, 374
9129, 74
35212, 670
29579, 142
23396, 468
31926, 390
36789, 619
59408, 356
33426, 815
540, 348
59289, 528
2795, 114
43163, 603
11986, 287
60961, 599
37291, 972
18125, 801
32576, 501
31851, 537
32584, 241
56520, 180
61800, 231
19222, 945
28791, 593
62976, 510
33819, 350
48226, 704
51396, 893
47660, 498
47662, 896
22253, 392
18639, 41
21939, 404
14229, 995
5406, 900
3321, 985
9017, 461
61982, 967
3870, 633
3795, 448
66037, 851
66128, 270
34871, 403
60514, 523
69471, 906
16908, 272
51668, 537
16943, 886
67241, 739
67348, 36
59680, 635
67080, 869
53613, 381
8006, 692
47323, 876
59999, 106
56933, 220
65307, 696
48844, 769
6803, 407
47234, 510
67159, 731
35341, 50
39549, 892
57386, 774
55048, 989
7835, 507
55486, 520
14678, 631
4336, 764
45843, 145
48962, 705
9868, 665
19109, 959
1357, 396
57111, 507
65034, 869
49287, 175
12779, 169
57734, 430
13205, 658
33413, 346
49567, 468
59532, 678
55769, 22
5070, 729
21134, 20
68918, 266
3377, 723
15838, 325
32521, 65
61778, 191
12230, 765
2174, 623
6957, 651
29039, 452
33772, 872
3518, 609
1124, 72
61965, 393
17808, 704
26466, 578
8312, 277
47712, 483
51528, 575
57505, 519
26388, 782
14496, 838
37058, 37
41178, 336
65109, 397
17505, 813
5097, 53
31317, 862
69720, 246
64068, 546
22851, 126
55480, 938
61638, 249
38553, 850
1913, 608
42592, 385
64674, 863
10748, 149
25753, 468
41893, 873
32925, 276
32716, 721
19632, 94
31617, 904
21297, 906
30548, 982
55638, 258
59804, 65
53284, 180
31259, 714
35340, 708
9291, 142
47342, 295
14476, 552
37926, 75
49495, 749
34942, 689
60094, 879
12661, 433
61390, 509
39655, 317
46826, 823
27711, 90
53728, 568
2806, 526
4964, 471
59049, 948
6748, 47
24167, 832
5558, 186
37588, 472
26190, 166
50689, 512
58755, 797
20927, 530
58227, 677
26959, 185
68584, 606
49424, 516
64860, 69
24887, 571
67243, 962
20369, 878
5008, 714
23284, 339
52129, 364
40640, 227
21135, 532
68330, 810
21266, 985
10817, 786
64385, 33
49761, 487
57140, 64
27550, 164
64634, 995
29563, 320
59590, 319
27303, 358
19131, 240
52067, 104
4686, 90
27766, 949
68142, 116
27854, 38
54321, 150
4482, 807
1027, 817
64604, 818
19125, 58
67955, 284
49870, 27
32781, 995
36741, 572
66116, 175
24042, 205
37030, 245
33323, 460
6274, 385
13252, 255
63558, 822
28877, 654
56540, 850
50539, 404
54625, 965
45326, 298
54734, 244
63924, 42
38859, 456
20285, 690
58104, 140
42008, 917
41146, 745
51899, 916
51889, 243
27240, 927
773, 568
57349, 31
5926, 770
37854, 439
22935, 579
58088, 337
66522, 749
50354, 93
4658, 499
48029, 521
39389, 174
3082, 345
29946, 543
40771, 233
29777, 289
50928, 351
10895, 89
26459, 187
22952, 845
40431, 619
23438, 419
4264, 497
21014, 73
5204, 399
2824, 267
12623, 980
63490, 875
28051, 846
10401, 952
5911, 924
69997, 758
51460, 517
12753, 642
53557, 324
57793, 544
14576, 417
56279, 236
40327, 651
14113, 478
17352, 280
7302, 492
9282, 568
53759, 930
26581, 884
21373, 160
23502, 281
25114, 327
7448, 903
6948, 803
51100, 991
39756, 473
16280, 488
22796, 658
61181, 99
16043, 775
36474, 406
37103, 174
15510, 101
67617, 623
65994, 760
39936, 386
6418, 315
6545, 66
44288, 405
17235, 571
58475, 219
8924, 939
20150, 708
47251, 959
45951, 409
53775, 151
19538, 994
20136, 147
56716, 370
53031, 245
4993, 66
7975, 226
5642, 941
43851, 468
49472, 124
887, 187
33038, 308
3099, 979
21678, 317
51694, 211
44263, 19
37294, 58
10770, 795
60213, 637
36329, 396
7216, 664
41426, 945
27699, 167
54732, 766
19534, 67
50152, 27
39114, 495
58747, 750
61633, 778
23916, 230
10902, 847
14203, 26
53622, 36
3972, 292
13957, 942
37050, 892
35790, 672
34848, 219
12634, 530
54484, 490
24674, 64
39050, 941
48428, 766
10768, 224
4735, 27
33827, 171
774, 278
33425, 112
29677, 543
21425, 954
50897, 940
50923, 720
50480, 821
28504, 711
8840, 25
65225, 157
66535, 564
33598, 475
13907, 851
65127, 788
12144, 426
24716, 458
14077, 195
59092, 64
28925, 309
54031, 157
58129, 707
59024, 145
63879, 507
33214, 899
23122, 326
44752, 147
21788, 580
12580, 344
47145, 154
17132, 397
243, 831
12825, 667
50054, 456
53295, 705
19374, 432
8418, 189
49123, 138
60772, 297
49712, 601
2489, 652
46104, 944
25808, 841
27912, 212
11850, 231
23218, 374
21227, 307
13388, 407
39005, 150
3312, 438
12015, 350
10875, 730
58678, 695
26361, 513
43822, 568
53424, 266
24359, 948
62001, 268
31766, 135
29237, 595
8778, 43
56867, 739
9426, 589
63707, 342
33236, 442
9336, 807
47210, 65
30067, 573
61220, 672
21081, 851
40018, 663
47214, 56
6360, 596
62534, 510
44215, 377
1606, 253
29425, 168
49257, 631
27194, 327
3787, 785
20510, 297
6781, 466
42484, 124
21635, 706
11892, 665
40657, 527
51923, 586
65576, 741
50778, 967
6612, 942
18359, 615
49724, 336
20001, 607
53341, 469
67707, 872
14127, 207
11554, 630
12600, 321
41081, 465
54672, 400
18626, 755
65875, 788
33924, 249
49395, 191
36438, 182
13696, 307
23640, 532
38094, 836
9303, 551
69796, 217
35985, 238
48312, 638
7701, 705
12372, 635
40590, 891
30962, 491
34206, 485
52273, 948
7207, 521
23195, 678
25455, 375
41368, 127
30580, 693
54813, 613
5589, 522
18838, 592
40840, 421
36414, 611
11906, 918
50916, 655
46345, 584
2102, 257
65901, 387
26911, 165
11606, 741
39944, 21
66200, 79
66693, 581
9162, 12
50761, 225
57152, 91
34173, 298
8387, 267
31680, 730
56638, 937
16982, 170
62321, 304
17327, 722
49585, 697
18948, 64
35424, 535
43508, 362
62242, 555
63021, 274
33118, 209
36570, 349
8551, 138
23651, 183
1823, 253
8961, 223
16058, 747
49689, 133
17305, 107
34710, 806
54072, 233
4282, 293
39939, 452
69122, 309
38499, 179
67284, 716
50234, 530
49217, 538
53603, 571
31458, 66
30694, 687
16868, 839
64639, 315
27502, 492
43015, 547
62922, 619
955, 764
68919, 676
59269, 834
57687, 770
12942, 706
67971, 761
52010, 212
21866, 115
10376, 257
10759, 89
2437, 691
55960, 929
47594, 849
56162, 541
8157, 659
32041, 353
16288, 820
12676, 513
63301, 805
28933, 37
17532, 193
50162, 84
2073, 470
68645, 266
64358, 749
3967, 548
16012, 402
23144, 18
22041, 717
36421, 484
10966, 953
64115, 312
8690, 539
43309, 670
32666, 995
20481, 152
2826, 523
46417, 159
59859, 957
6965, 331
12850, 537
18955, 247
68857, 694
1642, 155
66445, 714
61679, 326
13797, 337
21916, 324
24274, 62
48030, 466
35749, 265
35784, 462
48300, 593
67111, 197
54120, 956
16923, 490
53251, 980
16667, 64
27000, 896
14392, 275
26644, 510
60700, 165
66997, 116
69459, 781
38517, 530
7129, 706
7974, 166
11490, 243
14439, 515
15813, 183
37991, 904
30543, 530
13488, 558
32389, 364
45065, 263
38557, 19
64341, 854
16706, 608
5741, 180
61176, 254
7018, 797
22666, 358
45219, 401
59853, 59
48893, 868
16835, 762
52257, 51
9036, 465
46835, 805
68747, 503
65192, 958
23956, 100
60690, 351
36606, 13
68833, 786
24476, 856
53123, 636
4834, 798
22144, 73
28735, 790
7415, 421
33196, 533
52819, 986
11787, 363
24445, 27
37306, 977
34492, 243
8681, 649
56838, 335
54822, 699
7839, 699
55968, 798
37941, 986
61976, 957
47034, 623
58126, 787
29805, 800
35460, 413
52648, 294
21180, 499
4652, 360
52542, 783
66956, 745
42015, 523
25, 182
27604, 441
8182, 971
57759, 748
10130, 147
55810, 204
59653, 545
12389, 227
4510, 269
11365, 783
29402, 345
12987, 122
7985, 836
18766, 182
9395, 843
37585, 183
41776, 449
68082, 105
68751, 874
42433, 720
11453, 776
69277, 328
46779, 912
50343, 881
46111, 663
15150, 988
53863, 427
60427, 77
818, 233
46539, 387
4257, 727
50973, 528
13879, 444
41176, 995
63600, 624
3776, 309
64143, 539
23326, 271
55803, 511
8656, 530
45261, 374
62409, 229
47459, 61
30403, 423
57335, 471
36962, 585
44533, 319
33199, 244
29310, 308
50758, 475
60435, 631
64572, 167
57342, 910
43281, 104
16680, 356
57255, 792
39029, 283
25852, 187
52930, 400
24209, 2
30516, 135
36945, 98
34613, 741
38949, 111
50667, 124
17666, 212
33662, 906
62274, 980
26057, 616
7728, 913
51523, 685
19511, 421
47308, 543
34737, 576
21897, 218
23630, 789
35185, 871
10169, 411
40623, 31
3184, 409
1057, 517
14917, 648
9859, 365
35882, 139
3488, 580
66029, 684
69805, 617
6528, 457
25592, 979
26631, 975
25967, 635
52900, 989
64696, 435
60376, 793
56518, 669
17976, 486
58280, 707
36347, 768
26362, 447
28577, 50
41759, 164
41754, 73
62208, 412
53991, 314
11926, 137
25433, 716
60364, 576
39231, 593
66407, 96
6704, 390
54426, 443
44911, 57
14433, 702
3668, 927
13547, 679
16946, 11
18836, 106
35213, 824
2963, 930
19233, 351
2896, 889
21797, 180
25260, 495
15418, 68
28624, 890
40764, 584
44365, 498
17954, 880
42128, 228
36123, 531
20657, 822
26000, 984
15543, 300
24763, 263
59052, 349
32304, 425
27113, 275
5108, 213
9103, 366
12877, 324
7390, 338
7230, 816
13666, 61
10308, 525
38014, 779
19308, 12
27212, 646
6927, 274
17379, 463
69253, 786
40831, 899
46898, 109
5894, 377
14979, 97
48155, 346
30263, 923
15439, 914
21569, 945
42237, 581
7511, 263
12704, 483
37583, 38
43627, 339
37110, 299
1348, 591
46851, 291
30732, 518
9674, 927
38317, 364
35892, 561
54323, 28
26243, 850
47549, 233
17652, 75
9379, 766
38145, 628
34122, 421
66478, 278
39578, 547
7965, 270
57949, 484
4779, 661
33216, 173
50353, 705
2034, 363
24683, 951
6705, 699
32704, 872
29940, 311
56137, 647
3163, 789
55567, 829
42331, 287
22250, 288
32914, 251
21740, 691
13044, 199
36427, 528
4196, 990
34756, 735
67910, 303
18779, 448
45315, 471
18927, 889
59056, 17
56097, 794
14410, 6
9206, 727
23333, 118
39497, 551
20731, 341
1966, 515
14807, 455
30312, 366
54085, 36
4351, 530
69682, 522
50216, 99
58194, 333
14437, 30
68072, 541
16576, 230
25001, 155
66344, 779
62493, 747
48802, 413
34251, 16
40465, 437
38474, 472
18529, 379
35609, 199
10637, 515
57554, 811
20935, 967
28696, 813
3379, 274
36310, 110
36042, 222
55935, 339
30861, 602
63094, 325
26354, 329
1201, 515
54411, 50
23125, 50
1755, 325
41742, 551
51737, 258
3882, 818
54223, 895
40447, 968
46371, 216
54966, 719
24622, 63
17477, 493
49897, 63
25251, 460
24544, 273
53586, 830
65503, 667
24490, 148
43758, 344
57821, 161
19088, 682
64473, 832
16216, 932
12705, 375
38604, 484
4166, 321
18083, 847
69401, 365
33539, 843
66780, 786
27557, 39
60571, 706
43393, 621
26311, 808
17047, 52
51259, 413
52581, 41
22880, 975
18770, 89
42586, 796
59515, 302
32297, 349
32182, 79
38051, 718
10221, 850
38342, 842
68672, 863
55020, 829
2056, 152
6358, 621
28937, 425
44640, 195
36058, 865
67001, 130
14920, 31
41781, 691
39540, 581
66395, 851
38875, 515
21541, 316
49013, 991
33548, 56
17822, 776
48067, 287
64034, 28
22349, 713
31927, 97
64056, 629
53712, 517
13748, 471
48378, 837
62974, 685
13026, 540
49081, 64
28395, 508
54743, 853
68353, 584
40541, 271
43613, 640
22831, 355
30794, 48
34406, 675
57264, 983
46717, 258
31810, 234
54889, 434
41950, 416
29543, 761
43858, 271
5845, 556
34940, 106
44946, 472
52153, 599
32492, 664
4062, 829
45681, 101
26881, 985
57684, 347
9323, 838
21685, 43
15749, 67
25159, 870
19392, 280
18901, 507
33829, 93
3486, 946
29000, 879
69483, 963
62646, 397
64026, 476
24015, 728
67165, 962
30054, 91
34067, 484
25324, 147
48936, 614
21974, 652
21964, 816
46057, 429
23095, 793
51840, 379
68390, 419
42763, 800
54457, 480
44843, 703
45254, 210
3261, 418
6481, 672
57770, 783
30972, 743
51993, 421
65384, 872
56517, 90
46013, 698
7213, 702
12585, 809
10077, 178
33721, 668
20717, 285
56498, 747
33353, 494
64999, 882
43084, 443
57837, 197
3039, 400
48729, 880
34227, 612
48040, 101
15688, 254
54893, 579
19711, 817
35607, 469
65619, 45
67516, 606
18459, 338
42470, 298
28842, 87
42850, 3
52151, 431
45454, 519
61223, 363
26746, 529
32592, 86
27938, 105
61813, 197
5935, 299
32396, 312
15739, 138
11279, 658
29955, 96
14048, 853
8358, 950
67740, 236
26835, 995
55405, 243
67748, 293
42140, 471
61109, 346
65981, 368
61752, 929
50523, 661
32434, 784
31097, 521
15711, 146
27162, 853
57881, 410
52806, 762
64813, 986
2983, 752
56028, 693
69075, 952
63808, 845
36030, 518
26522, 784
45042, 107
61505, 109
39192, 750
23476, 981
49910, 519
57622, 457
21238, 774
21624, 217
3383, 539
40120, 419
48808, 795
66334, 817
69400, 309
62842, 419
60929, 389
25737, 761
4295, 236
16309, 613
27302, 973
53741, 309
14407, 151
19072, 919
41331, 702
6566, 780
69906, 410
14271, 444
11244, 239
54020, 423
69804, 728
15874, 583
42316, 150
394, 180
46393, 57
29636, 83
27335, 856
30645, 396
41167, 396
8344, 727
52903, 882
33374, 940
67260, 595
46892, 107
45388, 24
54621, 371
57419, 221
26444, 746
997, 144
44662, 390
55354, 71
54453, 776
36783, 40
35663, 527
63863, 246
49822, 616
45250, 877
54963, 52
66990, 452
32105, 882
40547, 781
54285, 98
46764, 440
56387, 614
58757, 547
25098, 108
69702, 71
41820, 806
60489, 370
15052, 166
47064, 214
49390, 852
23778, 926
22962, 31
12605, 575
65353, 276
61975, 591
52174, 235
31958, 24
67293, 654
34040, 50
18972, 420
5988, 25
16925, 348
35305, 459
19982, 360
2404, 542
966, 216
69040, 772
19600, 487
17139, 353
61689, 614
36450, 147
38326, 910
5827, 966
28265, 286
23978, 370
25575, 288
63261, 849
34912, 625
1968, 366
38316, 724
57101, 909
4060, 943
17143, 755
14821, 713
15010, 594
60949, 26
33269, 579
69960, 949
54082, 162
27271, 198
66755, 594
21172, 429
64755, 80
3860, 365
22410, 838
52456, 962
26730, 174
65592, 964
14478, 900
30396, 204
7713, 349
42689, 57
17096, 66
61856, 334
14397, 580
37447, 421
68653, 340
55053, 359
22623, 388
13200, 527
34069, 192
28846, 0
21338, 612
61289, 847
46172, 542
9755, 62
60245, 802
64296, 298
33149, 882
32724, 399
17580, 276
23279, 171
51763, 317
2993, 119
49855, 985
13138, 966
21170, 472
68227, 37
31119, 5
37625, 43
5753, 151
3339, 509
54895, 34
26578, 939
35946, 273
62821, 610
13716, 24
41702, 517
31543, 883
15896, 146
35506, 721
14664, 275
11349, 682
48716, 211
59055, 592
32088, 88
6941, 633
27562, 81
59397, 442
54278, 871
67753, 82
44659, 703
45982, 407
5808, 837
55391, 936
34470, 380
31473, 848
23054, 599
31576, 202
66087, 581
37416, 34
14466, 850
20117, 268
54616, 95
57763, 771
52202, 826
69791, 253
8862, 731
59155, 171
50056, 809
4519, 476
65227, 337
43, 972
32580, 738
21979, 885
7928, 331
68611, 107
66818, 929
100, 958
23307, 631
51544, 261
41843, 363
26774, 774
6980, 998
23198, 57
31220, 135
32921, 223
8936, 960
47381, 282
50980, 286
51233, 347
6615, 813
42764, 457
292, 980
22615, 371
35795, 521
36994, 219
64166, 123
35033, 709
29868, 510
9174, 888
1904, 2
57834, 979
67803, 8
3197, 34
7962, 886
37560, 863
48122, 889
68888, 289
66740, 571
7440, 299
39734, 20
13342, 365
20315, 231
58725, 560
56423, 711
36858, 661
17708, 9
56976, 389
12418, 793
21037, 993
17895, 685
37876, 447
34772, 773
55331, 133
54944, 505
28555, 695
11267, 55
34636, 134
16275, 76
44353, 354
22731, 724
60457, 174
36293, 217
18280, 630
56628, 156
57020, 633
54398, 267
5793, 160
54500, 905
57499, 995
776, 953
64319, 81
25235, 687
18317, 361
8660, 244
62313, 265
16914, 291
23082, 318
57562, 78
43225, 701
33817, 939
35, 188
34933, 232
40946, 50
54102, 994
63468, 650
40508, 705
32904, 591
67663, 567
59453, 305
19503, 504
5240, 650
48959, 229
66380, 965
63048, 102
48219, 784
64424, 434
9618, 522
16887, 267
49644, 598
67205, 687
21931, 745
3649, 692
64538, 846
23364, 193
55816, 218
19649, 536
67693, 460
41358, 948
51650, 795
33335, 433
14609, 69
8356, 113
66053, 437
23354, 732
18514, 456
13659, 559
30777, 201
12839, 591
343, 525
20986, 577
19795, 553
20777, 594
65063, 276
25840, 378
18218, 123
1566, 721
42595, 644
20597, 619
68950, 552
30242, 847
6533, 686
24958, 833
52512, 729
52776, 139
6030, 983
482, 22
18199, 408
60044, 554
66674, 462
13194, 439
12786, 53
59215, 637
44114, 785
69470, 423
68866, 340
25133, 94
46330, 178
25173, 312
61591, 971
57528, 327
38239, 342
31514, 794
17033, 529
26376, 579
38381, 189
34204, 281
1844, 975
55043, 339
39838, 57
52660, 145
48089, 75
4888, 538
12199, 210
22286, 166
32428, 67
30670, 857
30294, 527
19998, 576
49534, 493
37124, 846
2529, 70
35457, 756
53814, 250
19220, 192
64303, 460
56635, 893
25529, 63
25485, 8
19487, 276
44177, 591
13244, 543
42780, 604
4629, 473
52876, 521
42211, 181
68951, 796
34154, 298
10655, 866
68717, 981
57909, 228
31306, 724
19810, 838
12693, 539
56277, 510
5337, 440
751, 66
3030, 75
28819, 608
19790, 364
2153, 118
63181, 809
28177, 802
38901, 363
21941, 968
42485, 682
22826, 341
28834, 879
17165, 410
26445, 541
30414, 796
69815, 228
16109, 814
1430, 436
16124, 528
35703, 256
291, 982
27929, 287
11340, 421
55590, 524
21538, 286
40628, 61
49374, 71
23039, 192
20734, 704
42217, 423
52515, 240
3097, 391
248, 462
68055, 1000
54462, 103
20959, 228
24485, 569
47409, 781
34369, 119
32408, 842
37041, 110
27910, 633
53625, 267
35689, 412
22587, 46
57047, 798
55579, 355
39595, 322
2682, 627
34578, 361
37578, 675
43293, 883
6891, 585
46076, 128
21100, 468
49770, 535
36147, 252
46485, 808
46398, 550
27310, 919
36244, 879
12822, 773
2783, 251
17414, 826
157, 513
8641, 488
12625, 316
5807, 765
9648, 766
66591, 606
42011, 866
41353, 75
13070, 36
36965, 258
1810, 358
11327, 811
8730, 0
50297, 897
45044, 893
37525, 533
12830, 967
37440, 697
5463, 622
52739, 392
7546, 70
11749, 80
55386, 262
60099, 746
56403, 495
40127, 474
28529, 556
33183, 210
11367, 359
33494, 194
69582, 229
39006, 462
8228, 401
48782, 386
23567, 633
3005, 939
30755, 674
8014, 307
39996, 152
51992, 59
66045, 355
27980, 913
58225, 477
51879, 410
15798, 390
21354, 991
9277, 248
64574, 112
57091, 790
14455, 754
58639, 93
27654, 469
30908, 894
22405, 816
5431, 498
28136, 791
54340, 238
61901, 38
31001, 390
44619, 963
59717, 856
55157, 64
36740, 903
33902, 821
65782, 860
27819, 734
16047, 647
18227, 624
56685, 179
13031, 207
59704, 990
38443, 332
52916, 436
64267, 409
23669, 691
52006, 719
62342, 458
53273, 474
19866, 572
27348, 58
59008, 343
8012, 771
2745, 818
10858, 383
20406, 840
61575, 306
21799, 706
13897, 315
56287, 524
22954, 90
47819, 888
24978, 240
31120, 674
48398, 118
63596, 313
50146, 113
58850, 646
40384, 235
20467, 953
14140, 280
65161, 28
20173, 192
51213, 903
37534, 646
49357, 935
22017, 696
19577, 538
62457, 569
37170, 103
55039, 97
69109, 323
44793, 590
43493, 365
27633, 923
18528, 462
36872, 313
37662, 410
67772, 824
20049, 200
20299, 447
24125, 624
59778, 471
38846, 293
22115, 168
13744, 41
58954, 594
49382, 397
64454, 828
53231, 748
5377, 265
32384, 557
46155, 746
14067, 416
65911, 919
60887, 50
16831, 769
27897, 796
4878, 185
68590, 767
26696, 168
37267, 882
48062, 646
4617, 860
41233, 934
65694, 148
65361, 309
34957, 431
8275, 22
34289, 702
68171, 466
59336, 455
61573, 61
32438, 626
8827, 160
60530, 324
52661, 41
16394, 105
57569, 823
10548, 875
20236, 668
38471, 230
23298, 391
39010, 733
19212, 240
67919, 135
13604, 133
55423, 431
53975, 418
42480, 722
25794, 689
11048, 64
47869, 107
63834, 738
35517, 468
29724, 319
52350, 272
15033, 743
6794, 437
33690, 72
65508, 656
68234, 996
38511, 101
27725, 728
61187, 515
60511, 110
45992, 332
19494, 434
44093, 477
40030, 608
49429, 907
48346, 567
58602, 88
798, 658
496, 848
68194, 165
36743, 833
1140, 162
33102, 885
17062, 823
30261, 855
53872, 437
38694, 480
53411, 591
24949, 825
6149, 271
22593, 212
43147, 945
37263, 594
54775, 220
54815, 800
4787, 673
20534, 207
27937, 435
2935, 692
25520, 377
59275, 178
61383, 683
47567, 563
13228, 753
50142, 3
67352, 742
62858, 38
57298, 665
60365, 552
5325, 348
67122, 331
19166, 541
57392, 707
11570, 130
15871, 516
51519, 166
30609, 294
26397, 425
25931, 497
15742, 978
53418, 141
4587, 474
51587, 559
63103, 79
36598, 574
69916, 678
40914, 764
31812, 523
8944, 315
69700, 612
49292, 230
50077, 602
52905, 904
13994, 234
2950, 155
44017, 886
4559, 732
63362, 562
27812, 446
6386, 138
25734, 742
43416, 438
41918, 938
40443, 959
32620, 426
6281, 268
13851, 410
39864, 920
27176, 225
29068, 723
10434, 345
46501, 327
5775, 725
29234, 992
50348, 547
44269, 380
29633, 167
3073, 498
10794, 157
13035, 855
4328, 202
42523, 716
26124, 749
13364, 440
16093, 290
16928, 681
33960, 546
63669, 904
27473, 152
32826, 307
54534, 656
65672, 594
27570, 352
10360, 294
11579, 696
11893, 519
17923, 668
33546, 518
34494, 301
1607, 435
58393, 93
60783, 124
12051, 90
15509, 155
44609, 890
56136, 862
32418, 456
17189, 607
46181, 543
44767, 559
13672, 473
68933, 372
28211, 3
37071, 119
63011, 631
48964, 238
1341, 891
7753, 961
7827, 371
65271, 824
60591, 608
37996, 812
30452, 23
55862, 945
57475, 294
22119, 570
19630, 563
31674, 262
17110, 227
7883, 154
63206, 168
1688, 850
15738, 352
34487, 711
33145, 937
3159, 243
34880, 800
42825, 41
60254, 186
67799, 91
65947, 620
21380, 554
48908, 135
60002, 189
58309, 435
1207, 588
7878, 770
13958, 980
66375, 62
41586, 769
8771, 726
54418, 133
67687, 349
49819, 361
10710, 672
1479, 679
33767, 494
59888, 205
54508, 696
30767, 969
60555, 10
44506, 168
17982, 345
27540, 930
69479, 205
42222, 58
39689, 546
15209, 50
14481, 734
14482, 83
19275, 879
1700, 8
29398, 63
49064, 407
8745, 766
65243, 219
5748, 596
251, 746
54639, 148
20064, 425
5140, 119
48165, 825
11221, 841
63502, 56
26710, 212
59160, 630
35642, 554
39089, 919
32664, 621
67197, 165
62041, 916
50230, 91
30636, 41
38784, 407
48104, 936
7937, 490
8389, 602
53082, 294
36406, 513
2490, 505
37817, 85
21092, 521
22072, 32
47963, 368
18882, 285
28366, 859
14368, 385
37865, 990
29495, 434
21301, 934
51747, 521
47875, 968
51032, 854
8905, 666
43128, 879
16660, 965
35894, 147
57138, 891
8267, 920
66419, 831
43181, 565
48873, 171
35954, 708
52686, 560
30204, 457
41289, 114
21965, 872
14742, 711
22883, 712
30634, 305
41422, 99
30128, 745
40534, 627
19251, 953
20412, 915
12552, 23
10260, 447
41920, 877
24961, 476
55705, 827
58064, 276
8864, 352
69989, 467
59062, 577
27865, 337
2465, 793
30559, 198
36942, 761
12970, 221
62896, 394
14816, 848
20443, 157
32774, 227
65871, 970
27275, 22
35917, 771
12890, 41
20043, 449
12995, 120
25866, 350
19453, 978
13522, 265
50488, 761
20844, 379
23810, 248
2451, 427
28615, 356
31254, 399
49155, 660
61341, 983
3429, 188
51058, 466
61274, 567
63700, 327
65139, 869
46493, 267
13130, 859
32908, 257
64391, 355
16884, 758
62623, 145
54348, 722
30661, 922
13497, 536
26051, 256
56873, 592
56724, 209
54307, 331
61333, 160
67854, 227
27131, 476
2477, 738
18295, 798
8675, 105
37614, 356
39897, 957
42107, 686
34893, 386
42348, 753
49118, 759
38235, 844
36278, 458
63142, 71
54441, 854
63670, 391
6699, 636
66133, 905
61990, 215
18471, 718
39757, 401
5244, 39
12902, 8
34702, 478
26561, 641
41970, 83
32256, 122
63465, 252
63043, 831
62879, 812
65388, 52
24320, 297
26851, 127
36882, 29
57006, 43
46946, 582
52653, 516
2318, 202
59524, 766
545, 588
66191, 393
10950, 61
48576, 473
40006, 341
38611, 868
53632, 401
63894, 669
4808, 157
29722, 179
53621, 581
64546, 850
55384, 169
47306, 58
37812, 668
58852, 504
5454, 630
17228, 310
11686, 42
9521, 706
69725, 359
32808, 765
10449, 308
67797, 954
43445, 844
25927, 746
8871, 910
7767, 541
16019, 487
41935, 271
47711, 21
50817, 769
9160, 657
36533, 934
55899, 9
34184, 219
62402, 36
62826, 805
28447, 120
19631, 799
9698, 918
59156, 722
47447, 674
863, 759
42456, 9
31192, 349
12868, 59
59450, 976
42019, 923
25762, 278
7966, 337
60936, 382
57461, 939
40262, 495
1165, 841
61817, 525
25727, 247
15096, 602
45925, 335
3920, 78
38374, 152
449, 840
64167, 729
37346, 197
26799, 772
62900, 885
29806, 417
8322, 515
34991, 295
39297, 350
42017, 572
68246, 72
41947, 839
63681, 4
64620, 788
51910, 50
62572, 249
43299, 421
14288, 698
927, 93
41698, 995
16268, 748
41691, 276
63268, 355
34961, 96
9966, 617
40710, 749
37469, 463
1491, 129
63518, 336
36468, 767
14352, 343
66512, 964
51397, 42
23593, 437
69006, 163
64971, 393
22396, 778
25665, 139
24741, 246
34624, 704
45077, 673
10285, 825
11677, 55
59221, 937
46420, 838
45623, 91
5555, 727
45472, 384
52149, 440
54310, 793
8637, 470
52881, 132
57571, 314
40685, 259
47540, 399
10415, 423
32295, 545
46918, 36
45821, 940
40057, 961
40858, 986
232, 550
4180, 597
58276, 55
60551, 394
59016, 394
48881, 309
45298, 99
17814, 534
10429, 328
30892, 344
36812, 121
29047, 901
33078, 84
60165, 991
62262, 139
10378, 480
39235, 521
66024, 103
48407, 924
24901, 863
13478, 691
63862, 987
50888, 734
47681, 227
18260, 986
54983, 131
31446, 523
55752, 448
38139, 640
32152, 798
13803, 534
69665, 236
54491, 271
37015, 941
22795, 44
43219, 497
27723, 574
69272, 222
7436, 112
66964, 731
3897, 966
23052, 580
36763, 363
12688, 716
40335, 754
55835, 121
14803, 427
12546, 315
42094, 842
69476, 803
426, 591
510, 372
56548, 200
15721, 934
50793, 48
58125, 656
65097, 189
60191, 5
9422, 214
57539, 991
39241, 426
38121, 621
24668, 345
26172, 436
18395, 610
13964, 579
62234, 294
65373, 442
57697, 353
39611, 164
48426, 239
28301, 338
67771, 65
55881, 355
41406, 785
53165, 561
6984, 694
68027, 369
57703, 957
7505, 383
26599, 382
36505, 80
40562, 390
8001, 736
61609, 529
60450, 74
7028, 237
66953, 366
28239, 166
57593, 49
12133, 330
51682, 655
19454, 459
51877, 463
26872, 681
46831, 318
39733, 280
47094, 291
22314, 916
27133, 610
52544, 302
34665, 399
30729, 666
40560, 978
34675, 471
55440, 855
41934, 694
48064, 426
64847, 640
24434, 126
12172, 468
67752, 645
57976, 506
55144, 505
29731, 539
4853, 212
9747, 347
60331, 909
38642, 514
38952, 310
21550, 777
12348, 398
40846, 185
66620, 680
45505, 202
5375, 320
47439, 472
69622, 538
58145, 293
19389, 167
11824, 972
28552, 406
38908, 394
31062, 132
37022, 225
33613, 398
35595, 795
13697, 631
34851, 148
45310, 65
55069, 49
19801, 523
50257, 84
30291, 657
9232, 403
21747, 481
51114, 5
26713, 821
25091, 460
31082, 613
65958, 531
17060, 94
31188, 180
4586, 758
65295, 842
7537, 64
33041, 581
69746, 661
59968, 293
31394, 613
52165, 754
37596, 192
3458, 599
12640, 990
16613, 798
21426, 41
20577, 67
7286, 800
4433, 478
64903, 547
6943, 214
30372, 721
60928, 50
41481, 363
38815, 39
2780, 425
56292, 299
54062, 253
31302, 238
54712, 130
3477, 664
12220, 836
22002, 734
25883, 450
13556, 97
24912, 675
30569, 844
50192, 94
9081, 658
56792, 157
14452, 42
62811, 980
69860, 537
1000, 871
15339, 89
28164, 812
26203, 143
41521, 10
10214, 990
20217, 977
3451, 259
15979, 567
15782, 443
59480, 722
63563, 170
19542, 926
34683, 421
12562, 815
21352, 717
29670, 906
42507, 966
15292, 471
28717, 362
5472, 698
27146, 741
23732, 766
24651, 287
9097, 535
61247, 747
7869, 77
23393, 219
23815, 427
2887, 258
6168, 994
37317, 79
8456, 601
64463, 279
25864, 80
25490, 196
18678, 867
16430, 903
36738, 645
13585, 706
29941, 763
62436, 603
23155, 357
32476, 925
31485, 696
64104, 958
31476, 881
30255, 7
26764, 832
3444, 600
60901, 194
60633, 950
68795, 524
55576, 756
36358, 83
55124, 331
985, 33
13106, 327
33678, 611
29085, 719
43328, 824
51644, 597
37173, 609
41264, 117
4745, 566
28214, 485
727, 556
24665, 919
27457, 435
53133, 567
16026, 175
26912, 891
65092, 984
31388, 739
9444, 735
45145, 705
22892, 629
12775, 494
68760, 534
69910, 822
20475, 794
3821, 98
48838, 674
49869, 485
6791, 584
27252, 626
3252, 838
24886, 850
43115, 499
23822, 104
44276, 254
60009, 12
10558, 906
12644, 829
9329, 698
14755, 952
32707, 313
10516, 774
69423, 491
47128, 204
48069, 957
40164, 390
66145, 63
15728, 242
51845, 241
39954, 642
21555, 722
69788, 361
16541, 887
20494, 463
5311, 609
38829, 845
14574, 393
49759, 635
23336, 838
47762, 431
58659, 148
38449, 50
49813, 852
51521, 23
35476, 305
35971, 878
49444, 180
3853, 415
61201, 703
19016, 838
65138, 584
51308, 444
36265, 498
53525, 426
36132, 427
24338, 612
872, 938
44736, 891
55887, 727
67896, 695
29209, 802
62335, 794
65986, 943
59614, 408
8288, 841
51810, 203
2964, 328
50065, 853
33803, 277
18841, 130
31956, 841
19303, 443
33769, 162
69977, 844
4593, 136
66095, 598
23244, 195
66676, 132
2977, 259
57876, 173
48508, 661
36024, 360
64628, 391
52183, 492
2506, 553
7338, 2
56810, 194
57972, 162
20111, 29
31246, 175
21005, 972
36588, 540
63095, 90
32755, 481
21421, 573
69327, 560
42098, 331
61885, 639
21889, 836
36661, 393
35363, 724
40824, 988
33197, 392
53311, 641
61161, 781
30510, 196
59286, 294
58371, 618
36641, 955
37840, 634
29202, 445
42787, 201
52130, 753
25315, 306
52334, 489
38947, 557
57532, 545
51486, 15
52517, 586
14100, 10
39371, 418
66373, 995
53979, 261
11055, 840
45917, 579
48061, 944
16403, 549
6013, 930
32705, 140
27418, 340
37557, 138
50360, 574
57200, 58
40773, 624
43665, 693
47432, 13
37872, 159
12579, 151
34838, 382
20492, 425
53529, 4
1182, 626
13870, 390
58720, 77
41413, 365
1247, 374
62098, 313
34111, 926
24144, 851
66864, 254
14990, 5
16858, 40
63847, 433
69958, 949
6742, 449
13603, 953
13444, 313
17534, 168
27209, 563
22274, 92
13823, 525
29891, 462
39069, 423
27097, 335
33179, 976
574, 671
49224, 763
55286, 277
40034, 600
50122, 133
62880, 51
23418, 661
29830, 812
49671, 102
50929, 357
34468, 106
7638, 355
64264, 438
48381, 12
28039, 394
28914, 215
11778, 991
58794, 823
62368, 270
3020, 409
653, 546
63439, 778
68373, 67
58292, 973
27679, 154
46351, 862
18069, 288
11585, 210
2311, 539
29259, 744
41507, 384
8965, 741
38049, 39
21259, 114
18279, 548
11485, 935
1861, 678
48532, 402
9734, 796
53180, 944
12729, 539
69615, 575
47231, 465
56938, 790
24322, 224
5120, 598
65235, 846
36394, 164
51617, 978
22733, 428
38761, 180
10273, 620
41673, 354
60121, 411
67468, 935
31695, 16
43887, 117
30503, 449
7220, 424
44150, 865
8768, 749
31973, 334
20181, 990
45565, 198
65537, 858
62934, 282
63005, 403
12266, 411
42519, 439
53223, 397
45059, 597
13270, 811
31257, 158
59897, 558
9100, 56
32683, 469
34290, 305
53214, 738
5073, 467
66577, 386
67304, 983
10330, 502
1760, 180
27838, 812
50947, 581
64300, 375
34523, 810
44243, 538
59551, 22
43592, 351
63444, 868
39384, 628
45816, 592
41109, 556
14966, 252
62676, 292
37516, 735
48656, 355
59658, 823
32288, 10
43889, 447
8753, 919
26253, 602
59276, 660
52236, 930
53873, 846
64496, 183
62984, 873
627, 166
62915, 752
44965, 741
46533, 820
58865, 725
12908, 275
42735, 818
12684, 672
4188, 81
62958, 409
29642, 571
59413, 940
41568, 846
15644, 618
26576, 389
24597, 111
30206, 477
12185, 692
49523, 570
61871, 545
36938, 295
62243, 649
20608, 716
40183, 657
4620, 319
25379, 237
49530, 707
31993, 312
63639, 572
3520, 263
4809, 346
50322, 213
3141, 345
8836, 352
26102, 714
17589, 302
26779, 200
11341, 945
33027, 631
16769, 892
63539, 294
55853, 318
41091, 337
42347, 198
68986, 45
69050, 588
1512, 688
59878, 870
41314, 663
37724, 620
56576, 107
19688, 315
40986, 642
67170, 33
3531, 188
44002, 481
26195, 584
9254, 755
7923, 840
40812, 431
33093, 754
65610, 131
8329, 710
24609, 384
14690, 556
43455, 908
28210, 468
63162, 981
51, 152
19321, 788
60688, 292
37828, 837
11320, 776
5750, 359
3427, 318
63784, 925
59198, 297
23477, 92
11965, 926
29599, 661
57097, 258
69865, 196
58469, 126
38555, 802
63990, 893
61782, 400
57478, 12
69157, 615
28472, 352
38227, 317
62521, 699
45727, 516
32460, 953
49522, 321
22412, 901
7890, 543
67142, 361
69009, 440
58136, 912
53049, 106
8067, 541
66766, 45
33483, 675
26955, 816
51739, 723
49876, 442
45058, 24
33573, 775
18330, 291
62994, 779
58810, 398
45853, 718
69799, 752
19957, 346
48759, 184
36517, 42
21174, 117
21290, 400
42968, 157
26508, 868
59091, 114
66999, 635
15969, 606
21306, 642
27863, 68
9788, 729
37672, 682
31761, 525
58281, 176
58171, 835
21588, 253
7933, 238
37606, 76
60036, 42
40690, 312
4573, 668
32527, 656
28293, 605
51441, 527
47423, 241
11355, 726
21402, 525
25702, 866
57741, 744
67342, 275
68281, 707
22895, 875
52031, 385
1042, 663
51619, 235
59359, 256
48736, 255
33639, 478
53940, 71
24135, 119
4009, 988
59566, 808
25254, 743
28050, 13
44058, 108
65299, 528
51385, 160
10006, 733
6146, 307
45704, 477
21623, 330
69149, 203
52550, 116
42031, 268
40673, 10
52597, 935
35551, 925
43210, 520
17494, 495
67190, 753
38392, 650
27105, 283
69691, 514
63298, 882
64933, 546
32524, 92
46569, 338
2988, 611
50563, 530
14861, 164
13268, 383
27313, 896
35492, 306
640, 829
31392, 303
35170, 314
16165, 805
40913, 119
24817, 140
53626, 687
58705, 285
19383, 417
47774, 14
49069, 746
38466, 883
15948, 574
3807, 535
50999, 653
9210, 996
42857, 74
11874, 142
68743, 679
9541, 286
46040, 138
65959, 452
19301, 130
59714, 816
69015, 249
15373, 958
5136, 246
69407, 121
35026, 274
63757, 244
14347, 148
61972, 190
69130, 539
39431, 375
51672, 876
17883, 336
34804, 179
34947, 361
7061, 218
27973, 252
51265, 375
60814, 958
67688, 4
8433, 162
63217, 496
16964, 387
8078, 178
51597, 203
17292, 802
26248, 943
69705, 401
66552, 979
35096, 789
26125, 801
66241, 433
65179, 59
62129, 926
55827, 835
20891, 796
53430, 461
24064, 758
30105, 457
60713, 601
5733, 71
23430, 828
66272, 415
22014, 981
12036, 157
4535, 640
47367, 857
46251, 996
61603, 653
55056, 992
50717, 311
35244, 35
60923, 93
2724, 277
28122, 227
10590, 45
33222, 398
41917, 596
15704, 128
60379, 667
69562, 521
6457, 562
54474, 25
10685, 843
67898, 246
19745, 929
20200, 265
63421, 412
39754, 390
69642, 947
56016, 742
38549, 331
15621, 220
8037, 125
53404, 699
39707, 782
8009, 875
26288, 488
67067, 995
52094, 513
46387, 981
29709, 974
3904, 719
24843, 500
67646, 17
62489, 808
58305, 307
6137, 820
32065, 534
33064, 365
43684, 958
2902, 625
65951, 650
28399, 164
2244, 984
56907, 503
20665, 184
46259, 811
44192, 772
67261, 592
55114, 19
42153, 287
8567, 948
27671, 452
22898, 218
24018, 286
48849, 729
40321, 158
7224, 357
49414, 358
59823, 590
40537, 300
38498, 565
69072, 720
18624, 378
32665, 786
31546, 751
63440, 353
62759, 599
25672, 897
4730, 348
64533, 235
17653, 974
20997, 827
64851, 841
58380, 891
42743, 922
16149, 329
16548, 992
65103, 345
1662, 961
65199, 84
42843, 133
34453, 73
54860, 839
35520, 111
1270, 277
58187, 970
9582, 562
6413, 392
8968, 682
58955, 260
13956, 851
43070, 451
12736, 105
40675, 640
46954, 244
64400, 212
17433, 316
32310, 768
63367, 401
25170, 969
45143, 208
6180, 75
40258, 479
21470, 283
54607, 243
33645, 941
64425, 741
4303, 326
58112, 891
66325, 578
21077, 665
55254, 247
18282, 727
28551, 245
42213, 575
58876, 813
4929, 392
58421, 261
27327, 277
13133, 958
16333, 602
13623, 528
16148, 374
38323, 827
33842, 81
44363, 891
46685, 559
20800, 234
59835, 206
1379, 283
45238, 464
3946, 557
55632, 57
53987, 508
38102, 66
25871, 199
31645, 9
39398, 838
6614, 735
63637, 537
65791, 941
43277, 776
25391, 743
32646, 694
17324, 262
65140, 860
42768, 440
33957, 300
60799, 927
20400, 314
31037, 976
30498, 0
10122, 610
54272, 668
31548, 147
61483, 647
64131, 871
23000, 111
48099, 589
61060, 32
28018, 591
32305, 779
16872, 400
7331, 689
47270, 413
41602, 634
56094, 347
45940, 921
46218, 969
55299, 12
14499, 587
31755, 301
52144, 514
69071, 952
39225, 604
52723, 642
62092, 678
57098, 290
6447, 902
62774, 677
28235, 80
15432, 443
9493, 253
26426, 121
21194, 667
67845, 771
65868, 79
32073, 165
9223, 896
35567, 688
26755, 92
65427, 455
65019, 644
16307, 450
53571, 741
54582, 481
31747, 897
9699, 566
42575, 693
10625, 250
32896, 156
47718, 484
36220, 429
22582, 785
25212, 878
16222, 866
6690, 415
6406, 304
45146, 115
43939, 353
54783, 820
58184, 77
67082, 897
13143, 32
43806, 522
56227, 798
11897, 412
21285, 310
28734, 203
18112, 936
40296, 418
55444, 755
43965, 647
53838, 14
62259, 743
29572, 140
43641, 672
68263, 353
49315, 704
49417, 902
51777, 499
35142, 660
29516, 875
44611, 912
1969, 461
64033, 191
40105, 553
24967, 761
25240, 102
8326, 24
69362, 395
41639, 181
64493, 914
68689, 672
18071, 724
28804, 154
5776, 689
69068, 494
37549, 221
6293, 341
53459, 209
55263, 808
32106, 804
67385, 929
36760, 57
50016, 420
46159, 679
28333, 807
28533, 241
24977, 757
52176, 605
58815, 985
60238, 713
11283, 814
48360, 308
13767, 808
29953, 598
63582, 20
32250, 957
57704, 626
19560, 411
60290, 612
3466, 603
32879, 289
66440, 354
25157, 989
25622, 754
50043, 895
21617, 211
57674, 78
66868, 413
55602, 831
58502, 441
15301, 197
41957, 993
50990, 573
67821, 946
42973, 313
57605, 38
51906, 521
41486, 949
22318, 235
60578, 739
9635, 111
9355, 38
49540, 47
42311, 172
30631, 63
40192, 144
64365, 867
28486, 79
22783, 199
22145, 45
9924, 274
46202, 236
44791, 43
59222, 437
59013, 794
45735, 544
9803, 86
52404, 513
17413, 347
56471, 304
33147, 595
31743, 900
14578, 345
39808, 764
44278, 534
38261, 427
64517, 999
29560, 25
20570, 469
19430, 149
49939, 367
21249, 555
31850, 385
31245, 676
43227, 357
51137, 595
20040, 155
57286, 0
16145, 827
10976, 490
2975, 702
2847, 798
38497, 417
19200, 532
58238, 717
25846, 583
22290, 212
7526, 963
59095, 778
5252, 627
57217, 767
15522, 362
10397, 830
35258, 711
2758, 0
55449, 737
4380, 404
54296, 907
48156, 452
9435, 378
37793, 219
33831, 861
34931, 765
46000, 74
2175, 596
48035, 375
19960, 940
66391, 440
22074, 469
61486, 783
13865, 91
46979, 328
46042, 362
31808, 684
65976, 375
28128, 932
48825, 167
3166, 664
7102, 404
25495, 717
21542, 296
57987, 22
27538, 998
39567, 584
40735, 50
66083, 920
12202, 3
59922, 102
43011, 790
9019, 546
51494, 634
22316, 771
924, 922
56036, 14
23675, 870
20128, 955
29426, 77
69857, 441
33849, 184
59721, 515
40078, 975
20874, 967
29150, 887
41147, 103
13582, 633
30363, 9
55058, 680
8893, 346
38796, 105
68047, 411
33956, 826
43676, 353
40483, 450
7449, 515
2138, 894
30032, 115
7842, 949
5777, 698
24258, 492
52985, 895
33911, 249
31493, 794
15131, 852
42335, 559
26769, 638
42070, 406
31824, 685
37290, 898
11732, 851
32161, 876
15271, 884
47430, 625
56752, 288
62782, 685
41797, 263
37665, 900
28950, 710
43560, 634
41564, 735
8628, 632
43475, 149
9763, 213
269, 233
6068, 257
57253, 3
44013, 883
65026, 715
49398, 100
35130, 64
66648, 874
14527, 904
7174, 983
22452, 883
40001, 123
24902, 930
62526, 363
41172, 279
12907, 752
7784, 984
65397, 708
17731, 213
15529, 29
15649, 762
50467, 727
14402, 876
23556, 724
38608, 782
16269, 110
16663, 801
55153, 379
68116, 935
16955, 851
25787, 768
23160, 848
8677, 476
44759, 389
7886, 258
25457, 723
37785, 915
30976, 894
39889, 524
36145, 459
37520, 975
13440, 78
22484, 743
27544, 765
38583, 35
65546, 216
25178, 606
50228, 422
53703, 898
50397, 499
33105, 946
11498, 480
6245, 737
15508, 39
2880, 317
67292, 262
64201, 619
30772, 498
5333, 333
35516, 884
13111, 338
62540, 65
69679, 543
61818, 13
32436, 173
49946, 548
44576, 1
22009, 389
7800, 346
23935, 788
57407, 627
65124, 797
54100, 4
9791, 730
45538, 630
35879, 502
26412, 593
53007, 153
24013, 761
6366, 442
8923, 326
17960, 21
28695, 839
8659, 359
52952, 924
62735, 728
67479, 573
4457, 133
12649, 461
29126, 399
63531, 481
3362, 811
42527, 142
25904, 488
53011, 175
1037, 799
69779, 506
29251, 637
57110, 237
8059, 260
68011, 592
67650, 551
68270, 994
14639, 946
45733, 858
32278, 62
48434, 90
22553, 612
53962, 425
9218, 148
40137, 262
27565, 435
59299, 203
35702, 67
28176, 375
48575, 26
57531, 310
4396, 896
31211, 187
31987, 295
8436, 555
64506, 991
21718, 165
42836, 315
33492, 800
68780, 593
41208, 211
2751, 419
67240, 219
21782, 869
24567, 982
11458, 472
20612, 634
28637, 420
63075, 888
49480, 560
25541, 431
4064, 303
15119, 685
36884, 658
59980, 493
7855, 121
55966, 482
3900, 737
22830, 822
68211, 268
50952, 104
7225, 658
36208, 608
56690, 648
50284, 881
29110, 157
16893, 977
2472, 20
35473, 53
40171, 636
2575, 368
40292, 801
47782, 374
18077, 274
42298, 829
11811, 561
54110, 997
33168, 711
32131, 118
19976, 575
1955, 160
66944, 478
56486, 183
32070, 725
16085, 190
1763, 227
9848, 278
41381, 725
19787, 170
21943, 546
14557, 976
13805, 627
50067, 738
27798, 189
61214, 460
20469, 505
5221, 693
47014, 459
28964, 837
43693, 79
34102, 563
49553, 444
47148, 897
7574, 470
9121, 441
43371, 889
21697, 205
21236, 603
20000, 529
15148, 426
28040, 421
20427, 931
22996, 571
11557, 930
7157, 140
40540, 498
2917, 867
5011, 933
4070, 603
26139, 822
32817, 663
28918, 716
46314, 822
56931, 188
2196, 791
62035, 578
22906, 912
69640, 250
30238, 308
7815, 391
15639, 543
18909, 126
40022, 325
51547, 24
44168, 42
53643, 229
18472, 837
39230, 179
32303, 256
34496, 991
12550, 307
31367, 85
52867, 51
49574, 818
27719, 464
28389, 6
23161, 359
7955, 574
56828, 249
25023, 404
67508, 15
20126, 743
54473, 733
7822, 489
45372, 751
53580, 367
3187, 1000
39208, 70
48289, 469
55126, 345
50335, 732
36983, 533
33180, 332
69309, 633
33152, 722
69646, 890
24717, 981
19161, 587
69506, 96
29464, 246
8064, 920
40455, 29
7775, 71
54356, 918
29653, 717
63054, 94
64902, 299
44062, 514
58567, 727
61267, 7
49471, 94
42727, 301
5951, 732
50277, 500
50438, 683
42179, 29
14670, 781
5542, 888
9951, 579
52308, 406
51433, 38
28977, 193
10, 407
56131, 327
64601, 476
1431, 237
7636, 145
1277, 309
38715, 494
12781, 317
4036, 875
56608, 52
17424, 966
34189, 392
69547, 44
67962, 702
47984, 789
27983, 768
26052, 444
61611, 853
59921, 691
54976, 958
42984, 902
59209, 301
35052, 426
57630, 103
35036, 250
36920, 893
7956, 431
67049, 578
30089, 759
63553, 611
44830, 724
55541, 199
12884, 833
35969, 930
29485, 808
33641, 620
57226, 735
69064, 371
6565, 563
28812, 404
15630, 201
56625, 214
62298, 195
65077, 796
2787, 196
46937, 242
12137, 365
22641, 581
32177, 589
23899, 345
45956, 208
53559, 157
46558, 185
49600, 106
55516, 646
66331, 241
6125, 496
68636, 759
39273, 50
51776, 105
15348, 250
20245, 1000
62737, 558
23804, 710
39881, 418
29733, 827
54858, 725
69411, 35
57797, 585
22044, 923
59561, 626
17311, 771
34599, 695
26130, 270
52171, 505
20221, 329
68764, 714
28927, 835
2074, 151
79, 13
35886, 67
51202, 703
30371, 323
9149, 915
29624, 147
18072, 178
7031, 400
59367, 73
57846, 388
54693, 492
11405, 287
65793, 713
24402, 512
59752, 646
43180, 506
67384, 543
35064, 157
35918, 691
45410, 660
37700, 375
25658, 799
52611, 303
59250, 789
39624, 813
62981, 881
69305, 884
18036, 293
42346, 653
69271, 327
22815, 329
56218, 108
34070, 959
31858, 799
59386, 294
27731, 648
65862, 376
52411, 531
39357, 794
39337, 155
1681, 496
48636, 483
3233, 84
41870, 351
63635, 214
62114, 220
51084, 646
20011, 935
12149, 460
29974, 424
43322, 587
11633, 607
41541, 307
65877, 494
4200, 670
53044, 294
60788, 397
26498, 873
1746, 372
17240, 317
12843, 267
30850, 454
37125, 68
54199, 803
67249, 42
62218, 611
63575, 878
756, 826
24802, 58
11934, 826
2636, 461
13573, 991
53352, 818
7135, 713
58965, 652
13978, 223
8193, 796
28699, 327
43733, 382
33143, 937
31734, 691
4128, 971
31688, 966
32890, 124
1580, 870
10496, 5
18570, 671
18710, 376
13062, 804
52997, 425
46457, 446
4352, 840
41931, 511
59425, 524
7752, 211
51480, 56
63482, 101
28025, 181
4317, 866
31571, 800
16714, 255
57801, 476
19048, 972
425, 233
2703, 348
12262, 863
45170, 26
65515, 239
54298, 688
2808, 4
17908, 733
6381, 740
69627, 675
41826, 402
2429, 468
24022, 334
605, 940
69082, 679
66871, 983
62185, 668
42044, 107
5100, 616
14301, 734
11368, 950
64125, 300
51475, 243
12269, 146
21108, 300
44718, 708
16560, 40
65548, 327
13892, 77
35025, 633
22134, 938
6553, 675
56168, 353
67245, 604
62056, 361
6867, 636
55108, 508
51917, 752
19381, 435
41994, 127
50677, 298
7149, 588
64749, 435
4508, 327
56581, 864
51765, 969
39295, 816
69932, 93
43813, 471
19861, 2
50274, 696
7746, 256
33233, 565
48478, 387
6035, 270
68758, 816
44087, 688
61545, 844
31988, 359
54821, 459
26407, 993
31942, 693
53240, 678
35095, 879
22604, 748
65874, 43
17412, 487
36092, 297
60389, 700
36806, 898
61713, 284
44106, 17
16937, 439
61964, 280
29905, 168
32599, 963
57330, 696
15281, 983
51327, 255
55450, 194
15535, 545
38812, 976
40578, 501
60446, 158
6693, 844
17533, 364
60806, 748
21364, 919
8081, 305
65261, 231
47515, 897
20625, 108
58716, 914
26173, 780
2366, 853
13337, 714
32498, 11
14403, 332
18170, 899
57861, 278
60889, 46
22850, 400
4102, 700
34790, 349
48663, 713
23241, 813
53680, 79
6425, 656
19636, 114
60914, 376
30620, 57
7830, 821
45562, 319
55508, 664
21268, 717
64887, 507
62709, 832
67254, 664
48243, 95
51550, 441
3918, 376
23335, 325
23821, 319
20983, 48
19298, 980
52907, 545
40865, 424
12816, 329
17755, 141
44544, 137
56091, 103
35380, 445
10791, 818
35039, 583
3436, 841
3013, 887
25549, 602
24037, 508
37184, 966
7080, 402
32054, 170
34215, 589
59907, 28
60305, 473
37330, 152
69201, 176
39072, 205
35870, 758
23987, 813
61499, 555
50965, 947
61455, 394
27100, 112
17485, 997
30860, 882
26989, 437
28683, 950
12689, 8
759, 306
34377, 369
10261, 122
48926, 801
17415, 992
23709, 844
24260, 109
53947, 400
46686, 86
62541, 887
27646, 727
51790, 576
69503, 801
68748, 262
36009, 273
58766, 694
17373, 192
63880, 471
67893, 804
53903, 620
47483, 145
34375, 288
18264, 901
57341, 884
65338, 953
65327, 16
34150, 864
63930, 850
40397, 950
31718, 299
9109, 353
45376, 238
12738, 162
33542, 296
47831, 283
49426, 875
11973, 564
40064, 387
10199, 49
27135, 116
62747, 825
59121, 628
52794, 431
32309, 489
31974, 876
12651, 13
41618, 72
4335, 810
28657, 114
18436, 889
35053, 23
68214, 782
557, 834
10952, 336
61661, 505
34828, 69
44275, 979
45755, 893
11152, 912
40724, 961
12343, 271
12549, 369
45560, 18
34734, 668
53854, 667
64108, 801
46703, 473
63929, 379
56846, 940
24059, 433
52489, 598
62437, 305
6817, 193
45815, 414
53787, 461
50244, 928
34024, 128
65498, 557
60407, 841
55475, 156
38548, 312
45586, 560
6199, 434
49485, 656
54478, 209
30451, 323
56708, 132
69892, 166
43072, 166
5925, 837
3512, 732
59189, 85
67742, 238
53541, 715
30488, 338
30002, 836
40619, 447
3246, 124
58317, 882
45516, 810
41005, 350
69978, 938
56155, 746
13358, 706
42234, 546
61073, 99
62417, 759
37242, 513
21316, 611
7274, 922
31515, 88
10409, 531
12555, 52
28327, 873
4972, 854
19003, 971
15013, 64
55224, 534
50977, 262
8950, 5
19715, 348
54918, 422
61399, 732
40819, 979
14363, 298
54846, 591
29989, 267
16518, 796
22939, 671
39559, 534
67679, 955
46443, 866
46130, 145
35559, 307
54419, 785
62516, 305
56204, 251
53695, 33
64014, 934
15133, 341
16675, 225
12734, 54
31300, 950
14445, 835
65022, 348
25511, 706
20358, 562
14561, 131
15651, 567
44123, 436
52511, 259
16751, 791
60412, 161
53107, 303
37682, 251
62791, 72
57700, 808
25205, 167
65131, 793
55021, 765
66762, 197
36978, 52
33001, 540
51801, 188
63728, 315
17926, 279
25590, 96
17258, 725
26750, 892
45262, 587
266, 790
18559, 447
24173, 517
69810, 825
31305, 63
2990, 805
6333, 224
13140, 493
35974, 710
15500, 283
15414, 739
12426, 360
66873, 997
49536, 296
18582, 196
40427, 97
14533, 28
64960, 536
54407, 237
51232, 951
49153, 734
50157, 4
66130, 423
9069, 728
13898, 886
58688, 158
53245, 173
12061, 304
33736, 572
59786, 426
58546, 594
151, 685
46976, 796
62211, 868
60401, 620
23635, 696
15759, 366
44405, 492
21595, 659
41954, 160
42534, 701
47299, 775
14741, 978
47680, 84
11259, 173
27641, 139
30325, 790
12636, 241
37980, 1
37467, 480
52258, 910
29271, 159
54932, 941
30858, 616
40226, 966
48852, 894
17991, 966
58027, 95
24456, 677
69837, 960
11978, 454
30903, 177
11170, 172
33211, 480
63279, 620
32507, 53
24110, 308
40533, 584
10672, 152
10978, 784
48543, 906
45092, 185
42920, 285
9004, 427
34402, 799
47670, 986
43291, 521
31768, 38
22430, 764
23923, 398
51667, 567
48096, 487
38249, 527
24344, 874
18135, 92
13900, 804
23679, 188
17376, 909
29219, 155
24361, 527
52956, 427
52225, 951
42701, 495
23583, 118
61949, 718
30948, 942
55599, 64
24754, 718
45005, 209
59613, 261
47291, 487
69059, 937
11799, 703
15458, 541
56864, 730
51080, 739
67096, 831
51848, 359
42566, 603
4566, 757
22946, 213
61687, 786
31385, 993
65858, 347
23598, 167
32737, 827
16780, 639
19835, 83
553, 672
42564, 889
27369, 763
41971, 717
42053, 80
10504, 898
2080, 272
31641, 168
8211, 539
57147, 534
17241, 923
5718, 725
43336, 63
33741, 425
25282, 467
10172, 251
24900, 5
28208, 751
14745, 646
42399, 945
9608, 820
12421, 155
39076, 13
66005, 429
54977, 189
48603, 909
16142, 272
62618, 54
7851, 235
39142, 677
3513, 120
31658, 807
51543, 806
63812, 972
56848, 24
28714, 135
68102, 205
54652, 82
46284, 928
8583, 410
10864, 956
60078, 272
14341, 125
40202, 468
11569, 258
39947, 161
54133, 548
17058, 400
60025, 45
8079, 98
60855, 898
35613, 486
46820, 888
52634, 717
11774, 913
4948, 762
69628, 754
59187, 28
40918, 66
45685, 77
61868, 570
27, 939
63867, 112
47975, 697
44467, 134
52276, 114
5236, 640
39291, 931
34928, 216
43119, 172
28034, 903
26093, 439
60031, 772
53737, 402
53707, 798
43523, 225
25994, 27
31214, 946
68015, 690
19894, 627
3913, 272
56506, 890
26382, 222
40473, 276
46938, 9
46131, 39
35155, 21
15600, 566
65613, 715
12330, 902
25475, 968
34008, 356
19015, 802
66923, 49
44746, 490
13010, 787
61437, 276
64940, 972
65147, 443
30181, 251
16601, 175
52423, 963
8957, 671
32262, 223
716, 274
56777, 985
40665, 997
60579, 802
21909, 459
34750, 440
1750, 682
26658, 486
38720, 411
9353, 717
53401, 818
20434, 906
45427, 539
11305, 512
12952, 361
45314, 698
30300, 366
12561, 102
59402, 232
54784, 505
47917, 1
60582, 365
1789, 955
52967, 681
55594, 272
21919, 546
67494, 465
67997, 924
64599, 464
49892, 434
49158, 800
18237, 831
20859, 22
35725, 841
17013, 711
44143, 684
46973, 16
39218, 638
66619, 139
16082, 430
29614, 879
14121, 667
44382, 78
34619, 230
6629, 945
48211, 912
69808, 251
35876, 382
21963, 745
5383, 963
13834, 49
34595, 614
53292, 30
31899, 840
24188, 507
2081, 356
65344, 970
23140, 803
47797, 403
23622, 776
16687, 637
40331, 693
26885, 627
40952, 643
38852, 800
19761, 549
18177, 329
30358, 561
40145, 810
36558, 245
43852, 920
61677, 427
20673, 629
3296, 381
50357, 269
32779, 991
22532, 544
51508, 673
8850, 311
19887, 683
16610, 373
50807, 571
66442, 69
4072, 505
26557, 453
47230, 610
45646, 919
41385, 96
35701, 638
9762, 526
40935, 681
220, 45
48604, 307
40594, 764
37021, 51
14662, 612
56516, 868
30257, 239
61059, 702
24673, 863
2270, 271
52553, 831
65971, 764
18496, 79
17229, 572
29182, 519
60520, 911
18704, 984
52893, 567
1282, 148
24357, 987
43705, 239
38787, 520
30233, 571
58040, 342
24508, 682
55851, 359
19854, 470
13742, 316
50145, 24
59608, 356
64802, 992
12153, 592
59316, 239
823, 258
40083, 535
56883, 537
35191, 62
25390, 235
38655, 536
55088, 876
8716, 692
5799, 475
60791, 885
26433, 393
16422, 296
970, 893
42060, 975
30995, 867
66891, 364
31882, 295
64208, 554
61297, 494
1105, 998
38214, 937
9125, 98
13986, 850
39698, 646
27620, 544
39315, 73
22403, 332
10725, 370
69956, 417
33444, 30
30949, 156
52795, 11
39736, 597
61492, 813
6297, 111
9181, 626
29518, 926
63253, 618
59007, 768
40689, 892
34495, 610
832, 18
40416, 881
28378, 358
52218, 261
56271, 983
17499, 519
55958, 343
13995, 452
22508, 289
27814, 405
57589, 805
17038, 915
27342, 841
31840, 241
5742, 46
47221, 594
62186, 260
19317, 958
6559, 935
51003, 334
57311, 963
16772, 532
30749, 279
58290, 338
68453, 325
34669, 835
4493, 38
56594, 178
30258, 152
40706, 286
47920, 244
46190, 982
23696, 770
35240, 338
10699, 590
13336, 562
37363, 748
68941, 858
43980, 18
27287, 815
60597, 879
12336, 800
54129, 553
38006, 908
4965, 244
705, 153
313, 66
48396, 531
3667, 996
31798, 951
51924, 830
18634, 632
52815, 135
58903, 600
30098, 906
34974, 818
12323, 660
46911, 331
20121, 611
7290, 510
67706, 365
36053, 477
6319, 534
8798, 745
38803, 796
23263, 703
58306, 421
23620, 960
24444, 22
37709, 599
7444, 750
23443, 808
43383, 239
56640, 584
52259, 706
13115, 436
28675, 780
52857, 570
30163, 563
33292, 435
24602, 163
44893, 369
28498, 65
20903, 110
45626, 712
40602, 379
36153, 958
52992, 279
23892, 591
12472, 524
46421, 493
24863, 124
40418, 970
12897, 580
42327, 958
17244, 228
46167, 680
24443, 417
7295, 382
54524, 833
21324, 584
67004, 123
18230, 578
60283, 967
33111, 206
60916, 961
60963, 835
35777, 977
40460, 675
28694, 724
33184, 601
26327, 32
24213, 775
57187, 99
20376, 167
36652, 997
30723, 82
63608, 350
25252, 709
24346, 820
23123, 488
1157, 165
69955, 939
47684, 769
47378, 237
53169, 767
61948, 183
38011, 551
1762, 391
14891, 282
54739, 317
24225, 574
2285, 704
29467, 479
1163, 12
48452, 946
45259, 743
48473, 435
28899, 611
50080, 486
53346, 709
61195, 990
32090, 452
18256, 160
36457, 498
63606, 62
59520, 559
45984, 319
30159, 928
69499, 658
3188, 643
1455, 647
15170, 169
37574, 775
48715, 246
61987, 143
11329, 193
47501, 140
54486, 616
39364, 743
48004, 26
28948, 867
65371, 907
16976, 796
51007, 205
54917, 911
13966, 771
54816, 39
56851, 995
69911, 339
60652, 19
38841, 937
5521, 421
1415, 935
10757, 124
44408, 39
56499, 652
8192, 270
65505, 444
53324, 799
3212, 950
59012, 644
24505, 241
16644, 351
12878, 581
18874, 702
19930, 83
3553, 487
43174, 888
60560, 471
24102, 602
13774, 213
37495, 133
38961, 833
32873, 199
8073, 118
45957, 934
43179, 327
26379, 306
41374, 337
27301, 235
32878, 36
32831, 617
55914, 43
48917, 637
68959, 795
34327, 833
18606, 737
49231, 952
38259, 977
54857, 660
31319, 431
20099, 873
21592, 51
7685, 134
33782, 106
65961, 57
49547, 592
52731, 957
37478, 994
64073, 660
32477, 988
2809, 695
65314, 689
38138, 119
29380, 82
29699, 763
25859, 649
21036, 759
17654, 99
69751, 484
13775, 894
51918, 864
42716, 193
48791, 593
49959, 744
50449, 677
27450, 263
37919, 470
37482, 437
18826, 763
51716, 54
65591, 354
68329, 959
608, 445
21826, 821
31767, 218
54563, 999
43820, 120
69885, 393
42502, 683
52419, 341
64060, 338
10162, 57
48399, 184
2194, 75
56220, 782
62450, 406
35735, 589
6834, 237
29496, 307
39937, 470
17571, 438
15869, 558
35885, 462
14752, 301
6220, 185
37131, 247
29618, 413
57607, 174
4182, 663
33991, 703
50164, 844
57668, 886
20843, 511
11525, 79
12524, 704
27243, 821
21282, 66
62508, 695
55663, 886
17639, 880
8303, 180
9260, 746
46409, 44
36485, 771
31325, 509
23552, 596
5155, 840
27708, 833
46919, 922
62775, 219
34777, 230
6731, 938
18790, 978
17289, 820
33839, 741
62059, 888
47607, 733
49798, 984
16960, 475
42443, 821
15421, 777
61115, 950
35475, 874
65853, 943
28086, 957
69022, 29
55022, 178
69641, 589
30702, 989
20024, 246
1831, 921
41194, 859
68533, 945
29450, 115
1720, 447
16765, 358
46426, 164
46878, 117
10281, 666
27035, 217
49056, 167
63981, 941
15244, 996
65860, 606
19378, 852
25596, 286
25020, 328
57963, 41
60587, 885
50382, 867
16120, 516
58490, 160
58367, 325
42862, 498
10912, 392
48717, 730
43359, 91
30581, 0
21299, 214
63745, 121
13639, 972
38205, 79
48529, 388
38615, 172
36423, 575
58963, 631
48186, 714
11188, 509
45738, 268
22222, 624
57491, 761
58268, 983
25488, 984
15178, 232
3153, 769
19699, 41
32863, 343
6507, 944
69522, 981
19724, 151
5044, 924
39702, 819
2408, 744
54217, 83
42118, 84
15195, 728
60972, 858
36645, 790
41758, 947
55993, 460
58859, 123
57089, 817
20290, 4
62410, 208
69619, 900
63446, 20
47033, 507
7495, 959
6022, 766
12857, 312
64904, 936
5929, 684
59158, 279
20449, 582
36389, 190
55159, 404
42632, 799
37899, 268
2397, 352
24682, 363
46169, 107
33552, 169
17459, 442
39022, 248
67658, 325
44377, 676
24939, 777
29866, 191
17430, 386
53743, 20
47072, 808
15860, 564
34605, 297
19004, 4
23215, 15
38564, 558
17113, 929
15268, 372
8755, 225
67925, 245
45939, 78
34203, 321
49972, 21
472, 775
29192, 766
55608, 299
2679, 918
36774, 516
3120, 93
48080, 186
28813, 574
14364, 24
56341, 776
34092, 612
10923, 342
33424, 837
6311, 515
8635, 426
1039, 327
68869, 762
48888, 217
56002, 823
65642, 385
7826, 273
52292, 358
8991, 947
8164, 878
28811, 370
34667, 871
39326, 496
65516, 580
12349, 653
3772, 151
11920, 754
39023, 790
23014, 224
20732, 951
42176, 449
44117, 605
14406, 374
28062, 418
60498, 419
21074, 382
50540, 731
57885, 706
36777, 27
31780, 159
21846, 692
12699, 55
58828, 280
42806, 136
41128, 220
23373, 778
39915, 429
19471, 905
31760, 505
67491, 480
8608, 363
66835, 200
15481, 800
18399, 507
36110, 488
62361, 525
10222, 822
1668, 506
16838, 757
62977, 980
12962, 474
61028, 161
18870, 914
41330, 60
24707, 532
33291, 89
48316, 990
30811, 825
66554, 455
50626, 481
14324, 530
32856, 740
44362, 461
61311, 983
62034, 326
48706, 543
46390, 672
39973, 353
41491, 634
68409, 964
29374, 655
16749, 859
35651, 848
2386, 797
533, 848
18830, 15
6732, 741
46054, 62
57509, 878
48200, 892
42415, 147
63617, 328
68298, 83
46692, 174
1753, 136
63735, 668
20745, 760
58012, 184
40298, 120
30141, 219
59655, 229
56479, 133
26879, 529
24910, 30
36629, 542
28581, 821
46023, 636
10792, 626
1152, 126
18937, 151
52123, 263
55416, 260
50780, 663
29009, 449
46638, 720
48480, 691
41756, 103
7304, 224
51928, 685
27432, 30
1336, 958
24421, 671
47372, 936
68277, 721
61235, 988
47531, 361
59607, 858
3041, 647
50209, 843
7716, 272
15259, 699
13166, 557
37947, 993
44173, 290
12796, 1
25912, 26
6135, 546
67026, 914
8362, 158
65965, 138
18625, 447
32993, 770
4937, 446
65088, 274
15337, 421
17669, 967
62441, 228
65086, 374
48019, 593
69533, 884
58100, 576
24573, 902
55863, 416
32456, 374
36349, 800
64239, 576
19278, 239
69699, 280
63052, 592
63584, 795
35005, 574
49754, 739
23242, 806
48229, 569
51545, 802
57999, 295
67813, 221
52293, 91
41130, 570
44532, 364
944, 300
2559, 100
18622, 611
51844, 195
308, 666
68170, 854
12559, 568
61156, 939
21796, 760
52520, 19
42418, 136
24139, 341
6697, 971
50724, 193
32534, 884
26803, 410
29235, 877
28562, 192
40391, 475
25576, 143
40906, 735
68634, 12
26619, 438
20601, 994
64189, 928
26310, 661
63949, 295
27216, 557
61331, 23
53369, 690
17977, 251
30432, 768
4288, 401
28403, 680
44936, 974
19218, 337
51328, 648
61841, 215
19662, 491
39066, 392
61212, 427
8931, 798
51168, 724
47867, 393
48695, 987
25202, 998
43321, 682
64660, 621
57819, 441
24208, 665
25768, 773
25092, 25
11002, 396
33320, 774
29882, 460
22764, 941
25873, 539
18801, 239
17198, 24
69936, 200
29628, 546
55168, 335
23792, 651
25906, 271
59988, 200
12652, 45
62453, 479
46781, 228
59119, 943
20649, 356
65160, 60
20916, 637
22152, 7
22723, 822
25978, 198
56914, 961
51554, 512
37723, 775
61835, 935
21851, 665
62852, 228
55645, 972
28890, 733
65940, 185
51149, 308
59799, 391
62077, 882
26133, 771
17562, 455
68280, 391
63064, 858
65130, 474
2513, 223
62021, 907
18001, 901
31078, 311
19258, 899
51793, 308
36386, 977
46364, 559
7780, 669
36911, 377
4576, 420
21884, 743
8537, 681
816, 679
61942, 988
24276, 621
4434, 793
65736, 560
16335, 457
11438, 489
21258, 641
63927, 356
21652, 397
34202, 742
37777, 236
27022, 19
64313, 695
60737, 697
12481, 750
6332, 407
59780, 840
26149, 19
22415, 51
20211, 593
56143, 555
54793, 551
13924, 363
18821, 315
43986, 168
21910, 938
30714, 503
2140, 483
17970, 140
12332, 68
60051, 352
10719, 896
45606, 693
7759, 79
44112, 580
19742, 228
7371, 75
17230, 800
69241, 10
67445, 741
51185, 392
64469, 0
46458, 978
46343, 385
69944, 635
42869, 957
27825, 896
68796, 580
2561, 69
20988, 397
58422, 329
53951, 425
10964, 447
39115, 473
46720, 658
30428, 326
21469, 606
64192, 836
50550, 160
58926, 454
66110, 861
40168, 730
1799, 329
12187, 471
18035, 235
52046, 221
31693, 716
64669, 226
41637, 892
36330, 531
45927, 602
63787, 45
8517, 459
20944, 656
49223, 426
63747, 53
18341, 923
30361, 73
55519, 33
20059, 144
57317, 823
33976, 27
21417, 180
11816, 800
27953, 892
31919, 52
42497, 246
3829, 132
59462, 485
60896, 908
51744, 652
67022, 642
47687, 176
40752, 394
3645, 849
55913, 876
36186, 183
19772, 63
11817, 77
29166, 843
33161, 434
33155, 227
58017, 608
40295, 341
60946, 984
55451, 530
62898, 242
52955, 697
45018, 790
9978, 66
11058, 497
7226, 12
32361, 957
31373, 253
101, 235
51945, 895
8323, 951
62466, 551
1306, 525
45181, 670
15617, 851
54054, 671
27509, 553
54785, 505
49559, 161
28961, 959
1792, 345
58274, 522
55999, 952
26540, 273
65569, 842
22596, 470
47146, 33
60875, 870
27742, 156
6273, 229
61846, 936
53480, 363
11655, 181
1110, 294
68790, 421
55082, 771
34089, 291
56288, 362
23641, 446
15823, 335
6656, 480
29580, 786
16110, 168
26577, 254
49532, 613
22257, 614
52018, 865
48325, 562
67054, 533
29688, 812
53110, 640
32328, 875
17647, 653
4343, 559
18969, 72
35376, 911
3122, 11
1365, 543
22496, 977
66137, 784
8683, 39
10147, 721
4382, 667
1283, 553
37584, 501
1644, 194
38043, 542
43057, 985
21634, 140
19197, 785
25911, 645
19588, 662
68655, 671
16596, 594
57988, 100
45819, 473
12496, 505
35302, 847
31414, 67
10190, 937
39805, 499
26813, 961
50661, 447
55743, 612
63640, 803
60808, 549
63875, 722
14239, 692
21368, 625
65421, 398
26049, 296
38397, 526
49627, 509
32201, 566
59409, 643
64523, 356
26178, 553
4618, 791
637, 833
50641, 589
35280, 116
62281, 870
17108, 757
50676, 10
26244, 127
6097, 279
60671, 522
27414, 536
60655, 655
14724, 719
61320, 114
56528, 749
35845, 187
14679, 399
108, 165
45682, 934
46582, 21
48547, 317
56080, 660
26002, 723
33810, 549
34575, 148
58898, 36
29829, 940
45351, 954
62723, 192
25515, 709
13137, 481
69392, 988
37956, 581
62465, 986
28531, 695
41455, 808
62593, 151
33415, 894
10727, 816
42149, 999
39329, 906
6367, 484
3824, 536
11301, 445
44518, 792
57577, 776
10173, 135
47420, 428
10263, 411
51450, 64
3025, 827
3455, 203
40599, 369
1516, 294
52838, 28
53437, 418
41453, 14
65763, 727
6547, 890
51063, 491
41153, 291
7889, 825
6795, 231
59411, 755
41252, 167
42615, 171
46934, 965
4300, 941
53653, 371
47877, 226
25031, 165
63772, 200
23124, 111
63759, 726
50774, 849
57153, 664
8168, 831
31215, 937
43453, 891
30281, 554
23829, 119
51342, 222
56880, 97
23648, 642
61898, 947
54809, 879
7642, 762
34513, 961
60340, 53
22822, 110
34673, 1
23688, 105
24270, 967
31131, 535
45206, 94
1398, 101
50147, 459
22493, 579
20565, 818
49659, 909
33588, 739
57432, 95
45640, 805
16089, 214
62760, 109
59616, 263
4595, 139
14292, 822
50997, 808
9801, 331
13361, 669
40072, 727
65455, 18
24965, 670
41490, 46
34781, 622
24745, 230
59033, 785
29236, 729
31916, 675
46139, 161
87, 210
36639, 716
44158, 40
62936, 797
59601, 560
4988, 951
38843, 104
28009, 737
11288, 346
69723, 964
37747, 564
24186, 674
58419, 430
22272, 604
16383, 347
6477, 217
29205, 124
40476, 568
60613, 568
29825, 169
41493, 605
65937, 308
16214, 407
55350, 645
52605, 447
16696, 261
5535, 36
28151, 347
39902, 498
11143, 128
58358, 150
22873, 76
184, 266
13301, 438
35824, 410
10296, 358
57967, 675
13086, 333
62717, 607
27919, 61
68041, 888
41, 868
14932, 426
17568, 538
59605, 272
60636, 87
61321, 944
38747, 324
11085, 289
4387, 845
14270, 10
51413, 301
62611, 252
52068, 38
24824, 355
40758, 375
28300, 814
32735, 616
66691, 31
317, 686
53303, 148
11273, 77
45862, 482
1899, 844
60755, 795
61469, 393
64711, 257
31064, 111
59979, 299
36179, 639
47200, 549
45887, 389
5069, 367
22288, 20
3457, 947
62640, 427
36362, 311
44937, 702
34155, 910
35153, 692
32731, 752
22500, 441
27930, 925
42021, 326
33523, 353
55843, 216
11764, 157
54025, 690
38740, 308
62503, 480
53009, 361
20511, 51
8138, 715
67486, 821
953, 387
48710, 878
16411, 264
23370, 825
25245, 354
7548, 312
54557, 497
59058, 447
28112, 638
67460, 989
38895, 901
580, 199
4766, 241
41696, 909
54088, 553
44428, 753
57387, 183
64889, 358
20619, 988
2773, 582
20818, 753
19754, 309
24569, 632
35286, 117
13373, 436
4726, 909
15466, 683
26269, 509
13330, 35
33287, 718
32483, 29
18720, 257
19780, 559
54503, 167
35697, 158
33206, 207
3243, 342
19415, 364
43865, 918
30239, 995
41482, 407
60684, 438
6307, 881
54863, 203
68291, 623
54955, 230
55575, 181
10446, 733
17475, 535
58335, 734
10824, 219
27860, 49
64367, 395
35943, 787
4553, 191
1741, 407
59807, 110
49016, 661
17175, 441
32022, 383
19937, 405
50856, 696
51628, 300
15073, 205
28368, 311
4468, 276
24420, 174
54023, 98
15397, 590
37186, 407
56566, 324
33240, 643
1858, 693
8626, 683
25827, 918
58334, 592
54593, 601
11222, 108
65876, 962
41981, 258
10953, 296
54999, 64
68343, 416
10531, 647
14602, 894
65463, 502
48930, 987
64024, 408
23606, 929
21140, 680
11342, 565
65618, 804
26270, 341
35084, 673
68735, 382
29847, 81
15935, 729
24983, 873
66297, 554
45881, 283
1828, 865
53588, 52
25148, 862
8453, 143
30484, 628
5840, 507
43056, 162
1453, 946
23178, 554
10017, 997
14357, 777
29149, 603
59169, 566
5493, 439
57897, 297
38398, 406
9687, 274
22627, 670
26174, 351
37990, 96
40142, 673
59893, 538
44772, 315
37040, 762
63454, 322
12968, 75
27422, 184
52614, 14
24288, 723
38676, 196
24793, 491
44233, 98
25760, 398
7142, 854
51504, 524
5005, 168
37004, 907
14280, 272
59172, 927
69840, 134
63764, 120
6304, 761
60778, 623
49853, 695
67250, 275
4231, 253
14521, 796
18750, 439
10534, 175
11015, 182
49274, 940
53221, 576
67431, 690
15718, 383
50637, 908
9535, 5
69069, 553
46238, 4
11542, 57
30218, 732
855, 975
53780, 329
2634, 926
55539, 641
575, 292
57608, 571
69381, 214
45384, 47
58921, 526
38440, 912
67987, 592
28364, 314
58289, 69
62627, 533
7250, 879
1705, 587
47178, 651
24624, 7
46806, 595
21099, 356
62953, 487
58203, 934
15943, 109
49999, 340
29979, 623
45708, 464
17007, 567
47362, 776
20687, 638
5892, 563
11967, 669
38764, 879
46606, 994
9271, 927
36709, 548
8314, 293
37867, 903
41946, 702
8125, 155
22650, 967
46984, 43
30589, 463
55923, 493
11637, 607
13789, 577
66474, 858
22143, 298
40503, 519
33536, 485
69079, 777
42995, 919
20576, 521
8224, 973
22176, 21
40770, 744
4661, 331
28598, 945
61674, 342
12603, 0
15448, 662
50968, 379
30831, 60
29959, 69
54600, 493
40806, 118
8616, 749
24050, 792
21026, 669
55306, 458
25663, 683
1343, 953
7999, 302
26167, 52
1683, 804
21865, 977
11088, 479
54622, 70
5307, 15
35334, 224
22063, 590
69650, 602
11400, 4
51920, 148
68393, 117
13647, 592
51016, 960
48909, 903
31726, 353
48161, 898
66625, 948
64768, 665
33652, 215
64369, 773
64615, 220
44961, 156
1203, 532
25910, 926
25557, 392
52093, 841
46999, 726
53271, 383
1853, 425
28367, 852
66529, 817
66662, 237
33261, 856
17317, 342
52484, 363
55985, 586
63, 759
65890, 643
63077, 556
24649, 920
7722, 444
9280, 475
24169, 821
24499, 234
46072, 527
27976, 757
23348, 602
31582, 816
27377, 252
1400, 27
47836, 277
9236, 688
68537, 293
1212, 738
21054, 813
38476, 615
6011, 31
42563, 831
57737, 388
66131, 299
63297, 782
22162, 422
47741, 400
43660, 788
57970, 704
24551, 430
65330, 773
64624, 886
29696, 517
61242, 390
17651, 356
54610, 861
45598, 158
25287, 568
56052, 330
63556, 250
18756, 707
11426, 65
8417, 928
68555, 538
29884, 601
63491, 244
65478, 710
61293, 248
5616, 681
55634, 209
15464, 338
18694, 156
19368, 413
1999, 438
5304, 130
13675, 227
9341, 339
14544, 141
49829, 128
54221, 987
1440, 684
46578, 35
34391, 920
13648, 396
62157, 722
28065, 151
47897, 793
48567, 206
53023, 108
66168, 317
8994, 370
4142, 864
62233, 163
56871, 230
50044, 364
2212, 998
62785, 910
69250, 276
28455, 665
31724, 186
62310, 49
8842, 77
24640, 504
63262, 817
38346, 387
69089, 560
30191, 923
17944, 650
14160, 365
35129, 336
43567, 938
15859, 416
39521, 29
26436, 229
37164, 364
23011, 212
54022, 479
15626, 789
48769, 56
30427, 240
26497, 300
33376, 359
40065, 949
49922, 21
66724, 29
46247, 506
23944, 279
26738, 689
64022, 198
56546, 39
9740, 316
14914, 222
64255, 479
65544, 232
18439, 562
12237, 957
7932, 381
12675, 837
26587, 816
47943, 452
59406, 125
57069, 186
19201, 683
29917, 956
35493, 19
61397, 300
28396, 894
19069, 887
18345, 370
398, 481
64177, 525
27258, 76
50558, 579
35782, 342
39150, 98
42134, 73
37627, 439
48894, 788
21427, 754
39215, 877
54876, 270
50387, 933
57102, 330
54179, 214
21901, 47
68313, 675
68793, 955
52498, 441
4547, 188
57825, 394
68835, 559
66165, 712
22076, 828
14538, 777
16877, 876
6658, 519
34422, 567
68260, 283
5964, 585
4984, 112
15998, 179
7710, 790
9928, 966
52506, 655
33920, 630
54945, 661
21730, 347
45263, 566
35673, 677
27283, 294
67452, 729
51351, 655
3773, 88
57873, 892
32391, 662
65280, 482
6983, 514
48745, 524
51341, 38
13452, 229
40543, 383
20407, 369
17036, 986
23245, 443
50304, 625
60704, 516
56807, 420
8914, 379
45426, 362
57932, 699
13887, 536
59735, 306
47040, 431
3607, 389
50236, 5
13816, 421
20272, 975
32056, 665
64370, 38
66040, 975
28549, 290
19285, 417
41295, 537
39306, 414
3836, 397
51470, 812
22122, 820
34058, 9
48154, 106
50484, 11
58685, 508
58329, 312
20642, 173
52120, 381
53046, 420
31737, 585
17707, 668
4371, 721
24165, 342
49179, 46
30057, 468
31189, 340
15960, 605
23881, 19
40369, 588
25273, 71
43050, 459
60841, 914
3118, 712
6688, 716
62667, 8
68837, 442
16678, 240
59314, 133
30704, 697
42170, 109
17817, 309
55888, 66
56031, 805
33661, 183
15343, 53
57093, 752
34597, 767
4536, 246
25773, 812
12408, 532
59692, 477
51976, 483
42112, 786
58888, 28
68284, 855
4565, 390
29702, 47
16393, 221
15340, 201
117, 533
21397, 58
63192, 740
16562, 794
63627, 706
19968, 309
34913, 184
5727, 382
57242, 307
24526, 489
14461, 270
8378, 852
29715, 465
13735, 983
53225, 571
44682, 640
42159, 646
5419, 470
25899, 205
31539, 81
66343, 149
987, 449
33404, 670
35538, 528
9892, 205
10803, 544
66773, 249
40199, 297
32849, 49
7432, 47
16782, 573
20911, 492
54742, 261
32516, 985
28058, 946
55038, 340
54686, 197
57922, 542
69356, 661
8008, 44
21933, 576
62607, 941
61246, 298
19793, 34
29901, 564
45332, 208
4716, 931
29745, 638
53816, 380
23001, 999
35279, 215
56786, 376
7032, 910
33750, 752
11014, 657
4900, 231
7996, 959
69787, 185
43967, 517
38650, 663
14510, 755
61672, 780
389, 166
1798, 669
50646, 817
32335, 716
64871, 86
59200, 612
56431, 823
64563, 760
59261, 750
3203, 428
4209, 183
68385, 971
59589, 69
53883, 200
48876, 256
67438, 87
3078, 26
40596, 869
65845, 95
37180, 960
52486, 739
60385, 225
61314, 773
28257, 755
67678, 307
53233, 269
58542, 408
63074, 954
18564, 341
8974, 337
4097, 742
18306, 929
65309, 994
16922, 945
60248, 5
56375, 809
51417, 148
55303, 986
49655, 315
40892, 419
38034, 269
40157, 936
65988, 998
37950, 161
6241, 757
40674, 163
39861, 222
30142, 560
48466, 958
9175, 954
6108, 432
25261, 144
31412, 848
42260, 865
22966, 755
69548, 597
62010, 977
20260, 83
47321, 887
31643, 505
4202, 614
24627, 625
19177, 605
63195, 691
44132, 525
43908, 557
7438, 36
63453, 25
64075, 289
16171, 286
4080, 502
48995, 813
55668, 788
41927, 576
35354, 79
7916, 773
68553, 438
28197, 454
28765, 644
38296, 406
28192, 835
10177, 479
27968, 963
53144, 554
6331, 463
47700, 385
66545, 168
25348, 462
62693, 708
35625, 667
53988, 393
39691, 27
58285, 76
32720, 691
21736, 706
59916, 161
40177, 982
12385, 500
3338, 315
35045, 868
63587, 726
13682, 935
17857, 714
6531, 808
55433, 885
55366, 795
42381, 161
40545, 596
26818, 47
1854, 669
64828, 594
29983, 978
45879, 515
35227, 379
24922, 924
17460, 129
55152, 153
66233, 68
53742, 421
49236, 904
4941, 824
1978, 240
21596, 388
20905, 589
58800, 113
60586, 151
3264, 706
3008, 483
149, 595
25507, 852
31223, 440
64274, 247
57769, 109
34080, 273
6171, 107
58355, 113
46359, 622
48054, 120
32510, 371
52592, 567
26157, 895
24172, 117
1976, 118
39563, 998
37031, 76
28044, 816
29053, 220
41670, 75
54456, 598
20560, 582
24575, 422
7350, 46
42137, 390
65475, 844
19818, 997
31471, 526
36413, 432
34241, 217
22217, 360
9402, 900
11020, 78
11173, 122
21335, 150
65180, 340
42249, 150
33092, 563
59136, 672
36856, 540
7148, 544
32064, 103
16386, 832
31093, 626
64210, 875
14041, 237
4877, 354
37400, 234
31922, 605
58426, 973
46200, 481
58302, 483
3363, 594
47255, 250
44024, 177
39037, 859
21830, 694
24133, 274
19186, 10
29453, 382
47915, 914
66973, 286
26395, 190
3368, 495
13605, 366
28947, 171
65519, 909
9266, 2
65831, 202
21645, 928
51481, 898
18315, 208
13883, 942
20370, 257
50462, 800
57771, 390
12706, 529
16435, 855
63151, 5
29256, 557
37985, 407
60257, 588
34556, 472
51135, 237
11641, 523
9468, 525
53705, 990
56648, 143
12837, 32
38994, 351
34271, 419
26148, 110
69523, 757
59240, 145
34929, 286
50001, 928
50424, 665
4876, 615
43712, 578
56060, 561
22965, 734
9006, 409
3367, 635
15222, 78
51368, 120
46477, 709
25057, 199
24987, 475
53265, 778
68369, 187
37313, 544
8650, 943
22353, 329
16843, 892
23908, 891
54655, 371
67891, 940
6952, 777
3932, 193
66288, 17
35842, 922
2312, 388
14009, 140
32129, 934
42518, 543
60361, 707
39394, 560
68541, 960
55200, 667
17458, 297
65355, 689
4003, 284
68812, 327
69918, 442
25039, 235
44271, 215
68467, 335
22027, 282
37726, 946
69686, 913
49184, 862
25338, 640
32019, 797
47161, 410
31906, 644
65242, 138
7133, 160
56740, 390
57083, 457
4430, 766
2417, 691
8333, 964
25694, 417
59212, 782
36644, 495
65410, 12
18954, 231
9933, 68
23530, 698
53654, 929
19773, 281
11019, 146
29454, 497
38456, 178
37846, 683
21274, 114
28815, 147
48020, 255
7776, 856
58123, 356
5030, 824
68557, 998
61110, 194
18313, 474
60712, 835
1441, 612
8030, 426
37529, 399
54951, 575
3476, 533
8385, 859
28800, 380
69793, 474
12823, 38
43356, 0
9627, 156
10123, 265
52631, 719
8962, 899
46031, 190
48641, 211
46952, 479
20943, 694
66141, 582
24075, 661
37597, 453
50564, 612
68538, 907
4657, 116
14927, 412
1366, 962
55453, 330
11005, 816
67470, 437
68134, 513
45588, 609
57826, 84
41824, 984
56875, 707
45289, 708
7251, 890
56901, 249
40235, 516
11461, 956
10640, 777
24959, 877
41805, 694
22847, 688
21655, 427
114, 893
15191, 733
33245, 952
57418, 647
29562, 156
39991, 308
31746, 48
30841, 768
10691, 529
49699, 308
25191, 954
26833, 921
19682, 267
33095, 889
33099, 158
48455, 99
51108, 413
66985, 195
58544, 149
16535, 269
64875, 856
14261, 528
3830, 653
8398, 56
6542, 662
45275, 915
66026, 691
2054, 924
64134, 478
33253, 1
49608, 47
22445, 565
19756, 317
60865, 775
33265, 886
17085, 380
56017, 21
22753, 274
56413, 276
46682, 337
7782, 765
16597, 78
3489, 44
61299, 903
20007, 448
20984, 145
42293, 493
8340, 520
12581, 105
56394, 472
48354, 796
62482, 621
19635, 605
37360, 149
48906, 108
24221, 898
69566, 899
2841, 920
63676, 438
41247, 539
24781, 624
43418, 175
23587, 192
39741, 783
28980, 247
27906, 709
17698, 654
25125, 348
8210, 30
50356, 20
25905, 756
3744, 556
40039, 524
65575, 82
16201, 832
50772, 969
35180, 948
1402, 726
69750, 332
66752, 852
62699, 843
47691, 216
69752, 167
1510, 991
40291, 447
3303, 107
67901, 443
35352, 226
35818, 761
48012, 510
10861, 442
6372, 76
56359, 258
36562, 420
62714, 104
42691, 793
60707, 143
27843, 69
4844, 101
48469, 729
24612, 188
2319, 398
41617, 1000
65859, 69
47252, 845
69613, 856
43938, 415
60107, 589
18525, 337
62351, 105
68086, 168
8018, 802
13557, 219
45652, 625
54464, 805
69807, 0
14590, 702
4258, 155
11398, 315
51402, 523
4495, 54
33517, 783
68395, 867
51065, 226
28607, 576
63751, 746
48153, 316
34042, 30
66796, 205
45732, 770
52134, 669
54261, 853
52875, 600
36141, 800
58866, 71
15513, 926
27249, 236
67561, 317
35632, 22
63854, 266
8899, 759
6790, 507
17515, 254
58090, 742
55484, 507
10472, 801
4943, 111
11297, 569
39309, 263
13687, 531
69311, 667
1395, 402
44730, 996
34121, 946
67037, 0
41080, 570
2237, 935
32452, 853
33264, 61
43346, 335
3158, 308
15016, 310
64184, 247
43698, 759
45171, 684
12008, 365
10019, 265
56719, 368
47382, 418
60570, 232
7097, 5
3941, 803
22519, 462
10482, 636
21461, 390
10728, 505
30920, 714
41388, 962
66775, 406
29531, 182
34969, 865
10740, 12
32703, 200
45299, 208
64644, 802
22149, 589
63830, 54
738, 927
57318, 472
2901, 452
22771, 184
56843, 4
58537, 797
34751, 100
24813, 325
61334, 109
18846, 753
11720, 451
50390, 694
54302, 573
64444, 843
31800, 219
34387, 903
60277, 829
19447, 533
30637, 473
43610, 405
42922, 61
65454, 525
38858, 913
21382, 404
51310, 149
19020, 549
50126, 802
3128, 377
50106, 211
20723, 633
21390, 151
28532, 363
46549, 943
40419, 430
2234, 267
19665, 492
63972, 474
261, 490
49811, 397
32982, 104
28478, 602
44323, 374
3914, 899
24547, 694
1241, 380
10382, 376
29671, 804
30618, 642
67564, 274
13955, 367
51005, 690
59006, 617
55991, 372
46653, 362
46332, 102
28365, 471
63902, 553
12547, 994
1875, 907
43498, 946
31025, 87
59637, 856
5163, 189
11728, 919
62722, 564
26431, 155
19806, 975
40677, 346
9963, 640
44320, 148
58218, 574
24475, 117
15088, 966
67313, 275
61627, 89
13272, 425
28468, 563
34743, 150
29590, 364
60068, 276
55421, 367
30651, 467
1058, 498
28952, 633
26670, 3
14083, 854
60333, 829
60975, 630
33075, 772
49938, 182
36344, 22
29282, 941
15571, 706
4802, 573
8345, 900
19352, 631
22805, 830
52233, 301
26300, 261
39904, 600
29340, 330
45319, 3
45210, 121
23906, 83
34485, 759
39714, 229
68228, 93
15678, 536
51700, 824
46902, 710
55990, 125
34346, 781
32205, 632
34563, 171
34333, 592
58861, 614
10363, 514
16916, 836
67652, 36
49631, 766
8370, 808
28911, 942
19357, 124
66046, 156
36767, 869
47768, 565
2122, 68
31380, 538
46465, 19
60166, 364
46408, 564
16846, 396
47895, 37
59810, 760
5512, 641
28716, 375
18614, 839
37883, 849
32635, 993
60067, 700
42395, 61
26338, 335
7669, 695
51896, 519
19770, 425
40800, 394
50207, 619
30232, 949
50719, 596
43619, 613
37208, 252
36022, 477
47286, 374
21458, 937
12311, 931
43081, 677
66987, 41
39732, 348
2643, 122
66605, 67
15701, 769
30980, 205
17104, 65
881, 693
16515, 186
44284, 325
38483, 116
53768, 493
61812, 362
57422, 585
28502, 880
12820, 408
21209, 842
56033, 780
53483, 58
52064, 247
1554, 870
33119, 153
51578, 502
25614, 312
52787, 406
12193, 436
52335, 650
9739, 428
5629, 805
56049, 139
66043, 380
22146, 810
55245, 626
50456, 381
16815, 75
60371, 566
57712, 483
27994, 735
59731, 166
34830, 149
40442, 133
53798, 289
30535, 646
6951, 591
52209, 312
9979, 994
54929, 68
29036, 851
59709, 662
16338, 471
57953, 52
51741, 905
38910, 183
61717, 41
47090, 178
36091, 670
9151, 30
22918, 23
3962, 252
22442, 264
34166, 468
62684, 159
60144, 157
46192, 215
64384, 478
50541, 859
19833, 853
34191, 772
41228, 397
49410, 963
38039, 14
10369, 241
14767, 429
25281, 503
59185, 177
13088, 480
66211, 443
55956, 675
62075, 616
14223, 563
59711, 949
13380, 841
30647, 892
65274, 28
33277, 350
47460, 961
48865, 272
21535, 7
67456, 690
28209, 569
21418, 197
47045, 961
41007, 297
16326, 648
32055, 432
25981, 248
9860, 861
13195, 654
2148, 961
53320, 815
4728, 42
34472, 742
60212, 33
45492, 201
43856, 26
69742, 499
30529, 38
59779, 361
46824, 335
6496, 863
21692, 329
9299, 46
55846, 797
10893, 733
24448, 379
35526, 339
56819, 187
5669, 712
12949, 950
25671, 71
60320, 334
59249, 204
27045, 737
7969, 944
36571, 993
31324, 360
48644, 912
29867, 347
27928, 965
41188, 638
68539, 24
66255, 744
65129, 250
7712, 497
20736, 602
9912, 816
26333, 75
28267, 13
29675, 200
40869, 89
20061, 869
790, 100
33862, 761
27404, 618
58023, 759
14892, 254
3360, 223
35210, 685
14788, 69
5196, 874
11026, 594
11891, 364
35491, 578
36117, 537
48610, 34
59797, 499
4579, 613
13387, 158
53747, 995
1370, 180
3420, 648
55132, 98
30563, 310
32625, 734
42193, 416
11715, 492
54443, 110
12007, 101
6018, 655
40409, 254
63180, 693
49477, 913
4820, 222
15479, 507
24458, 684
40500, 354
55407, 528
13025, 192
8738, 250
2592, 97
53166, 145
45811, 131
21870, 70
66694, 472
48640, 700
65555, 378
6898, 41
5338, 570
1412, 722
6473, 947
5928, 90
17484, 968
12570, 495
603, 320
22001, 937
13169, 348
29410, 231
28248, 97
9488, 428
11243, 623
67401, 511
47335, 639
16169, 716
15262, 467
52594, 404
61315, 567
60200, 880
8291, 88
69359, 256
31845, 276
48433, 605
48231, 204
58883, 654
3885, 9
56480, 524
10566, 209
849, 178
16570, 747
54316, 415
58480, 283
8249, 977
64116, 734
18244, 356
39234, 951
56311, 961
58596, 799
25765, 871
32990, 605
49598, 691
50520, 726
29792, 913
68682, 709
7739, 852
28767, 318
19689, 57
47368, 841
55573, 189
10299, 814
25310, 880
61531, 208
32577, 24
48638, 499
64029, 609
21273, 555
21381, 604
66698, 869
42166, 784
54442, 147
46680, 155
272, 398
53203, 603
45744, 361
23232, 331
58483, 633
6708, 166
24907, 131
8134, 490
9569, 704
4635, 992
45183, 584
47284, 612
46302, 689
37476, 194
57661, 234
47422, 19
66495, 121
65654, 619
2885, 186
51113, 182
69988, 675
36690, 432
48233, 594
10000, 849
25825, 531
64124, 901
31310, 882
59009, 834
25218, 648
16579, 488
41265, 677
23918, 235
47640, 500
36671, 961
43079, 713
45228, 776
65298, 331
36228, 436
23365, 533
39480, 402
22497, 206
10179, 495
46540, 346
50576, 321
6782, 78
22580, 121
45082, 309
23328, 819
19257, 349
51567, 213
9670, 373
35995, 287
53120, 97
46816, 562
65948, 677
51885, 143
26548, 252
3587, 31
4054, 515
64348, 478
6271, 386
5641, 227
60501, 680
2818, 157
55736, 486
23449, 697
26926, 371
36982, 862
6037, 826
38360, 506
44809, 468
7122, 738
48967, 422
53833, 489
60979, 816
54345, 29
64746, 826
25567, 26
57785, 856
65888, 985
29936, 509
1666, 971
64069, 130
40616, 705
33620, 658
54099, 777
50088, 383
3676, 521
11532, 747
53075, 399
14843, 969
24199, 972
17997, 436
50263, 338
61598, 328
4310, 858
5657, 467
22730, 661
11276, 291
21329, 705
6953, 747
16767, 787
385, 270
10882, 945
38515, 936
20812, 666
45930, 37
62702, 659
37720, 495
59591, 253
1117, 291
25484, 655
57143, 845
8315, 138
55616, 371
45066, 465
65375, 246
9619, 536
2948, 928
21043, 523
30915, 100
22732, 990
1533, 619
35167, 578
3684, 515
3532, 908
22472, 550
47620, 468
19757, 25
42667, 290
14208, 552
30517, 720
37217, 770
52745, 112
12039, 33
66765, 395
29461, 274
60720, 362
64159, 776
27636, 19
42451, 697
10424, 628
43604, 323
21540, 161
63252, 12
9570, 137
46802, 607
40433, 368
51495, 854
63293, 844
62660, 76
34039, 888
21852, 812
48566, 961
43963, 26
27601, 592
57870, 654
60342, 501
17884, 828
16972, 523
53130, 686
69897, 666
22747, 890
58750, 621
53158, 675
47380, 594
6874, 874
20759, 663
26478, 437
40575, 234
60832, 860
1601, 159
14958, 878
28906, 724
3318, 677
29279, 297
52248, 935
4924, 179
59926, 797
6195, 304
54685, 46
21681, 918
56660, 560
57373, 19
16079, 115
65764, 794
23208, 877
2092, 612
28310, 720
14872, 699
33700, 135
36124, 280
870, 709
26235, 189
60851, 959
49273, 949
55961, 78
59506, 88
65615, 458
69946, 249
51209, 630
54516, 380
34027, 833
60289, 221
47403, 591
17512, 861
59141, 842
41714, 464
63607, 947
16441, 915
27952, 763
21768, 673
38031, 229
17968, 725
23003, 924
30568, 726
46285, 718
14296, 611
57088, 777
5282, 794
231, 420
33617, 298
25405, 737
1734, 871
58946, 563
7029, 435
14463, 541
67360, 13
12388, 440
38493, 408
45027, 950
54887, 795
28517, 795
35323, 950
13105, 98
15098, 909
48330, 700
25394, 578
53100, 589
66860, 316
17899, 382
48885, 48
28720, 510
47282, 490
17491, 914
23007, 982
47289, 476
62740, 802
40889, 738
7785, 387
67271, 193
47852, 597
17462, 566
26747, 843
17192, 653
42083, 887
7060, 921
50635, 565
65132, 809
5315, 220
35719, 790
58468, 907
16458, 797
27749, 191
59344, 551
16708, 475
54751, 982
53253, 433
17679, 168
49569, 426
59312, 719
63338, 647
41122, 521
23929, 197
47144, 907
6556, 16
37018, 653
45167, 884
61956, 544
25789, 652
6028, 825
26689, 476
12920, 44
54255, 571
20928, 278
39806, 155
60359, 456
7042, 850
63144, 400
42831, 119
14215, 853
44245, 741
10879, 736
41841, 416
8352, 208
17765, 943
43741, 990
57590, 397
42969, 934
41254, 362
58962, 68
12694, 968
49156, 785
14226, 442
2985, 581
68954, 91
43295, 739
22141, 603
37822, 370
25291, 639
42839, 745
20244, 934
26457, 776
588, 611
8913, 843
27446, 242
3627, 782
37178, 8
50075, 479
9717, 213
54938, 617
34379, 754
9775, 156
57787, 311
50770, 251
54327, 463
67507, 679
47850, 10
9957, 409
60793, 211
69858, 590
7581, 295
45675, 248
66414, 453
56663, 159
66641, 358
36252, 49
67370, 782
9604, 185
3890, 636
68967, 829
38176, 410
59949, 452
50253, 913
60599, 390
35875, 845
6743, 552
60162, 286
16322, 611
59272, 660
5832, 811
27409, 98
26342, 868
24043, 709
11054, 592
42024, 762
17551, 358
37133, 641
26925, 728
66638, 552
37984, 842
15480, 60
66733, 181
5632, 870
51560, 723
54511, 939
21663, 180
30870, 981
69181, 293
2367, 758
9592, 79
49520, 592
32264, 98
6439, 636
19309, 328
48651, 845
26063, 141
15491, 142
65662, 731
15239, 358
44873, 669
6667, 908
20058, 830
11979, 555
39695, 917
56585, 399
35658, 954
45636, 160
28866, 974
19510, 231
9177, 161
6702, 126
25411, 264
31309, 728
63345, 390
1977, 814
66082, 19
40790, 907
3659, 266
21771, 353
41836, 478
65052, 564
18763, 644
50014, 191
11654, 356
28330, 502
69126, 266
65942, 388
18339, 773
65926, 580
17734, 124
8789, 936
23032, 434
51654, 503
51398, 200
46662, 830
60726, 3
23692, 824
28654, 895
19431, 934
68493, 530
15255, 795
42258, 13
68612, 489
47556, 331
4928, 55
49836, 22
48120, 888
48792, 35
60519, 642
27923, 534
1717, 661
26480, 650
44781, 391
47802, 759
61887, 510
56366, 617
34633, 146
12824, 501
36290, 130
2340, 171
62116, 86
17819, 603
39299, 594
47190, 221
55435, 208
40013, 82
14513, 837
51344, 307
42266, 98
64976, 255
48624, 543
47632, 832
32725, 579
14801, 872
9512, 62
35880, 224
2821, 323
19451, 277
27745, 154
32200, 242
64876, 385
10532, 714
40270, 281
49309, 385
2380, 809
13959, 693
6310, 922
13997, 471
49816, 987
24635, 237
36381, 326
22087, 229
36787, 969
60453, 220
5122, 410
43038, 393
44384, 5
28556, 923
30939, 419
7630, 479
21610, 718
42287, 265
42268, 747
66485, 784
18093, 903
24809, 612
49582, 463
54892, 542
27560, 867
32765, 742
45518, 502
31490, 479
59088, 122
10995, 233
58610, 790
61582, 411
17721, 972
24690, 372
18713, 835
15276, 80
20706, 919
33584, 227
8158, 957
22969, 777
68737, 386
34618, 894
13369, 25
47734, 475
48091, 889
7727, 454
23783, 617
1822, 642
42535, 26
36000, 279
18663, 868
43080, 602
52306, 508
63275, 868
63977, 975
9968, 616
32247, 930
68058, 455
24239, 855
64377, 368
17332, 855
21006, 339
58845, 161
9530, 718
51697, 944
55855, 111
26019, 221
34463, 244
26570, 589
13386, 984
48688, 873
24679, 119
3694, 875
37960, 193
66976, 175
38231, 770
18544, 595
14897, 906
13256, 607
39026, 596
44430, 749
19617, 574
1954, 792
50712, 76
42292, 413
35617, 29
66897, 812
57950, 190
31528, 609
26026, 787
68836, 432
65150, 427
13637, 797
49452, 35
4175, 833
33495, 974
33871, 845
30051, 147
21003, 618
66851, 538
48319, 861
59331, 307
16529, 387
56636, 767
55735, 353
46262, 347
28829, 97
1583, 423
59687, 85
67528, 56
31587, 292
34160, 878
2314, 988
61396, 79
62191, 440
65044, 631
696, 856
68230, 42
20276, 386
38652, 543
20923, 848
38832, 820
33308, 287
33644, 956
32410, 914
17210, 613
16623, 642
11566, 318
28773, 968
34349, 842
33877, 593
28992, 174
49734, 873
36796, 757
37244, 744
26028, 701
34022, 587
56132, 236
39834, 859
29873, 947
33419, 594
68662, 446
3241, 240
34291, 495
13509, 433
37264, 854
69145, 295
51559, 734
52626, 349
35504, 609
27014, 775
21905, 361
47685, 236
7183, 971
65850, 501
59451, 619
26098, 181
36137, 592
25426, 359
5444, 834
59830, 457
51556, 946
39929, 544
35667, 143
25143, 249
55807, 177
7119, 118
23963, 846
60007, 194
54602, 870
66771, 90
61094, 897
5187, 572
23653, 370
5752, 687
47513, 398
59662, 419
64548, 608
36762, 670
14218, 694
34118, 890
30606, 188
49003, 984
12147, 69
55898, 478
27999, 839
3177, 988
18075, 660
69852, 58
54788, 576
56953, 213
58420, 604
54397, 572
32316, 396
40285, 167
8483, 333
23224, 829
11128, 174
44179, 86
61908, 331
60381, 966
34992, 440
56513, 456
4498, 937
63255, 956
40454, 208
68469, 326
7140, 744
38004, 129
3485, 711
49894, 378
49786, 185
29016, 426
15471, 794
1628, 689
69207, 770
27217, 865
60593, 681
31893, 692
21509, 159
49090, 221
35490, 661
49944, 101
39636, 387
44089, 421
31860, 993
6340, 459
22614, 945
68525, 464
22619, 904
22346, 951
61968, 291
21489, 750
27673, 0
48700, 448
26792, 831
41646, 957
45712, 773
2020, 726
40268, 160
10105, 127
32796, 185
66164, 596
51369, 666
65420, 448
66970, 933
32383, 24
18748, 830
11084, 858
64699, 407
56081, 123
2361, 38
18824, 357
35950, 965
59400, 54
56986, 416
21331, 757
10626, 453
14696, 978
35360, 220
17403, 755
59057, 752
58121, 413
6438, 535
52708, 36
31684, 261
21808, 593
67785, 389
17845, 740
29476, 489
4891, 443
50201, 749
63743, 90
64739, 179
58778, 1
2095, 491
12879, 665
4773, 929
41850, 528
60274, 765
50445, 243
60441, 526
16531, 827
16287, 790
23964, 167
34632, 895
20268, 97
15193, 395
24577, 184
60416, 887
36068, 313
26640, 567
4190, 783
42005, 922
42195, 844
40176, 812
57812, 698
1824, 115
32996, 717
9325, 320
51093, 747
39186, 746
22975, 438
45084, 284
66508, 814
49124, 497
27051, 629
25361, 794
40449, 797
29773, 333
20677, 930
51119, 91
5788, 448
12560, 730
2447, 437
16986, 13
33441, 305
50013, 350
54064, 655
66803, 703
40805, 420
50764, 791
20371, 889
13234, 171
31729, 376
48084, 108
43098, 72
49175, 139
30144, 455
36240, 54
52529, 1
19680, 583
45742, 901
31863, 218
6677, 600
38869, 546
9029, 939
5920, 864
64309, 285
21075, 344
50580, 517
49930, 252
35293, 630
35420, 798
20618, 221
32980, 895
63330, 625
8476, 881
1038, 701
4162, 785
59550, 80
60824, 988
18885, 92
66764, 588
18369, 157
64872, 324
13916, 848
66951, 296
32597, 597
25739, 212
5144, 880
4255, 488
64161, 606
19624, 564
68104, 345
48349, 872
63684, 750
2535, 991
56451, 18
20421, 865
5636, 74
57207, 218
16533, 776
24336, 548
31007, 223
7544, 285
50625, 488
39374, 965
47678, 360
8761, 140
59177, 502
60583, 409
31489, 928
1385, 41
10605, 620
69319, 822
51693, 402
23487, 155
51133, 521
53606, 494
61491, 844
6789, 667
56034, 451
1568, 748
11354, 44
38026, 901
34546, 232
27341, 427
11134, 906
30770, 809
39577, 926
27433, 534
38759, 927
6495, 70
26414, 270
66934, 843
46843, 970
18290, 954
41956, 19
25826, 599
56022, 910
7323, 907
43047, 603
7103, 986
39597, 885
55031, 927
2656, 859
9810, 959
57911, 941
25960, 369
56109, 938
49263, 464
62725, 907
354, 406
65036, 237
52370, 289
16495, 131
2945, 393
65502, 729
48899, 160
28041, 485
1841, 398
4376, 179
40385, 504
52769, 339
36015, 921
50432, 650
14577, 840
31994, 325
68548, 413
6288, 441
59351, 582
55996, 634
67948, 342
1243, 648
69437, 507
48968, 363
69994, 378
48751, 253
21547, 854
4833, 917
5562, 775
37292, 916
60894, 526
67787, 341
25664, 743
49364, 682
66382, 696
20437, 980
1463, 622
63687, 953
8930, 309
2045, 838
4778, 837
32793, 410
53502, 326
40667, 311
9728, 98
24440, 843
7745, 941
47673, 148
5746, 212
7317, 18
63108, 823
30907, 664
63474, 240
63986, 289
21699, 517
55756, 445
8406, 607
1837, 94
38411, 489
43823, 510
39542, 488
9118, 962
54658, 491
3615, 838
31043, 465
6691, 346
46239, 264
67940, 1
53692, 272
42614, 36
6455, 195
23557, 774
66615, 465
67471, 366
45369, 206
40195, 201
30011, 40
51039, 258
3441, 366
7248, 494
56985, 640
29084, 341
15582, 682
44516, 692
8470, 175
16380, 871
713, 318
10412, 877
64595, 27
53139, 320
32845, 33
22154, 196
7998, 732
8810, 858
29552, 458
59983, 813
60745, 93
53054, 169
68508, 622
47900, 436
65209, 130
35507, 857
65539, 898
24341, 771
1384, 302
52833, 910
2003, 742
28850, 400
31902, 19
49623, 53
16918, 358
37517, 611
58167, 658
34916, 170
45123, 380
58557, 975
6162, 355
11617, 540
15074, 503
61186, 598
16584, 527
46604, 247
20584, 512
19874, 18
2706, 833
28411, 400
1328, 548
8826, 821
45347, 830
67991, 679
2620, 583
11723, 27
26733, 31
13640, 39
7991, 252
5527, 707
22124, 573
39879, 17
10798, 922
52576, 598
47268, 354
38873, 867
51216, 919
57628, 415
37181, 233
58331, 591
26511, 793
24457, 803
44653, 562
68854, 136
17888, 683
41459, 219
10129, 935
54463, 513
25533, 140
44982, 110
18178, 159
64254, 602
9001, 906
21383, 875
20297, 609
46027, 778
68778, 85
50021, 879
4757, 440
38570, 163
47053, 120
2323, 919
30686, 977
47055, 782
11169, 654
6114, 49
47426, 732
56067, 822
17257, 70
50411, 489
33608, 7
24254, 593
601, 186
55538, 31
67829, 888
25721, 772
27974, 229
23490, 809
50951, 80
5923, 663
35300, 255
39831, 579
26301, 188
7078, 694
12617, 965
22030, 920
2908, 308
63210, 17
31411, 254
1801, 860
29370, 134
7384, 348
7406, 649
15773, 678
41364, 681
55280, 673
13474, 236
45870, 305
1663, 944
53948, 315
12505, 391
38078, 612
62029, 358
35249, 755
41356, 749
245, 342
45504, 793
21953, 44
22573, 803
68013, 308
68381, 207
69349, 831
24246, 115
26332, 422
56407, 496
56711, 183
831, 386
4411, 303
3692, 14
6226, 796
65645, 809
11373, 935
65847, 463
55666, 666
22173, 9
1218, 920
11159, 798
28882, 279
35438, 94
9879, 483
56163, 90
39334, 965
22943, 685
28919, 228
64836, 343
44962, 33
14119, 57
46547, 452
31451, 47
4958, 767
64790, 85
69981, 382
38903, 29
49316, 55
22835, 577
63129, 876
59913, 973
57839, 589
1771, 913
50131, 832
4822, 813
2932, 363
11739, 920
58269, 838
33369, 147
53052, 468
68722, 130
53008, 511
24161, 643
42164, 35
60285, 837
45666, 998
61466, 849
36678, 869
31135, 575
29395, 977
69898, 18
64967, 236
68265, 815
57240, 109
19572, 791
26268, 294
45328, 252
31181, 630
10410, 998
48835, 700
10871, 474
50709, 266
34742, 609
520, 855
56489, 517
48297, 714
41866, 201
16766, 348
4673, 883
27085, 865
28386, 215
55840, 320
40429, 494
33138, 987
32880, 536
56693, 758
9401, 935
29365, 826
46121, 260
25365, 138
43350, 913
44326, 430
5015, 383
50607, 78
59418, 910
50292, 159
10466, 472
64718, 202
9423, 562
43891, 50
35601, 504
18997, 770
66751, 707
28013, 959
64498, 972
61447, 730
58050, 723
4298, 619
9377, 415
61375, 497
53508, 383
43436, 876
51795, 535
45937, 538
11132, 74
44710, 604
43893, 208
26337, 909
59694, 779
48853, 715
32493, 945
42365, 366
18402, 365
4037, 561
50914, 643
61402, 599
48680, 356
39843, 744
12170, 377
38892, 280
57855, 235
53334, 838
60115, 414
51294, 385
20981, 627
31802, 407
11771, 466
64719, 917
31106, 549
47638, 619
43732, 896
60817, 932
66885, 499
7244, 29
32672, 78
16580, 448
40693, 871
26857, 495
15723, 128
527, 3
13291, 679
62635, 770
61570, 831
51512, 158
18143, 359
61055, 804
44955, 210
34312, 477
45888, 558
20930, 37
25881, 899
26378, 598
29203, 577
47947, 382
10659, 532
5958, 519
62173, 239
58364, 308
31377, 336
5078, 394
55027, 566
35815, 715
4276, 556
44149, 892
1084, 756
7050, 785
30650, 126
22991, 329
2114, 433
35226, 514
23165, 969
29902, 467
43904, 277
14254, 866
24108, 213
25919, 73
22521, 817
38562, 521
66653, 234
44719, 245
23311, 840
41885, 780
38067, 474
18772, 439
23866, 589
40318, 211
69042, 136
12943, 785
54798, 147
26416, 979
3262, 403
16929, 93
21372, 101
24656, 370
68101, 988
40436, 466
57584, 277
40641, 161
62615, 66
8674, 475
16662, 69
30592, 921
11567, 611
40077, 105
28288, 197
6096, 439
7315, 230
17676, 682
8467, 472
45342, 216
63646, 807
45540, 815
10132, 918
7441, 8
208, 171
8811, 101
7187, 622
14446, 314
9152, 978
10450, 649
54604, 138
23235, 976
51101, 855
51161, 225
65318, 507
877, 182
54975, 780
53818, 123
8589, 841
25589, 480
44399, 123
63212, 187
33273, 848
5327, 168
36458, 409
48587, 44
62862, 654
60762, 491
45253, 60
54479, 831
10670, 559
57823, 381
61597, 223
12698, 475
61548, 162
46619, 855
65425, 372
55339, 632
56853, 253
12353, 874
10674, 9
39633, 692
27517, 654
12880, 479
40839, 922
8375, 214
30170, 423
20792, 478
21753, 202
60766, 711
18139, 881
4577, 888
2400, 94
60406, 989
53969, 121
19907, 375
3549, 657
54141, 319
54644, 523
61146, 322
44310, 520
24755, 790
31669, 594
60686, 378
16407, 990
22561, 840
13660, 69
20153, 690
64278, 29
1172, 292
43367, 351
53796, 210
20419, 868
41057, 873
54947, 527
13079, 174
14624, 942
36259, 500
26143, 983
49984, 984
30708, 526
42672, 399
9715, 14
45386, 36
23482, 619
43878, 147
54375, 534
2403, 859
46701, 119
10121, 814
20804, 330
33622, 265
8311, 467
35019, 638
41424, 118
44335, 296
69814, 347
21147, 957
42761, 792
24056, 242
69279, 730
34343, 91
18773, 802
27128, 106
27395, 450
26428, 3
31739, 718
7411, 308
42413, 826
30073, 739
34696, 134
66492, 90
3349, 431
48271, 529
69084, 193
31289, 201
40632, 174
41392, 415
29778, 221
14155, 601
35404, 36
39683, 530
26656, 527
17447, 747
51448, 393
64565, 403
40308, 963
13845, 891
54940, 742
49614, 668
26783, 400
12222, 272
41281, 107
5059, 52
57270, 519
63779, 7
48514, 333
3038, 537
867, 370
49971, 693
53985, 118
57333, 863
52934, 323
59528, 652
35542, 337
44151, 29
13002, 552
80, 633
57995, 814
807, 819
57078, 606
21396, 778
51139, 852
47031, 581
43992, 156
52598, 227
23982, 573
49139, 864
52444, 184
61250, 319
25581, 300
63221, 724
59183, 358
64197, 107
30629, 633
17754, 150
9249, 703
35979, 295
44086, 564
48362, 514
18685, 488
11841, 966
36011, 881
68559, 759
48776, 751
229, 923
54180, 400
22800, 943
46788, 144
26479, 467
65469, 691
10585, 341
5051, 134
56569, 706
29594, 952
19679, 727
48551, 448
5969, 202
39789, 912
31949, 809
65244, 658
32341, 197
67622, 882
31110, 254
49629, 253
22936, 106
59604, 882
25505, 166
35445, 781
11899, 276
1673, 134
47604, 354
16329, 262
23764, 272
47468, 804
34448, 326
30244, 435
19651, 883
23560, 186
6619, 222
34771, 623
64465, 80
42979, 537
55487, 974
44964, 542
43769, 689
66365, 193
65165, 47
57685, 289
58344, 523
23119, 625
14488, 244
19137, 753
56717, 76
42779, 85
6637, 974
5480, 860
39949, 458
35066, 739
19224, 304
1706, 264
37005, 458
14200, 34
54379, 592
19310, 8
43707, 585
54446, 157
12760, 473
40573, 889
32446, 385
17372, 734
66215, 610
6078, 823
38206, 679
19758, 923
50435, 192
21132, 56
3813, 434
31242, 909
46438, 266
40346, 953
44395, 812
63263, 32
65805, 191
52969, 654
46507, 433
54880, 656
32414, 979
4650, 547
51721, 648
39008, 193
47705, 47
18959, 157
13949, 482
2414, 668
44554, 405
35425, 697
1155, 437
43529, 782
49720, 798
2777, 648
36227, 743
65275, 84
35111, 289
6025, 972
14923, 294
41517, 254
62518, 484
18591, 457
52050, 48
48369, 633
54377, 489
16189, 842
165, 723
26537, 764
22148, 149
60756, 512
8452, 886
26042, 604
29836, 477
37982, 133
54749, 461
40347, 338
3343, 888
45544, 957
2119, 982
19521, 174
15899, 294
58048, 689
31433, 930
13914, 625
2185, 707
27060, 536
17252, 462
8878, 955
57663, 25
25934, 951
26781, 464
41062, 517
29226, 291
24157, 18
63364, 630
17455, 109
49785, 668
43096, 278
38567, 269
22175, 552
17077, 103
62280, 28
64779, 775
68749, 617
2127, 59
1484, 830
14436, 982
57124, 311
24337, 7
181, 506
53080, 460
18356, 430
3371, 669
51040, 267
6586, 930
24255, 471
26650, 291
1515, 398
26128, 190
21537, 3
61416, 702
28430, 769
35206, 84
14061, 532
11006, 594
14217, 566
26169, 148
20325, 289
50905, 137
21345, 975
10055, 969
38501, 235
30658, 314
23925, 459
34059, 374
39125, 386
22282, 164
2528, 706
9382, 122
15999, 620
585, 865
21531, 350
39071, 147
42315, 459
41916, 521
13410, 575
19974, 134
27694, 149
18240, 187
9387, 840
62743, 32
43631, 892
21267, 579
23824, 354
31084, 819
9704, 225
40859, 594
12275, 950
11278, 35
62215, 327
17419, 552
54144, 297
63586, 697
66877, 429
46694, 730
9114, 22
24143, 357
58180, 12
62405, 613
40408, 283
58530, 829
53584, 343
18981, 667
25897, 114
48124, 410
5717, 552
30840, 489
17801, 939
47960, 538
2616, 390
50038, 716
22657, 752
41207, 762
36665, 221
63312, 35
46546, 760
64002, 895
49360, 96
13144, 707
20420, 512
7291, 652
63351, 853
30286, 3
49986, 269
28613, 568
23686, 915
939, 843
813, 18
34510, 594
13417, 334
53336, 337
14018, 678
61569, 610
23911, 137
44038, 100
60517, 652
29849, 76
6364, 939
55094, 799
28470, 813
65245, 964
4882, 701
12701, 477
6117, 786
41852, 345
6485, 66
8300, 296
29315, 489
52886, 103
2286, 958
28302, 892
34234, 147
52106, 761
54884, 230
14245, 908
52651, 40
50047, 54
65884, 724
12062, 359
47465, 978
16365, 886
56902, 396
29019, 123
26895, 457
37770, 275
17453, 763
53870, 603
65007, 370
59373, 904
41556, 58
4894, 581
26506, 570
17449, 740
32824, 959
69869, 817
18144, 879
53817, 152
16890, 443
25160, 969
41050, 379
67648, 271
19409, 251
65634, 62
42985, 509
53739, 852
20561, 974
50710, 55
15215, 680
8162, 929
12711, 48
2177, 0
29885, 716
56363, 701
18015, 981
24329, 133
49335, 48
55683, 195
45875, 816
61371, 826
44178, 699
21554, 51
69800, 823
44139, 25
23415, 711
11847, 285
65493, 615
54309, 301
34654, 993
39187, 278
19445, 103
31265, 303
53577, 447
51941, 50
19713, 731
23309, 407
37763, 274
42962, 549
16996, 859
52420, 621
23756, 381
29308, 730
1078, 129
53408, 440
28402, 339
61730, 702
22336, 14
15766, 175
15895, 534
66912, 40
12846, 942
4903, 700
31375, 295
51122, 141
51847, 346
25335, 24
43917, 389
6879, 322
31593, 696
2624, 505
14331, 111
33318, 691
68180, 477
23733, 607
64824, 371
52133, 394
34367, 724
43439, 802
38976, 672
18535, 939
47622, 343
46644, 97
6909, 260
9603, 91
64766, 778
11460, 628
39366, 710
29880, 219
12433, 959
7811, 380
40559, 917
3910, 516
52894, 680
3988, 372
43687, 164
41462, 459
12367, 690
39761, 997
65040, 681
48946, 866
30200, 861
23860, 488
49583, 977
30106, 81
325, 731
7341, 359
43946, 951
14987, 552
47225, 928
22843, 931
5945, 894
35550, 509
14411, 882
45133, 417
62754, 822
68678, 417
6669, 442
1071, 996
60952, 715
30851, 777
55343, 950
142, 519
64761, 326
42300, 683
42161, 619
32004, 4
57396, 276
2161, 222
15613, 648
8820, 534
68253, 257
61351, 499
64478, 284
44846, 56
52590, 884
32977, 809
67148, 235
7661, 628
18602, 907
311, 73
37562, 611
46613, 165
24815, 215
61487, 207
9578, 345
1711, 567
32542, 963
17601, 466
55400, 613
26274, 725
28728, 528
25499, 303
32926, 67
13289, 482
58430, 547
14443, 107
26681, 183
27757, 973
45782, 152
33166, 581
38130, 221
39302, 343
38543, 238
34672, 101
19958, 40
59179, 499
29373, 355
64525, 634
8330, 572
61340, 857
528, 823
68335, 71
46906, 90
33836, 418
14928, 670
53501, 118
46879, 603
31782, 181
67465, 498
61226, 238
30268, 620
24464, 476
65923, 80
58224, 451
15363, 655
57213, 270
31805, 753
39287, 450
36350, 903
49881, 667
13080, 71
26890, 349
4364, 621
14884, 719
53182, 136
44660, 852
24151, 510
19882, 115
30186, 733
29746, 306
68003, 790
50107, 607
50041, 731
52683, 488
35328, 580
63307, 557
55560, 783
37765, 318
4569, 202
65832, 5
67212, 106
24452, 92
68527, 164
35204, 660
54659, 592
69330, 7
26953, 206
61568, 738
69041, 39
56817, 874
379, 880
11515, 224
132, 337
46064, 538
32078, 261
7372, 861
7909, 323
26187, 228
44202, 386
24576, 161
18102, 379
43129, 448
58533, 884
41271, 818
44118, 523
30097, 768
29602, 339
22348, 193
59101, 633
54694, 753
18321, 426
11470, 167
25198, 915
14366, 419
25653, 990
16198, 168
33137, 777
62790, 960
21477, 479
28426, 646
38281, 363
24249, 900
48525, 530
29844, 735
42910, 68
43699, 825
8870, 765
31128, 292
4689, 622
30667, 801
62246, 260
41545, 695
24035, 623
19671, 143
61415, 316
40652, 16
2685, 13
22633, 449
9716, 729
16449, 954
952, 323
39998, 830
50900, 767
45868, 379
48916, 645
68415, 909
48269, 944
5379, 905
64389, 901
33189, 223
47063, 643
36279, 79
20816, 393
29500, 83
17052, 164
66812, 93
33386, 85
44826, 348
6877, 490
58313, 444
26731, 715
11091, 909
50787, 236
33401, 200
3952, 403
51930, 876
56013, 25
31786, 371
64016, 140
23965, 105
59377, 953
24227, 946
33770, 714
31644, 623
38242, 656
51029, 732
9499, 205
10168, 550
3746, 714
11195, 257
50666, 252
55047, 379
49561, 872
8509, 499
9527, 602
29469, 15
14838, 875
58120, 887
68878, 288
39739, 382
23504, 738
41478, 335
61918, 206
30533, 456
20105, 320
26276, 438
43563, 622
37664, 119
43108, 889
41751, 168
52790, 764
7094, 872
57312, 785
61931, 760
38504, 216
49425, 668
28309, 262
21223, 964
45189, 632
64870, 426
58569, 827
69257, 93
24093, 141
47854, 472
54469, 278
68550, 12
24154, 707
21069, 377
39627, 857
32923, 444
19078, 72
42, 663
23473, 751
49611, 625
17409, 826
40383, 379
55284, 824
33485, 179
34686, 206
23436, 693
30904, 255
63543, 541
10989, 132
38717, 447
28544, 578
1721, 734
61749, 473
57718, 370
19672, 697
34368, 394
54960, 876
43990, 122
1178, 383
68562, 295
41053, 376
24462, 946
68426, 448
30016, 577
43662, 20
8194, 621
50436, 411
39706, 375
62680, 120
69995, 856
27831, 773
2992, 561
41121, 486
26626, 973
4537, 372
1740, 887
63258, 634
43988, 667
4105, 682
46046, 4
19377, 888
25188, 831
2228, 50
6962, 216
37152, 942
4104, 127
48448, 543
15026, 461
28135, 19
46995, 584
8874, 324
47532, 962
16482, 577
54874, 441
13943, 643
53701, 1000
50434, 510
17633, 290
38012, 145
11455, 241
19789, 136
50655, 764
61046, 725
18567, 299
3183, 698
18131, 36
64536, 221
27436, 560
26847, 142
44744, 515
56305, 931
46334, 187
60377, 590
55688, 318
9789, 230
1618, 511
56141, 575
40118, 207
32715, 853
19356, 510
61719, 61
36719, 993
3600, 427
63703, 467
39729, 860
63085, 1000
54164, 393
35781, 732
2924, 535
40305, 699
16530, 509
19856, 880
4669, 585
32175, 916
28863, 264
64561, 581
5066, 423
64959, 197
18666, 938
58434, 420
29591, 255
14944, 377
4540, 238
21128, 365
38847, 660
45329, 505
1024, 252
58466, 197
44142, 613
44583, 869
51911, 358
27114, 943
43167, 392
26153, 892
54554, 311
17993, 878
56344, 364
23435, 388
40061, 904
37751, 810
209, 639
50058, 724
48806, 55
52453, 348
19862, 216
43913, 507
54668, 991
25509, 262
69745, 745
64216, 381
25642, 927
64731, 169
8432, 727
53908, 590
32935, 46
32899, 866
18266, 969
42430, 816
58933, 558
29272, 337
53088, 52
40300, 507
28154, 527
59129, 68
16018, 529
20004, 121
17549, 170
51366, 61
51286, 782
34539, 511
60168, 323
36085, 180
3342, 224
48568, 807
41236, 645
48491, 183
26263, 806
38147, 663
50958, 976
51736, 843
36496, 142
35201, 77
60345, 433
48323, 51
40243, 391
50084, 419
39501, 266
50682, 929
46551, 986
44166, 441
13839, 959
15861, 475
19783, 444
48572, 715
49880, 34
7774, 579
19520, 909
20846, 554
41061, 34
14103, 578
39917, 296
64230, 469
24267, 799
48046, 375
20416, 89
25857, 951
3257, 774
40116, 466
39027, 414
65347, 440
57428, 760
66336, 409
55601, 746
67437, 811
7387, 276
18907, 998
42819, 578
45674, 799
46339, 489
30333, 172
34358, 95
13694, 935
57945, 575
10622, 166
65447, 97
7179, 749
10500, 24
69397, 221
3931, 887
63517, 629
46022, 41
67917, 998
59354, 116
41428, 822
38432, 687
60728, 305
12364, 477
65009, 193
21162, 454
34616, 965
64649, 68
15041, 563
25047, 300
13785, 692
26721, 607
341, 932
46224, 379
10183, 953
7594, 374
64524, 856
10829, 306
59642, 801
31236, 609
48001, 83
45362, 367
19174, 922
61429, 815
38264, 327
64495, 587
49402, 177
4090, 682
54192, 347
5603, 635
42352, 167
46951, 267
11309, 738
3462, 20
5673, 732
32629, 494
18027, 873
44487, 594
44175, 458
39602, 406
3050, 685
20955, 80
65465, 271
24504, 375
39464, 827
53506, 239
2087, 344
12700, 683
63112, 387
15123, 987
23211, 661
65257, 958
53364, 37
50840, 664
3662, 57
4560, 479
53602, 306
9419, 14
47926, 691
57724, 166
32113, 477
2170, 366
3453, 357
59546, 471
41038, 903
40884, 570
2242, 59
67333, 636
41367, 152
41894, 411
25962, 476
37314, 763
7198, 921
38559, 0
31461, 107
20568, 413
55615, 444
41869, 193
41403, 609
30745, 638
30698, 384
58009, 801
58799, 924
39816, 966
69512, 978
47776, 840
43456, 310
45725, 204
22086, 0
47770, 340
28087, 175
60452, 870
24222, 413
64840, 358
67685, 646
56672, 802
36097, 348
50915, 574
58163, 545
42180, 585
59139, 761
56453, 701
7808, 291
34786, 292
19104, 523
67133, 429
14045, 745
61096, 679
7820, 296
9494, 152
22661, 933
31943, 188
56484, 502
40029, 429
14598, 930
62951, 113
69106, 384
42815, 370
48348, 699
7400, 656
48255, 392
64435, 271
50989, 365
66515, 239
61932, 787
17135, 573
51146, 797
22384, 557
38643, 94
23845, 953
25404, 824
28033, 618
12206, 931
58717, 624
63282, 397
5384, 644
39163, 468
13720, 942
19878, 904
50816, 788
22644, 194
50423, 661
56959, 456
56550, 249
47844, 66
58508, 557
24796, 608
46024, 801
43141, 302
59730, 308
31074, 986
12002, 727
45014, 660
33853, 781
53815, 641
28435, 321
38590, 324
61732, 815
12296, 117
29177, 325
49280, 826
6722, 623
12974, 381
31249, 463
47386, 253
19785, 387
47137, 563
20450, 750
53673, 605
56185, 853
22067, 625
27900, 538
41648, 514
3123, 515
29876, 593
8978, 816
68713, 862
32030, 543
56228, 266
16977, 287
33380, 73
52242, 74
63976, 415
4027, 393
69632, 646
3588, 993
36725, 232
36462, 610
16676, 784
22995, 989
63886, 131
49875, 716
38209, 632
22562, 919
43170, 818
54952, 973
34244, 352
44943, 831
17008, 776
6999, 836
57915, 509
41558, 416
11077, 325
13698, 591
2769, 398
6469, 936
6118, 242
69765, 378
64110, 336
39135, 751
12668, 326
6165, 755
52008, 869
7513, 871
36803, 982
21843, 596
30782, 864
16221, 764
16197, 749
4630, 460
45539, 223
29928, 45
23010, 583
29632, 98
45480, 326
67672, 170
25227, 642
47408, 391
63694, 151
25744, 840
2646, 769
30444, 880
45392, 419
5838, 829
11621, 542
30528, 526
61182, 83
11033, 663
6774, 785
55535, 714
56813, 874
4061, 954
1877, 62
23071, 303
67975, 629
19255, 794
10236, 160
45970, 622
62042, 16
33239, 689
48218, 179
27514, 413
29013, 795
19067, 305
39228, 18
65761, 658
46821, 857
30466, 920
55293, 156
49550, 883
52470, 136
39529, 403
24888, 761
27408, 889
65580, 510
31417, 288
45909, 188
9649, 50
27539, 842
2791, 66
44524, 613
57314, 357
65062, 522
30412, 190
13334, 125
51158, 631
16512, 857
27858, 725
845, 174
10287, 191
44777, 8
47480, 39
37797, 833
51071, 870
17279, 416
3442, 397
59849, 412
54559, 545
26308, 371
18973, 647
12285, 363
58837, 736
55849, 92
40942, 349
23462, 979
59037, 888
5229, 617
4871, 405
40281, 292
51803, 790
18327, 771
62901, 565
60911, 602
9141, 131
53220, 523
57813, 916
49458, 813
46110, 884
57308, 884
35710, 175
7549, 728
43916, 638
66505, 407
12493, 559
22570, 929
17930, 152
62225, 573
18445, 584
34430, 275
19834, 726
59986, 475
21775, 570
65677, 323
7484, 897
44092, 368
34845, 80
31640, 399
34716, 928
26768, 40
11137, 55
25771, 734
15045, 498
43092, 3
29865, 943
52965, 844
56997, 620
14224, 789
27761, 317
15825, 742
21720, 70
3604, 76
27430, 702
7373, 805
8580, 993
46462, 183
4284, 933
33715, 536
57856, 237
28903, 312
58400, 645
34611, 340
9180, 191
23136, 648
6015, 319
18706, 740
23029, 965
3961, 347
68157, 839
36353, 687
23260, 80
62459, 480
14588, 793
6860, 772
40147, 109
34626, 973
4073, 823
16471, 974
23107, 424
46419, 424
13087, 791
12492, 173
3801, 855
28858, 363
64228, 232
40723, 338
2721, 105
11559, 766
57904, 112
67850, 368
30165, 228
53645, 979
43474, 254
351, 820
46145, 160
44577, 92
11768, 55
41089, 169
59516, 196
25712, 504
67933, 970
62227, 576
65240, 707
36111, 832
16871, 643
51054, 44
25349, 689
59478, 937
44318, 877
16554, 845
24725, 969
22083, 467
34972, 939
66572, 221
35831, 83
20466, 707
46721, 1
42355, 11
350, 849
59535, 518
3406, 195
20078, 459
58677, 883
13447, 952
8381, 399
30888, 471
26292, 933
16153, 414
962, 87
36603, 544
914, 973
9094, 820
65079, 865
25345, 492
8372, 663
28471, 394
3023, 571
12801, 775
20293, 425
53375, 189
16555, 141
43503, 524
53428, 372
12052, 619
490, 835
15269, 640
9317, 937
39479, 164
5143, 614
49993, 784
65054, 852
64734, 733
5740, 282
9098, 486
65304, 881
9080, 969
6228, 906
85, 471
47411, 37
55695, 679
67276, 725
17776, 915
54571, 596
41164, 630
48150, 546
13020, 604
26967, 617
44857, 925
35464, 281
35049, 568
2487, 691
61644, 853
9357, 759
64120, 96
36722, 838
32479, 252
41070, 495
5862, 772
43027, 310
10170, 559
52982, 719
43152, 301
23441, 503
29127, 102
37411, 681
34179, 509
53392, 759
33023, 7
35415, 436
66251, 806
25138, 294
16030, 90
41447, 484
41876, 708
38477, 493
25844, 43
13362, 349
27841, 360
11011, 737
25916, 113
35532, 685
33618, 935
59237, 251
27967, 819
62199, 651
67559, 920
57595, 62
65033, 194
16707, 408
55571, 868
23566, 221
6971, 282
36282, 334
51921, 19
69575, 10
27187, 520
56570, 373
504, 434
29582, 979
36408, 402
63562, 231
4319, 148
8204, 70
34584, 576
6686, 559
43953, 938
69583, 13
43254, 466
29612, 445
56346, 897
25210, 944
68815, 314
63594, 632
27847, 179
60692, 261
4141, 806
9909, 373
42981, 39
68928, 295
43278, 944
17535, 266
1197, 234
49882, 554
188, 548
62846, 52
6370, 814
45541, 806
3372, 68
11162, 346
13502, 20
52316, 920
25435, 256
23957, 367
24138, 449
69197, 965
34247, 466
8355, 144
40242, 264
36302, 893
10341, 394
20966, 848
47946, 891
6191, 978
51130, 551
3080, 448
42818, 780
61721, 265
4218, 833
48270, 791
3299, 781
60219, 277
44331, 662
66353, 501
49294, 351
60105, 637
56969, 609
46008, 305
11696, 103
18008, 143
15285, 501
48245, 790
26023, 670
8282, 822
925, 768
67515, 763
43864, 139
60779, 864
1223, 755
48440, 378
31832, 459
55013, 997
3865, 97
7095, 142
16361, 972
39064, 809
27384, 306
23722, 927
56118, 62
8599, 729
47407, 745
23150, 873
33351, 420
23650, 775
4731, 973
2653, 220
37514, 286
61206, 191
18335, 749
57436, 834
55226, 790
1043, 501
60330, 502
34741, 575
27605, 902
52230, 582
5903, 372
19784, 438
64175, 400
13686, 941
51019, 165
17567, 602
60572, 147
60767, 904
33007, 671
66993, 18
5139, 47
66179, 223
34527, 462
37962, 807
20604, 737
8618, 510
52904, 157
25731, 428
35466, 40
6925, 369
36541, 166
20629, 740
43310, 748
50508, 801
12485, 345
33648, 13
8156, 256
57117, 179
11363, 421
60930, 571
23984, 81
55184, 752
4527, 393
18242, 723
40808, 630
55162, 128
18876, 821
32188, 898
8631, 330
20761, 994
21832, 245
9361, 7
38744, 508
36315, 500
6939, 100
65365, 561
48536, 829
63641, 588
5822, 514
11662, 573
45025, 147
15219, 608
32789, 934
13719, 638
42782, 32
41300, 497
41669, 75
35933, 527
36519, 368
41684, 703
61739, 802
57727, 324
11976, 223
16055, 537
48748, 394
59362, 789
65825, 766
12288, 647
49489, 508
30611, 20
62859, 391
22465, 892
59142, 513
17553, 948
57125, 961
15361, 678
54434, 231
50183, 605
46228, 806
40214, 132
58286, 293
4905, 265
7370, 791
39697, 589
43770, 426
64252, 380
51018, 551
11703, 908
2460, 649
37634, 634
59026, 270
42370, 150
5579, 122
19250, 385
67359, 186
51309, 800
30963, 32
8147, 909
6611, 435
58805, 473
50378, 479
14380, 466
38757, 297
25236, 554
62451, 731
46716, 517
15958, 24
5515, 876
44804, 798
39647, 560
21581, 190
18091, 168
41076, 535
55403, 96
45131, 234
10809, 700
64058, 993
5423, 960
61, 887
46213, 111
31224, 604
5348, 963
64529, 56
67328, 625
21031, 525
68900, 714
44208, 686
31934, 264
26968, 998
49015, 931
41771, 544
16903, 609
6346, 385
66471, 934
52696, 663
13363, 120
21198, 190
16648, 763
59371, 66
49385, 178
1250, 142
50554, 787
46448, 414
31166, 176
46874, 844
9829, 435
18897, 492
54675, 821
6296, 852
54428, 46
18975, 682
1111, 311
4023, 514
59724, 183
30610, 836
40041, 987
1192, 349
4513, 537
6072, 77
3573, 839
34796, 279
5205, 277
35162, 477
41198, 342
60034, 336
11591, 800
40477, 213
23744, 858
37644, 273
58820, 41
33664, 199
10665, 222
53272, 334
68244, 55
19193, 493
24510, 964
53518, 388
32488, 758
46476, 324
5877, 383
20227, 213
49494, 256
34648, 955
62101, 838
19860, 249
39363, 74
49281, 462
23509, 382
55119, 599
2455, 229
17828, 832
31475, 556
32500, 959
21664, 475
68943, 105
3688, 721
7252, 583
27359, 710
9115, 527
45502, 689
57764, 870
24236, 549
24371, 491
46827, 401
67009, 579
38666, 403
69252, 826
40726, 53
14835, 104
34704, 377
28121, 973
2049, 578
2792, 425
5394, 202
57508, 370
31706, 940
63856, 774
4862, 779
16261, 540
14749, 984
65287, 210
16860, 431
57561, 272
27214, 371
44138, 622
7195, 625
51915, 43
43215, 344
7589, 98
61936, 984
34294, 561
42550, 191
17199, 961
11752, 320
53699, 815
50061, 662
45965, 544
3828, 810
548, 186
15498, 567
43135, 22
36235, 445
64407, 694
29530, 91
10184, 292
16100, 441
25867, 178
63654, 788
22495, 822
16097, 223
20028, 623
65880, 719
37858, 315
44420, 460
1530, 98
16128, 363
14404, 684
24378, 933
18417, 920
40774, 38
54585, 259
30199, 148
6923, 122
15161, 332
60130, 560
17323, 229
22326, 202
14520, 446
23115, 561
30526, 930
15433, 202
8997, 809
44665, 943
32349, 691
25491, 694
53347, 952
34795, 26
998, 0
16053, 7
38109, 413
2628, 954
15261, 966
64938, 810
6204, 70
53651, 448
45910, 106
46945, 126
32828, 533
12487, 388
23528, 175
61086, 317
21567, 187
53385, 636
2393, 468
13110, 928
16876, 0
27695, 246
30539, 461
69874, 20
27740, 482
5998, 895
26907, 686
15139, 880
9411, 208
50892, 755
56117, 945
58874, 988
66760, 892
22178, 294
69645, 851
23277, 869
830, 501
3459, 500
10946, 609
58908, 148
44739, 749
15780, 602
16238, 894
65612, 554
21367, 271
10473, 746
58588, 443
56315, 357
47539, 192
7016, 201
4662, 148
25209, 277
1142, 946
40218, 161
50617, 831
27068, 798
44801, 255
19404, 473
25111, 678
52392, 73
33306, 853
67320, 123
19435, 612
11247, 748
19474, 457
38321, 904
61882, 168
46025, 619
52464, 658
64094, 150
68494, 125
10284, 966
67263, 15
19000, 172
29611, 761
1675, 161
47644, 93
68427, 332
2731, 459
23535, 117
12918, 481
29189, 389
37315, 867
23993, 324
14786, 835
59305, 482
65599, 467
48997, 865
20468, 806
59900, 689
16301, 978
41896, 21
41395, 482
21122, 535
57722, 938
27468, 217
46183, 954
52839, 650
65094, 131
51319, 498
3666, 883
69595, 360
43061, 61
33499, 808
56062, 687
14267, 752
42487, 383
52217, 373
60117, 701
17066, 287
35086, 989
13202, 419
50373, 237
16156, 300
37298, 242
26550, 129
40446, 731
55379, 211
52773, 805
69446, 508
12553, 665
58148, 599
48515, 861
32405, 337
42446, 229
66102, 780
47481, 741
3452, 330
5782, 976
62343, 201
45520, 595
60197, 595
65920, 295
55824, 624
26486, 538
3042, 965
69987, 276
45311, 862
23470, 640
36952, 731
23259, 923
10991, 47
17667, 169
2420, 98
40985, 935
33606, 229
59067, 631
59051, 339
9752, 877
44587, 387
68151, 916
46016, 761
3845, 919
6916, 660
38966, 549
65390, 222
32677, 882
12912, 944
26636, 680
52421, 293
48725, 610
15141, 423
59464, 621
32153, 378
46357, 942
36559, 52
23981, 515
53905, 212
37225, 645
66097, 692
27927, 150
11255, 625
55121, 238
26865, 349
15696, 710
40104, 472
38494, 803
23411, 610
45668, 331
29416, 980
22008, 850
42240, 347
16147, 442
15887, 668
59636, 881
28923, 57
42936, 526
9885, 522
64450, 351
14731, 678
10092, 782
44231, 534
10242, 495
68095, 639
30802, 8
15140, 695
34936, 253
63701, 1
57445, 321
47799, 600
54242, 885
20483, 625
59992, 207
42379, 826
3763, 524
12201, 493
63792, 897
19243, 77
24275, 626
53197, 598
43223, 846
38371, 455
2942, 675
20432, 520
45684, 340
10537, 491
682, 681
10355, 112
8435, 427
63324, 931
21366, 736
35217, 665
64466, 854
51616, 491
2062, 293
8127, 576
61707, 231
40342, 981
1803, 584
32919, 652
31852, 595
46059, 132
55151, 106
431, 714
4955, 314
8177, 482
56904, 570
66063, 606
9972, 117
58215, 990
67364, 946
48922, 19
50381, 416
3621, 22
37531, 505
10559, 104
64915, 667
59941, 506
56795, 209
23525, 869
32487, 885
56261, 790
25026, 996
4139, 684
45317, 336
43324, 556
66230, 898
59741, 625
27849, 32
51129, 46
25888, 149
68388, 749
57238, 284
10191, 89
20678, 240
43411, 204
18382, 973
6740, 596
21984, 298
51422, 55
30626, 70
63892, 975
52620, 796
20684, 365
34451, 491
29809, 788
48274, 411
63287, 863
5415, 318
22989, 471
3298, 377
21615, 776
26524, 477
35571, 758
17798, 274
27787, 281
24290, 981
38266, 927
24512, 544
41149, 641
67526, 34
15404, 351
32093, 84
11493, 72
7761, 972
59908, 707
173, 446
28915, 746
29064, 96
59265, 15
27244, 16
50005, 833
11115, 822
56232, 339
60853, 293
18807, 584
47298, 193
4248, 30
828, 327
28821, 121
47166, 768
33178, 623
10301, 119
8016, 947
55051, 516
64752, 405
46658, 841
9287, 566
7365, 639
2525, 753
280, 434
53617, 143
51407, 659
12100, 938
53866, 914
32491, 494
24820, 546
21677, 228
39028, 169
27760, 711
57828, 869
44356, 766
49515, 484
40100, 695
39767, 14
3119, 608
10648, 786
55569, 501
43827, 386
64250, 822
35243, 635
46360, 505
65861, 590
45103, 481
64786, 661
46575, 957
35343, 727
24928, 151
13168, 356
46840, 476
50407, 741
38253, 404
41814, 323
69037, 581
53693, 471
5870, 963
38807, 819
52964, 656
1891, 740
51738, 913
36556, 146
9205, 345
37051, 617
61857, 662
69659, 528
58114, 968
58044, 599
19904, 523
59294, 904
50693, 930
24365, 401
65017, 670
52926, 314
35182, 935
12466, 935
57132, 249
15758, 451
47398, 45
60222, 365
23718, 531
13988, 665
13726, 454
17127, 25
3654, 55
24767, 723
52989, 72
30630, 777
32963, 966
4786, 900
1615, 496
33534, 120
7420, 235
15205, 337
35078, 621
18482, 671
23636, 957
1519, 218
13904, 269
59127, 895
48579, 632
65254, 306
3751, 82
69761, 512
10982, 407
21801, 529
11837, 899
66804, 791
38068, 938
32506, 759
36503, 385
43260, 570
42956, 457
50586, 209
30889, 566
27375, 127
39645, 305
59991, 435
42802, 194
3837, 821
66058, 126
12377, 855
60807, 49
1, 98
25196, 154
44565, 789
68842, 173
4442, 832
40489, 226
17334, 426
49074, 787
52091, 796
12928, 908
52949, 670
4229, 372
35126, 202
39731, 241
35003, 833
13266, 446
57633, 722
68707, 982
53147, 877
6647, 550
21199, 746
55710, 960
36698, 881
55717, 379
13799, 730
51461, 558
9461, 280
8531, 662
32136, 114
54234, 684
44513, 300
32697, 853
41645, 655
46186, 905
43854, 39
42009, 309
44492, 578
68192, 688
16990, 3
21491, 2
41840, 301
64577, 599
61682, 700
12021, 345
3052, 689
51096, 763
9134, 907
51995, 396
48958, 395
58456, 622
43510, 590
53171, 101
2938, 504
4219, 654
66598, 430
62396, 29
37378, 352
21988, 906
53211, 577
13011, 178
34934, 51
63343, 49
52993, 39
2611, 66
19155, 143
19144, 673
29786, 386
42551, 790
36433, 860
51051, 146
49850, 663
53971, 699
7412, 452
53330, 702
42034, 119
19010, 540
35750, 396
29515, 675
63677, 615
52357, 662
27132, 53
7241, 788
67701, 235
68589, 742
10097, 133
43859, 326
58952, 531
21650, 946
38352, 89
68783, 719
18070, 194
56946, 55
22295, 294
20415, 219
44457, 736
25117, 89
5090, 695
32741, 189
63978, 941
46163, 518
54502, 99
59117, 315
10983, 240
56951, 487
30727, 661
4283, 960
25611, 942
41782, 630
60297, 161
58689, 269
53319, 685
11690, 188
39908, 511
59085, 950
57274, 174
52243, 102
50528, 659
11370, 821
17576, 245
23408, 654
17358, 404
4499, 850
64047, 289
5671, 331
30712, 444
69520, 307
45247, 442
35449, 149
64179, 810
4486, 872
3812, 784
1983, 855
12856, 188
51301, 227
45387, 26
19112, 10
294, 914
24124, 67
4153, 675
59310, 485
57965, 352
15213, 743
18111, 26
63796, 751
68124, 954
6408, 530
14019, 996
3938, 9
39103, 313
37410, 157
11741, 292
35527, 182
29932, 71
5786, 368
15315, 245
26582, 236
45523, 311
33549, 67
49046, 132
62217, 38
53351, 91
24583, 149
63591, 338
61714, 828
1956, 433
10015, 828
8925, 168
10383, 478
66750, 301
26295, 736
6672, 110
53308, 907
26257, 749
11746, 146
45274, 678
60375, 626
56354, 141
68841, 701
44264, 371
32107, 692
11928, 62
50573, 673
51404, 515
19768, 654
63341, 968
5678, 150
59544, 268
17067, 613
40406, 439
54993, 107
31523, 173
25828, 581
33688, 456
31575, 729
33103, 729
32932, 927
12424, 141
46988, 908
42560, 736
35044, 129
59042, 957
5679, 948
42082, 597
53070, 363
3497, 603
31981, 642
31630, 330
35764, 717
23725, 141
43729, 910
26181, 465
14889, 103
31783, 23
13707, 617
60590, 679
11252, 223
3161, 544
39690, 230
46474, 52
26588, 821
34799, 51
4973, 884
12219, 582
45337, 960
23163, 656
14910, 739
12287, 896
23426, 511
56561, 89
52579, 376
5178, 187
49384, 301
33610, 650
54649, 642
20862, 445
40781, 517
50602, 903
67073, 508
45173, 803
58545, 429
4140, 128
15113, 557
62155, 731
29344, 336
27440, 579
16984, 821
13643, 938
38623, 610
13236, 827
2424, 451
66647, 582
66238, 90
197, 107
18759, 762
62025, 772
7358, 332
35195, 19
26472, 381
40172, 803
67071, 667
42233, 735
46373, 256
23008, 108
32758, 97
35479, 192
56183, 238
13652, 47
23217, 699
68257, 579
47273, 140
35837, 363
34475, 730
8795, 377
2899, 791
63928, 113
16979, 941
59204, 316
36076, 232
55192, 367
27251, 567
13283, 946
4997, 870
64320, 866
41427, 585
26245, 243
8430, 692
34841, 807
21513, 215
34650, 506
42279, 280
8565, 174
13167, 147
57399, 267
55305, 686
58961, 536
68293, 448
29465, 32
35524, 436
59174, 24
12812, 432
29638, 237
47870, 575
55190, 875
27513, 418
64892, 476
26659, 34
68097, 113
36166, 870
7553, 500
56972, 446
27821, 904
60098, 942
868, 135
53063, 293
38586, 666
41221, 928
11857, 362
38537, 477
35058, 143
12511, 422
46319, 593
9315, 337
68759, 18
59788, 635
34791, 558
34038, 181
10784, 99
11180, 586
3561, 396
58756, 413
22983, 550
63327, 911
33932, 17
66071, 172
9314, 387
38769, 59
28754, 114
31656, 403
29423, 249
24176, 273
9400, 134
19655, 903
53558, 137
69784, 613
46317, 408
10986, 9
44432, 303
44703, 144
51367, 512
45631, 90
66979, 630
1610, 801
37869, 655
8934, 200
51467, 103
12502, 479
30078, 740
4516, 377
69839, 350
42661, 775
21176, 879
29945, 833
30762, 822
59894, 257
56030, 468
34641, 463
12207, 74
59153, 314
44032, 292
6214, 549
23062, 803
49065, 229
51151, 692
14562, 426
48877, 846
13706, 496
25217, 412
6211, 56
59659, 586
54335, 455
69326, 10
46481, 93
12414, 298
7821, 293
63733, 376
2498, 736
10709, 221
55336, 491
38072, 97
41724, 18
8891, 761
13811, 373
68012, 178
51159, 104
21094, 530
24250, 524
21057, 348
30898, 36
34987, 768
32832, 610
63306, 378
16475, 345
2888, 341
5888, 487
52146, 322
36339, 422
59341, 665
32515, 596
26106, 634
68008, 480
66144, 616
30926, 11
58661, 113
53547, 632
61485, 776
26427, 344
66778, 281
46932, 821
33909, 451
32742, 882
42453, 178
24252, 969
15620, 399
14166, 507
43189, 777
11504, 120
66298, 181
22828, 698
24757, 414
68975, 389
59740, 953
52005, 203
61534, 314
36292, 145
26957, 189
35756, 250
42721, 915
69144, 944
50302, 153
57784, 956
43697, 606
36522, 18
11070, 513
24519, 368
43715, 758
33469, 289
8814, 141
32761, 758
6260, 201
50237, 817
40992, 894
11578, 58
7485, 944
53482, 204
55694, 782
60372, 131
62628, 50
26225, 785
15083, 513
25803, 694
28523, 839
49409, 135
32606, 239
37415, 386
2916, 620
3754, 318
23617, 962
25292, 865
30823, 562
3646, 421
51037, 994
60272, 915
68417, 226
6105, 477
43479, 422
22618, 538
11160, 408
23347, 443
32450, 68
46372, 840
31314, 605
35661, 96
1074, 674
51726, 95
59432, 620
18932, 817
47846, 552
13412, 235
47027, 157
17055, 218
11489, 813
32259, 95
41112, 793
62597, 736
48443, 424
49170, 540
819, 651
51641, 976
786, 29
55549, 133
9683, 565
12659, 874
41457, 790
39060, 639
29208, 972
42795, 822
25003, 777
4014, 466
5479, 412
12758, 641
31579, 947
64791, 993
38160, 531
41804, 986
4478, 412
40990, 734
8676, 847
22845, 279
45637, 10
23577, 902
48673, 624
3949, 821
56216, 393
21574, 209
54461, 389
57811, 33
58408, 165
3734, 821
42999, 869
46280, 450
12642, 51
3517, 793
5286, 431
46431, 696
30695, 271
32898, 332
7418, 154
52998, 91
1028, 238
37568, 499
53812, 386
68825, 283
122, 230
68581, 651
42267, 67
68066, 821
52919, 276
40784, 703
10808, 735
12459, 912
4133, 579
28002, 716
33820, 817
20256, 944
67905, 323
56645, 951
68495, 951
23870, 721
40876, 305
69294, 677
33635, 41
7461, 821
45111, 710
64994, 979
17859, 139
38587, 400
20319, 86
20841, 760
57529, 927
58841, 745
21112, 549
31561, 445
21847, 621
24286, 620
56369, 90
54021, 546
21138, 933
36481, 218
17267, 728
23555, 341
4874, 396
39128, 681
10931, 605
57077, 93
68022, 674
5550, 215
23100, 697
9065, 225
25632, 533
52114, 870
32695, 546
61468, 655
14199, 309
56961, 443
11338, 711
8341, 288
16755, 877
40265, 142
30718, 540
54671, 984
44462, 17
22061, 786
33840, 682
68204, 512
1997, 674
49640, 544
3235, 87
58882, 506
45286, 155
23209, 214
17646, 717
41492, 710
22184, 826
50648, 403
42423, 351
28476, 11
16651, 976
21680, 217
20518, 424
54574, 74
67843, 871
2837, 196
42562, 777
63721, 332
37251, 856
33705, 361
68914, 518
31732, 721
58732, 298
26667, 399
69734, 800
12112, 633
61833, 993
54572, 432
4821, 896
45031, 105
31112, 986
47645, 537
3834, 377
60367, 125
62555, 868
35992, 654
14603, 483
23250, 275
5153, 815
56236, 745
55665, 679
2346, 11
49448, 75
13282, 71
26481, 113
22407, 265
5670, 169
30066, 472
59765, 746
32365, 56
49163, 234
58824, 159
59483, 617
55987, 737
14880, 475
14876, 291
65714, 213
23958, 633
63613, 787
57113, 387
30251, 739
6815, 825
23458, 262
65302, 721
19741, 95
27986, 299
63814, 779
36607, 334
58754, 25
30965, 963
64178, 564
61622, 751
69564, 370
60228, 139
37512, 432
36843, 591
24074, 192
60113, 967
35467, 106
38475, 644
64564, 388
58474, 63
1135, 835
27569, 377
63370, 312
41282, 196
45579, 272
17031, 53
45008, 260
46520, 945
57127, 851
67659, 629
58142, 517
61410, 407
63193, 417
8917, 335
24876, 447
18398, 749
5391, 434
45185, 63
50876, 630
8426, 362
50708, 484
64413, 377
10557, 391
63599, 800
27202, 75
1347, 126
43745, 374
10029, 14
37214, 566
7303, 243
35963, 764
27314, 562
56785, 95
46608, 565
2585, 872
57040, 421
52736, 439
7447, 37
66888, 335
59803, 885
6001, 798
30068, 621
24085, 558
59885, 315
9090, 41
31573, 734
52817, 346
49577, 760
38973, 955
63172, 871
50083, 869
27780, 467
56257, 722
25599, 371
46497, 38
49367, 429
51228, 879
28049, 985
51798, 132
7861, 439
34414, 640
66541, 181
41466, 587
9102, 855
35375, 820
14671, 20
35508, 379
3792, 871
40526, 723
52652, 974
61179, 961
37838, 540
65466, 286
25399, 776
17810, 213
44947, 414
69861, 460
15320, 120
55864, 309
66069, 387
59529, 565
58273, 57
49873, 810
8231, 996
60743, 363
59108, 650
23862, 325
31469, 764
43853, 550
18728, 747
25558, 432
27419, 732
22781, 889
1261, 484
62662, 700
36817, 544
23775, 654
54177, 524
11334, 678
49220, 463
15591, 817
4177, 177
13802, 315
2030, 31
2135, 549
26440, 786
65707, 123
18662, 498
19438, 737
2199, 77
22161, 297
38141, 250
15747, 329
39263, 146
14228, 807
31154, 333
60347, 970
63489, 722
35068, 594
23009, 369
64823, 641
38362, 215
57599, 57
41640, 993
55772, 553
47011, 291
52911, 392
52928, 529
36480, 815
30501, 337
41600, 105
43804, 48
27674, 147
32554, 874
53481, 232
66792, 839
21584, 187
11043, 354
15445, 421
49749, 294
60201, 82
27989, 305
65025, 870
67715, 59
7048, 357
28600, 141
25006, 238
50945, 0
16957, 571
45791, 0
4971, 168
18789, 577
36014, 274
47885, 936
45767, 284
17829, 574
26150, 404
8324, 860
20243, 817
58172, 538
26425, 362
18329, 1
4354, 80
49150, 144
47952, 819
65950, 607
48397, 199
52654, 944
64741, 377
22728, 137
56979, 55
50202, 723
42165, 975
30534, 880
6922, 36
7539, 31
36261, 654
8187, 588
50260, 504
33650, 774
56037, 610
31267, 956
66614, 437
66048, 552
55737, 148
28641, 203
64930, 943
43861, 703
36687, 829
10865, 825
61648, 515
27961, 69
17071, 192
15731, 743
53824, 514
42401, 197
16285, 939
38294, 833
62939, 566
21462, 422
15090, 605
3706, 538
36371, 206
31065, 374
30009, 565
19691, 995
68459, 403
9071, 473
44315, 272
58762, 719
68998, 28
51203, 36
9035, 62
40333, 232
30053, 505
5374, 16
3142, 594
55617, 796
1883, 355
59053, 328
64448, 12
65075, 672
29211, 215
53539, 448
1462, 512
67104, 331
56044, 813
66455, 851
20613, 24
33981, 857
22108, 133
36638, 120
21027, 988
45780, 974
30027, 605
8086, 768
10783, 746
1285, 428
3407, 23
10773, 464
35744, 840
37241, 781
9464, 994
2599, 163
50532, 314
13817, 796
12403, 808
34000, 467
60947, 725
41745, 237
3382, 131
22409, 805
63574, 285
4590, 1
8735, 240
36495, 298
25279, 161
4831, 17
41901, 728
66267, 149
46424, 596
39021, 831
65121, 560
16607, 240
39386, 955
67744, 75
38679, 4
1054, 352
56551, 348
46875, 867
61634, 815
60835, 175
27868, 614
65264, 768
59595, 397
26475, 664
28269, 223
37705, 785
59205, 759
5594, 490
20671, 20
49842, 64
68215, 170
28936, 415
63777, 246
63211, 322
51601, 629
8495, 808
25688, 290
55492, 8
35113, 447
66854, 600
20447, 379
63398, 822
63459, 426
55425, 225
32069, 245
55107, 755
14258, 918
57, 246
21858, 675
54702, 850
11604, 347
13704, 545
60603, 902
166, 418
32356, 732
25402, 245
12514, 119
32545, 129
21473, 105
33926, 708
25194, 801
20621, 766
4502, 863
29691, 640
12244, 905
34163, 201
30229, 15
599, 935
13178, 358
47554, 313
50920, 768
68929, 108
7403, 778
25680, 213
54513, 439
13969, 609
57526, 495
44579, 875
27779, 881
60040, 26
39610, 238
4241, 763
30715, 849
30956, 343
62918, 374
10068, 690
45923, 986
8743, 544
60992, 9
8947, 462
17542, 778
47494, 304
60230, 960
41536, 108
64552, 624
18554, 359
68852, 271
63007, 376
47021, 954
5052, 993
69604, 723
45837, 632
55725, 188
16488, 43
13934, 196
12564, 33
861, 224
41503, 492
60899, 119
63620, 574
21825, 717
2569, 408
9165, 19
35259, 904
44754, 465
7063, 637
59769, 487
49103, 555
58528, 223
18563, 864
17221, 431
64101, 208
19596, 569
55096, 763
51392, 967
51187, 341
1545, 951
9927, 915
41474, 769
66692, 643
25409, 124
1098, 66
51585, 522
64145, 676
31554, 23
38302, 909
28260, 982
43255, 427
50336, 800
42099, 742
46396, 906
25717, 212
69536, 271
9163, 94
23827, 678
6881, 890
60118, 941
41762, 790
34084, 856
50535, 729
12331, 9
18037, 969
43919, 805
3003, 702
38496, 985
13030, 866
20643, 127
69088, 931
51143, 773
4803, 50
2557, 88
51116, 234
11981, 392
11030, 802
9039, 998
45928, 904
37732, 345
55791, 934
16701, 687
9189, 653
67555, 573
7083, 55
30289, 212
35656, 893
16864, 885
53928, 397
17548, 138
46256, 982
60190, 203
26979, 733
21196, 611
3088, 147
51336, 662
35669, 25
60910, 552
36198, 391
5402, 599
54030, 224
29851, 119
64229, 620
11317, 368
46311, 234
36210, 331
15286, 442
1254, 13
36393, 146
16991, 496
69078, 521
58427, 515
51755, 750
39281, 337
46770, 84
15144, 871
16406, 692
9378, 973
11900, 733
62350, 978
53036, 353
20066, 474
35421, 293
64645, 836
35037, 693
59674, 785
48934, 22
49333, 317
47241, 130
27484, 302
26949, 575
42096, 699
895, 482
49416, 929
5443, 369
41489, 244
3294, 807
36904, 600
22545, 198
65651, 104
69886, 875
3543, 671
20587, 951
14757, 386
14907, 921
6517, 430
38621, 209
69255, 147
11, 945
49365, 226
24415, 803
6483, 937
21286, 932
34174, 23
40312, 844
12721, 547
58197, 462
81, 922
18086, 519
50918, 607
38878, 577
57479, 153
34385, 931
47162, 434
23292, 582
45356, 116
14738, 417
13343, 725
15883, 569
44684, 204
42405, 819
36838, 968
43300, 528
61516, 282
3392, 629
50486, 631
65177, 203
42088, 873
62052, 898
55726, 511
38329, 407
16592, 850
69233, 184
58787, 700
29517, 766
1796, 803
39764, 711
63190, 704
22291, 865
52103, 730
49132, 814
35411, 920
46368, 322
18752, 884
17290, 253
53720, 874
31592, 296
41002, 610
29109, 691
43276, 96
34269, 254
54080, 868
68386, 200
56500, 294
58507, 480
33600, 665
49742, 740
63066, 148
5133, 22
56151, 105
30742, 601
8466, 462
28917, 763
68305, 29
15183, 235
27549, 227
68421, 422
17304, 299
53670, 881
64744, 58
18301, 554
26998, 433
26260, 830
59392, 195
183, 258
3288, 272
44059, 714
1559, 476
55092, 429
12095, 385
46784, 655
38184, 465
69783, 260
23902, 576
8471, 887
3637, 433
18484, 401
55301, 990
53709, 416
33881, 127
43043, 470
32481, 717
8643, 683
39811, 685
54263, 734
28397, 321
47949, 739
10911, 238
17474, 396
22060, 207
51193, 189
63155, 289
28096, 217
14206, 153
14088, 240
10918, 399
31162, 206
29734, 773
19889, 807
57231, 92
64139, 349
62803, 47
59218, 998
47098, 958
44316, 181
46651, 260
18627, 273
41262, 858
30463, 523
9813, 270
2101, 603
67478, 308
52543, 626
1094, 293
23585, 356
62138, 459
59556, 806
37623, 590
10650, 284
16421, 5
46227, 851
34114, 959
41874, 852
59588, 460
10232, 371
31793, 793
54854, 933
38463, 252
8503, 917
16900, 579
44070, 463
59890, 963
47811, 990
25669, 987
60432, 150
16113, 461
31022, 544
20969, 793
6478, 867
7398, 961
67914, 380
26962, 357
41483, 930
32044, 924
38216, 914
7607, 367
60370, 684
25293, 250
56006, 827
63923, 541
9302, 675
59474, 294
68399, 409
54762, 659
53554, 200
26141, 763
4698, 829
48149, 887
38412, 809
63141, 501
23839, 339
41563, 824
47172, 408
28764, 778
34483, 580
15519, 487
61960, 292
44514, 885
43616, 274
27336, 312
9628, 822
58981, 527
67644, 539
25051, 675
8112, 773
46338, 966
15716, 748
60951, 940
55801, 637
67539, 651
63754, 941
35949, 245
58260, 673
41506, 156
20392, 362
68716, 890
68401, 414
7665, 575
63359, 439
4416, 16
27701, 251
1228, 442
56176, 558
41313, 111
25750, 66
62584, 294
58995, 385
48664, 880
5107, 822
13203, 159
64774, 495
65303, 838
15462, 139
42948, 731
37607, 657
68887, 755
28218, 52
24713, 245
55367, 207
28160, 483
54541, 244
1063, 172
17444, 797
52673, 557
34032, 107
37320, 669
4007, 400
50050, 435
37451, 54
57726, 399
36378, 877
13196, 129
45720, 658
57165, 603
65229, 384
26242, 256
60038, 393
56457, 249
35103, 499
9744, 68
54967, 413
40725, 505
15755, 526
13762, 923
58018, 674
65770, 403
66686, 164
60055, 435
57473, 111
38644, 62
3556, 38
31151, 886
21643, 708
35229, 716
43551, 668
33203, 964
5721, 231
11124, 931
4890, 675
34670, 555
27400, 61
27119, 127
21794, 854
33084, 750
52377, 375
43335, 798
4203, 293
65412, 541
49171, 513
48145, 976
60454, 576
30436, 594
4193, 959
61202, 166
19396, 86
16283, 529
65370, 922
40237, 29
31279, 317
8519, 659
30655, 834
52142, 10
60602, 184
1608, 298
31437, 815
59208, 575
55732, 64
67534, 524
28897, 311
49180, 61
21434, 270
37986, 977
55223, 960
41498, 839
66237, 909
29654, 977
22846, 765
60698, 392
4989, 163
25868, 191
17550, 403
66390, 460
42726, 44
17393, 38
34047, 361
8868, 877
10904, 357
57169, 624
3000, 968
40759, 750
34390, 672
59751, 208
15327, 585
43935, 435
46098, 251
55497, 815
14772, 732
38013, 433
10275, 120
9463, 610
68818, 890
40055, 945
7246, 199
24962, 108
34336, 185
3327, 206
55955, 612
26725, 9
9783, 464
25478, 512
69081, 599
48002, 905
49626, 422
31971, 877
32563, 420
44207, 354
14317, 9
19659, 192
53078, 186
58350, 849
48236, 66
25360, 566
2947, 346
51181, 440
42671, 951
30628, 711
30571, 46
856, 736
34817, 740
1297, 157
16001, 475
3101, 226
13761, 462
33837, 275
4807, 878
56102, 92
46066, 492
53792, 90
5724, 101
5691, 627
47767, 799
31846, 775
31898, 338
29639, 850
9274, 39
20688, 729
6680, 257
42146, 538
30780, 771
55383, 893
27567, 822
17915, 317
46672, 267
36889, 666
36078, 228
29063, 550
34332, 528
66911, 24
6212, 302
2673, 304
26424, 237
6327, 477
56026, 329
4078, 156
53708, 271
64350, 716
46234, 917
66782, 278
50329, 545
10352, 4
33683, 76
15177, 443
28097, 105
12370, 617
35183, 320
7215, 137
5135, 314
47303, 501
57818, 406
28606, 957
59538, 262
28681, 315
44571, 237
42913, 880
58299, 56
4969, 627
36545, 299
51719, 573
47508, 924
52427, 265
28241, 893
19089, 28
22809, 734
3571, 42
66573, 448
44880, 817
49834, 306
44140, 479
51437, 124
21205, 221
56927, 594
16272, 325
25347, 268
13231, 912
56710, 736
31381, 967
60141, 939
19325, 85
49023, 210
6516, 7
47224, 281
52352, 813
60187, 848
26027, 80
44749, 545
4051, 533
54611, 241
19475, 151
64243, 840
47993, 384
43700, 699
37617, 667
53628, 679
69730, 565
51399, 121
635, 894
41292, 161
35443, 937
25192, 305
65149, 332
46830, 709
7911, 687
16227, 532
48148, 613
20831, 505
52314, 63
49510, 991
40156, 777
43569, 729
10777, 12
46579, 544
56624, 249
10492, 126
2576, 357
10065, 903
57753, 39
16286, 844
26335, 72
59355, 8
31252, 128
36062, 427
69179, 430
9286, 164
60991, 428
69493, 660
42400, 307
11375, 141
48256, 195
36297, 831
13015, 81
66180, 753
2699, 269
30561, 340
22370, 909
52454, 105
56460, 553
53746, 852
11075, 30
11785, 715
38888, 816
63316, 419
50177, 386
59252, 248
57145, 617
60577, 423
64957, 474
62612, 490
5792, 598
6009, 845
69912, 173
19953, 924
8206, 836
23300, 674
67759, 264
31294, 904
67229, 302
42018, 296
37499, 647
41352, 178
25493, 564
66323, 382
66490, 922
40676, 351
52386, 574
65023, 824
67238, 329
50049, 171
21604, 752
42383, 998
48570, 520
11304, 441
34486, 818
47301, 405
19931, 201
29083, 368
17894, 626
60609, 542
18291, 354
59505, 216
53672, 179
24513, 714
51289, 779
61479, 404
29180, 414
45405, 286
31163, 750
54683, 722
55259, 325
35382, 448
65011, 862
46535, 941
14811, 475
24932, 305
19827, 702
67942, 550
15663, 816
65312, 956
32600, 595
53119, 705
46149, 679
7238, 399
39310, 343
39344, 243
53491, 68
55233, 544
45647, 604
32058, 63
14302, 978
41340, 355
63905, 295
3095, 169
36525, 235
172, 347
59867, 506
65667, 246
27572, 188
49117, 738
12113, 115
2790, 903
15493, 32
355, 909
12504, 760
34610, 41
39382, 61
48738, 124
16378, 977
1901, 339
41303, 59
19397, 404
64307, 827
6342, 589
37752, 248
33406, 813
40448, 91
23060, 147
42996, 876
52076, 357
45205, 741
68448, 140
52710, 500
47159, 37
54079, 169
35833, 655
20707, 974
25060, 981
15015, 712
55044, 96
17774, 873
5533, 596
1194, 904
5074, 745
48311, 978
36271, 929
38898, 559
69843, 212
22785, 845
12768, 190
43652, 934
67201, 871
5025, 922
11862, 299
59364, 351
5667, 498
29863, 977
4713, 87
55744, 519
69500, 193
50702, 837
13469, 769
42095, 963
9856, 990
1863, 676
7000, 855
8799, 156
54629, 255
23113, 890
36948, 841
8987, 694
8916, 981
25836, 574
60954, 198
42143, 492
298, 27
68948, 533
16671, 164
53660, 482
6825, 769
41898, 533
991, 890
55653, 806
21626, 363
44657, 40
10827, 435
35308, 437
43330, 544
9367, 560
50099, 578
1438, 160
51725, 167
7417, 776
34561, 429
35101, 566
54523, 381
23537, 642
42295, 840
57981, 334
64814, 506
37745, 501
39067, 822
53612, 958
37073, 303
29820, 582
47752, 444
44110, 101
25838, 280
31145, 36
34558, 201
22927, 160
57662, 405
45639, 430
424, 700
34323, 194
3832, 727
5811, 550
64394, 538
27417, 90
54761, 162
32734, 87
10944, 465
45163, 654
66423, 338
53349, 336
67163, 123
25154, 580
62102, 199
33226, 663
44673, 593
38348, 299
25387, 483
69887, 84
30810, 747
25839, 742
51457, 321
50527, 519
65291, 61
22460, 318
12291, 246
42853, 642
46625, 83
27705, 495
59666, 728
65495, 759
60906, 339
46905, 10
50114, 147
48977, 134
69561, 796
54068, 256
16818, 429
10546, 775
10176, 760
34980, 743
41608, 457
3908, 918
59860, 363
20015, 715
30999, 446
2316, 923
32673, 275
32992, 543
16206, 953
13683, 735
11114, 106
22925, 496
60408, 405
4805, 459
63497, 549
43233, 245
22362, 213
55260, 260
25711, 731
11536, 61
31880, 395
7751, 664
56101, 884
47544, 270
32830, 763
60917, 238
22890, 266
57435, 620
41730, 538
28705, 21
38970, 239
12436, 212
38036, 286
50217, 945
45099, 533
18565, 679
51517, 499
16814, 259
7104, 348
34013, 868
36778, 957
7364, 245
69900, 588
3063, 78
47842, 305
35647, 598
42310, 496
44174, 883
22172, 686
10497, 828
40843, 50
67140, 908
30366, 978
66894, 679
46004, 444
14489, 561
34079, 255
47995, 327
66901, 734
34020, 805
68741, 267
16917, 617
72, 248
5516, 484
19674, 73
37232, 864
68425, 270
23924, 594
22834, 854
11545, 373
58603, 835
43954, 384
12592, 284
57401, 755
12681, 543
23519, 146
46422, 622
67741, 53
62527, 998
17979, 543
29438, 121
17837, 36
24175, 824
6858, 23
30829, 630
60618, 200
5688, 958
37999, 578
62492, 256
26683, 421
36193, 650
23689, 645
31790, 303
7458, 213
43590, 693
69286, 24
34594, 810
40415, 143
24067, 556
29074, 848
15186, 590
40229, 886
65451, 57
2033, 840
23459, 942
14156, 633
382, 520
32864, 972
20632, 599
57306, 335
10954, 506
47730, 375
5082, 783
19231, 398
41105, 820
67300, 134
14824, 151
25030, 808
6854, 867
3045, 322
11386, 147
31998, 32
30574, 395
30986, 178
57775, 185
51468, 646
10993, 776
24990, 666
31660, 972
69256, 277
9820, 626
62576, 505
64843, 696
36234, 337
47442, 638
37, 288
19306, 950
19987, 800
40538, 1000
8563, 625
53178, 68
58099, 77
55060, 244
1538, 368
60075, 889
38636, 387
66302, 210
13352, 911
2715, 190
15772, 473
67228, 973
6233, 903
28133, 585
62104, 431
456, 753
19203, 444
49764, 564
37809, 407
45339, 267
25007, 289
58058, 782
770, 780
7588, 854
2615, 838
59106, 12
52713, 393
48675, 497
34901, 625
30928, 543
19462, 671
8619, 597
20228, 322
13051, 238
55140, 569
17351, 261
46648, 85
29347, 666
41316, 559
28512, 569
16455, 756
69819, 778
51988, 558
60568, 108
50706, 999
33280, 917
15921, 971
35635, 497
43327, 897
58764, 207
40009, 849
19816, 970
25439, 405
51248, 209
40900, 455
9745, 71
6908, 854
69539, 492
68894, 111
66745, 382
35962, 316
61692, 236
1215, 212
35873, 654
60209, 281
45779, 964
40272, 549
34519, 642
40481, 195
17445, 562
56071, 699
31390, 195
31738, 17
52877, 320
54395, 343
46895, 142
4980, 132
26191, 28
34811, 702
16217, 537
61473, 724
64428, 998
32457, 509
6429, 511
16468, 838
4099, 709
49097, 599
10716, 986
7221, 503
35144, 469
58185, 203
55711, 76
52533, 200
9897, 496
39058, 621
1123, 444
9994, 397
44427, 154
4541, 826
39133, 31
58932, 202
66154, 300
49769, 145
59499, 789
64637, 983
41750, 283
59422, 237
38626, 301
23261, 192
2336, 24
21044, 760
17486, 449
1252, 321
31917, 460
55178, 787
54987, 558
46670, 512
51626, 478
10289, 61
66136, 555
3716, 207
11763, 863
69481, 302
14770, 189
55902, 424
49094, 64
63410, 439
15037, 640
6539, 566
28799, 158
44324, 653
43909, 644
62520, 659
15516, 556
67392, 995
27215, 246
15298, 206
43621, 834
42464, 302
12251, 49
257, 582
68473, 493
844, 35
7856, 535
48720, 291
3467, 444
33906, 529
69673, 602
25438, 399
37695, 730
35054, 449
10146, 612
18336, 65
43933, 500
3564, 902
15774, 365
8051, 710
35199, 169
10061, 908
11848, 114
1637, 361
48015, 646
61788, 942
47051, 721
38752, 751
38093, 19
2365, 99
69914, 128
14776, 391
28768, 933
37725, 993
37428, 946
30394, 871
55165, 33
66957, 916
16682, 234
66385, 443
50371, 704
15092, 445
18726, 435
20977, 839
57300, 364
13159, 658
59078, 714
7, 708
5896, 797
37771, 679
11602, 547
48095, 145
24466, 252
37855, 351
10231, 666
44821, 92
29001, 667
16158, 465
11119, 72
23180, 235
19947, 389
7137, 397
30014, 931
47821, 241
1461, 711
48521, 681
32685, 111
23527, 140
41853, 992
37102, 867
56714, 710
55346, 57
53914, 847
44067, 637
57054, 617
46089, 9
30955, 86
30701, 341
7841, 291
26140, 645
44367, 809
999, 173
67998, 242
6109, 396
55659, 34
28674, 56
37826, 764
28043, 747
59791, 383
18245, 915
47731, 334
14626, 182
45089, 319
21755, 522
2545, 342
40286, 665
50629, 624
22486, 132
28485, 704
41500, 372
57073, 669
52975, 321
18208, 999
19348, 888
61166, 594
48549, 386
57118, 65
41394, 930
33708, 293
46297, 910
41389, 763
28188, 657
43357, 180
45983, 111
5755, 785
2505, 702
51746, 719
60753, 394
35648, 70
38669, 47
66056, 73
21225, 639
49580, 912
39553, 295
16992, 740
49002, 928
2866, 717
38861, 516
15898, 32
51951, 972
67691, 176
9346, 857
52290, 169
61914, 263
61058, 860
28880, 361
25971, 782
24797, 106
20144, 733
44049, 927
5470, 654
40366, 593
22133, 950
59077, 197
26034, 199
33869, 340
32160, 278
9884, 404
64373, 991
63554, 962
37025, 180
42473, 189
46508, 133
60769, 111
45866, 39
50798, 791
28534, 798
12116, 825
52764, 343
46667, 381
44470, 149
37442, 539
41621, 548
9369, 460
33004, 23
6182, 699
31016, 723
23376, 645
59710, 625
22142, 597
25517, 341
58440, 167
16855, 323
12716, 112
46726, 340
11883, 460
8555, 739
59415, 368
20931, 391
27726, 154
34537, 281
25346, 911
39120, 90
35734, 45
63225, 600
46768, 990
20940, 985
7395, 48
60710, 390
39424, 976
24929, 439
31404, 793
19073, 39
30344, 771
47676, 663
48284, 885
8441, 302
42994, 924
52141, 682
12049, 111
21342, 191
30776, 314
2287, 233
24601, 187
50673, 202
15185, 214
53834, 617
9840, 842
51036, 846
48513, 354
63448, 617
58615, 711
282, 508
32624, 414
65729, 256
23344, 222
4040, 95
64849, 794
58519, 107
3282, 496
31499, 422
52042, 373
2303, 887
7053, 487
38132, 143
28875, 787
30086, 139
8334, 675
39659, 29
6136, 195
20190, 25
4990, 341
32373, 189
29307, 371
28729, 994
37422, 832
27955, 675
42283, 931
43883, 659
48392, 685
69576, 622
69402, 585
35586, 223
47315, 933
13932, 331
10971, 140
67375, 801
47803, 537
31941, 624
26415, 698
49745, 273
46401, 397
23243, 755
26449, 561
56135, 32
29114, 201
8767, 550
68119, 305
38695, 418
27334, 743
8304, 771
25754, 385
6954, 239
68154, 383
3271, 180
19526, 800
65934, 561
16090, 786
19429, 871
19225, 318
2257, 482
42754, 65
59421, 80
36605, 268
40011, 300
49893, 725
62105, 691
28276, 574
25430, 779
12428, 745
20548, 303
63152, 798
23401, 176
46673, 856
26094, 790
67560, 106
44762, 622
2718, 824
67979, 400
65787, 757
22722, 979
30324, 782
39794, 43
63332, 61
14426, 946
24162, 968
35763, 310
10934, 963
27715, 649
53616, 306
27724, 404
45209, 927
19140, 829
5308, 738
28521, 819
50428, 0
48895, 506
17772, 360
56767, 214
19113, 162
43880, 174
40282, 606
1872, 630
14555, 579
9481, 337
48635, 815
10468, 617
8317, 337
69571, 598
32180, 240
67461, 276
30339, 170
56103, 125
7598, 115
20770, 114
8693, 347
40232, 963
37704, 87
14926, 162
45495, 939
5039, 793
65873, 21
25247, 636
62394, 121
69473, 106
36799, 457
69851, 814
12692, 301
5566, 265
2995, 424
55066, 540
17369, 702
10271, 904
68312, 289
40432, 689
50782, 387
17359, 47
40772, 792
11881, 867
3955, 600
67400, 568
50570, 810
30835, 79
51091, 758
30880, 463
43927, 116
50946, 261
46545, 652
40110, 570
69766, 413
24210, 379
66801, 931
2652, 302
2829, 870
40923, 939
43583, 764
36321, 858
28022, 656
22575, 686
56881, 281
52084, 833
30603, 868
54314, 586
21602, 951
34824, 815
42776, 969
53256, 205
625, 283
56833, 160
11512, 143
17729, 390
27087, 796
43282, 71
36990, 833
7731, 829
56556, 594
37563, 366
69769, 522
64357, 980
50792, 878
30859, 183
28688, 560
42606, 243
5035, 534
4312, 577
6131, 626
27362, 903
33283, 0
11192, 619
44251, 503
37839, 379
9410, 241
62357, 24
13391, 954
7895, 690
43766, 221
32417, 685
11695, 757
58579, 22
62202, 926
57119, 358
38673, 595
6648, 517
1173, 55
53888, 845
55035, 552
827, 183
67653, 202
23880, 830
56996, 648
26784, 776
51611, 480
45421, 677
44525, 141
34986, 891
55319, 998
64378, 51
58694, 905
17488, 866
2968, 739
28830, 590
14369, 109
69183, 478
177, 400
39566, 692
26536, 45
62606, 734
45962, 849
15581, 694
58927, 975
63786, 833
20396, 892
60016, 828
53376, 652
10426, 857
4645, 326
39313, 552
4840, 211
47000, 921
27892, 437
18387, 89
25214, 380
32015, 377
49028, 410
46430, 330
51044, 714
44347, 100
34754, 227
14810, 989
17941, 162
14739, 176
52588, 171
16615, 373
17094, 57
68338, 950
46282, 308
61159, 514
66914, 820
25221, 346
22187, 660
27516, 748
61588, 679
33333, 237
2259, 148
62965, 114
43133, 453
46178, 971
14032, 312
1260, 999
59855, 732
52895, 402
24339, 868
28803, 209
22118, 713
37903, 784
67794, 166
23869, 881
62792, 40
18428, 236
35431, 254
40699, 421
23228, 692
28166, 874
48671, 516
26036, 768
65507, 136
36486, 80
10078, 494
16243, 941
42681, 55
38822, 107
59645, 565
13054, 151
47198, 339
21921, 894
51296, 320
25973, 796
59176, 182
59140, 431
36215, 213
5805, 713
22011, 506
20433, 634
37130, 661
19993, 347
3580, 211
41727, 952
39878, 11
27272, 469
51111, 356
37690, 574
11836, 28
6798, 209
53881, 96
59737, 66
55815, 747
50669, 502
16552, 607
43097, 331
18272, 819
5531, 512
60440, 637
9469, 142
11346, 174
33414, 410
12489, 691
8360, 367
32953, 420
17260, 750
30633, 658
12909, 296
16278, 44
57326, 153
44570, 664
6282, 737
29975, 167
33403, 900
17180, 546
45635, 112
55709, 962
57107, 430
50059, 367
44973, 441
52762, 892
60123, 510
37915, 612
32420, 287
68446, 393
21501, 237
25354, 408
1655, 482
16665, 594
68408, 804
60170, 490
10344, 260
8933, 444
39274, 160
42906, 146
49794, 340
6345, 118
26672, 150
52409, 475
58707, 897
23836, 581
31287, 917
27434, 9
33081, 681
13193, 128
23853, 354
33044, 697
6585, 981
49277, 852
22622, 30
28495, 192
60822, 607
60278, 842
37417, 783
35271, 257
37774, 345
55422, 473
29122, 563
55927, 742
53716, 960
23910, 727
40746, 956
38833, 913
68332, 815
67899, 293
69254, 298
34551, 325
8180, 609
12214, 740
17182, 3
29583, 131
53890, 254
46753, 619
57209, 324
40316, 558
2290, 347
51068, 409
8400, 236
68345, 748
15583, 752
67915, 747
22433, 203
42728, 216
41475, 896
55792, 1
26103, 312
69318, 947
15675, 531
15692, 297
45176, 3
58589, 226
19282, 305
53884, 308
211, 139
34664, 512
64293, 111
3858, 460
68746, 324
31611, 848
52344, 555
28520, 734
40093, 612
10941, 165
64411, 667
52324, 715
61436, 100
13403, 321
67169, 672
60553, 800
55765, 161
27915, 357
7797, 107
53300, 263
35630, 78
41000, 501
8948, 776
33975, 679
14570, 154
7510, 110
5232, 886
5404, 197
23551, 483
66042, 212
58638, 907
4408, 822
41944, 356
46614, 262
1921, 468
41688, 174
37717, 200
4806, 748
62529, 734
18318, 471
49758, 310
2072, 694
13468, 914
48169, 711
34308, 163
3555, 993
11125, 765
68521, 741
5369, 515
51743, 287
5437, 1
53394, 510
52182, 715
57682, 846
7229, 94
49624, 306
57829, 190
328, 78
6617, 929
14984, 527
55900, 914
16447, 997
23120, 802
25000, 404
16752, 907
58063, 712
45756, 213
41726, 220
9990, 85
54061, 793
24954, 756
42486, 450
13561, 0
30449, 199
51944, 789
47602, 475
18924, 98
2900, 733
7265, 56
5194, 802
68447, 247
12998, 610
69684, 609
19331, 415
50097, 574
33146, 989
2743, 552
39471, 708
42481, 869
33970, 222
12499, 193
3109, 665
61900, 819
63920, 608
20281, 610
14274, 320
28575, 388
22110, 722
43871, 367
23101, 610
62633, 538
10314, 224
11748, 407
36724, 349
43160, 410
52065, 3
45153, 771
19107, 158
782, 688
15920, 914
23183, 886
35728, 205
26798, 605
1298, 501
9309, 850
47792, 133
10411, 579
19920, 143
38802, 695
62322, 629
47356, 405
40467, 285
11260, 433
7603, 747
38256, 710
41668, 21
21400, 330
40595, 753
53637, 227
41620, 519
40637, 487
48456, 907
7779, 313
63995, 962
45234, 794
68576, 714
5646, 302
34235, 476
40815, 412
45760, 145
45403, 377
50295, 375
46083, 178
68105, 831
60093, 665
66882, 977
54455, 129
50265, 374
50011, 317
27543, 462
36751, 982
57524, 940
91, 107
12587, 319
69098, 410
17331, 460
62564, 233
37802, 416
30724, 608
57517, 542
66713, 356
44054, 906
6883, 351
50280, 227
4204, 98
24472, 657
42733, 931
68019, 4
19470, 737
55517, 617
16228, 423
53254, 901
25238, 283
30138, 635
45120, 505
59326, 214
21942, 270
68647, 624
50039, 597
67626, 868
24964, 43
60682, 572
60263, 190
30693, 694
22069, 583
13413, 216
59633, 104
35552, 516
65029, 500
66351, 708
56090, 408
25793, 388
63429, 61
60874, 258
5381, 749
11517, 390
2843, 981
54165, 173
55034, 418
14846, 74
29655, 338
10030, 472
58377, 320
1166, 116
60351, 242
46336, 479
25201, 17
58156, 13
3527, 361
563, 874
26351, 681
17464, 840
48654, 474
27534, 833
19602, 272
44491, 278
15419, 944
3583, 705
3842, 775
65879, 856
31607, 284
24070, 490
24084, 340
64796, 175
28608, 404
2281, 792
40613, 421
44439, 820
15349, 508
8781, 578
60754, 235
29540, 168
17123, 294
40622, 456
67322, 572
44338, 39
37904, 968
204, 368
69617, 518
25489, 812
3639, 645
4974, 992
24525, 232
55338, 67
55397, 254
4079, 285
18799, 237
5363, 60
39704, 189
2213, 621
19388, 632
8707, 236
44523, 28
56539, 357
28746, 393
5412, 915
66068, 532
14111, 93
57936, 653
60510, 646
23230, 161
18137, 144
4176, 479
8828, 450
64074, 828
26806, 293
28203, 927
58730, 409
27658, 159
27079, 971
59229, 655
48087, 313
5083, 655
40873, 86
47669, 909
28346, 615
67458, 903
67819, 174
39346, 265
53039, 0
15589, 293
53894, 106
33585, 428
21454, 172
24002, 634
53797, 316
59247, 140
18970, 539
58951, 102
7558, 54
67780, 947
9339, 546
30644, 85
11668, 886
61989, 357
47859, 473
19964, 988
18703, 812
8072, 346
33923, 251
14718, 392
15844, 426
3289, 456
43046, 144
15607, 227
53207, 838
43222, 320
52497, 511
62944, 929
39440, 747
53299, 595
49851, 716
28291, 852
7024, 411
31165, 338
35773, 468
45568, 404
30116, 375
2269, 537
15894, 103
34248, 598
42594, 880
59585, 284
7228, 487
6290, 92
52741, 224
67213, 195
30075, 653
36482, 859
9198, 679
21310, 278
64590, 145
13039, 963
61727, 346
66536, 802
54182, 323
29686, 760
45357, 32
39942, 88
10108, 133
20504, 506
65334, 926
4832, 638
32691, 745
12996, 966
42103, 356
36853, 611
39547, 419
34412, 574
26978, 484
37362, 917
69938, 585
42014, 330
46132, 406
22456, 663
16994, 195
29294, 720
8881, 850
39054, 963
11882, 386
407, 352
62758, 136
64432, 446
55264, 636
36721, 309
946, 20
60329, 951
50448, 522
59113, 417
5638, 765
49916, 585
36775, 554
35620, 476
27393, 108
33823, 390
1502, 486
35910, 565
18405, 602
64151, 179
63056, 876
27691, 840
37002, 64
43021, 463
31280, 87
35193, 381
28590, 781
55429, 295
41045, 154
26007, 378
9002, 128
1459, 948
41239, 867
35732, 149
46157, 1
32941, 790
9595, 348
15814, 590
6170, 737
46194, 806
57299, 538
6552, 726
4422, 233
11924, 130
31769, 197
41199, 876
13947, 632
7987, 230
29252, 522
54195, 142
48358, 651
69599, 727
23558, 445
10973, 297
19969, 480
5789, 740
18397, 633
47218, 659
37048, 991
31877, 674
34509, 664
24109, 937
15154, 634
59965, 350
42800, 538
1170, 760
31741, 457
69587, 735
27754, 135
39483, 369
27582, 463
5546, 325
13445, 355
17138, 714
44910, 475
60276, 589
68811, 712
20180, 144
50714, 836
65008, 648
37538, 827
19717, 958
32656, 842
48431, 948
3715, 757
61041, 239
35353, 832
46358, 424
25161, 371
36672, 107
26283, 123
9440, 505
2676, 989
63296, 462
23169, 676
62071, 691
67227, 906
16052, 522
40903, 1000
65458, 980
7732, 405
12861, 404
50634, 904
69835, 379
17171, 552
731, 504
38200, 104
37007, 44
49128, 771
65248, 916
10623, 734
19675, 250
60380, 501
69226, 632
36048, 824
42931, 17
19823, 729
15736, 96
18374, 159
66503, 46
8011, 371
7036, 231
53420, 316
24808, 981
66929, 477
58594, 156
40568, 506
52295, 926
42081, 662
57864, 12
35854, 961
50734, 443
69247, 322
20238, 855
21439, 967
16537, 949
7079, 158
27721, 251
9940, 837
21659, 60
50331, 601
46760, 285
39433, 815
66863, 759
12985, 830
7260, 23
42769, 880
5064, 863
3635, 38
60196, 552
68036, 242
37293, 778
32354, 91
7064, 102
32289, 335
2339, 568
54538, 702
40921, 948
66857, 848
39842, 804
15342, 155
11142, 431
29210, 515
57613, 526
52256, 338
27810, 77
67262, 240
27630, 868
67923, 329
66717, 940
61895, 433
39827, 212
12980, 657
23087, 483
26017, 37
50548, 9
50843, 959
63300, 350
41444, 337
67193, 623
53488, 385
24263, 898
9534, 7
20493, 642
43275, 118
54771, 354
39569, 260
68129, 953
4063, 794
1678, 165
17594, 367
43083, 250
12787, 389
2377, 748
51780, 938
66217, 641
55087, 664
9529, 623
35391, 579
33480, 349
33621, 874
7540, 57
64944, 289
59437, 825
47817, 209
62371, 674
14325, 303
27918, 217
60732, 952
61229, 861
37441, 628
6410, 718
21293, 755
26754, 151
41808, 440
38033, 40
4431, 486
1272, 387
6465, 6
61407, 301
34198, 637
22601, 71
41258, 729
9078, 773
19441, 226
52137, 494
66681, 552
951, 947
61308, 534
58842, 709
60328, 512
34647, 986
63762, 993
65148, 187
69662, 372
755, 174
65488, 23
13210, 481
57878, 721
17183, 715
7979, 533
52030, 372
38609, 23
33336, 784
53627, 158
63408, 731
2167, 879
62899, 228
20515, 827
53099, 434
46516, 332
26010, 60
38008, 405
51636, 857
13418, 13
36322, 994
4863, 452
31152, 501
5370, 312
49783, 822
18019, 735
64653, 220
67264, 776
14504, 954
40728, 278
4414, 738
2250, 226
39511, 79
44651, 419
43960, 928
8625, 397
13833, 681
3167, 283
68757, 995
12726, 367
7994, 469
2359, 99
38593, 515
529, 725
61218, 571
59080, 956
25692, 23
26485, 567
3933, 891
19477, 31
29121, 909
19579, 34
32398, 181
7130, 505
18117, 163
63038, 482
17743, 921
64059, 15
26271, 236
33022, 581
60425, 76
30979, 507
14328, 359
39139, 970
57421, 575
31519, 205
64631, 236
26544, 856
40146, 942
49241, 235
34970, 877
53484, 79
44460, 639
66744, 633
46647, 786
42422, 260
6430, 82
37154, 816
57433, 514
14036, 145
44373, 938
64458, 206
14330, 282
38274, 816
5217, 189
60043, 216
22674, 911
3178, 903
46674, 851
63135, 474
20101, 768
46425, 607
67039, 26
49135, 50
9202, 321
30168, 825
573, 181
57973, 481
27460, 294
40210, 352
59079, 908
49698, 281
10877, 257
41588, 950
65927, 173
31157, 102
40729, 18
11136, 769
9510, 623
28469, 4
33799, 767
37258, 812
14398, 622
29648, 436
21476, 697
45308, 849
60442, 514
46087, 807
43748, 264
9934, 516
32616, 231
28610, 906
40302, 492
37768, 741
67801, 856
42846, 467
10638, 137
52412, 115
66574, 427
37775, 634
15455, 182
65383, 618
9976, 633
9597, 970
26188, 410
69965, 338
16719, 696
42536, 817
54454, 356
54408, 475
9337, 169
3481, 774
10920, 1
62187, 944
22981, 320
33505, 988
37436, 333
43575, 836
53045, 505
13271, 681
14554, 513
55313, 369
22073, 164
16547, 454
60790, 548
58236, 547
28591, 466
17696, 705
1862, 677
11129, 214
50988, 61
16795, 278
15003, 917
57991, 58
7871, 289
43090, 771
57092, 173
20810, 184
7450, 786
43076, 430
37153, 137
39545, 608
34476, 816
59770, 768
38999, 472
33805, 964
5766, 682
21277, 619
24854, 775
51509, 153
31977, 152
698, 576
41559, 513
13344, 289
15904, 27
34557, 490
7170, 209
6500, 856
34868, 403
18492, 101
33263, 841
60561, 859
14108, 374
11253, 113
68079, 913
57023, 551
58847, 630
22461, 277
5760, 417
42833, 262
50375, 827
2292, 560
8856, 368
51757, 541
47970, 296
68578, 284
15854, 202
34177, 133
61031, 578
46891, 643
27525, 799
42494, 444
33952, 505
5490, 945
25398, 681
11356, 1
11765, 153
69976, 409
17119, 948
22505, 910
2596, 65
33603, 651
19488, 833
48648, 99
29848, 77
68346, 62
62377, 780
51690, 977
67339, 320
69496, 739
15316, 841
64735, 454
37033, 629
57325, 643
44125, 248
42713, 651
13602, 405
10441, 749
51012, 837
34677, 819
52430, 623
36701, 393
62749, 850
13321, 766
31935, 49
50363, 364
57249, 998
3194, 542
8704, 356
37958, 894
61875, 428
5609, 688
4401, 963
48437, 268
29749, 417
6551, 353
63864, 693
19653, 76
28179, 327
3316, 361
62940, 875
37092, 797
46868, 443
62277, 684
12608, 540
23429, 342
3875, 116
21551, 783
24532, 371
28942, 770
47629, 791
67903, 960
9804, 180
63322, 964
32837, 833
5342, 174
39202, 593
25175, 272
53735, 479
69524, 253
55657, 256
59152, 648
47783, 984
51761, 376
10250, 722
48554, 464
60752, 659
41671, 346
6263, 691
45276, 186
51960, 763
32618, 998
61980, 657
67402, 746
17037, 519
45474, 774
63290, 129
2708, 140
7118, 564
69339, 727
38640, 11
31623, 83
30152, 246
46134, 335
21711, 363
45858, 735
19544, 791
2261, 669
52719, 322
51499, 823
52483, 438
14640, 114
8188, 898
58429, 136
49160, 878
45273, 632
26320, 349
62317, 933
44724, 184
62463, 382
19046, 27
35865, 857
58256, 757
44090, 856
47366, 943
21765, 539
47463, 667
48992, 64
28881, 975
37076, 277
57032, 791
9290, 214
65676, 992
52791, 815
18902, 277
56104, 300
6833, 764
63339, 845
62561, 225
61292, 455
26883, 67
19056, 28
46521, 282
17986, 413
13773, 335
30022, 109
10445, 306
52548, 791
67224, 700
22337, 25
3418, 920
61099, 395
3647, 199
19094, 901
10555, 113
9397, 112
8552, 324
36346, 515
28047, 307
20393, 527
44380, 608
34609, 750
56664, 457
12136, 714
9276, 359
58781, 276
965, 662
16526, 310
1435, 457
57404, 721
62893, 41
30613, 946
46429, 717
65376, 30
17056, 921
39678, 12
31124, 903
33128, 607
45891, 129
52100, 451
26220, 276
24963, 954
12027, 90
14988, 365
25276, 656
24262, 624
14011, 632
42022, 946
21046, 777
50875, 408
27693, 900
25016, 973
21828, 370
52537, 844
53512, 155
65166, 898
55198, 803
36893, 372
31424, 335
45475, 399
36773, 797
31664, 76
10960, 868
18581, 24
18868, 596
58464, 683
46526, 359
17239, 141
5053, 621
19581, 896
29631, 669
26020, 97
31498, 427
47650, 379
65250, 749
39502, 376
43499, 858
46812, 354
66143, 978
41911, 947
4950, 919
38902, 871
67492, 729
22057, 257
16803, 22
64783, 133
18134, 407
61535, 913
8993, 599
26802, 196
777, 204
66510, 436
66203, 353
33537, 856
50559, 470
46663, 48
36516, 86
26074, 170
18607, 901
42753, 607
28786, 52
15196, 326
16310, 384
21451, 9
35437, 619
50587, 824
3270, 717
41488, 86
15757, 220
24742, 708
14656, 281
51553, 705
35622, 218
64215, 681
18495, 586
15059, 606
20486, 868
29927, 421
4008, 666
18076, 848
45374, 403
6683, 496
55456, 270
42736, 133
59460, 915
67239, 553
15051, 811
412, 313
38798, 214
31990, 864
34671, 880
33201, 257
63020, 713
7058, 948
16542, 458
14266, 877
14636, 432
57287, 201
24481, 645
45899, 994
45064, 965
52971, 532
41445, 337
67609, 490
34932, 994
7742, 535
25608, 617
42788, 82
1494, 428
63188, 60
62956, 788
22507, 260
45287, 721
8142, 879
54715, 568
36095, 38
36357, 74
7569, 953
30135, 48
43151, 324
44658, 384
12090, 791
12507, 463
47464, 107
28186, 128
69748, 419
63380, 741
35811, 599
42270, 561
37273, 610
18385, 748
11081, 434
55722, 735
52793, 15
2668, 136
39378, 307
31807, 209
58947, 260
14725, 6
64269, 325
66070, 973
10744, 960
52774, 352
65663, 654
21068, 701
8686, 874
25294, 226
47041, 277
32429, 852
31799, 330
30659, 212
67290, 323
28085, 853
40405, 836
22243, 113
49500, 685
63067, 575
12272, 100
10513, 220
53013, 810
55127, 347
1526, 272
49355, 272
67355, 850
687, 982
27274, 317
25268, 337
63186, 369
52858, 677
7559, 334
36176, 497
1013, 548
63079, 516
14342, 990
7382, 76
58399, 530
32036, 345
45118, 930
55760, 142
2327, 812
22089, 807
30383, 988
47476, 587
16236, 491
49164, 255
48007, 809
59034, 329
58642, 151
21279, 546
1072, 170
36013, 873
63851, 349
50376, 449
14104, 804
9251, 765
11017, 724
31196, 108
34482, 878
11747, 262
10267, 828
40818, 325
34718, 157
44912, 605
4171, 65
30029, 824
27401, 838
24923, 139
66824, 804
31557, 31
993, 355
45575, 775
24328, 444
52953, 714
54736, 774
58971, 595
17154, 484
45412, 813
41532, 170
64777, 700
62696, 714
30537, 808
17068, 296
58361, 76
49610, 738
23559, 702
69435, 2
13571, 601
24294, 912
57085, 265
65842, 696
25666, 696
36657, 575
49195, 462
56353, 990
49838, 466
3351, 34
57795, 610
27308, 686
21813, 383
21051, 390
29341, 726
13873, 380
39159, 885
36925, 816
65506, 365
20817, 301
24680, 588
20108, 897
41418, 655
52374, 38
1452, 585
60348, 211
15080, 350
60053, 704
29012, 878
13313, 494
17156, 525
63933, 265
10632, 718
22327, 843
42712, 351
36101, 730
68800, 89
10381, 442
50499, 509
1130, 276
10033, 192
68807, 922
10816, 398
41305, 534
29839, 586
69134, 149
53175, 302
52915, 361
38737, 58
57167, 878
53209, 502
37231, 203
8091, 379
27714, 799
8103, 496
35089, 658
23375, 173
54415, 531
58264, 642
29769, 372
53360, 44
10106, 344
35654, 924
4763, 436
40043, 558
1107, 518
44358, 11
29170, 286
61284, 824
49490, 467
63778, 5
26821, 326
65900, 519
31626, 559
25715, 664
2961, 345
69132, 451
22600, 145
22368, 219
52901, 839
56941, 654
63419, 479
31696, 407
40260, 135
21802, 655
66630, 994
52692, 698
50312, 663
58561, 685
45073, 662
33173, 428
51659, 40
2363, 222
13174, 957
26680, 340
17614, 958
14417, 658
27171, 576
23746, 109
47621, 637
55562, 947
62713, 692
23287, 602
17176, 894
36402, 949
24828, 92
21932, 365
13185, 163
13208, 353
12762, 179
42852, 583
9053, 213
821, 119
20318, 985
35295, 318
69365, 513
68904, 825
63119, 698
41580, 468
38667, 872
3364, 437
31756, 165
65133, 674
51147, 266
37379, 511
34311, 471
40979, 276
55977, 986
10322, 115
33249, 166
16540, 49
48204, 870
30131, 703
63577, 568
16014, 331
2736, 66
60770, 283
56433, 504
6308, 472
4214, 263
68359, 124
34342, 465
57014, 345
48273, 72
63430, 674
69053, 127
53749, 749
45159, 38
60757, 966
14198, 864
63431, 132
60884, 229
18296, 982
44252, 975
23730, 90
68279, 835
6548, 211
3464, 970
33053, 138
62038, 742
34788, 799
64819, 341
41487, 659
51060, 35
22958, 265
7185, 284
34279, 811
56584, 648
50233, 419
66387, 144
51615, 436
39653, 205
16834, 0
47104, 218
57884, 576
49841, 127
33048, 364
12576, 745
5451, 165
64172, 966
50291, 350
58055, 918
11078, 130
44922, 73
2548, 497
13572, 66
48205, 872
41369, 818
3537, 758
68420, 800
11494, 922
53592, 428
45086, 670
64729, 194
58209, 838
5680, 534
24, 478
56531, 236
23266, 301
35557, 35
32083, 755
506, 677
17739, 988
38967, 840
16989, 410
7233, 123
2349, 459
14506, 217
58153, 802
48195, 719
46152, 311
22655, 778
10226, 654
16852, 490
1826, 545
24685, 922
47201, 929
61457, 522
10870, 488
27612, 576
40399, 311
55272, 193
15312, 999
44122, 845
26663, 723
6706, 925
39618, 909
15483, 992
55191, 110
52401, 762
19673, 181
46310, 815
25336, 47
58220, 71
69310, 279
35400, 774
52658, 187
27756, 280
7829, 557
29033, 895
60112, 365
63996, 36
5326, 146
56675, 983
14753, 10
34359, 890
51175, 782
8928, 894
35677, 521
40284, 527
53936, 97
60236, 230
9923, 170
226, 910
60902, 124
7515, 442
47757, 987
34112, 570
46384, 206
31785, 59
24543, 132
12438, 199
38462, 941
8172, 692
63480, 294
46091, 933
15306, 270
43999, 637
15655, 154
12630, 789
32209, 815
62295, 42
8667, 262
2542, 786
7030, 911
23960, 904
3393, 428
26396, 691
9743, 420
61519, 289
55643, 613
38573, 309
2831, 401
54819, 184
24272, 357
4683, 123
58359, 901
46482, 597
9609, 849
18788, 477
56915, 342
67525, 676
39224, 913
48761, 565
32034, 186
35268, 298
30691, 115
45789, 174
41348, 137
37209, 347
21745, 739
38202, 957
28181, 494
55148, 465
53230, 265
67954, 633
22392, 263
34524, 357
4591, 432
25891, 146
6759, 92
46363, 801
43584, 781
63060, 469
567, 317
55831, 341
64541, 768
56523, 746
56974, 47
64684, 71
11835, 198
42877, 629
31883, 880
64979, 801
20811, 546
42500, 346
55234, 640
62404, 124
59423, 899
33316, 550
14663, 539
8023, 318
27145, 833
49766, 30
60637, 769
34983, 153
62501, 914
37017, 550
50551, 202
24097, 920
31282, 892
28052, 448
4865, 607
27225, 512
46414, 489
42077, 177
14774, 511
15472, 887
5050, 285
61442, 892
22616, 926
56126, 756
60184, 21
58570, 51
29188, 397
47503, 153
43319, 0
19955, 502
49386, 402
10509, 110
36487, 597
65290, 917
59256, 883
15714, 776
61025, 787
62729, 468
133, 927
20248, 425
1845, 841
2810, 146
31315, 883
44692, 718
5016, 401
42933, 56
6865, 359
61000, 426
35599, 178
57151, 183
40644, 130
27528, 826
69635, 198
15683, 887
28381, 483
35514, 461
48365, 807
29656, 873
32955, 687
35589, 6
68574, 968
33059, 670
63904, 158
29103, 55
50002, 195
7007, 441
53041, 587
59559, 445
3314, 86
63506, 989
1715, 105
21359, 318
24982, 980
64065, 808
49789, 3
31303, 639
15142, 487
10104, 844
11576, 121
58915, 406
40994, 910
12118, 866
37547, 334
38057, 864
48290, 194
14915, 524
50948, 785
31685, 653
31709, 664
29504, 533
67897, 556
33670, 125
12976, 807
50627, 750
40363, 771
21428, 154
7846, 508
62195, 129
18594, 23
5296, 68
3337, 417
3774, 198
22102, 558
35079, 461
67514, 295
63379, 822
4588, 478
474, 857
381, 605
39874, 684
66876, 251
59756, 502
6092, 985
22324, 122
51166, 502
6124, 522
14298, 953
18597, 543
42499, 802
52996, 657
35657, 208
34540, 370
15469, 822
19118, 562
64760, 541
56524, 794
23830, 153
41676, 46
16581, 913
12397, 356
2171, 105
5699, 417
1593, 393
21585, 702
53770, 916
32331, 673
5328, 317
20441, 518
62682, 234
66132, 302
57190, 348
40949, 596
16709, 282
44010, 888
9919, 328
11012, 482
13158, 286
35029, 344
37706, 287
49773, 151
6511, 826
42131, 250
15502, 619
35952, 237
3356, 993
49221, 393
16115, 393
6175, 115
65378, 868
63823, 971
7034, 557
50063, 277
14802, 699
33187, 810
20186, 293
17527, 841
47217, 927
1132, 894
31340, 139
14105, 66
51097, 417
19493, 932
65188, 36
20906, 398
59165, 67
445, 394
65552, 103
40002, 313
45787, 560
41679, 899
10819, 209
61583, 765
2038, 59
19877, 334
36467, 904
22278, 357
33936, 379
50025, 718
28108, 250
44977, 710
27006, 854
11660, 83
13830, 680
17231, 944
48765, 681
31241, 796
57799, 596
51169, 368
44998, 453
8562, 986
58435, 151
14727, 476
28445, 448
36154, 987
44029, 654
66848, 52
36156, 839
8106, 506
38136, 832
58695, 29
34690, 412
43088, 245
39106, 132
33342, 270
43906, 25
30674, 938
31362, 838
48749, 789
59901, 720
51455, 657
1185, 193
1214, 304
14367, 901
62109, 934
56533, 290
12022, 190
52356, 413
66561, 743
17313, 443
52772, 777
47524, 472
32427, 673
32148, 46
62849, 860
69715, 702
21456, 733
32469, 381
57043, 997
5979, 210
68133, 100
40389, 804
60870, 943
12098, 741
60600, 263
22050, 458
5292, 762
39189, 154
59619, 7
31109, 25
57639, 169
64987, 820
60142, 90
29296, 974
22185, 42
54873, 916
37312, 727
7490, 226
37506, 217
5441, 3
41036, 511
22794, 439
5211, 498
10868, 604
40650, 864
2166, 75
62269, 375
5690, 829
24261, 932
51095, 537
61336, 401
57650, 643
14994, 444
60585, 875
34729, 880
63463, 128
77, 324
3102, 196
5582, 540
12326, 465
18121, 413
6769, 371
50414, 236
35061, 645
7120, 452
16123, 535
34401, 596
13022, 181
69092, 320
60400, 623
8638, 67
67734, 42
6140, 983
65815, 323
53912, 966
68531, 528
44222, 856
11687, 57
25229, 78
32144, 434
18, 893
66592, 163
21275, 380
4930, 244
17561, 988
29267, 726
7837, 301
40757, 172
34419, 86
45569, 347
15523, 112
58527, 352
11761, 618
58403, 340
60839, 40
1129, 970
24564, 933
57136, 225
21954, 785
48206, 98
1572, 699
18004, 179
49428, 89
54801, 867
20752, 329
41304, 31
7154, 290
25984, 93
9374, 74
42707, 843
39782, 806
21436, 664
7568, 951
58492, 705
57908, 254
4259, 442
39626, 780
14459, 74
12966, 978
59203, 952
29254, 968
3827, 48
63409, 458
50091, 593
52405, 273
9811, 433
50112, 999
33788, 517
24491, 745
19313, 851
10975, 429
8884, 181
11403, 33
63464, 895
11161, 740
29090, 828
51832, 744
34132, 961
48249, 791
65749, 2
47134, 129
67880, 846
69504, 497
48622, 617
36788, 464
24833, 537
25301, 815
38277, 573
2427, 788
46380, 669
2618, 312
32254, 557
27316, 674
4854, 897
67660, 763
48053, 78
3755, 681
12545, 980
52668, 572
56676, 26
13043, 126
62671, 620
14066, 294
40037, 58
33050, 354
62135, 800
9289, 311
39851, 491
67756, 444
6138, 380
57178, 254
20179, 71
36298, 754
33815, 781
54552, 932
62267, 404
6141, 284
69175, 232
58597, 62
45152, 824
4828, 165
51772, 354
61283, 490
59984, 562
43112, 934
49301, 892
2480, 419
39116, 285
46742, 8
25333, 341
20372, 594
63272, 245
43218, 71
56929, 939
36289, 614
24158, 211
3958, 349
61561, 755
1401, 672
18933, 172
12515, 405
43249, 18
62312, 207
13863, 967
5079, 341
64771, 188
43896, 729
18569, 353
60990, 343
14178, 292
35010, 467
63890, 495
47002, 396
61564, 272
50320, 797
49748, 21
55351, 497
59620, 491
24998, 291
20535, 599
67902, 872
11415, 444
40895, 734
32258, 612
61421, 393
60897, 405
23501, 95
5578, 26
5114, 622
45663, 919
42359, 529
39001, 934
59150, 153
37376, 65
1202, 588
24364, 262
34221, 671
35626, 380
5961, 79
14514, 71
7738, 273
43103, 622
58152, 177
58669, 534
23999, 150
51162, 332
9031, 360
60623, 740
9432, 875
28299, 823
47390, 186
18355, 990
42540, 481
56266, 778
46295, 707
24677, 840
5722, 397
51925, 23
18858, 856
51730, 479
26352, 907
48207, 279
46705, 694
62223, 318
30316, 446
22621, 584
61304, 71
27792, 856
61360, 180
39422, 758
40089, 17
64089, 645
28324, 55
58004, 320
66264, 605
62961, 943
32663, 17
54497, 805
51365, 412
31481, 267
5138, 127
57612, 679
18094, 380
4263, 809
33709, 970
7608, 131
57543, 862
56454, 392
21607, 146
23494, 727
33706, 280
66918, 923
13096, 591
19424, 62
29055, 22
30643, 885
51969, 120
9066, 831
5939, 66
67585, 288
32775, 431
50256, 496
26419, 677
46078, 115
1871, 630
38926, 948
39238, 312
29355, 161
15592, 182
15179, 463
28739, 226
30193, 637
67548, 812
3601, 781
15750, 624
29598, 787
64304, 389
40330, 326
10814, 592
64540, 211
2846, 257
347, 378
51705, 431
35983, 561
3683, 983
58851, 383
21013, 4
66049, 405
9636, 979
49797, 789
45740, 133
20033, 478
516, 436
31155, 595
47798, 770
41891, 329
43788, 760
54707, 937
14864, 126
9654, 952
22602, 280
30812, 907
26873, 449
43792, 894
3911, 771
32155, 314
58679, 872
54906, 504
51439, 652
16781, 543
69579, 925
32662, 725
48103, 370
4164, 567
3818, 106
10138, 977
44303, 248
38236, 594
2657, 439
51041, 667
40893, 642
38641, 49
43839, 94
1827, 666
59032, 67
24382, 90
32648, 314
10654, 88
1286, 962
35094, 181
40820, 553
23612, 453
43778, 74
59962, 567
32547, 563
37210, 299
4554, 870
32574, 600
15880, 23
67575, 921
12181, 856
21085, 200
47352, 932
22156, 371
48497, 353
16496, 225
65720, 783
32933, 399
59021, 480
15569, 141
19292, 700
6995, 939
65066, 221
14842, 457
19385, 983
17695, 3
30874, 590
25953, 109
35731, 966
29674, 939
15038, 247
64364, 505
18655, 566
21291, 187
27386, 449
12111, 643
59230, 360
41416, 130
38817, 999
1106, 417
12216, 448
24890, 581
46635, 962
61067, 811
44205, 790
55420, 71
69060, 420
4281, 806
20301, 199
69498, 110
43606, 155
19838, 506
58957, 264
16612, 972
64242, 647
42789, 464
14852, 240
19485, 754
1437, 451
25797, 549
28419, 421
42524, 911
3987, 712
7003, 928
58887, 349
44301, 260
43236, 479
61456, 630
36814, 740
9944, 142
35747, 68
23697, 480
20985, 986
57831, 206
60580, 846
16076, 185
25620, 247
11103, 228
54188, 751
26638, 366
47914, 983
63528, 569
56264, 410
19288, 468
52596, 715
52001, 793
69001, 549
6723, 249
11018, 841
45424, 32
65187, 697
58751, 606
39107, 748
28271, 46
13790, 678
18920, 607
22665, 558
18762, 687
69131, 360
47338, 120
68266, 437
30819, 841
31085, 15
66850, 902
43193, 951
14586, 570
50771, 781
5495, 700
3631, 159
19737, 995
10402, 75
10054, 691
33806, 285
27660, 818
30031, 33
9133, 899
44421, 941
65698, 120
30455, 167
24193, 656
1375, 172
9497, 805
42792, 822
61412, 303
36099, 57
120, 135
64636, 490
16297, 895
19961, 317
45169, 67
68646, 210
13420, 473
55506, 498
55125, 947
45053, 797
47574, 257
32415, 67
27332, 621
32299, 954
60383, 762
53641, 956
61147, 531
18020, 620
46612, 231
69818, 942
19845, 278
15020, 942
17159, 439
46735, 408
12073, 210
68054, 444
47019, 459
307, 828
48050, 209
37669, 445
63598, 228
51447, 360
5606, 920
1064, 47
24699, 604
17983, 164
66493, 381
28055, 274
12162, 877
13308, 337
2622, 726
28480, 394
42189, 787
62510, 62
66961, 631
49669, 683
56335, 343
26053, 902
12441, 484
18717, 691
38435, 368
66207, 519
9758, 490
17043, 708
5151, 30
34061, 688
15501, 804
11046, 133
67157, 631
64020, 401
58206, 441
55250, 843
67786, 2
48848, 181
21860, 682
48842, 5
23513, 951
23185, 641
3786, 990
67490, 451
5987, 817
31522, 944
37945, 128
31712, 75
14029, 132
11846, 869
61780, 513
60973, 673
65570, 981
59508, 842
11322, 452
51381, 293
9051, 149
17650, 998
43752, 103
54475, 822
36144, 705
31651, 452
26221, 593
5058, 753
14518, 277
41079, 429
41784, 603
34960, 418
7792, 547
19249, 680
41115, 925
25741, 44
43803, 814
12209, 757
55708, 571
3729, 294
20710, 78
27527, 881
65533, 385
59955, 604
21689, 927
16799, 361
48784, 30
66223, 815
12142, 507
26734, 720
33676, 839
48939, 516
51750, 819
51446, 361
54656, 151
65053, 901
69282, 529
11709, 683
52396, 79
67480, 841
54430, 233
37779, 390
55029, 915
36961, 755
2757, 344
31588, 589
23164, 367
46844, 866
5161, 538
7980, 936
19748, 245
47927, 749
46715, 746
20273, 816
20938, 470
1349, 29
30272, 940
4329, 151
19906, 328
69413, 597
3227, 55
27036, 323
62111, 739
28639, 940
30711, 552
57366, 798
2574, 251
31921, 218
67582, 605
51955, 469
21887, 449
1033, 223
40326, 999
29754, 234
41887, 916
1924, 303
68772, 442
32792, 216
53806, 270
32997, 195
2282, 128
40306, 867
38735, 923
66129, 417
13264, 732
69507, 992
19467, 312
43533, 954
4443, 135
55859, 57
5213, 930
63605, 957
21915, 58
11688, 481
61224, 785
2159, 434
14163, 189
69744, 703
31460, 664
63131, 437
62390, 125
46454, 942
19446, 904
4647, 219
40417, 473
35117, 384
34904, 584
15495, 694
4473, 449
63405, 974
34623, 112
7368, 782
55747, 261
60035, 917
64023, 686
69276, 287
54198, 982
65528, 487
32916, 384
9706, 944
2390, 882
31369, 576
30461, 679
24316, 956
17354, 38
5738, 657
5293, 300
57941, 891
41807, 504
9415, 679
14004, 32
8541, 142
60145, 53
42928, 129
38991, 388
60619, 701
33349, 283
3850, 731
28490, 954
20525, 685
60974, 482
27730, 848
30524, 854
39642, 395
60672, 70
53379, 659
20746, 470
2894, 8
6635, 4
3598, 959
69013, 107
33860, 647
33416, 269
26367, 201
2146, 858
20524, 48
2439, 27
26964, 889
12854, 149
37995, 696
49460, 463
5626, 535
26943, 317
17385, 40
51549, 445
8223, 109
45463, 332
20027, 299
45849, 457
50748, 581
49812, 702
5253, 161
55800, 278
60634, 662
60539, 468
38909, 95
48714, 93
40940, 403
63610, 60
68608, 881
19338, 345
49087, 431
45175, 655
31735, 206
37641, 792
41829, 638
27772, 277
54416, 343
16373, 880
55074, 524
45561, 149
49717, 51
25386, 436
8574, 552
57514, 655
42126, 498
657, 862
48950, 530
44456, 179
25735, 933
24715, 690
10813, 507
25936, 889
2853, 722
16059, 78
59744, 818
14706, 412
20020, 434
51901, 60
32643, 401
47370, 884
25639, 331
45155, 639
39, 972
9787, 472
15230, 786
54758, 609
29431, 267
10224, 448
10583, 605
7098, 17
41442, 544
54933, 393
39584, 920
43594, 518
30684, 218
24553, 237
28931, 535
663, 220
33514, 939
63736, 322
12314, 276
8558, 400
33917, 20
67916, 155
62960, 560
16670, 688
41451, 81
10781, 356
7209, 517
27806, 638
5489, 376
68475, 218
24811, 444
37718, 556
48592, 755
37874, 695
9889, 574
46903, 607
31308, 469
13654, 469
37444, 989
65076, 159
57745, 710
9486, 193
23705, 19
53022, 677
56530, 491
17842, 695
14868, 296
23116, 209
62988, 133
42194, 699
55105, 766
7601, 144
24080, 579
68034, 791
6521, 527
12338, 4
51671, 268
8787, 783
4718, 471
8082, 888
36116, 994
42509, 725
24905, 222
49022, 66
21546, 55
15905, 2
24748, 45
11568, 807
24818, 569
15926, 23
38275, 38
69998, 324
48937, 416
51391, 610
45570, 357
26176, 604
19567, 272
50932, 448
61269, 378
15410, 78
63755, 76
9442, 196
5658, 917
49196, 676
60776, 107
28959, 668
9643, 863
3328, 431
25494, 558
35446, 594
27312, 654
37829, 602
51927, 656
41694, 646
31701, 529
29037, 702
34145, 727
34919, 554
63098, 436
63592, 426
38686, 831
53794, 704
22590, 485
34634, 91
2562, 367
31933, 447
19840, 964
50930, 659
1047, 935
17319, 94
18494, 708
2235, 642
17320, 772
35073, 452
30491, 946
26380, 942
14909, 271
65550, 833
47170, 258
50969, 935
34066, 709
19106, 233
4150, 769
26089, 707
1964, 970
8952, 133
58586, 679
38312, 558
23882, 664
67784, 461
30411, 264
58906, 614
55964, 788
40584, 687
20635, 656
41123, 814
69675, 106
37234, 994
15689, 891
16628, 865
37386, 794
46941, 813
65844, 661
23623, 12
57123, 801
29951, 113
59186, 149
63853, 26
45497, 145
64046, 389
614, 735
55106, 574
23928, 786
20987, 99
56591, 217
3192, 590
55804, 487
37683, 191
21764, 581
38337, 501
2638, 926
29230, 114
39812, 812
56964, 451
46272, 383
1044, 325
35274, 62
25806, 464
41468, 281
38854, 552
43565, 951
19848, 444
61777, 163
23983, 694
24790, 740
47843, 603
29785, 377
14210, 578
40766, 320
5580, 742
1693, 70
8632, 85
12078, 500
49952, 175
21104, 488
30448, 867
20109, 749
55757, 41
65286, 228
18783, 938
52641, 331
40712, 753
60854, 85
24052, 651
19340, 646
9971, 684
1520, 32
25543, 762
39207, 871
17136, 254
69919, 850
16319, 639
2466, 506
33658, 549
8397, 38
60631, 619
50137, 104
46848, 387
29479, 761
52056, 928
59475, 537
65808, 562
62861, 803
24392, 46
21079, 416
9508, 868
10148, 825
38936, 427
30795, 813
57455, 310
38309, 689
6075, 339
45091, 149
14387, 40
1556, 353
19208, 690
16032, 91
65379, 252
38969, 357
9662, 313
54040, 845
11480, 490
56385, 871
59162, 786
38357, 415
40213, 731
4597, 883
3419, 171
28909, 300
18877, 639
24332, 312
18849, 53
32369, 636
36626, 368
1457, 832
50749, 985
52391, 205
14152, 870
49756, 644
22223, 420
43452, 675
25804, 47
44006, 37
35844, 275
68185, 913
57203, 920
31637, 245
60327, 332
41535, 763
45872, 31
14322, 718
15645, 882
20751, 196
20048, 511
55763, 982
202, 5
63547, 823
42708, 5
50500, 631
67209, 258
62088, 534
12103, 461
53691, 971
27771, 63
25756, 742
9532, 496
18006, 119
1411, 258
6244, 41
20067, 171
69166, 368
21283, 496
54908, 888
62895, 366
59213, 713
53255, 206
3545, 152
60759, 775
1233, 383
20264, 429
46751, 31
50837, 295
36692, 414
20026, 748
37827, 530
57234, 486
30323, 655
2913, 794
14836, 160
33340, 317
19124, 899
63909, 633
48337, 397
50028, 459
60967, 510
11669, 548
48487, 740
52378, 217
1125, 40
21807, 337
25179, 693
65208, 323
66668, 524
48222, 525
32392, 234
39965, 778
36355, 563
20250, 976
67374, 790
8022, 228
2089, 698
48819, 840
43417, 821
29329, 780
27996, 689
55696, 310
10675, 575
63411, 350
50571, 471
44436, 658
69067, 620
27552, 13
44385, 564
10043, 961
34337, 407
4638, 332
20497, 813
35846, 845
12186, 62
16249, 467
17645, 500
4926, 545
20758, 114
20073, 444
62963, 477
59790, 123
67579, 785
59321, 730
30781, 173
1621, 275
17759, 403
61849, 792
33953, 490
43437, 379
20333, 548
24312, 149
21880, 787
22767, 343
63838, 715
29669, 401
13794, 52
52535, 587
10090, 885
22669, 901
4446, 654
5184, 20
15214, 938
69334, 79
18775, 67
34638, 302
9624, 377
51484, 113
32639, 551
62590, 581
41707, 650
37784, 681
5628, 903
56421, 390
16410, 425
69947, 860
56673, 336
18440, 177
25381, 695
41929, 949
8919, 367
41604, 137
66994, 655
31307, 475
42425, 892
26113, 474
44201, 520
52208, 170
47968, 655
2483, 319
55209, 987
35855, 187
66107, 196
21533, 647
1611, 549
4178, 997
17157, 567
42817, 224
42975, 163
63283, 953
25845, 248
44607, 262
21940, 35
19781, 543
27003, 845
33365, 966
42071, 742
18013, 741
44296, 786
31871, 133
61381, 819
12835, 545
44836, 779
59224, 690
24257, 870
18379, 282
45419, 397
63213, 709
30978, 155
22801, 817
3440, 847
46196, 75
28702, 655
58183, 543
23967, 426
6450, 380
7408, 193
45229, 208
45232, 181
34036, 926
44424, 396
44200, 716
42880, 586
48060, 519
2103, 396
49779, 512
27298, 658
17423, 913
19376, 669
68020, 610
30235, 728
52321, 179
54363, 523
55564, 720
59798, 543
25690, 90
55335, 943
45439, 238
23395, 638
42541, 903
33133, 973
34920, 471
14799, 32
62477, 84
51506, 703
34158, 39
19068, 785
9999, 77
30429, 948
44329, 344
25609, 882
11428, 733
22978, 339
44550, 63
13132, 297
11003, 664
45079, 779
66524, 693
56138, 533
37325, 838
29466, 103
28216, 372
12056, 104
13565, 262
41472, 213
66448, 651
5426, 255
48475, 409
29498, 914
32312, 998
59405, 215
50633, 293
19999, 182
5622, 153
37938, 457
6416, 534
45484, 906
27431, 678
1652, 921
62079, 449
23937, 72
2379, 127
47826, 950
21004, 455
59022, 278
47140, 321
69593, 263
6268, 591
37185, 885
21759, 961
65247, 33
68570, 829
18910, 494
69192, 655
41026, 800
50151, 914
44588, 479
57550, 76
14495, 412
30735, 665
18419, 50
21891, 352
53034, 140
64160, 229
56738, 447
37864, 386
17286, 940
60020, 885
40570, 858
57989, 186
34909, 954
36506, 378
30018, 427
27358, 843
30768, 771
40638, 854
27150, 521
62488, 276
8212, 157
47327, 106
32249, 10
15011, 16
35646, 499
6306, 927
67024, 314
39672, 227
68182, 640
54870, 44
39104, 34
58891, 299
34911, 25
40997, 686
34995, 437
36425, 26
4161, 164
18342, 442
58599, 23
11097, 521
43775, 403
14291, 79
39664, 440
20010, 899
37622, 946
67132, 539
55371, 318
37450, 546
36831, 305
47, 498
47618, 400
42308, 117
46171, 805
38372, 866
5280, 169
61191, 332
19855, 907
20389, 979
48821, 58
34886, 48
69165, 188
4667, 681
45496, 721
65660, 657
48136, 268
13878, 722
55110, 652
36492, 203
8915, 977
31019, 512
21597, 355
66181, 679
39034, 345
65741, 75
2828, 497
18187, 875
6301, 431
14628, 308
23879, 445
43842, 384
20875, 617
36622, 645
24659, 4
41697, 966
59124, 763
64360, 374
11829, 969
46069, 473
23952, 539
15633, 520
57642, 982
52697, 13
4471, 948
29680, 698
36922, 301
57979, 578
61814, 829
28303, 567
52122, 562
9883, 939
21303, 477
38410, 133
25496, 540
16033, 339
21714, 102
20797, 517
16724, 692
18504, 105
25823, 678
61404, 857
27032, 367
19685, 9
31627, 345
37566, 828
64317, 978
22632, 134
58498, 64
24164, 516
38956, 202
69824, 772
14303, 787
67289, 362
5259, 890
17457, 681
8728, 159
57420, 617
66559, 454
50403, 997
58709, 31
41411, 965
69789, 586
52000, 544
6454, 563
11905, 118
37367, 271
55932, 484
18887, 587
5530, 590
60418, 709
57224, 985
61312, 105
49462, 260
26356, 828
45784, 432
6348, 701
60336, 798
31020, 454
29966, 609
15641, 417
18522, 293
64804, 54
44281, 920
38674, 612
29502, 801
69741, 81
15356, 70
25583, 7
37105, 73
44716, 460
22451, 204
33693, 773
56331, 202
60356, 841
67612, 201
27078, 813
62023, 184
6653, 694
64035, 926
34262, 76
48146, 226
45345, 993
24220, 629
31450, 925
29054, 713
57466, 962
23329, 697
55879, 266
56495, 52
37524, 123
35166, 299
36264, 264
60775, 348
28275, 569
60621, 848
29089, 552
2649, 613
9509, 145
58536, 605
53839, 144
67406, 553
18929, 308
40695, 999
17093, 524
36837, 255
67332, 792
66727, 289
4058, 8
6196, 107
67833, 812
25069, 301
320, 161
32473, 49
7672, 8
14508, 28
38229, 969
20509, 522
39906, 296
51937, 145
57511, 669
58116, 369
60797, 167
37304, 316
17307, 524
62327, 647
49270, 240
13938, 581
33303, 513
64794, 323
4304, 691
49264, 636
15218, 168
30598, 921
46356, 325
68677, 267
11443, 596
37790, 640
35890, 131
30977, 117
50132, 670
51614, 837
45174, 80
44845, 757
66709, 6
47209, 220
52384, 512
9722, 164
37324, 862
67060, 580
16424, 9
52853, 419
61879, 166
21656, 945
38513, 319
21073, 169
46618, 524
17628, 63
31061, 690
16699, 707
18133, 711
68224, 202
32466, 351
19852, 712
25977, 146
39415, 891
25211, 17
9832, 670
66415, 403
64117, 825
40750, 106
46109, 192
1686, 258
15360, 377
39149, 550
24362, 264
64570, 142
59829, 385
50276, 15
56401, 888
24065, 645
43486, 691
17702, 941
34849, 724
56248, 801
60866, 49
36683, 71
63019, 566
618, 123
50808, 56
67603, 193
26299, 580
31629, 200
39333, 6
40307, 785
783, 47
54698, 617
22915, 825
61382, 549
67015, 221
59928, 670
30807, 293
69123, 720
69485, 420
36454, 442
46060, 907
1310, 457
34498, 622
47864, 413
64379, 672
62946, 53
51513, 511
14211, 828
41943, 505
34350, 48
29871, 91
53576, 979
56641, 642
27183, 942
38395, 407
4996, 329
43366, 202
50490, 416
61820, 387
61158, 876
57079, 235
61742, 934
47561, 54
26639, 63
15160, 931
54300, 476
68514, 442
3398, 224
5416, 7
5466, 1000
12629, 640
56441, 361
44494, 191
45164, 634
50547, 401
5447, 764
16460, 690
61776, 979
19516, 278
20605, 127
27712, 55
39768, 218
22271, 324
54535, 214
37684, 426
23904, 465
20, 997
4094, 885
26698, 247
53142, 151
69704, 611
53016, 735
29120, 403
7521, 971
21109, 280
67856, 703
36576, 534
59458, 211
15511, 416
50919, 469
42654, 680
13462, 731
68502, 414
41288, 627
56837, 638
64643, 891
67978, 735
23823, 714
38390, 63
56139, 580
22428, 365
16595, 467
30896, 224
12739, 456
3552, 789
11995, 799
10272, 121
6725, 206
66433, 569
875, 4
54958, 467
34229, 905
58917, 563
6700, 821
31218, 977
17949, 887
42522, 260
384, 695
1295, 339
68613, 888
49435, 56
40636, 911
66271, 33
19537, 515
155, 178
10774, 793
48591, 977
20517, 370
13057, 582
39913, 360
65936, 160
13970, 518
27337, 612
65490, 774
68520, 7
45654, 955
30435, 678
63675, 189
17887, 190
14429, 12
12740, 821
17641, 110
22473, 840
16695, 515
1309, 60
15253, 546
57000, 699
5714, 695
7951, 671
15970, 406
61547, 900
115, 493
19535, 308
12126, 630
15635, 744
35836, 449
12886, 564
34897, 619
27594, 845
17336, 873
57103, 410
35370, 430
13056, 834
20733, 894
35787, 56
98, 119
56571, 784
59776, 769
54170, 690
68577, 91
7512, 51
33021, 226
29892, 583
14748, 567
57998, 663
53309, 741
21532, 276
46427, 159
54325, 530
16528, 901
20375, 381
1674, 675
33822, 151
40550, 147
28314, 682
5222, 18
16008, 501
1091, 386
48471, 664
18848, 868
10249, 998
7476, 643
33943, 306
69094, 432
47763, 153
66652, 149
4598, 136
48258, 843
42387, 42
40581, 608
23729, 882
7124, 109
20773, 134
32320, 8
46350, 149
38188, 207
7049, 617
24240, 524
52205, 889
15732, 222
6383, 444
31179, 298
1645, 193
47929, 546
45699, 141
4165, 415
52052, 984
66548, 98
5354, 739
40705, 734
69033, 706
4841, 446
67974, 772
62614, 263
18804, 864
12375, 243
64209, 465
11094, 429
25561, 751
65918, 696
56365, 391
56761, 365
40754, 341
56027, 422
39152, 144
28990, 748
51145, 477
21929, 339
16029, 228
63197, 139
24424, 670
32074, 400
49900, 632
29213, 236
22588, 838
16640, 536
24039, 299
2637, 989
11702, 587
29390, 470
5234, 376
55276, 921
20440, 379
66811, 265
54173, 152
11777, 496
32260, 237
8481, 50
152, 600
29767, 224
60500, 465
29417, 694
45460, 551
66411, 797
10206, 460
51977, 518
5002, 478
7964, 384
35857, 723
30418, 212
33795, 671
63839, 47
3046, 954
55221, 930
51222, 561
45897, 22
12300, 450
63494, 103
10723, 639
13396, 952
18175, 162
34264, 775
35269, 343
6928, 135
9092, 40
2667, 708
58923, 235
69644, 25
58798, 882
61620, 409
48856, 132
29043, 254
64142, 512
18994, 267
5457, 623
57688, 47
8802, 923
35181, 254
43432, 69
50333, 353
69661, 443
37686, 74
62309, 968
55156, 893
51217, 579
4205, 420
30407, 652
61843, 52
67472, 625
6593, 179
28116, 818
54755, 778
48129, 677
29911, 556
48692, 787
48266, 589
16376, 976
21287, 96
59416, 233
50871, 869
47581, 609
45300, 449
4668, 858
61832, 260
51503, 848
47467, 582
28857, 822
4337, 184
57329, 511
20783, 798
66866, 544
63914, 170
15211, 653
2384, 325
65432, 256
50518, 385
45363, 479
64290, 258
12327, 601
3154, 946
9585, 151
718, 163
61905, 611
57492, 124
45986, 665
28308, 134
40149, 339
25780, 514
52477, 137
36834, 696
15573, 211
42304, 756
58722, 943
53968, 610
4321, 582
39122, 538
57182, 301
59194, 11
7748, 951
61053, 929
29201, 509
65658, 419
19967, 803
13983, 52
24265, 37
58175, 362
69223, 54
31221, 952
33884, 884
12280, 464
29837, 590
31562, 876
28662, 692
49555, 136
33945, 640
29396, 247
36338, 957
66700, 464
41054, 170
24271, 697
52546, 205
14384, 775
61217, 876
41432, 277
4571, 556
68210, 965
59868, 123
18038, 139
15128, 163
38840, 133
12863, 453
69654, 391
7801, 294
43419, 229
8512, 494
3620, 296
43140, 681
24277, 790
67621, 994
67184, 879
68355, 57
63449, 635
19375, 14
37968, 40
20599, 634
61335, 176
59144, 173
63145, 114
36518, 212
17604, 547
19905, 406
26499, 154
53492, 729
36304, 541
17861, 47
47784, 945
58855, 363
25703, 632
12876, 989
2152, 612
62784, 919
14814, 0
8557, 420
2085, 74
55279, 14
193, 381
9222, 483
23995, 694
67496, 659
34110, 687
52040, 822
22281, 637
26785, 624
48332, 940
56605, 285
1616, 130
32261, 297
24005, 307
52465, 800
29537, 27
62087, 860
60738, 486
27319, 654
2867, 451
34713, 719
32156, 409
46939, 135
46956, 397
6991, 107
1860, 832
45665, 224
67565, 583
30443, 925
47820, 339
18604, 998
35730, 609
67670, 909
15039, 929
69354, 914
39835, 59
44309, 918
476, 71
41815, 136
29713, 824
18381, 444
28673, 122
27519, 559
52341, 652
32183, 136
58244, 756
33785, 280
28440, 736
19988, 155
23359, 489
57162, 798
25646, 180
55146, 854
16264, 739
27235, 191
56177, 190
5300, 829
22034, 361
46869, 97
37942, 911
40975, 795
35056, 881
43855, 239
51953, 334
39748, 250
14026, 706
24283, 883
4423, 759
27427, 865
18457, 169
27403, 444
34856, 163
58550, 738
55493, 561
26841, 739
42280, 342
54660, 597
758, 960
58300, 229
67063, 852
36230, 390
7013, 809
19776, 939
9874, 954
7609, 269
67722, 417
23174, 646
38407, 7
44944, 868
34989, 386
52240, 886
69942, 740
30681, 748
30579, 560
54094, 52
9867, 192
19111, 613
25086, 177
68644, 495
30221, 388
27688, 575
15334, 678
48689, 307
51816, 564
28506, 229
51802, 678
13341, 949
66532, 489
61629, 261
8929, 89
3671, 578
6721, 171
51742, 684
8859, 66
38738, 192
41234, 878
30751, 508
42657, 951
1770, 253
15839, 453
64251, 655
16717, 114
31171, 820
12236, 237
61970, 994
7139, 254
64299, 985
66194, 775
54839, 396
9489, 857
34861, 609
36940, 359
24542, 581
69923, 766
48130, 726
62565, 323
39916, 737
47591, 735
39666, 320
7921, 140
27126, 379
17584, 258
42326, 699
11992, 351
36676, 453
56721, 723
20023, 153
49004, 878
47057, 773
28432, 376
18879, 938
40228, 520
23710, 129
10399, 862
34425, 672
45996, 594
40912, 144
42584, 50
17927, 171
21193, 334
16725, 770
20053, 623
46136, 561
1367, 579
47964, 292
37837, 544
10553, 758
36786, 131
29647, 640
53549, 97
49488, 736
40215, 895
58111, 189
49651, 789
56669, 284
68273, 970
35454, 150
48770, 548
47126, 637
49439, 371
56542, 732
47781, 673
17391, 947
44189, 859
8229, 55
58375, 780
27185, 166
47542, 24
4960, 477
32872, 769
43884, 127
40661, 774
47227, 262
50783, 665
32658, 435
28726, 976
10420, 102
59228, 595
988, 104
23654, 67
49606, 825
6239, 706
51322, 29
30872, 846
12135, 65
15055, 472
41382, 141
37881, 994
60422, 54
45785, 151
69688, 734
49746, 62
35903, 982
18145, 498
32727, 171
30557, 980
62809, 763
18727, 596
33299, 306
28107, 30
7888, 730
54834, 437
37172, 216
37624, 124
13841, 640
69410, 543
51274, 800
29780, 31
12650, 547
56732, 443
40485, 847
10890, 397
18947, 267
19053, 340
34, 311
38304, 109
32127, 316
59880, 307
2997, 987
65993, 47
32075, 8
23753, 512
14686, 281
37542, 680
6384, 256
39582, 36
39804, 353
29588, 106
68140, 348
741, 140
50478, 46
49318, 607
26496, 42
68100, 761
44851, 714
11629, 338
201, 763
69291, 595
21948, 234
43611, 721
67076, 619
27221, 880
8506, 651
35483, 982
4, 511
56759, 352
34740, 706
32068, 824
51922, 914
40882, 500
53105, 856
19420, 409
9615, 625
44206, 651
39421, 808
36106, 712
64855, 281
47082, 359
20545, 878
35312, 61
21703, 267
56057, 821
20904, 619
51318, 299
53043, 752
20544, 446
14165, 212
28930, 21
18325, 320
16735, 57
8278, 536
53184, 307
5846, 449
2660, 576
37136, 827
54236, 866
17618, 602
58538, 200
52061, 22
32287, 946
2534, 822
6329, 728
12685, 696
8092, 484
23075, 610
3352, 962
27077, 909
24607, 194
67988, 917
69772, 802
40066, 450
12815, 320
406, 481
18934, 616
549, 473
6876, 151
63084, 388
1268, 141
10510, 952
26567, 906
63249, 238
1567, 477
22065, 514
12114, 76
13885, 159
5681, 472
76, 537
28059, 487
9042, 206
19279, 918
2368, 350
8132, 394
36204, 609
49755, 875
18808, 509
64363, 597
44679, 437
12415, 143
7766, 341
32768, 663
52640, 956
33518, 643
51165, 952
57376, 280
4088, 40
25473, 875
27762, 805
12210, 755
65143, 356
66232, 967
11044, 550
27707, 114
13225, 806
49496, 710
57017, 194
28797, 336
40003, 742
669, 450
44921, 320
61346, 937
20929, 499
58232, 638
54799, 524
13263, 643
19039, 308
50231, 32
25048, 0
29999, 197
18103, 144
39500, 268
45848, 933
32281, 936
69249, 384
46819, 365
37183, 583
50053, 464
16866, 771
48721, 991
51869, 825
31955, 727
13346, 312
11131, 985
47878, 682
3581, 955
30223, 339
1656, 245
15891, 883
31071, 154
34724, 650
59622, 125
28664, 833
47490, 167
7702, 481
8384, 809
56882, 332
21231, 186
20754, 411
59996, 497
51282, 402
21996, 656
124, 864
12500, 184
46223, 198
3558, 591
23080, 388
18042, 927
49466, 925
16092, 313
26884, 584
9388, 726
33510, 222
45882, 176
5817, 524
53278, 992
25267, 724
34473, 861
5, 724
46967, 883
7565, 363
41768, 149
65531, 4
9043, 265
27445, 579
66907, 849
1951, 185
34148, 714
6401, 368
14532, 544
57488, 15
25094, 303
23206, 383
15528, 735
11830, 229
63326, 907
35362, 400
26409, 25
8966, 22
10977, 489
61342, 201
9708, 396
23903, 166
25872, 418
53639, 908
43252, 766
11707, 512
27227, 464
14734, 847
66135, 922
15636, 876
52705, 260
31337, 641
21234, 700
26455, 385
51025, 164
65664, 711
3906, 978
24807, 477
62446, 741
2604, 387
24539, 993
6717, 475
159, 899
52880, 936
64486, 586
26752, 440
35645, 698
43605, 814
48878, 864
8190, 334
33412, 421
57265, 958
7963, 202
11105, 294
56192, 241
17608, 65
51245, 918
25423, 403
53332, 880
33780, 391
3976, 351
8359, 805
9467, 856
24103, 466
2678, 676
32679, 509
55673, 795
9345, 226
30793, 738
24438, 518
56058, 119
65125, 476
4568, 95
20491, 280
52417, 994
50760, 960
56954, 281
5954, 788
1931, 984
10243, 461
62897, 752
58147, 770
16715, 566
12953, 650
15376, 346
58379, 249
68629, 947
17809, 101
57790, 338
53925, 50
10899, 390
24775, 21
11935, 814
20602, 291
37818, 722
19202, 869
5651, 296
15121, 555
22092, 338
58014, 241
60873, 970
7033, 502
19491, 121
67011, 884
50567, 705
26289, 854
5619, 980
38979, 676
8307, 16
12000, 334
43053, 237
61839, 582
59137, 891
12391, 708
23463, 441
3616, 316
43869, 96
15629, 407
29151, 123
48518, 164
30653, 494
32623, 974
25063, 888
39895, 45
39853, 307
33123, 942
69186, 748
258, 92
65680, 213
20267, 366
42651, 445
8895, 250
51001, 638
17840, 455
45212, 918
23666, 664
5062, 167
33775, 812
25879, 451
52277, 950
33718, 383
28156, 704
21195, 504
44764, 163
40323, 237
11936, 459
69119, 831
65269, 642
60513, 644
957, 440
11140, 466
10584, 419
14531, 876
28822, 358
531, 939
10518, 149
63311, 9
55179, 398
27924, 195
38255, 867
36675, 690
46704, 453
64337, 238
47007, 863
3125, 97
34873, 964
33153, 194
58831, 558
30400, 116
14263, 703
51466, 7
60434, 24
29475, 417
59401, 553
16532, 463
31984, 940
10342, 774
66926, 528
67641, 932
24691, 160
38301, 304
58574, 320
12168, 976
4451, 980
54802, 259
26551, 116
43036, 375
50200, 608
30389, 289
16690, 599
8710, 102
57783, 667
49804, 690
68128, 787
3176, 783
34341, 538
26340, 889
12088, 120
17885, 801
16776, 852
66770, 472
4083, 477
4181, 393
20103, 468
44948, 488
67007, 900
1097, 574
26105, 656
27635, 504
21662, 557
4907, 942
22443, 788
33139, 783
3613, 584
19883, 761
38016, 503
30640, 446
18376, 31
44750, 445
49823, 71
5620, 576
35165, 844
31035, 409
3423, 981
451, 728
18464, 741
52939, 615
56879, 379
1427, 680
46323, 638
57044, 837
60869, 780
42926, 385
31233, 281
68572, 883
52247, 282
36881, 417
21215, 263
3484, 930
52679, 12
16730, 719
53527, 914
24206, 736
6287, 286
6362, 971
57634, 800
17910, 767
56015, 602
46916, 730
65358, 345
41689, 600
57121, 308
42647, 755
67647, 934
45700, 567
64927, 512
50118, 873
24386, 883
8910, 213
65128, 76
42045, 525
57534, 738
33777, 830
48405, 592
3653, 87
36826, 721
67016, 166
62198, 263
57925, 882
13367, 728
50839, 934
39615, 986
14110, 203
67279, 368
68883, 661
65207, 536
58836, 356
21609, 365
58864, 513
2878, 897
2850, 220
42337, 970
47278, 558
53306, 465
7993, 626
61111, 971
33813, 665
58562, 981
68814, 420
36772, 978
54506, 793
10245, 228
26032, 404
23990, 464
10479, 558
6525, 284
18746, 38
55372, 275
49576, 403
68932, 115
12025, 749
2205, 206
19047, 826
34113, 769
45074, 31
30100, 885
43407, 270
62257, 60
40733, 141
63346, 978
10101, 361
13520, 494
21412, 523
2289, 274
39857, 185
20225, 803
49974, 323
16218, 147
39935, 628
3211, 584
4827, 220
31331, 660
37565, 775
35575, 489
63911, 418
47339, 164
61497, 699
1264, 69
5816, 987
40551, 147
55266, 960
7162, 657
29026, 9
43239, 909
64349, 688
46386, 302
28546, 829
16313, 360
27676, 854
35898, 498
47373, 859
62909, 366
7819, 244
24145, 980
34814, 529
58047, 768
42648, 349
31666, 435
26677, 431
4340, 692
52434, 957
1916, 5
46783, 615
4701, 824
9663, 789
40626, 952
21785, 590
10682, 217
7092, 236
39873, 175
67417, 969
10862, 207
18883, 203
21063, 824
18813, 45
24450, 816
20161, 440
7681, 541
43288, 183
7838, 355
17340, 378
50911, 808
40916, 227
65512, 354
56424, 200
18361, 218
8765, 890
5309, 152
30769, 859
38887, 852
46907, 924
62773, 131
44438, 461
25848, 675
9372, 500
62786, 229
58266, 403
40020, 28
34144, 334
4939, 360
34872, 732
44683, 573
34576, 779
37139, 727
62112, 385
32553, 663
20558, 422
54117, 263
58871, 843
23564, 654
41370, 32
20359, 365
57472, 548
4095, 857
52195, 620
20037, 534
20858, 106
19885, 26
22671, 808
56920, 592
49352, 259
54282, 660
17572, 164
8439, 820
11391, 584
19466, 33
8715, 529
23743, 102
14534, 926
2710, 515
61173, 190
33876, 571
16470, 851
18586, 719
20675, 233
66059, 969
52026, 552
65601, 74
24313, 37
57977, 360
43488, 963
4035, 825
28934, 10
39948, 815
15157, 6
41287, 894
23948, 272
47461, 327
22023, 414
43685, 500
55669, 714
18348, 122
7557, 509
67444, 581
14024, 910
410, 881
14097, 80
68649, 4
66794, 642
7152, 67
17178, 871
25555, 317
28862, 146
32233, 183
56169, 359
5498, 551
62161, 173
36521, 65
8595, 160
39437, 867
20292, 770
34431, 777
49584, 975
23421, 454
36190, 571
11271, 587
17544, 137
50924, 487
64654, 868
41433, 923
54258, 149
57820, 684
66290, 592
57130, 506
21387, 832
41118, 716
51947, 569
27264, 266
67013, 278
37301, 731
31092, 804
44028, 210
38834, 957
45985, 459
33243, 789
69775, 566
15079, 72
20337, 755
67168, 462
61023, 613
26612, 877
12011, 167
16409, 357
68071, 480
11321, 419
40797, 955
62216, 189
6176, 176
24988, 733
62381, 850
15097, 953
11031, 133
37764, 707
69280, 167
53980, 981
63601, 169
33378, 129
60264, 279
49963, 474
44656, 493
30039, 872
32167, 366
59001, 206
41967, 19
1719, 112
109, 343
57391, 622
46237, 122
47076, 907
33761, 26
58252, 513
55588, 134
13717, 102
45798, 752
47543, 398
30989, 4
60395, 617
34301, 220
44738, 98
3207, 595
10786, 119
4755, 574
23423, 463
69399, 10
26876, 526
41502, 227
68628, 112
45499, 471
22979, 508
48174, 74
56061, 81
25343, 374
60001, 603
39983, 76
68845, 390
62972, 707
68500, 471
49447, 486
28463, 543
26038, 347
38173, 617
31510, 283
14098, 709
35196, 294
39393, 182
56538, 771
453, 207
2431, 445
340, 996
40299, 159
2093, 821
13909, 460
19066, 504
17380, 101
29685, 519
25662, 434
30130, 415
18983, 682
43997, 308
24971, 437
67973, 78
67484, 810
57216, 973
60658, 493
48907, 847
37966, 981
7394, 858
52105, 357
4224, 902
17928, 992
13531, 632
3065, 34
10839, 801
46766, 450
10576, 509
12437, 9
54029, 194
50015, 699
8889, 223
55692, 197
50722, 348
60640, 633
15279, 370
58144, 854
26353, 624
55546, 991
40646, 633
43206, 583
493, 22
12413, 301
56586, 641
49791, 287
16538, 360
47285, 46
46090, 179
67266, 792
47533, 23
37226, 208
36765, 666
26312, 516
62089, 954
69521, 873
5640, 302
53650, 483
3650, 627
40095, 673
64043, 605
66119, 803
38635, 633
36108, 919
15189, 748
51533, 424
5041, 514
35766, 39
56164, 845
17282, 786
60326, 632
20212, 914
19836, 176
6275, 465
55983, 38
19286, 871
44461, 477
23096, 909
37632, 613
30222, 195
4213, 862
14005, 980
32587, 920
66810, 640
3762, 629
42986, 661
19767, 910
1353, 254
26119, 681
47690, 880
61760, 369
69855, 107
44614, 503
45001, 661
54190, 519
33762, 662
20184, 530
4347, 912
37637, 171
27556, 737
36472, 39
28061, 199
19011, 679
41985, 187
58043, 708
20779, 856
12747, 790
57975, 919
29250, 142
59412, 385
53582, 34
9824, 575
58886, 300
56222, 596
61838, 634
53372, 634
66865, 848
66893, 934
13317, 260
3982, 584
1919, 755
7894, 384
14477, 876
65785, 660
14901, 205
27972, 765
58771, 761
62403, 278
47611, 447
14948, 687
30937, 366
56658, 826
7065, 834
50306, 437
62724, 594
24447, 449
25623, 439
12584, 624
37252, 648
50588, 194
41958, 576
11529, 465
45107, 92
34996, 828
68307, 967
9673, 211
25997, 840
45033, 299
50562, 448
44052, 674
64503, 438
62512, 750
9085, 168
53904, 516
271, 304
24394, 450
55727, 735
26033, 960
68220, 529
32186, 758
22690, 766
20714, 867
45429, 193
18275, 419
14528, 598
28849, 568
44325, 413
29938, 245
45248, 445
33112, 409
23317, 616
36269, 723
46771, 417
34778, 93
14716, 134
12356, 501
54551, 187
27993, 699
35097, 105
56089, 226
47487, 577
49192, 886
57781, 877
63399, 427
9903, 219
37119, 827
17777, 446
3956, 349
2606, 404
67963, 496
67746, 202
61327, 414
41103, 672
47492, 872
62339, 110
481, 850
26075, 257
44974, 798
11538, 173
30710, 236
33783, 720
47096, 412
54653, 742
55208, 746
14268, 121
28793, 618
48553, 775
9626, 466
59513, 745
55019, 22
63588, 519
26185, 16
56170, 877
23021, 770
2941, 157
33601, 469
49980, 598
954, 432
1360, 667
64449, 501
37113, 282
44810, 347
24384, 837
48293, 469
55438, 744
39570, 415
56396, 153
32032, 726
68829, 965
22827, 58
23573, 589
44667, 405
50195, 176
40090, 663
9172, 916
48202, 255
42851, 902
51276, 845
18025, 304
69477, 502
23448, 12
50960, 178
52466, 799
68366, 756
51415, 805
19642, 929
26512, 392
30556, 575
59862, 648
7363, 747
30905, 642
28342, 5
27692, 463
58168, 890
63111, 488
25371, 995
59225, 684
12350, 514
10365, 932
38889, 609
31670, 424
41398, 152
54109, 846
42038, 908
63869, 326
44572, 226
44348, 393
42554, 722
39245, 996
12238, 983
54326, 17
29276, 502
40852, 551
42215, 200
37037, 974
41479, 12
52647, 314
19084, 161
18919, 105
61143, 562
145, 841
59501, 220
3993, 151
55625, 708
50867, 857
10737, 694
28682, 893
27941, 913
19390, 116
41041, 746
34136, 423
35515, 72
44735, 630
22237, 609
50325, 337
37688, 485
497, 864
1732, 464
29061, 475
42048, 896
42571, 662
43060, 701
40356, 884
21379, 683
5511, 783
57261, 948
54738, 911
41984, 835
44056, 644
55523, 461
55104, 293
31164, 95
7715, 831
64084, 658
39144, 547
54492, 468
23083, 71
62220, 733
24218, 520
69317, 789
25415, 319
32529, 252
2385, 387
32994, 171
15005, 803
20222, 622
53944, 190
26830, 522
64287, 405
14262, 567
37256, 834
57283, 214
4621, 449
37762, 71
23848, 79
33142, 696
46352, 579
59964, 845
56115, 584
45083, 814
3034, 323
64308, 489
37262, 689
22840, 753
10246, 665
1786, 370
16760, 552
49433, 360
43212, 63
29557, 440
37160, 784
40042, 40
44364, 698
14942, 210
58228, 478
5647, 239
49313, 983
35893, 52
21339, 683
19695, 727
46101, 897
29356, 760
6494, 448
56493, 657
42125, 133
6868, 360
9020, 784
31428, 987
13766, 406
54613, 83
52913, 274
39046, 231
41845, 105
17152, 305
31950, 700
45380, 428
59715, 250
27732, 497
55445, 199
45375, 738
15168, 755
69242, 181
9495, 831
50844, 729
43369, 842
18551, 623
49337, 134
8724, 297
38844, 966
29603, 222
36905, 623
64557, 713
42663, 736
40112, 567
44644, 667
39047, 419
41871, 837
67149, 501
50818, 585
2378, 173
52136, 918
35282, 685
20872, 632
39972, 643
30422, 566
60862, 699
46286, 209
67391, 663
40666, 943
61222, 475
54697, 93
1817, 642
55908, 616
5882, 722
19914, 488
25213, 500
57603, 936
13614, 528
53156, 424
35932, 643
51648, 308
66357, 856
33667, 758
2304, 947
28778, 974
17659, 604
23624, 884
14442, 711
22225, 381
33724, 621
36877, 811
27553, 725
2952, 891
11953, 233
39830, 352
14796, 86
20381, 772
36143, 123
2137, 568
64310, 112
19167, 961
39622, 305
42117, 211
56426, 920
3572, 142
36918, 24
34656, 318
23461, 115
69091, 615
3496, 528
40607, 994
39314, 56
27824, 117
29299, 871
4056, 251
35127, 8
7109, 259
43337, 993
6445, 596
19452, 695
63386, 407
66684, 782
31616, 259
44397, 223
34078, 24
45409, 613
24518, 500
2635, 820
34029, 341
47183, 697
27047, 337
49953, 547
38925, 441
65072, 23
19463, 837
33468, 105
24645, 854
37666, 716
18386, 827
38273, 244
32323, 112
59122, 522
51966, 530
20113, 64
28635, 997
8867, 588
65155, 58
39370, 122
38079, 956
50340, 945
14998, 671
4038, 807
50883, 577
57346, 445
35692, 407
27448, 369
34185, 143
42390, 740
17602, 712
16561, 376
67649, 388
43920, 472
4916, 281
555, 115
51846, 649
44953, 227
13493, 92
19055, 12
6202, 290
52935, 151
62638, 252
6713, 879
47302, 374
41687, 974
62610, 358
27656, 944
51315, 832
20235, 53
16575, 21
53085, 571
53094, 756
59789, 976
67832, 753
34608, 971
19387, 310
66404, 531
32782, 729
54147, 974
31010, 991
8507, 360
55382, 466
30676, 506
68200, 313
52503, 696
25565, 110
29073, 290
47733, 31
10354, 343
4232, 944
24185, 937
38708, 753
26369, 557
60096, 779
69409, 389
37599, 678
26897, 911
27141, 374
25337, 184
64953, 537
58843, 716
62691, 981
26009, 336
13940, 805
61002, 629
4603, 593
28565, 854
62907, 51
49622, 365
42568, 645
22947, 230
32937, 701
9572, 251
26715, 815
12417, 239
25972, 804
32301, 14
68186, 798
56285, 714
61253, 900
41461, 833
42871, 456
11937, 388
37556, 93
37455, 352
27618, 61
64668, 526
60073, 484
65175, 392
69251, 314
39175, 292
51770, 312
26902, 689
49415, 984
9363, 194
31829, 371
18421, 16
68803, 311
14054, 341
30664, 532
55419, 997
51579, 514
48841, 182
57594, 537
69258, 287
51465, 915
32593, 555
10564, 41
56203, 804
54740, 200
35246, 617
12612, 483
47959, 189
40956, 6
51956, 421
60852, 657
9730, 686
64916, 431
35758, 419
56601, 914
35472, 781
40984, 224
55693, 518
14652, 585
45987, 545
5012, 284
62885, 565
19601, 646
65768, 75
37289, 334
9157, 862
59304, 240
59290, 344
69537, 435
65422, 251
9993, 942
36613, 109
65807, 759
35076, 447
45864, 762
18383, 308
662, 971
42136, 609
6591, 401
46888, 0
61873, 75
50309, 780
53655, 342
37618, 312
67595, 484
43440, 518
12917, 944
11901, 526
13537, 254
15931, 333
64289, 131
21500, 527
60642, 611
47853, 247
18106, 414
29260, 513
47406, 667
10212, 266
4676, 689
17471, 321
47818, 446
395, 977
13814, 224
11678, 656
11171, 389
58714, 391
53458, 457
16262, 500
43928, 909
28560, 413
24882, 666
31033, 152
67827, 453
55582, 481
31753, 540
40586, 709
47976, 497
33660, 184
67019, 2
32246, 852
36442, 658
66949, 482
34720, 426
20571, 806
40007, 366
26100, 154
143, 177
34207, 866
67709, 414
41294, 477
55823, 679
10137, 446
47769, 586
50743, 273
44368, 138
35209, 962
13338, 477
41276, 875
14949, 377
55427, 280
38772, 286
31261, 871
63361, 472
60563, 566
57808, 563
35610, 293
53976, 931
58609, 23
67162, 951
9501, 626
30236, 116
43535, 542
49516, 263
65905, 665
36501, 495
13302, 220
22684, 955
63158, 788
27061, 297
52976, 967
28201, 259
59784, 840
37836, 33
7575, 490
32234, 309
40909, 645
67286, 39
23316, 829
56519, 7
19822, 338
42675, 326
31940, 423
48649, 376
60678, 934
39974, 348
66393, 459
43985, 874
18201, 198
26127, 215
36236, 332
25180, 62
30854, 168
10406, 760
52887, 947
59973, 208
5747, 858
13917, 918
58960, 803
19300, 724
61785, 554
24562, 525
1180, 949
63881, 986
56, 976
2094, 598
64220, 100
44321, 539
1279, 238
5018, 198
20668, 886
2726, 66
9200, 763
62744, 865
32194, 958
28138, 864
35628, 672
30454, 800
23930, 409
8847, 428
12139, 928
28281, 385
35718, 909
22889, 728
64531, 516
60695, 2
52938, 711
4700, 735
30129, 519
28733, 238
50512, 521
17402, 490
52179, 448
60183, 533
22427, 508
14758, 955
63078, 255
12971, 713
53507, 382
19393, 936
43947, 314
11359, 543
12557, 799
27028, 49
65404, 84
15521, 578
39320, 786
66553, 906
64788, 534
13157, 666
65538, 230
69172, 168
15159, 226
25296, 188
55377, 691
14933, 843
15431, 487
44834, 366
42790, 783
44361, 189
32425, 325
68087, 82
52779, 3
52422, 750
13858, 107
65089, 650
4121, 641
39182, 99
20385, 266
8932, 269
25858, 373
11697, 101
58191, 987
69217, 393
17184, 59
52575, 724
34439, 250
55295, 338
15384, 268
14925, 660
15241, 819
24004, 970
45284, 834
36587, 814
59335, 54
6004, 130
19165, 19
43051, 716
5494, 753
30500, 968
32132, 672
5068, 490
18751, 228
67234, 303
55101, 79
8105, 264
68302, 22
12777, 64
67597, 906
60167, 458
53331, 608
43165, 448
40424, 510
8116, 110
24432, 745
55001, 458
60957, 931
59757, 899
2488, 955
9817, 775
69663, 698
69325, 433
9863, 468
12578, 859
58654, 162
43296, 190
43649, 119
28939, 536
5209, 961
53674, 922
68968, 360
23711, 107
15335, 449
51218, 868
68519, 400
47204, 573
4349, 506
40266, 208
32458, 59
11880, 415
64171, 157
31453, 643
45226, 97
47371, 657
35665, 960
3816, 714
51510, 196
50963, 366
7491, 30
29990, 282
41732, 109
23404, 541
41632, 34
67542, 530
9365, 11
56667, 667
25723, 250
47659, 699
46289, 142
31368, 692
66036, 983
43198, 447
21424, 474
42245, 478
22005, 223
50560, 186
18734, 23
60366, 792
16944, 178
47206, 490
9818, 674
27592, 670
14793, 289
32159, 635
51004, 92
48342, 123
39775, 755
44941, 664
10769, 327
62657, 874
32918, 218
52158, 98
28869, 638
4021, 579
33388, 167
23299, 731
66608, 357
60063, 325
48048, 640
51820, 105
19677, 61
14916, 969
53316, 12
48127, 15
20902, 903
54385, 428
21859, 665
64576, 617
5873, 764
42023, 146
15685, 983
45522, 228
20316, 962
7399, 781
437, 284
14775, 931
16346, 377
37940, 564
3761, 659
51157, 921
39454, 709
5828, 655
40401, 976
35580, 204
18305, 948
29968, 588
68817, 918
62323, 224
10291, 793
21579, 213
47141, 965
65513, 225
17089, 826
65409, 964
43397, 852
57233, 822
13553, 509
59763, 431
12722, 5
17407, 644
66992, 769
39705, 112
37636, 940
7359, 745
68657, 400
31366, 26
48530, 426
46718, 189
62844, 538
10175, 988
38532, 98
40944, 383
11022, 821
30304, 247
44897, 289
6895, 767
34322, 193
21682, 289
17664, 38
21661, 469
57458, 456
14594, 306
5427, 625
42028, 239
54160, 605
53242, 93
32166, 553
62086, 739
47216, 333
58484, 880
58710, 515
22380, 647
27223, 933
50824, 189
58310, 532
31472, 572
27575, 54
63776, 608
24710, 765
54988, 851
59267, 382
63349, 424
31938, 167
11603, 160
58255, 731
50367, 637
45861, 973
28646, 321
8726, 273
10480, 694
38032, 948
20695, 597
16829, 600
63815, 295
60721, 118
65995, 903
26921, 842
11148, 738
48175, 781
5047, 108
2243, 261
62552, 559
556, 24
66457, 786
52582, 164
24953, 634
30748, 380
56372, 710
15966, 631
650, 383
19049, 182
5893, 723
40961, 934
29762, 661
28369, 421
25588, 362
28984, 618
52689, 670
42732, 139
2006, 184
33471, 574
62004, 570
63233, 789
68150, 951
20526, 120
64485, 467
44224, 975
2999, 548
21728, 670
13395, 357
65164, 187
66639, 12
60315, 32
26165, 643
30226, 191
36422, 327
19266, 587
57717, 725
69008, 92
35482, 634
20478, 421
17953, 125
66124, 122
14050, 189
9759, 492
69035, 39
68993, 815
39193, 243
61992, 573
58937, 849
16448, 935
42172, 833
2027, 225
48294, 973
53092, 579
854, 606
34403, 501
68765, 498
11257, 19
28150, 344
55470, 293
8821, 171
517, 295
62178, 471
10375, 29
14773, 227
65997, 711
20282, 639
46067, 73
65998, 295
6130, 415
55406, 229
17797, 628
30398, 946
1447, 325
31176, 470
12672, 577
39964, 658
16934, 235
32552, 593
31740, 742
18113, 333
14007, 865
52622, 261
31586, 104
23797, 981
29220, 794
36046, 582
54657, 869
27998, 515
54642, 647
15310, 565
68274, 74
25569, 630
50451, 621
16775, 715
36174, 219
39534, 267
50046, 309
39247, 664
40106, 242
17922, 140
57357, 761
59182, 913
13101, 38
28775, 928
13006, 834
22685, 363
55869, 985
42052, 374
49501, 767
63653, 610
45124, 178
14572, 934
64237, 674
45942, 569
61152, 308
19800, 167
19863, 576
63246, 369
4859, 936
23286, 507
46379, 75
65396, 58
19081, 918
9916, 528
30391, 816
38964, 177
48383, 216
46707, 169
69983, 72
2158, 655
58388, 727
30096, 404
11930, 533
68490, 248
45824, 555
58741, 493
4222, 252
31602, 767
69907, 461
27117, 598
29584, 157
3735, 965
67675, 319
19508, 592
27870, 727
5080, 485
13463, 209
34157, 923
36633, 529
10318, 665
5013, 58
18475, 382
1085, 30
49917, 512
23118, 473
25197, 625
6842, 725
58497, 32
5684, 746
56274, 936
30019, 324
25527, 498
48744, 845
60163, 457
69710, 741
29501, 802
66326, 723
69308, 243
17514, 217
37993, 157
11766, 767
27969, 231
7210, 87
41837, 802
49077, 653
55921, 900
25593, 632
27895, 258
60491, 398
535, 128
26364, 394
38479, 373
67247, 708
9171, 909
19709, 327
69664, 923
33062, 611
24204, 230
35027, 864
52278, 393
22383, 386
63388, 16
17481, 11
18281, 124
8585, 193
52055, 695
11555, 385
29221, 80
53924, 940
15443, 172
39124, 462
46757, 847
47566, 146
41542, 466
4801, 434
43675, 205
68197, 845
16756, 639
24521, 88
33933, 503
20038, 211
47953, 957
9119, 371
13747, 605
33073, 206
9348, 41
67426, 84
56322, 185
51049, 683
8780, 682
56252, 941
40463, 580
14507, 94
16374, 461
34951, 321
35503, 569
4043, 646
31816, 800
67305, 602
20701, 63
25189, 717
55629, 666
68594, 222
50346, 725
68489, 589
66872, 780
68165, 738
56214, 997
33423, 674
33377, 183
64457, 92
29297, 202
63958, 0
67303, 600
50815, 63
7177, 207
61950, 255
44642, 124
54374, 449
52365, 446
9684, 317
2013, 806
43765, 597
62631, 120
31638, 207
8353, 501
17293, 799
69671, 972
21052, 234
15917, 476
16405, 253
69862, 937
18603, 946
44169, 28
27978, 825
2727, 783
49735, 831
43520, 145
23098, 210
24141, 203
48857, 239
56753, 829
30352, 943
874, 858
2494, 66
25556, 11
53857, 533
2129, 705
21153, 406
20438, 629
37392, 666
1849, 279
50459, 625
26086, 247
52376, 138
28515, 543
28541, 382
45710, 496
24293, 757
3790, 514
1488, 61
66281, 453
64550, 809
32647, 828
33392, 102
42376, 690
32240, 899
61993, 851
30049, 357
48045, 86
23070, 518
13357, 531
64665, 817
67604, 262
69541, 498
41743, 130
44187, 990
27398, 431
65439, 509
49258, 358
50870, 119
57692, 475
25896, 481
35265, 507
67573, 198
33055, 411
33361, 803
24743, 789
2345, 449
10573, 989
7958, 337
68479, 485
15032, 182
65096, 216
57555, 258
15606, 867
16246, 573
16713, 737
54074, 369
26788, 71
4781, 135
3623, 151
30336, 734
10458, 686
5258, 263
67972, 355
67921, 919
24722, 934
2043, 832
15323, 120
1092, 652
63070, 636
62392, 440
41174, 178
65093, 735
25035, 117
55819, 115
57259, 194
29105, 759
26456, 535
44741, 90
65197, 119
38344, 717
14186, 542
7786, 401
18190, 276
28451, 933
15374, 122
7795, 592
4771, 910
20662, 727
39693, 954
55228, 349
4344, 115
15117, 123
27379, 316
25678, 289
27548, 574
23856, 661
48191, 608
13242, 136
38714, 100
47832, 289
62398, 946
11483, 266
35364, 175
24623, 832
1534, 614
31237, 462
6200, 310
35972, 637
53920, 666
68696, 573
62007, 478
17826, 899
61666, 119
4772, 4
64571, 959
56243, 418
14894, 345
68623, 511
46500, 76
29889, 229
27962, 51
33430, 727
13729, 573
48108, 620
42510, 542
61266, 778
45414, 307
31533, 746
56504, 745
57358, 462
13560, 946
61911, 943
16823, 170
14181, 136
45612, 295
33009, 679
14827, 130
26474, 810
5353, 232
59584, 938
66913, 7
3611, 808
28237, 249
63744, 185
35521, 24
45989, 552
69314, 820
54770, 439
29257, 812
48507, 531
24101, 289
28131, 493
58760, 553
63877, 210
2514, 140
53384, 353
32174, 425
48093, 933
36746, 862
55281, 758
43200, 98
5922, 316
52994, 988
26044, 65
54230, 926
41585, 236
19549, 17
23181, 277
66193, 379
32061, 475
41480, 191
42634, 624
30994, 388
56631, 85
27922, 333
8547, 650
39826, 900
55837, 562
16186, 703
3428, 649
57157, 686
20021, 762
31012, 460
50865, 168
51593, 957
732, 227
21142, 191
41936, 117
66209, 500
49095, 71
11744, 407
35634, 51
55240, 939
2491, 751
69463, 316
51103, 779
31422, 243
48996, 541
68681, 748
61697, 192
28196, 644
35624, 525
22235, 705
38945, 852
2873, 310
31657, 546
49330, 698
64919, 721
37630, 966
59682, 826
65119, 208
47425, 898
49319, 658
40498, 899
7519, 687
54167, 676
68223, 332
216, 952
32710, 389
37403, 905
59570, 770
42832, 159
42144, 297
28988, 337
67180, 433
14832, 34
67050, 307
29514, 132
60567, 417
53604, 202
2974, 482
58086, 757
47720, 312
12254, 240
54359, 49
46537, 447
40382, 751
9902, 181
1815, 289
52809, 597
26239, 14
51206, 823
52656, 490
35436, 438
45938, 99
22676, 486
21437, 930
6294, 792
19324, 857
36288, 569
67473, 624
17333, 370
13589, 183
49935, 272
21772, 746
21119, 832
39355, 531
19284, 919
16091, 364
65722, 638
10571, 893
16806, 483
57926, 407
34562, 397
32930, 349
29131, 181
12683, 320
40795, 636
42941, 894
28362, 627
3114, 384
60402, 306
42804, 208
5376, 105
8538, 462
4968, 511
65941, 321
7530, 510
26815, 332
15156, 328
35560, 545
47047, 482
53631, 134
46630, 104
69245, 422
67863, 74
35869, 888
41774, 842
48052, 812
60046, 165
49810, 173
54253, 679
10812, 643
24594, 764
33101, 360
48552, 309
1393, 291
7464, 861
37541, 575
13925, 367
64055, 391
20364, 633
43094, 976
416, 644
50925, 753
31772, 649
60448, 792
45320, 701
18881, 635
36418, 479
42678, 899
48611, 393
62799, 988
60405, 844
58555, 121
66578, 362
47329, 113
42229, 138
40958, 249
68969, 447
69798, 167
19888, 758
40886, 917
12003, 630
11310, 790
55098, 745
32974, 306
47546, 518
61705, 44
7814, 332
17390, 423
66821, 731
14062, 106
5787, 64
20234, 122
65813, 764
23379, 490
45904, 440
44126, 705
15821, 112
42282, 297
10684, 343
66421, 820
37861, 397
15967, 876
37489, 550
11214, 75
2582, 121
48336, 823
59003, 621
31945, 276
36923, 819
60012, 594
46864, 216
53177, 64
66886, 1
49968, 721
8137, 565
43435, 603
21868, 345
12444, 825
8262, 338
20060, 28
57752, 540
34106, 842
41773, 636
69436, 862
51268, 324
28088, 304
27499, 742
8636, 180
12307, 455
10957, 504
6912, 371
43449, 411
33669, 842
69243, 214
32181, 247
31349, 38
25878, 236
64329, 120
9009, 326
31894, 539
4699, 895
34914, 129
5458, 488
37792, 374
26992, 498
2848, 971
12904, 684
2827, 788
10505, 413
46621, 952
46512, 161
11262, 252
15615, 743
3636, 400
26192, 444
16507, 92
10869, 813
28012, 184
62352, 507
9391, 958
12941, 904
32562, 718
7383, 744
31563, 377
13481, 466
35581, 844
13113, 328
30050, 545
2801, 18
30975, 516
51208, 375
5574, 0
23016, 445
42073, 449
17818, 59
57862, 360
3061, 759
61596, 608
1149, 940
5273, 794
47649, 641
17833, 790
2485, 39
28732, 304
47058, 752
43007, 265
53201, 962
63512, 841
23472, 278
23151, 960
62487, 966
10742, 594
28439, 823
10761, 549
68188, 959
17364, 612
5975, 636
61802, 977
65783, 137
8155, 154
34506, 978
21734, 727
12359, 330
59303, 543
10018, 537
21515, 534
22304, 903
67466, 297
62556, 351
6587, 108
12167, 287
42402, 148
69478, 41
31653, 602
25524, 957
28655, 886
35838, 643
61474, 389
65464, 514
15427, 581
39343, 806
50479, 30
1557, 562
60100, 139
15897, 719
59131, 344
43360, 160
5736, 866
48527, 219
56084, 131
30921, 564
14882, 712
8118, 758
42114, 941
50831, 544
13288, 703
19221, 799
44094, 473
10972, 468
53719, 275
53601, 510
15308, 688
8657, 61
9116, 358
47433, 132
15767, 696
14778, 173
35965, 458
63437, 425
23712, 932
39530, 541
66425, 648
27442, 776
31091, 640
27399, 284
35313, 136
12931, 821
4353, 187
5318, 873
53744, 812
39408, 175
37065, 140
25778, 711
10771, 823
20563, 730
28496, 290
21548, 542
18701, 879
27627, 632
58540, 927
11488, 958
64841, 350
34104, 667
9231, 238
13649, 708
25080, 260
52623, 525
37738, 219
52104, 168
12108, 34
27704, 36
17395, 524
48277, 861
29700, 33
48237, 932
22700, 869
64723, 546
23828, 475
49437, 24
48660, 572
13296, 469
3991, 247
35151, 236
66763, 996
43521, 431
63628, 378
10802, 137
47793, 907
41341, 438
15797, 655
360, 793
17480, 130
22522, 316
23607, 924
46974, 182
54575, 918
29939, 263
40375, 613
19704, 863
58495, 156
3718, 637
5231, 385
60334, 82
40521, 740
22021, 409
48890, 384
8927, 986
9796, 903
20063, 298
59574, 747
55884, 364
47521, 260
49312, 173
10321, 156
14216, 224
21894, 941
31391, 59
32760, 294
53164, 476
10887, 69
65317, 987
24131, 741
55779, 544
7422, 424
57618, 974
1937, 95
43541, 821
16188, 297
62824, 405
52729, 360
45196, 88
57359, 333
22928, 83
7308, 305
29506, 364
69633, 889
13598, 233
7504, 0
66880, 277
37933, 970
56391, 979
24030, 620
30392, 126
38750, 162
22420, 853
17076, 382
27638, 468
12132, 853
40005, 678
33268, 508
59567, 853
23647, 590
43576, 265
40968, 500
30687, 975
4065, 251
5071, 844
26571, 784
5372, 804
7460, 417
29081, 190
4059, 777
60247, 975
6166, 680
19465, 167
38940, 611
37439, 880
68478, 958
44119, 498
55924, 310
64747, 177
19923, 670
42191, 503
544, 262
54499, 206
3934, 451
17940, 491
66451, 690
53179, 652
51745, 448
52783, 114
54224, 452
61676, 97
63242, 424
32091, 790
2765, 218
47277, 2
26894, 571
1712, 378
37393, 932
12014, 288
15224, 792
41126, 528
39928, 851
6758, 325
59898, 169
15228, 622
19938, 408
41111, 497
55489, 199
44035, 747
53103, 662
11167, 827
13254, 174
21923, 273
5770, 595
50996, 490
8036, 244
12477, 922
28487, 498
55086, 230
26797, 753
41485, 948
35649, 640
9888, 706
65991, 797
58308, 867
62959, 776
37647, 50
37377, 770
28663, 456
48313, 971
42664, 831
3066, 407
55874, 441
55310, 168
66260, 774
58745, 408
58763, 867
27591, 559
51710, 341
37923, 15
62875, 107
7733, 529
30008, 725
54304, 497
17265, 966
40789, 358
65712, 999
3936, 602
36311, 357
11475, 88
60298, 221
52481, 897
11840, 234
64978, 548
44825, 105
43438, 609
41095, 711
1480, 504
52580, 635
42797, 14
29343, 494
41741, 155
26513, 181
23562, 925
42876, 67
18485, 234
35687, 724
36871, 786
21466, 601
32411, 686
62727, 406
1504, 806
50505, 355
69184, 569
67941, 403
10159, 222
55938, 477
19710, 787
40450, 685
9657, 583
1108, 390
1622, 191
7474, 207
19943, 584
2510, 782
66105, 472
51020, 655
45832, 970
31121, 920
22791, 124
55161, 569
7983, 46
31771, 394
58405, 228
10343, 25
3766, 742
27614, 924
3479, 946
707, 670
24931, 321
16428, 738
59597, 226
64100, 886
53019, 915
18408, 376
16263, 302
303, 693
63998, 307
10050, 183
66739, 137
26108, 228
42489, 659
50160, 933
54390, 132
11946, 67
23936, 888
53439, 878
51859, 199
52718, 380
59828, 986
16303, 407
48667, 218
30450, 702
58704, 240
33841, 539
52902, 696
55399, 242
27175, 466
53451, 643
61364, 382
60062, 141
51850, 347
21686, 941
47122, 113
31869, 167
6323, 158
65540, 174
4297, 903
48250, 724
12128, 751
64045, 740
2308, 218
15555, 443
44981, 305
14819, 337
36816, 424
28684, 981
64832, 662
10795, 560
60388, 807
11172, 236
12427, 180
69086, 1000
68094, 553
1104, 443
59896, 281
19254, 797
59334, 141
41664, 846
37586, 909
14472, 709
9124, 222
6906, 703
24921, 562
57041, 619
10704, 567
64597, 303
61004, 558
32739, 132
22168, 466
69718, 455
7726, 392
11886, 754
8031, 804
11919, 75
35547, 937
31954, 747
58107, 968
52288, 955
31393, 126
26690, 610
32780, 657
26030, 640
32293, 545
25969, 372
46014, 287
42881, 300
60138, 426
64013, 43
40026, 114
50557, 314
9359, 88
18964, 246
3075, 328
42439, 539
37433, 710
4327, 194
63366, 34
35198, 15
14524, 606
56356, 953
5682, 212
65666, 878
61295, 704
50487, 845
26465, 12
55111, 68
20756, 440
47036, 478
51883, 321
12457, 765
65073, 609
24848, 559
66, 343
17742, 675
69568, 75
62097, 579
25607, 970
58141, 14
28795, 39
30876, 906
37390, 718
42351, 54
69152, 495
6095, 232
28205, 422
48976, 811
12342, 639
12180, 41
32319, 312
65110, 485
23855, 475
62183, 514
9616, 283
6492, 283
52155, 939
5508, 643
21922, 930
61051, 294
35881, 645
55040, 698
3661, 167
53790, 15
61344, 743
9733, 155
47908, 540
65914, 560
6837, 177
19728, 262
46684, 67
63903, 425
56110, 321
3055, 226
69980, 812
8511, 406
25102, 92
43873, 25
43197, 677
1418, 772
67587, 36
62326, 281
28752, 423
48090, 292
2061, 601
53638, 542
47384, 946
27741, 54
50402, 983
53343, 470
65536, 191
40669, 27
34225, 116
41215, 688
65772, 846
29198, 611
42925, 740
4549, 424
3626, 885
22743, 240
25523, 993
27015, 705
37908, 912
8427, 666
65636, 49
23145, 861
53288, 543
60895, 108
33389, 519
68597, 566
56830, 864
44923, 505
7039, 164
46436, 578
66943, 150
8594, 217
6636, 832
69466, 350
4168, 120
17597, 609
5909, 502
14953, 450
44884, 456
66496, 268
15965, 97
9195, 314
58324, 615
56437, 752
54587, 176
1127, 343
4475, 97
28618, 857
6506, 608
42455, 572
55984, 16
35924, 704
27555, 838
53452, 146
34529, 83
32750, 362
4523, 887
63889, 442
68295, 198
43723, 331
46248, 388
53915, 283
28174, 93
34522, 969
37205, 755
6409, 160
67021, 386
29159, 133
7799, 797
12977, 133
51583, 406
45893, 890
55055, 832
24388, 884
54832, 859
7470, 468
9549, 943
16377, 431
6129, 129
52294, 423
43624, 108
21319, 113
57757, 21
62134, 740
3204, 878
15111, 167
5534, 627
23141, 34
46628, 40
44463, 618
30126, 499
8817, 460
45391, 649
47471, 496
59241, 344
30654, 923
63236, 897
34159, 780
36479, 710
60399, 173
933, 741
3805, 140
67126, 218
20269, 17
48686, 240
54252, 758
47237, 617
3619, 560
62212, 29
68416, 898
27012, 479
63305, 412
37080, 728
36875, 958
62472, 958
41622, 867
41566, 727
48073, 492
31244, 123
12263, 925
30209, 771
58491, 646
19687, 764
66526, 73
16242, 989
25110, 592
24599, 548
11551, 385
11447, 256
33913, 925
10278, 716
62073, 41
23047, 784
8679, 514
21913, 150
33893, 122
32441, 245
54174, 943
26863, 322
46074, 654
30202, 268
16005, 961
15118, 880
62991, 494
31149, 966
4370, 851
52367, 41
52835, 415
38596, 989
29397, 700
44634, 551
9443, 761
61881, 73
63200, 721
26840, 648
21487, 715
24503, 232
37533, 899
42612, 315
49565, 859
65178, 569
30591, 366
62523, 417
55654, 880
51194, 211
58696, 842
51250, 688
25032, 927
38745, 918
10730, 558
45846, 322
53038, 941
40304, 799
29486, 116
33466, 406
41526, 739
18344, 263
41511, 915
28623, 615
46225, 807
20705, 634
44904, 588
35947, 700
48179, 203
40649, 151
55677, 626
67671, 404
31717, 960
68687, 368
14095, 22
452, 602
13577, 512
44534, 718
11034, 316
62070, 749
60629, 129
37049, 416
38424, 395
60681, 341
56923, 558
35367, 591
33879, 577
51191, 96
8296, 381
66428, 868
55513, 552
23795, 835
24726, 413
49661, 269
10528, 124
2399, 409
6338, 236
19312, 211
54973, 230
50247, 327
46375, 845
7439, 945
3146, 49
60173, 999
17746, 945
41579, 161
4643, 788
14394, 592
30195, 711
44249, 116
45737, 777
16015, 240
11145, 264
62184, 100
53984, 991
6581, 907
36064, 544
126, 809
56092, 348
68195, 39
26660, 26
11366, 293
32778, 728
7743, 760
32158, 450
17177, 839
14136, 98
15885, 77
43918, 989
53356, 841
47919, 388
42639, 5
57289, 942
26001, 332
51323, 3
21168, 993
26200, 845
59881, 485
47579, 497
67996, 494
59346, 956
53954, 592
7686, 188
19760, 403
13356, 853
19264, 803
60641, 926
68184, 470
14957, 871
4601, 792
59281, 868
32857, 409
33500, 967
28383, 263
7312, 852
26473, 533
65201, 980
6186, 564
2586, 776
25749, 132
39056, 384
60061, 748
20536, 366
22572, 802
37573, 948
17215, 669
7500, 408
41522, 870
11667, 926
42902, 47
41907, 0
8622, 67
66988, 738
26115, 705
14025, 47
37431, 811
64509, 494
46950, 434
56887, 715
29229, 610
40934, 724
11915, 494
11049, 186
25695, 649
60080, 584
31478, 276
6666, 822
64716, 793
54663, 60
47735, 712
54211, 3
56682, 538
15992, 304
61015, 730
15507, 686
6684, 72
28788, 248
42503, 983
13406, 33
52442, 767
24200, 220
3, 400
68282, 97
14161, 567
32497, 687
23933, 961
25535, 23
518, 491
48943, 561
59698, 948
28114, 152
56066, 927
38295, 424
38837, 816
60193, 528
69821, 857
32116, 94
3867, 402
65602, 606
62009, 673
62445, 155
23811, 288
5192, 482
33298, 854
36880, 668
39244, 426
63107, 616
23835, 193
60101, 629
51942, 571
11009, 499
8527, 213
56154, 329
69321, 666
40468, 805
24881, 534
33504, 361
63169, 601
38240, 108
53941, 596
39461, 310
51453, 665
30030, 982
28492, 104
52841, 751
60211, 655
66017, 705
29418, 726
18847, 745
67995, 818
14064, 861
26645, 122
20457, 184
32777, 241
59399, 287
7218, 87
67493, 485
44194, 314
24672, 437
40497, 830
30113, 336
9279, 141
11163, 71
56886, 127
3060, 678
33115, 71
64464, 212
22512, 267
54920, 782
7781, 807
6292, 673
2519, 932
54871, 711
65047, 956
65852, 490
65389, 260
52970, 153
62349, 587
16571, 905
52945, 666
4251, 346
66900, 538
16160, 989
37169, 321
58270, 738
50953, 988
24760, 83
38133, 109
63578, 534
16233, 711
15988, 383
44304, 141
9483, 549
68826, 138
15497, 128
136, 349
20435, 463
6689, 892
54172, 568
45809, 884
30408, 368
57361, 970
1548, 997
8216, 962
23844, 617
56302, 820
31507, 388
22033, 595
2273, 274
49885, 397
17637, 433
60595, 416
53926, 274
7755, 889
14564, 407
16617, 264
16650, 335
27438, 419
6621, 443
21876, 446
22109, 157
60134, 508
59775, 699
37295, 574
27095, 846
30582, 212
15953, 636
39660, 579
62692, 443
67075, 31
44546, 661
22905, 466
42362, 475
11052, 213
15392, 150
29349, 539
58600, 388
22406, 568
4977, 457
66472, 65
10004, 159
24429, 604
36567, 975
36869, 432
18350, 672
31634, 826
39629, 748
65459, 913
41087, 160
40776, 367
25297, 523
67932, 278
242, 261
15770, 699
31568, 643
59031, 599
27698, 266
6848, 223
50368, 468
22313, 966
48607, 470
38402, 972
14040, 497
6765, 910
43588, 650
38521, 78
3554, 378
46340, 171
37135, 212
55102, 85
21731, 165
65996, 919
35192, 48
43848, 404
54440, 534
23196, 764
37343, 40
50636, 354
34748, 922
64007, 572
59987, 126
40583, 134
66118, 127
33800, 441
1764, 51
6733, 325
45690, 691
21239, 971
39747, 252
25522, 500
60185, 83
43742, 256
1118, 637
34372, 502
36707, 362
16078, 609
69441, 108
63227, 633
8343, 512
20294, 758
5930, 312
58738, 626
29392, 732
18697, 893
26035, 113
50647, 731
50604, 554
59238, 648
4034, 387
64253, 579
49434, 56
59109, 515
34075, 751
66004, 233
10517, 642
20177, 898
53823, 295
3796, 323
67812, 801
65294, 942
18123, 442
55123, 579
8366, 588
43477, 381
6775, 391
2492, 782
7045, 491
33220, 770
43835, 996
1350, 92
22759, 554
422, 324
27122, 472
2071, 17
38439, 648
58558, 15
40054, 722
40664, 989
42529, 536
46173, 180
54803, 810
66092, 919
6863, 762
15514, 562
36917, 808
32400, 115
23451, 99
20791, 795
246, 59
13888, 148
11422, 206
19025, 315
1691, 668
31312, 674
68123, 669
26401, 663
3567, 218
45043, 544
922, 133
20851, 568
12233, 388
7825, 412
10974, 35
30545, 610
44856, 306
41800, 398
9398, 361
63571, 602
23142, 379
13930, 259
44960, 887
43102, 645
65071, 441
54121, 422
43930, 662
64283, 561
32956, 206
20937, 499
63121, 117
44328, 875
38923, 445
66712, 416
10163, 97
68272, 653
58784, 901
28180, 530
33204, 661
23950, 813
19597, 901
56383, 833
26371, 20
32659, 727
29907, 560
23042, 15
60554, 190
35727, 420
27533, 196
19553, 275
69990, 65
27634, 989
58424, 49
61254, 626
68173, 601
67927, 446
49954, 979
31452, 448
2511, 860
30649, 852
18696, 523
25441, 250
56100, 486
12161, 65
8892, 647
10739, 258
15842, 937
7600, 803
16820, 570
28680, 37
31789, 12
67275, 935
59935, 47
10507, 322
8911, 896
61209, 524
61290, 449
5488, 269
31290, 307
40241, 541
63708, 88
55640, 993
503, 230
68217, 743
56572, 630
45593, 320
48974, 51
15147, 914
25393, 151
1938, 668
59564, 473
54459, 856
46754, 59
62303, 972
26546, 54
30188, 952
44900, 893
64868, 439
20973, 672
51207, 843
44889, 37
42813, 826
20095, 22
40507, 50
50396, 303
9551, 1000
30099, 454
54319, 468
44916, 396
31876, 11
56377, 322
37380, 825
39927, 757
10854, 677
5453, 281
48794, 512
20533, 946
43082, 101
26079, 729
12123, 236
48585, 783
34012, 648
19105, 572
2186, 957
43168, 520
4048, 1
69954, 312
3723, 242
54151, 707
1382, 35
977, 468
35976, 198
10233, 331
6262, 730
61554, 103
27067, 575
30122, 346
64890, 691
52725, 935
33989, 350
67152, 467
37158, 287
46467, 547
32101, 100
17806, 10
576, 618
22707, 387
60224, 174
59253, 228
781, 409
30007, 764
5730, 51
36779, 730
12032, 471
64610, 503
25856, 95
40830, 538
4614, 356
13461, 867
61257, 301
66002, 181
66134, 490
9184, 766
42938, 994
11565, 411
48436, 57
10642, 579
61997, 312
23657, 478
37987, 794
34434, 793
24941, 990
24628, 130
68501, 614
41649, 146
68609, 534
15840, 956
22137, 147
21082, 997
27224, 423
18986, 164
20990, 154
40315, 347
40945, 595
32115, 885
19184, 118
17245, 830
33100, 967
64180, 415
7863, 523
63871, 704
31890, 149
49492, 704
33271, 26
69883, 226
14189, 433
61140, 166
45786, 55
17296, 92
22454, 456
64049, 238
8021, 814
47169, 702
1973, 491
60492, 313
31960, 183
46734, 134
65903, 471
5198, 262
14622, 175
53188, 245
60919, 182
11264, 847
30625, 187
18894, 104
34646, 21
17114, 230
67454, 616
34792, 394
53154, 820
51687, 912
47168, 461
488, 660
28559, 196
52551, 492
18943, 502
584, 519
23700, 953
40374, 948
26888, 711
52380, 667
49475, 387
13354, 996
6735, 827
33974, 877
24477, 718
39522, 80
8423, 456
25948, 433
65462, 651
61441, 165
38613, 712
65480, 74
38198, 927
22863, 90
25534, 834
47294, 985
65434, 405
2190, 521
30950, 829
51753, 991
58444, 661
12626, 720
51996, 808
17560, 685
4902, 244
45592, 795
50887, 83
56630, 799
57844, 803
57460, 714
17925, 949
16605, 440
48998, 610
63602, 683
65057, 16
43688, 750
52410, 820
29600, 694
43221, 304
23770, 553
59511, 201
65401, 196
21751, 875
69137, 852
26314, 892
57415, 849
46455, 887
35941, 314
16194, 947
64775, 602
9196, 991
46571, 690
9647, 255
28738, 669
24865, 198
41842, 376
66567, 14
50408, 899
42570, 307
559, 702
20368, 730
54083, 677
45236, 905
40058, 194
18088, 757
28782, 265
44390, 874
48987, 971
28817, 441
27466, 874
56852, 337
51572, 115
8901, 172
26564, 186
37406, 824
62174, 482
57851, 596
31429, 5
16336, 350
3685, 538
29242, 239
43656, 88
65198, 646
10767, 251
66830, 658
41614, 49
21058, 950
41822, 648
12297, 618
51608, 446
128, 16
26651, 612
5898, 236
66047, 451
57280, 183
12956, 296
64829, 644
34043, 272
7010, 993
20654, 732
15551, 515
53634, 214
3664, 103
63898, 389
54339, 738
45192, 530
7075, 87
18352, 91
45762, 321
21854, 907
3111, 167
40606, 476
8492, 792
35211, 424
54007, 911
36930, 505
41910, 677
55481, 81
10705, 375
43172, 326
10851, 557
27564, 583
63224, 632
50796, 659
28751, 909
55483, 53
15046, 597
975, 494
10936, 477
29732, 61
63807, 545
30608, 178
27331, 791
42135, 297
42314, 892
3584, 227
30470, 464
21450, 657
31322, 772
11328, 817
32130, 900
54320, 298
34328, 754
67907, 537
23229, 244
3708, 87
5425, 272
38749, 704
52398, 944
43596, 652
54969, 735
44313, 351
7744, 726
55199, 284
12183, 943
14950, 987
26060, 31
54378, 223
49619, 163
54228, 650
56282, 589
43525, 761
5833, 539
64569, 467
34915, 716
41067, 845
26514, 929
55948, 127
28731, 365
1076, 824
59572, 554
14431, 277
25456, 126
66569, 856
60689, 526
37457, 37
13544, 151
13506, 383
13060, 528
19518, 379
37602, 48
44232, 109
49586, 962
1781, 247
53868, 938
30179, 824
49962, 44
4256, 427
35427, 235
44066, 371
61458, 905
60139, 741
16334, 233
6218, 324
19670, 87
67312, 236
61104, 557
12189, 772
58823, 652
60076, 436
13213, 789
34890, 849
68001, 481
67511, 574
37468, 881
67802, 719
9058, 783
68196, 144
65992, 464
50105, 651
40217, 311
23444, 809
34967, 401
47325, 673
18422, 994
54318, 922
49099, 660
32190, 304
37045, 877
15023, 616
25777, 851
7560, 38
43981, 723
19322, 123
13285, 53
23734, 742
43118, 878
53618, 139
15383, 602
3983, 927
31951, 232
20744, 146
30895, 266
10315, 323
13485, 645
21952, 558
5040, 63
2023, 426
37656, 91
54060, 609
47158, 519
2376, 59
66384, 363
19296, 223
45024, 170
51868, 552
18636, 973
13975, 922
66109, 223
20848, 331
13314, 743
18314, 879
35327, 557
32936, 26
25564, 51
51487, 739
61077, 347
22774, 830
18400, 907
20933, 779
66479, 899
42537, 86
14173, 784
5685, 306
7946, 984
15804, 664
50481, 241
33501, 824
19333, 539
376, 184
46400, 224
20424, 623
1422, 310
51424, 810
7502, 731
9779, 130
44751, 547
26763, 358
3969, 984
67086, 383
2805, 878
49654, 869
58918, 996
53442, 820
53163, 993
6719, 5
63006, 1
48757, 704
17994, 69
28805, 439
9083, 805
20123, 772
8128, 781
37530, 431
2392, 361
55794, 402
23662, 254
41598, 587
38748, 836
50707, 716
42766, 254
40721, 923
66377, 158
63071, 905
19117, 223
59434, 402
14313, 834
31160, 519
34497, 479
13915, 370
56872, 111
4372, 85
57219, 262
61467, 651
35674, 824
47576, 257
67872, 619
39875, 844
11100, 891
22912, 190
44522, 34
48730, 249
33512, 984
23006, 11
45750, 607
3127, 867
64795, 288
50278, 241
61937, 310
54283, 373
67136, 506
33748, 60
60861, 916
59479, 447
59944, 551
24036, 872
29071, 563
18360, 166
14573, 133
11045, 127
1177, 469
53665, 325
33747, 592
38712, 127
38766, 202
31982, 973
44581, 785
24016, 289
54271, 386
61810, 337
2118, 38
50936, 279
43735, 243
40084, 710
57015, 14
23457, 78
2442, 228
41222, 698
24893, 298
49948, 10
38825, 246
45407, 600
51600, 231
4192, 430
10840, 987
48121, 548
16088, 324
7940, 268
3971, 759
16657, 728
12430, 726
23975, 440
31831, 40
51551, 364
33294, 188
58222, 785
55934, 120
50415, 697
13976, 749
27644, 966
16832, 534
19326, 217
3355, 174
41953, 637
60888, 86
25726, 361
59098, 458
67620, 568
47272, 312
64769, 430
53910, 332
33329, 275
30689, 870
52156, 881
10636, 299
34170, 883
17720, 217
38336, 157
54185, 77
18452, 950
36377, 162
55700, 15
35623, 487
6532, 159
26613, 948
40456, 86
37885, 813
54401, 915
69827, 358
68006, 244
34016, 157
39751, 83
4843, 61
43134, 409
17978, 502
51536, 838
10470, 609
53520, 779
22598, 567
69732, 83
50140, 286
60694, 965
48898, 598
26527, 718
50906, 56
7518, 183
8654, 838
26742, 219
68108, 648
60540, 400
65153, 618
54218, 150
19980, 985
22859, 987
19794, 190
19880, 1000
42760, 290
20199, 229
20031, 114
58776, 492
68616, 176
8545, 810
13927, 86
45751, 982
42854, 519
31957, 237
34700, 226
51125, 780
46106, 718
64776, 838
28943, 842
34573, 449
53688, 69
33987, 403
45482, 448
26372, 605
12497, 660
1161, 720
6534, 811
61974, 992
46081, 546
8405, 68
31138, 751
33129, 487
59683, 358
38003, 961
27424, 392
45279, 421
11951, 602
33864, 255
69097, 741
31910, 871
886, 434
17410, 413
35604, 127
40052, 421
6665, 214
25041, 963
2516, 962
1478, 266
45466, 771
13912, 239
43572, 155
43632, 235
36704, 400
29842, 305
49879, 239
18878, 112
61389, 867
17563, 57
58477, 761
21008, 497
30332, 731
52788, 416
14273, 433
60355, 160
56246, 600
50592, 494
29744, 280
55882, 105
56313, 28
49372, 765
21999, 490
18393, 519
34186, 703
58877, 640
15061, 34
32272, 708
64877, 215
62003, 300
15194, 798
51325, 424
42482, 986
37527, 985
66424, 481
11911, 760
38135, 773
64675, 103
1023, 269
6914, 1
31439, 47
52722, 531
55920, 331
52518, 516
44465, 575
59796, 96
53783, 148
46446, 15
26889, 92
44771, 768
50860, 85
2804, 742
49507, 682
43672, 81
22921, 896
52245, 19
37243, 888
4201, 106
51807, 342
3841, 96
19359, 611
61792, 106
66142, 557
57918, 287
42680, 500
46668, 845
315, 105
41735, 822
33324, 442
35848, 692
69154, 573
9959, 677
10265, 227
11104, 307
41359, 740
58612, 310
58016, 416
53471, 695
399, 532
38505, 12
61108, 463
52624, 464
1312, 145
5171, 770
35171, 957
63059, 932
67943, 699
36958, 337
32404, 342
67102, 262
42086, 689
15460, 386
45714, 309
32096, 698
38186, 478
39884, 743
14505, 841
37036, 947
22941, 416
18120, 971
18115, 213
50089, 158
34707, 595
3503, 395
46790, 29
11661, 849
67088, 46
11636, 420
26159, 143
55334, 729
16412, 217
16392, 696
46483, 407
3809, 833
16000, 636
39190, 580
33506, 540
37907, 709
65461, 639
48832, 754
52767, 545
37157, 320
52406, 818
53820, 62
21877, 445
42893, 321
13198, 327
38912, 53
59123, 194
29328, 187
38137, 110
69534, 764
26298, 122
23639, 994
7336, 48
66840, 792
59764, 54
21598, 654
18963, 147
24559, 73
49029, 933
14168, 174
34133, 780
36466, 787
13771, 804
1289, 685
33863, 307
47219, 372
62687, 140
4235, 530
34552, 342
12543, 993
1167, 631
29324, 591
16491, 514
22100, 155
25126, 443
33529, 623
65798, 18
26164, 70
8920, 869
65967, 28
67822, 257
6856, 980
32451, 21
8126, 620
59417, 59
33743, 87
10430, 972
4736, 47
21304, 249
62022, 39
61276, 455
67172, 881
6607, 269
33213, 58
33097, 186
47108, 659
176, 14
63966, 30
55809, 960
53945, 385
18982, 962
33590, 832
38536, 126
16759, 416
51062, 199
15489, 379
54404, 14
55614, 714
51089, 205
15643, 288
38482, 829
23129, 228
8624, 968
45743, 142
29101, 520
18553, 654
54669, 753
3617, 412
20960, 163
45435, 919
39726, 192
6005, 305
34256, 933
64461, 687
44997, 204
67127, 196
45406, 481
58554, 634
11383, 449
68798, 455
63357, 751
68771, 991
44915, 331
5973, 958
20824, 212
65928, 702
56885, 75
50171, 257
55138, 98
39841, 103
7769, 9
69511, 316
10940, 225
51373, 374
950, 251
8269, 258
35861, 252
46659, 379
14374, 195
22232, 481
38224, 873
30934, 191
712, 862
25656, 605
14906, 347
12660, 570
66670, 782
11508, 999
21107, 2
24940, 376
39425, 351
36306, 289
69736, 26
45321, 727
7735, 489
61433, 645
55428, 459
32122, 654
13294, 239
17010, 0
35570, 717
48023, 28
27390, 231
16793, 614
39640, 69
40769, 87
43589, 634
16822, 348
66995, 874
60065, 276
61374, 664
43774, 653
48788, 734
37143, 821
39986, 511
40348, 684
43377, 437
25239, 436
3785, 935
43655, 852
69025, 723
31463, 628
23437, 90
51409, 661
49738, 853
61860, 642
12723, 474
4545, 809
51197, 359
66996, 510
17015, 837
53397, 96
53657, 387
25249, 596
67450, 937
57900, 549
250, 762
42299, 554
15066, 539
42361, 176
28920, 64
58250, 225
69546, 904
53025, 874
54717, 832
42495, 389
34903, 704
49673, 978
1614, 760
23548, 919
43730, 803
23092, 47
25725, 3
63954, 752
49279, 350
53698, 447
2195, 788
46699, 245
64206, 476
31787, 953
1103, 265
9224, 867
25783, 114
14558, 986
29987, 380
50169, 374
30836, 74
68719, 547
47709, 890
11616, 992
43243, 170
11541, 463
47986, 262
48171, 833
11296, 868
46914, 998
58910, 582
63832, 713
49763, 843
67115, 727
62641, 836
31213, 521
25467, 733
5963, 466
46912, 861
22221, 351
26934, 650
51718, 3
66612, 147
17450, 181
41354, 948
61933, 223
34564, 714
29538, 90
34843, 629
51852, 649
16796, 260
58644, 863
2188, 389
27070, 207
45969, 164
1987, 713
38421, 366
49675, 469
43784, 721
24300, 578
19843, 716
9503, 199
44949, 584
60596, 441
64527, 169
63032, 125
17249, 266
2845, 208
24701, 543
13182, 101
32509, 968
31833, 652
38959, 348
58773, 702
9838, 331
62551, 556
20176, 284
63766, 882
32, 368
12463, 845
32548, 308
62454, 287
10628, 139
58901, 228
5769, 774
41310, 711
20242, 955
9089, 797
31570, 271
12832, 407
17217, 659
33867, 663
68617, 79
5265, 297
15412, 359
55129, 784
68189, 29
35991, 114
52771, 884
7709, 612
28261, 994
3494, 857
48737, 386
28349, 385
4398, 646
20747, 392
57779, 436
65530, 141
62715, 88
67947, 306
12539, 548
6624, 357
25056, 652
62425, 318
29366, 625
7433, 96
25323, 119
18757, 94
59133, 18
14044, 154
29705, 608
65113, 240
8513, 378
51333, 961
41037, 532
45306, 492
31781, 23
21719, 250
19085, 79
44582, 646
38576, 335
1262, 825
66665, 317
44858, 956
67825, 571
58336, 108
69014, 580
20520, 145
1006, 908
37564, 907
67200, 905
48193, 722
5994, 227
9544, 419
56247, 1000
9082, 701
23223, 83
65935, 966
11372, 998
67631, 830
48608, 504
23200, 729
52897, 732
21349, 469
23015, 408
58601, 4
26568, 383
54149, 301
44136, 144
27242, 385
59070, 76
38422, 627
16311, 234
10338, 810
68925, 215
8680, 265
69764, 895
46554, 680
15420, 763
53821, 572
47118, 419
27727, 485
6841, 543
330, 736
67848, 770
66044, 121
66533, 0
39049, 612
67869, 433
61995, 325
15909, 716
49862, 915
68432, 481
54447, 24
49199, 40
262, 756
33922, 830
55501, 529
8266, 885
65024, 154
45673, 885
6945, 824
30248, 356
68680, 505
36088, 274
15835, 786
14051, 335
473, 505
57832, 858
15370, 254
63147, 646
4776, 238
24914, 666
20096, 708
7534, 226
65473, 334
65151, 196
62666, 852
36863, 673
39475, 445
60414, 349
4452, 64
11249, 786
15382, 788
15977, 408
10316, 378
38506, 775
45534, 833
52381, 484
26471, 932
45630, 495
12, 595
51934, 856
48733, 972
45037, 89
45378, 681
22264, 644
68352, 580
4033, 792
58021, 773
49542, 614
53222, 551
64985, 520
20586, 719
42600, 632
3179, 275
12093, 650
58827, 353
52216, 652
16723, 563
61553, 874
54175, 137
41437, 797
48628, 5
19746, 665
57244, 207
32681, 400
58065, 629
6104, 275
17955, 120
45194, 969
15806, 807
63496, 409
38154, 15
55883, 267
38454, 328
4019, 555
54791, 567
5526, 554
18073, 743
60612, 175
61530, 281
31335, 975
3784, 323
28704, 250
6809, 73
15927, 325
56822, 412
40301, 978
38157, 7
65, 468
26272, 505
56294, 505
13028, 578
50326, 497
36002, 899
68030, 808
67884, 576
44146, 700
22307, 236
52742, 196
39506, 50
44218, 965
8588, 681
33461, 500
64602, 927
32485, 41
51386, 896
31881, 72
13852, 57
19442, 502
46798, 227
20778, 485
16810, 358
23693, 140
53591, 683
65866, 70
67048, 844
29895, 776
11623, 209
16697, 318
23721, 365
7616, 837
56981, 227
46634, 838
40683, 668
44196, 461
51558, 164
40995, 821
36195, 410
3917, 466
37884, 639
56646, 558
24182, 69
36879, 852
66013, 480
631, 639
21773, 214
25277, 434
47280, 770
41499, 334
62985, 796
48321, 745
13977, 448
42068, 254
15028, 180
41006, 231
50308, 980
66286, 260
2803, 583
34392, 35
53433, 429
60781, 517
20349, 605
45336, 133
8539, 372
36769, 983
19872, 791
62560, 191
69972, 681
12955, 102
63564, 344
38090, 250
11086, 895
46650, 690
24130, 308
18310, 826
10801, 327
44802, 378
33992, 147
59643, 148
19616, 346
43032, 869
19829, 908
39198, 829
52974, 219
45814, 691
41106, 836
40461, 966
69778, 923
21080, 465
65428, 326
60858, 181
3697, 821
39656, 623
20418, 818
16234, 596
18949, 823
37276, 622
54143, 76
63291, 274
5095, 730
1498, 670
67414, 594
58231, 260
32887, 833
59814, 28
42576, 707
63773, 842
29813, 807
27144, 473
8005, 579
15928, 486
35729, 316
16179, 515
64928, 792
31457, 53
32002, 552
499, 946
33198, 997
32321, 509
28760, 723
2449, 643
61350, 123
24007, 783
9033, 6
49240, 631
25538, 414
36239, 648
47729, 818
15754, 280
52382, 405
37715, 995
23402, 787
51685, 338
47586, 552
64273, 829
55167, 844
64622, 582
41449, 157
9610, 409
9881, 373
47902, 949
48629, 742
59845, 461
14386, 675
19766, 216
26666, 541
15730, 748
59611, 389
3673, 640
57715, 450
65597, 420
56900, 953
53885, 856
69378, 709
59328, 755
12782, 69
35533, 740
18819, 183
67704, 838
50507, 631
40434, 56
47297, 135
11083, 718
6784, 995
47642, 67
27977, 930
19740, 943
38338, 883
43067, 934
19786, 298
66747, 261
13578, 943
57374, 709
26849, 983
49375, 421
68543, 239
63963, 755
7995, 786
35474, 788
37521, 72
13290, 399
42124, 363
4952, 381
45442, 687
42812, 737
57008, 891
9620, 448
15672, 760
14185, 149
22432, 297
45799, 103
1188, 100
66805, 150
12679, 111
45186, 570
27010, 693
3237, 555
29268, 350
42934, 39
67889, 940
31716, 35
3764, 518
50882, 690
36848, 628
50768, 928
66316, 294
69620, 162
7593, 601
32660, 487
37841, 109
68163, 545
18316, 674
50598, 258
56358, 282
15787, 997
57984, 91
63980, 27
40528, 635
28105, 826
43064, 22
58413, 475
21997, 38
42050, 570
10042, 361
40788, 340
48057, 188
56144, 168
62030, 149
9296, 970
14883, 490
46412, 626
19434, 565
55411, 414
13822, 684
49568, 740
38507, 942
11404, 983
31269, 254
61449, 606
39379, 176
21499, 609
69929, 109
11233, 680
27891, 661
4792, 460
26441, 73
9895, 996
62247, 370
28870, 775
57738, 713
43772, 284
59061, 202
20355, 330
65429, 543
25820, 958
36515, 583
22848, 239
55856, 968
9563, 950
16586, 774
67181, 687
38040, 464
51661, 653
67040, 141
5549, 906
11605, 943
26618, 746
6589, 328
26454, 930
36636, 820
64333, 330
3138, 683
7654, 420
43044, 129
35800, 610
14099, 172
9268, 513
29389, 43
53186, 291
57057, 288
8310, 133
51865, 116
39402, 566
48577, 108
19079, 271
53633, 325
24920, 700
53001, 29
20448, 304
47682, 536
17939, 842
45252, 960
19407, 760
27746, 710
49152, 468
66159, 819
42748, 716
48847, 128
63451, 66
31541, 694
66171, 561
48766, 62
227, 37
28761, 663
3320, 265
3686, 260
45973, 39
47059, 805
50529, 339
32150, 289
23434, 394
63569, 172
31842, 94
58352, 316
4217, 909
3064, 213
20628, 61
29601, 13
7644, 298
55780, 997
51808, 828
36579, 194
5077, 62
19402, 507
36759, 508
67407, 43
44014, 69
44479, 574
23419, 357
12944, 351
14501, 817
13764, 78
35462, 140
24146, 169
67064, 617
67960, 167
56890, 123
56713, 546
29339, 697
10586, 86
36534, 329
37901, 817
6897, 266
64240, 122
61944, 960
41152, 798
65919, 306
29869, 393
51563, 936
15547, 619
26309, 234
24568, 344
44171, 413
29007, 523
41583, 115
4494, 880
42145, 661
63226, 395
55741, 318
16415, 419
25514, 449
40107, 471
69556, 402
52834, 988
63730, 609
45333, 441
54166, 817
67844, 603
27023, 15
18502, 571
38736, 335
57019, 684
59728, 348
31504, 10
8719, 991
32071, 593
10663, 664
66227, 528
8518, 307
58462, 512
22696, 70
61271, 999
23074, 850
18809, 231
22520, 32
5113, 319
4011, 470
47100, 2
59632, 687
4195, 813
25855, 261
57353, 194
32984, 715
66032, 562
54818, 982
47010, 587
22980, 909
28932, 560
29684, 837
32385, 879
64844, 334
20265, 875
13554, 461
9772, 987
4931, 203
53548, 844
56854, 46
6807, 545
12420, 187
14502, 957
18337, 481
3709, 572
61286, 379
54472, 127
3026, 611
11430, 116
15983, 232
15679, 656
19528, 942
67057, 203
30490, 526
52229, 720
3345, 600
17497, 39
47009, 655
47317, 713
30599, 7
23468, 979
65954, 659
26671, 57
20334, 206
37943, 265
63765, 782
67934, 272
23019, 875
12939, 787
36964, 170
42384, 665
48435, 564
35306, 766
14611, 349
25935, 809
54696, 628
67937, 771
56193, 982
21696, 359
44603, 907
15270, 19
45757, 398
26237, 827
59562, 838
6300, 739
44726, 528
26467, 393
46588, 896
56255, 126
48, 407
15914, 494
51950, 214
28139, 457
34371, 951
46261, 845
41283, 907
38446, 271
40201, 161
30602, 532
62490, 394
54744, 73
67235, 265
56152, 205
49009, 330
14621, 607
61947, 72
35671, 500
30947, 894
27477, 709
64782, 940
16064, 427
18172, 308
4050, 261
10266, 490
6298, 339
38986, 962
2032, 592
13359, 577
15792, 753
11407, 897
34580, 456
44257, 680
45669, 223
20182, 571
23078, 455
21160, 347
30584, 212
54290, 308
52831, 290
40256, 855
5868, 964
56814, 863
67571, 765
12081, 913
27852, 781
4920, 789
10413, 454
47723, 855
24773, 723
49828, 122
37000, 710
21646, 788
1975, 384
61691, 721
10053, 724
26904, 307
48037, 245
69572, 196
47473, 354
29548, 701
59461, 304
20725, 210
4740, 329
1008, 760
3551, 965
61943, 594
10847, 396
15634, 351
16961, 35
27397, 907
36643, 695
21848, 344
53176, 564
49837, 147
48674, 446
51067, 277
44085, 350
38896, 508
18182, 522
13036, 297
44236, 177
11921, 978
48314, 235
18863, 529
23707, 460
17704, 498
37052, 324
22360, 488
46329, 814
46039, 656
35207, 340
46392, 668
9106, 196
21912, 631
48690, 343
4137, 299
1848, 738
58577, 89
32431, 574
35904, 204
58243, 571
17234, 119
41969, 213
61925, 688
17886, 610
37318, 137
16901, 635
33402, 992
49750, 991
8722, 446
23897, 793
63149, 46
62742, 258
53151, 143
60449, 208
66477, 377
35496, 201
9107, 118
45433, 337
43895, 775
8276, 60
65206, 740
67173, 797
21144, 979
30213, 902
10837, 341
54586, 660
21169, 731
62354, 365
41086, 623
16046, 8
40345, 90
5185, 454
29014, 753
17309, 606
9675, 252
54710, 121
9477, 744
2218, 42
45225, 634
48630, 890
36980, 11
56308, 607
29771, 382
69351, 633
36373, 64
3505, 216
23907, 219
50904, 802
11095, 452
21020, 278
23578, 220
38510, 218
50431, 608
31491, 638
63960, 550
3350, 327
14771, 652
30112, 4
43326, 123
41560, 625
52832, 252
11193, 858
24194, 397
45574, 435
17996, 5
45249, 200
56395, 305
31891, 74
53906, 903
32579, 47
36070, 251
50095, 353
20716, 211
24936, 546
21907, 630
65403, 981
55982, 206
36996, 779
791, 212
43039, 569
67624, 290
54548, 489
7041, 714
34571, 799
5762, 236
11387, 707
55317, 32
38578, 439
40532, 57
34143, 608
14250, 853
56559, 776
64193, 852
45614, 267
37978, 988
31853, 850
55457, 731
47121, 90
31358, 627
13116, 985
24129, 571
47623, 696
36391, 98
68423, 536
38099, 969
26782, 547
20402, 481
63595, 406
62137, 59
13429, 347
36131, 186
846, 660
32964, 814
11713, 140
42265, 987
63175, 796
37500, 829
44669, 779
57809, 814
57247, 111
62096, 648
68060, 321
69169, 664
37849, 356
48970, 55
39613, 727
34832, 193
14401, 207
58239, 701
15234, 995
51943, 897
13277, 323
353, 466
66550, 757
30041, 637
45999, 502
67725, 864
49045, 848
56340, 205
752, 349
62458, 666
29714, 302
19759, 447
1429, 879
2944, 593
17269, 173
36171, 874
23271, 682
12109, 879
27653, 560
45759, 429
44820, 538
69526, 965
46805, 767
11324, 347
26126, 383
56043, 784
4585, 246
16583, 23
46389, 337
14946, 550
51576, 869
38581, 574
5275, 835
25176, 386
47738, 873
2835, 800
42371, 635
68181, 604
27500, 187
51835, 643
14073, 143
36437, 560
39452, 692
43458, 504
21724, 611
26787, 856
24752, 355
65765, 253
44391, 683
26358, 165
20992, 689
31326, 680
46433, 89
591, 673
22088, 128
10999, 797
66012, 831
56990, 187
22114, 971
3599, 226
54679, 450
17935, 834
53296, 763
29622, 752
26592, 955
53846, 563
26709, 411
30006, 727
1598, 966
59989, 815
34137, 932
32851, 742
62154, 193
11194, 301
41765, 761
44344, 810
9713, 154
14522, 219
33845, 488
51023, 902
19110, 768
21177, 964
33616, 468
58977, 309
27367, 453
43187, 95
60461, 625
32462, 746
47519, 210
20409, 232
26657, 447
11234, 18
59760, 135
8587, 497
47573, 761
42873, 833
65529, 188
3548, 576
42101, 142
6053, 500
13366, 636
15989, 514
13118, 212
31574, 286
19791, 856
64566, 735
27329, 683
53260, 817
67867, 862
35568, 220
58131, 468
41409, 113
36332, 388
22677, 98
51804, 398
67994, 267
12213, 699
22071, 679
63893, 303
34732, 32
8319, 253
28922, 910
61193, 213
25017, 560
65069, 833
16180, 139
32645, 776
20274, 795
61756, 200
62147, 499
1552, 766
32811, 202
35834, 906
63450, 109
32769, 462
29547, 105
17039, 236
3074, 466
16546, 299
34004, 923
32891, 258
37084, 522
34959, 959
16332, 78
44648, 745
39012, 155
16073, 908
26924, 976
19634, 540
43591, 321
44663, 775
56521, 272
9718, 440
14565, 438
41537, 945
4244, 953
62929, 360
17023, 17
4653, 753
47485, 246
43501, 461
25648, 163
57293, 443
8285, 329
57614, 148
18247, 663
16340, 940
28627, 665
49142, 187
10695, 386
34376, 382
54077, 729
44247, 723
39491, 444
45716, 187
32092, 768
58383, 785
44734, 741
4605, 95
48251, 799
18769, 10
64918, 250
51141, 418
56577, 982
58283, 260
21276, 117
27284, 775
13889, 564
64983, 389
36449, 247
32907, 937
54925, 844
65863, 658
44250, 216
26418, 735
69442, 643
45113, 852
1397, 158
69110, 939
10894, 1
62917, 43
61751, 676
8251, 901
63167, 780
28312, 480
45055, 696
18780, 681
33967, 785
16669, 938
35031, 751
42953, 254
7948, 99
56593, 52
11380, 145
46746, 441
40452, 987
39628, 892
41092, 743
65728, 977
8969, 910
1159, 231
48582, 131
61855, 666
65470, 347
6071, 963
60135, 801
7132, 136
22957, 315
66564, 885
50650, 174
31456, 582
13944, 463
15670, 416
22129, 478
51393, 488
33006, 887
16141, 137
35916, 170
8382, 795
26116, 781
18893, 380
43740, 839
21022, 342
57651, 391
41436, 195
18217, 811
52330, 616
53972, 420
30605, 320
18434, 130
5186, 281
51431, 771
3254, 51
38401, 627
50268, 782
48235, 824
62876, 293
44305, 816
4703, 72
43005, 257
36082, 967
42169, 741
59236, 494
9842, 766
29573, 340
56921, 284
23308, 711
69170, 270
50739, 946
63317, 94
42340, 917
29796, 37
24259, 35
7566, 680
65176, 985
37418, 453
26097, 612
35964, 705
46120, 482
18265, 52
5897, 484
64937, 857
66772, 617
1695, 606
16467, 864
57094, 551
695, 955
49956, 448
1893, 315
21393, 980
51081, 161
31679, 587
51414, 929
470, 12
15153, 191
68670, 200
15530, 921
51590, 549
28409, 799
62047, 626
64951, 211
33695, 407
9396, 735
41868, 883
61899, 312
185, 975
32693, 532
56160, 268
31736, 325
36776, 944
787, 938
20786, 224
65336, 333
23572, 313
51534, 48
66722, 346
24687, 590
9075, 908
58396, 684
37769, 760
29432, 706
49350, 503
21150, 427
15554, 361
64238, 249
68445, 534
31447, 895
36456, 897
65939, 217
19395, 543
54726, 711
39467, 855
49465, 414
3546, 911
28183, 764
18673, 749
66162, 362
14877, 974
18446, 208
12396, 236
57883, 473
36892, 767
49778, 386
937, 325
15604, 770
39184, 122
37179, 838
47721, 391
1313, 741
19121, 825
22692, 236
55754, 82
14183, 94
43304, 354
29606, 352
1800, 642
34775, 255
23731, 771
34891, 717
3998, 559
67633, 507
42899, 297
9262, 276
65989, 860
17912, 622
48988, 326
27262, 553
35878, 905
47062, 822
53148, 158
3743, 224
42835, 19
26059, 838
67970, 336
41078, 57
56804, 375
19667, 504
55703, 457
14587, 705
48453, 821
13216, 202
42440, 86
14175, 443
27675, 841
58470, 125
483, 585
43464, 554
21495, 165
35967, 126
35148, 580
2775, 272
47205, 732
58636, 343
25770, 599
28132, 47
52687, 689
17606, 278
25983, 500
29998, 215
68769, 932
32968, 341
5448, 561
22942, 933
25800, 222
39105, 256
10540, 202
18811, 746
49736, 969
14037, 935
50355, 516
59468, 508
45924, 451
61500, 714
41819, 870
23205, 435
12279, 829
27291, 186
43975, 945
67025, 644
35156, 140
32822, 948
53270, 944
51978, 740
48743, 796
44652, 290
40216, 525
23922, 718
44369, 395
46887, 209
38530, 935
9719, 693
5072, 779
54843, 50
16002, 974
59519, 346
15618, 394
14763, 271
21101, 308
36483, 15
5826, 277
6785, 469
35004, 987
38968, 302
37479, 568
40962, 658
3717, 267
64472, 434
46402, 620
14170, 150
84, 266
63378, 102
21197, 982
36628, 127
458, 27
52368, 127
36160, 238
45028, 339
15941, 438
45456, 704
45399, 499
30968, 561
32006, 53
45648, 165
7197, 971
34782, 562
41467, 740
60734, 473
68973, 82
67405, 215
47951, 516
41557, 521
69878, 309
56889, 1000
7090, 113
5839, 71
42539, 399
69554, 267
56029, 500
66465, 432
56497, 424
29181, 636
63000, 875
15229, 137
49562, 313
19792, 718
28057, 125
65670, 210
68547, 592
67674, 548
43757, 932
10951, 822
5650, 938
48801, 652
38867, 140
6289, 436
63202, 603
57902, 502
65284, 431
38820, 455
41049, 248
57028, 330
33170, 813
8804, 220
40823, 913
37805, 697
5319, 162
30680, 732
52701, 382
35683, 153
15155, 710
9988, 455
18142, 22
68407, 747
20945, 384
59025, 356
69833, 758
66566, 886
53048, 185
69453, 593
64050, 19
52303, 666
7914, 680
56686, 823
12601, 646
154, 389
45880, 663
10140, 343
62153, 880
27037, 714
3498, 438
40233, 367
52327, 854
33409, 708
46021, 107
68797, 99
35914, 775
11910, 681
67553, 156
37391, 396
19045, 688
42988, 515
28157, 899
51986, 152
62462, 772
19977, 860
35081, 430
17748, 33
14275, 86
38073, 176
47105, 280
6811, 179
33796, 468
6564, 188
16237, 585
66627, 652
47548, 30
31329, 55
44782, 952
8109, 492
49193, 840
54232, 317
4935, 378
6242, 213
27452, 538
16826, 819
63404, 168
2044, 978
17420, 422
45078, 822
32014, 408
49478, 47
67908, 429
48083, 459
37598, 252
23207, 146
50705, 604
19548, 779
64, 143
29663, 169
68996, 71
59005, 458
15725, 934
44928, 435
23128, 780
57875, 622
23589, 573
61233, 654
45498, 649
17844, 522
23500, 786
65222, 111
26080, 836
38245, 119
9242, 688
20429, 194
56065, 206
4896, 250
16320, 215
16516, 440
12771, 957
19696, 266
9696, 988
63461, 925
61599, 664
21490, 678
30551, 348
33751, 949
6351, 817
61645, 375
51092, 471
38292, 166
43534, 427
23938, 773
47288, 531
55734, 125
92, 842
13340, 223
48408, 389
63376, 373
58675, 851
35830, 97
2855, 540
19028, 406
57867, 56
310, 472
52587, 295
48371, 913
55389, 647
47089, 174
43816, 62
23412, 432
27166, 316
12292, 581
34589, 987
37069, 138
39639, 713
52494, 508
16341, 156
49232, 42
3198, 20
29034, 475
10467, 117
19215, 91
27770, 869
36832, 480
57276, 848
56818, 50
54123, 648
64168, 198
45416, 267
7357, 812
54519, 870
40017, 616
57765, 510
36748, 466
54905, 59
7831, 205
13114, 418
65563, 697
69428, 178
28898, 937
24528, 976
35331, 665
8388, 281
43208, 674
5615, 50
46459, 526
20436, 45
56705, 872
42055, 298
67828, 274
47760, 929
7327, 124
40779, 547
15405, 474
23091, 260
48771, 851
50476, 578
7419, 837
66599, 499
46048, 32
54246, 941
68593, 581
65979, 470
19847, 353
49293, 648
14305, 622
60207, 715
23703, 370
55740, 31
53871, 746
26716, 798
58585, 203
5285, 816
46062, 888
7204, 205
51173, 342
69244, 54
7667, 795
55330, 132
13510, 334
10779, 52
27587, 518
8110, 94
65725, 907
66244, 510
15277, 242
58160, 729
7428, 743
24908, 73
4505, 675
18534, 65
53061, 958
61910, 219
21829, 544
48298, 564
21056, 166
29616, 560
52049, 32
6570, 994
23565, 293
57192, 662
12844, 986
30056, 706
51821, 284
38022, 893
20431, 470
47091, 547
27505, 458
44520, 955
63673, 909
65293, 916
25908, 578
47071, 560
39312, 481
971, 113
48254, 362
11885, 517
34072, 790
13505, 817
54113, 390
66468, 545
55033, 790
41344, 592
239, 422
30203, 409
19747, 706
9678, 800
17587, 295
66340, 448
15864, 156
37151, 913
29207, 518
26366, 595
45257, 741
62365, 578
21351, 607
53367, 378
27080, 19
67723, 601
655, 578
65445, 405
9656, 437
17281, 485
49268, 870
31260, 144
56702, 637
50983, 483
58768, 569
54344, 894
2317, 170
9692, 597
15296, 144
67404, 390
36621, 706
28750, 898
55332, 625
15929, 840
10241, 261
49071, 827
3380, 564
38944, 495
9587, 543
40950, 122
33174, 338
65226, 876
2452, 536
54482, 561
40629, 180
49058, 365
57410, 976
53153, 976
46063, 803
36507, 409
14458, 411
41051, 727
40012, 650
67291, 787
28113, 23
59739, 477
1725, 30
26653, 667
12395, 845
14027, 758
25714, 206
8520, 395
35458, 38
32973, 906
14451, 508
4659, 863
12965, 812
8010, 178
54387, 971
12569, 213
37354, 984
60027, 583
8951, 791
14335, 571
12229, 89
178, 741
68910, 661
23790, 71
63850, 339
22387, 379
31432, 920
10335, 196
44547, 322
42574, 672
48860, 415
55448, 328
19765, 508
4484, 742
28844, 794
54435, 473
33070, 731
43998, 787
6423, 951
8514, 474
44639, 910
12923, 113
23227, 28
33729, 116
43798, 416
58195, 916
61354, 833
34180, 37
43130, 625
29196, 93
30474, 398
37240, 564
66795, 990
51919, 414
13246, 82
28938, 634
26323, 408
19052, 363
1903, 260
56161, 21
10958, 535
13146, 90
36916, 305
64651, 794
40023, 990
69361, 759
31873, 385
5668, 386
33043, 679
56763, 581
43161, 543
8380, 725
58471, 267
50119, 858
31209, 831
11675, 735
21471, 330
55577, 780
64980, 115
33898, 321
50909, 649
40861, 558
69115, 429
22770, 969
28145, 819
31708, 876
36726, 332
20216, 582
42412, 783
43657, 50
67334, 105
4089, 691
5995, 873
40879, 960
3470, 106
11587, 336
66814, 932
61401, 58
20976, 78
62061, 822
2702, 205
58133, 774
16294, 587
6736, 370
68676, 153
64112, 314
28200, 365
52883, 667
40519, 683
36112, 454
61904, 100
53206, 278
66547, 271
69054, 452
28771, 164
7670, 185
5711, 558
40320, 833
58821, 408
53562, 835
21173, 624
65796, 669
7296, 751
12885, 503
37576, 90
24944, 460
39855, 925
51320, 762
12847, 96
19230, 802
10669, 367
29075, 429
63248, 23
36539, 679
39460, 480
34657, 25
26297, 585
28035, 234
48544, 35
16105, 92
53811, 326
3454, 885
56350, 511
49084, 308
5351, 66
41554, 564
56764, 837
18096, 372
66506, 121
54733, 467
23049, 161
48281, 230
64005, 393
62967, 490
15784, 238
45961, 310
46496, 611
69393, 984
22234, 775
37307, 534
46214, 546
16136, 725
34935, 756
28838, 408
43513, 247
42010, 608
65583, 54
44604, 224
34444, 202
57581, 470
58700, 727
26018, 6
918, 780
65922, 699
20350, 390
43124, 938
46341, 111
67220, 315
41012, 959
64408, 505
2822, 352
25782, 694
42741, 616
37056, 734
26411, 849
8849, 687
16300, 828
24605, 460
6039, 315
25870, 919
56748, 993
14684, 506
12745, 168
11389, 874
47125, 496
54868, 451
33692, 449
16802, 551
24850, 731
57906, 893
58686, 413
17025, 186
33983, 868
53438, 370
37078, 495
42604, 463
8431, 895
15856, 818
41798, 312
63082, 169
61563, 256
50578, 525
56107, 25
46572, 371
48701, 852
42895, 967
18040, 313
68976, 209
6376, 320
63426, 318
67107, 958
66689, 806
54332, 558
45752, 921
62355, 888
2321, 663
20127, 56
29981, 540
66289, 607
24296, 234
38027, 42
43386, 345
12882, 189
224, 917
29128, 839
57525, 490
65489, 588
27649, 745
61662, 829
13549, 313
46611, 875
30736, 963
24733, 471
50704, 454
20941, 113
29822, 564
5934, 858
21599, 204
19738, 938
6872, 112
26990, 940
52714, 73
66089, 548
38568, 183
9802, 830
64195, 942
45641, 925
35087, 817
38700, 185
656, 944
57304, 156
12315, 591
53390, 641
62805, 289
3268, 67
43901, 501
5795, 503
11613, 636
35544, 636
4243, 56
4308, 578
60827, 387
68206, 301
46823, 837
17617, 825
11664, 542
48132, 987
5820, 73
20914, 943
7469, 112
64336, 113
34388, 555
47737, 453
4526, 403
3229, 702
56070, 61
28685, 283
59420, 860
21665, 594
23296, 163
11590, 580
9474, 688
20593, 201
4055, 496
39494, 553
54764, 881
8757, 881
30799, 623
51434, 265
60318, 366
38351, 619
46640, 114
17658, 440
61854, 657
46117, 924
63565, 777
2645, 24
36494, 593
55328, 952
55158, 113
13600, 857
9711, 749
65822, 853
18641, 271
8114, 109
41349, 480
23854, 761
24720, 866
2330, 714
31885, 620
49653, 715
23028, 370
9446, 217
1579, 823
31318, 244
67643, 561
62957, 924
14714, 341
33302, 762
60490, 331
26843, 953
21300, 58
59794, 710
24611, 107
54362, 768
34197, 394
63284, 844
50959, 132
28503, 786
1505, 903
61406, 770
22043, 163
26676, 137
14681, 354
8088, 939
64530, 567
16524, 640
42777, 560
7161, 733
33526, 19
69716, 90
35611, 86
22639, 200
22400, 679
53711, 555
33037, 157
45154, 518
18194, 339
58548, 11
15220, 609
34954, 408
36181, 456
67606, 200
59444, 785
58990, 753
52415, 166
49539, 86
31900, 527
6280, 254
46180, 302
12074, 310
7939, 586
39423, 609
4138, 380
12030, 498
1025, 768
65300, 981
24170, 855
17945, 523
23366, 126
53958, 293
37326, 154
52069, 967
47801, 987
17370, 996
64785, 907
35662, 271
47256, 582
37612, 651
2722, 856
5946, 926
43731, 10
17238, 814
2221, 725
61085, 861
3916, 705
64412, 517
57869, 894
39323, 775
57993, 375
69404, 383
48259, 521
30318, 543
45270, 721
14467, 565
39210, 128
4247, 239
5900, 12
24968, 93
63961, 120
11272, 984
39158, 950
57444, 576
22299, 844
45976, 543
30459, 230
26349, 345
13220, 236
9516, 317
46696, 685
56955, 207
30134, 77
62468, 419
68397, 736
65035, 537
26574, 383
64041, 268
15332, 732
38864, 973
29478, 628
25480, 322
42987, 648
39136, 758
24516, 658
45839, 649
18200, 466
35011, 931
66120, 771
39132, 38
13756, 501
68324, 14
15625, 926
28783, 997
15790, 353
39401, 383
19194, 132
10174, 337
3432, 591
56888, 588
30817, 163
26135, 866
15172, 874
63427, 945
4835, 974
54222, 359
54373, 893
1004, 170
37402, 837
67252, 240
37773, 539
38592, 753
44872, 385
66720, 71
36842, 974
22006, 466
60650, 97
44407, 71
42905, 475
17478, 666
1962, 85
46511, 423
61359, 302
45567, 987
8248, 933
44822, 486
67023, 627
1958, 917
13186, 803
1388, 43
50533, 761
22651, 565
69315, 22
69870, 97
49422, 313
30801, 287
31133, 923
36369, 200
46908, 246
5255, 135
13684, 7
47689, 134
10093, 824
14632, 423
62913, 653
63799, 8
33919, 108
49392, 164
15314, 122
13131, 734
39871, 160
49732, 660
49053, 587
24024, 832
57272, 348
21783, 78
29589, 912
10390, 185
35600, 137
5593, 104
26430, 46
12665, 941
13206, 86
53196, 212
38662, 985
47656, 414
8241, 455
59337, 857
44021, 43
66184, 305
18297, 215
34275, 150
8195, 186
30217, 264
57968, 835
50814, 481
4904, 125
48125, 970
22111, 462
39721, 272
29826, 60
13281, 777
24107, 15
53083, 999
60041, 994
13844, 22
1932, 15
3348, 659
48911, 674
38756, 514
14346, 486
57592, 276
43258, 59
22404, 156
57398, 307
63717, 762
20314, 328
8174, 492
37100, 510
42356, 409
28036, 923
28843, 887
63536, 346
12727, 970
27931, 768
26824, 422
65975, 313
27174, 353
552, 970
4848, 905
68085, 101
59375, 572
49144, 343
31284, 620
20624, 232
13443, 170
23257, 499
2355, 133
42640, 548
45182, 396
66861, 403
60533, 907
1692, 557
66221, 694
24746, 714
42238, 731
27057, 816
40834, 218
28578, 639
17967, 964
68846, 978
6317, 692
23045, 92
61845, 743
61660, 840
16074, 437
57966, 457
30183, 415
67285, 554
50350, 134
42154, 291
14134, 411
17735, 482
39123, 612
36182, 977
8703, 900
67114, 86
7952, 858
9571, 236
45304, 946
38103, 104
64923, 519
63530, 325
51649, 541
40741, 789
11057, 813
55059, 619
7656, 550
65485, 131
16391, 942
2763, 341
40488, 469
61870, 114
18716, 590
1335, 554
61757, 109
61952, 816
22746, 436
40899, 796
14976, 60
34511, 347
13019, 112
24613, 201
28545, 668
47043, 718
55257, 505
18601, 336
42669, 263
8577, 81
9617, 940
65655, 545
1749, 829
53875, 236
22095, 560
41731, 565
11584, 80
50463, 850
17020, 491
31378, 853
34759, 88
61786, 431
64015, 62
20899, 967
53880, 664
54423, 199
43095, 182
52349, 515
13715, 15
50386, 993
49440, 878
31413, 432
46243, 867
27850, 502
16501, 775
69230, 955
54090, 236
25521, 573
3113, 664
31545, 575
59650, 579
29041, 537
45653, 433
56012, 504
29015, 528
29058, 151
20303, 609
20206, 26
31180, 935
14146, 960
49511, 48
8349, 910
36411, 994
6320, 808
39375, 273
44812, 353
25372, 155
47147, 801
12945, 215
42252, 128
67853, 663
56769, 801
28785, 771
14235, 58
65779, 144
11682, 382
47056, 744
40951, 75
66618, 56
54294, 678
51867, 62
4483, 482
57164, 723
59641, 267
39796, 814
25004, 396
33681, 642
67558, 181
17208, 59
57284, 986
24549, 260
35644, 360
14728, 469
9328, 546
739, 498
63483, 747
38500, 566
409, 709
59369, 563
21269, 508
23138, 631
56558, 545
40309, 839
23304, 269
38252, 155
22620, 1
51285, 631
12160, 110
36548, 100
29458, 291
59766, 653
18852, 110
44991, 239
6026, 421
31416, 56
12119, 375
62653, 489
37728, 447
41528, 677
1532, 846
55085, 601
30369, 24
49007, 697
24784, 789
1857, 404
7944, 199
63061, 684
24667, 125
48384, 25
67362, 286
54886, 252
15347, 936
21280, 38
31959, 594
2543, 710
49788, 345
33334, 636
41711, 895
38706, 869
6083, 831
3538, 596
22763, 746
33383, 197
49063, 73
40698, 503
23387, 327
11800, 688
39242, 456
40220, 798
38251, 89
16239, 459
16885, 520
45966, 753
14269, 95
46616, 630
31822, 533
4392, 967
23779, 511
64710, 544
4938, 946
10027, 978
17222, 972
31591, 810
26186, 925
56652, 506
1187, 841
37555, 293
56487, 633
45968, 852
21503, 214
35746, 618
2258, 713
7876, 174
38110, 846
41189, 973
26923, 898
62732, 253
66859, 979
39331, 472
16761, 186
612, 481
18401, 757
31028, 727
20722, 240
40269, 802
56666, 195
34220, 194
30865, 906
63215, 404
33346, 124
32329, 656
62053, 658
56816, 839
13567, 696
19940, 359
52675, 930
53192, 240
41813, 528
49647, 514
26081, 126
61343, 268
6153, 273
23313, 592
51281, 680
34691, 183
46249, 941
50470, 114
3116, 833
56462, 189
58812, 254
51131, 747
22389, 208
66678, 3
49202, 295
2793, 535
17863, 225
40988, 599
48783, 956
43270, 742
59923, 240
48086, 956
13813, 94
49255, 977
50890, 575
60660, 591
16664, 759
15180, 451
3171, 839
67834, 377
5649, 900
13161, 355
60015, 209
66408, 651
51459, 223
13392, 574
11479, 212
52189, 429
30766, 321
14484, 137
19650, 46
20592, 781
11683, 78
20463, 596
47497, 715
8807, 704
21067, 552
37819, 851
3480, 555
2733, 88
52275, 49
13211, 901
30001, 366
19902, 467
49793, 480
47249, 578
60960, 667
61409, 248
64539, 771
40624, 706
2227, 886
28317, 43
29637, 877
29888, 973
4600, 922
65453, 63
66435, 58
67655, 509
59635, 547
55624, 120
14530, 282
617, 935
38842, 573
20554, 853
66640, 276
51788, 323
2475, 659
63143, 644
29808, 316
26317, 225
5955, 964
46001, 720
23627, 522
60717, 517
35518, 929
27323, 776
49825, 14
43739, 647
13345, 819
55951, 654
51364, 178
13090, 902
45034, 270
38123, 974
25767, 117
19443, 372
47628, 695
38339, 870
51425, 79
4666, 409
21735, 944
19432, 928
64147, 528
5465, 988
49106, 361
12677, 0
1953, 185
30013, 37
53469, 810
23017, 553
11376, 319
60955, 854
8754, 106
6663, 33
58226, 462
1330, 183
4159, 801
42826, 118
64917, 168
2293, 484
52461, 783
37341, 155
28648, 535
44182, 626
60420, 743
46327, 363
15006, 219
5505, 144
3402, 144
32810, 525
50032, 957
9638, 712
19900, 683
36133, 920
16432, 765
63017, 683
67586, 489
8584, 384
30508, 778
3565, 6
63603, 900
24795, 356
761, 294
40742, 784
47891, 236
15463, 340
53282, 593
13525, 506
3260, 940
17640, 400
63537, 355
42109, 36
66192, 226
42368, 724
6744, 969
14299, 945
13298, 343
45355, 337
9105, 990
43800, 792
49860, 482
22449, 723
28718, 670
58858, 133
44047, 338
8048, 365
55204, 642
15713, 731
69141, 217
61430, 459
43579, 865
65910, 304
34820, 214
64972, 116
30789, 914
39940, 439
17902, 319
28818, 780
43107, 680
64695, 44
57516, 264
56629, 514
8601, 457
19247, 571
51555, 474
29387, 833
30136, 178
26664, 880
13650, 603
25024, 217
36028, 236
20296, 398
13286, 838
43703, 783
45258, 568
14571, 134
47928, 972
57126, 462
12221, 12
69510, 750
62213, 935
8075, 249
13713, 302
29800, 957
43262, 64
19339, 355
39148, 796
18542, 832
15540, 917
52163, 53
36255, 125
46378, 631
8701, 513
35267, 697
2086, 566
52836, 999
46791, 978
69899, 785
28360, 236
43473, 729
55820, 343
13049, 463
68637, 177
29799, 960
26256, 1
43578, 526
63185, 44
9252, 658
36275, 464
60499, 809
60137, 204
24615, 679
44, 153
61650, 336
46861, 580
45758, 533
60122, 779
13543, 526
10876, 291
6235, 146
43022, 777
67069, 633
31263, 844
68872, 586
54580, 651
64040, 175
23214, 244
68093, 345
64965, 107
5864, 182
34953, 255
41046, 271
36327, 142
3468, 993
66905, 771
32185, 792
69274, 414
762, 604
18629, 862
53353, 131
67798, 663
12004, 730
50042, 15
6020, 630
43471, 838
55154, 340
60638, 232
62254, 26
9245, 980
259, 14
32143, 226
32413, 624
22355, 772
13516, 83
42255, 916
44417, 709
69509, 727
38865, 108
28130, 262
68111, 15
29549, 889
28540, 925
69964, 721
24266, 301
13619, 130
37877, 391
41465, 177
51814, 854
5267, 379
323, 228
18733, 356
29270, 258
30080, 492
60273, 952
44531, 923
8161, 38
49830, 811
49307, 707
44742, 162
29070, 968
6006, 512
7378, 871
52024, 100
56446, 678
28935, 431
8959, 2
34151, 199
94, 811
52670, 753
64532, 790
31063, 64
63835, 266
58651, 945
16474, 475
31979, 425
41321, 562
4634, 196
39445, 706
53089, 769
58896, 958
31464, 652
58801, 384
51312, 439
27997, 165
53472, 375
10418, 868
20115, 135
34548, 981
41261, 818
22055, 652
58449, 583
52627, 375
57691, 780
26111, 76
42306, 889
63713, 781
21433, 673
69790, 552
47068, 923
2182, 923
8292, 292
7145, 975
51714, 629
40898, 468
67554, 611
29921, 596
4458, 529
27219, 76
24955, 254
6353, 118
62543, 385
63973, 556
4412, 844
65386, 883
54297, 391
29414, 49
36720, 753
63390, 330
67504, 339
13102, 385
26887, 464
19226, 485
55781, 812
67563, 11
18309, 734
1716, 545
17697, 34
13877, 575
2774, 337
66379, 193
9869, 887
45613, 822
21708, 197
47841, 615
68838, 81
52728, 106
44765, 86
66436, 614
16998, 506
32286, 84
21146, 972
49161, 7
2334, 810
63568, 690
7789, 492
32325, 361
779, 270
62320, 63
68788, 94
2309, 859
34460, 893
21328, 295
30362, 804
27716, 283
22216, 2
51378, 857
34015, 556
10491, 386
55980, 189
44867, 556
49852, 389
4725, 684
61862, 205
13795, 297
59046, 79
49969, 798
27529, 282
22189, 46
51785, 224
14825, 889
54004, 666
61775, 838
25531, 839
30778, 683
29864, 296
68641, 779
22312, 990
9201, 967
66869, 300
66376, 839
62239, 417
11599, 905
27111, 895
49899, 662
25073, 754
68221, 217
51269, 623
53923, 640
39345, 452
36342, 110
46193, 211
6164, 804
36901, 448
41785, 349
4206, 888
1255, 356
22439, 42
22839, 71
16478, 298
42421, 533
34373, 532
13483, 871
52649, 423
62127, 69
62168, 305
46961, 651
10141, 573
55378, 887
63097, 449
51926, 668
42992, 220
6167, 21
39489, 969
43549, 849
44209, 648
15671, 495
41378, 414
59298, 493
9319, 505
57843, 631
51817, 444
15986, 422
9046, 165
1742, 41
2883, 790
36650, 808
22998, 459
58042, 281
51035, 271
48843, 652
12150, 671
58726, 395
20262, 909
32372, 519
10696, 237
700, 999
27925, 640
4049, 819
14567, 307
39687, 132
4744, 45
28670, 266
27159, 136
25400, 4
56182, 815
22331, 739
51292, 397
40845, 445
9334, 218
5981, 613
22070, 795
24311, 523
37570, 782
18324, 225
47012, 853
63457, 640
49705, 82
30425, 511
49225, 343
68256, 45
29384, 446
60158, 684
29097, 881
26855, 844
36844, 645
22992, 883
63937, 201
18371, 852
686, 871
29457, 287
21317, 639
35688, 812
49914, 935
31727, 332
11196, 729
61309, 132
66945, 249
68621, 83
30121, 391
39608, 810
5111, 577
64426, 644
660, 2
24899, 285
7402, 4
10593, 823
14233, 752
20327, 21
43280, 380
33003, 942
62583, 745
17019, 162
16688, 740
50307, 244
7361, 145
10269, 468
58931, 951
51954, 310
5482, 984
28757, 341
57791, 312
8458, 828
7881, 180
454, 66
7860, 605
110, 263
52160, 49
36122, 559
61656, 117
55298, 529
28337, 288
67817, 206
54437, 499
31699, 217
26981, 423
49449, 372
53731, 938
25417, 714
18754, 77
12774, 786
5886, 928
57772, 617
47589, 499
38115, 363
26977, 406
36443, 606
3705, 360
60210, 973
38585, 425
18176, 450
10596, 294
4227, 661
6982, 772
18643, 669
57363, 218
33257, 892
9669, 994
5251, 489
14252, 928
64728, 122
9830, 289
48463, 181
28550, 484
40866, 896
16316, 648
42803, 997
55235, 982
54089, 246
18000, 166
48115, 65
62192, 987
48862, 852
33628, 561
43608, 148
39256, 754
38610, 391
39803, 193
18191, 709
11182, 156
18202, 646
21580, 796
27975, 247
49802, 745
8085, 280
37284, 875
55314, 442
21252, 43
41158, 926
52811, 162
64725, 6
37794, 561
35541, 411
54930, 391
10331, 75
14973, 110
35989, 992
46603, 606
7101, 209
8129, 443
25332, 591
671, 298
3629, 974
26217, 107
37187, 47
21255, 568
58560, 444
28242, 495
13745, 942
62162, 874
40277, 893
54118, 372
68896, 689
37337, 708
26624, 212
24051, 991
25740, 360
56332, 212
39667, 976
25253, 623
10580, 656
17261, 301
15391, 638
54066, 254
18063, 289
62845, 339
6893, 652
31225, 447
40188, 248
46182, 83
20341, 383
60996, 618
9967, 100
16880, 963
53269, 997
8472, 276
4031, 786
43400, 834
21980, 183
69116, 814
32723, 989
50874, 977
36909, 224
51214, 52
65320, 148
47655, 729
28371, 151
34682, 792
39914, 599
34429, 453
46348, 232
30957, 661
42961, 423
45430, 47
44176, 712
39982, 619
10037, 839
8152, 71
65449, 809
23575, 39
51858, 273
69915, 444
642, 136
57556, 685
42043, 686
62706, 77
21114, 827
46499, 798
23708, 861
16360, 692
13524, 400
39232, 843
7184, 252
20046, 583
67878, 434
55838, 449
9221, 925
41206, 286
1544, 438
29338, 215
27487, 916
18183, 500
56913, 431
2970, 65
26494, 738
34794, 637
67131, 648
20877, 577
10357, 623
63970, 548
3448, 111
18188, 640
28853, 788
48642, 974
27800, 328
12575, 662
3018, 538
39082, 321
32040, 356
6627, 923
5262, 181
4705, 71
35809, 637
54786, 87
46068, 406
4316, 799
21093, 924
43228, 285
45203, 826
69590, 197
2540, 743
34093, 966
13574, 711
58460, 68
35888, 399
33844, 426
66303, 169
23878, 489
12509, 430
30853, 213
43370, 219
32728, 488
13223, 57
69158, 414
56427, 628
61185, 552
51892, 440
47911, 877
66196, 797
57739, 390
32700, 671
54005, 634
67584, 32
17408, 618
43373, 527
1066, 889
55550, 665
10925, 486
68530, 19
59586, 756
20308, 980
23390, 730
30349, 32
11593, 524
27161, 661
13671, 104
20097, 952
2226, 594
42262, 931
8682, 413
13383, 812
36939, 128
14276, 687
47112, 900
4574, 73
42410, 791
69316, 744
69856, 511
60811, 194
49913, 761
56549, 617
213, 539
67018, 521
36651, 596
47438, 555
12075, 41
54210, 0
32052, 165
5320, 196
8274, 267
44813, 985
13353, 469
67935, 161
16953, 750
42041, 106
40836, 5
30487, 663
40936, 107
29245, 777
1069, 101
17416, 348
49618, 345
26005, 110
46300, 27
39898, 832
34770, 548
24212, 519
41681, 143
48014, 733
59307, 306
17440, 669
8597, 585
58939, 900
19514, 981
42746, 327
31407, 205
1984, 265
22482, 33
12619, 761
54640, 673
50678, 915
58267, 581
8097, 539
51935, 296
15863, 522
5084, 303
44413, 530
59231, 838
21536, 92
18787, 334
7805, 554
46803, 684
57285, 131
891, 407
65817, 735
53236, 982
67588, 207
12328, 14
55845, 417
26593, 52
58986, 774
55064, 50
39526, 712
9533, 194
17775, 28
59695, 280
11416, 704
25957, 334
66253, 530
50204, 880
52487, 601
64879, 742
27134, 12
41133, 93
37059, 541
50023, 54
37387, 536
64314, 568
22010, 699
10720, 284
42583, 605
22135, 593
15149, 568
6628, 552
14924, 836
31537, 846
10878, 600
45343, 845
4619, 585
64613, 582
53174, 991
33895, 37
51815, 428
45797, 246
44621, 265
45692, 274
23872, 398
21185, 698
46267, 459
28539, 264
38554, 97
39670, 523
57260, 615
14205, 542
49341, 635
19729, 25
7806, 45
27683, 499
9144, 586
29040, 372
53750, 570
9866, 449
19158, 808
14529, 658
9528, 359
25095, 385
37931, 870
64838, 562
62779, 181
11813, 369
64048, 747
15934, 143
60258, 126
23488, 888
60683, 636
52445, 50
52999, 774
39579, 346
24425, 359
30746, 842
66388, 542
67616, 544
60748, 830
65116, 826
31427, 193
18512, 611
56004, 674
69296, 619
47505, 301
7159, 125
44567, 905
615, 201
56831, 871
60594, 275
10942, 320
63583, 648
19343, 606
66797, 70
41863, 815
24621, 585
50582, 316
66828, 820
64508, 224
5432, 290
52199, 906
9905, 802
5112, 922
27898, 12
25955, 777
42334, 774
9614, 535
60455, 285
5931, 359
52923, 664
13862, 969
55510, 775
61819, 26
2692, 269
61489, 297
48140, 610
35304, 695
30309, 632
20191, 839
49907, 668
21565, 422
29239, 545
54646, 509
39301, 913
12958, 916
33372, 172
37894, 308
40289, 127
26404, 815
59651, 628
46609, 30
62738, 167
10530, 344
1965, 185
55485, 722
54073, 335
14730, 845
22431, 495
54431, 34
12440, 153
20346, 250
51984, 792
10220, 606
38883, 14
19501, 368
67904, 468
61551, 364
36975, 554
17781, 604
46590, 398
34902, 381
59712, 833
2719, 812
17069, 615
31963, 222
24972, 824
56142, 828
32038, 256
44120, 896
69406, 791
21214, 578
42273, 1
35194, 661
7676, 944
61144, 857
48538, 713
15623, 790
61203, 879
3036, 380
57530, 285
48275, 447
50513, 593
54814, 219
62146, 361
25351, 948
68936, 107
41325, 772
15900, 735
56568, 271
24327, 496
8293, 10
43951, 331
60624, 846
25303, 823
60203, 990
36800, 681
8940, 322
51635, 775
42937, 342
33990, 94
480, 975
43753, 307
8833, 604
31049, 256
53069, 888
57465, 74
40046, 320
14107, 203
15568, 526
54570, 627
25416, 817
68328, 759
68893, 112
14829, 511
10304, 938
23294, 483
66277, 581
9853, 214
6831, 617
42752, 904
20490, 636
44529, 506
14491, 156
12807, 222
62039, 451
1322, 9
47699, 139
18109, 513
16009, 358
42974, 713
37957, 597
12759, 401
29491, 57
32276, 59
55479, 864
40557, 278
47192, 170
31459, 773
60643, 11
42838, 213
12371, 710
2560, 486
55593, 153
13489, 637
48192, 643
42964, 101
53964, 802
23363, 475
68414, 207
3831, 208
56267, 525
42075, 180
19555, 557
18363, 207
45390, 414
19575, 128
10666, 7
18583, 569
45394, 543
42889, 515
67087, 951
36084, 344
29870, 659
42711, 627
48167, 769
60987, 618
51618, 949
28796, 61
53362, 777
57938, 11
27984, 669
47553, 35
18689, 971
19997, 752
15560, 421
36586, 683
10556, 78
7409, 579
6217, 611
65724, 391
56849, 643
62306, 561
7734, 267
5103, 79
26807, 145
61260, 451
30253, 92
65727, 48
34283, 966
39519, 916
20698, 42
5027, 606
33195, 142
29490, 132
55563, 322
33417, 635
66396, 114
64505, 883
17106, 223
15705, 701
19092, 397
65234, 314
600, 432
37177, 375
34783, 787
8040, 109
55952, 745
67840, 293
25732, 732
69759, 186
16200, 829
27722, 492
14551, 819
49992, 662
59372, 326
56737, 485
39925, 994
49859, 640
43773, 428
66185, 453
6730, 626
17263, 272
14176, 250
41987, 604
9920, 256
43796, 563
58521, 780
16101, 820
10850, 953
27318, 470
62668, 613
583, 808
58428, 263
45769, 700
42547, 638
53615, 939
21892, 283
63010, 166
31026, 284
46785, 913
36286, 194
39300, 655
6428, 115
6155, 717
42842, 44
9847, 294
57150, 807
676, 323
18022, 708
52184, 200
54098, 591
33267, 225
60249, 671
18966, 100
66409, 873
34825, 369
19027, 93
70, 676
61384, 630
1323, 721
41513, 782
42565, 591
55265, 608
6172, 156
24578, 354
25008, 3
53348, 817
69482, 374
23469, 699
27226, 654
33046, 496
52583, 86
6806, 12
15538, 801
34386, 63
69019, 2
58617, 218
28091, 156
22972, 584
33554, 156
40313, 847
74, 584
23320, 208
7882, 43
34877, 632
13284, 931
47257, 383
30139, 870
50082, 205
37890, 2
55495, 194
29555, 882
13332, 954
55565, 908
68712, 996
31610, 566
40000, 336
36475, 288
43801, 638
34087, 537
64670, 122
48280, 225
42628, 136
22453, 200
494, 947
53423, 667
16740, 930
67590, 231
992, 879
69774, 813
4608, 359
45907, 327
5001, 510
35509, 260
418, 785
22886, 469
17570, 155
35767, 8
7509, 84
33347, 173
55595, 625
31148, 629
50971, 194
9862, 523
57134, 934
11726, 677
3400, 598
11912, 960
15056, 685
49244, 170
24128, 229
12703, 754
23117, 287
20313, 393
49265, 54
29666, 214
54752, 567
66123, 585
19492, 432
19531, 492
22841, 947
61440, 10
180, 604
24340, 74
18676, 221
25989, 198
52332, 279
46365, 330
12979, 797
16673, 911
61245, 579
61953, 132
18432, 397
44190, 133
69525, 551
64298, 129
16661, 302
25559, 342
43159, 65
4211, 570
58178, 825
45132, 761
19702, 386
52639, 824
7245, 512
61652, 121
16643, 870
66020, 458
47866, 393
35218, 912
13032, 692
32852, 608
39134, 927
18409, 622
6299, 619
44184, 417
22090, 574
5843, 444
52197, 116
30720, 865
56324, 166
57675, 927
31686, 766
66546, 494
11047, 784
32279, 381
56668, 850
60844, 333
16508, 755
39015, 737
66978, 613
48208, 999
30109, 666
44254, 987
67012, 99
40344, 220
49927, 494
45766, 233
53679, 498
6106, 774
34413, 430
67877, 22
50957, 494
12063, 79
21918, 971
31865, 176
30743, 530
35344, 481
60782, 117
14454, 9
2577, 325
50458, 314
46931, 50
62115, 945
21041, 108
15184, 50
24891, 60
51983, 527
13653, 870
11434, 771
63222, 630
58909, 819
27203, 487
56272, 421
56491, 659
6060, 2
26941, 763
30842, 422
27932, 312
55940, 945
13375, 951
10917, 434
7391, 958
47022, 53
18715, 350
53828, 146
67210, 547
32333, 593
28372, 708
68834, 758
38653, 615
464, 725
19580, 190
46484, 127
47840, 556
56475, 35
54383, 370
53124, 701
19449, 985
29348, 953
28084, 60
17952, 17
5339, 855
54828, 733
41052, 499
41746, 324
7110, 206
14031, 518
34219, 493
112, 316
38470, 895
40887, 920
39349, 4
21594, 962
64343, 476
2973, 694
16023, 174
39557, 988
49679, 566
32706, 710
68880, 404
60192, 520
20148, 374
38755, 177
66786, 870
46100, 427
37847, 430
66139, 398
58713, 139
48292, 916
53974, 60
49871, 123
23831, 800
53081, 120
62741, 732
40890, 748
7906, 24
67814, 825
49228, 195
69893, 1000
146, 545
6398, 59
49286, 549
38290, 418
7556, 269
57248, 778
48683, 229
64165, 389
48430, 545
36999, 254
49222, 993
49219, 492
35633, 115
69155, 938
50767, 920
9515, 712
41629, 715
36745, 76
48892, 541
44464, 149
37558, 514
19714, 270
45817, 10
8568, 732
60625, 398
41375, 336
33463, 682
49807, 790
8909, 206
9248, 88
47922, 54
63897, 199
60892, 105
21883, 482
68963, 697
4267, 622
53961, 386
54421, 611
26870, 211
45906, 611
40611, 767
5026, 804
46968, 436
64935, 826
20183, 163
12724, 699
33802, 257
344, 227
65799, 804
23050, 672
69917, 868
21971, 534
2712, 679
53952, 179
9611, 834
31947, 760
33309, 95
24489, 390
63576, 503
16563, 173
50978, 281
22230, 381
23167, 898
50022, 898
4390, 84
24688, 890
45060, 613
65067, 101
30959, 558
7865, 768
59059, 898
44144, 849
57063, 16
13003, 968
30160, 621
8325, 457
57495, 170
59339, 122
33086, 408
26961, 114
51602, 557
57572, 958
62172, 504
9507, 451
68982, 122
63250, 838
67665, 10
7160, 210
63662, 63
60934, 951
19178, 847
69943, 606
35345, 786
17686, 812
56621, 117
15330, 363
8153, 0
45777, 527
38324, 477
5096, 349
61175, 555
51260, 920
38095, 511
23738, 620
447, 933
55302, 281
6133, 650
23863, 316
21784, 585
26199, 633
11090, 872
28965, 318
57305, 916
42407, 211
1391, 661
64245, 454
49262, 894
11693, 868
69875, 506
14700, 641
14862, 670
51140, 893
34314, 740
28159, 243
5247, 553
32607, 324
24835, 591
7108, 420
27444, 627
48868, 376
29317, 528
44071, 982
15973, 179
55701, 51
68126, 21
41162, 463
55139, 347
65046, 224
8524, 950
68161, 726
56145, 626
7231, 167
69701, 633
68048, 275
6291, 427
6188, 856
57186, 663
3218, 224
49345, 813
20880, 142
46406, 31
23838, 572
59889, 155
9831, 92
18239, 62
47300, 572
31892, 451
2957, 176
24632, 409
27034, 914
60028, 875
2825, 625
23158, 913
48180, 7
65773, 324
47081, 985
17824, 881
41417, 204
67244, 231
2053, 9
64129, 116
2130, 397
30167, 75
17504, 564
39261, 953
9087, 977
58682, 627
1661, 315
14764, 214
33313, 891
66175, 790
27687, 904
1584, 45
12583, 340
14464, 13
60921, 840
38682, 73
2193, 1000
12125, 442
34123, 992
15468, 473
65481, 714
47879, 319
18391, 406
14658, 157
5401, 620
27507, 656
44507, 379
6625, 289
3622, 162
24431, 544
60673, 795
67421, 599
57942, 699
4504, 810
63470, 234
26198, 779
28994, 170
9580, 927
65541, 221
28966, 869
21977, 916
54898, 37
29615, 763
11445, 489
58083, 42
66518, 612
15677, 157
60872, 411
45591, 120
16274, 520
69623, 704
23538, 103
13968, 182
60157, 528
44259, 851
63524, 108
24527, 136
53060, 136
19367, 2
43365, 459
2614, 474
52798, 853
34800, 473
52023, 168
53243, 389
69262, 943
24244, 901
64170, 869
13040, 362
54450, 460
64455, 147
69780, 827
66823, 474
32017, 536
440, 373
21693, 49
66562, 61
40151, 776
59882, 278
69405, 299
140, 120
54635, 979
10327, 350
4864, 636
59706, 765
42916, 409
40179, 238
12536, 523
48870, 2
21260, 823
55972, 664
59582, 290
23685, 241
7208, 450
57201, 616
41578, 296
32909, 881
29918, 211
35017, 386
9727, 399
2233, 877
19637, 765
39482, 403
61663, 871
63671, 74
55814, 621
18506, 966
47664, 163
59429, 275
27647, 265
36885, 906
56960, 605
38630, 376
20924, 941
50823, 810
36267, 681
50275, 869
48861, 391
55670, 115
40880, 7
5085, 847
49628, 539
50534, 807
14912, 489
4057, 912
47636, 561
12667, 528
50104, 245
68442, 978
6911, 594
2325, 621
41412, 356
53862, 265
62197, 571
13482, 976
16127, 165
40255, 939
27769, 401
41214, 404
31116, 749
42290, 377
68362, 240
55761, 686
9028, 312
65898, 385
7392, 295
24768, 268
8077, 540
21061, 191
23056, 775
5223, 968
50821, 283
24048, 690
59291, 939
17741, 920
56826, 449
40457, 631
41818, 74
29972, 459
59330, 925
58115, 141
9652, 689
47565, 845
5429, 413
47305, 369
6267, 279
3907, 853
8536, 519
37347, 884
44788, 547
27039, 861
65733, 471
37916, 291
38061, 320
30227, 734
30419, 254
29697, 567
33768, 29
52527, 281
38683, 52
65769, 246
46133, 793
51731, 490
34553, 922
26928, 942
68014, 709
56547, 595
33127, 107
22047, 629
51774, 547
48952, 660
780, 887
18527, 484
18010, 70
10929, 870
22558, 785
31462, 315
51970, 749
51627, 701
69768, 795
59497, 913
65522, 25
28285, 81
34507, 478
8208, 492
6251, 526
69376, 375
5157, 644
16997, 468
10799, 894
7816, 450
19774, 278
40841, 775
37863, 401
66038, 849
19815, 668
31191, 404
57746, 366
52045, 529
53246, 353
9293, 362
17630, 261
20958, 527
36798, 740
37473, 514
48590, 201
50492, 141
66587, 638
4406, 991
41441, 975
47881, 920
16140, 32
27807, 892
50893, 636
57672, 920
30678, 193
13609, 480
26443, 608
34108, 139
65806, 809
22704, 289
69159, 736
8414, 271
36553, 759
36368, 543
408, 429
13562, 152
49421, 322
68782, 62
28944, 459
64667, 729
27602, 823
19805, 106
12345, 370
28000, 458
16873, 530
29519, 860
32897, 46
24695, 889
7267, 154
12464, 569
10970, 148
55702, 854
53289, 854
46836, 867
22888, 209
54494, 64
69963, 732
26209, 509
65797, 918
20900, 292
50369, 455
4096, 886
33305, 906
36957, 760
69514, 47
29833, 603
17502, 432
60339, 243
54240, 596
35288, 235
40745, 101
34393, 773
51115, 164
35576, 629
69235, 753
43182, 325
60798, 362
11449, 340
8883, 135
38366, 235
34879, 730
54714, 717
43068, 658
24000, 319
55738, 527
41828, 280
29751, 609
48363, 780
10079, 746
46631, 596
54540, 331
21245, 780
10349, 877
55612, 505
33165, 376
65315, 563
11298, 915
54306, 31
62210, 100
21925, 174
30531, 520
28872, 219
46818, 968
65841, 876
44455, 508
54850, 457
38122, 691
26791, 675
44111, 246
33643, 160
13165, 297
17275, 822
20253, 304
4750, 919
63527, 293
35794, 601
65190, 906
39216, 696
32860, 324
50614, 171
65565, 844
12322, 838
46165, 65
39368, 16
21378, 11
15233, 313
19074, 361
49080, 639
68599, 675
68296, 191
38144, 851
19582, 672
8089, 299
13895, 642
52888, 34
61954, 297
39930, 734
8287, 199
61168, 659
48925, 525
52414, 781
30716, 918
63232, 186
24506, 185
36642, 505
44292, 889
65402, 568
32571, 400
37975, 487
49566, 599
50069, 817
39259, 917
25743, 909
40697, 294
32139, 60
41244, 890
67443, 644
20952, 339
12461, 901
45198, 311
64573, 62
17596, 941
5915, 502
56978, 467
13095, 723
28940, 582
58151, 46
17224, 398
69597, 936
45936, 427
66280, 803
3840, 633
36895, 207
40380, 601
23858, 496
52346, 647
12341, 235
59293, 893
57609, 869
39603, 681
26997, 618
67841, 867
47942, 643
21754, 798
3094, 44
38162, 580
1647, 456
59886, 228
11164, 208
27193, 795
56983, 864
66597, 217
54370, 621
58978, 424
920, 803
62093, 230
15886, 698
16867, 713
47874, 368
3275, 853
57003, 222
53596, 265
15266, 458
16875, 695
53514, 882
18181, 854
22585, 477
64646, 422
48506, 884
41534, 218
50338, 42
33042, 349
53354, 26
22535, 30
18593, 185
50690, 436
42619, 98
19926, 331
57574, 526
31512, 863
6793, 986
54051, 755
19163, 890
20610, 830
58860, 846
12817, 809
48614, 698
54338, 103
64895, 507
32311, 895
50967, 873
34438, 229
33907, 714
18241, 599
9470, 897
34404, 350
46469, 748
66701, 238
42623, 419
47517, 774
3100, 582
29718, 914
48586, 869
65686, 786
47775, 26
12473, 11
17605, 597
21553, 763
28434, 668
24729, 942
35748, 742
67961, 35
9984, 106
7587, 742
11650, 444
11755, 199
8199, 243
2401, 286
26280, 535
25943, 173
44242, 286
22470, 641
24540, 259
20439, 616
48955, 482
37503, 861
61392, 524
44237, 975
15035, 390
6938, 916
18967, 967
18249, 536
31978, 683
19353, 313
66148, 56
39391, 781
11865, 101
9216, 122
39262, 329
39785, 77
67824, 96
33602, 93
44130, 32
24160, 726
45432, 348
24598, 613
39893, 27
51458, 742
45997, 541
17501, 69
12218, 120
47847, 260
15465, 815
53721, 328
39339, 259
13982, 465
26560, 614
64680, 718
46745, 2
52011, 416
39443, 776
47830, 760
16553, 269
30852, 179
59783, 550
69630, 244
15235, 244
27388, 656
22194, 61
59771, 863
26387, 928
15572, 991
35319, 210
59084, 493
33321, 203
55496, 855
13808, 337
2000, 935
63414, 234
14682, 186
52274, 474
38879, 396
6946, 663
60605, 127
68474, 457
21129, 782
63793, 171
47018, 72
27108, 675
1056, 915
40569, 334
29971, 933
36435, 456
59836, 239
5585, 777
60338, 218
42129, 558
55755, 617
54042, 211
50048, 410
28259, 357
59490, 323
11630, 970
38491, 213
32076, 583
14441, 604
50437, 47
61114, 344
46263, 79
23701, 875
30958, 897
32203, 98
50653, 263
29449, 790
32567, 832
4518, 9
32480, 221
67059, 157
37795, 119
50594, 305
25378, 245
9371, 897
56440, 44
62530, 50
24816, 361
13212, 748
37219, 294
52269, 7
54097, 37
49098, 306
21492, 989
33623, 720
18707, 24
45851, 786
56801, 67
6279, 34
17091, 269
32504, 441
10886, 229
34520, 530
62090, 430
24992, 784
14008, 735
55639, 148
38911, 405
15558, 269
53860, 699
59166, 83
56742, 232
57456, 327
56511, 999
38002, 135
55512, 387
59130, 457
32895, 264
66256, 973
42322, 804
33843, 329
4567, 133
59173, 2
7584, 327
45739, 739
63178, 216
12780, 56
33352, 746
22752, 918
31060, 663
23132, 582
55117, 73
33963, 250
61213, 139
1643, 481
10572, 892
50879, 402
15652, 444
15833, 316
24215, 820
57830, 404
49403, 795
45047, 262
19460, 199
51843, 22
22150, 265
44386, 845
45213, 644
40430, 882
50301, 583
41400, 109
26031, 943
63475, 156
42302, 431
19942, 501
49393, 251
42363, 363
27642, 522
32906, 510
43323, 52
29005, 43
56771, 759
41908, 555
18159, 546
66631, 358
27084, 835
13171, 741
13608, 548
51931, 598
9007, 78
19556, 686
884, 232
27568, 524
33950, 524
6536, 666
801, 476
68153, 632
20822, 205
20645, 819
63207, 309
37594, 949
9798, 525
3675, 870
18599, 319
21989, 55
46308, 627
11302, 110
50117, 910
9059, 388
43125, 674
26700, 437
1345, 385
403, 350
69111, 393
42079, 290
50979, 985
46374, 54
45510, 775
42917, 795
13702, 130
28283, 158
38155, 724
42329, 916
13984, 589
15834, 981
45095, 543
30884, 92
52709, 796
61330, 933
58108, 138
57295, 17
36284, 155
17582, 255
5104, 544
192, 343
6800, 324
69112, 774
64467, 722
42235, 805
34757, 90
22352, 574
10731, 899
64630, 398
39585, 976
27872, 473
57338, 168
67985, 371
13425, 169
16951, 447
11753, 407
56744, 332
26573, 219
60469, 525
64335, 31
38538, 768
5999, 314
38029, 412
30360, 385
26448, 603
53556, 477
21494, 889
45352, 684
57732, 505
67566, 499
59393, 891
893, 493
6052, 823
16748, 993
24646, 451
60730, 749
22388, 603
62290, 858
9375, 172
39448, 559
21284, 163
59181, 493
24047, 908
57316, 248
4672, 813
11700, 362
16420, 138
55090, 788
67885, 783
20397, 774
2425, 266
29585, 950
52, 314
4936, 848
46079, 217
36397, 774
43694, 939
61891, 482
51720, 58
51981, 287
4435, 920
43635, 815
29629, 498
42912, 955
22408, 341
3112, 208
29225, 84
68466, 573
26854, 896
68511, 761
65039, 993
34993, 744
66595, 180
25010, 194
55992, 336
23586, 567
54026, 407
52459, 840
36158, 282
19189, 964
49737, 250
58535, 341
29027, 608
6508, 991
4384, 996
61670, 845
18207, 816
16685, 898
13677, 783
27075, 360
1596, 187
33830, 430
47668, 740
18378, 648
57022, 477
18051, 646
65112, 606
66236, 709
37994, 122
24536, 355
16229, 910
20623, 357
36915, 67
11024, 208
22155, 424
59681, 451
40738, 35
49070, 682
636, 787
55865, 357
42900, 790
14797, 116
37605, 575
20617, 639
29480, 426
17757, 701
9998, 298
25481, 976
29510, 652
9247, 815
60085, 81
14360, 569
59246, 410
34501, 154
69058, 15
50173, 496
35480, 252
62800, 7
46998, 326
38770, 872
6726, 876
39652, 292
29004, 182
1790, 160
21619, 986
39926, 110
34544, 21
60742, 10
31011, 734
835, 123
36810, 687
48201, 420
18742, 332
48512, 890
10907, 807
58307, 443
46921, 257
23191, 191
53809, 339
62622, 654
45583, 456
62447, 309
25085, 197
39772, 887
54008, 251
44733, 805
36582, 639
69087, 606
9651, 270
35955, 356
63780, 888
61357, 192
48732, 574
8766, 407
24822, 355
2338, 694
58245, 886
56809, 331
24306, 567
50485, 476
47883, 283
38484, 781
40386, 685
45199, 14
36973, 867
24419, 593
50178, 935
65494, 703
54674, 762
22716, 399
63241, 284
60909, 779
28744, 984
11330, 96
45359, 226
56178, 264
69502, 893
61425, 287
48016, 871
54142, 442
63256, 735
65899, 996
47980, 415
17164, 280
48657, 101
37480, 22
21625, 643
16647, 496
14214, 873
19919, 154
68626, 660
34230, 91
53566, 664
12591, 577
65196, 665
41747, 877
9843, 905
22654, 468
48960, 950
37026, 423
29973, 520
53167, 31
21165, 399
5933, 466
58333, 747
6520, 29
66646, 471
32823, 712
69666, 905
60657, 540
59118, 749
21235, 272
8442, 403
28325, 103
5977, 973
57879, 594
1136, 469
59502, 760
47220, 368
17856, 319
10938, 602
37870, 795
1783, 574
15803, 421
58516, 569
47080, 264
37309, 881
4136, 486
21151, 920
25142, 686
57388, 255
36439, 46
62650, 237
33157, 625
44020, 528
59495, 108
10849, 280
54489, 421
68675, 179
64146, 144
26078, 515
9693, 598
6433, 949
25939, 54
54471, 793
42814, 581
17577, 96
36201, 975
46693, 345
24730, 805
23580, 422
49861, 667
20390, 283
48489, 399
33575, 790
63948, 470
52111, 758
20263, 97
11109, 632
16347, 808
68509, 469
54699, 85
53277, 256
25745, 74
64800, 540
38723, 277
32119, 880
52270, 846
51384, 142
54673, 778
69841, 597
35528, 330
49845, 605
47153, 528
40506, 187
33791, 496
4644, 704
55641, 997
49989, 265
41013, 639
51428, 48
19716, 905
12873, 539
53474, 521
26579, 88
60150, 44
54130, 262
26158, 33
37967, 706
65217, 956
64315, 849
45990, 818
62470, 73
28513, 965
60715, 299
66283, 914
14620, 711
9460, 592
33833, 977
62605, 34
29331, 711
66706, 747
415, 383
17839, 151
16757, 448
2570, 429
58616, 816
32566, 312
52322, 171
18660, 585
38361, 695
15933, 657
22107, 29
18095, 578
52372, 762
24280, 879
873, 8
28465, 1
45874, 415
32900, 80
18679, 748
47086, 219
61134, 509
32021, 445
61741, 334
31997, 759
9898, 938
1650, 294
14151, 628
20384, 796
964, 913
63866, 516
6436, 57
52467, 433
24604, 934
30519, 134
15764, 708
46646, 232
8415, 497
42139, 704
31864, 572
6090, 778
58583, 805
64580, 212
37288, 183
22081, 433
3224, 31
31847, 217
4695, 527
18802, 211
54912, 350
27506, 164
42958, 876
1592, 838
46322, 959
33730, 160
10551, 348
8983, 629
1818, 197
4906, 119
58514, 147
44396, 352
26069, 887
20154, 408
57027, 607
24174, 875
60271, 115
14492, 125
31467, 702
25359, 429
25861, 466
53032, 618
54227, 984
35359, 671
2183, 224
51566, 133
10414, 3
551, 117
43430, 806
58856, 765
9285, 944
34253, 13
14379, 435
22323, 957
65943, 735
19619, 582
21821, 854
12212, 386
38311, 969
55003, 138
52861, 43
27678, 612
8273, 194
49681, 352
31408, 936
14955, 42
708, 478
13804, 774
58357, 738
34818, 882
61837, 140
35994, 547
54380, 798
46562, 219
12169, 567
4389, 292
55660, 524
30342, 568
27866, 640
3594, 836
49981, 172
51077, 227
56589, 788
15890, 474
11789, 185
52178, 33
7563, 628
17737, 998
28280, 952
49509, 559
8845, 868
11949, 515
56134, 445
15753, 642
10549, 406
6682, 120
1595, 674
18215, 769
52828, 138
67949, 500
8280, 81
41163, 9
32079, 917
53195, 940
19681, 200
13150, 214
31542, 711
4469, 131
47097, 276
24626, 575
11229, 426
29736, 96
29893, 798
3291, 61
5487, 143
36535, 326
37804, 383
52291, 295
18451, 983
24142, 455
1372, 588
42059, 863
53371, 945
24842, 713
6419, 48
66263, 190
66182, 18
26324, 79
17220, 817
37096, 415
26940, 20
43526, 148
69379, 634
30118, 230
6871, 522
27871, 466
21272, 633
3528, 732
8982, 355
49353, 548
64969, 463
1333, 799
64061, 556
28957, 704
57789, 654
56707, 470
57340, 583
33083, 968
54052, 485
48465, 756
12670, 145
20124, 625
33890, 934
68938, 430
24571, 653
64039, 88
38663, 969
17573, 827
55455, 451
62283, 948
29133, 125
25959, 27
16174, 373
10841, 687
61347, 89
64515, 380
29142, 631
65435, 608
9548, 217
41899, 975
18151, 200
62308, 628
59096, 71
24555, 789
44899, 145
28141, 291
58666, 350
7486, 138
39373, 237
14542, 729
47921, 157
60837, 602
32282, 855
29287, 742
47388, 267
5119, 206
43113, 468
4563, 663
41519, 266
296, 28
37944, 513
1896, 744
67226, 260
45531, 931
38128, 202
49733, 71
30445, 615
6513, 940
9281, 45
12889, 87
24368, 385
33663, 830
63910, 497
47181, 389
58003, 26
40633, 686
44261, 434
42679, 261
12294, 802
52480, 498
23356, 991
51338, 133
47564, 66
466, 79
56173, 977
24301, 71
14222, 909
64368, 556
50293, 623
61720, 654
31130, 735
32746, 122
25942, 405
8000, 47
9750, 659
60256, 931
44238, 9
24926, 131
45545, 316
2172, 444
54267, 221
68073, 247
54439, 878
9955, 670
18195, 462
30347, 249
10680, 464
67684, 742
45857, 584
47152, 110
24025, 502
64225, 730
27064, 16
54286, 376
48982, 292
42246, 810
66852, 822
31823, 713
22170, 550
42336, 385
11369, 109
49693, 476
27706, 643
15542, 553
3056, 985
57427, 476
31031, 130
2058, 316
43760, 376
25757, 157
52782, 39
69322, 870
13950, 536
24840, 672
15367, 69
28616, 672
59500, 392
37767, 558
14978, 518
8803, 588
35791, 410
10533, 633
26434, 45
52190, 232
56290, 248
42181, 577
3539, 913
60049, 326
61706, 568
27581, 57
68536, 720
37397, 84
66206, 3
55032, 679
64489, 669
5871, 140
784, 233
36771, 473
31925, 57
15287, 387
45296, 850
65436, 369
1399, 569
63510, 512
67980, 492
78, 300
27492, 381
52328, 439
16250, 815
24588, 126
48693, 205
24721, 708
31774, 591
34447, 125
48643, 602
55186, 943
17849, 641
56286, 791
59149, 687
60493, 482
57204, 778
18547, 536
2373, 257
61326, 526
13541, 75
9220, 803
33270, 493
41795, 293
2009, 317
27482, 780
20461, 398
28756, 664
58409, 57
5440, 919
58479, 164
16086, 311
50688, 982
53636, 846
50993, 334
58623, 848
26532, 338
17268, 165
49919, 341
4945, 493
59664, 989
63657, 776
66932, 445
41266, 488
48212, 436
39870, 268
29978, 106
69127, 510
29542, 940
134, 404
51959, 105
68308, 329
33348, 448
33289, 260
32788, 2
35128, 328
8175, 795
65907, 437
30173, 476
54861, 410
52469, 593
54705, 625
45746, 288
41434, 56
19103, 554
14232, 314
29658, 293
10440, 259
15001, 534
23173, 82
6100, 886
1373, 656
39211, 590
55476, 744
39625, 423
59932, 39
30120, 636
44012, 661
66941, 874
55918, 21
20896, 192
55365, 218
39891, 46
16181, 595
55171, 203
69602, 661
55363, 25
34094, 412
21842, 83
48356, 49
22929, 664
26740, 169
16536, 601
32738, 236
27811, 614
10439, 655
10582, 942
26208, 74
43171, 193
1281, 782
57748, 528
54543, 687
43840, 801
35220, 288
24909, 39
28258, 549
43943, 959
22082, 187
7832, 528
40510, 549
40114, 365
25903, 215
39981, 803
65999, 832
2060, 437
4696, 173
5063, 978
65168, 72
12077, 129
13013, 296
3450, 788
35046, 521
53357, 434
53909, 908
19817, 778
66039, 433
65013, 283
41606, 124
13269, 210
66825, 731
18998, 77
17909, 535
22182, 202
34930, 514
64700, 991
64140, 861
61831, 900
38671, 743
22228, 578
47701, 862
21926, 160
54729, 978
29566, 489
19382, 464
22169, 960
16135, 662
58770, 473
7178, 927
68276, 431
8623, 702
32050, 822
63585, 908
45838, 166
27437, 788
9167, 632
60119, 661
20785, 785
23046, 357
28708, 381
2134, 130
40364, 138
44952, 250
56303, 294
9320, 326
6602, 994
64409, 499
33255, 566
52127, 961
8227, 596
37190, 176
49957, 382
28385, 147
2209, 867
26238, 655
4110, 35
67079, 192
42274, 708
23202, 425
45922, 454
38571, 667
11680, 982
4818, 950
50907, 79
25208, 759
32179, 338
26846, 144
19350, 615
46447, 892
6314, 102
55876, 756
44360, 463
37175, 187
50674, 102
31199, 98
51713, 565
55136, 507
64543, 565
40222, 510
6651, 109
21408, 289
40253, 472
69204, 529
63209, 576
61329, 408
47562, 5
21955, 428
21289, 63
8525, 740
2375, 283
35403, 402
63750, 725
1754, 750
22177, 598
13265, 678
17426, 825
43993, 209
11540, 874
10788, 390
29759, 904
22817, 865
33337, 965
64751, 897
41919, 824
19764, 925
69018, 663
43691, 103
21064, 918
54844, 643
56543, 399
41897, 344
14847, 676
50139, 398
57518, 264
58165, 780
37371, 674
36984, 757
12860, 428
59617, 397
9048, 571
27739, 292
21110, 571
2406, 906
15022, 1000
28859, 486
52172, 479
58186, 621
43527, 715
25306, 530
64520, 673
7126, 889
27411, 802
3446, 271
48131, 634
39572, 655
56187, 167
52279, 821
42828, 505
35679, 596
4764, 220
63422, 49
36094, 470
12859, 466
61038, 995
47536, 483
21927, 627
10310, 675
36514, 295
16486, 50
42718, 802
68199, 800
3256, 764
35339, 150
40081, 58
5541, 77
40246, 93
56908, 930
62982, 643
67696, 239
32307, 349
25122, 844
32230, 352
60711, 94
39668, 714
68565, 343
3200, 391
40703, 367
19064, 200
25604, 265
32231, 707
62894, 998
34695, 180
58501, 53
24308, 306
43962, 801
21748, 799
36274, 324
56999, 77
42855, 54
7112, 631
4424, 99
23276, 289
60495, 540
61056, 55
66809, 997
23561, 943
3869, 359
36138, 340
65220, 886
56381, 596
47901, 393
20615, 800
59060, 855
53877, 387
31825, 969
59323, 885
50566, 794
27982, 807
15991, 299
37032, 572
15561, 968
54104, 794
52351, 32
27107, 608
10039, 199
17195, 664
54628, 941
223, 499
12616, 614
55635, 52
63161, 323
68753, 244
622, 257
11698, 339
52013, 719
52868, 593
61762, 362
54287, 283
23189, 224
63265, 236
55274, 167
59667, 403
35859, 404
31600, 607
66538, 445
61695, 911
20888, 298
42652, 398
50575, 822
18323, 946
3131, 385
59428, 135
25037, 546
69221, 890
16870, 456
13247, 891
21240, 513
9768, 380
63665, 878
48661, 975
61301, 891
2749, 643
61859, 388
58249, 475
65581, 94
23334, 425
49934, 896
52004, 468
67396, 158
8838, 267
69355, 976
61592, 585
18180, 808
49683, 353
14893, 732
56578, 993
1684, 814
40186, 709
2064, 435
12756, 913
38831, 369
23066, 424
64748, 16
64596, 218
2440, 204
43002, 772
446, 589
30012, 459
49967, 299
53623, 258
16207, 595
55528, 580
18362, 281
13592, 332
66925, 515
31728, 35
17756, 928
27355, 41
17169, 504
53160, 979
66113, 411
2533, 795
58360, 480
18412, 238
4334, 324
46538, 819
46217, 559
57749, 911
20394, 70
32380, 696
32694, 765
34876, 190
51449, 128
27164, 616
57806, 461
8857, 354
69794, 791
4611, 875
14789, 577
24993, 905
6309, 344
28526, 652
2521, 949
29838, 873
38622, 820
12411, 728
31159, 740
55524, 738
44927, 294
49356, 443
48921, 435
42935, 895
17187, 260
33927, 96
30211, 372
64647, 944
58664, 773
56128, 402
9213, 206
17467, 526
65357, 383
14601, 234
33804, 237
29545, 303
57476, 273
64011, 183
9780, 239
41099, 549
59699, 738
60114, 816
23977, 74
61160, 337
67549, 387
25241, 469
11708, 989
24531, 356
32951, 393
56805, 889
29575, 925
10228, 443
21756, 269
40842, 171
52261, 780
67728, 190
48831, 963
7823, 855
28547, 380
10594, 758
50426, 633
37663, 993
39111, 721
6257, 207
33790, 354
28558, 17
34315, 364
53589, 428
34984, 725
69293, 549
55946, 477
29757, 748
17466, 124
40999, 546
46574, 91
5154, 764
47320, 709
10535, 580
40647, 962
55580, 532
55676, 1000
56788, 469
35584, 967
45535, 378
54181, 619
43850, 790
66509, 28
36723, 785
38378, 154
28599, 611
13245, 2
57706, 315
32978, 192
33366, 501
53127, 284
46211, 59
4694, 646
61834, 190
67681, 958
7320, 578
11611, 887
32416, 154
36543, 294
50790, 636
63433, 879
11339, 200
67117, 671
54220, 708
41817, 71
11856, 409
12829, 46
35709, 314
63938, 756
42025, 306
62497, 327
69421, 345
5287, 915
10863, 886
2807, 601
34815, 863
58723, 583
7054, 829
57695, 564
17196, 86
52650, 426
65535, 599
4886, 540
42062, 338
51256, 826
10074, 757
62251, 125
39769, 78
45830, 438
68488, 466
57677, 681
61753, 307
7093, 573
15700, 568
43202, 891
25286, 853
58822, 458
22211, 668
56262, 556
48003, 621
621, 419
41014, 633
1952, 293
1641, 721
3509, 887
32026, 70
63329, 381
39742, 755
41685, 587
34484, 95
62935, 689
42115, 912
29422, 851
13125, 773
47127, 534
67475, 827
39164, 314
42297, 172
40016, 278
12819, 889
21065, 749
41764, 504
6907, 350
12431, 390
21987, 99
45810, 831
68923, 922
60598, 400
14055, 860
12316, 825
15936, 798
67530, 44
14414, 69
32943, 538
46600, 661
61809, 721
52674, 336
2434, 713
20107, 123
10084, 793
858, 410
39665, 450
43586, 565
32225, 411
5936, 935
23754, 740
52524, 771
50175, 987
47740, 645
5938, 487
67090, 918
47451, 9
18571, 729
9965, 515
14049, 686
42445, 658
65700, 262
11189, 559
55733, 705
32255, 185
58701, 17
69232, 373
66969, 475
53553, 179
17611, 698
27123, 828
32347, 578
45415, 930
12404, 16
11867, 999
11794, 835
52690, 253
65141, 411
63631, 262
25763, 415
42076, 103
12741, 161
28493, 504
15417, 157
38108, 751
7668, 734
15381, 673
40579, 47
17124, 285
3272, 241
28736, 301
21739, 0
594, 620
23467, 712
32842, 981
46044, 272
16413, 615
21431, 890
14087, 828
33364, 698
36372, 297
8946, 141
15426, 638
47514, 702
7687, 977
37280, 430
9424, 75
56382, 133
14348, 617
29104, 271
52717, 85
30549, 23
4852, 287
67378, 758
17607, 356
67532, 61
4987, 730
5726, 343
56758, 91
8487, 504
61750, 925
31923, 426
17017, 683
12635, 6
2565, 525
47316, 216
64852, 977
620, 161
17536, 674
26373, 710
665, 728
41912, 298
32991, 141
67538, 91
43191, 821
39619, 44
67871, 595
69358, 561
21900, 914
40470, 360
26247, 101
12471, 845
61509, 130
52164, 4
44737, 365
53829, 171
11706, 81
7659, 253
30331, 800
61794, 618
674, 23
24068, 420
53956, 185
48764, 640
23773, 243
15916, 410
9929, 31
6509, 923
45871, 556
30663, 267
54201, 183
59489, 667
26988, 634
2412, 512
27682, 662
13258, 144
20556, 823
59503, 123
68695, 92
10913, 405
7606, 236
10676, 524
64575, 131
53486, 571
52437, 997
40189, 475
23626, 109
1629, 124
27008, 18
35413, 697
40236, 779
55352, 817
4963, 141
37198, 19
6504, 426
55500, 253
39255, 587
65603, 522
42435, 800
21861, 828
8698, 647
3196, 255
4693, 69
41161, 226
11944, 396
5869, 32
56932, 281
19394, 484
41108, 748
36152, 285
20667, 145
3550, 441
36566, 792
16704, 298
45307, 544
1128, 3
30761, 411
26339, 175
52471, 599
590, 295
21247, 528
2328, 759
4413, 898
1445, 313
68059, 981
40439, 505
49658, 846
45747, 854
22950, 870
66623, 645
27995, 167
56859, 307
56114, 567
11335, 353
42065, 567
55596, 68
21413, 356
46411, 694
30071, 626
38800, 411
44625, 884
12871, 703
45920, 476
64816, 629
46325, 617
1131, 82
66983, 972
571, 343
8600, 19
22031, 821
859, 225
65966, 371
36379, 198
30954, 532
67092, 183
9834, 596
4911, 256
17632, 964
14164, 482
5000, 776
7978, 7
37062, 480
43391, 473
67945, 589
22624, 26
68090, 350
51331, 282
65547, 889
30156, 675
58079, 789
2608, 267
42288, 603
15167, 113
62119, 55
46394, 908
17558, 208
23749, 977
22308, 884
6720, 665
58481, 637
36336, 124
64032, 750
31526, 749
68496, 51
56415, 702
26649, 509
15660, 543
50317, 532
60010, 610
55356, 989
69484, 947
18271, 631
35365, 144
7674, 400
12304, 468
17125, 544
53218, 654
31819, 73
51971, 864
19865, 598
41995, 741
18541, 10
58366, 778
37358, 852
62675, 771
7612, 112
13503, 842
27392, 368
41290, 481
50640, 965
17635, 405
6397, 520
63663, 418
56947, 333
50271, 766
45854, 991
67211, 202
28379, 115
51686, 153
35682, 841
24072, 274
39669, 735
17693, 958
67272, 718
57729, 34
59476, 497
19191, 905
60765, 158
5710, 205
11729, 175
46601, 64
32680, 387
62170, 494
37247, 43
26118, 404
29520, 66
13175, 316
10474, 946
10081, 44
46065, 47
37743, 442
16590, 458
4237, 916
31067, 65
2358, 983
27383, 977
67295, 451
58278, 854
26559, 153
69605, 970
37481, 865
66453, 620
46970, 404
19912, 186
66219, 276
25364, 615
22536, 868
39381, 740
14790, 478
50935, 3
58620, 355
49481, 609
66001, 742
55713, 396
11704, 635
53994, 915
45477, 869
59488, 535
25167, 70
6243, 659
51421, 596
2083, 460
69639, 988
34361, 960
1067, 862
2933, 401
63281, 556
2664, 650
7689, 815
57225, 52
43593, 501
47035, 831
18608, 267
9120, 82
68288, 75
66571, 96
68218, 295
42188, 909
43764, 182
54824, 84
23157, 352
45483, 30
53779, 906
10229, 623
4234, 327
9135, 780
22538, 149
12495, 907
30341, 361
39165, 395
21966, 332
312, 918
54039, 411
46555, 511
52388, 266
1475, 728
68977, 646
57933, 302
17316, 269
10587, 149
24334, 445
21621, 749
55786, 7
41285, 446
25847, 890
67900, 291
63363, 224
24595, 47
64579, 985
27764, 612
49925, 476
10565, 360
40410, 636
27856, 98
14651, 312
48986, 769
47114, 563
50475, 704
61026, 784
45971, 436
28078, 753
3674, 899
3979, 469
43834, 484
40597, 248
4975, 643
34140, 926
40730, 221
11969, 610
16811, 390
62406, 168
45243, 306
38897, 767
21090, 318
31668, 666
59787, 698
13189, 471
52210, 953
40204, 706
10661, 919
68600, 623
6498, 542
4250, 69
49621, 858
11307, 174
21824, 860
12023, 688
13329, 424
34952, 822
31804, 287
60751, 305
48390, 120
41102, 913
16742, 945
28707, 562
47003, 357
19009, 172
12800, 519
37913, 425
12840, 563
25471, 306
22779, 934
42020, 431
47985, 515
51200, 574
13465, 151
32615, 19
48834, 403
68583, 484
61133, 890
14809, 767
2105, 890
56934, 593
42281, 737
3898, 35
49075, 61
52663, 16
22554, 669
43629, 800
31046, 1000
50716, 524
30072, 660
12963, 35
36753, 502
15974, 387
55324, 13
33765, 287
6472, 631
65585, 147
1756, 549
18189, 456
20692, 540
47527, 284
41143, 50
23841, 620
25461, 205
15882, 705
26452, 856
62608, 637
14101, 837
1869, 343
11522, 511
17648, 576
69278, 966
2857, 382
14768, 713
37463, 211
67166, 329
17871, 893
58551, 407
32591, 540
20164, 205
5356, 194
15274, 436
49961, 524
45542, 59
3652, 727
43331, 969
24062, 507
12927, 961
3576, 918
14314, 890
9983, 260
14512, 404
30038, 510
18287, 709
49438, 488
25915, 634
48755, 104
47120, 580
38414, 107
18150, 677
57049, 673
27836, 130
57409, 159
61230, 925
62654, 785
23439, 267
55434, 717
47795, 274
35612, 266
30087, 658
38885, 458
63163, 580
39790, 458
21516, 506
8102, 872
68839, 670
47898, 156
64257, 787
31141, 475
37544, 36
42429, 66
42121, 916
49272, 840
34076, 71
9437, 682
23591, 785
28497, 910
11450, 619
20288, 24
44800, 160
20215, 516
42074, 796
22509, 566
67296, 388
21867, 730
67199, 371
38450, 703
42525, 146
60175, 962
7310, 380
3582, 337
35038, 63
1751, 21
1657, 697
4704, 990
6151, 713
31134, 204
24494, 938
14142, 373
59327, 88
4268, 570
24352, 848
7292, 546
6189, 277
12337, 747
34779, 122
59647, 444
33994, 477
26284, 416
36888, 752
45413, 616
58789, 713
50628, 763
8295, 468
12658, 588
50165, 94
58211, 627
33010, 206
57575, 344
3472, 110
5336, 850
59805, 592
29446, 986
25127, 907
67805, 826
58404, 956
26458, 563
53004, 647
69273, 404
34768, 602
24827, 16
32098, 553
14448, 89
44148, 212
45448, 883
5768, 109
37830, 500
43830, 337
21937, 439
4942, 894
43785, 667
53835, 449
57566, 545
23847, 567
52070, 243
8553, 694
25894, 982
44623, 380
46269, 844
50232, 899
7551, 24
49162, 404
69648, 837
22078, 257
17329, 295
35034, 323
55049, 119
3495, 791
68874, 325
20553, 911
1543, 908
61763, 128
40659, 727
56217, 294
43188, 724
31376, 981
4359, 913
45281, 764
31815, 963
20041, 424
28264, 723
26226, 724
33562, 236
18084, 427
28011, 377
7747, 332
41322, 375
54890, 611
11056, 991
39836, 758
68476, 766
37896, 948
40182, 160
45515, 15
58345, 871
52628, 181
55941, 87
12765, 92
12541, 544
31454, 937
4856, 936
44016, 323
18709, 378
52601, 855
60515, 86
58282, 750
55682, 81
8640, 97
40694, 841
17146, 604
28358, 964
57980, 760
10859, 87
40412, 42
10007, 94
41932, 702
3053, 190
32578, 305
4687, 127
48942, 816
17723, 272
11032, 118
309, 433
68468, 683
33131, 478
34994, 684
14311, 454
60250, 841
10107, 861
5474, 844
62232, 660
23154, 953
51857, 216
69298, 718
52734, 298
56150, 845
44566, 620
39631, 471
56975, 634
41523, 745
63299, 446
43777, 741
48476, 884
35826, 650
5145, 797
15594, 300
37593, 129
36565, 380
56231, 228
33930, 588
60368, 229
7479, 308
58512, 11
27894, 468
27580, 540
3756, 201
27228, 281
30194, 892
53561, 581
11316, 372
61339, 114
57841, 320
57690, 888
64690, 702
61081, 773
27640, 409
6234, 643
28316, 91
2215, 589
64322, 918
55385, 772
38263, 466
29488, 83
51805, 31
62334, 125
58214, 862
40787, 792
12542, 533
2918, 355
45184, 811
20198, 515
35381, 974
25528, 902
41096, 281
4506, 279
37615, 397
30877, 173
38646, 223
8468, 504
52727, 607
47139, 64
14230, 113
13262, 290
18977, 382
39486, 835
50595, 75
1302, 576
60281, 724
24704, 674
68156, 727
2752, 459
69462, 873
64427, 540
42475, 837
33903, 208
58890, 289
10385, 115
23479, 34
57693, 750
58517, 688
22652, 175
42827, 697
58134, 911
59975, 793
15795, 449
33563, 127
33224, 677
33447, 673
58261, 809
18157, 180
68232, 126
21183, 13
20580, 681
45884, 330
64083, 772
67091, 268
18939, 497
25258, 798
29952, 172
51283, 677
40793, 677
56532, 870
65311, 642
15125, 495
38625, 846
44548, 995
30790, 855
44195, 865
26201, 40
29134, 799
62200, 820
5676, 31
51958, 650
38670, 515
35435, 912
10416, 803
9049, 138
27350, 639
30185, 951
7212, 379
36392, 844
49464, 653
10711, 968
44042, 104
37370, 287
38330, 220
9056, 944
17733, 67
7313, 999
41030, 889
50845, 418
26319, 88
54982, 962
63264, 250
10475, 16
62289, 591
23582, 312
34428, 112
55359, 156
48213, 64
12454, 106
23976, 920
43427, 563
50763, 740
2747, 24
24841, 97
64808, 59
55155, 831
48780, 791
36510, 537
66501, 851
50473, 983
58369, 65
41202, 201
30839, 215
12571, 27
64231, 971
63964, 384
24956, 868
28001, 513
44620, 646
26877, 404
68334, 803
35762, 999
137, 860
19975, 852
13569, 201
41458, 551
7445, 154
36291, 721
10361, 296
39429, 735
32243, 338
61971, 360
24237, 808
28638, 839
2662, 876
7632, 249
9479, 468
64861, 391
20947, 513
16021, 743
63415, 334
61836, 328
35588, 121
49674, 2
49615, 838
42739, 4
67950, 371
43042, 145
4086, 78
49652, 188
37749, 609
65399, 755
68983, 390
25407, 665
33282, 460
60465, 527
66486, 492
6574, 410
49343, 984
52595, 325
45683, 822
67623, 148
1031, 726
29695, 11
61438, 321
64214, 203
8894, 493
7857, 402
15282, 885
60037, 749
15947, 173
35828, 106
22806, 563
46191, 111
54980, 374
26233, 213
40517, 701
41787, 945
11158, 151
3930, 231
8972, 579
21257, 526
12742, 976
2279, 596
1981, 289
13558, 618
10741, 406
21981, 594
64815, 654
34985, 524
54206, 856
44970, 54
26687, 388
59990, 115
16945, 810
26648, 700
58671, 816
10848, 355
28687, 765
53656, 18
27201, 104
1671, 441
63406, 393
36649, 142
51634, 170
56258, 141
40931, 48
32753, 875
62704, 717
21562, 33
60727, 201
61958, 297
38703, 318
34937, 605
59431, 491
59734, 935
22, 243
64080, 877
60556, 834
25819, 298
2681, 394
44441, 421
67128, 425
8602, 806
33491, 428
40932, 932
6069, 155
14583, 916
35116, 475
40598, 666
33723, 762
64692, 597
10592, 759
41834, 962
38818, 86
13501, 300
34550, 205
57859, 138
42427, 494
50503, 533
52300, 634
60097, 674
64012, 760
34243, 669
68070, 713
33225, 353
64261, 290
50026, 552
57611, 567
58109, 939
58880, 165
35001, 24
60857, 689
57762, 217
1795, 532
28701, 37
39154, 8
23805, 639
33999, 615
16166, 608
34735, 952
976, 147
62542, 683
29521, 462
62496, 849
55015, 79
12538, 453
7877, 223
4216, 244
22292, 613
12751, 509
63593, 564
17277, 307
6215, 18
23097, 28
1838, 395
58797, 390
39162, 343
44674, 368
43495, 790
67196, 888
417, 48
35999, 377
47404, 145
2055, 924
5067, 142
13869, 140
48077, 776
43746, 35
13926, 497
50417, 268
13071, 867
3341, 373
67068, 138
11971, 380
45195, 503
46893, 685
30147, 517
19355, 185
13791, 955
37364, 277
48282, 779
7981, 19
16161, 110
35051, 166
53403, 228
609, 761
1109, 395
10255, 445
29094, 467
12083, 701
69146, 554
18169, 201
34213, 200
8438, 145
60646, 436
53457, 957
12615, 806
37008, 137
49308, 342
43811, 195
2251, 778
46204, 279
51987, 976
15499, 542
66019, 618
22708, 363
8709, 379
19341, 152
56458, 7
57751, 530
44248, 737
52973, 766
22877, 906
58691, 76
25373, 674
31872, 477
53051, 420
13840, 469
29503, 317
42171, 183
39558, 529
23946, 329
13411, 50
8504, 340
8790, 870
62067, 757
14297, 339
68987, 853
16848, 195
51237, 266
23871, 359
24467, 72
30616, 499
1836, 774
38960, 677
23077, 732
56541, 945
36384, 531
31251, 840
44712, 240
63267, 299
26230, 226
30393, 5
6905, 908
35827, 642
6312, 915
39351, 526
4362, 348
52759, 251
33244, 690
56011, 473
1196, 850
19525, 444
59576, 746
52566, 311
25222, 185
63485, 544
20805, 461
40939, 755
43127, 148
15911, 623
33487, 726
38710, 9
49677, 296
53391, 163
65816, 697
1971, 118
14118, 956
413, 329
67463, 172
65027, 408
37853, 41
63273, 354
20295, 565
11923, 335
9861, 313
17034, 18
17783, 896
58459, 235
32594, 194
18057, 66
46275, 511
30000, 843
54116, 426
20523, 451
59083, 567
39036, 609
36734, 984
64244, 663
33934, 533
31636, 990
1394, 852
15811, 305
23802, 570
14320, 780
56380, 600
9986, 755
4702, 15
41505, 847
68913, 636
50006, 832
11838, 763
30885, 695
13257, 694
53238, 620
40713, 861
67105, 287
40056, 859
62532, 177
18209, 37
56106, 199
11692, 67
30088, 755
30523, 513
39055, 335
55610, 100
28620, 962
51831, 331
42858, 104
69136, 821
48887, 210
26249, 62
32494, 275
36453, 648
4622, 577
28587, 249
57937, 449
55698, 821
39850, 269
27886, 925
5852, 400
15851, 462
22091, 421
1866, 372
9086, 84
67808, 704
39783, 820
53543, 658
47616, 34
51442, 97
50728, 378
5623, 12
34481, 115
3215, 797
50801, 419
23682, 301
29508, 321
54957, 5
10554, 237
40360, 437
1646, 195
12793, 360
6216, 119
31773, 370
64006, 44
18193, 959
37504, 622
9676, 659
28569, 630
4739, 841
53159, 185
23353, 702
50605, 452
13656, 65
63234, 916
35664, 257
57852, 522
34810, 152
49413, 629
52169, 582
32766, 2
12761, 790
28377, 730
22564, 618
50394, 978
14860, 110
66833, 913
47748, 767
35007, 309
49110, 7
13723, 124
58629, 467
63941, 642
51541, 837
43623, 338
30913, 328
47753, 923
16146, 413
51609, 3
17081, 292
13523, 701
10119, 647
44287, 728
17530, 855
54114, 137
15435, 755
17431, 722
31423, 63
12869, 782
7186, 696
55825, 2
61241, 751
1930, 488
59116, 168
65051, 249
38384, 573
25015, 344
15025, 517
1560, 570
7435, 826
35059, 265
58347, 916
7988, 380
55720, 131
36057, 438
50894, 590
46767, 296
60800, 566
60171, 408
3724, 845
30093, 134
43952, 564
36577, 134
3105, 327
66579, 341
15908, 442
20083, 728
7023, 575
33801, 416
38830, 829
27069, 673
64316, 356
27269, 109
46506, 307
15425, 985
50873, 935
61265, 277
11038, 250
64853, 808
22578, 894
4470, 473
32031, 151
64031, 826
56492, 747
47102, 611
16433, 58
58775, 205
33672, 799
39858, 169
27916, 1
64173, 991
11362, 561
48817, 73
66784, 278
53551, 438
55796, 283
10237, 11
66617, 280
57416, 221
27857, 572
59612, 634
42424, 245
8732, 301
48850, 940
64707, 133
57489, 416
62386, 446
48056, 735
62674, 795
11710, 150
12410, 790
15221, 957
60358, 715
24377, 969
947, 556
42591, 516
28668, 538
54406, 4
32145, 66
3502, 952
32178, 148
32322, 47
5371, 294
60525, 812
14792, 465
289, 158
52616, 416
5941, 16
42810, 409
4432, 946
10634, 15
18166, 675
63709, 183
15830, 395
18891, 337
31406, 146
55950, 475
64191, 529
37373, 700
7649, 952
46627, 901
5409, 162
43173, 744
47966, 467
45958, 343
51500, 732
24446, 952
27155, 389
20514, 262
13085, 379
22679, 239
36986, 170
26223, 108
38041, 668
23694, 405
31364, 315
51408, 594
65648, 791
20641, 437
22013, 607
16404, 752
37698, 830
38600, 441
19239, 79
57453, 457
43944, 16
20887, 280
29855, 726
68103, 812
21399, 857
19802, 296
47400, 377
41983, 543
41435, 362
28416, 954
65107, 820
24465, 683
10945, 714
35922, 175
4291, 61
60978, 735
28103, 249
34723, 709
43265, 92
54772, 734
5256, 849
3745, 812
40288, 265
33704, 601
20689, 945
36490, 434
3835, 970
58070, 942
67939, 555
12833, 21
67593, 656
57720, 966
53314, 504
48824, 132
67789, 528
61735, 773
43497, 899
2905, 718
55242, 73
56796, 313
69706, 215
27157, 1000
43301, 719
22956, 537
69647, 680
54725, 115
5049, 112
32843, 20
5907, 70
62537, 289
27055, 518
38639, 661
1640, 71
30953, 461
65949, 795
56221, 267
53934, 517
53381, 372
12305, 863
35257, 422
13297, 295
51929, 951
31185, 543
39157, 595
60030, 642
28162, 990
43810, 242
43890, 266
15260, 912
20622, 585
65661, 41
2075, 656
24787, 47
38556, 497
55238, 708
31830, 197
27666, 947
17727, 533
46568, 914
58626, 831
32109, 956
24356, 358
31055, 28
58500, 8
68259, 899
22820, 968
11730, 508
44895, 430
5076, 58
28124, 310
48317, 881
43229, 592
29995, 246
54869, 616
10350, 27
742, 614
33532, 605
39538, 247
25374, 871
47719, 152
66480, 439
24801, 240
56832, 224
3231, 126
21618, 371
66114, 890
50829, 435
3408, 964
32043, 326
61821, 383
44876, 724
56009, 461
4415, 407
47110, 63
45256, 571
39427, 171
33740, 591
63320, 348
29376, 219
56223, 632
65216, 777
59442, 547
22485, 193
27190, 390
10020, 98
17432, 540
46137, 129
12065, 611
38732, 486
37011, 597
20470, 781
66023, 833
37089, 520
5101, 168
3394, 39
34637, 398
42982, 823
10689, 656
10364, 856
39372, 88
42420, 917
35951, 347
8788, 328
48653, 852
46573, 582
17773, 379
4509, 405
46531, 29
9642, 227
14963, 343
38957, 947
46020, 205
1704, 269
8815, 4
19627, 74
53799, 444
38350, 96
19660, 239
20890, 344
1757, 348
41134, 244
38734, 33
4006, 651
31258, 662
64205, 273
54800, 838
52395, 638
6185, 523
9907, 225
34326, 100
55370, 31
47397, 368
2179, 841
42162, 715
56632, 664
16962, 792
61593, 294
28173, 579
2695, 895
28970, 942
31678, 175
22251, 95
40544, 445
33908, 127
23889, 523
28974, 108
61746, 107
64740, 657
8348, 503
21641, 365
13534, 371
37815, 172
62291, 18
39750, 109
22534, 263
24416, 6
35487, 519
17498, 594
44584, 584
21850, 668
8313, 261
15824, 828
68603, 599
68779, 816
3589, 508
44931, 499
67959, 666
48904, 188
68654, 217
26054, 766
49664, 239
8261, 752
38035, 295
22179, 944
15000, 883
47150, 19
30280, 182
41888, 375
23793, 715
25271, 152
17075, 345
68404, 763
45718, 587
69061, 547
1496, 340
63644, 681
69786, 975
62305, 450
48814, 422
6417, 240
68978, 708
45856, 113
5570, 535
31742, 477
26868, 295
29634, 927
44675, 556
4708, 645
38990, 476
37577, 324
60226, 741
13511, 545
46449, 217
2065, 314
6661, 469
69142, 894
57051, 693
63674, 823
54624, 810
27330, 94
48047, 953
32241, 327
42697, 667
5781, 948
5887, 902
64404, 315
49630, 133
30046, 429
18805, 245
66378, 855
2915, 113
21722, 984
43023, 252
30140, 258
1990, 511
17262, 514
16886, 171
3508, 944
18753, 441
15808, 764
59872, 181
39988, 600
13183, 584
63418, 145
16896, 177
20999, 233
64403, 604
34680, 881
45097, 722
55685, 389
41712, 831
67782, 646
6403, 657
32063, 534
22376, 70
57116, 628
57211, 105
37519, 432
21001, 708
1458, 807
10205, 846
30321, 564
19012, 275
67636, 754
59725, 196
35938, 877
35488, 367
15365, 439
30395, 379
1599, 385
23268, 641
47050, 134
4479, 602
31953, 530
1465, 653
59018, 772
61366, 841
49774, 62
43109, 422
34254, 773
64880, 81
21812, 155
51056, 589
67851, 444
60323, 503
36184, 401
25654, 382
38971, 710
58365, 255
22699, 970
10738, 298
61148, 91
68235, 915
6584, 139
34766, 612
31146, 619
31624, 461
21559, 331
2428, 615
65820, 847
3434, 645
5450, 460
64638, 128
59925, 495
31045, 236
25733, 479
50392, 508
15091, 249
29179, 235
31520, 165
39682, 612
39002, 631
6357, 31
20787, 938
47541, 85
68000, 939
24783, 800
50093, 510
63428, 247
23683, 970
21845, 85
41024, 852
25500, 528
53086, 864
68813, 372
1623, 153
12984, 853
15694, 843
4649, 234
64301, 627
13739, 213
14094, 834
43376, 66
16098, 653
12018, 162
12042, 984
35247, 849
23772, 720
32471, 570
11685, 909
40230, 494
54136, 325
26384, 413
32212, 923
20532, 834
30115, 932
66086, 445
68063, 670
27396, 637
15531, 983
54902, 542
1158, 910
31676, 331
51201, 908
39432, 411
65699, 0
67130, 298
49650, 929
17796, 483
9132, 886
32037, 584
18577, 887
3103, 984
49660, 591
26058, 784
45056, 931
20738, 291
3947, 202
40947, 351
23152, 848
60880, 181
66555, 438
52107, 59
20304, 869
23394, 87
24414, 305
1627, 954
62833, 918
53993, 715
57026, 214
60980, 735
33915, 631
25889, 955
11060, 228
57052, 140
8184, 555
48957, 351
51033, 676
44874, 292
19484, 266
67274, 543
13479, 343
1718, 582
55128, 344
35432, 669
32818, 343
32035, 777
68958, 743
12204, 555
54162, 152
1266, 392
51485, 837
43581, 603
4145, 296
23216, 743
64925, 342
6701, 921
36383, 372
25995, 802
19481, 323
24390, 66
65652, 444
46738, 863
61594, 808
29357, 937
29032, 497
19971, 662
1473, 325
28605, 673
45371, 160
54684, 583
66491, 718
44422, 564
17521, 537
1424, 772
47243, 352
67810, 664
49711, 144
28466, 394
35273, 816
46589, 813
60971, 767
68482, 356
43314, 570
64759, 223
16122, 238
763, 665
52946, 36
27639, 223
20814, 645
23212, 525
33966, 687
20347, 326
21713, 328
20498, 154
25925, 83
15242, 696
54937, 746
19898, 723
5452, 129
52619, 92
19169, 227
34216, 713
56085, 51
54553, 102
3874, 456
7527, 636
9197, 374
30079, 226
46881, 551
22305, 294
56213, 563
54289, 887
45246, 175
23619, 306
7531, 987
61675, 555
45398, 850
15876, 50
9814, 990
54108, 59
35835, 312
21111, 474
42620, 400
22933, 507
3121, 72
5215, 793
32496, 511
25829, 463
57598, 466
12792, 148
44831, 258
31334, 981
8365, 476
22438, 324
7664, 842
41555, 531
43574, 489
963, 132
29382, 255
8590, 800
15104, 479
50098, 975
13746, 206
25700, 680
22045, 172
42026, 774
1726, 670
25089, 562
10059, 748
11956, 699
67222, 989
56284, 51
36061, 760
56317, 946
61733, 497
53614, 952
59074, 507
50885, 856
43446, 155
69491, 20
32170, 22
67488, 179
12293, 587
14649, 833
27887, 73
34698, 373
4436, 821
53091, 450
23695, 751
21089, 157
16963, 428
30940, 217
50413, 141
19703, 507
31897, 390
31104, 591
61170, 750
16511, 765
59388, 582
15564, 67
6205, 114
59295, 513
44541, 37
28246, 309
52096, 37
30538, 705
48417, 865
69385, 719
45331, 965
19777, 201
22066, 563
66604, 910
2737, 238
20519, 57
12588, 373
18347, 66
1141, 483
17831, 446
41881, 529
32193, 484
13355, 494
36150, 347
63486, 230
55380, 702
69528, 521
51303, 598
49068, 300
26686, 39
69028, 563
35796, 227
21886, 537
39800, 552
2756, 695
60833, 441
19864, 416
8480, 501
43447, 392
45524, 724
31344, 236
14345, 462
55724, 607
43063, 795
16827, 29
24268, 431
29006, 870
34396, 964
33738, 250
38394, 488
64633, 465
38118, 645
60235, 460
57735, 812
29781, 695
31355, 277
51395, 854
35085, 869
68512, 694
62838, 731
68364, 339
49176, 735
68535, 202
61273, 578
19294, 728
57223, 415
14614, 534
62549, 65
47938, 360
22151, 784
63756, 472
53396, 714
11261, 994
20836, 21
63018, 160
18285, 702
10601, 332
10810, 172
15556, 601
66222, 554
31440, 704
39020, 296
35891, 82
30410, 237
49227, 380
6192, 365
45801, 202
17400, 996
39717, 336
56607, 516
33968, 506
20764, 761
39844, 925
25155, 142
38300, 187
23302, 444
9255, 197
35299, 917
46451, 238
58257, 10
63120, 378
50341, 604
41961, 387
27083, 60
60292, 629
50522, 627
15537, 118
58103, 34
46697, 260
27917, 743
51272, 787
51353, 688
22811, 866
44838, 608
35414, 959
21376, 3
17936, 14
19918, 105
20866, 856
4729, 757
66581, 98
4967, 305
14148, 895
1115, 117
52159, 953
53825, 753
40929, 967
61130, 922
43898, 367
17214, 238
26691, 920
1660, 538
63994, 464
30522, 697
64772, 647
17879, 622
55633, 752
44629, 633
44926, 68
23450, 538
345, 555
65542, 41
66685, 710
4899, 170
8607, 450
664, 403
34883, 282
4675, 623
7613, 361
66688, 747
65202, 632
34645, 22
9710, 203
6966, 286
39679, 567
5461, 802
21143, 69
27662, 343
44979, 924
32257, 48
34236, 777
53313, 951
49728, 578
14997, 951
9407, 93
12997, 555
17213, 488
69727, 463
42861, 559
38262, 51
11281, 367
56020, 267
27956, 767
38523, 194
35497, 851
40444, 540
48859, 286
63093, 375
56723, 539
50182, 820
15136, 901
34767, 823
55652, 437
36829, 991
12662, 773
30983, 225
46012, 324
46162, 187
40341, 873
65162, 448
63037, 105
46553, 602
12656, 812
48787, 811
10495, 451
30773, 659
1562, 224
15577, 428
43478, 17
19276, 650
2252, 682
10714, 342
63789, 730
42197, 116
15071, 866
64324, 411
58607, 89
50224, 277
52363, 114
5203, 283
10080, 249
53059, 422
61236, 333
54721, 96
30174, 905
11433, 271
44185, 363
55649, 690
63164, 470
34655, 690
57038, 33
30048, 892
1433, 21
37161, 298
42942, 770
48615, 906
39609, 871
25504, 644
8610, 356
25193, 385
41317, 804
42291, 131
22797, 282
44308, 33
67913, 109
1292, 554
8178, 366
52220, 128
37610, 32
15120, 867
13607, 259
7222, 338
64801, 26
3877, 833
47374, 900
26535, 883
5581, 538
15794, 211
51758, 590
35396, 490
53581, 932
67066, 358
44376, 379
32221, 519
44446, 316
15106, 326
52632, 533
33596, 774
8369, 674
58767, 995
67718, 411
11736, 457
57557, 611
65562, 387
45705, 221
55294, 101
2435, 819
69289, 417
16408, 735
47074, 337
4346, 159
37734, 938
29897, 160
48623, 139
42067, 254
43401, 294
24507, 529
21524, 989
20014, 302
22656, 158
29125, 977
46058, 504
21994, 611
48931, 24
60391, 543
7386, 936
47402, 95
1970, 817
39867, 98
45804, 343
27089, 583
66342, 106
38069, 855
49663, 759
62408, 341
34840, 839
48669, 419
8482, 915
59064, 937
10488, 589
1469, 979
44297, 256
51423, 673
52509, 386
9992, 371
30415, 944
28874, 142
15676, 150
434, 162
56352, 775
41722, 93
4277, 343
49018, 632
66100, 325
67175, 769
5134, 151
36317, 113
34382, 768
57894, 131
9450, 372
4368, 842
36564, 667
15108, 31
6221, 745
33156, 634
64856, 898
60668, 90
67393, 851
52355, 173
51674, 231
14241, 109
36398, 583
25065, 531
27867, 185
8945, 443
3425, 786
45865, 92
17264, 867
49521, 200
28037, 793
17218, 16
44849, 362
20782, 475
20230, 262
38349, 574
60796, 142
12129, 228
32540, 777
39194, 425
51812, 196
40276, 658
20892, 331
17389, 255
4044, 984
54027, 340
60649, 984
59548, 178
46978, 503
62169, 417
55050, 256
63392, 694
61345, 729
14672, 810
44543, 696
12709, 893
35385, 920
69323, 6
10455, 181
58294, 371
65442, 476
4313, 973
60437, 511
29262, 999
8885, 154
39140, 204
20829, 620
41268, 876
48889, 329
20471, 315
10407, 513
40654, 88
46759, 894
50109, 779
23588, 445
51841, 946
9836, 130
24966, 70
56634, 3
68016, 665
54922, 228
42460, 278
40549, 363
33742, 242
32786, 682
9122, 542
41672, 858
21086, 255
65263, 275
53864, 361
14599, 354
11117, 107
5917, 199
498, 94
65671, 107
55943, 291
62716, 319
15476, 441
69102, 59
27596, 50
35668, 383
33181, 717
28263, 547
60019, 405
7498, 822
65398, 590
43696, 466
39676, 899
25357, 654
547, 139
8093, 557
39206, 16
61120, 752
56825, 566
59676, 421
67581, 257
1451, 345
9416, 113
32628, 305
31967, 557
32442, 93
37108, 375
67550, 234
8144, 109
28063, 383
55355, 236
68160, 21
25109, 560
33358, 778
63873, 542
43220, 700
27971, 667
32609, 727
46852, 622
4870, 434
55986, 950
47469, 700
17638, 57
19693, 353
52702, 421
35666, 438
31132, 235
1814, 237
40240, 376
65308, 299
28755, 837
5631, 413
63325, 232
53516, 775
67003, 893
27160, 118
35618, 12
65306, 501
39094, 172
49407, 279
62142, 240
40920, 501
41905, 103
55432, 263
14012, 953
68898, 535
34238, 322
4394, 598
65514, 938
42184, 168
52075, 579
50738, 304
10932, 46
16282, 799
65364, 874
63336, 479
64842, 258
26662, 76
35706, 343
46617, 209
45269, 427
32484, 331
62094, 370
5517, 268
34002, 835
4712, 269
14913, 545
28715, 478
20681, 524
62307, 120
12900, 750
11786, 627
23109, 805
67543, 948
39183, 757
50290, 686
23668, 628
6942, 296
35593, 470
2165, 816
61671, 190
12530, 644
59736, 638
9622, 862
21415, 973
49846, 885
28625, 397
63906, 8
40070, 475
69395, 496
65985, 807
45208, 9
44748, 276
9774, 855
52799, 322
1205, 118
5818, 316
42690, 461
46509, 568
48144, 875
8428, 538
39852, 124
63196, 563
42593, 357
38167, 424
6930, 772
10747, 763
62151, 449
61462, 230
4976, 848
28721, 400
51210, 89
14721, 396
38161, 11
20018, 210
54904, 650
61244, 811
29400, 745
6812, 919
43966, 994
45000, 253
18407, 74
33194, 209
25025, 954
49518, 101
35945, 641
8918, 306
58230, 571
36581, 311
67497, 902
46460, 226
17603, 170
940, 450
21210, 711
10028, 471
13579, 548
48049, 838
49412, 618
24650, 252
8505, 347
54866, 618
20360, 468
13490, 927
28410, 627
15017, 585
11863, 515
69601, 946
39791, 52
41574, 67
40435, 986
43585, 128
24374, 483
47708, 153
54189, 49
25530, 493
40548, 520
47235, 504
20919, 744
19290, 133
58568, 437
9476, 565
50086, 532
62980, 876
61011, 4
5592, 200
18067, 570
50062, 791
38270, 488
13107, 428
12190, 111
39204, 182
52951, 219
11725, 458
68549, 726
18104, 60
47865, 110
11649, 692
60253, 324
39509, 850
10909, 289
10609, 525
20163, 440
62491, 443
47610, 737
49821, 380
40501, 107
17045, 102
8076, 704
20737, 361
26596, 242
29595, 14
13069, 0
8554, 941
45242, 479
51264, 645
11821, 180
44841, 416
42163, 208
35650, 509
68005, 875
60941, 428
36508, 944
64136, 810
13306, 7
19168, 575
51570, 681
42375, 480
62241, 897
9786, 769
1503, 729
12317, 228
54789, 422
62739, 980
39129, 967
52095, 682
53252, 217
53425, 193
14938, 533
37396, 576
26850, 866
61903, 34
68843, 711
52908, 357
32986, 487
41129, 415
14618, 467
48983, 223
67325, 16
58161, 736
10219, 628
4466, 276
28727, 675
10252, 184
13227, 519
67188, 425
41875, 231
39900, 602
50068, 212
48105, 321
32885, 344
39822, 985
810, 415
18288, 156
25970, 352
869, 179
12156, 975
57031, 593
63223, 333
49887, 29
23536, 529
12533, 752
60740, 209
13884, 897
11983, 536
30252, 972
34923, 859
44606, 79
37679, 139
26891, 866
4610, 465
48370, 813
46376, 587
69433, 205
15245, 59
30744, 425
48092, 104
14698, 148
33052, 776
37006, 651
57920, 957
39473, 862
18536, 489
11225, 620
29910, 985
68507, 67
25550, 22
61252, 620
26420, 366
8611, 857
7377, 491
47693, 907
52181, 691
1508, 765
15870, 509
15238, 538
42890, 868
21484, 125
49200, 755
27366, 672
35440, 58
39077, 652
69714, 788
69616, 779
57744, 928
32806, 809
23481, 613
68429, 729
41584, 623
64556, 131
5193, 308
1404, 790
7389, 42
28879, 834
26948, 368
63286, 70
41873, 431
13188, 632
66666, 278
14167, 72
9852, 862
39025, 349
4020, 40
53, 225
22940, 532
31839, 785
43925, 382
51347, 30
12241, 347
57652, 22
57747, 551
35235, 247
26439, 650
8049, 907
13985, 85
9732, 722
5794, 455
42919, 531
12746, 920
42897, 315
7375, 387
6851, 356
5483, 391
28217, 627
33852, 417
49549, 376
51314, 696
41220, 584
61744, 405
58193, 147
56241, 6
20482, 264
10128, 147
34214, 614
45049, 272
36008, 235
52131, 429
9505, 340
62379, 17
9150, 991
65621, 433
63393, 527
4397, 830
14503, 508
4045, 257
41858, 571
46629, 298
68344, 535
59927, 261
19558, 278
31590, 38
55870, 256
38707, 894
33284, 571
52567, 370
8887, 724
61034, 787
21819, 350
37023, 393
56649, 316
48975, 417
48818, 410
51581, 935
37085, 666
63860, 722
4117, 123
21265, 216
48334, 831
69403, 207
20885, 462
20386, 974
24243, 719
28836, 340
68947, 174
48357, 380
51797, 800
59861, 882
34653, 360
54322, 471
67967, 63
9261, 992
64874, 90
22275, 438
16585, 476
46326, 502
36089, 622
25164, 959
25546, 919
14888, 615
24399, 755
43283, 118
47810, 273
63183, 691
51410, 785
31671, 628
2275, 292
29997, 848
69350, 18
29443, 106
1959, 19
2454, 287
12085, 746
40529, 853
43926, 531
50862, 782
56894, 693
64992, 463
12195, 258
27127, 649
41142, 285
5364, 956
37456, 903
29821, 50
35189, 473
19272, 118
62519, 539
19618, 962
5700, 648
57411, 710
33384, 266
68965, 387
5514, 521
61496, 734
26795, 45
1620, 48
17531, 726
64423, 23
32265, 316
58924, 70
48584, 634
56191, 119
5065, 397
51178, 10
5732, 615
18568, 629
61199, 754
51732, 283
59673, 272
30932, 17
41952, 726
63542, 604
62333, 186
27412, 210
16619, 391
52748, 335
64697, 592
1227, 963
49394, 863
10066, 470
16816, 562
42674, 484
25186, 571
23909, 143
66539, 303
64612, 46
63434, 871
5759, 966
43256, 459
65043, 100
14326, 982
37039, 166
41160, 236
16912, 169
34410, 938
36693, 641
11374, 793
39951, 848
841, 666
60458, 396
57081, 711
54465, 981
19293, 96
28278, 919
19743, 203
17207, 3
37856, 353
6852, 294
23542, 814
53579, 385
23094, 243
2581, 823
48482, 632
18616, 249
20957, 383
30619, 680
63870, 630
21047, 335
57934, 627
21733, 840
38047, 507
27454, 413
56537, 219
65579, 259
45237, 23
63822, 109
14993, 524
4271, 298
53005, 770
37098, 630
4488, 90
40747, 634
11456, 795
21973, 235
13990, 912
49188, 687
2476, 508
68917, 469
27815, 624
32650, 666
14575, 904
32581, 946
4366, 592
34205, 0
64064, 631
58327, 809
28508, 0
44157, 553
6079, 222
18708, 347
59580, 251
56147, 193
24574, 221
66412, 414
13471, 240
59527, 171
59840, 861
42545, 267
15669, 95
38891, 28
12674, 396
55802, 200
39688, 535
7970, 858
41667, 978
42923, 132
12604, 827
12005, 388
34801, 366
43680, 319
60472, 256
4158, 680
27884, 824
56950, 472
62832, 670
25163, 845
14539, 426
19916, 544
34028, 674
5611, 606
19437, 531
22186, 40
31299, 854
34245, 468
23188, 988
19992, 71
69419, 204
61524, 541
11037, 542
69340, 441
10167, 500
48502, 263
12200, 289
48896, 358
6269, 787
22424, 424
6077, 380
17555, 233
31123, 612
19433, 634
46972, 549
10589, 838
66033, 314
19924, 591
7300, 468
59899, 735
50163, 146
13875, 380
51675, 651
58071, 937
22395, 724
62817, 969
66309, 877
31262, 46
30707, 865
13731, 232
52029, 756
44355, 988
57564, 816
37761, 31
18380, 58
54400, 107
19983, 170
49047, 827
68114, 366
65955, 7
28394, 379
58936, 444
64625, 52
69461, 773
12851, 888
24830, 479
21410, 183
46452, 147
11207, 347
46761, 470
39738, 660
39279, 443
9211, 750
25540, 495
47363, 301
44203, 517
42859, 368
56005, 266
25719, 774
64899, 266
67338, 623
27490, 976
22020, 302
32199, 336
18721, 995
68438, 62
26003, 68
64504, 476
7529, 450
28415, 729
46815, 902
18210, 94
32667, 63
60674, 318
39201, 241
52810, 520
66952, 182
26533, 846
24303, 902
25250, 743
52850, 648
35925, 86
63855, 890
18167, 781
3648, 378
67020, 790
53938, 607
14321, 711
9187, 156
38916, 410
69374, 937
66788, 275
34194, 54
52700, 312
20451, 910
29931, 133
295, 882
13633, 78
44102, 895
28024, 968
34035, 2
1722, 840
49771, 146
10820, 201
59621, 337
67716, 736
42658, 861
52777, 124
30277, 347
67498, 306
7655, 694
68347, 896
10905, 995
65174, 557
2612, 845
41965, 403
33560, 517
65766, 669
28868, 160
36188, 990
5195, 64
25670, 336
57580, 478
12122, 121
19183, 464
43597, 511
47189, 951
64354, 440
19295, 155
55628, 810
21166, 586
24868, 205
56865, 400
14683, 684
8546, 236
5501, 485
66671, 448
64954, 879
66417, 754
20116, 767
61387, 877
36970, 826
37660, 55
61313, 247
63696, 176
48010, 494
47500, 141
11166, 435
59014, 769
69494, 779
35536, 320
69577, 399
9613, 343
63985, 266
8653, 238
40782, 794
17931, 536
55183, 763
60451, 365
51709, 477
27343, 185
60701, 482
11248, 329
12763, 288
27059, 535
68972, 178
33605, 548
20351, 144
61434, 652
35627, 215
43347, 696
53294, 305
45584, 380
69454, 26
49554, 573
21115, 278
22098, 199
37983, 263
54576, 63
26254, 414
2277, 642
27250, 99
4837, 275
13583, 354
21401, 729
13190, 918
64113, 192
7005, 20
14479, 540
33541, 383
29819, 596
29803, 984
43587, 146
4119, 402
29919, 240
26760, 519
50752, 211
7666, 688
41219, 287
55885, 280
4717, 425
67580, 503
31136, 393
40802, 540
11352, 581
9726, 181
56210, 869
35000, 43
31174, 820
61337, 524
23809, 827
30447, 146
24986, 701
44057, 795
50116, 511
19320, 579
15430, 701
54483, 558
18392, 247
23507, 734
6514, 389
31410, 76
38120, 441
55554, 67
69167, 637
15494, 575
20338, 897
49541, 142
42886, 344
41166, 911
39197, 221
18028, 770
36135, 725
32334, 259
32388, 484
63424, 272
48059, 55
29794, 223
9632, 862
69373, 702
3823, 802
39222, 953
34006, 576
15336, 112
46017, 156
638, 889
22242, 813
41315, 166
14908, 225
38684, 951
34178, 771
24838, 73
49389, 379
2388, 737
10681, 472
38272, 674
44853, 61
24662, 88
57802, 278
634, 142
64416, 437
37702, 463
10502, 417
8646, 127
69297, 788
29330, 19
42907, 271
9041, 245
57758, 20
52846, 209
46822, 300
33666, 457
56295, 130
52474, 519
60645, 388
9568, 530
47992, 863
38980, 121
61481, 264
41630, 519
66466, 747
61189, 410
65545, 533
3749, 122
18165, 858
63028, 114
10070, 86
42791, 57
64715, 512
44968, 525
43394, 559
22530, 707
49718, 637
6862, 884
11016, 241
15217, 174
59102, 800
23522, 83
51681, 520
62854, 409
61239, 546
53234, 587
14937, 967
68886, 411
10405, 802
25979, 682
60581, 537
56606, 29
39848, 259
7006, 298
60956, 779
772, 879
56957, 253
61789, 8
40257, 498
10248, 697
35205, 614
52080, 618
42740, 979
50822, 109
7487, 95
65239, 489
25419, 580
18657, 967
9741, 941
34975, 100
46246, 887
58752, 571
67098, 226
68164, 563
67058, 130
57940, 921
11941, 80
28003, 251
12686, 472
10072, 182
57371, 293
27545, 454
24492, 960
3405, 772
44770, 900
36222, 205
11227, 301
28405, 327
51094, 423
13848, 843
20331, 563
25289, 823
64339, 21
48966, 839
68009, 145
52418, 498
55180, 191
49250, 137
37334, 113
3401, 524
45358, 724
53760, 166
66041, 51
26315, 555
6452, 750
53017, 65
10581, 729
57768, 673
4185, 923
63718, 699
59345, 931
11440, 19
52177, 568
52455, 609
15952, 1000
56674, 330
24732, 720
49997, 694
20913, 76
20056, 518
29834, 678
9913, 295
28023, 23
5895, 732
15593, 303
65819, 702
26958, 615
400, 261
9386, 605
65709, 383
29265, 393
43886, 718
69367, 479
59793, 55
57774, 793
50683, 730
61370, 64
35997, 222
65393, 78
22711, 237
7127, 14
40514, 606
27191, 344
59665, 13
2484, 862
42549, 673
38152, 985
6029, 485
25038, 767
64188, 331
64148, 178
3375, 211
69853, 985
7294, 509
7514, 640
10833, 864
2921, 329
8233, 845
65171, 775
37523, 541
22760, 950
19401, 373
16102, 523
66067, 299
31859, 813
39463, 134
26322, 934
2675, 745
65913, 347
13207, 422
67171, 404
27279, 919
10889, 621
63157, 248
33120, 691
65484, 565
7897, 101
22914, 995
9781, 119
5254, 753
37117, 205
7641, 544
38789, 242
25141, 6
16668, 730
3378, 913
44983, 101
46632, 862
6519, 80
18661, 503
54260, 780
40696, 995
31551, 524
43294, 861
60186, 334
56689, 20
15733, 711
33962, 155
47332, 395
12799, 883
64526, 256
66300, 870
67216, 595
19240, 232
65135, 180
8865, 614
40314, 775
20411, 911
40124, 755
16606, 149
9454, 66
42432, 121
26306, 579
30210, 947
68995, 144
49187, 74
19623, 108
24071, 165
35088, 497
55895, 374
57273, 656
61063, 360
38064, 820
49059, 707
36530, 433
60763, 36
41452, 321
24723, 577
8120, 745
50755, 797
49878, 332
37435, 206
40656, 200
64562, 265
32722, 737
27263, 897
53935, 449
41616, 554
13730, 494
22967, 395
11535, 242
69304, 0
53291, 155
26423, 992
65440, 280
43725, 745
40971, 649
62095, 164
54723, 5
1291, 272
20693, 380
17134, 193
59825, 739
1631, 963
68569, 707
8271, 278
25093, 207
20833, 436
18110, 915
55344, 132
15708, 130
6405, 122
59684, 792
43519, 412
55337, 596
48713, 595
56679, 53
38368, 841
44613, 830
29982, 308
39004, 517
24642, 935
27899, 525
60856, 698
59381, 913
49551, 766
3202, 84
43914, 599
69066, 22
26616, 391
51999, 315
14074, 201
69902, 704
4751, 116
29886, 185
64200, 246
58078, 229
150, 413
26647, 918
3015, 560
8270, 470
9191, 796
47643, 197
29023, 589
14952, 57
56989, 506
39728, 80
13435, 340
6043, 757
2892, 196
22701, 577
6600, 303
20883, 544
27648, 19
8904, 255
15562, 415
36546, 529
1897, 50
20853, 613
66582, 28
46245, 361
5654, 650
33186, 208
31052, 474
43709, 880
28896, 879
47197, 175
33071, 596
5983, 796
28762, 184
54713, 853
6041, 728
47042, 14
69005, 412
30375, 392
15566, 44
37964, 507
9668, 599
20594, 301
61237, 798
2642, 932
32018, 571
60549, 586
63604, 825
349, 634
8448, 512
52615, 93
62975, 821
69553, 392
47999, 398
47758, 870
46559, 207
45379, 531
60223, 1
16417, 546
9589, 636
55211, 725
26852, 220
61636, 264
38845, 730
45285, 320
16139, 711
28256, 47
42250, 13
5033, 768
20088, 766
54558, 10
61590, 256
53714, 288
64885, 373
39200, 126
10614, 495
50995, 388
55597, 40
6996, 340
67361, 80
16044, 616
22792, 581
32598, 980
5694, 134
44451, 292
25853, 829
21561, 973
8283, 496
20062, 489
49037, 284
69425, 465
43325, 990
34758, 985
3333, 291
28710, 655
47441, 78
46084, 811
49820, 212
6783, 287
57910, 251
50597, 882
36476, 116
55030, 993
65497, 116
11533, 375
69093, 88
44371, 167
39924, 776
51148, 339
20699, 624
4026, 702
19456, 403
25447, 881
14712, 235
63452, 540
7020, 598
62793, 949
3811, 838
43538, 419
67467, 851
69010, 492
61388, 176
27027, 320
64767, 860
15461, 867
5956, 714
25136, 134
5683, 406
31633, 42
59998, 751
69234, 836
32940, 564
33631, 175
65348, 663
35930, 127
62407, 439
19609, 571
45772, 373
7582, 315
64863, 476
51073, 192
35447, 812
28412, 648
41273, 309
31283, 118
31250, 323
26072, 416
14149, 949
11980, 71
68732, 123
4759, 556
46744, 146
59631, 95
15049, 460
35852, 477
33000, 861
57343, 714
67014, 582
11809, 605
44678, 189
96, 886
63685, 698
24393, 972
1001, 360
13108, 396
58706, 605
25242, 587
42173, 427
36733, 920
3185, 898
44273, 413
57689, 456
21644, 755
16545, 36
43637, 800
13430, 442
52800, 848
42377, 532
63228, 257
42642, 739
26831, 715
66839, 330
43203, 111
4496, 179
55860, 890
23616, 757
5725, 50
7087, 629
49697, 595
11681, 461
7567, 612
61249, 503
18744, 712
45144, 56
66585, 190
9664, 544
45029, 227
23238, 558
52843, 389
34152, 941
49248, 85
68402, 705
5081, 51
13939, 866
47872, 828
39675, 467
10764, 834
56088, 838
1273, 357
46118, 123
28837, 935
68937, 16
55118, 656
63883, 571
23381, 399
23962, 608
68089, 291
58406, 998
66108, 373
50399, 558
49054, 717
53913, 859
14365, 289
28969, 606
18739, 254
15673, 610
52898, 999
54049, 571
44766, 542
25458, 871
16480, 670
49915, 964
14219, 503
35713, 409
33314, 833
66156, 873
69596, 817
6550, 214
34963, 867
54810, 182
50855, 26
66902, 198
9136, 327
22199, 851
36684, 869
51826, 431
37535, 639
48913, 274
8762, 282
17306, 482
41190, 522
31228, 330
59733, 744
45688, 489
47702, 411
5976, 617
48696, 277
20664, 42
6066, 388
9724, 389
25615, 885
29673, 364
45344, 473
26460, 137
57905, 907
62048, 464
66420, 841
1331, 674
12362, 589
27797, 861
7055, 70
62651, 88
50031, 742
54053, 226
26780, 534
35228, 600
48597, 465
11360, 438
23035, 167
29967, 616
33696, 877
63342, 821
47575, 588
19530, 653
37639, 746
68960, 803
36695, 870
58534, 105
53629, 846
22366, 816
52735, 830
48645, 501
64097, 463
65326, 802
48707, 899
29916, 22
22667, 857
32882, 165
31966, 379
49122, 219
61709, 473
18782, 195
39178, 526
32807, 24
61665, 8
62884, 723
5024, 403
10186, 645
55917, 279
44954, 120
52060, 644
38917, 787
17656, 653
61574, 725
67912, 146
28010, 251
55651, 516
24094, 192
50962, 140
56793, 239
20102, 321
22735, 495
57336, 809
21510, 901
41772, 948
56293, 153
15741, 219
67246, 304
39088, 949
67881, 115
64103, 292
27881, 749
33746, 933
62359, 479
38561, 429
41326, 381
50494, 311
32023, 775
33315, 56
51759, 123
15646, 287
302, 154
14277, 898
18853, 801
42512, 753
36127, 483
53567, 251
37730, 614
16490, 719
2504, 258
35082, 611
56924, 101
25140, 630
65703, 753
31932, 27
14992, 136
24014, 408
52014, 125
26811, 30
55231, 589
68992, 342
60922, 286
29314, 377
5471, 526
10615, 364
51569, 916
21805, 295
53298, 205
42261, 19
24026, 370
40325, 304
58572, 463
13065, 655
16909, 482
11501, 346
36862, 796
22192, 88
47008, 223
29253, 973
11146, 250
43104, 480
60195, 805
50927, 515
45142, 701
43633, 262
69834, 833
54939, 465
24603, 779
60488, 376
48846, 101
55218, 571
68709, 346
32756, 22
39176, 224
26932, 178
41734, 572
3968, 622
41605, 177
64272, 817
14329, 934
31264, 741
66356, 277
61306, 500
27158, 112
29420, 13
61075, 723
31642, 521
65100, 364
8604, 928
3384, 910
9244, 329
51099, 487
47979, 121
43824, 640
67769, 941
2057, 638
38934, 4
19, 289
50167, 317
69057, 626
63481, 255
62983, 466
52125, 194
66347, 225
30604, 484
56325, 50
20499, 251
9598, 459
19668, 966
38370, 411
49125, 532
41229, 127
57507, 915
25383, 365
9451, 950
12174, 280
56408, 864
36415, 232
67862, 598
47156, 219
837, 308
67698, 84
24279, 885
36251, 879
55543, 367
45900, 985
38028, 351
68340, 229
18946, 947
18130, 575
57229, 529
59802, 559
49323, 705
18508, 281
54196, 369
17117, 537
11446, 308
55746, 990
55642, 371
35605, 520
60702, 849
32745, 441
51287, 833
6890, 535
45267, 807
64372, 346
61164, 235
64534, 726
60552, 432
54360, 308
12423, 338
24731, 468
40091, 568
66980, 390
10597, 418
20991, 268
32670, 871
65794, 58
1867, 857
66008, 389
51501, 736
64850, 658
28223, 792
54670, 955
35336, 254
276, 817
3500, 414
54826, 183
68213, 380
43422, 105
32619, 589
15552, 579
57921, 389
68341, 90
20925, 224
23480, 293
6142, 185
51262, 504
19541, 892
7393, 439
43144, 348
30586, 721
54212, 882
24614, 871
35159, 871
56942, 783
69074, 194
44445, 258
35040, 482
27498, 494
69260, 154
960, 686
51474, 323
32103, 140
58318, 14
68311, 472
26759, 895
41626, 605
31908, 291
8860, 253
28892, 616
39062, 772
52931, 644
53669, 544
19771, 905
48679, 860
39141, 120
8851, 667
53096, 916
54067, 491
39546, 732
55290, 225
2381, 700
29996, 444
10368, 751
23768, 580
37204, 945
16788, 849
25219, 486
68827, 738
31278, 719
44468, 928
25643, 789
6080, 872
19568, 956
32517, 932
22180, 383
56656, 5
164, 19
52268, 65
40198, 815
25560, 757
13180, 25
25980, 466
41895, 817
52478, 815
23360, 112
16324, 253
40868, 522
59670, 574
40678, 424
28401, 743
36791, 51
4531, 650
32558, 713
36157, 398
52090, 314
44850, 402
6739, 22
60566, 956
30308, 51
26617, 147
4112, 26
47379, 199
8263, 478
13241, 296
44808, 444
33824, 312
45550, 301
36031, 790
28266, 746
24884, 144
3130, 177
38963, 299
55784, 389
51009, 506
7798, 605
31584, 286
53275, 453
39172, 185
33293, 280
41125, 855
18743, 640
7904, 590
13836, 891
14309, 35
3977, 339
54757, 765
64028, 322
38238, 65
19950, 696
670, 103
43645, 395
23086, 894
12643, 316
27049, 356
9517, 263
37453, 761
47595, 164
8451, 608
30918, 183
5906, 765
51489, 328
26493, 204
50134, 687
49680, 670
29667, 784
31420, 781
44350, 256
31466, 935
21186, 773
26258, 572
29056, 888
60905, 739
48531, 854
45841, 144
69222, 509
45571, 256
15303, 195
8149, 613
1495, 377
64325, 157
49212, 324
29409, 340
28332, 504
28343, 198
53599, 100
54410, 125
19509, 564
38404, 659
25961, 524
59857, 245
18173, 929
51515, 212
10366, 218
58878, 75
10274, 235
1859, 50
5029, 645
6767, 22
24216, 26
51275, 964
62621, 316
10997, 5
18550, 218
44512, 581
23787, 122
16510, 151
63974, 916
30709, 947
67010, 35
13466, 539
37537, 458
42476, 923
45481, 358
41748, 815
37550, 111
6562, 779
33904, 416
34884, 762
40565, 178
34335, 836
24566, 760
47935, 759
50718, 918
25751, 380
12465, 532
33232, 328
13530, 627
16503, 276
14306, 914
20259, 63
32008, 863
24269, 130
13027, 320
7480, 818
65885, 734
29621, 658
54994, 333
32140, 401
37384, 657
55557, 497
38258, 605
17271, 81
69871, 659
61513, 790
57337, 757
47596, 781
30814, 701
20051, 167
4001, 905
28153, 669
8252, 493
8882, 263
67108, 879
67203, 989
68523, 278
34001, 805
46733, 847
36465, 472
3274, 777
69763, 45
38201, 357
24960, 49
31226, 517
34836, 688
21911, 156
14069, 809
5656, 6
20391, 635
30302, 404
40813, 788
35653, 706
69215, 588
27720, 48
1648, 459
17943, 190
25999, 518
39802, 834
51957, 537
59257, 499
44877, 863
40139, 935
2812, 987
3643, 800
57866, 37
25792, 979
61647, 618
41439, 150
25851, 574
51946, 142
31969, 960
16506, 188
56455, 504
18637, 778
28873, 962
50362, 694
25477, 436
1116, 128
5810, 193
22758, 522
69281, 99
29232, 86
63395, 309
39984, 312
35897, 186
17830, 443
63385, 624
10158, 907
48412, 848
3424, 408
3193, 16
65068, 689
15054, 444
443, 9
43364, 326
6359, 243
68768, 177
41345, 457
15726, 430
21208, 891
68905, 3
57218, 593
5914, 243
67874, 8
45600, 926
40803, 807
27496, 889
11530, 112
19626, 940
33607, 0
8449, 184
15724, 82
7340, 498
59239, 159
43573, 273
51226, 469
53370, 752
65467, 797
35231, 265
48422, 983
64833, 849
45318, 128
9945, 459
22340, 994
52289, 719
67732, 359
43968, 978
27597, 553
28691, 617
64395, 482
52574, 787
58082, 605
719, 228
61376, 39
38533, 456
30337, 234
68378, 974
30560, 372
32841, 491
41119, 441
33996, 781
69324, 204
6711, 204
17985, 137
9267, 935
314, 971
45290, 828
60718, 393
980, 562
23126, 49
31818, 220
20458, 972
3244, 778
41275, 469
1864, 682
39414, 618
43781, 48
46029, 615
13987, 228
54979, 632
702, 156
17623, 577
68314, 621
24228, 145
62942, 875
46675, 254
43017, 464
65657, 506
24347, 701
39674, 437
14169, 269
27354, 157
31177, 832
33362, 306
19086, 882
41224, 249
66728, 696
18974, 428
64502, 221
8508, 838
795, 860
46982, 806
19700, 857
41642, 74
61012, 280
24589, 411
24736, 606
36805, 988
19411, 551
13431, 605
9021, 46
12309, 704
42980, 514
47264, 771
15031, 235
25469, 847
35840, 859
18725, 206
69672, 76
11348, 787
19984, 611
65759, 794
8579, 298
34870, 426
52340, 724
59206, 128
8696, 52
66443, 834
39179, 196
27530, 475
39568, 280
54371, 984
3195, 704
32478, 132
52944, 219
21365, 338
2360, 129
32244, 290
55834, 989
46030, 536
20340, 634
63314, 822
56754, 400
51904, 901
43054, 533
57232, 921
28073, 978
29190, 55
37093, 854
62999, 794
65237, 310
32495, 212
16343, 541
59338, 796
56042, 757
32536, 688
15807, 846
42720, 366
52191, 757
56536, 947
27370, 711
43759, 619
62703, 405
20921, 284
43343, 911
40777, 496
34739, 295
23051, 928
60293, 281
44879, 215
56736, 164
28647, 182
16642, 196
26500, 690
66896, 406
5743, 412
29472, 243
35071, 713
55187, 299
41791, 600
67207, 820
7645, 53
44306, 180
65588, 239
64393, 773
57431, 567
65059, 398
13998, 604
39420, 402
65095, 644
67882, 509
59930, 232
29739, 227
57146, 929
44527, 833
56808, 473
58291, 586
20135, 295
27729, 808
7223, 121
13784, 85
23786, 592
60733, 307
5420, 592
69920, 692
54204, 566
2870, 709
39779, 866
4723, 800
6799, 601
67202, 756
15249, 794
52502, 741
58000, 745
16614, 853
21095, 704
60630, 455
6569, 59
17793, 79
63044, 314
67793, 93
59970, 577
23135, 766
47665, 979
35695, 597
62579, 773
3945, 172
8844, 705
3182, 592
63668, 389
2951, 953
20766, 577
34339, 748
3278, 917
3087, 693
42820, 441
61790, 331
14523, 736
25587, 634
33065, 209
66392, 747
3414, 339
55714, 477
6899, 694
44807, 625
30863, 297
31158, 758
28494, 86
8154, 917
59380, 790
9147, 703
58970, 503
63809, 906
1843, 389
38460, 982
30423, 323
41240, 324
11465, 820
48598, 75
27992, 679
5586, 551
19265, 510
32340, 600
61318, 540
33266, 193
28946, 194
31536, 642
35866, 97
45112, 612
17624, 682
59568, 446
51880, 771
47330, 550
60477, 773
69445, 903
27631, 107
68319, 237
51088, 69
63738, 4
17836, 452
59909, 349
36989, 306
20735, 539
21311, 807
44745, 320
42205, 763
22093, 292
6460, 783
1527, 306
21159, 564
64811, 297
27619, 308
35598, 902
10113, 378
31778, 359
53753, 426
54849, 412
57086, 49
8068, 111
53605, 466
3186, 55
6989, 289
9344, 411
14187, 992
50457, 803
65038, 517
30123, 841
22526, 588
44239, 895
13818, 84
41156, 435
33901, 247
293, 866
2210, 722
27820, 698
4437, 609
24804, 369
56694, 312
66248, 37
12519, 992
42823, 94
38572, 270
19640, 435
14057, 521
65982, 575
13590, 116
54851, 46
46011, 710
14581, 372
38728, 83
52441, 836
54528, 938
45202, 679
2276, 372
21809, 475
66400, 431
34885, 13
66626, 280
22901, 410
11311, 906
54402, 144
4332, 830
37394, 838
27853, 768
2530, 233
1785, 449
61544, 865
12506, 39
34232, 109
2113, 584
10370, 294
46714, 430
64158, 895
68439, 767
17166, 658
32938, 727
44412, 526
28561, 780
30085, 682
3658, 774
42042, 640
15826, 253
49119, 713
29574, 119
36528, 311
13459, 206
62316, 317
39459, 289
1922, 822
69187, 276
46468, 360
65711, 109
46660, 615
42631, 663
7791, 468
50630, 954
51884, 609
36531, 462
9943, 561
8526, 978
67811, 355
17421, 789
55504, 80
64419, 962
20781, 304
47765, 976
17251, 239
23677, 818
1249, 1000
40154, 352
9000, 496
32308, 115
62756, 701
25412, 80
41650, 892
1086, 896
8198, 281
3844, 469
23737, 825
51620, 89
11684, 785
66594, 810
23176, 224
222, 201
30624, 162
23846, 194
68365, 528
66514, 594
32676, 277
64558, 300
18248, 886
36669, 520
13527, 207
27152, 599
62943, 889
35245, 92
57498, 312
26206, 321
19307, 763
58326, 698
35119, 994
5602, 485
23278, 188
14323, 817
9590, 430
82, 327
12503, 419
27661, 632
56018, 936
14480, 34
14179, 562
28916, 262
13156, 586
61278, 485
47892, 901
18545, 722
67773, 932
23081, 911
64105, 217
16443, 861
33286, 706
53538, 269
9694, 41
26355, 36
67614, 527
50877, 559
61580, 415
46055, 384
25319, 827
60773, 58
58200, 916
2875, 488
2097, 535
63035, 26
34130, 665
42221, 341
14697, 94
30967, 640
30753, 652
20339, 915
9170, 175
13154, 441
10387, 359
27056, 562
19603, 92
14428, 942
39907, 866
55553, 902
45004, 91
19042, 757
32884, 148
44244, 772
14125, 225
11762, 36
65944, 804
56840, 120
53689, 726
31077, 469
69873, 564
7599, 575
14130, 145
14006, 739
60064, 960
20254, 323
39143, 934
11612, 18
65762, 777
57805, 61
12947, 882
35779, 910
42032, 50
39325, 338
44091, 131
36074, 896
69770, 459
22205, 177
43361, 769
6112, 645
15341, 431
15632, 250
26070, 833
43607, 77
5396, 673
64076, 728
66629, 614
58614, 506
24454, 787
29117, 373
1942, 446
37148, 735
23953, 446
23621, 985
68021, 694
31749, 743
26489, 525
55196, 84
27261, 524
65810, 641
611, 373
48626, 403
59027, 104
56774, 114
3330, 385
59850, 247
61539, 751
2734, 593
59895, 841
59847, 91
42490, 530
15532, 360
18817, 752
21032, 20
57018, 368
22224, 682
16419, 611
42710, 979
38420, 248
67218, 206
27851, 447
32123, 349
52034, 881
34887, 754
2481, 645
30806, 580
13545, 816
58011, 956
41376, 287
25330, 871
69957, 400
14177, 534
22218, 982
16861, 438
2409, 995
1319, 271
5918, 265
55994, 468
1561, 208
59254, 71
39296, 955
33228, 195
44616, 151
69649, 417
30175, 289
10202, 422
20680, 200
40658, 778
9178, 461
62500, 683
14020, 689
38725, 168
12848, 813
52921, 411
3280, 512
68927, 794
29569, 212
41846, 913
62046, 247
48411, 621
15628, 26
4883, 528
68264, 943
1119, 270
43014, 601
32005, 885
42208, 912
47987, 222
1342, 669
15346, 838
48142, 762
9430, 389
40287, 929
5175, 495
25464, 592
52299, 912
51304, 139
69333, 938
5329, 323
42517, 35
22219, 723
19505, 319
64429, 621
21262, 517
33702, 281
39840, 344
17338, 314
106, 113
46138, 145
60907, 648
50422, 644
28354, 14
35429, 359
14444, 914
19035, 289
48253, 86
4748, 702
12333, 513
56971, 133
56874, 315
37928, 885
29112, 885
14190, 900
45659, 948
59470, 627
34399, 846
49752, 409
66121, 37
37132, 707
5982, 800
44862, 20
67433, 789
14154, 838
62400, 12
60573, 386
2911, 883
38310, 29
45057, 740
5857, 551
16492, 108
19546, 647
33109, 628
54161, 786
41243, 447
62461, 479
4261, 635
47318, 131
11852, 152
21012, 432
37206, 270
19098, 330
69951, 521
19005, 773
26495, 940
7163, 128
37237, 401
32099, 121
16653, 750
46622, 608
59827, 16
60927, 974
55130, 457
441, 862
49111, 778
54970, 189
17670, 472
20233, 719
22131, 251
38179, 871
11942, 613
10981, 243
53900, 371
32649, 392
13646, 747
38447, 845
57108, 323
5986, 684
21467, 984
52775, 391
3750, 832
3310, 205
55587, 423
10198, 297
12178, 578
11985, 301
38743, 289
47171, 248
63126, 542
29368, 423
404, 291
13099, 321
50730, 639
1195, 22
3219, 108
14469, 177
65272, 462
69208, 162
14371, 581
29194, 268
2267, 379
63955, 189
68522, 784
30922, 699
33367, 158
8581, 525
9910, 281
28891, 914
28828, 550
14646, 578
21904, 60
44935, 803
66262, 626
44097, 584
52559, 412
26065, 278
34252, 259
30421, 538
16195, 231
37649, 342
62587, 359
24219, 548
1917, 937
16993, 71
17356, 255
11285, 777
67749, 961
47314, 581
52383, 708
29587, 555
57266, 278
67763, 80
28525, 851
56133, 946
52338, 28
21222, 515
69849, 924
63381, 135
43334, 151
7943, 475
33290, 658
66160, 138
17490, 918
64281, 600
47254, 26
41017, 658
1911, 999
63138, 851
42437, 432
27324, 335
45703, 545
30815, 724
38856, 506
896, 921
24136, 796
64227, 300
62278, 252
5554, 470
63105, 176
58135, 920
53264, 309
66589, 428
33024, 412
39303, 587
56449, 285
48287, 940
41260, 867
39470, 781
40780, 788
6056, 781
66389, 863
6121, 667
50684, 418
18905, 384
8111, 622
49493, 299
29558, 663
32223, 403
33276, 57
66924, 304
35529, 996
51664, 705
38298, 760
3579, 790
21356, 568
66346, 235
44633, 34
11212, 576
27521, 577
37810, 702
56984, 459
36914, 385
59729, 257
65795, 258
40768, 680
29359, 612
59583, 864
45222, 72
45689, 833
21831, 139
15925, 330
21701, 229
61386, 300
27151, 486
57258, 958
29909, 703
36199, 719
14589, 707
40211, 358
16270, 326
5899, 376
16985, 792
11524, 413
68916, 174
17508, 884
33720, 164
40737, 327
49581, 331
16878, 256
22874, 388
3062, 745
62755, 384
52119, 465
32690, 132
7141, 210
64294, 258
18367, 160
12416, 636
31505, 332
3624, 558
21640, 942
41634, 461
65802, 3
26120, 188
55025, 993
27345, 384
1235, 909
19060, 589
28848, 504
65747, 859
49427, 603
35868, 343
12422, 58
45713, 855
14013, 713
9962, 643
41877, 410
14541, 759
14929, 495
14890, 48
61527, 387
55728, 351
34542, 564
38985, 532
45555, 597
24437, 606
17921, 756
2800, 109
62603, 517
7347, 58
34644, 733
1929, 448
27839, 429
26956, 435
18423, 251
54103, 632
4285, 526
45218, 934
38524, 998
9729, 49
44975, 755
23520, 607
56337, 84
18638, 110
32208, 119
40404, 221
14427, 689
10156, 846
34139, 373
9890, 509
19779, 185
62275, 437
50176, 732
45404, 999
25097, 882
59045, 736
1231, 537
41933, 536
29912, 413
58573, 910
65894, 57
55246, 404
2132, 145
17054, 429
30890, 804
6604, 773
37388, 916
38358, 946
21468, 660
45240, 364
18222, 247
52329, 991
54759, 996
38526, 296
46927, 419
68149, 487
22524, 897
11853, 479
37799, 233
53477, 829
19115, 495
59112, 372
12828, 709
30296, 15
64196, 710
69224, 256
22782, 635
14085, 687
6537, 917
36441, 678
322, 634
2550, 19
54145, 203
62483, 855
20537, 5
34300, 435
22576, 59
35743, 678
13052, 510
33935, 725
16445, 3
11454, 32
33875, 716
66341, 157
24957, 498
9030, 90
34297, 891
37245, 808
37611, 634
46102, 137
18778, 266
11220, 271
51126, 775
14643, 330
17086, 569
41844, 981
65477, 856
24354, 174
48106, 796
12566, 390
69535, 382
5239, 279
69797, 534
58793, 742
5310, 759
43409, 716
51666, 987
33854, 567
58593, 672
49895, 909
48901, 2
67505, 563
24302, 16
6557, 214
56050, 24
35072, 811
27848, 280
40495, 851
51079, 715
40983, 817
32502, 425
58646, 360
35535, 276
16825, 898
22961, 163
18837, 652
20609, 676
10765, 265
12567, 818
53706, 990
25106, 636
63962, 951
46949, 797
49936, 404
52173, 691
7960, 324
60774, 109
26114, 480
23130, 859
8226, 967
3430, 864
59910, 715
64199, 768
48315, 467
33311, 537
28090, 840
5703, 624
33011, 639
39759, 580
51596, 51
24976, 36
47597, 789
27782, 481
36254, 171
58067, 47
49259, 271
1419, 155
21924, 98
21959, 129
39110, 9
55398, 156
37372, 63
19423, 253
34532, 51
7194, 564
51655, 612
39185, 349
29148, 748
42207, 23
47504, 28
22539, 689
51102, 884
14349, 604
29264, 901
59522, 373
62120, 710
38074, 520
39992, 702
32870, 732
62148, 110
49086, 646
65328, 865
64598, 933
61124, 414
31868, 126
30857, 782
2307, 930
4156, 324
5765, 462
47185, 985
50305, 966
56212, 825
43425, 219
32197, 677
54665, 516
59732, 476
7499, 514
3336, 483
6000, 152
55873, 937
6950, 913
14047, 370
11437, 105
2767, 875
45582, 82
29818, 762
10881, 319
18649, 242
54490, 564
61317, 41
16473, 396
19986, 533
6714, 474
54037, 281
14777, 676
33755, 852
62505, 65
46885, 791
63727, 568
42840, 769
50313, 12
18630, 384
32613, 148
37551, 735
25594, 531
53328, 974
50443, 120
58397, 321
36696, 544
63645, 152
20171, 209
64482, 551
6779, 244
38998, 433
58166, 775
35960, 129
28143, 26
61930, 413
9594, 34
17083, 955
35776, 588
36664, 963
25429, 961
65594, 54
6237, 543
63731, 49
57243, 206
66759, 998
54971, 116
45506, 190
41004, 911
26558, 216
32942, 276
56275, 128
26296, 44
61890, 560
43145, 730
44676, 280
29811, 327
54389, 49
5149, 713
51974, 982
9022, 554
35726, 929
33013, 924
42113, 535
8960, 188
9393, 886
36618, 119
5102, 196
16266, 353
65123, 741
64920, 891
54091, 223
34228, 71
64327, 188
1632, 813
32699, 940
64858, 864
29926, 896
32698, 686
15452, 626
27177, 467
51045, 55
62848, 944
29185, 129
44540, 747
67751, 736
52564, 774
31372, 316
44827, 165
36742, 434
53227, 149
37948, 887
24794, 627
43517, 408
10200, 443
4760, 650
23166, 609
40564, 217
3449, 791
50701, 7
51291, 568
6695, 436
37091, 679
44959, 501
17933, 201
16513, 497
8440, 257
50400, 747
61294, 980
10823, 385
58563, 350
14569, 135
65960, 43
57840, 312
8245, 919
21298, 0
1664, 483
20939, 231
25930, 62
1015, 925
6523, 19
24086, 87
37808, 671
20019, 69
64704, 591
58703, 741
9625, 880
30600, 880
56041, 390
29903, 303
32929, 952
54365, 500
2544, 636
26601, 348
26939, 218
18922, 336
35410, 590
1296, 378
55229, 333
16809, 287
6746, 756
3536, 453
7014, 274
24060, 410
49017, 13
55443, 318
59713, 650
68074, 170
18425, 944
26756, 693
3385, 47
49780, 606
11940, 783
49872, 461
10487, 105
60350, 963
8207, 482
57850, 414
61826, 484
22673, 241
8104, 921
38668, 897
27372, 57
65289, 349
1413, 714
22634, 724
973, 680
22080, 187
58862, 44
64098, 337
24947, 976
63401, 932
43421, 856
1095, 824
3217, 472
53072, 799
8734, 47
47472, 984
60032, 803
14413, 828
59447, 482
58298, 235
39039, 563
64480, 308
11041, 438
46583, 110
44917, 30
37645, 815
34554, 327
7298, 652
14619, 828
32394, 413
58170, 152
53855, 590
6709, 984
68351, 520
1730, 623
43480, 285
11284, 87
685, 434
46033, 463
48102, 715
28554, 137
66551, 12
22268, 609
63030, 160
56399, 601
13668, 775
2265, 377
42543, 583
4678, 260
45753, 713
65916, 652
64107, 184
27608, 351
673, 784
46567, 474
57836, 901
54950, 241
40572, 367
18444, 23
982, 91
26290, 391
20721, 930
48386, 337
45867, 79
58414, 414
61459, 734
23808, 849
47295, 222
53436, 578
35241, 54
55789, 246
33051, 430
19991, 986
7309, 682
33745, 807
38001, 130
39442, 436
15690, 731
59702, 272
49233, 705
50896, 446
53293, 529
23570, 141
44906, 333
55077, 209
32525, 292
18156, 2
54135, 536
13018, 807
30925, 651
45016, 195
25158, 368
14659, 239
63942, 777
54776, 288
52232, 843
13083, 721
63177, 1
12037, 341
68092, 406
13942, 936
6355, 207
16183, 362
55258, 708
13123, 964
11721, 112
49528, 110
17437, 814
63016, 864
62276, 452
24776, 564
65367, 303
42706, 739
60904, 328
56095, 362
3144, 421
62571, 111
21028, 630
30091, 373
15818, 90
62019, 751
35216, 718
44170, 130
31295, 798
21312, 554
53758, 803
51372, 119
1053, 517
39576, 287
37087, 91
326, 715
31426, 706
22153, 526
64689, 709
24591, 869
46281, 675
49275, 735
22506, 238
2458, 172
29216, 23
11116, 358
62190, 112
18738, 910
38354, 112
45914, 263
38659, 860
57064, 396
67739, 656
24179, 83
47593, 839
7264, 295
54367, 415
12159, 641
55930, 910
49252, 787
5359, 432
19129, 425
27402, 775
23851, 976
42122, 523
6853, 508
16936, 57
843, 984
35169, 197
2154, 833
1672, 237
23533, 595
42219, 500
23222, 709
26669, 11
17610, 783
50418, 784
30998, 832
61394, 808
43460, 740
21817, 503
41350, 421
54566, 221
45026, 724
8286, 718
11050, 593
5674, 555
37561, 244
59816, 733
12087, 994
34949, 795
36835, 51
43211, 528
36681, 999
18507, 320
57868, 98
65064, 120
8117, 263
60679, 717
67372, 891
56083, 372
25706, 247
66025, 920
68867, 667
42212, 928
4254, 513
37860, 677
30565, 926
16797, 586
65742, 988
53784, 759
13117, 310
1224, 417
64681, 302
41320, 208
16483, 818
5519, 228
60011, 162
57222, 337
39324, 263
61135, 635
8825, 75
52167, 496
21448, 5
21576, 549
63328, 328
35392, 783
4010, 762
29481, 935
26152, 647
47973, 905
48972, 578
19246, 249
62293, 217
22398, 478
62132, 304
48036, 70
14723, 316
13378, 235
67513, 517
56046, 132
4379, 437
19978, 841
63805, 913
53108, 372
25118, 538
42152, 965
57100, 20
32901, 18
2280, 959
34156, 603
54579, 957
67852, 961
67100, 900
15034, 688
50238, 400
24063, 168
42491, 586
4918, 571
1816, 801
58934, 640
7875, 32
54812, 11
40329, 385
32133, 997
28824, 364
36226, 556
9784, 232
49920, 616
46313, 504
5764, 975
5410, 405
37843, 64
18203, 645
29301, 320
53842, 930
2549, 254
19199, 977
25329, 596
15938, 136
61522, 918
55910, 262
55018, 221
4869, 225
20140, 981
14675, 226
16067, 7
44472, 179
54885, 263
51652, 54
53983, 74
54265, 88
52389, 540
23055, 746
58056, 920
7343, 316
5604, 47
24770, 894
21577, 984
48152, 531
41337, 826
65501, 947
36168, 943
57678, 367
14378, 496
46957, 716
64154, 650
9482, 249
23884, 465
62997, 951
19573, 27
61454, 636
53345, 168
6844, 737
47899, 186
51612, 538
31175, 477
48691, 563
2748, 647
1588, 956
64866, 182
4460, 605
38170, 12
18018, 324
58777, 252
6285, 388
49901, 801
59639, 307
45895, 513
1318, 128
67767, 653
41209, 53
63611, 801
38696, 996
20839, 209
54315, 848
15819, 11
66096, 343
4123, 878
64568, 853
47609, 835
21084, 68
44060, 412
28826, 657
35252, 751
22993, 627
6139, 617
2877, 395
19752, 870
32214, 899
23819, 348
61017, 5
7516, 749
29993, 16
25716, 291
65319, 504
36464, 700
31301, 310
1414, 318
22836, 225
57321, 711
59157, 34
53444, 441
60069, 214
43143, 482
39762, 544
50079, 661
36870, 487
11205, 140
61444, 598
39223, 500
45717, 756
42759, 706
64483, 627
31448, 719
29334, 325
37443, 584
9980, 825
34926, 82
785, 859
49061, 885
4481, 707
62418, 83
10476, 67
42616, 725
52591, 183
59391, 471
19179, 927
38053, 178
38563, 551
40615, 219
56963, 134
7691, 431
64176, 163
11347, 81
49025, 726
17308, 176
43815, 438
48244, 884
64511, 593
67160, 145
50358, 669
4497, 612
36498, 801
35921, 793
4081, 729
53852, 412
63471, 111
40491, 591
31572, 70
59010, 751
23973, 823
67743, 88
54773, 208
12009, 850
49767, 282
1396, 80
5834, 319
69426, 973
15422, 451
46679, 84
46388, 217
13538, 479
62697, 498
39901, 197
39146, 711
30731, 435
4761, 129
65417, 709
49370, 5
16036, 282
29854, 402
42848, 232
10577, 120
54550, 491
42102, 600
11834, 648
29283, 164
46747, 242
46741, 738
60124, 371
53024, 752
45596, 970
65346, 683
25824, 886
38480, 897
40252, 457
57181, 248
25902, 522
12937, 78
44191, 667
55782, 973
3006, 861
42927, 577
66776, 359
390, 241
16505, 949
628, 722
67065, 78
54808, 736
7111, 538
56411, 117
38988, 813
33467, 349
29261, 78
57360, 370
53918, 808
15877, 860
39219, 870
7758, 738
10804, 249
11580, 803
54384, 732
2106, 838
19698, 218
26468, 459
32490, 788
55762, 960
17151, 947
6572, 971
63827, 434
30824, 906
40143, 759
66115, 212
49114, 53
6990, 971
45051, 881
10673, 427
9938, 625
51630, 359
49105, 919
27231, 685
19134, 223
5382, 67
7898, 129
55182, 268
45019, 304
38705, 950
49100, 622
27759, 53
48758, 687
36847, 529
63546, 700
6780, 893
45624, 949
1679, 681
39305, 627
35691, 409
5288, 613
19576, 593
4578, 913
45954, 379
27031, 199
69717, 684
8979, 427
45578, 456
29241, 784
21758, 424
8254, 353
52957, 106
8032, 105
50359, 161
67306, 46
64141, 413
20637, 373
25786, 956
3849, 706
18059, 720
31569, 999
52054, 299
17621, 648
15359, 484
68323, 171
33550, 41
63740, 680
37609, 464
13092, 37
44282, 9
61210, 983
37020, 885
46743, 19
14856, 4
65756, 707
24761, 605
39780, 881
43085, 352
14654, 188
18855, 494
7068, 541
38542, 711
885, 373
14227, 940
6801, 480
43204, 785
6972, 946
38448, 186
28586, 431
11781, 835
55706, 566
59332, 136
53981, 990
54883, 651
64127, 257
31748, 754
51699, 171
24011, 320
51575, 768
31338, 173
34938, 158
18936, 139
46086, 464
981, 271
36049, 506
15375, 887
43156, 438
30230, 707
13820, 747
48811, 759
5990, 474
51204, 740
21355, 860
22867, 883
23691, 765
63804, 574
62868, 306
16452, 1000
27844, 488
16499, 511
13232, 949
54125, 770
68190, 435
2014, 677
9850, 518
60177, 674
56165, 210
6305, 762
42514, 172
36356, 156
35232, 93
58387, 135
4925, 270
16070, 32
37811, 905
1389, 784
26951, 672
53028, 148
9161, 299
48216, 146
8219, 68
39404, 601
66314, 373
25358, 845
56994, 643
68028, 944
17701, 436
32330, 327
54745, 352
41192, 690
3935, 468
43669, 779
34381, 313
34844, 307
36266, 384
9819, 900
7967, 823
56925, 626
62921, 394
32386, 236
35433, 231
41725, 32
25146, 281
69077, 865
20855, 211
21993, 27
66696, 792
12531, 669
4791, 429
61758, 976
62757, 180
58826, 111
22568, 55
48772, 958
24282, 631
3810, 820
66738, 104
65114, 173
4066, 523
20218, 916
13831, 590
62319, 592
34445, 539
23221, 887
68885, 487
2768, 478
41379, 712
22741, 560
29567, 87
48625, 876
10071, 883
66757, 676
20367, 245
15126, 233
63025, 244
17011, 811
5362, 560
39648, 784
60691, 475
25424, 739
65374, 793
47526, 35
36807, 791
67536, 660
15467, 599
66064, 492
16155, 117
60882, 442
6123, 559
30911, 808
5771, 448
69416, 253
19319, 728
4108, 351
14028, 806
334, 30
68939, 274
17942, 589
15849, 742
27213, 80
5321, 968
57696, 910
55401, 136
59274, 405
2394, 951
35188, 1000
42868, 447
34260, 351
36075, 893
18101, 872
19543, 491
68903, 101
64371, 353
3027, 952
52369, 861
23632, 841
33858, 587
14003, 777
49214, 622
1570, 321
39605, 899
29167, 90
22816, 658
64236, 713
16125, 890
34354, 195
40238, 704
58655, 235
32242, 50
60529, 635
38149, 613
55005, 342
55164, 58
26421, 857
18478, 8
21313, 784
44815, 392
12401, 582
16569, 52
11827, 797
6924, 199
45964, 446
61319, 26
47247, 697
52354, 802
13615, 414
27270, 881
6258, 576
15995, 118
5316, 704
53050, 61
42471, 834
1220, 119
6988, 280
10671, 623
2031, 540
4879, 462
2035, 734
17946, 647
47601, 87
20757, 31
22035, 416
62695, 429
69660, 364
55578, 427
16291, 699
68614, 744
27178, 264
33753, 722
66169, 452
68271, 837
62036, 387
35032, 942
33343, 570
22765, 135
27148, 968
44542, 879
32342, 275
35807, 628
14109, 511
9376, 496
41177, 607
52706, 271
44740, 977
19057, 524
34325, 588
47066, 100
32784, 707
46353, 245
19436, 428
68850, 117
5978, 945
36981, 66
44645, 424
52801, 113
12535, 627
26748, 880
60849, 1000
63154, 506
69138, 69
30228, 458
39350, 89
44515, 274
65534, 559
5038, 52
41595, 630
31762, 787
6070, 712
58731, 954
6178, 192
13221, 372
32266, 959
56443, 965
16616, 342
40131, 214
53380, 726
40552, 788
53359, 501
6788, 340
37345, 849
67583, 40
53143, 380
63824, 310
2884, 991
18537, 255
47446, 423
25413, 343
26972, 10
53843, 632
16856, 764
54578, 319
47945, 984
11204, 633
67150, 724
39863, 656
47834, 887
42190, 407
57683, 918
38197, 607
16594, 766
24785, 710
25299, 39
10796, 201
34652, 898
37355, 243
4860, 207
64537, 36
36395, 413
6970, 628
47240, 990
15658, 146
46652, 271
33439, 61
6144, 546
27425, 283
11000, 974
1842, 596
2613, 398
43433, 821
60663, 121
53141, 637
9214, 787
57214, 658
66484, 621
10142, 179
44694, 66
14765, 31
56564, 667
9661, 617
40957, 48
14237, 614
57721, 261
47075, 932
66939, 912
57030, 964
56207, 239
24449, 49
50283, 84
53258, 747
37321, 402
15077, 395
69540, 505
20187, 815
37671, 474
16442, 52
19796, 993
50579, 748
49940, 411
40334, 662
16773, 80
19480, 272
3655, 438
29455, 584
66621, 773
41865, 860
23251, 97
58432, 339
34813, 46
57882, 476
60508, 602
6904, 500
18206, 811
37977, 215
37787, 631
36159, 713
26922, 176
54488, 996
38602, 354
427, 985
49055, 971
44942, 273
38618, 624
22857, 223
21534, 984
60804, 460
58988, 622
20047, 907
22955, 905
19448, 337
58052, 179
62843, 863
43514, 213
38428, 181
35843, 165
32604, 574
67183, 805
46428, 178
65251, 627
26024, 929
19539, 399
47135, 347
23168, 588
40574, 552
18138, 48
67502, 473
25686, 398
7424, 254
50836, 687
33759, 192
61264, 748
19598, 180
7319, 506
44861, 669
9875, 305
52636, 141
20954, 372
55637, 160
63520, 341
23121, 250
6598, 109
66800, 279
68733, 392
35013, 656
37742, 21
30825, 848
35202, 172
31989, 448
5392, 554
58834, 731
10563, 981
4737, 133
44167, 282
12194, 766
52280, 922
50687, 535
41250, 515
16060, 371
33200, 327
17396, 858
8197, 778
37882, 467
18810, 390
22052, 446
8289, 919
26346, 172
19302, 974
10721, 960
11806, 630
63538, 339
66085, 395
44670, 920
34356, 22
32353, 518
44226, 787
64422, 397
11950, 950
49101, 65
67673, 261
32803, 248
14294, 803
37508, 84
38030, 704
20307, 446
31672, 397
67894, 874
53733, 626
22259, 356
9465, 77
45670, 488
67757, 70
56105, 606
53427, 795
38319, 22
57385, 915
38489, 62
11734, 79
17852, 886
23931, 983
12361, 857
25466, 404
52175, 120
12810, 744
22786, 222
13588, 435
37727, 858
56988, 341
61864, 484
38921, 718
47479, 124
62559, 634
41255, 492
5075, 981
5596, 931
52571, 167
57075, 202
41570, 397
8493, 836
44378, 125
65385, 457
18053, 455
38797, 854
26347, 989
21895, 480
64984, 304
21002, 26
65872, 887
31094, 252
25283, 445
48209, 826
69129, 456
60531, 851
54248, 883
4151, 711
63128, 806
68069, 405
50922, 256
18055, 492
58753, 654
19386, 157
26406, 264
67186, 656
12321, 218
53690, 638
11873, 631
25799, 88
5545, 41
30062, 838
63925, 212
17715, 103
62016, 777
26898, 423
48288, 746
11074, 358
26417, 595
48338, 241
19844, 145
21864, 993
45216, 804
236, 240
27294, 852
56553, 406
53136, 611
17913, 269
24106, 208
21326, 545
50895, 873
31710, 190
31495, 509
18258, 537
17237, 564
3698, 22
28787, 539
12177, 261
59262, 344
20980, 881
54777, 882
45350, 561
23247, 561
15130, 837
49843, 991
54614, 152
65416, 601
55103, 109
6152, 162
26410, 75
45393, 378
53995, 549
39638, 113
69581, 662
10048, 92
36887, 396
12325, 780
48278, 691
55529, 699
32821, 544
17417, 801
64587, 874
3253, 963
65233, 32
50366, 861
61009, 497
63417, 4
26630, 469
57754, 709
61543, 825
61475, 273
2456, 93
8672, 773
54781, 476
40206, 992
46772, 578
2788, 626
10201, 953
30784, 80
61690, 515
22464, 768
63031, 206
39632, 921
41890, 843
50004, 750
65204, 65
28634, 112
11064, 888
18829, 294
37207, 136
38868, 268
2264, 681
7576, 293
38098, 178
48698, 758
10493, 538
46315, 298
31147, 269
26848, 205
51127, 517
14947, 220
3399, 520
54001, 461
68450, 883
9153, 661
61225, 619
34808, 432
6610, 224
17326, 27
48190, 290
55320, 365
40160, 173
9209, 268
30759, 343
8569, 366
45629, 932
15137, 873
4951, 991
62639, 887
36899, 766
67487, 842
40049, 856
16293, 433
20932, 790
18320, 72
33973, 492
67453, 873
20214, 841
49271, 456
44076, 404
5701, 696
35387, 496
26899, 734
22772, 280
33776, 30
15240, 801
51107, 79
53301, 428
37816, 9
16656, 304
6885, 318
37287, 179
20550, 268
11378, 763
30145, 223
21091, 733
53773, 629
36635, 196
7834, 253
67634, 779
34663, 638
52135, 79
26595, 983
69335, 351
32337, 868
38767, 821
5257, 533
45122, 605
6431, 589
17074, 222
45365, 79
4314, 374
45869, 570
31137, 843
50572, 395
24803, 325
36839, 772
69527, 397
54527, 617
60018, 735
59050, 419
16924, 922
20132, 371
20119, 188
63089, 804
26375, 227
62770, 303
58073, 806
6639, 717
5473, 595
6555, 939
20091, 263
47646, 518
50546, 824
48460, 127
63680, 780
45478, 284
1175, 766
67123, 287
21763, 861
8135, 382
17911, 498
11826, 31
50610, 247
24487, 954
10891, 830
42799, 626
64818, 367
56211, 934
17841, 373
33771, 35
11670, 760
61098, 181
17961, 755
28524, 805
55531, 907
24082, 646
9524, 927
17179, 826
6673, 326
42516, 670
67886, 189
22022, 195
62279, 567
5006, 343
6169, 727
63797, 595
66074, 691
63182, 221
58591, 254
43399, 697
43232, 833
62367, 395
41107, 363
13038, 554
43809, 540
42294, 66
15837, 776
35915, 535
10417, 938
27233, 432
61136, 957
20715, 417
27307, 378
44913, 323
59688, 586
52586, 723
47805, 684
28363, 935
43807, 218
9215, 692
39311, 242
64447, 828
46550, 878
42069, 772
41949, 363
40585, 865
23579, 459
33350, 292
12951, 552
17681, 249
29077, 221
37353, 870
30536, 911
62131, 967
49856, 44
19380, 473
63876, 632
24771, 898
2216, 898
8107, 305
67839, 59
23913, 851
31506, 527
42230, 756
25585, 386
38092, 227
55944, 772
17599, 502
12455, 155
40050, 944
63478, 403
52250, 185
1907, 421
37697, 94
7321, 872
63308, 693
4013, 27
23496, 762
59283, 165
29092, 237
15078, 694
22157, 771
41048, 445
9131, 661
69868, 712
28784, 367
41789, 181
54233, 527
50433, 85
10195, 736
25724, 192
57982, 274
43689, 781
47099, 966
13473, 462
59175, 362
19712, 442
4842, 782
58524, 508
60959, 210
24737, 982
10452, 409
11574, 989
54154, 701
32596, 592
36926, 936
57354, 748
62420, 201
30855, 277
24678, 912
24831, 930
68384, 831
64896, 630
20651, 691
50754, 539
46985, 407
11997, 938
58431, 267
21218, 149
18026, 35
30969, 591
5600, 225
12994, 761
18259, 324
35978, 435
52003, 489
54495, 82
68792, 459
68953, 859
62789, 232
25468, 94
34568, 456
47617, 580
4743, 732
45800, 689
41339, 15
8099, 405
29649, 116
67842, 661
2893, 286
60306, 63
49512, 856
39718, 308
38472, 587
22919, 1
63748, 800
11958, 224
62710, 931
3871, 987
2144, 535
29852, 531
32535, 436
2445, 227
825, 252
22773, 73
65980, 83
29719, 116
24061, 58
2219, 180
11571, 117
16854, 132
3189, 330
18122, 140
66955, 801
63509, 655
2580, 980
14630, 956
49587, 491
40582, 636
24880, 702
7662, 72
4637, 686
6836, 888
62285, 67
18968, 329
53329, 135
54862, 104
7671, 867
31339, 264
68727, 61
11716, 341
24321, 496
39322, 115
31365, 810
10126, 731
4546, 57
40021, 378
12301, 132
6918, 470
20690, 453
49358, 755
44352, 526
34317, 623
57339, 653
10149, 360
15423, 818
43415, 936
66149, 946
10213, 179
59838, 133
58069, 979
46882, 53
33522, 814
26751, 620
45417, 745
65056, 687
18724, 227
52824, 484
37513, 624
48619, 751
19323, 792
45425, 115
26996, 241
14954, 87
56603, 635
21670, 87
2729, 757
32917, 390
65487, 559
21957, 331
30043, 369
56056, 704
3028, 276
8015, 720
59035, 608
58338, 342
51075, 775
35104, 827
46965, 172
48798, 561
25492, 961
24610, 328
59686, 520
19663, 362
64551, 555
49181, 55
38465, 445
35283, 50
58994, 179
57854, 228
17084, 166
38140, 612
19690, 779
26654, 419
9234, 949
21181, 764
11073, 84
50726, 579
50120, 85
24866, 355
47470, 545
14685, 754
7771, 506
24331, 716
32195, 157
54767, 911
38785, 228
3887, 575
7388, 777
65855, 632
14355, 876
20232, 951
10733, 636
22718, 781
40125, 0
31681, 589
21405, 275
36959, 707
61783, 768
28296, 689
12749, 98
56731, 872
9360, 731
31720, 171
9751, 242
9906, 251
27655, 484
24403, 586
1988, 875
62166, 181
54806, 889
37138, 89
30274, 896
31682, 754
24933, 64
62533, 587
62910, 282
62837, 100
51199, 73
19495, 354
58279, 333
55959, 520
57277, 842
41319, 907
37608, 216
460, 372
67416, 288
4913, 49
30351, 796
27786, 770
58513, 569
26735, 271
56434, 840
24342, 503
3590, 437
6646, 450
51243, 97
20749, 170
28501, 423
29136, 812
36470, 623
42178, 435
22377, 524
25316, 503
66677, 219
66528, 637
43183, 518
14400, 616
61424, 477
2342, 730
69452, 858
60924, 983
25440, 983
28161, 50
25307, 892
24903, 418
26470, 187
32651, 303
43931, 699
51452, 568
35953, 304
9591, 190
13518, 936
48042, 926
44655, 730
35641, 326
14750, 66
21969, 769
35463, 39
52074, 213
69948, 565
36059, 159
4448, 209
17564, 260
56670, 945
44415, 862
26, 489
19821, 721
8209, 361
11154, 232
43974, 834
46517, 295
10422, 423
57558, 533
36299, 106
17371, 742
5225, 869
30275, 403
5220, 506
3284, 154
35409, 882
7289, 795
19925, 31
28686, 658
69984, 509
19459, 447
21414, 303
64830, 454
38527, 845
19569, 744
36691, 868
5200, 638
8218, 797
61595, 14
6592, 401
18798, 898
22252, 552
4365, 463
53998, 462
62033, 69
68752, 849
51401, 861
20202, 328
32355, 466
65136, 795
56405, 434
29609, 452
63767, 119
7496, 638
17006, 447
36744, 599
28072, 886
46963, 670
51684, 678
52873, 315
6839, 347
31117, 949
19751, 827
59038, 298
25893, 54
63355, 66
16429, 824
37880, 485
31153, 242
1697, 964
3090, 897
5756, 493
21045, 762
32000, 346
27965, 643
9079, 55
38919, 232
15424, 522
38244, 59
68287, 464
39246, 235
58531, 389
16356, 885
20530, 547
46962, 460
23726, 88
1701, 332
66198, 570
28712, 571
2416, 551
8848, 465
63467, 331
55681, 443
39607, 148
1114, 723
55957, 928
66644, 471
46955, 477
57021, 224
56766, 104
20354, 513
32376, 999
69488, 585
68062, 192
56445, 587
49578, 40
15012, 827
44848, 967
30627, 502
61897, 209
49784, 319
51656, 161
17378, 236
44401, 486
45396, 913
17001, 290
53552, 254
65804, 870
65635, 240
69515, 262
9989, 401
10403, 140
12565, 232
33040, 94
61426, 86
49239, 343
56746, 723
16600, 876
860, 367
36382, 476
49205, 518
1774, 308
69238, 477
51230, 794
32104, 460
46765, 210
37352, 754
14704, 944
43639, 211
69785, 1000
57188, 392
7275, 969
29949, 327
24541, 72
12899, 956
21545, 75
35934, 313
12106, 417
59648, 272
4405, 443
67669, 815
57893, 458
47773, 416
29923, 236
55436, 90
46642, 195
52255, 691
18859, 738
15978, 346
24045, 237
34100, 580
2115, 58
51540, 783
48097, 456
36364, 117
62978, 325
27950, 633
37902, 668
66838, 492
22019, 20
66330, 84
41508, 530
18833, 957
56023, 941
66268, 700
21530, 60
60943, 257
61194, 746
9491, 240
27808, 503
31796, 236
49635, 505
28290, 365
10651, 677
38808, 300
25068, 235
14038, 447
23724, 60
58885, 156
16416, 820
53226, 309
66682, 373
37075, 737
5087, 935
28658, 925
68121, 73
6064, 425
54041, 799
45048, 142
3975, 217
16543, 411
62205, 157
9351, 504
41443, 303
24724, 937
8069, 494
13408, 721
52271, 192
63618, 123
42841, 742
61018, 352
20065, 433
31538, 144
18396, 770
8906, 133
23377, 380
16462, 323
65835, 452
45833, 274
2025, 960
48754, 126
502, 631
68704, 198
54641, 589
17799, 907
14373, 678
4898, 149
46037, 201
42709, 877
50327, 707
10734, 431
66460, 394
37658, 235
55323, 365
61207, 92
38790, 374
23342, 618
13838, 19
38233, 341
2297, 742
27588, 647
65193, 227
48310, 136
68990, 932
69532, 214
10815, 771
45528, 290
50324, 501
25072, 929
29141, 388
51028, 373
6249, 998
3225, 729
48072, 708
3605, 120
51472, 129
50681, 475
56281, 248
60608, 960
9851, 512
34968, 959
48188, 564
51043, 871
27321, 735
55866, 803
43388, 309
47054, 32
21946, 372
52102, 235
11138, 727
12853, 234
3574, 722
61016, 38
50261, 491
57520, 642
47972, 356
56259, 676
35867, 271
67717, 940
5499, 650
49695, 350
65157, 140
42703, 47
69124, 593
27181, 576
64730, 609
15737, 525
57173, 976
2164, 475
52560, 528
8695, 687
26136, 723
33808, 113
12376, 174
5587, 294
4651, 247
58884, 333
58582, 577
53228, 810
16938, 295
7917, 303
18523, 789
721, 480
49038, 555
29147, 623
9956, 743
4524, 689
22626, 845
54396, 238
51645, 586
19824, 850
31352, 968
29473, 998
22051, 990
11133, 960
40867, 795
39746, 288
32028, 915
17448, 117
5346, 53
54247, 789
48295, 791
17451, 432
3973, 187
54703, 586
4656, 834
37501, 937
9660, 882
31813, 366
53312, 615
19522, 471
1820, 187
17002, 288
67317, 459
54855, 819
41651, 931
53500, 104
44333, 320
198, 453
39092, 640
50409, 360
5876, 522
1626, 721
36700, 478
12024, 865
3132, 79
61353, 542
22096, 962
49237, 237
25014, 760
34257, 208
48451, 22
22911, 413
62814, 965
18979, 390
5261, 36
41230, 48
62231, 657
48741, 229
18921, 59
13953, 880
53754, 792
52037, 361
41674, 723
61712, 933
33288, 221
27200, 456
6396, 215
68077, 301
372, 476
14209, 616
21113, 85
21944, 720
24366, 440
32586, 979
61649, 471
10529, 855
30830, 737
35615, 789
38151, 765
49399, 273
18358, 771
16804, 100
57740, 220
19831, 989
35553, 838
64973, 789
55028, 299
50258, 446
50267, 987
48668, 533
53911, 881
56159, 908
58595, 866
30076, 124
24952, 889
57928, 935
42702, 848
61001, 732
44637, 983
41978, 149
51284, 860
20488, 952
53239, 573
57378, 533
18962, 726
44929, 657
33209, 179
44410, 926
36121, 415
27964, 258
54891, 506
33202, 467
20739, 864
41769, 496
4919, 721
69467, 7
65760, 914
21423, 888
33928, 52
46177, 208
50342, 452
55868, 612
46664, 973
34971, 127
14638, 514
35636, 969
64355, 511
61478, 795
36670, 397
29824, 978
31866, 807
2029, 431
39993, 241
66345, 4
48605, 127
32641, 443
52603, 253
63672, 513
37912, 39
28580, 212
9606, 490
44037, 543
57872, 798
7740, 164
42182, 712
55418, 29
38579, 541
35825, 547
33774, 558
26180, 308
56400, 945
46676, 779
29904, 972
37680, 688
22459, 849
39098, 599
62730, 541
17825, 401
48239, 723
64086, 440
30997, 421
3079, 394
37001, 410
10215, 311
38383, 578
54343, 145
25487, 80
49332, 160
62499, 455
25634, 972
26014, 963
6491, 166
12097, 459
13874, 329
50577, 91
42635, 196
35858, 275
13042, 266
49571, 696
28719, 858
6411, 261
64433, 173
68820, 258
57638, 815
15272, 223
61793, 388
29626, 288
53745, 228
42755, 879
54954, 226
60199, 559
8308, 338
4839, 290
29193, 647
49, 781
57142, 598
903, 954
58330, 44
68026, 607
17253, 821
26090, 517
68700, 654
44789, 802
28713, 151
17318, 477
66742, 70
36910, 678
52019, 137
25508, 538
23867, 704
67457, 351
64996, 776
16384, 699
40963, 436
19054, 586
41269, 725
3110, 168
24023, 328
20080, 745
69880, 775
27494, 168
40088, 77
16771, 831
22750, 910
2720, 602
49031, 65
43969, 850
65270, 154
59628, 106
1710, 937
69497, 717
3140, 103
61338, 915
20057, 846
27566, 879
10280, 380
3950, 355
8305, 786
28908, 687
21371, 783
66982, 508
45420, 504
47886, 938
65154, 517
17957, 671
25308, 610
64993, 95
42816, 926
44221, 532
8744, 464
61504, 412
59435, 640
46005, 654
377, 623
8872, 457
54342, 851
64149, 243
47175, 439
47365, 487
1602, 20
46758, 164
12887, 353
45491, 263
3948, 638
24660, 883
26767, 500
33158, 255
51257, 915
38651, 559
9137, 791
46229, 823
42762, 203
52781, 951
4186, 555
63922, 564
48157, 882
50380, 163
40972, 246
13021, 791
61107, 790
64439, 322
14430, 746
20979, 688
29336, 343
13121, 228
15666, 92
53609, 193
47427, 78
25629, 388
64958, 430
51862, 567
61616, 82
33654, 177
35105, 125
66708, 406
46231, 330
45749, 943
36071, 31
63396, 403
31501, 464
32966, 414
28679, 230
66235, 895
52685, 423
35242, 182
49347, 618
27017, 72
11319, 581
64190, 760
62226, 193
64501, 783
14423, 229
23295, 42
58734, 51
56174, 912
33090, 515
67398, 446
64765, 751
32468, 634
53959, 518
49602, 232
1087, 691
69711, 906
14509, 344
1257, 319
15002, 383
15110, 940
34950, 571
13861, 108
40196, 990
32518, 795
36728, 319
2644, 698
27483, 548
32888, 18
57423, 6
19138, 751
51152, 913
54346, 987
38408, 440
38434, 227
8606, 391
51192, 756
24330, 112
65120, 14
57425, 133
7465, 162
37097, 639
66507, 777
10182, 220
25675, 951
33850, 315
34745, 467
6238, 11
22309, 994
60216, 659
48353, 421
13201, 821
20591, 702
8540, 703
30733, 213
37946, 915
28069, 848
68684, 948
46595, 782
69545, 958
36971, 682
23149, 209
2844, 284
58518, 591
22551, 91
51280, 605
28740, 723
30205, 285
3431, 499
39465, 50
22560, 51
15515, 997
60831, 193
39709, 577
47250, 288
36340, 99
29298, 416
13475, 891
23539, 334
11676, 641
10499, 856
69739, 524
45180, 704
7938, 960
5436, 638
43268, 875
60486, 847
16138, 956
41993, 183
4812, 607
3568, 489
14486, 764
35927, 417
55468, 560
57914, 639
941, 207
25462, 324
36130, 394
68714, 530
42187, 679
43836, 844
51163, 935
47065, 993
16911, 784
15289, 495
41628, 836
1807, 500
56250, 872
35301, 614
4265, 356
26490, 99
6681, 966
43035, 397
18049, 286
40428, 572
54556, 824
715, 529
54291, 187
25451, 93
13864, 513
11957, 160
3043, 729
568, 767
44715, 571
2091, 387
45119, 337
5365, 960
43378, 39
19507, 355
54202, 450
42391, 384
57477, 145
58446, 994
37937, 343
60722, 224
20588, 570
14964, 29
35408, 978
11343, 52
46917, 527
22778, 496
55345, 626
26509, 789
65411, 362
59419, 53
68462, 675
9566, 763
33847, 799
726, 467
13470, 227
45165, 855
34831, 865
55458, 815
32146, 594
50370, 690
68942, 283
45389, 68
26604, 36
19316, 415
67957, 503
6264, 856
48672, 320
65532, 878
58543, 555
32379, 988
68595, 131
33393, 367
17812, 358
24217, 701
18699, 738
65710, 982
4923, 352
66475, 59
22663, 571
16774, 447
8655, 80
34863, 676
63935, 265
2959, 994
11767, 36
59754, 177
46453, 118
21409, 259
41151, 478
14543, 919
69795, 601
57890, 252
26609, 101
18204, 508
17951, 900
13436, 196
25280, 475
4191, 383
63389, 140
33475, 731
68994, 872
34502, 178
51307, 902
2820, 857
3180, 617
24924, 620
15086, 439
47154, 241
23629, 993
21156, 670
58039, 70
23785, 409
63400, 830
30015, 584
20566, 15
1374, 47
37166, 253
22528, 166
68784, 676
31912, 519
62284, 21
25966, 186
11845, 259
7523, 367
57241, 791
7271, 861
2322, 183
17181, 516
14858, 497
20422, 22
15482, 425
64857, 379
604, 829
53965, 19
37120, 473
59747, 622
53131, 681
48606, 369
16461, 783
18533, 912
52393, 333
36114, 533
53493, 960
62801, 33
56750, 248
29750, 99
430, 261
68554, 421
43874, 730
22681, 571
52726, 990
53467, 546
12809, 827
2785, 68
25674, 196
9894, 545
5809, 416
57778, 117
33520, 93
2619, 612
14516, 42
29925, 537
56847, 68
51830, 588
23901, 724
54577, 804
9697, 679
2597, 878
25633, 615
26633, 738
14376, 850
64219, 992
51236, 353
7954, 161
7243, 613
32950, 701
3404, 645
8685, 692
1573, 927
27862, 474
56919, 779
6641, 841
30370, 370
17029, 598
1747, 893
67477, 694
35820, 682
56741, 11
37643, 603
14153, 845
20917, 645
68202, 7
60614, 251
63710, 897
50991, 549
17225, 575
22726, 417
41591, 401
43868, 834
41191, 867
39085, 883
49775, 988
23297, 41
28960, 607
3206, 328
58611, 910
46122, 361
40140, 284
55247, 256
22466, 567
4684, 576
64521, 484
56642, 543
11478, 529
64884, 137
39439, 160
9870, 945
68810, 925
48905, 309
62592, 58
2096, 280
12737, 448
8244, 275
60387, 987
12653, 460
64271, 808
32470, 727
26061, 414
46987, 65
2214, 783
31483, 1000
29533, 585
36243, 674
12016, 54
40617, 198
45556, 69
10763, 98
6830, 501
4492, 808
52749, 475
17098, 782
59132, 932
901, 627
33811, 857
4539, 196
46442, 496
16151, 93
11067, 8
18511, 313
1963, 833
50240, 842
61363, 221
39155, 935
62617, 172
27985, 699
16323, 590
12402, 935
30696, 654
23127, 106
35715, 104
8866, 128
1222, 966
50096, 721
22706, 319
49419, 51
11548, 143
10307, 951
56429, 21
7107, 274
19744, 966
2495, 41
29452, 725
18988, 790
21071, 876
44598, 876
28748, 181
50639, 9
9846, 709
1483, 54
2732, 674
27237, 586
59047, 697
5960, 102
55742, 836
6484, 827
42366, 837
64724, 376
16096, 410
21445, 874
26878, 820
35430, 774
847, 298
18058, 626
55176, 865
13434, 288
13613, 642
50994, 537
12632, 607
57447, 104
8054, 83
53927, 822
50153, 912
7488, 103
61054, 974
44339, 313
58571, 285
52132, 969
54549, 378
10408, 491
3547, 974
38805, 524
9748, 242
51360, 484
51124, 264
39711, 820
48224, 221
2136, 837
26390, 629
879, 252
11384, 799
32419, 139
22054, 103
27728, 200
21520, 509
28109, 143
37038, 175
68528, 6
86, 620
23002, 849
5605, 325
39860, 50
3943, 474
67439, 212
5984, 47
12419, 841
34321, 985
39280, 844
31395, 927
12055, 196
56111, 347
43468, 770
39799, 669
52443, 811
4982, 292
51491, 929
22488, 964
6512, 839
27905, 289
66560, 86
39727, 782
41127, 755
37650, 131
16812, 530
15311, 566
30465, 969
54568, 433
6266, 562
64608, 962
66927, 132
58381, 345
37701, 578
37932, 330
11993, 824
17312, 65
3609, 747
1894, 925
42001, 788
6270, 274
42622, 744
20659, 570
28120, 699
44433, 587
68376, 748
49849, 277
18087, 179
60110, 689
16353, 239
63763, 485
12981, 592
13751, 608
4749, 523
38356, 367
12574, 54
43562, 335
797, 33
52516, 684
58619, 776
8202, 162
68999, 537
20774, 598
14408, 464
17302, 723
62252, 304
29930, 652
19399, 43
34512, 387
8169, 287
43996, 931
43528, 758
28101, 119
59552, 102
4770, 722
28446, 469
67868, 511
29113, 623
2583, 594
12778, 903
33360, 587
59594, 463
30632, 671
20052, 418
30988, 197
21928, 661
57215, 90
17348, 340
4946, 300
54369, 309
44940, 405
1405, 701
29195, 439
62637, 75
16344, 825
69003, 223
39654, 624
63896, 9
9330, 998
7973, 976
33646, 887
40225, 996
26462, 763
13880, 46
51074, 350
8605, 145
37389, 33
15203, 405
36860, 665
34917, 158
43106, 515
19195, 739
42960, 633
52556, 782
48196, 626
13536, 506
68873, 139
56297, 311
46936, 703
60332, 14
54848, 265
46709, 945
3984, 676
212, 407
53047, 870
8841, 959
36164, 695
58208, 703
60304, 2
51875, 873
47569, 78
46125, 471
6373, 610
19782, 68
58769, 490
53929, 429
54637, 289
14887, 825
50938, 426
8494, 994
13728, 774
49126, 944
33470, 512
37340, 928
17191, 763
2967, 574
22350, 133
69023, 632
50825, 972
45911, 318
64545, 527
61791, 492
15084, 167
54537, 459
200, 859
56064, 467
35771, 243
39596, 57
45519, 365
62301, 618
55016, 776
28129, 207
4305, 280
51013, 552
53841, 51
3054, 529
62721, 223
33961, 165
57974, 546
50241, 492
8937, 494
35759, 834
18509, 426
25397, 338
26859, 160
11289, 721
58523, 198
50035, 680
55933, 713
18944, 745
28100, 616
12079, 885
44001, 257
13033, 407
16387, 760
34999, 304
62616, 49
68245, 303
25463, 741
681, 749
58522, 299
5162, 492
33619, 942
2405, 318
25933, 726
6441, 298
32453, 566
51907, 700
11358, 973
60396, 58
58384, 755
9841, 696
39195, 572
11754, 172
18793, 867
16652, 266
59723, 875
37485, 852
17256, 657
6703, 810
26682, 560
51411, 379
43244, 656
67911, 718
60760, 162
65078, 405
39798, 820
796, 860
25234, 286
64588, 923
268, 936
35278, 238
60886, 598
59325, 271
51604, 463
11395, 912
12261, 480
39167, 436
17149, 694
63626, 202
21695, 263
68643, 596
15364, 571
68487, 386
5021, 934
54943, 838
67420, 524
38241, 477
64072, 850
29568, 804
68658, 406
42206, 135
4631, 610
6058, 448
56784, 60
55041, 89
2294, 82
61865, 879
26707, 148
49941, 441
20279, 81
19337, 773
13664, 317
21278, 558
53062, 874
30388, 443
10339, 387
4895, 96
46216, 79
42033, 803
30669, 103
29406, 222
20694, 254
63174, 281
41809, 940
36390, 975
19145, 59
50852, 305
59573, 422
6678, 494
13197, 708
43658, 274
46434, 209
42750, 289
39776, 267
51751, 452
63278, 927
37409, 832
22375, 966
31435, 173
4858, 304
56113, 760
22385, 416
22048, 827
11419, 503
54216, 510
747, 906
12735, 241
24351, 985
30843, 705
25552, 267
38234, 619
49211, 584
8464, 507
24979, 679
10712, 626
23954, 32
64025, 538
39400, 169
63076, 900
11476, 771
39598, 663
35862, 57
33559, 505
50314, 381
39946, 512
968, 612
25677, 536
27586, 537
65957, 345
29570, 331
43362, 440
67485, 868
31527, 522
32555, 479
3602, 25
34591, 502
9436, 461
12467, 249
60419, 591
39100, 84
8465, 237
22381, 729
1506, 952
18705, 380
22744, 575
5343, 846
64822, 832
45110, 105
55886, 82
58632, 157
46847, 60
130, 172
28287, 898
29335, 935
28147, 690
475, 258
19913, 768
51916, 198
9605, 220
39395, 299
69603, 323
49866, 803
27136, 255
39788, 709
41301, 38
67129, 401
67662, 572
56166, 506
60526, 338
48915, 568
31014, 219
49824, 269
26743, 858
28427, 415
18906, 721
18493, 593
53140, 770
48039, 164
10193, 173
15248, 907
51622, 284
36706, 920
48812, 871
4790, 615
54078, 879
49177, 155
50497, 504
42411, 673
51882, 218
61921, 316
15200, 882
17233, 540
67277, 498
44186, 51
69516, 736
22860, 719
60475, 612
38363, 785
5174, 636
27778, 306
46328, 637
7794, 361
14701, 545
65744, 146
40878, 666
32207, 425
49404, 18
6859, 981
64714, 267
16727, 887
49827, 346
38280, 677
10371, 542
27266, 29
17918, 1
46195, 748
4917, 380
18621, 641
19654, 167
63882, 743
55766, 424
59904, 197
63090, 743
12622, 714
9835, 427
11121, 379
62074, 216
66438, 549
39616, 945
2607, 704
65262, 916
54016, 403
54275, 616
15752, 969
8491, 527
42872, 347
59542, 216
21995, 595
3700, 260
52224, 222
63844, 746
20780, 309
21834, 57
39290, 5
13409, 128
34955, 532
47453, 235
41298, 341
54445, 947
34056, 619
63642, 584
40996, 140
1547, 881
57750, 16
25040, 936
64650, 929
30384, 233
44720, 398
61403, 43
37484, 136
35789, 671
48283, 439
1259, 548
36345, 899
42417, 632
12525, 569
39520, 76
1381, 790
69031, 941
32952, 494
17012, 973
60456, 122
49637, 239
31731, 359
48117, 28
13419, 179
47279, 774
67714, 944
1082, 266
10653, 617
7074, 213
64388, 955
68327, 938
36658, 500
30642, 748
9795, 947
32269, 915
13181, 685
65946, 807
43049, 560
45117, 781
62678, 443
6578, 356
54597, 213
65896, 251
67570, 548
57202, 72
8689, 651
59110, 119
63615, 414
48135, 257
66441, 373
41926, 329
46584, 610
50460, 25
2016, 277
53822, 197
29010, 569
19149, 879
13204, 724
68633, 108
62970, 394
9241, 586
27325, 819
35912, 894
20849, 805
29106, 909
34007, 842
41596, 42
32829, 667
12310, 867
378, 891
7203, 6
68864, 453
16703, 498
8702, 250
22378, 600
58733, 26
68516, 891
61514, 807
48685, 796
41132, 391
47816, 723
64922, 686
60659, 353
3157, 330
44887, 2
37708, 139
58130, 513
51643, 772
30024, 302
33452, 65
63688, 419
10136, 411
34630, 34
12484, 225
8139, 864
21715, 0
68391, 387
7423, 23
18842, 267
51346, 890
5456, 696
61379, 49
54701, 42
54153, 908
49591, 523
37613, 187
6773, 73
13492, 133
66965, 71
6394, 733
19412, 790
34169, 236
53429, 355
40897, 891
48836, 182
69687, 523
51355, 836
19274, 394
66542, 145
58401, 940
22419, 38
34146, 577
2571, 974
61405, 60
7833, 620
52113, 495
66079, 745
48742, 320
63373, 666
36218, 289
27304, 181
48920, 348
1003, 612
30405, 211
40353, 166
60057, 838
54361, 525
3854, 395
32154, 1
18438, 593
58015, 959
33029, 170
15709, 473
27751, 431
62229, 572
42698, 855
11269, 598
4447, 350
6968, 758
23258, 267
24814, 537
45368, 717
6093, 282
37111, 397
31487, 128
16063, 127
36478, 644
20865, 582
69209, 913
16851, 285
16173, 362
56604, 375
21463, 697
8591, 370
63806, 494
3259, 450
65014, 932
49102, 295
25256, 59
5538, 719
59383, 301
64946, 515
54017, 871
50226, 230
32634, 494
3482, 7
58928, 988
38490, 450
58076, 705
60482, 833
49408, 32
34530, 354
50150, 86
50731, 564
58, 418
29444, 810
18114, 417
55469, 786
5959, 767
63947, 753
1699, 22
55292, 176
63369, 87
52397, 754
48385, 167
12138, 467
5919, 522
33511, 882
8203, 373
4462, 357
65156, 81
36673, 946
45179, 798
45916, 138
54650, 14
25275, 860
31654, 983
30161, 758
43789, 147
61227, 223
38455, 778
2180, 708
68642, 18
37462, 824
58578, 203
23618, 436
13129, 502
16746, 103
7281, 693
17381, 867
52447, 680
59481, 110
68579, 682
25974, 826
40393, 322
42056, 578
2655, 999
62449, 275
32583, 701
64894, 994
48139, 540
61907, 857
530, 743
42866, 67
49079, 166
37459, 885
40919, 835
4357, 318
1909, 553
20362, 25
12813, 264
68076, 723
8823, 150
53445, 308
9278, 106
2232, 952
49339, 309
60544, 577
3752, 517
2770, 505
45190, 188
41713, 119
10588, 378
24874, 333
13610, 775
38211, 293
36072, 9
12916, 734
4187, 243
11481, 353
39967, 809
14668, 318
15094, 699
26674, 446
52371, 863
7379, 813
46737, 462
53262, 302
9185, 870
36801, 970
60309, 832
33569, 117
28274, 10
14112, 910
23171, 64
48479, 621
22393, 722
24211, 850
60481, 779
59043, 723
59193, 382
24511, 717
20784, 515
39979, 892
59669, 414
26765, 203
40855, 402
13016, 193
35602, 21
46309, 580
10524, 803
30672, 649
58411, 450
65448, 754
11350, 596
63205, 741
67968, 189
52554, 855
8634, 324
69457, 332
19248, 958
41104, 484
29764, 660
55979, 688
40394, 193
61472, 481
7070, 611
13866, 555
16967, 383
3711, 411
59569, 998
24584, 161
32770, 677
10567, 645
51740, 137
61567, 980
36589, 909
19031, 342
53515, 415
54735, 427
59466, 633
4901, 152
20278, 225
54840, 499
27292, 526
13757, 41
62222, 256
45974, 172
31387, 403
68371, 70
29144, 303
15280, 96
66003, 969
26900, 434
22212, 157
46807, 622
50753, 820
35596, 871
39787, 528
21460, 408
35711, 644
28007, 692
8830, 100
30496, 205
47276, 181
62372, 138
11898, 160
35043, 304
35377, 749
40796, 946
38487, 408
44596, 859
25366, 844
42611, 959
38836, 906
34569, 165
1009, 505
26729, 229
62609, 660
1825, 668
32590, 381
5617, 73
4880, 799
7059, 315
61419, 602
33108, 905
69530, 134
69380, 823
18677, 354
2169, 925
52235, 871
59581, 606
37571, 354
10821, 794
55821, 704
40141, 925
21811, 604
59320, 46
43736, 12
10613, 179
28021, 181
33905, 784
11266, 726
39561, 700
23524, 56
58989, 978
21676, 356
30567, 766
62989, 152
3277, 734
33398, 325
62548, 705
47766, 665
31948, 157
22659, 796
57024, 424
60178, 592
43073, 349
46566, 939
40328, 487
33117, 134
42798, 225
58744, 341
68639, 757
43487, 194
15892, 390
41921, 436
60986, 676
11635, 321
10259, 634
54630, 29
45500, 837
39009, 219
67858, 996
68444, 194
8163, 128
38881, 338
66890, 660
38899, 203
63487, 341
41830, 265
16296, 755
46271, 459
28357, 786
66201, 728
61464, 84
38995, 453
62728, 188
51936, 764
42957, 63
11402, 403
67518, 565
4487, 489
16981, 827
20894, 20
23608, 332
64259, 877
57395, 261
42332, 614
62414, 575
9513, 639
15190, 428
34162, 135
43899, 901
5665, 178
36689, 766
18644, 121
31911, 134
63479, 954
33937, 870
62347, 453
56409, 851
1884, 473
21250, 652
12270, 547
64859, 640
16071, 710
22003, 354
6597, 249
56803, 561
44128, 448
11130, 915
42714, 843
41210, 826
6752, 882
13438, 460
52979, 575
2473, 987
47754, 678
50170, 290
24896, 624
21430, 291
16205, 324
30334, 370
42793, 424
23868, 384
37491, 200
50364, 645
46536, 94
8401, 471
59190, 361
10157, 999
30942, 226
5927, 116
59876, 966
4272, 566
67137, 556
4711, 816
67627, 948
55586, 408
62669, 309
66881, 145
48021, 68
10746, 875
37461, 54
34622, 3
31023, 974
48872, 859
42867, 314
46596, 503
20224, 173
56414, 406
15525, 279
13293, 722
8377, 16
40627, 137
910, 519
20669, 693
44279, 724
33965, 762
3483, 650
19605, 648
54207, 422
69447, 589
2333, 493
6577, 614
25626, 704
45446, 477
28823, 199
65268, 883
69443, 972
69259, 631
56821, 873
43877, 411
27846, 819
9457, 225
49931, 848
64745, 384
1870, 354
49964, 165
9641, 665
45245, 50
34077, 503
68906, 904
28054, 666
36947, 580
36018, 346
1651, 615
24112, 10
6632, 416
43155, 490
8684, 80
22698, 339
6328, 197
43052, 193
7705, 184
63476, 870
18650, 5
67174, 740
31240, 734
55581, 676
1765, 170
43372, 451
63096, 140
11750, 25
50644, 10
46948, 248
65753, 352
62256, 778
27363, 275
3069, 283
17520, 57
16674, 903
65653, 988
28669, 103
27781, 656
66521, 355
64174, 74
64607, 343
25975, 892
66754, 15
4927, 739
52825, 537
10743, 408
2515, 195
50440, 468
68860, 664
39614, 267
51662, 822
7366, 548
13093, 425
38762, 995
23941, 192
34282, 766
59349, 513
12730, 529
62270, 975
6048, 987
55408, 148
4847, 215
33359, 356
26076, 9
3798, 479
37835, 91
46019, 418
18100, 267
14485, 976
41284, 371
13061, 664
31758, 701
15069, 441
23971, 266
45693, 89
49768, 296
42408, 729
4114, 858
26518, 263
11858, 774
13319, 752
28334, 796
14563, 930
29711, 685
15879, 616
63251, 492
9204, 647
55520, 307
5829, 955
59623, 801
62554, 832
270, 771
25640, 666
24927, 143
16389, 367
2891, 941
43363, 795
22317, 93
31239, 246
15923, 291
15181, 891
32696, 336
68029, 659
7896, 976
11513, 60
15579, 508
11779, 107
62649, 587
31311, 703
39476, 915
14295, 69
63573, 246
5127, 513
31540, 666
45493, 153
59750, 249
66940, 56
167, 92
49947, 7
10282, 458
50504, 31
53826, 962
16550, 29
69417, 190
34939, 247
7723, 245
34516, 345
52688, 447
4454, 283
36223, 828
39017, 272
23406, 589
19656, 239
27149, 939
12663, 886
38718, 178
43205, 763
62113, 859
18136, 327
36612, 24
39041, 187
27361, 636
53021, 360
60218, 775
58001, 258
18079, 514
46410, 302
44708, 199
29672, 729
15278, 707
23550, 931
36637, 638
65650, 870
29528, 486
18302, 382
31070, 252
2407, 844
35757, 263
53756, 40
43195, 929
23147, 721
17005, 4
27829, 230
48394, 815
45812, 392
19755, 141
47269, 375
60006, 136
58613, 38
52523, 234
66602, 382
21593, 419
66575, 943
6325, 918
39385, 422
42731, 270
34570, 171
57971, 916
43929, 832
37322, 680
63191, 444
4306, 86
44023, 84
41496, 291
25631, 324
69024, 265
5230, 347
48359, 298
1242, 29
26422, 250
56850, 218
49320, 545
54386, 224
17989, 597
51961, 30
36316, 807
48301, 336
18340, 481
10745, 169
35451, 438
36, 572
4124, 291
27236, 23
13328, 231
49929, 31
57046, 233
54531, 230
62005, 404
10828, 631
36361, 919
19363, 517
21464, 695
69755, 313
40482, 819
50190, 354
23771, 884
17722, 915
15355, 452
20898, 703
56509, 647
