6472, 465
13949, 671
9702, 177
5521, 595
2424, 42
3423, 832
2159, 536
19174, 164
1264, 278
4880, 772
13292, 705
8812, 555
16102, 22
7316, 820
18898, 511
6876, 276
5700, 88
16587, 531
14607, 302
1876, 524
11666, 377
1728, 572
4089, 629
7107, 859
11578, 509
18394, 564
11918, 156
8182, 995
4271, 958
10825, 173
8586, 657
10477, 796
2918, 218
11285, 555
16321, 600
4319, 135
17227, 530
8097, 378
10517, 345
5886, 393
10242, 931
7246, 797
18634, 27
11148, 117
7661, 505
5760, 716
562, 518
141, 278
693, 368
2367, 758
4847, 13
6418, 653
8996, 410
3049, 378
11154, 803
11594, 777
8295, 949
1465, 599
6877, 329
8206, 565
12027, 797
7699, 503
18570, 700
6349, 680
12704, 145
10028, 662
16340, 912
6704, 125
16357, 313
4211, 931
18283, 17
14565, 746
15511, 419
1842, 368
12185, 600
11826, 664
9939, 704
5397, 520
19308, 338
7920, 496
4122, 23
12950, 488
6946, 26
18263, 88
5126, 686
11089, 28
13407, 106
16147, 378
17439, 329
11028, 429
15260, 528
9077, 886
15414, 985
3127, 879
14494, 128
9235, 214
13455, 813
19536, 416
18328, 756
3300, 351
12334, 807
6128, 755
11153, 527
17681, 607
15701, 359
15097, 294
15527, 979
4330, 511
11357, 115
19369, 810
9227, 683
9425, 778
3690, 903
8899, 303
6318, 990
3285, 864
14337, 819
1818, 598
4133, 701
15018, 684
12468, 445
8668, 119
5989, 681
3895, 417
11360, 644
10588, 852
8748, 417
308, 574
9167, 145
3721, 349
16288, 993
11513, 827
9361, 88
3417, 58
1582, 900
12875, 695
463, 930
581, 694
19092, 463
14651, 471
19812, 224
11671, 108
6357, 112
8080, 626
2356, 418
9355, 886
5620, 503
17603, 769
6634, 90
2555, 165
18068, 540
18113, 431
12428, 124
2485, 104
19442, 197
6305, 850
220, 827
13150, 442
10875, 213
15667, 587
2953, 305
3510, 564
19337, 23
2169, 120
419, 908
13105, 995
15150, 73
9555, 175
13919, 403
16228, 787
3930, 571
6139, 642
7511, 182
9764, 937
15958, 37
8602, 197
19595, 809
3338, 24
14745, 712
7683, 618
12308, 712
16234, 13
10399, 280
4835, 688
15183, 24
12201, 658
17117, 970
3363, 428
7238, 520
5792, 145
18730, 485
10405, 742
14648, 552
9597, 739
4071, 939
17782, 822
19233, 203
10422, 449
8439, 365
17790, 342
1892, 290
15363, 635
2717, 569
5764, 411
8446, 809
17747, 25
612, 247
8428, 306
16573, 83
3559, 819
12765, 710
2029, 779
6731, 90
18985, 368
5966, 369
2436, 706
4257, 571
13835, 363
15767, 901
15185, 415
7366, 905
1322, 661
1795, 844
3232, 177
5564, 703
9359, 391
4018, 634
9114, 280
17979, 586
5150, 516
17526, 677
18735, 407
12321, 195
18456, 139
12167, 735
17455, 394
4846, 852
10321, 516
11916, 443
7370, 626
18632, 80
18375, 468
3830, 871
10163, 847
16554, 565
19235, 927
7621, 163
10185, 394
12059, 280
9577, 908
19990, 379
11957, 838
8945, 296
19295, 365
13505, 753
19097, 631
8086, 349
1023, 672
3376, 428
9130, 131
14529, 859
8966, 496
18830, 289
4719, 180
1453, 287
16630, 508
6479, 564
15482, 287
15174, 256
15311, 550
15779, 113
6525, 546
398, 935
9572, 486
178, 784
12372, 969
6836, 141
8805, 593
18484, 133
8002, 786
11347, 442
18199, 818
2815, 272
17106, 4
18102, 740
17853, 904
5428, 55
12229, 821
2509, 908
4513, 983
9333, 183
5655, 35
14610, 493
14589, 897
13062, 336
3291, 185
17738, 767
19400, 56
17021, 564
13659, 753
4797, 369
991, 8
12374, 924
4045, 786
1854, 80
19583, 751
1051, 789
11588, 581
14271, 755
7605, 743
6601, 867
10656, 836
1826, 436
5021, 194
19663, 197
248, 724
1194, 679
15244, 861
19867, 707
17141, 792
4507, 95
9276, 888
16592, 979
836, 410
13629, 890
3217, 697
7747, 857
12282, 806
11210, 399
18227, 937
5949, 724
11933, 533
5552, 999
15149, 653
8891, 388
10674, 251
12427, 782
17656, 719
19251, 233
15310, 347
18148, 538
14414, 959
18218, 535
9177, 358
3556, 412
13685, 978
9297, 783
15970, 881
15190, 755
11248, 234
10351, 779
18070, 779
7965, 455
6899, 997
6425, 905
271, 960
7218, 381
6779, 347
2482, 478
16225, 82
10667, 985
6322, 139
15369, 517
15021, 601
19948, 618
13029, 40
3856, 872
1478, 238
3003, 69
1779, 418
856, 422
931, 485
14508, 758
9610, 29
11166, 484
3150, 619
18931, 614
12418, 947
6791, 875
3294, 61
18471, 273
10415, 818
9856, 195
18133, 140
2746, 37
14719, 23
15110, 269
7894, 148
18544, 231
4391, 977
17612, 941
3544, 445
18158, 414
6889, 233
18819, 693
19810, 215
438, 365
10582, 877
5872, 647
1549, 697
11841, 804
11912, 717
19335, 933
8524, 499
16798, 941
10555, 688
6028, 380
18327, 7
2363, 788
15531, 456
3373, 65
14835, 201
342, 737
5801, 552
11643, 786
8262, 420
12931, 985
4971, 990
13563, 395
17658, 992
10704, 901
1746, 182
13982, 102
6993, 244
516, 614
5138, 623
3066, 689
68, 925
5215, 578
6964, 868
13465, 44
1071, 705
404, 408
9737, 587
10686, 562
18886, 386
7458, 950
16777, 664
9743, 268
3422, 41
4090, 510
2574, 226
1701, 432
6776, 194
6152, 785
9442, 850
7804, 968
18238, 757
10963, 735
15694, 288
13013, 83
3507, 1000
8663, 249
14856, 301
17133, 727
1821, 694
9789, 809
6798, 288
17356, 484
17058, 769
3956, 522
3509, 662
17246, 833
11950, 523
17113, 76
19714, 575
6426, 386
9408, 432
9591, 643
319, 633
11621, 841
16560, 157
5991, 447
4135, 26
10753, 592
13763, 757
8260, 312
15976, 860
8084, 272
759, 475
13405, 29
12261, 619
17629, 621
10250, 233
16927, 69
8822, 612
7295, 637
3505, 453
14049, 788
12257, 578
2718, 10
5168, 607
13974, 395
5198, 850
17750, 100
936, 275
19713, 829
16705, 802
4702, 431
18351, 683
3037, 542
12303, 477
10600, 371
16177, 446
9927, 509
5244, 991
9250, 586
1573, 96
1895, 84
18448, 409
16495, 876
16968, 291
19658, 907
17277, 53
6628, 570
6671, 985
6131, 615
10447, 332
11426, 826
18955, 780
12909, 902
4612, 415
6572, 741
14543, 526
16422, 62
11789, 288
6373, 51
3641, 268
18746, 250
11074, 227
12895, 735
8125, 732
6420, 100
10649, 282
410, 251
12000, 391
10806, 961
12344, 566
14177, 732
17696, 444
10219, 799
2662, 58
10666, 274
16429, 576
12423, 230
7356, 970
9461, 446
5389, 361
3071, 274
5681, 685
14613, 609
7796, 382
12437, 272
8624, 768
9046, 102
11889, 900
8826, 318
4072, 509
8592, 269
789, 672
18181, 223
6597, 180
17314, 84
3812, 672
13948, 174
7420, 875
7847, 250
3546, 600
17222, 573
2467, 301
16029, 94
2860, 582
7448, 349
8136, 843
17382, 137
10542, 825
9505, 903
18667, 323
9870, 776
9245, 228
1579, 162
13561, 831
777, 949
1714, 564
9606, 377
602, 237
4522, 4
13529, 391
17296, 154
6755, 724
13736, 716
15454, 309
17924, 400
3275, 34
7406, 484
5976, 142
12527, 78
19364, 490
16286, 520
15893, 396
4360, 473
8181, 319
11699, 220
9794, 51
10366, 824
14811, 209
6167, 458
14181, 190
9841, 122
14649, 436
3437, 570
16106, 475
16644, 797
2251, 141
1353, 918
18800, 813
2418, 199
5861, 0
14656, 633
9026, 420
12378, 962
12996, 675
17315, 470
16133, 455
4171, 55
15935, 267
10196, 949
10338, 282
9727, 59
152, 630
10608, 58
6005, 904
16505, 823
9092, 850
19453, 670
7948, 153
8270, 714
17448, 604
11642, 870
7773, 8
11776, 915
18092, 940
10712, 116
16297, 15
10739, 359
4551, 928
16248, 443
1608, 8
11219, 550
7499, 806
883, 655
19580, 696
5804, 860
4443, 514
2977, 931
5124, 450
4858, 970
13970, 196
6833, 243
16797, 778
14488, 766
2712, 476
8056, 983
11943, 492
17823, 554
11383, 164
18040, 691
13089, 740
7274, 704
19016, 683
9492, 122
10453, 213
8065, 607
18041, 572
12567, 122
9873, 517
1774, 758
1232, 767
7725, 828
2731, 420
15851, 805
12154, 508
167, 223
757, 684
3276, 103
17499, 869
12957, 935
1492, 83
19786, 219
3050, 446
7442, 612
16213, 811
18220, 307
18137, 944
5293, 520
122, 862
5257, 955
7037, 434
12002, 337
10714, 891
5462, 884
13310, 40
19393, 554
546, 922
12619, 558
13820, 908
8756, 107
16863, 470
12766, 773
2164, 384
4432, 757
11135, 974
2580, 636
665, 537
5599, 970
3880, 875
16940, 877
3105, 835
16239, 639
18347, 802
16359, 240
13918, 278
8186, 48
10909, 852
3054, 458
1093, 361
12028, 545
6730, 632
8470, 347
3781, 610
15720, 615
14935, 770
134, 65
15328, 11
9753, 673
16702, 113
19534, 692
12264, 567
16995, 805
10952, 324
12715, 175
5698, 771
10838, 764
14910, 248
15599, 751
12338, 158
12746, 540
12622, 45
1038, 92
17084, 715
11610, 583
6380, 175
16266, 709
12512, 731
1248, 28
11517, 923
16064, 926
19053, 323
6389, 784
5689, 79
8342, 88
6708, 276
15298, 545
3518, 503
4506, 200
17559, 870
17616, 308
17852, 217
19342, 759
11835, 68
6002, 695
1883, 613
12827, 872
9783, 330
16298, 500
16534, 687
3753, 951
8445, 952
5770, 591
19090, 731
987, 533
10355, 757
9935, 417
15225, 167
18776, 392
19601, 744
16365, 510
6254, 8
6564, 81
7162, 366
2242, 544
18258, 870
196, 894
14759, 798
8676, 627
6442, 300
8453, 698
15581, 360
2274, 671
9320, 522
14787, 544
11868, 976
16601, 478
10679, 835
5916, 966
18943, 732
4620, 257
1645, 180
19440, 539
18924, 391
17183, 205
7019, 19
9466, 443
5456, 942
13131, 910
9997, 659
4826, 622
9806, 33
15327, 728
3082, 914
1088, 494
13075, 969
4799, 311
19747, 590
2988, 716
5741, 908
6249, 846
4794, 598
12231, 635
7612, 173
2657, 350
12540, 238
652, 131
14309, 426
12530, 130
678, 569
18993, 490
1959, 793
8212, 386
14096, 745
16548, 178
7210, 732
7909, 534
13749, 227
5265, 732
2626, 193
13658, 207
16831, 924
2946, 500
12316, 424
17939, 133
230, 198
19683, 928
16490, 80
2040, 152
9787, 422
5959, 603
12630, 443
16427, 933
2347, 387
11431, 285
4886, 998
5930, 786
3220, 436
3131, 434
11620, 192
2455, 110
13149, 888
7388, 881
17116, 596
4896, 940
2437, 788
18618, 565
11420, 335
13096, 416
11138, 960
19798, 770
19211, 172
3139, 307
11881, 890
6423, 219
15001, 841
17851, 928
10901, 713
7712, 284
456, 653
15433, 517
2894, 264
1414, 163
18141, 552
4357, 895
11473, 151
2440, 793
1050, 670
18449, 531
10615, 372
3524, 132
14467, 353
4532, 94
1459, 887
4233, 298
12910, 902
5246, 762
3203, 108
17062, 165
14365, 134
15401, 705
17898, 637
1589, 329
8651, 481
2240, 585
3183, 610
3174, 743
6185, 784
18652, 57
4809, 800
2506, 925
17040, 521
5463, 438
9066, 610
3775, 43
14729, 954
2888, 430
19912, 661
155, 822
6277, 558
6553, 787
6244, 692
10630, 0
9948, 300
16628, 299
14207, 687
16600, 306
8183, 942
11507, 606
6809, 955
1850, 67
13381, 432
10085, 1000
15269, 646
8325, 850
17903, 664
6654, 533
6346, 58
7308, 862
12489, 327
14639, 953
406, 353
1721, 878
674, 783
19371, 861
18927, 607
699, 186
18036, 3
11683, 510
2364, 976
17111, 644
5237, 707
13638, 600
7043, 698
6694, 848
16496, 58
7157, 632
1136, 427
9926, 662
12831, 155
9079, 74
3634, 170
6650, 597
6794, 841
3629, 381
8242, 924
3736, 229
6137, 531
486, 758
19825, 867
1351, 667
3256, 652
16072, 790
5591, 291
8216, 365
10610, 10
7446, 576
10323, 589
19924, 96
689, 838
5289, 591
18772, 912
69, 993
17998, 103
15065, 871
12502, 818
17727, 780
10334, 960
19114, 275
5759, 540
8152, 525
2868, 451
4098, 151
6374, 989
16984, 176
7828, 547
8340, 416
5334, 432
7084, 34
1395, 40
12345, 981
10112, 522
1210, 546
16689, 245
14880, 227
8074, 27
6304, 279
11294, 189
9368, 493
13602, 16
5324, 110
1378, 958
18178, 876
6530, 310
9865, 265
19120, 737
12036, 407
17602, 398
9528, 732
18240, 178
1362, 630
7020, 476
15115, 517
15955, 948
1154, 670
18707, 361
11199, 789
13270, 371
1881, 944
7010, 891
12407, 761
14709, 151
6352, 302
8930, 968
12009, 452
8013, 230
4950, 938
16110, 523
14897, 441
10905, 37
3871, 635
11165, 475
6011, 332
18789, 708
10862, 49
9550, 298
14894, 321
18691, 5
8583, 337
5596, 913
14793, 674
18874, 460
17966, 373
19217, 181
1890, 659
15501, 967
1840, 107
6869, 567
10245, 924
4020, 914
18020, 494
4421, 570
5818, 836
13913, 30
9618, 674
10531, 738
118, 635
15655, 507
1855, 74
5704, 768
19439, 336
11858, 749
8799, 404
4213, 734
885, 427
4447, 740
14054, 279
11381, 498
4477, 893
19834, 842
14778, 171
9862, 756
13627, 137
1558, 187
4661, 399
19141, 155
17649, 698
1279, 305
3826, 527
4410, 807
13963, 690
7505, 143
19929, 403
15289, 236
3665, 618
4371, 784
10931, 425
13363, 554
6989, 909
5029, 347
3427, 539
6959, 239
4460, 915
2572, 720
16022, 788
11227, 690
15943, 893
11015, 809
2613, 11
848, 82
10093, 700
15551, 60
19034, 325
440, 712
11410, 954
6017, 255
13399, 87
6415, 655
16062, 254
17449, 435
3474, 635
19547, 939
6437, 440
14670, 604
11582, 960
7531, 942
18922, 133
4489, 257
5502, 738
17564, 264
1094, 386
611, 861
14723, 450
8112, 238
2325, 790
15340, 28
661, 950
11051, 895
7834, 994
2940, 777
9280, 907
8299, 249
16425, 867
6069, 4
13957, 273
2177, 955
16983, 518
12287, 458
13459, 90
1218, 488
7141, 407
4823, 93
12342, 726
3122, 471
15350, 618
9049, 944
11753, 935
9334, 763
7998, 602
17497, 235
8585, 437
4409, 901
12402, 480
15195, 467
19795, 203
11476, 554
10612, 243
16489, 15
11956, 370
11229, 554
187, 85
19502, 548
9190, 375
13940, 954
4549, 445
9201, 168
3401, 398
14115, 845
6904, 523
18840, 370
10938, 16
226, 694
11784, 167
10677, 433
19620, 1000
7607, 44
10732, 965
18383, 853
19151, 375
10562, 533
12003, 911
17205, 978
3084, 934
12967, 355
4332, 900
8734, 956
16338, 411
539, 0
17576, 15
2539, 435
13295, 648
1569, 265
6516, 32
16261, 396
10293, 309
19666, 172
11946, 157
5064, 43
9560, 933
9354, 73
11316, 961
14720, 463
9449, 484
1852, 862
6983, 478
9993, 340
18919, 243
17097, 213
10551, 786
17402, 658
9194, 548
15078, 905
15675, 408
13558, 947
1963, 281
1578, 913
11404, 448
11994, 422
9863, 435
4025, 682
10022, 720
15601, 42
1236, 24
13850, 282
15648, 53
9845, 905
15182, 612
18172, 908
12094, 183
1542, 597
14955, 223
5754, 45
3234, 651
13411, 992
5114, 862
8475, 606
1342, 946
7963, 644
19807, 626
2696, 929
15087, 156
12252, 260
10528, 466
571, 493
8847, 313
1788, 551
17886, 652
4137, 305
7572, 434
10224, 806
6273, 648
14969, 720
6689, 961
14807, 270
3535, 856
14725, 719
49, 403
19420, 25
11169, 407
1838, 712
4619, 371
3815, 205
10898, 999
4945, 763
16318, 184
17724, 841
116, 997
3009, 298
577, 112
14048, 910
6991, 163
11727, 262
14942, 245
15422, 868
3112, 890
5563, 465
17016, 100
15806, 462
11895, 63
75, 864
1805, 257
765, 410
11123, 375
16919, 1000
12292, 5
6588, 287
924, 350
16054, 667
157, 367
13642, 20
5196, 91
3901, 633
4771, 969
15184, 247
5080, 101
6332, 678
12370, 978
7472, 678
16056, 486
13861, 597
18879, 711
12695, 645
18143, 516
4498, 738
14690, 517
14168, 796
17551, 60
9159, 541
8901, 587
2009, 235
943, 917
16335, 101
16822, 617
19054, 323
15975, 218
7155, 692
4301, 529
14700, 204
9483, 92
10695, 22
3364, 329
13585, 991
5971, 17
280, 741
19071, 214
15780, 42
19548, 222
14810, 103
2151, 12
17383, 801
3001, 674
1935, 184
11810, 144
16681, 829
10345, 196
10446, 476
2870, 210
345, 932
3310, 971
4888, 407
905, 110
14667, 956
13074, 461
15902, 395
10062, 983
15488, 263
19107, 529
231, 991
1729, 660
4856, 339
3585, 520
1209, 659
12812, 436
18379, 140
8225, 549
13699, 127
2304, 956
2666, 650
12381, 433
18147, 742
2955, 302
8477, 84
15843, 121
7731, 502
12968, 480
10799, 647
9898, 95
13174, 517
12236, 916
8964, 797
1112, 355
613, 562
6812, 614
18336, 388
2044, 856
3163, 570
15944, 915
16629, 524
9761, 343
5191, 846
18699, 934
12711, 10
18093, 714
15096, 47
6234, 403
19748, 986
4520, 796
12062, 703
4734, 26
1522, 803
9697, 187
1940, 747
5245, 428
18389, 978
11065, 667
15652, 278
4779, 511
7777, 493
16263, 955
16896, 555
11896, 998
4468, 427
18573, 700
1152, 533
5701, 768
19255, 767
18939, 314
14834, 46
629, 8
2275, 708
7706, 506
15296, 500
9971, 343
17845, 950
7902, 339
11394, 579
7625, 771
18881, 142
13775, 618
10663, 77
13118, 668
1879, 707
17349, 785
15152, 603
15282, 264
5190, 769
7958, 365
1511, 263
18047, 168
13326, 965
6010, 629
18256, 677
10642, 381
2745, 495
19754, 707
19443, 71
10813, 642
3058, 268
9444, 226
7826, 166
4664, 953
13604, 524
541, 79
354, 214
19592, 284
3584, 360
15963, 709
1126, 298
10482, 114
16469, 69
19799, 825
1214, 943
8637, 45
11066, 304
18425, 643
10941, 508
12215, 989
14276, 848
14120, 20
3881, 232
1675, 577
12119, 398
530, 886
5783, 358
12315, 292
8688, 980
9469, 90
16451, 12
1863, 503
12352, 807
9391, 566
16872, 929
14466, 941
5359, 47
12947, 342
11160, 10
7890, 614
281, 444
15708, 246
17476, 642
3744, 574
14452, 800
14507, 505
712, 747
223, 261
13572, 951
19083, 823
3371, 257
19895, 869
2564, 918
14428, 919
6692, 717
4022, 530
4473, 543
16408, 279
16818, 261
1007, 783
18415, 229
15397, 46
12919, 421
16920, 284
17608, 235
18380, 422
16113, 983
13557, 993
6670, 134
2432, 117
11925, 726
9396, 324
12656, 820
8518, 964
13489, 174
18271, 321
5339, 938
11785, 494
8871, 434
6977, 345
891, 1000
15923, 706
16977, 567
537, 943
15257, 517
19437, 622
13534, 803
6699, 13
17877, 676
17809, 70
7239, 379
17571, 940
1420, 903
8655, 786
4618, 178
2108, 380
349, 882
11215, 793
19723, 109
15130, 429
16483, 9
5144, 913
10149, 162
3845, 133
11195, 573
9473, 45
15785, 640
10056, 357
9093, 460
5961, 109
8092, 28
19785, 524
14618, 279
11829, 318
9020, 808
8869, 548
6049, 557
847, 911
8256, 68
14481, 684
11264, 225
19282, 575
13875, 683
7359, 148
875, 497
18139, 733
18604, 128
15783, 55
13102, 544
12547, 467
9998, 476
19527, 132
17193, 472
16226, 515
7030, 677
7879, 162
10635, 530
5355, 733
14403, 915
19389, 247
953, 651
3410, 886
16007, 785
7906, 427
1691, 766
3801, 329
11550, 740
15170, 848
19074, 254
12633, 46
7018, 379
13209, 656
19984, 352
16902, 753
14, 211
9771, 359
2415, 85
18446, 62
4979, 199
14420, 831
4335, 699
6371, 937
17352, 701
13652, 284
19588, 161
3039, 193
9008, 645
19684, 726
14493, 190
11325, 175
19780, 789
15543, 59
10521, 898
5288, 637
11010, 980
11356, 613
14799, 963
14256, 467
13159, 251
5637, 308
4350, 139
12272, 306
9759, 890
18117, 444
19848, 428
19023, 678
19319, 719
12286, 348
14654, 106
4222, 960
9576, 811
90, 835
17541, 556
4483, 751
5970, 1000
3260, 630
18763, 553
10881, 228
17619, 732
2989, 541
2180, 794
18686, 372
5175, 920
660, 485
10587, 165
7137, 921
12452, 441
12610, 101
18532, 789
10271, 630
10287, 678
10900, 689
16265, 638
2493, 180
8575, 246
9472, 233
6953, 558
15493, 11
992, 820
6815, 398
4488, 576
12499, 565
9673, 407
10640, 184
17722, 536
12071, 838
14486, 242
14270, 950
11311, 965
12763, 853
16129, 97
15377, 787
865, 519
16257, 704
16613, 144
9465, 455
18577, 991
15591, 986
14361, 757
928, 315
13435, 900
19826, 303
14081, 218
18320, 52
2265, 957
16921, 439
1828, 385
10977, 401
7584, 260
8210, 588
15241, 47
10479, 882
171, 820
14393, 557
10454, 719
16320, 870
17525, 262
7764, 505
9158, 483
1518, 850
4139, 288
414, 314
588, 453
6606, 306
14228, 282
113, 400
4616, 428
5939, 524
2733, 14
6207, 886
5749, 9
12871, 871
19800, 420
2103, 354
11696, 460
12990, 287
4203, 671
13808, 68
11187, 263
4757, 788
2388, 789
9327, 562
3160, 63
19463, 474
16455, 529
1289, 570
12213, 236
11692, 607
7524, 834
2101, 439
6241, 639
2399, 972
10436, 252
10696, 869
8452, 2
17491, 875
10488, 677
3600, 806
12566, 658
15730, 219
15265, 983
4162, 627
14989, 359
18163, 787
89, 888
12126, 497
6510, 177
17997, 52
6462, 666
19639, 805
12100, 863
1184, 368
8993, 136
10340, 733
11932, 448
14539, 412
12479, 708
12908, 249
6948, 472
16207, 41
16018, 553
1310, 650
18528, 280
1004, 786
2702, 693
708, 728
582, 503
17261, 198
16096, 32
17632, 909
7382, 577
1048, 958
10725, 420
397, 230
15608, 200
7534, 809
2920, 108
19528, 90
8664, 269
8702, 363
10953, 460
2445, 863
8833, 716
16307, 49
12719, 971
9275, 749
2082, 170
9055, 435
6556, 464
16551, 723
6362, 490
6081, 692
13041, 665
13206, 317
10118, 900
13312, 795
15394, 487
17414, 378
6514, 207
16178, 916
2814, 621
13194, 550
17577, 383
1135, 393
19805, 751
11025, 931
13456, 474
16614, 552
7503, 563
8850, 345
15072, 24
4318, 475
2620, 352
3912, 738
10309, 56
7975, 464
13272, 902
11026, 641
2885, 595
13705, 173
14898, 743
19968, 866
7653, 319
2673, 332
8640, 153
8954, 945
7045, 849
5680, 801
11023, 149
15384, 527
14592, 916
16801, 594
6092, 450
7271, 682
17076, 133
15947, 274
18114, 443
9215, 978
19011, 621
4094, 888
6503, 469
3619, 321
10754, 389
8370, 1
3024, 745
14316, 610
2374, 729
14663, 853
14584, 71
18936, 286
11409, 1
2034, 230
10130, 63
12565, 34
3610, 601
16555, 607
2262, 206
13385, 679
9921, 666
8138, 700
1385, 236
12805, 890
6449, 457
16087, 469
12507, 470
7340, 374
884, 805
15865, 383
783, 805
12591, 632
1046, 364
14519, 30
2729, 457
12478, 252
19967, 963
9846, 326
2646, 409
8517, 467
13542, 540
4859, 444
12076, 767
11340, 209
10283, 269
10910, 300
3761, 788
14313, 601
2720, 145
13301, 887
12339, 955
7288, 517
8622, 279
14534, 891
13613, 938
9311, 667
2725, 885
13165, 706
11077, 102
16468, 811
18816, 233
15792, 331
19652, 513
14701, 842
2056, 717
19776, 447
17505, 688
14681, 427
10389, 1
2794, 659
9533, 898
5401, 723
6610, 587
13410, 135
17235, 749
10593, 519
4796, 254
6165, 910
11887, 849
14687, 415
18902, 639
18517, 679
4305, 0
19031, 835
13548, 477
7592, 130
16558, 226
6978, 541
13933, 335
12917, 931
9994, 711
7807, 820
10638, 445
7632, 232
15223, 22
6574, 99
2332, 452
12040, 10
11633, 735
662, 782
737, 887
18312, 509
6142, 393
16617, 593
2530, 988
19130, 222
4268, 514
14095, 703
9023, 146
3196, 822
18361, 549
1672, 547
3680, 200
19363, 953
18416, 683
4184, 124
5778, 763
4034, 682
18714, 441
15475, 206
13909, 705
15756, 907
12198, 396
3224, 549
14743, 116
3918, 88
17201, 689
6053, 847
13290, 96
11662, 990
11630, 378
2196, 363
15106, 921
10595, 686
15207, 391
2381, 986
7451, 414
12963, 730
13471, 767
8510, 896
8455, 53
200, 424
13119, 236
6280, 610
2611, 35
6148, 341
7335, 753
19103, 257
8327, 238
12243, 898
18599, 761
15191, 575
11133, 117
18152, 123
11312, 198
6937, 322
2681, 788
10774, 613
1446, 913
13855, 69
9460, 999
12106, 118
5917, 134
2052, 601
13966, 795
2385, 295
18697, 491
8145, 81
13271, 766
11054, 818
14832, 886
14025, 814
12019, 741
8203, 872
1297, 627
3445, 167
18287, 839
19408, 411
18850, 963
9463, 425
11531, 656
17669, 169
16640, 939
7737, 835
8123, 778
681, 941
11825, 368
13891, 48
19963, 918
10262, 404
18367, 195
7841, 441
18941, 734
10175, 324
14387, 992
6115, 509
18831, 329
4413, 272
17746, 599
566, 546
16998, 231
16960, 840
232, 254
11185, 291
8983, 362
15025, 354
16188, 11
4363, 795
16057, 860
18718, 657
544, 7
8469, 994
18194, 694
8026, 181
1366, 567
16210, 129
17815, 121
9623, 444
8780, 153
16480, 219
994, 622
9134, 566
15273, 352
72, 912
5894, 165
6582, 672
10804, 350
10508, 745
4885, 524
1777, 852
18916, 994
17910, 794
1664, 551
9394, 349
19027, 930
12615, 541
1519, 729
15028, 684
10971, 255
8118, 287
13098, 840
19942, 244
9755, 51
4427, 914
286, 416
19243, 451
8653, 77
16881, 876
2503, 399
18727, 652
3929, 954
9914, 767
4044, 405
19596, 767
7757, 564
9076, 648
13693, 708
4659, 688
13915, 613
3674, 83
14809, 775
11602, 35
1974, 260
7801, 719
8613, 428
10132, 564
16012, 974
6652, 890
14152, 41
18417, 649
8641, 327
7044, 716
14024, 544
1330, 58
11370, 203
6506, 780
10653, 14
8778, 792
4748, 476
9966, 711
19791, 357
15802, 982
12755, 165
13372, 681
9829, 164
320, 501
1990, 586
15725, 361
1781, 5
18792, 563
1464, 386
18018, 146
14440, 336
13828, 184
8456, 88
15076, 698
2807, 914
19129, 101
10050, 857
4155, 782
8960, 155
16882, 658
13386, 771
18579, 634
1642, 292
18017, 862
12925, 308
15200, 244
15784, 867
3892, 51
2140, 874
16393, 282
10031, 27
56, 783
3888, 661
3178, 592
6096, 450
10794, 769
16046, 751
18662, 182
5874, 992
6583, 420
7644, 222
7195, 938
18511, 176
15993, 429
2096, 480
8291, 386
19612, 23
4403, 573
3907, 54
2551, 37
4414, 318
13842, 625
16955, 970
11092, 547
14642, 158
5669, 609
6095, 150
9268, 662
1703, 475
19385, 643
17919, 688
3250, 193
8877, 938
4387, 866
19828, 251
12999, 248
7183, 470
17465, 193
10968, 492
14555, 787
6104, 886
19122, 314
666, 141
6878, 575
6045, 597
15612, 197
11876, 803
9951, 656
1455, 325
5910, 724
12574, 982
10792, 595
15253, 166
18084, 293
6306, 143
16886, 505
14915, 977
3324, 982
8364, 725
1109, 178
7410, 732
3322, 805
4151, 708
18231, 850
11749, 166
7013, 443
15695, 691
12984, 777
11693, 822
4196, 901
5506, 819
9503, 65
16009, 930
10527, 494
13227, 639
1430, 556
10452, 348
13545, 275
10876, 1000
6018, 862
11049, 408
10229, 232
2084, 525
4003, 977
19304, 523
8810, 232
2692, 354
15962, 36
18703, 134
16830, 269
9557, 24
2443, 848
4571, 451
2032, 811
14604, 32
3185, 83
19814, 815
9906, 923
2057, 735
14600, 890
4860, 757
17424, 846
17303, 579
10466, 660
138, 861
4326, 611
11220, 413
13073, 227
7985, 305
1801, 424
18056, 588
15366, 369
11976, 622
11898, 706
13853, 514
1230, 614
19228, 70
18438, 253
11923, 238
8248, 891
4738, 511
1559, 749
1011, 190
3124, 842
5802, 836
19497, 234
15895, 862
15548, 532
758, 7
15992, 376
8683, 80
11627, 944
8228, 654
7150, 753
7085, 460
10504, 484
727, 231
3993, 248
5531, 844
9369, 317
4230, 470
6461, 293
11302, 189
13161, 28
982, 338
4741, 213
19262, 249
12190, 523
11129, 413
15357, 522
13618, 269
154, 92
6358, 275
14871, 839
18882, 632
5826, 914
7520, 746
12097, 210
3638, 974
911, 521
6575, 630
13516, 75
12592, 367
5406, 144
11096, 814
6950, 705
13303, 724
16683, 880
13893, 89
18540, 448
17214, 573
3911, 139
13951, 295
496, 770
1507, 735
9233, 702
5195, 480
5921, 226
18053, 503
16068, 367
11401, 280
2460, 772
388, 760
10657, 619
10620, 883
19900, 412
18463, 698
14034, 994
14253, 901
3612, 438
3739, 983
3305, 653
19353, 850
5888, 691
15571, 235
7022, 79
3671, 187
18872, 817
5717, 0
15221, 991
13532, 504
9717, 920
5953, 922
18859, 914
3947, 358
11351, 571
18451, 524
907, 201
3931, 465
5829, 880
1995, 254
16154, 656
6554, 320
11573, 973
10860, 600
640, 727
12048, 281
19498, 749
15322, 415
10896, 331
6153, 471
15348, 917
7944, 342
2820, 747
3750, 599
13049, 354
9056, 738
1474, 450
6974, 858
16376, 975
16596, 436
13137, 916
6786, 98
8076, 775
16227, 682
6486, 977
17031, 96
19865, 240
6984, 167
2686, 618
12078, 0
11110, 508
4679, 689
7363, 16
11847, 573
843, 984
10874, 45
15861, 887
16230, 974
15863, 586
3737, 341
1468, 291
3613, 753
5912, 677
4356, 83
8579, 636
10419, 357
17799, 865
11118, 193
8290, 72
4792, 558
2930, 419
2736, 605
793, 768
7719, 724
6665, 583
4614, 588
10616, 988
9164, 664
9308, 827
12451, 111
13776, 262
7048, 547
6138, 905
12449, 935
16195, 454
4849, 471
7698, 902
12263, 662
4697, 584
16727, 954
18464, 329
10942, 181
5072, 146
609, 431
6570, 844
8561, 338
10102, 900
2048, 835
2471, 951
4687, 333
11712, 878
15633, 944
18901, 429
3331, 594
2404, 139
18929, 783
5357, 850
18670, 375
3765, 776
14763, 810
5891, 737
2338, 174
9700, 718
3540, 858
5268, 734
6549, 857
9341, 827
8448, 362
13745, 653
14561, 592
1134, 786
15122, 770
19660, 48
16904, 642
6323, 492
18802, 112
2186, 312
15118, 814
18806, 70
10815, 825
580, 8
15168, 891
16898, 911
375, 532
13282, 580
1975, 862
8355, 105
15166, 703
17361, 476
14141, 191
11075, 759
8607, 201
7164, 147
13991, 955
2441, 525
12635, 972
9524, 386
6523, 524
7874, 633
7161, 726
229, 728
5316, 344
17825, 206
4373, 993
3167, 746
19036, 371
9427, 567
5538, 266
6620, 803
3891, 792
17517, 487
4928, 83
2394, 893
19771, 273
3147, 334
14275, 24
2522, 479
16657, 441
18315, 19
13856, 933
14632, 829
4904, 921
4893, 733
8443, 431
10966, 797
5686, 946
15676, 497
4485, 156
1270, 654
7112, 480
17247, 225
16436, 692
2928, 913
4264, 738
14070, 777
14532, 685
17060, 148
886, 960
11678, 725
19134, 542
18594, 74
3125, 923
19004, 646
18418, 919
8474, 863
12319, 363
5243, 216
16416, 247
7668, 360
733, 201
7206, 452
13004, 681
19355, 938
3526, 919
15757, 79
16893, 418
18155, 988
19695, 425
17667, 403
10444, 761
6936, 261
13964, 681
15747, 803
6979, 47
2212, 297
17647, 696
2033, 707
2655, 198
15156, 592
11766, 263
1357, 434
15665, 986
1595, 974
1851, 431
1340, 381
1972, 928
8505, 372
11416, 249
17679, 419
10700, 419
3711, 430
782, 119
7932, 456
1266, 707
3216, 500
9778, 483
17157, 354
2515, 63
7750, 322
14889, 771
3973, 22
5391, 98
6919, 656
828, 611
17206, 475
13720, 972
4828, 529
1710, 451
2602, 688
14306, 174
5036, 400
13376, 552
18926, 13
14852, 28
6947, 856
4735, 587
19351, 685
11827, 464
17521, 804
13517, 19
7026, 978
1960, 942
219, 251
14145, 950
18713, 831
1760, 0
1144, 675
14495, 384
19871, 697
10575, 598
8402, 700
8528, 733
18395, 149
1606, 301
17408, 894
11653, 167
5548, 675
2614, 297
15613, 294
17066, 606
3430, 629
6639, 7
13703, 34
1720, 564
17430, 425
9791, 760
6773, 166
16277, 558
19049, 90
3064, 377
6390, 946
2780, 910
9226, 40
14732, 79
2704, 689
8952, 609
14419, 654
16142, 632
1849, 285
17234, 331
2271, 100
2273, 704
2560, 584
13111, 839
5424, 792
1506, 994
17255, 757
4862, 722
850, 476
321, 247
19421, 369
2507, 334
9107, 716
13803, 386
402, 683
15607, 778
16793, 748
2771, 395
9029, 386
15059, 292
15565, 349
9118, 596
10418, 780
8767, 159
389, 344
7638, 15
19698, 375
11758, 798
19358, 957
19616, 637
9409, 557
12057, 38
18399, 198
12175, 187
9923, 472
4639, 250
7108, 708
768, 351
5530, 956
351, 850
17322, 67
4500, 436
18932, 565
13630, 387
5725, 617
11408, 751
19797, 403
18396, 80
12061, 645
11509, 334
10362, 560
3823, 637
13190, 488
10363, 280
4099, 11
182, 948
1913, 4
11625, 325
7074, 33
17212, 317
4096, 249
10026, 603
3951, 442
4479, 629
4481, 476
16339, 983
1796, 220
10634, 703
11913, 402
10895, 45
15659, 607
7716, 863
6766, 19
6256, 665
8573, 463
6276, 355
6460, 217
1825, 306
5475, 980
13198, 629
18671, 424
12923, 101
18829, 29
14249, 216
12793, 490
3746, 141
11162, 693
4686, 190
826, 779
17410, 709
17039, 690
16361, 544
8923, 586
11725, 404
13443, 292
14606, 230
9342, 65
3159, 471
12557, 924
15778, 980
4377, 597
18170, 563
7550, 282
1982, 753
1731, 222
18428, 592
16163, 265
10322, 665
9672, 681
17717, 334
14128, 128
1125, 253
9920, 507
5024, 879
18866, 701
19553, 763
5645, 611
14305, 118
10244, 127
939, 745
8044, 276
5287, 580
19236, 401
6540, 223
15441, 976
1460, 675
16900, 391
1628, 645
5767, 681
14349, 633
6841, 503
10972, 759
10143, 555
10314, 356
7284, 224
14246, 245
16356, 739
9326, 533
6548, 944
704, 115
18873, 653
13762, 82
11469, 701
7158, 995
2260, 698
5789, 236
13672, 44
2112, 844
9695, 798
10569, 498
12332, 493
14479, 678
11218, 694
3186, 421
12331, 54
6498, 145
12108, 435
5492, 806
10249, 219
14614, 411
7815, 681
14058, 632
17192, 977
2742, 29
1886, 495
15356, 693
3253, 339
18437, 273
5938, 220
10360, 725
7166, 505
16137, 17
10736, 732
19338, 87
14771, 9
17514, 362
18024, 117
19239, 667
8198, 298
14205, 134
17601, 803
7947, 3
18928, 220
15969, 525
18334, 133
15452, 427
10457, 568
3362, 469
5325, 202
13943, 477
1337, 657
16911, 277
19513, 747
16332, 21
3235, 864
12568, 90
4177, 379
405, 601
9520, 996
6631, 447
4397, 694
2911, 263
18875, 47
6591, 319
19680, 587
3998, 437
12699, 564
7608, 338
2190, 63
3379, 522
8958, 529
13947, 351
18039, 65
16860, 965
8288, 819
15111, 30
1727, 551
10222, 656
6714, 693
19545, 663
16723, 792
5458, 656
14324, 310
4480, 195
7473, 998
16773, 748
15276, 248
19162, 610
17870, 920
4966, 395
8061, 697
18343, 643
2323, 39
8485, 432
798, 969
18835, 68
358, 45
14444, 712
6120, 273
18771, 110
15526, 418
4765, 75
19148, 633
13590, 583
18398, 835
2850, 681
6075, 582
12177, 878
19700, 278
7996, 819
13402, 208
17766, 299
5848, 667
5348, 66
5541, 923
2784, 60
4220, 343
6377, 145
1648, 43
4613, 357
10880, 840
11013, 618
4306, 938
18950, 415
6488, 516
15333, 636
7824, 436
7836, 97
17218, 478
13175, 517
18676, 714
16729, 76
5317, 443
17907, 520
16546, 8
3461, 225
4042, 514
12351, 735
12671, 147
12625, 18
16834, 235
657, 284
2127, 462
3562, 791
6114, 574
14552, 192
4586, 169
4720, 769
17512, 131
4449, 206
18234, 194
5205, 620
8037, 550
12893, 160
15596, 820
1711, 787
2859, 497
19345, 204
6669, 709
19655, 604
1603, 737
15291, 744
8160, 187
9553, 308
19562, 985
2098, 644
11583, 884
15411, 308
6331, 581
3572, 734
10402, 140
14259, 552
10809, 514
9940, 74
12654, 97
17019, 857
14854, 472
8079, 70
13020, 184
8106, 894
4398, 769
7859, 105
8752, 211
17958, 849
10833, 270
12664, 876
5, 436
357, 461
2931, 736
11958, 326
429, 345
4113, 891
459, 421
19566, 308
4716, 398
6612, 409
12301, 64
603, 951
9513, 315
10019, 642
12979, 200
7822, 574
3182, 589
15751, 844
14464, 265
12436, 74
8440, 587
10160, 588
9156, 601
8275, 495
8286, 770
2754, 480
630, 567
9716, 351
70, 165
9614, 536
19216, 169
14031, 907
14914, 279
12785, 671
10711, 835
14587, 374
2086, 202
16648, 305
16787, 348
19934, 884
18019, 980
15908, 396
15556, 24
5986, 277
15005, 127
14206, 405
4910, 548
2713, 909
8638, 188
2747, 404
7280, 280
5718, 618
18726, 173
18948, 385
16664, 885
19030, 547
18083, 127
18316, 44
16785, 691
17684, 900
13996, 901
19381, 16
16267, 166
15978, 417
29, 774
7126, 62
7197, 513
18319, 849
7175, 437
4347, 564
7690, 611
14860, 430
7582, 498
7467, 490
9458, 586
5422, 641
11665, 974
8542, 351
12546, 815
723, 678
17774, 622
4068, 12
1463, 468
15685, 163
10571, 926
14370, 750
4800, 527
17038, 803
6354, 185
17027, 310
12141, 419
16518, 100
6299, 87
755, 464
17573, 927
18439, 125
13614, 276
9426, 221
18453, 133
6058, 434
10835, 503
3670, 693
3841, 523
13408, 932
5732, 448
5568, 651
15699, 585
14474, 985
16503, 541
12044, 72
18766, 876
13082, 582
17791, 917
9586, 390
4997, 381
11073, 297
15525, 212
16165, 762
3361, 742
4556, 389
12395, 273
11354, 679
16547, 409
19093, 159
11127, 222
4627, 890
19981, 862
15873, 978
1199, 337
3966, 2
2069, 379
508, 145
18215, 684
10300, 86
16103, 406
18589, 396
490, 259
6164, 44
11433, 502
8048, 578
16788, 81
4621, 736
7147, 415
9139, 342
6585, 355
17992, 727
8309, 893
7, 789
5090, 702
8, 337
18764, 434
921, 929
5544, 653
11243, 79
6961, 171
10134, 737
4126, 840
7459, 143
7478, 604
12589, 471
4914, 910
16576, 936
4821, 107
18510, 713
13995, 560
469, 184
12689, 538
12716, 589
15704, 25
14468, 780
2664, 402
12857, 407
10157, 408
16128, 141
4576, 69
7888, 705
13304, 355
3398, 894
13592, 254
12170, 535
13939, 889
15528, 231
12903, 46
8998, 124
18269, 780
8963, 327
3994, 327
15355, 617
14772, 240
13807, 653
4617, 323
3631, 863
8872, 143
1839, 757
15766, 230
18368, 730
12913, 747
16344, 795
6910, 737
428, 827
13427, 299
5769, 699
13196, 732
17500, 320
14160, 634
5830, 340
2710, 222
17678, 967
2018, 796
7507, 760
1563, 365
16048, 352
8577, 773
12107, 41
13463, 978
15724, 378
17070, 777
11324, 503
13946, 410
604, 709
19557, 349
6298, 947
3679, 145
11818, 699
4939, 853
1303, 942
3603, 837
11543, 705
17956, 953
4855, 301
7270, 37
17033, 922
1662, 38
9579, 590
13757, 787
13787, 84
6208, 436
4070, 812
15829, 739
2234, 655
5233, 694
11652, 873
1305, 971
16985, 917
12729, 977
6925, 201
1005, 902
11861, 910
6050, 434
18313, 627
18921, 8
14357, 373
7578, 594
8587, 864
13904, 678
9187, 544
18893, 313
14823, 640
6020, 597
1164, 542
11844, 391
1451, 924
12792, 960
14254, 973
9814, 395
722, 709
19449, 507
6980, 592
12778, 524
10076, 548
19613, 27
15243, 113
17527, 525
7551, 780
13914, 669
17770, 90
3843, 363
11562, 190
8001, 976
270, 699
8815, 0
13637, 930
3853, 620
2448, 831
19482, 231
13413, 347
11988, 805
1926, 462
5496, 467
9299, 3
15455, 564
1092, 269
19280, 367
5979, 460
13392, 34
17793, 100
8064, 921
2221, 257
12956, 682
8546, 657
13823, 172
4384, 177
15254, 921
12034, 178
10976, 962
11875, 444
1486, 702
15179, 127
17917, 151
6998, 386
3151, 574
9885, 273
6902, 392
8447, 846
14774, 856
8010, 692
11437, 553
9946, 179
4114, 892
974, 329
5309, 659
9611, 862
15030, 639
6986, 99
11012, 220
18290, 73
7643, 8
7097, 450
10868, 896
16474, 435
8727, 483
1083, 482
15744, 952
12245, 638
7441, 523
4406, 711
8429, 813
16602, 827
11071, 160
2871, 671
7736, 331
11062, 476
880, 82
12486, 660
5455, 192
2571, 811
17792, 179
16583, 753
5900, 676
19119, 717
10954, 260
11580, 517
10049, 427
16514, 515
12995, 105
235, 370
10318, 384
13356, 711
17702, 171
14118, 190
2227, 736
2494, 855
14573, 929
12758, 663
17245, 529
7398, 705
8695, 958
14527, 858
6626, 84
8644, 96
14408, 253
16853, 489
10756, 719
14017, 457
9174, 901
18088, 639
5037, 178
19815, 411
19160, 169
5345, 937
5728, 20
18559, 155
523, 34
13726, 686
17344, 773
4062, 736
18187, 623
2466, 75
6852, 530
17316, 949
7676, 238
8365, 512
11892, 315
14551, 868
18430, 419
13552, 183
19746, 73
13469, 728
17467, 561
8574, 791
3137, 241
4411, 835
2061, 830
3231, 66
3233, 901
9010, 695
18371, 380
7548, 810
11658, 59
14203, 496
16581, 45
1516, 556
4703, 35
6827, 795
5395, 294
15378, 253
10964, 96
3420, 238
14987, 704
5505, 601
7545, 688
6810, 942
10979, 727
1467, 893
8187, 914
19694, 294
15464, 469
9571, 214
17508, 849
1156, 693
12195, 888
6758, 438
18909, 887
12844, 154
3854, 327
11668, 953
17321, 821
2884, 129
12304, 885
1874, 266
11701, 476
10061, 593
1917, 880
1029, 843
12312, 2
5050, 980
10959, 866
16528, 924
12767, 466
16867, 208
10889, 975
3255, 251
2228, 923
12826, 416
4913, 111
7229, 40
16906, 533
13245, 633
18247, 443
7058, 51
15164, 621
15634, 363
8236, 300
9415, 17
570, 818
9416, 578
13224, 827
10011, 413
19523, 929
15364, 541
4969, 260
10439, 389
1170, 206
4060, 701
4402, 596
8346, 156
2405, 764
3013, 688
6492, 321
1827, 690
2969, 145
9781, 303
479, 176
2625, 191
12737, 860
3791, 939
9284, 610
19096, 744
1646, 785
8980, 383
17630, 614
6324, 115
17959, 780
3145, 872
7787, 584
1617, 32
7096, 764
12509, 632
17604, 729
19156, 839
4833, 500
2586, 811
9202, 629
12074, 316
13496, 281
5254, 290
13448, 23
3513, 775
16575, 932
15636, 944
7114, 984
133, 776
18720, 595
19383, 858
12448, 694
8169, 37
291, 428
6087, 178
14226, 190
9456, 286
7050, 532
17036, 987
3957, 842
5075, 277
11840, 220
18791, 925
6738, 65
17329, 217
19029, 120
3920, 990
11760, 611
4866, 745
7829, 375
4274, 603
8940, 804
5066, 739
2067, 606
5965, 509
5932, 50
8457, 103
3318, 212
6339, 136
15578, 124
11308, 217
4333, 675
12164, 208
15100, 500
2030, 265
11502, 850
2768, 117
7118, 566
5113, 708
10259, 780
8677, 827
11002, 100
5504, 271
9032, 399
13044, 70
7599, 289
16894, 122
14374, 9
4159, 856
7272, 632
11931, 568
6288, 694
11687, 480
18482, 135
1012, 579
2309, 279
13502, 771
6931, 2
6212, 732
8059, 815
7939, 970
12121, 825
16118, 285
7383, 442
1901, 631
3344, 944
3728, 743
4537, 915
6117, 839
17581, 936
15615, 604
12988, 723
19261, 288
1013, 744
4430, 217
8766, 602
16695, 694
6896, 811
7860, 791
4519, 423
12623, 845
6855, 333
10198, 666
7837, 363
13256, 46
17880, 931
8194, 571
7523, 332
19403, 903
7882, 526
6162, 845
12828, 571
16825, 246
1294, 117
7809, 592
3166, 886
8936, 612
12274, 756
431, 257
16739, 974
19503, 265
3990, 506
4219, 588
17347, 963
13609, 169
8068, 976
19438, 161
10192, 884
9529, 490
12706, 141
7648, 555
9475, 79
18071, 576
6113, 105
2243, 992
19172, 914
2241, 279
18753, 771
1143, 213
12238, 992
4710, 200
15210, 647
6517, 78
17284, 554
7995, 613
14429, 782
9742, 186
5523, 659
3969, 105
4973, 517
6916, 515
15840, 413
12322, 896
9376, 705
4725, 507
6188, 823
2590, 531
16006, 644
17237, 64
7367, 128
1108, 789
17207, 330
10724, 33
8423, 570
10698, 77
13924, 984
6219, 683
5557, 116
11929, 197
6787, 193
7409, 493
9765, 622
5598, 434
5256, 240
9315, 664
12013, 192
7517, 22
14388, 82
17006, 200
9595, 612
7368, 276
10840, 187
6737, 555
13770, 180
14385, 800
15833, 706
16249, 553
10179, 29
8576, 850
19415, 446
5514, 221
8982, 782
19921, 226
12191, 647
13488, 340
17638, 739
18542, 382
13593, 588
15232, 531
18423, 98
12180, 453
9679, 273
14521, 481
791, 576
7660, 846
17781, 93
1637, 548
6941, 685
3727, 532
2727, 557
787, 788
16464, 998
861, 228
5043, 311
17819, 131
8621, 791
18900, 154
18569, 430
16923, 881
4836, 241
11287, 338
3885, 196
7907, 907
6893, 60
18561, 752
6478, 106
19869, 875
9346, 303
2760, 727
18497, 182
15771, 458
18980, 492
8310, 747
17149, 512
4982, 213
6672, 815
19322, 351
16329, 310
11193, 7
545, 795
8910, 305
19068, 699
4147, 330
9834, 792
12095, 66
9816, 609
1349, 123
14412, 788
17590, 975
14752, 545
13354, 935
17786, 781
2246, 413
17337, 87
14857, 726
1242, 271
18008, 211
7851, 945
12834, 61
16453, 177
4980, 26
7934, 883
5159, 772
13492, 23
9387, 144
9767, 746
1133, 542
11474, 555
18721, 607
4650, 906
2719, 771
5135, 581
13404, 813
6430, 748
966, 293
750, 108
18621, 576
7327, 856
9291, 535
11806, 813
11031, 115
14144, 203
8490, 710
16890, 697
10735, 967
6624, 427
9210, 468
4180, 23
7385, 232
13549, 670
7622, 347
14136, 468
5255, 196
9561, 183
4478, 967
7624, 451
14257, 22
13057, 705
13247, 76
8798, 148
6856, 472
3264, 217
5380, 425
14548, 200
3707, 100
2674, 220
568, 369
19397, 258
15866, 10
3622, 736
16312, 557
13046, 8
4978, 739
15518, 301
2021, 167
9776, 912
11899, 565
5262, 107
2133, 50
12341, 429
7498, 543
12026, 276
11492, 465
6622, 689
7193, 96
12384, 429
14287, 664
17376, 362
12343, 597
8516, 926
9944, 186
7091, 614
19716, 281
5497, 489
203, 480
16941, 43
17739, 848
13640, 586
2324, 540
11223, 745
11326, 96
6777, 48
17391, 504
15249, 612
4851, 114
1044, 485
7869, 614
15148, 335
5319, 776
2200, 197
10063, 308
11717, 485
3738, 980
11235, 975
1782, 644
18115, 808
599, 791
18787, 344
13007, 610
10055, 113
9400, 187
18522, 426
1188, 792
3370, 697
16615, 779
9180, 815
6644, 835
5281, 128
6109, 514
1621, 590
12576, 810
6875, 743
19467, 502
4894, 177
11143, 83
12120, 895
13594, 347
16284, 883
14846, 319
18804, 486
22, 847
6561, 82
11377, 469
19531, 167
8671, 419
16355, 517
5711, 663
14056, 464
7094, 816
7198, 31
1128, 1000
8258, 155
12799, 688
15324, 709
16050, 573
15684, 12
2074, 239
15352, 405
17308, 42
10828, 710
13896, 457
6476, 668
5273, 469
15575, 823
12006, 102
16256, 418
15967, 186
4998, 690
5442, 385
11297, 368
2042, 107
18474, 138
10472, 759
11330, 531
9751, 414
20, 72
3436, 641
1910, 343
4016, 797
13697, 696
6569, 179
2187, 181
19541, 891
13987, 706
16460, 832
10991, 493
17406, 967
586, 432
17294, 353
19344, 585
12128, 49
4956, 667
16795, 550
7324, 325
1475, 303
14189, 285
8686, 774
42, 648
17720, 564
7235, 395
15577, 482
7283, 301
11434, 559
1483, 200
13079, 436
10885, 955
17513, 152
6194, 564
13544, 937
4901, 437
14866, 871
5089, 268
18790, 303
17529, 127
860, 995
7751, 813
9302, 927
16449, 304
10584, 964
15898, 169
6073, 279
2255, 58
16075, 455
9531, 115
729, 299
449, 226
714, 651
11878, 94
9733, 805
6735, 862
6667, 625
6866, 442
18658, 1000
12874, 785
15698, 809
3657, 516
1713, 539
2855, 821
7434, 612
16438, 43
12333, 496
17415, 732
19672, 735
17494, 345
13497, 136
18555, 53
13897, 945
9723, 820
15436, 385
18822, 91
4359, 312
16199, 959
7991, 914
18636, 644
16237, 251
15351, 268
17547, 787
12462, 841
16241, 873
14447, 617
6882, 486
3769, 963
19163, 961
6795, 91
17270, 400
17190, 937
9071, 218
7127, 855
2691, 405
7910, 299
14728, 110
15651, 267
4283, 292
11783, 911
2981, 731
14377, 555
1561, 43
6727, 788
15791, 970
8578, 373
15444, 191
10208, 79
6527, 783
6031, 875
13084, 300
16897, 12
4675, 819
10570, 900
7377, 931
6213, 594
19783, 822
16345, 946
8538, 783
12756, 438
13524, 761
8388, 637
466, 457
10598, 91
8730, 969
14922, 451
2107, 108
5594, 88
1241, 357
8233, 763
17127, 929
6474, 933
8709, 490
5485, 396
16716, 860
17893, 478
3078, 11
12500, 946
8885, 172
5781, 507
3115, 170
12848, 985
1033, 278
9911, 211
15141, 725
981, 286
16285, 492
3263, 184
18986, 641
16530, 573
6320, 134
9360, 629
15251, 133
5209, 669
6296, 783
3306, 596
18300, 467
6924, 409
3900, 930
781, 59
5097, 984
7938, 354
2735, 319
17440, 444
13440, 195
9916, 355
540, 628
111, 920
1412, 611
16670, 777
12420, 726
13581, 301
489, 556
15, 19
13888, 835
14430, 405
19706, 396
17124, 331
16812, 538
19581, 1
12847, 23
12382, 660
16055, 717
8458, 516
4279, 844
7116, 875
35, 93
13851, 749
14232, 205
16510, 559
9612, 356
7711, 198
14122, 742
11415, 960
7753, 217
14790, 636
5290, 257
13792, 59
1068, 860
18022, 548
3742, 491
8507, 674
2741, 622
14198, 662
3879, 516
6765, 113
7788, 694
4877, 402
17768, 181
15451, 175
14887, 508
17723, 505
16240, 894
6344, 825
3469, 115
984, 198
13083, 45
19117, 973
11867, 415
5373, 392
1145, 373
1667, 398
10745, 82
8970, 341
5157, 310
11524, 1
1670, 215
11651, 177
12504, 376
6408, 595
16171, 542
13582, 858
3494, 502
3134, 535
11742, 672
12551, 542
16371, 177
7093, 125
16976, 519
15421, 65
19000, 554
19493, 315
8252, 412
5450, 313
8988, 727
18229, 621
10936, 185
5263, 889
17151, 815
9947, 451
15180, 878
19194, 321
13663, 771
14724, 353
8551, 10
8024, 174
4630, 223
14354, 261
12089, 745
7017, 694
11853, 803
19722, 447
17971, 335
82, 780
16432, 887
5440, 496
5409, 59
11091, 373
9756, 692
6054, 317
16837, 978
14974, 435
2649, 907
8808, 285
8128, 839
19326, 585
11574, 756
12047, 737
3419, 190
6702, 914
799, 823
9089, 422
5336, 450
15899, 605
12707, 635
19425, 784
4804, 776
6398, 557
3635, 467
15570, 22
2433, 813
18280, 86
11893, 18
14422, 566
19287, 640
5745, 39
16938, 68
16197, 319
6229, 274
5635, 334
2247, 703
13511, 880
872, 149
7733, 132
9185, 24
6764, 387
12725, 477
19589, 228
1504, 503
4298, 584
18337, 399
8473, 718
12558, 189
13160, 235
17427, 412
2372, 532
14585, 282
19743, 713
16231, 694
1993, 671
2417, 890
3098, 664
15329, 792
5170, 268
5300, 321
13278, 566
6078, 796
3114, 532
7775, 334
19081, 3
1693, 914
3763, 824
3412, 144
7603, 200
7951, 848
19178, 426
8412, 81
13482, 543
9336, 591
14179, 103
17181, 512
7240, 244
2457, 490
13634, 857
8339, 427
19766, 600
14820, 674
416, 140
8604, 54
19841, 628
8162, 817
9903, 812
15808, 994
16419, 595
9252, 838
15399, 840
7439, 235
9912, 461
19102, 143
14683, 5
18434, 892
19388, 172
10006, 411
1215, 251
15660, 763
5385, 805
7277, 96
18649, 434
2269, 909
12688, 448
1448, 286
10955, 612
19964, 822
9429, 463
15385, 673
13406, 268
3517, 908
17776, 727
877, 929
2091, 211
3384, 520
9770, 887
16397, 401
14972, 920
19476, 200
12672, 528
15749, 740
9655, 681
10153, 107
11270, 259
19735, 439
13045, 322
1887, 338
16121, 687
17895, 776
11870, 38
13085, 8
15939, 206
16477, 387
2423, 860
6396, 256
5527, 829
3934, 505
3010, 844
10762, 21
16964, 183
2026, 39
9649, 4
13631, 454
15245, 453
10304, 238
18597, 276
10450, 66
6457, 99
3872, 911
7053, 48
16578, 795
12398, 266
6023, 594
4756, 415
5443, 508
13146, 573
16079, 172
3772, 459
14795, 661
16732, 767
295, 591
18171, 825
16236, 147
9437, 56
17754, 422
3416, 844
13816, 735
12143, 506
12178, 765
7527, 430
2442, 726
6015, 12
11461, 951
12456, 968
4926, 749
3031, 589
7428, 501
7165, 819
7905, 574
6592, 753
19803, 754
1735, 841
9715, 980
14132, 115
14373, 869
11263, 887
19375, 563
19645, 6
5918, 40
14891, 508
12439, 768
2289, 137
367, 809
10369, 466
2488, 467
17423, 203
958, 578
7581, 851
18357, 611
3684, 333
3514, 687
19040, 955
12192, 570
4142, 755
1812, 706
12852, 173
3466, 131
10708, 300
4645, 193
7266, 128
533, 474
16642, 791
236, 602
17769, 579
16544, 615
2043, 213
1304, 73
930, 215
2129, 684
13370, 564
19782, 212
8895, 204
3100, 960
12137, 879
9956, 691
3457, 627
8394, 15
12613, 159
16148, 498
16771, 456
19025, 337
10427, 463
8900, 202
18725, 279
14304, 950
15432, 881
7433, 813
11142, 815
2315, 861
12313, 791
12492, 362
16136, 183
9048, 959
6237, 561
6427, 9
17899, 929
7095, 950
8606, 524
8496, 561
14535, 208
19339, 513
18780, 181
16718, 269
1032, 341
3176, 658
261, 844
14635, 338
16623, 659
19759, 127
4183, 899
2604, 502
12864, 618
3265, 962
7952, 141
8953, 877
9290, 483
19041, 547
16120, 793
1090, 516
3797, 607
4575, 320
19214, 90
13088, 427
296, 237
7723, 240
11103, 870
1552, 64
5796, 875
1697, 625
14400, 514
19761, 313
5952, 216
9497, 243
10256, 991
13503, 588
627, 414
17369, 210
12646, 447
6897, 957
8043, 190
3828, 895
13237, 532
12277, 384
10911, 407
3589, 716
452, 119
3731, 52
2197, 392
4123, 802
1751, 823
10680, 470
19481, 972
15103, 550
16658, 997
13008, 114
2979, 764
14484, 291
6539, 190
7362, 529
15325, 576
10460, 201
5465, 11
11022, 361
1862, 808
13769, 357
9675, 526
8142, 429
4681, 710
15854, 615
15603, 401
9386, 58
12276, 803
132, 698
7732, 897
16767, 878
15080, 12
8540, 224
3824, 975
18054, 179
5267, 845
6421, 708
17636, 500
12750, 333
6481, 384
10014, 983
3368, 403
17617, 255
13990, 248
8366, 903
17855, 664
12881, 373
1497, 246
17777, 99
10805, 346
6552, 307
5559, 825
17631, 565
11472, 516
6428, 51
1755, 159
6496, 998
19394, 983
1719, 263
12964, 88
15317, 942
10483, 965
11638, 453
17713, 999
4791, 500
1875, 584
17887, 74
19936, 631
7883, 751
255, 753
18920, 970
18977, 968
8415, 966
14405, 706
7604, 990
715, 655
5623, 90
8190, 624
4189, 303
514, 540
11947, 190
6741, 678
6103, 388
11872, 535
13156, 658
15842, 886
7559, 924
15222, 337
3023, 405
15719, 31
13813, 294
3677, 919
15234, 788
17061, 906
15347, 788
1803, 783
420, 213
5517, 654
5067, 866
8205, 555
10586, 706
6724, 709
3811, 451
19289, 220
2113, 979
14352, 925
14575, 564
14082, 436
8330, 160
1923, 605
4921, 704
1386, 902
17002, 679
17145, 993
13364, 621
3390, 279
3697, 127
1131, 963
19327, 456
5866, 877
10445, 9
14067, 423
386, 387
1613, 852
19559, 950
5772, 348
11565, 502
16994, 161
18899, 424
14842, 923
1501, 988
10161, 432
2514, 369
11034, 160
17301, 789
18310, 966
13336, 416
17063, 317
529, 61
16493, 52
14779, 707
10348, 272
2723, 958
5039, 214
11637, 744
2497, 46
2813, 656
17894, 819
14248, 813
1368, 3
8557, 57
1147, 846
439, 166
19960, 859
4693, 209
18810, 458
19357, 106
16861, 794
10209, 685
5859, 781
12865, 847
7031, 163
2847, 512
17037, 295
10973, 297
6313, 358
4565, 469
14623, 196
18698, 536
14520, 971
12596, 140
9540, 182
16390, 81
2535, 492
7897, 863
12098, 417
817, 637
7131, 159
8241, 718
7895, 721
5377, 781
2924, 728
4368, 288
11747, 636
3940, 830
4889, 810
4591, 940
17013, 55
18292, 547
4431, 469
13938, 164
7254, 667
17159, 853
2775, 508
18845, 552
14870, 189
4342, 598
14347, 959
2852, 976
9335, 493
11820, 46
1148, 64
6573, 299
15226, 783
5210, 658
8776, 853
11788, 482
14704, 358
15716, 319
312, 215
17392, 341
15770, 979
16100, 650
16145, 989
2588, 971
8218, 753
13148, 401
12391, 842
963, 394
99, 974
12924, 261
15011, 3
2160, 181
4615, 224
12682, 938
17050, 591
10992, 858
16247, 111
2562, 872
1221, 547
7776, 679
15959, 553
8824, 516
9643, 755
4669, 402
19332, 27
11372, 835
9924, 551
940, 292
19350, 1000
14806, 615
4818, 130
14881, 164
8459, 390
17642, 269
17283, 368
15051, 137
16854, 345
5073, 145
11743, 287
4023, 431
2292, 229
274, 526
4923, 485
6407, 975
1257, 711
4887, 518
14477, 876
17469, 221
5167, 338
17487, 272
6903, 903
4931, 741
14574, 450
2483, 903
15658, 82
18167, 832
5344, 573
5473, 561
19354, 510
16746, 503
12042, 626
18592, 269
18225, 180
3566, 931
3397, 706
3964, 304
12800, 583
9380, 496
7263, 414
4583, 981
4074, 838
8449, 277
12220, 118
7781, 434
9318, 404
14413, 728
9853, 495
18971, 668
16439, 125
17983, 540
2964, 890
14116, 448
14091, 475
9538, 210
11855, 373
326, 615
11954, 595
2956, 868
2849, 351
17664, 752
7579, 317
16417, 535
7028, 695
682, 152
19510, 613
15914, 690
3269, 691
9236, 442
13103, 547
17991, 490
16440, 340
2428, 11
5611, 424
1792, 737
8933, 948
10332, 309
10810, 183
16262, 832
18722, 328
7665, 318
2950, 665
9933, 285
1921, 742
5350, 599
3551, 907
12987, 664
484, 363
6580, 660
11008, 665
2184, 100
6025, 250
8027, 402
10251, 492
480, 276
9640, 514
5193, 53
4440, 302
3317, 334
4491, 324
5871, 865
7325, 633
10481, 773
563, 86
10313, 939
3800, 71
14612, 185
7561, 977
2915, 761
4780, 439
3601, 411
9438, 810
10857, 322
17994, 118
14417, 31
10651, 675
7766, 682
18098, 979
208, 827
8353, 104
39, 695
9411, 438
10266, 221
4805, 431
3190, 2
922, 486
2013, 296
107, 240
18639, 890
1768, 154
11541, 595
17228, 865
1602, 42
1614, 351
4210, 201
18603, 792
14896, 646
19416, 366
11900, 368
890, 476
19772, 157
5260, 720
5478, 533
2045, 922
5048, 454
5960, 674
13288, 931
15024, 896
11107, 149
11303, 195
8011, 425
11622, 395
2321, 833
13905, 151
9526, 971
19320, 10
12424, 330
5666, 680
15869, 898
6079, 413
13771, 231
17704, 843
14183, 569
18009, 523
17219, 468
4328, 144
10611, 105
3598, 653
12982, 145
13852, 666
3460, 811
18526, 467
12553, 422
7875, 977
15209, 209
8254, 21
16533, 348
3072, 289
13067, 707
1824, 884
10850, 800
11180, 994
189, 392
16605, 357
18747, 248
2533, 338
10503, 983
2195, 911
11618, 655
10879, 121
6458, 855
13530, 683
4872, 836
7662, 667
7730, 873
8484, 787
4649, 656
5356, 913
2327, 757
1674, 507
1668, 102
11711, 154
16809, 672
740, 184
975, 232
9209, 619
3914, 450
5327, 55
9659, 823
2217, 278
7611, 186
8174, 604
16594, 394
7674, 948
18350, 868
12660, 547
636, 97
11843, 835
17712, 411
14366, 211
16014, 329
12561, 319
15050, 887
2914, 82
5868, 54
5755, 164
19822, 17
14394, 361
6874, 675
9957, 962
17122, 899
17516, 575
14716, 840
6538, 315
3726, 950
8165, 878
8333, 290
278, 724
19703, 208
15236, 878
9746, 558
12383, 461
10007, 773
26, 297
11684, 718
3567, 354
14325, 198
6112, 845
4694, 869
3722, 773
13587, 305
554, 802
12869, 407
13864, 920
11186, 917
17318, 494
6404, 897
2085, 228
3358, 825
5954, 227
12938, 556
3989, 791
14865, 746
1354, 188
4582, 333
6220, 460
2313, 688
4542, 278
19051, 322
15831, 564
13533, 379
3146, 398
16612, 156
369, 12
6646, 237
16030, 893
3063, 375
4531, 916
18063, 938
15507, 509
6149, 499
13181, 585
4708, 759
12018, 49
5914, 19
4334, 28
18233, 605
8646, 179
4426, 820
19933, 260
12797, 222
98, 56
17615, 149
14624, 830
6325, 456
2288, 267
3297, 687
15481, 406
17082, 561
10425, 394
19298, 76
9042, 550
7704, 858
2619, 965
11535, 607
101, 617
13433, 131
624, 331
16271, 459
2765, 528
1113, 110
16097, 914
1312, 521
12289, 530
9242, 237
12412, 278
9731, 61
4041, 681
16289, 289
8130, 249
2348, 612
8731, 752
16039, 180
10125, 796
17184, 62
18478, 911
109, 921
7748, 374
4504, 658
14456, 326
4704, 291
11845, 656
16959, 323
600, 551
616, 220
14758, 984
11230, 556
7848, 781
66, 376
11284, 565
10490, 826
2036, 753
2300, 950
9348, 547
16679, 183
19558, 166
14382, 248
8794, 352
15646, 917
7405, 582
1010, 43
3625, 196
18386, 247
10617, 495
4450, 303
13211, 139
15303, 189
17967, 591
14747, 446
9292, 189
16759, 661
4990, 899
14619, 705
11456, 567
3493, 857
14786, 634
13269, 774
15920, 31
3663, 306
14445, 314
2284, 994
2828, 30
9436, 146
9256, 83
13657, 892
17843, 276
4167, 64
6161, 87
4587, 934
12724, 87
15782, 52
16552, 365
18507, 884
4776, 627
5137, 357
10576, 314
4706, 505
18754, 264
5278, 183
1124, 831
9707, 870
14225, 769
13032, 765
19646, 160
13981, 464
10604, 53
13923, 761
14611, 265
16577, 506
8150, 744
10845, 549
5762, 853
7423, 54
608, 116
1047, 321
11640, 209
4641, 849
4623, 556
2763, 459
4019, 713
11391, 480
11161, 580
12390, 637
10629, 331
16407, 562
7565, 527
13317, 694
13740, 863
5446, 539
3486, 93
3286, 987
5187, 519
12584, 909
9199, 492
7440, 163
16387, 651
7782, 74
1587, 583
4286, 873
10851, 108
13117, 140
4795, 929
19881, 103
12612, 537
12444, 730
16246, 282
18788, 802
16217, 487
16343, 936
19673, 13
6972, 993
5747, 497
12890, 178
16166, 139
19032, 183
6330, 507
5642, 38
5261, 733
18705, 671
19560, 92
7990, 262
16330, 770
17417, 33
3212, 212
11265, 79
13308, 176
5985, 237
10386, 3
11521, 347
3059, 576
7454, 58
7780, 228
11609, 607
1601, 714
3519, 708
18976, 867
3121, 298
8718, 411
12179, 799
8223, 938
4168, 478
7419, 332
1965, 474
1696, 723
13992, 158
18353, 561
10382, 433
1339, 54
1095, 948
4435, 195
9389, 352
12555, 991
11024, 577
9724, 448
5838, 310
10797, 193
18885, 513
6463, 165
5323, 962
4087, 887
19969, 466
6502, 729
13854, 202
10211, 416
4517, 308
572, 139
14298, 19
15208, 372
18064, 79
4525, 397
7656, 812
13203, 308
18752, 4
7143, 840
4174, 369
2453, 973
17803, 389
5516, 180
18760, 417
8336, 68
11823, 663
6707, 244
15903, 194
19321, 370
717, 18
13055, 291
16013, 563
18750, 615
13228, 139
19306, 770
16707, 498
8892, 530
19390, 451
15888, 959
2624, 478
17945, 863
7036, 586
11688, 562
205, 559
16951, 623
4158, 30
4975, 149
5026, 97
6338, 219
8629, 519
6814, 507
17365, 270
10150, 596
8713, 150
3252, 21
2231, 923
19777, 101
6200, 29
10998, 326
2629, 310
8234, 610
11341, 432
19839, 686
256, 89
3339, 356
771, 298
12379, 830
14948, 662
16711, 463
4052, 102
4415, 190
8337, 819
6085, 426
858, 257
13788, 515
10403, 765
7530, 275
4762, 415
9677, 526
842, 935
8692, 749
9958, 229
2366, 364
10018, 689
11190, 301
2851, 823
15010, 385
6885, 291
18531, 111
1444, 832
12469, 1
10996, 202
692, 855
13885, 503
9569, 232
11088, 415
7447, 699
5165, 801
7692, 620
5368, 396
11854, 780
15077, 386
3673, 570
3755, 444
4718, 426
5058, 77
6718, 587
12894, 468
2607, 760
12879, 72
2290, 930
11475, 156
10785, 911
10344, 550
12400, 876
14909, 526
10474, 832
565, 158
5730, 789
6675, 621
1869, 986
15705, 64
360, 681
13464, 27
6872, 346
7650, 753
14173, 337
4367, 619
19230, 118
18281, 933
11813, 739
15448, 33
8924, 606
7122, 45
923, 519
19675, 331
13283, 847
17008, 807
15393, 540
16094, 890
12202, 332
12020, 210
12325, 714
6898, 87
17188, 644
12403, 370
15354, 300
12503, 811
3005, 227
5101, 425
3788, 764
1794, 505
7000, 69
17404, 456
13967, 683
17753, 335
12262, 93
17095, 546
16889, 97
17709, 804
5844, 758
5384, 919
5905, 163
18512, 355
3650, 161
13603, 664
8482, 411
3501, 482
13331, 339
19704, 614
5251, 721
12583, 905
16487, 549
5032, 81
16400, 983
4117, 77
888, 294
18021, 518
6529, 333
16024, 756
8314, 828
12392, 786
5221, 323
1271, 617
641, 585
2581, 677
811, 915
9392, 328
8274, 196
18407, 818
13232, 621
5277, 94
14627, 220
15091, 456
1903, 249
16682, 476
2147, 170
13212, 458
10826, 900
3257, 920
9795, 16
9763, 673
7462, 329
15626, 44
1167, 263
4197, 572
6635, 848
12246, 497
19418, 194
16743, 824
8741, 729
93, 699
6083, 537
11774, 717
3439, 963
11553, 126
14644, 5
14162, 872
8714, 394
18619, 867
15502, 263
7537, 81
13920, 498
1216, 108
6250, 983
6681, 714
8493, 205
10347, 694
13239, 716
2652, 425
15446, 587
3714, 221
16119, 390
18910, 96
13409, 735
6999, 497
14542, 893
13091, 878
3652, 171
13540, 536
4624, 286
7399, 265
17837, 411
1819, 899
11828, 821
19085, 265
19302, 189
6739, 957
17789, 149
3974, 124
6384, 522
14407, 199
19998, 523
18889, 745
6134, 595
4790, 17
10858, 509
8409, 538
2587, 881
5044, 964
18558, 383
14675, 931
12897, 620
5087, 721
15532, 172
18222, 205
18580, 366
12268, 575
10766, 889
7922, 504
11181, 503
8014, 347
19712, 235
6413, 86
4788, 628
15956, 476
11839, 444
14636, 851
13879, 257
3557, 323
17650, 352
11532, 992
4423, 813
1663, 968
14182, 177
4265, 470
6500, 204
11479, 279
12632, 668
13744, 40
7115, 448
13192, 364
6649, 853
15541, 916
13164, 97
1809, 983
10505, 736
17090, 792
19424, 559
14961, 245
7188, 61
6757, 855
6499, 198
11981, 635
11179, 374
16805, 209
8838, 5
15491, 471
12775, 207
6435, 935
4125, 375
16874, 728
1025, 558
12415, 501
2933, 160
8911, 467
19238, 319
14450, 815
12621, 951
5941, 847
13387, 255
12371, 481
13480, 724
8825, 897
9246, 100
9931, 893
8772, 865
14044, 917
15057, 389
11338, 119
2748, 237
16215, 868
8848, 194
9608, 114
8494, 566
14920, 864
8311, 967
16198, 289
3698, 815
1332, 578
14196, 1
16817, 613
2395, 27
14489, 430
4484, 436
16936, 888
11131, 779
18444, 383
7684, 13
4310, 647
8693, 355
3076, 960
17778, 738
17711, 121
5204, 168
19270, 952
11152, 140
4533, 746
11930, 782
18733, 396
7307, 899
233, 865
16942, 230
10263, 249
30, 959
9738, 834
12056, 926
19066, 48
524, 208
18062, 191
16609, 912
7854, 148
696, 753
5535, 26
14742, 181
4293, 446
1260, 58
1632, 328
16060, 322
2500, 322
12362, 950
5744, 674
15739, 745
19818, 615
4236, 776
10529, 692
10005, 562
3578, 44
14757, 548
8266, 669
7749, 187
16776, 113
13972, 905
16754, 234
3536, 691
7927, 266
18762, 266
19925, 140
6545, 817
6043, 965
1919, 224
5793, 723
1843, 796
19564, 393
10987, 687
6513, 419
5571, 551
17531, 614
2314, 691
2316, 736
11471, 235
19729, 18
9815, 584
16445, 442
19457, 928
4355, 363
13692, 224
13274, 338
12939, 331
6090, 612
14708, 460
14211, 692
18244, 906
9249, 517
13484, 34
4047, 848
12399, 680
7149, 508
15786, 856
9024, 1
11140, 320
2286, 879
4110, 807
10197, 159
1962, 289
15386, 710
8371, 590
1329, 612
2658, 597
1565, 996
8483, 532
3238, 966
4204, 401
15657, 121
222, 673
654, 602
2634, 197
6209, 250
17864, 341
18205, 207
11064, 752
3251, 11
3242, 316
5412, 688
4228, 772
5477, 551
18406, 57
10934, 796
15886, 844
1969, 424
1433, 294
19124, 691
18349, 937
7075, 141
13859, 945
60, 251
12165, 122
1591, 885
3851, 286
5993, 793
3876, 736
13070, 943
19164, 180
1014, 344
15372, 23
9780, 412
4813, 802
17029, 584
705, 591
5420, 605
3913, 315
14567, 385
6387, 479
19891, 196
9744, 117
12265, 630
3413, 574
13925, 710
12111, 197
12358, 376
11617, 944
17657, 386
17820, 920
15306, 384
12883, 979
17243, 331
1237, 556
14455, 691
3780, 140
14003, 832
7999, 956
3181, 192
14756, 186
862, 96
7339, 961
15263, 406
3569, 421
3206, 322
13965, 587
9624, 717
10295, 366
16381, 785
18797, 797
9681, 698
15558, 283
6216, 568
377, 897
7657, 540
8717, 641
10682, 42
12473, 820
13930, 359
15161, 649
11274, 154
10639, 631
7391, 770
6668, 707
16244, 48
18824, 491
14789, 640
6744, 38
8946, 649
6747, 281
13177, 413
10957, 594
7701, 116
14990, 599
4441, 890
1151, 821
1789, 941
728, 742
15339, 639
14630, 56
18335, 429
17756, 570
894, 646
17540, 49
6982, 656
12087, 784
3268, 806
1212, 522
4218, 296
13430, 277
7207, 984
906, 953
165, 145
13451, 892
14473, 905
3932, 133
11407, 712
18811, 738
595, 732
10672, 626
12160, 294
900, 511
14582, 366
10484, 408
19017, 161
6411, 754
6064, 7
8639, 772
12577, 748
12721, 217
5415, 563
19303, 678
6327, 412
17251, 620
19582, 466
13817, 41
1307, 114
14458, 145
13218, 389
13750, 510
6892, 564
1374, 531
11910, 169
1252, 488
1388, 639
13531, 730
11310, 953
18175, 278
11106, 706
14217, 537
17297, 280
15889, 358
16293, 913
17666, 721
17848, 802
6452, 770
2818, 672
4417, 12
18995, 444
4091, 202
12735, 879
17563, 321
18817, 807
13241, 993
18279, 420
16281, 386
1204, 340
2264, 110
6678, 782
14602, 237
12840, 94
5817, 383
13615, 168
1514, 798
2958, 569
12270, 742
3428, 625
1880, 205
156, 384
16796, 647
14023, 227
493, 738
17385, 597
14303, 540
11552, 773
19150, 21
18741, 575
5211, 357
18134, 647
17691, 630
7833, 294
2800, 950
197, 122
14869, 396
17600, 524
12994, 719
16557, 900
11695, 185
16645, 183
9087, 15
5042, 623
4941, 288
6853, 562
17001, 666
19065, 456
812, 429
16336, 45
12933, 578
11080, 427
14437, 943
11442, 775
3472, 697
17441, 237
9095, 179
3954, 672
7243, 326
3219, 536
12822, 556
6340, 112
3202, 541
12608, 574
10124, 587
19635, 919
12920, 641
2757, 395
18717, 348
7918, 181
2430, 377
1116, 321
17394, 321
16402, 324
15053, 837
15238, 789
9121, 150
2468, 7
4128, 629
12572, 590
3793, 444
7110, 666
14549, 979
269, 820
5081, 129
14218, 745
11462, 956
6608, 715
15881, 574
15105, 496
6046, 781
6532, 782
13129, 90
9305, 684
13009, 229
3803, 966
11157, 1000
9395, 623
7555, 345
6627, 270
14335, 648
12085, 614
11670, 179
13027, 442
5390, 236
2908, 622
12, 828
1954, 761
12152, 181
18575, 751
2532, 28
15380, 961
3067, 323
16123, 704
12460, 36
11756, 702
12330, 989
14262, 813
11414, 376
14740, 929
12166, 357
9570, 473
7057, 23
10664, 482
3863, 367
2966, 394
2123, 550
12858, 623
13786, 916
6973, 652
12158, 448
10951, 237
1165, 268
12641, 965
8706, 612
15729, 512
5490, 302
17052, 83
13867, 562
3965, 734
4029, 564
12813, 421
4729, 629
8701, 984
1650, 475
17444, 172
12605, 963
17801, 362
7623, 304
16073, 277
4558, 188
16563, 642
10413, 633
3177, 743
6680, 612
3646, 999
10139, 484
5968, 927
12678, 380
9286, 840
18688, 579
18414, 987
6867, 983
11874, 914
12523, 70
13748, 480
15668, 117
9003, 70
4569, 617
7261, 452
18274, 730
15061, 766
18235, 784
14435, 16
348, 150
2480, 891
14550, 715
6159, 494
19026, 81
13760, 10
7330, 426
16820, 70
7065, 101
10703, 905
12697, 169
19200, 917
11814, 161
3273, 612
3522, 839
4075, 801
10511, 75
2554, 991
10786, 165
10349, 553
5360, 831
14040, 573
9281, 891
7034, 985
2175, 676
14069, 943
15506, 886
7786, 207
10740, 930
4848, 568
17161, 888
8685, 846
9886, 118
11576, 141
15933, 312
13916, 358
4346, 362
17240, 985
7309, 0
14015, 170
926, 574
11322, 53
2411, 667
8025, 548
18578, 460
8154, 731
2949, 864
18330, 375
11159, 743
2683, 416
9175, 515
18681, 10
6454, 254
353, 879
1345, 659
11948, 403
11242, 489
14981, 979
11942, 805
19146, 241
6640, 610
15144, 509
19391, 220
9558, 53
2378, 481
1217, 484
4195, 944
1724, 131
15160, 93
5647, 537
6267, 974
1845, 656
2744, 284
18014, 184
7522, 551
6464, 397
6400, 87
3579, 152
8832, 553
14927, 115
18161, 497
17501, 7
13728, 666
9440, 697
6000, 364
12124, 413
6938, 868
8721, 706
12323, 237
7455, 256
18981, 735
7785, 183
17953, 540
5694, 612
1568, 426
3110, 892
778, 466
14664, 691
10619, 743
3161, 387
5691, 211
16095, 52
16807, 119
8788, 448
10994, 183
1277, 418
4605, 856
17452, 226
15621, 325
3391, 860
18896, 465
18150, 529
15123, 409
978, 681
17718, 55
13838, 686
10904, 653
16579, 886
2478, 41
12951, 764
7082, 350
7887, 935
13724, 440
6175, 131
19182, 927
12072, 24
17459, 713
897, 186
3785, 44
12905, 821
17787, 983
19832, 700
12916, 27
18611, 95
13125, 247
4027, 307
8235, 444
2219, 894
1438, 338
5014, 943
2337, 514
9171, 699
11996, 457
3349, 493
7076, 89
6036, 109
6008, 848
4597, 995
15915, 727
5041, 662
1734, 272
11834, 961
5107, 271
13874, 667
10687, 142
19173, 128
12007, 565
11674, 816
11445, 323
18692, 335
18154, 408
6604, 690
11362, 393
675, 792
10233, 707
11677, 564
19670, 198
18794, 565
11613, 512
9450, 308
8526, 688
3685, 722
1166, 900
4039, 432
4043, 421
2510, 724
2545, 840
5553, 518
10537, 78
2948, 373
2621, 572
2994, 762
16836, 212
11944, 579
19064, 393
14397, 131
6240, 734
8626, 424
12539, 96
18364, 182
3810, 856
7667, 844
12868, 24
10524, 875
12187, 905
27, 651
13280, 263
10189, 336
3225, 172
10903, 396
6227, 523
9075, 583
4869, 997
7960, 682
450, 787
12783, 479
11873, 605
5609, 983
5621, 499
7755, 361
1373, 775
788, 782
12981, 24
18974, 331
10155, 285
13300, 947
16406, 919
5171, 24
94, 35
770, 1
10317, 545
762, 236
904, 149
92, 788
13709, 579
2475, 767
7365, 582
14147, 208
16930, 619
5218, 886
15765, 139
10152, 546
7313, 156
19486, 929
11403, 815
15953, 880
8552, 182
13341, 386
14216, 763
12856, 664
4466, 127
13743, 912
18626, 98
13783, 592
6838, 300
3860, 965
11871, 269
6284, 761
15175, 205
14822, 601
14547, 62
6482, 790
3833, 577
4557, 486
6952, 137
3708, 86
12668, 238
18709, 253
6253, 214
13952, 334
6970, 19
12731, 340
2939, 366
4592, 397
1806, 41
17160, 109
11266, 360
18513, 112
11421, 619
8704, 89
7303, 210
18221, 737
11192, 266
18773, 935
16808, 143
11795, 707
11907, 199
790, 589
17751, 716
8572, 761
15721, 420
7889, 339
912, 971
11019, 922
9990, 447
1285, 89
2236, 785
18946, 760
10981, 184
137, 979
3802, 464
2591, 903
5922, 616
15145, 750
7395, 949
10353, 845
1877, 820
15521, 117
13547, 253
2065, 381
253, 70
15033, 974
12049, 92
2403, 481
4714, 204
7916, 747
17752, 200
5459, 704
520, 698
3197, 582
18101, 738
7299, 57
13553, 210
15777, 272
5603, 903
10241, 1
2155, 521
9084, 336
19724, 150
10590, 873
16382, 342
6397, 403
4876, 719
4418, 730
19717, 412
11430, 288
19495, 16
7784, 418
10956, 146
15960, 496
2207, 102
3237, 629
5999, 357
18007, 21
4081, 588
9237, 277
10171, 506
14411, 896
17779, 754
15361, 371
6687, 827
2528, 446
17311, 746
937, 335
14100, 179
10775, 192
3620, 876
10867, 108
15536, 812
8737, 166
1321, 798
16561, 862
10021, 122
13021, 218
10371, 298
17121, 306
16891, 261
1946, 522
17418, 529
7413, 485
7707, 894
18217, 814
10594, 654
10614, 538
2519, 623
7652, 134
7562, 440
14039, 613
2893, 692
7135, 9
8050, 426
10258, 700
16821, 791
6003, 338
5480, 715
2809, 118
19894, 733
19301, 442
13669, 365
10420, 260
15391, 917
9328, 707
1272, 384
15809, 1000
7453, 151
15112, 666
11125, 922
6709, 392
16405, 661
12972, 466
276, 478
1652, 726
18960, 151
3408, 395
12900, 321
10796, 995
2474, 449
4561, 606
9831, 954
7575, 285
1173, 761
2209, 945
3702, 301
2334, 421
7488, 850
16314, 542
16341, 919
3192, 768
19072, 703
10660, 596
464, 779
17278, 683
15137, 77
9397, 948
6923, 334
8389, 134
6507, 865
10935, 11
10036, 505
1371, 687
5739, 958
9589, 466
19930, 417
16815, 657
3378, 815
4132, 855
5120, 505
18696, 828
12777, 738
1447, 648
4908, 939
13180, 928
13661, 256
10930, 846
13969, 392
16706, 205
1211, 705
2978, 793
17371, 460
2230, 222
626, 462
4224, 776
8373, 191
6673, 73
10154, 121
2387, 264
78, 432
6589, 689
18433, 853
13215, 281
2479, 896
7387, 832
10591, 881
11348, 53
5768, 467
10081, 900
11058, 205
14239, 564
7055, 483
4324, 603
7456, 505
12817, 335
11491, 93
9955, 281
6722, 674
869, 882
6393, 114
12832, 930
16778, 109
15567, 418
17918, 680
8082, 256
3113, 601
1328, 131
10637, 871
2663, 866
8151, 48
6901, 958
16562, 700
853, 925
6118, 516
1550, 520
492, 873
9, 678
18506, 5
10289, 416
8563, 515
9638, 650
17857, 447
18975, 446
11150, 988
11246, 563
17613, 414
13072, 927
635, 354
14045, 393
15602, 520
5222, 508
18719, 345
11542, 210
17182, 464
13365, 933
9983, 71
560, 752
4840, 457
5574, 569
19928, 491
17842, 641
5242, 917
14901, 982
2306, 783
11029, 472
8715, 734
9390, 327
374, 881
1912, 339
5429, 290
12911, 131
5675, 542
6891, 208
13632, 355
31, 389
3909, 157
3898, 952
18523, 239
18342, 806
1084, 486
7915, 418
16368, 522
5677, 408
8479, 361
5115, 338
1686, 283
1309, 713
275, 839
11030, 898
11794, 379
10716, 547
6571, 181
18551, 511
13158, 162
18987, 681
3669, 566
6140, 743
1359, 341
11920, 532
17567, 558
5963, 343
13170, 70
8601, 902
13219, 829
17472, 653
6019, 755
18404, 894
15169, 589
15999, 690
1748, 343
4400, 12
299, 554
11672, 347
5929, 415
1925, 84
8659, 901
19210, 341
3822, 461
11771, 318
13843, 544
9014, 987
14099, 936
7886, 15
9584, 742
2829, 736
15931, 131
15871, 525
10094, 28
17015, 43
5379, 713
1655, 780
10798, 949
8172, 159
4839, 270
3128, 351
16604, 953
12329, 227
6581, 486
2097, 894
2700, 281
215, 436
12377, 731
12363, 243
6465, 183
12705, 11
5617, 420
1054, 60
7600, 368
2421, 189
15313, 211
8886, 702
254, 312
2517, 624
11904, 441
6494, 953
2261, 901
15194, 842
3922, 755
12949, 169
996, 446
17433, 729
676, 444
6402, 944
14223, 83
15600, 788
17960, 454
9251, 493
17528, 527
6001, 220
5025, 604
11792, 669
6205, 960
6965, 523
5186, 525
14125, 319
16109, 303
9434, 287
13878, 33
3499, 620
18176, 836
17937, 589
9632, 188
10933, 938
9321, 771
5341, 310
6960, 693
12139, 884
7134, 318
3988, 29
1327, 549
16299, 131
13238, 394
17317, 993
12601, 874
5322, 715
8917, 338
10519, 376
13883, 39
6949, 527
16946, 255
6930, 227
10513, 911
4382, 465
19806, 219
3862, 552
2606, 960
7038, 246
3790, 135
19642, 684
2343, 175
5108, 804
5708, 569
16374, 924
474, 102
13197, 24
736, 909
9542, 798
17884, 765
18642, 831
8867, 322
6259, 975
11259, 468
4962, 377
2695, 277
16223, 129
18486, 561
4919, 545
4953, 605
3759, 73
8835, 823
7154, 984
14240, 879
4783, 745
11155, 958
365, 343
17266, 118
9370, 537
552, 387
16937, 625
6214, 735
2383, 285
7317, 836
16865, 204
19784, 767
3554, 313
1239, 304
9147, 350
11512, 481
8408, 737
913, 948
10105, 101
13188, 699
5653, 559
2162, 524
4523, 203
10290, 2
2071, 748
6132, 606
7104, 374
17135, 387
10552, 707
8856, 450
19622, 577
2991, 435
8377, 314
19633, 778
7117, 860
19524, 643
4248, 961
9105, 271
9303, 775
7793, 187
5806, 750
16395, 165
1115, 173
1256, 26
3541, 350
2902, 265
8399, 222
10326, 809
15248, 352
6614, 752
9545, 27
14588, 372
15374, 133
6706, 637
13619, 358
7353, 836
1471, 821
9383, 61
19003, 966
18479, 176
5173, 837
8257, 212
8316, 943
13667, 524
13461, 314
617, 415
4452, 122
796, 714
12033, 781
16000, 192
8422, 872
7682, 615
15250, 575
14737, 651
684, 351
15763, 676
9580, 36
15204, 568
6753, 543
6908, 37
17372, 443
9504, 228
2521, 230
16591, 993
3904, 259
11184, 577
13340, 714
18066, 77
7899, 370
15157, 992
1291, 836
2575, 70
4, 233
19669, 249
14310, 579
18620, 312
647, 963
13546, 134
18783, 732
18653, 651
3042, 158
18894, 112
11385, 219
15932, 494
1891, 97
3596, 669
18362, 871
3236, 438
13439, 643
15470, 910
5595, 669
13956, 823
7364, 384
16516, 646
18436, 556
9399, 345
5860, 437
7557, 699
15006, 64
4524, 60
18257, 48
8101, 680
12560, 526
12645, 688
11615, 609
18204, 819
15469, 900
175, 262
17685, 584
166, 208
11619, 578
12151, 501
9407, 200
9388, 105
19985, 308
19515, 74
16363, 493
8680, 938
19396, 681
2982, 708
10872, 117
14220, 369
13648, 77
6933, 436
2975, 651
6068, 20
10566, 670
9322, 677
1976, 904
7404, 798
7504, 328
13309, 947
10738, 553
17912, 687
18839, 337
7627, 990
8674, 674
11050, 24
5682, 450
11234, 873
7799, 810
16646, 130
16781, 837
11335, 446
3852, 276
9972, 831
15692, 279
4611, 167
19204, 513
17913, 330
1639, 962
16758, 602
10388, 877
10536, 610
7831, 905
17359, 394
7946, 826
13035, 586
8454, 997
10564, 166
2434, 841
15945, 460
18348, 80
6450, 462
11669, 953
10221, 788
14864, 857
4472, 663
19324, 555
11158, 147
5937, 691
6817, 468
13880, 111
6726, 670
14847, 179
6416, 129
16928, 640
2537, 388
17280, 876
2020, 882
8842, 274
6808, 526
821, 709
17330, 375
13746, 283
14598, 204
14469, 675
19628, 303
8918, 801
7276, 852
17806, 983
18096, 392
2872, 163
8137, 443
10364, 286
8189, 365
12969, 623
16254, 507
14360, 694
11189, 589
5109, 111
12786, 522
13495, 740
513, 673
19951, 64
17780, 814
10975, 563
18930, 597
10965, 340
1681, 403
16607, 549
9186, 626
12928, 677
683, 424
16649, 882
14503, 479
573, 963
18796, 575
5628, 569
10560, 805
5457, 39
11249, 812
11463, 96
7211, 129
17445, 730
3171, 91
9036, 830
373, 979
16618, 44
18675, 118
1052, 483
181, 787
8581, 678
16527, 395
1434, 577
5264, 676
13307, 819
1443, 295
13121, 234
6859, 618
8860, 43
6774, 204
14973, 353
9243, 902
13249, 254
9836, 140
8433, 787
9314, 28
592, 688
2254, 994
13335, 160
1104, 369
7322, 378
16864, 206
242, 831
5188, 84
2803, 340
18393, 396
5822, 722
19330, 924
17943, 7
8768, 374
13210, 880
677, 736
7485, 263
19128, 860
18121, 631
13929, 697
18159, 98
4156, 333
8277, 932
19352, 835
8280, 214
8903, 175
15102, 522
8995, 716
6713, 111
2659, 332
9686, 431
10626, 604
15447, 972
4540, 113
9664, 939
14368, 499
6303, 959
16025, 729
16349, 703
6605, 160
3109, 796
10945, 930
1653, 631
7358, 386
14390, 671
13108, 42
16708, 829
10288, 583
4057, 142
14156, 862
2015, 926
2777, 524
14965, 997
3248, 419
2330, 948
2936, 350
336, 728
4864, 81
19154, 417
4825, 901
8878, 667
2685, 610
3393, 167
7896, 181
4635, 59
17587, 967
6150, 256
17049, 261
6056, 30
10098, 613
17538, 513
4243, 395
16375, 840
2281, 648
17963, 140
5808, 849
6954, 32
19018, 841
12526, 767
4292, 140
2726, 476
944, 991
13234, 671
12836, 768
11800, 916
8432, 736
11222, 332
14112, 199
3476, 929
18197, 332
6715, 792
9061, 857
8656, 705
12122, 330
1132, 311
3313, 938
1452, 346
13229, 435
19153, 652
1061, 287
12118, 679
13910, 313
10430, 826
4166, 554
8762, 687
8834, 883
12140, 701
15710, 359
16701, 872
18112, 294
14290, 420
9065, 944
13737, 217
18245, 686
5275, 469
4730, 813
3424, 833
18, 271
11577, 157
18630, 346
12144, 901
5619, 183
9722, 583
2837, 277
5707, 849
3491, 128
10969, 998
11592, 978
1699, 757
16572, 781
1938, 52
16291, 239
14540, 302
15641, 292
3440, 959
9428, 65
19253, 229
2373, 83
743, 943
5034, 261
3533, 127
3374, 89
7688, 537
12211, 669
17579, 468
1390, 30
18651, 43
10346, 869
11290, 358
17749, 436
16498, 785
14485, 423
5065, 875
8263, 747
8657, 588
10491, 895
4568, 34
11726, 327
2174, 588
9883, 545
8054, 629
4396, 114
4666, 249
14554, 83
6130, 400
11706, 969
9684, 48
2636, 500
4313, 95
14164, 283
7480, 359
19161, 937
8522, 257
6467, 981
4667, 152
19218, 921
11805, 66
11128, 696
18388, 573
17291, 180
2656, 884
1817, 185
10298, 67
664, 255
10279, 612
15413, 775
15583, 526
19898, 266
14448, 34
10092, 791
14571, 999
12443, 136
4588, 36
16413, 193
19113, 743
15918, 137
9154, 312
12570, 301
7587, 462
5253, 677
343, 386
13163, 427
10151, 365
13876, 122
13671, 617
8498, 675
694, 61
18855, 501
13134, 57
2839, 464
8831, 563
19374, 822
11477, 431
11682, 953
17105, 413
14829, 338
17216, 552
13586, 870
1228, 505
10522, 250
5580, 726
10084, 336
9671, 166
6985, 857
10526, 260
10486, 360
11673, 370
7671, 964
5249, 953
2215, 937
8492, 853
302, 27
11346, 141
1372, 306
19447, 29
14688, 794
11787, 339
6294, 364
4365, 816
8789, 405
6264, 958
19487, 29
9219, 235
9964, 899
37, 807
9104, 657
18849, 986
6968, 832
1688, 338
15420, 15
3290, 290
11926, 266
1225, 560
12863, 56
18888, 53
11763, 801
11738, 788
5714, 333
11069, 416
14843, 479
77, 339
7574, 330
17609, 425
12959, 971
3043, 877
9274, 565
2546, 546
12050, 22
6920, 930
17351, 251
13208, 786
364, 769
19775, 226
19885, 406
12835, 409
9419, 81
17056, 976
8648, 228
5139, 238
13935, 619
11598, 89
6246, 310
9254, 36
7227, 33
15981, 828
1707, 0
9773, 644
14676, 201
8273, 48
1292, 481
19644, 291
7461, 107
15128, 800
590, 357
12077, 880
3897, 327
2012, 310
3919, 756
2393, 30
10146, 707
18743, 729
1725, 550
17493, 569
18887, 186
14678, 792
3587, 251
4012, 823
16774, 605
14318, 422
18633, 284
9982, 382
7742, 989
4201, 392
4585, 437
11697, 288
14340, 40
4205, 659
3409, 490
1207, 679
12455, 220
1316, 474
7536, 489
5550, 59
15471, 363
5998, 766
16745, 702
3563, 673
4653, 321
6329, 371
13059, 752
17810, 988
115, 718
1660, 391
1384, 901
6926, 317
7500, 181
6414, 56
3952, 340
12401, 869
8287, 0
9069, 997
11196, 516
12934, 915
12477, 894
4865, 514
18767, 253
19597, 511
11998, 399
7015, 493
79, 597
1908, 189
6065, 481
18184, 170
11032, 687
16508, 651
14143, 60
9013, 508
5705, 736
2536, 80
2709, 164
427, 456
831, 69
18003, 579
10459, 82
2960, 937
5799, 10
8374, 675
16202, 684
16035, 100
5105, 294
10082, 67
4381, 99
8536, 388
6546, 34
7514, 92
8085, 216
16595, 721
5292, 200
8608, 297
11041, 724
5622, 404
14013, 80
5687, 227
4812, 274
8201, 983
1712, 786
8279, 970
9872, 47
18363, 873
607, 107
34, 605
15368, 471
333, 908
15559, 343
12373, 90
17292, 800
15341, 961
1943, 278
285, 367
2550, 78
7935, 266
5414, 853
1914, 122
2520, 32
17209, 864
2339, 230
14261, 196
19213, 568
13429, 956
525, 573
4766, 158
19209, 194
8400, 773
764, 505
10210, 870
19640, 555
2715, 698
9822, 817
10274, 990
6459, 1
14380, 807
5646, 682
13251, 568
16957, 257
6226, 802
14482, 318
10544, 730
6391, 228
13691, 102
15968, 378
7092, 820
8153, 421
11044, 48
1019, 663
8021, 600
14063, 20
19500, 261
16507, 240
12355, 794
8957, 429
8222, 901
11170, 306
8358, 996
3924, 816
4909, 292
8773, 390
1822, 214
11413, 210
1753, 308
4475, 720
16992, 132
7287, 897
6942, 305
16895, 603
6857, 784
17447, 0
12075, 157
17856, 593
9038, 94
10742, 494
8736, 167
5565, 202
19021, 276
14204, 430
8589, 939
4567, 693
6750, 249
18535, 529
10235, 789
7349, 684
8532, 474
6307, 743
1861, 177
17101, 453
13729, 102
9857, 366
13778, 554
4974, 267
12876, 384
16182, 589
14697, 542
2115, 550
13000, 682
17164, 742
16792, 261
5638, 232
13220, 88
5423, 373
16184, 465
9839, 674
17977, 436
8619, 817
3357, 473
3694, 655
19070, 2
9544, 289
1502, 639
15516, 554
16304, 418
17942, 375
13474, 964
15879, 662
11240, 587
12410, 381
7052, 880
7593, 179
14838, 162
15837, 450
19654, 927
11398, 147
726, 259
10631, 910
19926, 72
18174, 211
18309, 108
17556, 640
5182, 80
11655, 411
18146, 872
13318, 182
11244, 157
5279, 387
8243, 134
14231, 656
8534, 972
11754, 592
6177, 286
14761, 843
2310, 791
81, 976
8367, 638
2593, 680
19794, 407
18731, 25
7432, 769
2641, 884
5234, 308
5269, 769
18193, 777
17130, 969
18832, 887
4329, 526
6686, 271
17695, 382
6751, 777
1772, 725
376, 269
15490, 726
5988, 335
10607, 995
3329, 754
7926, 700
1616, 403
19277, 206
8858, 752
6840, 359
19908, 189
488, 678
18119, 646
2088, 606
16770, 773
10131, 268
14331, 359
3341, 595
13513, 50
9374, 369
8177, 413
10441, 721
12490, 235
10471, 351
16156, 207
15555, 390
13113, 747
4225, 648
11111, 347
10494, 619
10311, 268
16674, 490
824, 149
8897, 169
127, 846
457, 322
8605, 903
8669, 596
3156, 313
19978, 451
1223, 979
5955, 777
8513, 699
17224, 1000
7215, 210
12435, 22
18841, 169
10773, 655
430, 631
5098, 102
15941, 193
13498, 37
4972, 202
1220, 560
19718, 375
4425, 704
17797, 572
12533, 215
13686, 924
1541, 31
17796, 229
6091, 161
5547, 841
13826, 286
17094, 390
10086, 234
18807, 595
3729, 477
8537, 780
1790, 267
10103, 735
18947, 88
17046, 894
16779, 59
19750, 968
16725, 450
18871, 542
12975, 999
12206, 245
10383, 206
16520, 685
16515, 951
16101, 710
19586, 592
2645, 844
18242, 468
8393, 649
17933, 718
9179, 176
19886, 771
13550, 882
11440, 148
15997, 626
3979, 218
5453, 256
1347, 213
2250, 551
9398, 216
11856, 614
11368, 292
8634, 335
4699, 248
19923, 192
1747, 935
6363, 498
13649, 184
517, 776
10307, 611
7323, 21
16475, 575
7483, 528
5605, 111
3647, 145
16751, 720
11036, 785
4294, 870
12393, 62
14616, 710
6520, 244
18076, 134
8265, 450
17932, 686
14686, 451
7425, 955
10988, 60
7808, 459
11, 14
18075, 809
14817, 320
17360, 711
5920, 770
5352, 818
3681, 544
1334, 267
13571, 947
11422, 656
15587, 917
14638, 163
15218, 477
1426, 74
14233, 318
766, 254
4017, 959
14174, 670
10054, 25
17123, 817
2912, 704
16647, 193
10291, 347
2450, 8
1138, 229
9231, 810
13639, 745
14746, 356
9639, 773
14285, 947
468, 81
5208, 956
5302, 557
8046, 403
13330, 36
11757, 141
12413, 770
2093, 380
19426, 670
102, 250
9725, 201
19989, 562
17377, 197
9918, 366
1644, 265
16179, 713
17005, 329
1553, 470
12548, 214
3336, 564
19412, 731
7525, 150
2349, 125
18548, 835
6261, 472
12356, 696
13382, 676
12926, 243
15055, 271
3949, 802
15728, 621
16485, 308
4235, 729
7191, 974
16192, 268
16141, 236
10144, 699
11327, 967
15664, 425
14020, 524
6497, 263
12781, 257
18690, 629
12511, 815
14921, 774
16625, 138
16584, 700
6154, 818
16026, 768
8999, 794
12173, 180
12776, 590
11801, 586
2552, 992
1091, 749
9418, 875
5879, 499
9266, 93
5913, 392
10926, 787
14831, 427
17379, 280
879, 550
16180, 503
4526, 332
2420, 712
15504, 266
6291, 924
10995, 695
2401, 206
9393, 857
5027, 540
5079, 367
8322, 813
14848, 377
11171, 955
15834, 475
10463, 917
2413, 124
10409, 225
18210, 843
10518, 785
17736, 946
7176, 129
1036, 305
19738, 849
4652, 116
5636, 81
435, 718
19179, 455
3955, 331
16997, 641
2224, 734
9169, 143
4496, 483
19084, 738
3140, 773
13311, 32
3537, 879
3321, 672
19753, 67
19939, 181
7863, 24
12569, 469
16167, 49
14273, 635
2739, 532
12053, 637
12718, 784
16138, 231
10871, 512
11767, 517
19455, 314
11782, 406
11676, 809
6335, 738
4433, 259
5094, 115
10232, 871
14427, 500
10476, 236
17548, 905
18001, 716
19014, 916
11548, 900
17715, 41
17700, 918
8548, 175
14030, 895
6102, 733
5703, 904
11510, 63
13908, 248
10510, 774
7966, 993
1814, 95
13339, 193
2225, 577
18911, 390
9732, 367
11458, 572
18390, 589
14299, 414
14055, 230
17152, 169
1472, 19
19176, 539
8049, 290
18094, 947
2465, 900
3539, 232
5038, 657
11824, 922
17974, 557
5388, 707
18432, 306
12702, 228
6647, 660
328, 190
10138, 254
8749, 626
1991, 804
19283, 553
16790, 796
3228, 64
9522, 165
11734, 399
16155, 159
9625, 648
6206, 957
18566, 981
2823, 560
8057, 634
17662, 115
5046, 689
19890, 175
17085, 953
2119, 716
18120, 378
16856, 44
6247, 781
11039, 459
3960, 258
3352, 298
6890, 398
7685, 929
2128, 676
17592, 357
15476, 943
4073, 775
12247, 477
9329, 160
5994, 386
15598, 636
2193, 566
11750, 683
7069, 258
606, 837
11526, 722
916, 205
6734, 342
4175, 756
9205, 543
7971, 685
18958, 624
9637, 976
2350, 299
13302, 648
16933, 491
14936, 250
10662, 242
86, 634
425, 572
6584, 24
16637, 580
16979, 446
3693, 842
4343, 468
1346, 934
8912, 789
9108, 187
2693, 933
17543, 529
17119, 768
17435, 620
14089, 349
4393, 834
9025, 182
5252, 966
14480, 833
12130, 749
16914, 734
13195, 171
3062, 150
5903, 992
15016, 387
1918, 645
15416, 97
773, 576
12465, 160
12376, 373
14192, 42
8489, 788
17882, 810
15410, 781
10636, 924
15125, 200
15835, 605
1678, 188
190, 554
436, 57
4092, 641
14073, 231
14803, 244
12008, 198
2623, 20
8802, 57
13126, 198
12101, 509
4112, 72
0, 446
13454, 495
14952, 163
5130, 724
19630, 847
9034, 722
10919, 978
14946, 632
8116, 397
17506, 36
10121, 633
4217, 767
11759, 944
13857, 447
6410, 875
10533, 171
7152, 996
14212, 44
4963, 164
14673, 762
11202, 395
3984, 23
19061, 36
6763, 598
7827, 0
17047, 647
12103, 650
14858, 553
3752, 189
9602, 632
1783, 161
3089, 776
12877, 410
19701, 995
4937, 168
8017, 434
12538, 837
7469, 509
8598, 889
12060, 558
17196, 767
6236, 850
418, 950
16838, 209
11863, 837
18665, 12
10841, 305
16715, 436
10978, 726
12480, 46
10984, 622
15631, 651
5055, 179
5099, 325
262, 334
4349, 930
19621, 810
11496, 849
8487, 417
15498, 746
8992, 528
9379, 33
8544, 358
19661, 93
3762, 902
673, 272
11702, 596
19707, 75
9699, 634
3921, 219
13063, 525
17178, 95
7148, 765
3239, 895
5512, 846
7845, 506
17411, 708
15300, 216
551, 886
9891, 226
8196, 871
10108, 680
2518, 827
19539, 753
14754, 73
15216, 159
8090, 883
15984, 550
15762, 366
16782, 118
15884, 605
8039, 992
8905, 873
5763, 451
11339, 344
5068, 679
16502, 675
6174, 95
14490, 857
423, 400
13862, 756
2425, 224
2997, 158
19286, 877
11955, 321
10407, 885
17651, 686
4308, 424
16925, 502
1161, 677
9454, 361
3873, 488
9072, 248
3479, 730
17976, 77
18684, 32
3020, 576
10962, 365
16632, 822
5934, 222
10882, 561
2547, 822
2759, 632
13397, 900
13486, 46
19914, 391
19715, 839
4690, 34
5942, 82
18457, 266
10040, 932
17194, 849
17897, 3
15697, 92
19067, 61
643, 327
8519, 494
16309, 774
15653, 734
19907, 948
2318, 656
1440, 264
3463, 155
15129, 811
14383, 274
12798, 15
14213, 307
18109, 466
8202, 266
12534, 975
8907, 498
14603, 356
10320, 410
13953, 561
17588, 282
19751, 359
859, 633
16153, 501
14234, 294
2752, 572
12528, 663
2995, 681
317, 645
5223, 873
10234, 674
5797, 58
4282, 920
7591, 45
5405, 995
4317, 874
18499, 295
12397, 808
19509, 896
16755, 193
13844, 692
2678, 634
3155, 80
9005, 715
8442, 756
5471, 983
10177, 216
17595, 691
12463, 731
9991, 210
6542, 56
12260, 563
1623, 180
11280, 208
8315, 233
10280, 150
6501, 106
8643, 23
12862, 78
610, 738
1123, 657
2105, 202
15192, 617
14332, 819
13798, 154
10034, 686
218, 456
15294, 531
10721, 518
16117, 748
9687, 234
18402, 196
323, 604
7912, 776
3348, 390
13373, 773
8719, 240
3608, 51
214, 258
9349, 407
18042, 278
11301, 894
14768, 94
4209, 292
17229, 995
1629, 300
17191, 272
8437, 848
6013, 613
4063, 29
1980, 385
578, 930
18391, 733
13675, 255
13204, 439
2603, 469
265, 394
6122, 606
15268, 372
6221, 124
11293, 388
995, 728
16688, 442
7759, 349
15726, 730
19466, 908
18298, 588
5469, 699
19740, 946
14706, 98
9720, 775
13774, 953
8726, 108
18749, 894
16690, 445
3809, 572
13417, 765
8249, 234
1369, 869
13751, 294
1383, 623
18359, 818
12123, 83
1539, 47
14343, 948
16603, 726
5071, 772
5520, 37
8786, 475
11536, 689
8376, 155
12986, 126
3999, 732
5756, 723
19574, 313
6504, 718
10730, 112
11337, 341
18397, 503
1815, 37
5785, 102
7484, 292
10771, 173
19076, 555
18006, 455
11866, 80
2879, 14
15862, 260
19115, 367
1512, 92
6166, 961
18793, 657
19864, 682
15430, 260
4149, 10
2181, 653
8497, 214
13616, 791
12708, 533
13678, 749
6146, 437
10052, 995
6633, 139
11000, 44
1571, 476
7783, 922
16229, 402
16532, 35
10970, 4
19880, 977
4934, 33
16076, 424
10726, 307
18572, 81
15155, 618
10342, 904
8028, 432
8321, 435
330, 771
5788, 246
8760, 253
4302, 703
3444, 39
11099, 233
14064, 277
10282, 811
3987, 451
453, 928
14472, 553
3766, 108
3431, 398
12810, 227
10888, 796
2011, 429
19860, 992
19045, 683
3173, 597
16220, 528
1977, 76
1076, 700
667, 865
9854, 622
12354, 793
5460, 264
10141, 1000
4428, 131
14079, 32
18012, 355
2883, 688
3825, 56
18345, 398
7001, 517
4521, 714
18509, 379
2842, 295
18988, 522
9478, 104
17477, 838
1162, 551
13061, 295
17732, 291
752, 351
15737, 67
14753, 294
13962, 269
13759, 281
8180, 353
14925, 410
9097, 435
10812, 491
2464, 199
16843, 41
19296, 888
3558, 140
11393, 519
1331, 793
3887, 660
3783, 60
7762, 157
1761, 460
18419, 14
11057, 628
4502, 443
19862, 87
17339, 614
6888, 178
19377, 263
3330, 950
12594, 62
18195, 26
9176, 374
12004, 5
538, 123
13733, 673
11174, 792
16669, 232
2896, 51
3760, 688
17310, 203
12093, 424
7099, 910
19681, 981
15176, 393
8814, 584
14243, 211
17327, 837
7006, 340
12429, 541
3087, 671
15492, 557
10088, 225
2812, 907
15165, 474
13526, 741
18539, 106
1306, 541
18883, 924
7977, 172
4164, 445
17114, 610
9211, 790
18491, 707
13887, 645
13706, 137
13674, 792
9153, 710
11402, 788
11147, 194
501, 274
15731, 639
3748, 229
9772, 160
15776, 776
4726, 439
8888, 95
4689, 786
15197, 177
10928, 332
400, 777
17771, 340
4562, 928
10891, 1000
10538, 758
17574, 109
16466, 802
6172, 104
11291, 243
13499, 227
11848, 449
1904, 649
13449, 157
10365, 58
19316, 602
3945, 325
16104, 208
11503, 539
13415, 671
6645, 110
15108, 617
15450, 795
8369, 280
5896, 559
6309, 191
12105, 943
18465, 364
14512, 265
16040, 975
15733, 240
5537, 868
19254, 366
8652, 797
3395, 586
5758, 224
1994, 779
14088, 772
1948, 147
1832, 208
7200, 9
2470, 365
18162, 119
12545, 44
14496, 381
11289, 212
6196, 515
15542, 548
10292, 707
4321, 568
7794, 623
14933, 181
13679, 740
6657, 542
13473, 845
18331, 145
15316, 402
5549, 824
12142, 335
9552, 108
7849, 869
17479, 250
9604, 529
3784, 773
10713, 321
12159, 702
16804, 706
2266, 665
16088, 499
11852, 96
2688, 767
1661, 373
5387, 394
18107, 847
8675, 431
14735, 462
3644, 415
1802, 973
3548, 337
9157, 888
13664, 998
1024, 145
8874, 363
15844, 845
16639, 478
4085, 171
13506, 290
8975, 889
10767, 295
221, 194
10226, 728
15178, 284
4747, 671
19155, 164
12764, 639
4383, 918
15022, 430
4362, 977
7727, 221
17511, 662
1102, 47
16593, 60
16550, 910
5672, 654
16214, 575
9518, 508
17950, 732
7919, 231
3528, 17
17784, 296
9007, 138
76, 820
15036, 517
6215, 489
10058, 563
6211, 24
11070, 684
10024, 76
18963, 539
18677, 0
659, 480
9420, 86
19305, 78
15781, 209
11238, 782
13144, 454
15588, 957
7128, 206
12687, 39
16367, 498
19687, 423
15750, 529
10074, 525
7553, 10
6183, 185
16435, 409
14126, 925
14564, 297
3435, 832
7695, 518
3446, 466
3618, 593
11664, 402
11208, 279
13984, 169
12787, 540
6039, 266
2923, 924
11295, 466
14511, 118
2992, 194
7348, 177
6127, 784
16313, 614
14155, 373
19037, 100
6072, 116
12311, 672
17014, 592
13337, 77
10980, 879
4361, 62
19974, 431
549, 93
9498, 44
2708, 583
16536, 397
18015, 940
19829, 253
13554, 289
18125, 164
7056, 533
5519, 992
7846, 765
10915, 809
14236, 411
1082, 240
8425, 154
12112, 873
1017, 51
11427, 945
9665, 974
5816, 733
1778, 590
19015, 942
5784, 339
16500, 431
3283, 955
13625, 545
8476, 866
10645, 325
19521, 114
3588, 788
294, 61
6300, 397
7414, 78
7381, 939
16130, 703
13065, 16
15896, 753
10848, 960
9563, 742
16027, 195
16969, 324
17248, 366
9088, 2
15794, 500
13725, 34
6854, 865
14194, 585
9775, 81
4148, 25
11514, 927
16858, 284
11796, 354
18768, 84
7825, 11
1293, 688
17999, 367
8949, 138
17147, 684
15315, 104
11971, 600
15546, 432
741, 460
10540, 338
18381, 38
1736, 255
16201, 286
1427, 523
3372, 444
557, 92
15760, 288
2601, 41
10395, 160
16769, 573
13985, 49
3829, 787
12659, 487
11522, 235
7945, 557
306, 735
1400, 627
500, 564
13038, 499
97, 243
8947, 191
15645, 241
3561, 225
6071, 269
11713, 331
14986, 325
2354, 897
15670, 747
3261, 57
6441, 293
7482, 967
1631, 124
11027, 898
3432, 498
11095, 443
9793, 748
8828, 277
14801, 615
5082, 396
622, 225
11016, 124
13689, 744
511, 575
18860, 86
14491, 246
12307, 777
11493, 947
6784, 370
13626, 805
4682, 961
11277, 757
9823, 804
2163, 777
11478, 115
19273, 867
3778, 817
15068, 302
12223, 825
13955, 29
4311, 173
14954, 3
14022, 962
16169, 761
10126, 515
12804, 26
15013, 255
19947, 718
9099, 105
18011, 250
11120, 978
9373, 759
1543, 991
534, 243
4579, 667
9880, 366
8305, 429
11281, 444
3415, 894
642, 41
5582, 973
5529, 740
17293, 553
4192, 15
3970, 469
19838, 104
11086, 438
11832, 134
6963, 459
526, 556
12525, 726
9289, 940
6864, 522
434, 941
9682, 378
8134, 142
8135, 52
11515, 564
6077, 80
3678, 165
5881, 349
11021, 88
12472, 781
3649, 764
4101, 158
4759, 178
18100, 748
9196, 920
10238, 95
105, 418
16559, 498
6578, 702
9825, 619
15741, 326
2214, 580
7709, 808
12256, 503
19913, 305
13346, 207
4843, 73
7881, 240
15442, 669
19823, 487
8272, 704
2996, 220
9760, 773
16260, 485
10755, 530
12833, 878
14591, 953
9512, 834
14577, 590
7475, 250
19314, 917
1155, 358
3623, 380
6082, 734
1299, 890
18500, 967
9884, 687
17817, 391
14336, 169
17197, 768
3605, 903
6311, 305
780, 287
9585, 322
17589, 471
8984, 662
15965, 501
15856, 301
8508, 844
1466, 333
10782, 778
8161, 403
18508, 411
11915, 717
4336, 866
14733, 166
5028, 718
17583, 580
16975, 931
15857, 748
13403, 807
3516, 344
16322, 998
9747, 724
1853, 225
8031, 585
15319, 696
14593, 672
11317, 128
8955, 646
16811, 632
13646, 823
10675, 259
1482, 155
12889, 378
18332, 430
8450, 770
8990, 783
11798, 949
18935, 396
17462, 516
9119, 93
12818, 57
9282, 82
148, 894
9366, 220
9234, 249
9452, 984
8111, 617
7445, 609
17226, 801
18737, 96
17987, 584
11083, 449
1160, 114
18862, 893
15304, 763
4434, 764
2204, 418
17026, 257
11130, 923
3896, 476
587, 933
15891, 460
18405, 979
18307, 476
3757, 184
2202, 599
12279, 741
2297, 934
1829, 837
3858, 316
6863, 952
14814, 739
15117, 774
1896, 969
4881, 943
16051, 225
5308, 622
14964, 28
12730, 991
4712, 335
7136, 901
1605, 791
965, 231
10960, 673
13122, 391
18382, 24
15376, 309
725, 182
845, 708
10692, 750
18203, 26
18129, 255
12129, 869
14578, 479
9499, 643
6943, 437
13094, 323
2785, 893
14033, 436
3653, 203
19505, 551
649, 355
15052, 185
3991, 144
11808, 960
11862, 142
16724, 151
503, 251
16479, 404
17367, 542
18131, 507
16173, 522
11448, 393
5481, 47
10111, 746
7675, 353
1557, 943
13578, 814
14928, 88
14815, 409
6290, 513
16913, 957
15000, 349
1245, 116
5947, 696
10950, 883
19997, 950
2595, 392
74, 241
14646, 951
19873, 860
2022, 235
6314, 141
6186, 808
17566, 101
13833, 101
8073, 215
13378, 197
816, 272
1523, 840
1065, 628
11614, 763
15991, 895
1704, 318
18254, 745
8725, 662
16947, 404
10489, 909
14738, 21
3154, 364
12992, 913
887, 199
17370, 346
2148, 318
15220, 812
13361, 276
10589, 540
5318, 354
13380, 713
7904, 555
18029, 154
4494, 984
18409, 27
11459, 429
11941, 590
1480, 384
1308, 967
5828, 529
10173, 967
7041, 626
14932, 130
3820, 554
4401, 578
11282, 876
5142, 51
9039, 534
17878, 450
10431, 795
16420, 962
5031, 986
16160, 339
7345, 782
5134, 970
6829, 429
14078, 18
12318, 586
19705, 346
11579, 647
11809, 256
12736, 578
11973, 390
13998, 325
12629, 637
7417, 574
17426, 437
12771, 945
10038, 340
5950, 528
11321, 629
17000, 2
15460, 410
1295, 965
13172, 768
5240, 717
7596, 409
7672, 268
621, 464
7180, 629
17535, 101
15023, 653
16956, 924
1985, 520
7903, 539
11538, 584
8438, 830
8301, 841
11922, 376
1882, 347
10899, 576
14658, 960
13825, 629
10757, 443
9881, 24
19813, 966
6242, 501
2738, 614
19594, 335
14075, 493
8829, 705
13416, 626
12290, 584
85, 487
15098, 304
3624, 592
14008, 179
8227, 205
10902, 741
10530, 68
9011, 732
4918, 194
4715, 57
19977, 812
17285, 541
8341, 469
17051, 667
17396, 292
9937, 383
13207, 889
11629, 356
18236, 296
5403, 191
15107, 970
914, 577
19175, 516
19478, 509
18470, 919
2917, 182
4629, 832
15580, 980
2790, 543
12912, 727
4707, 64
11228, 705
13076, 867
8378, 501
9989, 252
15314, 636
11708, 385
7228, 857
8269, 78
1992, 101
15270, 1
16903, 772
19971, 421
7219, 20
5671, 79
4038, 962
11647, 367
4981, 694
7533, 624
4604, 666
7357, 702
6813, 44
15921, 188
8520, 13
6255, 367
4172, 174
10923, 759
5962, 357
7589, 534
8630, 581
8352, 588
9106, 109
18863, 646
19126, 188
16738, 417
12132, 92
9917, 0
11908, 423
11333, 180
9979, 499
19386, 837
12457, 666
13708, 950
11255, 936
2016, 470
5464, 371
10156, 90
873, 598
834, 477
10890, 145
7121, 281
6880, 106
17083, 140
8596, 528
9532, 418
14726, 456
7314, 977
5629, 144
1193, 710
15563, 57
6266, 657
957, 362
1548, 407
16926, 227
2670, 170
18284, 402
19577, 542
10554, 529
13240, 466
13801, 40
11197, 2
19817, 286
8036, 827
505, 636
2342, 330
5812, 128
10655, 787
3660, 293
8348, 528
16678, 676
11911, 26
19874, 32
17840, 222
15486, 246
12965, 86
15746, 516
10541, 479
6824, 679
5556, 855
9930, 451
2392, 392
12535, 85
9656, 656
9819, 558
18090, 10
19587, 913
16742, 116
1716, 770
4370, 560
5320, 293
18321, 648
18410, 208
288, 822
9345, 559
15711, 265
7718, 71
5606, 85
1175, 169
620, 774
14011, 763
14937, 707
1769, 231
12674, 362
3511, 235
4951, 465
10606, 218
8486, 533
3502, 633
17639, 425
7835, 591
15609, 663
8213, 977
12039, 341
16824, 808
8239, 882
17911, 620
5132, 488
17544, 136
18538, 435
8384, 891
8338, 451
339, 433
9401, 587
10717, 187
1718, 96
12430, 326
17688, 47
18354, 206
10886, 83
9617, 707
1820, 673
3534, 974
19526, 701
5696, 964
10743, 302
15162, 274
10456, 417
5314, 985
11116, 103
3298, 982
6804, 920
12196, 33
1301, 796
16384, 983
6224, 956
13022, 417
18043, 730
14993, 219
4911, 425
18672, 857
2631, 546
18403, 684
11483, 316
18061, 764
17671, 225
14905, 191
5258, 840
14281, 526
1844, 69
10205, 329
567, 47
15075, 215
14556, 566
11778, 867
12069, 871
4954, 504
5857, 343
1177, 997
5967, 140
1868, 274
19514, 731
117, 150
6837, 59
4015, 44
4291, 856
11117, 845
8761, 820
9887, 141
7540, 968
15309, 97
15159, 163
12780, 643
13986, 343
33, 241
14570, 914
4754, 724
10894, 19
15635, 445
14599, 560
1203, 28
250, 905
10328, 376
4674, 627
2986, 675
12184, 106
19340, 394
1137, 69
1352, 946
18914, 980
11173, 684
18426, 619
9161, 646
10408, 720
241, 3
17378, 25
12045, 60
4701, 181
9508, 791
14138, 908
3458, 243
13921, 669
11549, 890
11804, 864
8323, 52
1488, 132
7956, 449
1356, 923
839, 992
11468, 60
6222, 923
10997, 578
13979, 370
1280, 598
16852, 394
12616, 386
6157, 159
426, 584
18469, 463
11359, 440
14006, 516
15812, 651
1934, 144
18759, 696
12554, 957
14221, 682
2976, 358
5160, 756
19257, 984
9992, 525
5662, 693
10823, 318
1654, 340
15937, 748
10310, 567
1669, 179
4657, 42
14263, 751
2890, 628
10367, 147
1534, 74
6664, 746
14202, 815
14924, 448
9017, 284
11632, 666
6797, 548
1429, 223
16328, 775
7867, 804
18906, 786
15906, 676
1966, 641
9217, 268
1830, 156
2473, 872
15972, 363
9963, 804
18861, 42
11137, 681
7820, 641
11528, 372
17239, 4
10428, 72
1205, 559
11145, 222
15038, 258
1018, 521
9876, 240
14043, 916
1709, 687
3471, 782
14432, 306
10217, 581
11007, 324
289, 275
5005, 433
15419, 567
10207, 381
17726, 16
7852, 456
10337, 937
17213, 233
5997, 701
6618, 203
8113, 947
12425, 23
19310, 831
16424, 584
8647, 641
15618, 634
12788, 314
13253, 1
18678, 948
4773, 94
17250, 845
4444, 849
8916, 685
17136, 902
12801, 118
18455, 732
16041, 879
9278, 384
15576, 942
4216, 55
10849, 643
18808, 401
13889, 658
3214, 147
14818, 232
4811, 286
16126, 975
889, 438
16482, 526
1981, 748
4258, 255
6336, 963
5518, 747
1705, 223
19882, 588
7768, 638
18057, 58
16378, 191
18994, 135
5437, 21
19820, 888
4530, 648
1626, 437
13442, 462
1505, 302
19464, 384
2639, 693
2583, 532
7083, 300
16574, 122
5673, 396
3002, 461
16428, 112
17623, 478
16063, 746
1793, 686
14269, 797
17876, 774
19189, 755
15590, 723
10563, 893
461, 694
7630, 42
5634, 400
1556, 728
12929, 83
1066, 138
2892, 369
14721, 26
11124, 256
13315, 171
16760, 530
1206, 566
14222, 995
18957, 41
5515, 212
14167, 345
2866, 607
5956, 726
19837, 797
8723, 846
5607, 418
13831, 778
16273, 281
14821, 483
8914, 204
8728, 713
1657, 507
4250, 134
17048, 995
14190, 878
11429, 406
17562, 461
340, 245
15133, 114
3705, 666
15219, 361
4143, 310
18631, 74
1476, 131
13314, 86
12802, 647
4394, 743
54, 818
16071, 825
3455, 846
7708, 298
3972, 948
4390, 925
2359, 220
3399, 780
2192, 140
13977, 590
9135, 906
5407, 637
17484, 48
12484, 84
7089, 773
12683, 492
18472, 469
13734, 532
16258, 688
6642, 782
15678, 148
3983, 27
11949, 525
1537, 485
1987, 574
3961, 387
3320, 934
8944, 378
14625, 365
10319, 622
15330, 134
8499, 658
19001, 369
11072, 187
14119, 497
19278, 710
4816, 610
4676, 458
10548, 89
2439, 115
11375, 636
18978, 875
12651, 801
16481, 181
1933, 588
960, 616
14161, 328
18412, 774
17694, 153
19402, 9
12516, 972
6932, 298
4784, 112
10993, 430
19143, 141
651, 458
1566, 135
8909, 691
8289, 418
17268, 951
5597, 815
3449, 856
17808, 766
3018, 283
1484, 807
15666, 174
12221, 624
11791, 907
15990, 909
19429, 470
5495, 827
19142, 341
14497, 968
13350, 453
16302, 761
18466, 273
4107, 293
121, 85
14441, 27
5224, 64
1122, 17
12971, 327
11405, 343
1763, 912
6587, 820
4179, 347
11178, 242
5616, 888
6233, 293
15009, 424
2167, 287
17744, 615
12422, 785
13298, 582
2100, 278
18685, 209
7877, 479
9163, 252
14178, 16
10145, 964
11817, 853
185, 324
8029, 58
2797, 766
161, 542
14242, 818
12294, 233
1320, 635
3571, 118
13178, 78
18476, 774
18587, 366
15458, 242
846, 655
12536, 885
1742, 970
8424, 561
19755, 826
19336, 667
1909, 123
11395, 655
19579, 681
411, 707
11136, 53
16174, 350
19341, 968
16704, 479
9430, 846
8865, 605
11997, 91
1538, 108
7508, 823
6839, 810
13973, 956
16412, 893
19360, 43
2573, 964
16633, 665
12585, 574
10581, 175
17645, 53
18609, 281
4215, 691
7320, 967
11557, 408
792, 163
9110, 590
7769, 798
15561, 456
1899, 222
240, 262
4854, 801
17109, 760
17762, 497
14283, 225
19019, 606
10967, 945
9847, 956
19177, 334
7647, 361
17162, 394
3354, 569
17107, 656
9897, 340
10556, 385
4304, 672
4358, 184
12225, 792
11332, 707
183, 163
10109, 992
7304, 192
19077, 915
7071, 486
361, 646
7941, 914
16301, 560
19866, 969
16876, 34
7519, 523
17764, 657
168, 468
19906, 892
16253, 315
3036, 608
8618, 645
9942, 973
5374, 266
10117, 239
5819, 391
3022, 881
1286, 211
3029, 458
12208, 36
4451, 58
7696, 769
19012, 543
12226, 558
5973, 5
15371, 447
17891, 502
10917, 159
14631, 335
12326, 111
8926, 818
499, 262
4249, 521
5047, 276
2833, 877
12563, 390
10464, 441
17846, 253
11564, 145
8426, 863
1139, 631
7024, 84
16660, 72
1016, 103
47, 726
16970, 683
10940, 529
16170, 896
2862, 578
8857, 79
17041, 340
17035, 49
13054, 95
11540, 482
10855, 753
2370, 67
19555, 708
13607, 673
11680, 687
7125, 501
14307, 42
2974, 541
5472, 648
2302, 80
5588, 680
19842, 678
16661, 1000
8329, 220
3116, 351
11681, 691
6658, 671
18989, 281
14334, 309
13931, 342
16841, 750
16287, 794
9719, 847
5648, 632
14418, 613
11490, 728
18518, 429
3377, 733
5853, 249
11961, 901
5059, 396
13395, 570
15177, 840
5413, 761
160, 592
1527, 952
12744, 60
7062, 976
9936, 930
10986, 217
4554, 914
13157, 190
5000, 232
17241, 970
18937, 499
9310, 458
5313, 218
2063, 725
5863, 341
16717, 906
830, 764
19362, 288
13391, 905
15373, 373
12149, 871
15550, 72
11654, 384
13670, 188
18288, 654
8077, 165
7286, 853
8811, 30
8019, 174
3246, 926
4751, 134
11587, 240
8763, 503
14050, 258
3198, 616
18246, 580
11869, 928
13289, 265
18087, 361
19808, 741
7872, 509
12298, 819
18413, 613
12239, 309
13297, 607
6366, 839
17866, 769
4772, 554
10377, 785
10041, 673
3718, 730
2527, 706
9385, 124
13037, 827
6913, 239
9875, 948
3593, 219
4810, 661
8922, 223
4774, 410
13305, 84
13610, 685
19937, 61
12115, 213
50, 974
4802, 119
8119, 13
19055, 782
6189, 346
7911, 732
17221, 831
14808, 658
14711, 113
18557, 388
15142, 775
19291, 451
5885, 671
16499, 232
6135, 395
1314, 89
8712, 177
829, 271
15686, 353
15647, 334
6379, 372
4957, 635
15467, 931
4640, 986
2138, 575
6921, 54
5699, 627
7746, 688
10329, 101
5328, 314
8461, 76
19863, 756
17043, 76
15278, 556
5798, 581
1590, 256
16181, 82
2854, 53
739, 462
17868, 239
4691, 605
11704, 862
1984, 556
10350, 768
17926, 469
4173, 966
15037, 959
4273, 476
7601, 755
10887, 880
9578, 832
13069, 63
6918, 966
8230, 630
1106, 248
9818, 651
4492, 181
4456, 144
17333, 261
11995, 454
19250, 311
16205, 467
7470, 468
10087, 459
17605, 841
6341, 613
4002, 104
1129, 618
7204, 206
5449, 56
216, 427
14689, 92
9484, 83
5693, 242
16693, 516
11761, 351
11724, 913
3041, 753
7111, 762
2293, 521
6524, 550
12915, 319
9523, 887
1612, 115
6508, 841
13802, 333
3375, 13
3668, 337
976, 249
895, 547
17022, 992
14300, 566
17804, 185
4244, 921
1098, 288
16655, 813
4793, 568
13508, 151
5076, 243
1254, 486
13818, 579
4260, 224
3948, 992
19080, 191
14643, 602
15423, 230
17230, 353
8711, 497
12171, 500
1807, 435
12258, 142
3287, 337
5854, 345
16713, 168
12973, 174
5372, 444
16370, 372
5448, 453
17118, 142
841, 807
9894, 939
18598, 903
14027, 612
12985, 25
2661, 306
16283, 109
15745, 422
3381, 616
1361, 516
3740, 996
15753, 913
14130, 153
18628, 500
11144, 694
15677, 927
797, 820
7476, 960
10515, 875
2317, 959
10624, 240
6805, 900
6110, 40
15966, 529
11709, 675
4964, 667
7008, 557
17941, 810
4534, 214
7729, 991
15597, 293
8925, 317
17964, 131
18973, 689
14995, 609
7823, 114
6992, 103
10983, 371
7885, 122
15277, 50
18550, 507
2124, 218
16935, 789
15383, 898
12432, 388
686, 855
17088, 730
18435, 359
13722, 103
10601, 971
7677, 451
18641, 158
16884, 28
11304, 369
19166, 983
19492, 856
9988, 326
19259, 524
648, 109
4198, 42
19365, 59
14784, 770
11443, 341
1498, 52
1421, 752
19685, 155
16187, 85
3545, 154
13006, 748
8705, 459
9785, 703
948, 919
188, 965
14146, 691
3189, 667
4049, 445
5347, 427
6328, 377
3861, 515
10330, 186
13650, 269
17134, 663
12296, 260
14800, 708
19769, 572
8268, 12
13753, 807
18338, 149
16999, 188
16255, 940
14391, 3
13683, 587
10982, 290
7214, 636
15140, 212
8889, 424
12556, 419
18984, 538
19231, 777
18169, 322
3281, 110
15302, 763
10579, 721
18549, 807
9858, 303
17655, 431
14330, 317
15445, 469
16806, 450
14356, 448
7816, 625
5500, 870
8480, 855
5408, 79
17867, 154
3715, 26
18183, 262
6832, 110
10502, 237
5980, 737
10706, 732
17905, 889
8155, 910
9514, 821
12510, 957
13329, 423
10269, 440
7168, 10
4127, 721
18370, 456
18124, 414
10275, 137
10284, 348
1776, 60
17276, 969
1836, 321
13809, 150
16132, 687
10270, 186
19432, 813
9138, 107
2778, 297
12434, 289
12898, 431
9270, 500
6417, 745
8267, 743
8219, 469
14941, 694
547, 733
13845, 601
11897, 978
1599, 269
14966, 152
3968, 314
11438, 790
12227, 842
10368, 21
7355, 215
4234, 752
8777, 352
3938, 74
12015, 751
19850, 313
702, 27
13758, 775
19957, 359
11969, 103
13400, 502
15870, 449
19641, 480
18052, 516
9041, 259
12887, 799
4170, 127
17594, 196
17849, 688
19979, 930
4193, 660
7547, 583
13579, 466
11790, 391
7673, 669
12921, 322
2701, 479
19796, 670
3015, 405
10416, 263
19737, 878
11482, 495
8282, 323
15957, 885
18317, 314
11237, 772
2579, 299
14007, 704
14581, 716
7735, 707
18239, 467
16917, 624
11257, 190
12997, 194
12942, 220
13436, 756
371, 234
14384, 677
2407, 151
11822, 519
15663, 472
8506, 390
596, 296
19940, 849
11367, 588
18843, 914
19674, 340
11038, 730
13293, 556
17059, 453
13555, 981
1741, 148
9273, 998
19171, 228
7539, 0
5654, 413
18818, 981
1745, 941
10064, 331
12461, 621
12058, 661
12542, 510
18305, 45
12559, 385
9495, 96
7908, 144
4593, 392
5052, 435
18116, 569
4607, 240
7109, 26
8807, 851
206, 748
16399, 626
18913, 597
18189, 882
925, 540
19911, 511
8231, 171
14187, 985
15121, 859
11720, 202
11575, 537
3864, 283
15961, 606
19665, 514
19414, 874
10752, 173
15284, 501
2599, 193
5509, 199
6995, 574
18956, 579
7535, 952
3614, 185
5503, 189
4740, 466
18253, 271
15054, 64
7217, 121
17288, 742
5010, 974
7400, 340
13702, 674
16912, 246
9525, 887
13, 1000
12757, 553
15367, 807
17969, 773
11435, 840
7401, 965
16458, 788
5757, 156
18366, 654
18496, 968
1780, 785
3138, 232
17304, 694
7245, 828
17259, 192
19331, 415
7968, 219
6062, 207
4573, 924
12080, 914
4404, 687
16845, 197
17009, 388
9462, 25
11115, 533
5892, 50
10045, 703
9403, 681
17437, 804
19311, 771
18809, 276
12888, 904
11380, 493
12815, 77
17405, 282
9143, 138
8465, 212
10892, 789
1318, 321
10458, 980
14035, 141
341, 636
2137, 352
10807, 377
8547, 133
6004, 541
10188, 884
6385, 183
14184, 526
9694, 892
7558, 90
12335, 658
805, 949
3008, 543
17984, 523
15094, 609
903, 648
13179, 652
4389, 404
819, 75
16829, 256
8779, 488
10525, 249
13673, 154
17920, 826
8859, 187
11374, 598
13739, 691
4157, 280
18080, 667
5836, 805
11424, 144
4599, 357
17238, 715
16398, 334
8681, 852
19062, 257
301, 575
18192, 774
11846, 878
7003, 481
7791, 134
12855, 152
12681, 560
1949, 555
13556, 719
3661, 106
6376, 231
5724, 752
8890, 22
13051, 678
2435, 456
15387, 250
8707, 734
3958, 417
6468, 131
16832, 770
10440, 959
16606, 327
2999, 572
16461, 690
18130, 109
13997, 159
522, 337
19475, 422
11466, 972
14252, 696
7984, 879
292, 781
615, 222
11053, 164
17154, 569
14317, 0
5958, 169
2362, 448
8245, 848
6697, 215
7728, 517
7011, 478
9371, 57
3135, 3
6147, 455
12051, 890
2408, 235
4786, 404
18828, 452
8879, 73
15007, 276
14353, 384
2882, 457
1937, 780
9750, 623
5915, 212
2600, 923
10644, 613
15468, 731
698, 478
12214, 959
8845, 406
6801, 63
3884, 816
15134, 341
17515, 405
18738, 868
8431, 22
9766, 100
18627, 258
2627, 393
13660, 293
17187, 762
19749, 817
18211, 266
14776, 792
9081, 910
204, 818
19075, 473
535, 316
258, 412
9040, 148
10549, 310
14781, 956
10605, 416
15233, 207
10946, 744
2548, 805
5710, 480
6364, 29
2412, 241
3359, 690
19535, 306
4924, 847
5363, 652
16839, 595
3844, 351
11446, 211
15752, 75
13515, 772
17055, 759
11436, 70
4555, 915
498, 810
13120, 106
15228, 876
9301, 516
14506, 58
9908, 275
3007, 238
19619, 75
9173, 918
5274, 421
6862, 882
4677, 171
4663, 119
2135, 233
6386, 334
10578, 949
12691, 816
12642, 187
14312, 318
7982, 800
16733, 509
8360, 901
14061, 132
11978, 478
5736, 803
15930, 972
9943, 609
15649, 767
18583, 438
14796, 640
9062, 314
9267, 251
13432, 439
7800, 503
460, 983
4892, 742
9633, 768
11379, 373
11679, 874
293, 802
15027, 323
71, 848
14284, 615
13735, 545
14837, 208
11378, 503
6260, 824
13490, 159
12010, 454
8821, 541
4728, 755
15496, 553
14944, 411
2764, 27
7411, 854
6061, 490
2386, 250
1419, 956
7552, 729
5271, 266
4600, 559
9477, 171
7222, 421
15832, 353
1640, 719
13727, 203
5832, 834
8806, 834
9487, 376
318, 957
3080, 384
12518, 583
543, 37
19607, 357
15255, 264
2041, 863
17388, 374
17132, 222
12361, 78
16317, 887
28, 377
11965, 546
15549, 660
13393, 663
13836, 366
16918, 640
18715, 274
8991, 279
8883, 609
366, 886
5650, 538
10142, 851
16409, 900
10801, 712
2796, 497
8420, 815
6235, 370
16193, 20
1437, 435
14140, 693
16685, 895
8855, 973
17954, 435
4705, 144
14319, 222
6274, 447
16907, 323
4648, 571
12948, 791
13781, 111
13894, 708
2824, 16
14657, 370
857, 827
5706, 991
13718, 505
1968, 160
18964, 151
16963, 663
5795, 555
14436, 263
17761, 906
6156, 581
3429, 603
10836, 777
9984, 552
19935, 387
15349, 818
16219, 504
5002, 803
7443, 632
8259, 702
10097, 356
8326, 506
7715, 366
8303, 381
2782, 164
18744, 381
7817, 386
17473, 65
6793, 389
10468, 765
10327, 260
5585, 553
7064, 607
12302, 985
7002, 10
18462, 470
7264, 808
13110, 113
193, 227
15568, 343
19272, 195
12587, 931
6700, 976
8232, 28
6483, 738
18785, 382
6617, 614
10239, 187
8405, 623
2677, 963
12299, 374
5063, 729
19104, 286
16775, 368
18077, 989
9619, 41
2183, 334
9340, 518
19827, 888
11572, 757
3027, 124
6772, 764
16641, 495
5936, 614
8344, 919
16164, 977
19091, 559
19992, 430
10943, 141
1387, 66
4743, 383
804, 847
12733, 309
864, 701
13367, 474
12940, 913
180, 882
3383, 619
17170, 699
17643, 69
9132, 151
8956, 739
1251, 919
9166, 915
16274, 293
2139, 769
17466, 588
3056, 723
12386, 800
19197, 719
2305, 837
16388, 66
9218, 241
17931, 95
19787, 433
9712, 432
14874, 790
6, 59
7658, 844
18032, 4
15826, 221
16924, 421
5203, 752
6912, 853
11600, 159
785, 789
12285, 606
14066, 48
14010, 858
7494, 81
2608, 841
706, 48
19401, 105
7376, 406
10176, 895
13422, 621
18815, 951
3959, 118
19343, 654
9239, 932
9459, 344
11018, 203
8129, 80
5236, 103
11460, 738
17944, 145
18293, 983
11042, 354
7974, 97
11245, 525
3950, 117
19248, 559
6203, 927
5371, 52
2398, 429
13039, 793
15345, 432
844, 4
10449, 273
2287, 185
9112, 284
10133, 783
14970, 242
14702, 499
4464, 957
10709, 535
3143, 973
18151, 691
9300, 118
4789, 488
7101, 354
4511, 495
3689, 81
4379, 225
12882, 44
3915, 786
16038, 906
15035, 291
14077, 579
3311, 374
5865, 108
17502, 490
9255, 266
11927, 945
1897, 628
4227, 499
19744, 980
8976, 418
5333, 729
10017, 779
11182, 684
17740, 819
14893, 592
18273, 138
6674, 251
15196, 972
239, 561
10618, 528
1580, 931
18149, 980
18365, 208
12092, 149
15042, 122
7059, 884
8743, 574
16952, 73
5676, 517
10501, 716
11879, 789
8660, 781
467, 71
11865, 538
15740, 8
14825, 375
18031, 221
3773, 491
6334, 986
16430, 232
5593, 646
6382, 657
6567, 43
10678, 50
5147, 683
7375, 720
46, 708
15825, 24
15081, 746
14042, 866
3218, 171
656, 554
12521, 912
12204, 89
9678, 392
14998, 773
1078, 334
19078, 421
9645, 247
16728, 863
8523, 335
15381, 776
10924, 725
14180, 588
7700, 780
359, 598
2249, 111
18608, 629
3266, 282
12174, 808
9352, 417
2848, 917
1179, 673
6929, 754
14355, 762
1428, 850
4065, 892
18340, 616
19855, 374
11412, 720
19956, 284
19446, 431
5487, 161
4662, 877
10129, 843
19059, 575
7666, 333
7201, 756
7832, 42
18445, 71
17468, 975
7133, 8
19183, 704
16526, 329
5283, 805
6790, 825
4603, 763
5902, 95
1360, 649
8100, 798
6590, 58
13058, 456
14741, 627
17312, 152
8221, 715
478, 601
1079, 924
16888, 238
6769, 304
3168, 242
14628, 299
9802, 962
9482, 99
17189, 297
11803, 356
18865, 792
18168, 281
10701, 534
19044, 249
13612, 365
4692, 302
17483, 386
3768, 963
8331, 487
585, 137
8372, 221
6845, 409
5433, 61
19550, 754
4035, 484
14744, 245
1402, 930
761, 1000
14266, 8
1008, 344
13756, 406
6721, 960
8159, 204
13323, 223
14311, 581
17093, 751
5183, 820
10623, 6
17653, 155
1872, 220
13884, 472
7342, 178
6265, 895
13975, 831
11991, 281
6321, 645
17591, 597
9813, 372
14895, 298
6199, 602
10053, 578
4200, 520
13263, 312
3771, 944
13128, 801
5184, 488
13034, 63
18387, 649
2667, 431
6822, 656
2679, 788
2993, 54
8853, 669
399, 477
2308, 419
8740, 748
2376, 67
9502, 372
14788, 580
1081, 44
16747, 371
19472, 294
13284, 816
17957, 234
17171, 345
9945, 197
3400, 879
17299, 517
14165, 111
9098, 191
15971, 382
767, 202
5426, 589
10779, 778
100, 676
6788, 567
3492, 947
5454, 849
1324, 252
355, 795
13243, 479
8902, 155
18488, 595
8067, 798
7778, 536
18304, 604
5225, 482
532, 973
14272, 924
9758, 678
631, 973
8015, 188
1325, 876
4770, 500
11353, 568
5581, 255
4497, 129
19859, 194
10913, 606
17200, 151
18934, 499
15907, 965
3053, 533
10929, 671
14595, 926
16316, 208
6778, 401
3664, 731
8094, 129
15114, 250
12816, 845
17024, 743
6100, 76
19634, 200
9739, 982
5410, 105
6884, 329
5070, 616
18440, 480
8211, 30
13574, 937
14872, 222
9905, 193
1740, 562
4253, 867
4989, 691
10195, 815
8398, 630
5731, 739
15285, 206
4658, 283
12073, 859
18606, 17
1393, 41
7549, 27
11762, 366
12946, 24
19576, 684
15312, 323
7856, 643
19101, 850
18035, 517
10723, 752
10577, 207
1370, 997
15949, 859
12676, 981
18959, 63
9752, 508
17985, 1000
920, 671
11561, 974
11984, 929
8597, 193
15904, 187
108, 988
9263, 209
8296, 194
19312, 292
9774, 400
9068, 758
502, 930
11698, 686
14416, 968
11773, 856
17295, 306
7465, 50
4372, 238
506, 622
9168, 914
7427, 230
9688, 328
11056, 334
13710, 477
13598, 1
6170, 294
5794, 106
1942, 247
17225, 371
1816, 986
3564, 255
898, 974
2152, 842
2766, 979
5849, 79
9910, 88
13796, 912
1867, 368
1770, 698
19774, 544
17863, 53
5786, 265
15093, 70
13608, 691
19368, 335
1099, 571
17363, 663
3794, 522
7290, 843
14731, 693
4276, 753
2786, 446
9331, 186
5272, 510
16206, 212
7772, 105
17763, 733
8570, 766
3342, 305
6143, 113
1442, 683
10184, 1
11631, 156
13153, 909
15867, 481
14293, 349
350, 810
15048, 980
7321, 273
6558, 573
1666, 323
13291, 746
5765, 325
3655, 785
1267, 858
3720, 600
4732, 765
7802, 308
15002, 491
14906, 987
3453, 553
10761, 256
1607, 546
14134, 142
13958, 5
14775, 259
15859, 572
12841, 173
16662, 203
10523, 38
11082, 56
19650, 720
10632, 924
1213, 0
7631, 729
5023, 967
15994, 401
8908, 840
15408, 896
15517, 43
9015, 458
19699, 816
18421, 744
14536, 480
1584, 922
3831, 967
11768, 601
9840, 664
11883, 726
4028, 318
12823, 322
12305, 672
8735, 919
4104, 848
614, 634
8882, 229
3804, 981
4031, 612
17948, 904
5827, 332
15465, 46
5878, 920
19994, 123
10442, 760
5983, 116
16721, 161
15883, 684
16354, 726
3636, 790
4722, 64
11269, 148
730, 558
6696, 607
15063, 276
11812, 547
4053, 432
2898, 771
7610, 416
149, 342
5981, 670
16668, 982
14629, 287
6106, 67
4352, 757
11530, 582
8250, 42
14241, 4
14131, 244
1240, 625
5501, 685
10990, 895
14175, 238
7347, 749
17606, 605
10493, 830
14875, 174
17073, 501
1255, 887
15980, 135
19804, 704
2819, 688
5740, 292
17289, 149
14553, 584
19086, 398
1597, 685
18010, 252
325, 225
4991, 180
679, 190
9986, 426
10627, 775
12228, 777
2211, 662
15772, 573
4320, 159
4834, 774
7486, 805
4668, 154
6695, 358
18515, 727
5951, 558
10255, 632
2144, 16
2867, 174
9090, 215
2336, 803
13139, 539
14185, 329
18400, 402
12350, 658
7302, 685
16989, 780
15004, 714
11183, 100
969, 80
13525, 466
16152, 267
15564, 311
18892, 959
17488, 573
9915, 202
1381, 23
2068, 972
5546, 841
7292, 648
16135, 878
1758, 472
6785, 102
12474, 286
13976, 670
17947, 257
18877, 560
7258, 130
16415, 929
5575, 734
5649, 40
16418, 728
17381, 698
10764, 268
17126, 334
7554, 687
14930, 493
6009, 866
3953, 600
18640, 380
1479, 974
6038, 48
2351, 191
17996, 65
4187, 104
9830, 670
14899, 220
18593, 291
5969, 808
794, 302
10596, 914
6997, 2
4830, 424
11361, 24
2023, 29
13738, 230
5006, 173
13716, 526
5330, 877
10147, 57
16033, 0
1202, 402
8580, 705
4010, 571
12070, 533
15979, 822
3350, 735
16059, 9
17172, 812
1864, 444
1157, 797
8451, 526
14783, 40
12573, 597
4832, 231
392, 614
6666, 945
4153, 869
1860, 40
6223, 416
17980, 78
10165, 438
5430, 954
19632, 240
10265, 849
11919, 353
18585, 658
6348, 305
6848, 584
7151, 794
421, 180
19149, 19
13521, 993
19659, 767
10302, 643
658, 36
4255, 563
1813, 557
1700, 758
19972, 133
195, 188
1885, 30
7521, 400
13537, 513
17, 870
19082, 405
2062, 196
4281, 737
10921, 547
5045, 539
11857, 536
1436, 462
2826, 108
12803, 629
1425, 459
720, 901
19405, 720
19461, 937
3040, 676
14029, 97
12961, 385
19736, 794
4474, 453
4785, 453
14471, 717
4952, 45
9961, 650
16494, 802
14308, 402
2158, 612
8419, 115
12782, 108
5194, 185
15529, 501
4269, 820
3101, 359
1598, 123
5944, 260
6594, 443
18157, 14
380, 615
1274, 604
15412, 383
5858, 700
17673, 55
11011, 431
10272, 355
8962, 809
14621, 537
12411, 254
3602, 683
17821, 54
7421, 889
12046, 98
8427, 220
19609, 349
3504, 712
9851, 397
17338, 960
11252, 999
1035, 696
18897, 228
3648, 1
15793, 271
8244, 503
1333, 144
17092, 783
7765, 737
19920, 970
3065, 256
5782, 342
12891, 52
695, 725
5562, 459
10009, 49
11315, 793
17331, 586
8283, 771
3758, 369
2182, 285
18666, 467
8462, 199
3656, 598
15153, 808
17080, 176
2961, 855
4300, 168
19048, 721
15143, 650
10843, 190
9630, 596
1037, 353
16791, 392
2808, 488
6381, 621
5439, 983
13700, 773
4755, 250
1535, 928
15429, 443
8977, 932
5013, 857
7140, 481
17112, 6
14608, 649
2295, 972
8208, 175
12709, 325
9549, 662
12336, 147
8698, 920
16401, 938
9313, 606
19847, 398
12068, 984
6007, 851
3583, 156
10137, 314
8635, 51
9745, 73
2353, 139
9229, 262
17470, 289
19366, 247
6637, 0
7594, 309
19052, 664
17610, 834
139, 558
7464, 787
7267, 745
2277, 197
15495, 303
16315, 834
5780, 724
9547, 528
16879, 356
13527, 951
8214, 253
9654, 742
158, 75
13104, 373
17847, 701
4116, 925
1069, 247
7811, 216
123, 520
18216, 863
8307, 507
2938, 35
15860, 47
5435, 938
1529, 243
13457, 659
9842, 292
5746, 246
18059, 592
13460, 453
7481, 564
15258, 758
16905, 881
15480, 455
15905, 100
15758, 107
4080, 678
11364, 802
591, 623
16272, 289
15092, 480
3878, 412
5779, 626
11043, 936
6975, 180
8512, 155
14949, 889
1567, 635
14749, 613
7285, 167
7866, 263
16311, 383
8985, 530
3704, 685
13978, 407
17148, 924
2728, 166
19853, 630
12155, 299
3438, 778
5948, 10
548, 251
8785, 976
7394, 393
13444, 636
9568, 903
16270, 449
6843, 939
19578, 474
5909, 211
17706, 537
17772, 517
18033, 852
10469, 108
12717, 276
13374, 663
9868, 100
9060, 718
18770, 144
3484, 11
4857, 65
3052, 27
7250, 593
7106, 135
18111, 500
13573, 764
13620, 539
10720, 343
12851, 100
2410, 164
15637, 324
16565, 926
2060, 191
17986, 879
13453, 829
8413, 190
17306, 710
5227, 244
19604, 153
15594, 109
1406, 414
13595, 353
40, 777
18803, 195
16899, 436
4844, 470
14320, 308
6145, 68
3133, 788
11639, 182
8122, 137
17703, 751
13647, 220
3633, 254
9230, 61
13441, 235
15717, 50
1261, 352
17461, 658
11831, 588
7336, 846
6834, 928
15136, 289
5291, 693
3944, 101
18314, 345
8875, 270
13324, 890
1399, 123
4733, 806
16221, 426
383, 637
394, 513
17834, 623
5685, 402
9904, 801
5085, 929
3882, 926
17357, 407
10499, 484
8959, 23
5116, 186
17995, 22
14442, 843
19477, 33
6728, 302
6762, 542
13799, 658
13470, 114
14463, 365
8654, 931
14245, 280
14900, 193
8804, 57
11371, 440
14764, 207
18166, 540
16447, 504
11428, 462
17584, 196
18602, 359
5688, 380
7449, 595
19451, 516
6333, 354
10500, 458
8541, 955
3695, 629
199, 685
16967, 584
18847, 167
11105, 366
384, 827
2377, 531
6792, 701
16010, 30
17965, 720
15900, 42
5624, 816
16585, 830
6746, 392
9344, 296
4539, 538
10135, 328
1574, 69
1767, 160
7334, 928
11470, 990
10115, 73
6388, 515
19469, 780
16452, 897
2027, 302
12606, 707
14502, 837
16875, 72
8642, 552
16570, 668
4905, 988
4461, 467
7279, 997
14406, 290
6495, 771
14342, 826
2610, 576
6541, 59
5508, 291
14047, 82
6451, 628
3553, 343
5306, 252
19348, 301
11241, 207
14919, 269
1389, 143
7758, 194
4501, 126
6816, 53
17949, 491
3095, 743
17530, 94
14878, 171
9247, 879
1619, 534
18761, 767
19611, 258
13570, 976
3055, 819
3403, 815
140, 635
3302, 536
2130, 657
11770, 554
17143, 564
13205, 778
1391, 100
9490, 681
3091, 192
3523, 188
13371, 320
19387, 569
9613, 754
17340, 597
14751, 751
5742, 860
13714, 925
11101, 419
1435, 569
2104, 890
7471, 492
8951, 513
6070, 298
7686, 298
10079, 314
11457, 366
9519, 147
310, 28
9821, 184
7437, 947
17429, 656
10854, 356
1687, 317
9769, 385
12838, 296
11489, 38
1105, 930
19392, 864
15544, 615
19625, 383
13562, 719
11205, 743
561, 292
3442, 224
632, 557
15047, 713
11894, 305
12904, 3
9798, 536
8800, 993
4105, 694
645, 608
4051, 972
16973, 962
952, 876
11599, 941
16348, 886
6653, 862
13584, 326
18069, 30
18661, 374
18188, 538
16124, 878
6316, 481
14114, 38
1609, 63
11253, 243
11960, 740
16582, 851
7463, 348
3789, 915
12148, 692
1525, 735
11097, 843
4684, 102
8098, 531
16389, 243
9257, 577
12096, 952
7257, 332
19624, 216
8251, 34
756, 571
19941, 933
4169, 190
15940, 448
19089, 87
12739, 578
3389, 403
12488, 732
2081, 685
14923, 114
4457, 921
6063, 651
2090, 431
18951, 794
2516, 171
41, 320
9878, 643
7917, 670
6768, 733
5551, 606
16280, 206
16687, 442
11399, 444
9669, 597
4499, 608
3170, 299
7913, 245
10166, 545
18755, 333
9801, 361
6272, 388
9238, 665
18429, 488
237, 977
2094, 793
16069, 702
19593, 995
9859, 63
10199, 753
11336, 89
11736, 595
17099, 87
7819, 124
11989, 98
7209, 656
2070, 934
16085, 453
1415, 180
14166, 927
1130, 777
4897, 986
18275, 187
18452, 81
3172, 772
18615, 356
5665, 330
11529, 488
18144, 797
12359, 732
6123, 826
59, 486
8971, 380
4208, 313
2622, 754
17254, 758
7767, 252
6098, 156
4277, 298
12820, 253
11151, 550
19260, 601
10907, 2
19532, 980
16084, 417
2903, 758
14457, 10
17593, 811
876, 631
13568, 199
8007, 621
17125, 20
12116, 669
4731, 693
15508, 492
2805, 57
15586, 380
16352, 353
3327, 647
10844, 119
12063, 698
1633, 78
3816, 268
12162, 362
57, 504
13536, 357
3787, 183
5555, 185
17555, 469
16186, 867
12742, 195
17131, 177
4124, 283
10396, 513
13166, 815
4376, 992
2789, 507
14583, 270
11206, 900
16731, 14
13723, 121
8418, 297
19169, 899
4985, 140
16761, 891
7487, 411
15520, 770
3640, 773
4610, 734
12885, 153
7957, 630
44, 961
18600, 396
15090, 338
4895, 781
10200, 306
5140, 412
14247, 460
7710, 314
12970, 392
17520, 268
10659, 186
16703, 464
13342, 999
8109, 750
10465, 832
1618, 617
11369, 602
13286, 218
5131, 378
10286, 657
7221, 573
1499, 1000
15624, 738
1262, 484
10213, 785
8590, 650
12593, 168
9537, 915
12081, 258
15472, 661
11703, 255
212, 849
1315, 962
9929, 692
10273, 830
4191, 974
12021, 790
4214, 554
18248, 401
2676, 996
17110, 494
19902, 425
8176, 379
13882, 558
12607, 341
19854, 56
13538, 271
11349, 982
7842, 274
11721, 285
2987, 207
16922, 23
381, 180
4278, 362
17930, 354
12537, 863
16538, 216
13583, 617
8533, 935
7997, 670
462, 466
18870, 20
9271, 58
4088, 616
8380, 630
14176, 784
13945, 285
9423, 248
17242, 467
4903, 205
16305, 800
5709, 83
9701, 896
1041, 975
18286, 916
3806, 512
249, 218
10343, 816
4314, 119
980, 702
2136, 759
16540, 904
16353, 623
19185, 120
15797, 658
201, 400
3394, 21
9002, 1
4097, 716
579, 862
14717, 151
7818, 631
1846, 2
14019, 443
13285, 269
2810, 258
10029, 962
13793, 597
3580, 435
1077, 179
7333, 385
6996, 207
1856, 847
12230, 656
1183, 23
3028, 818
3838, 944
15789, 9
5643, 300
15389, 469
15800, 33
11885, 844
2985, 831
4438, 463
12880, 431
5383, 182
13033, 484
19931, 603
10462, 514
19479, 614
13941, 324
6873, 916
15139, 732
5846, 567
7891, 599
14105, 915
16542, 169
11506, 322
13994, 243
5800, 989
15849, 690
7921, 664
18073, 451
17689, 697
1689, 576
10784, 799
3032, 797
14379, 321
18266, 612
2698, 845
6928, 912
8866, 19
10650, 183
13518, 223
14470, 286
1508, 492
8351, 911
6057, 561
6105, 318
16850, 495
16331, 651
12280, 634
18251, 901
1045, 182
1916, 531
15830, 299
11934, 909
5882, 191
3741, 409
2099, 97
14911, 518
2176, 686
18784, 932
15727, 242
7855, 756
14280, 849
19533, 857
13767, 83
12761, 954
10359, 986
17874, 11
2173, 664
17988, 237
16476, 505
10496, 641
5753, 609
9631, 682
3205, 506
10075, 73
9600, 457
18999, 683
1847, 427
15044, 90
18230, 268
8114, 797
19411, 321
2035, 876
5445, 299
8491, 444
10091, 858
17892, 949
7609, 360
4490, 382
329, 672
19334, 511
9435, 835
3289, 783
6962, 399
12065, 401
8166, 827
11752, 989
15743, 302
17682, 440
19529, 760
15673, 913
19745, 528
18420, 785
14451, 781
4761, 125
14886, 632
9792, 348
2576, 245
5436, 492
7830, 521
13959, 595
11980, 209
997, 121
4056, 126
13487, 35
5670, 149
6969, 640
12713, 533
4344, 587
19007, 895
16735, 192
5239, 67
4965, 725
11544, 682
3296, 669
6126, 175
10398, 757
15008, 831
12104, 421
18308, 901
19223, 933
16908, 6
14186, 435
12738, 988
17208, 97
4386, 265
8466, 217
12255, 248
2650, 161
7640, 91
1080, 844
6034, 254
7754, 236
135, 366
3475, 538
8950, 59
9100, 278
8087, 812
15619, 114
5511, 663
3886, 227
1282, 235
494, 59
13226, 658
6160, 603
19274, 198
485, 944
3870, 513
12665, 314
13396, 641
6625, 528
337, 604
18659, 934
32, 927
6158, 486
18038, 347
16666, 374
18801, 338
13351, 848
16878, 343
6621, 882
18255, 334
19193, 961
7063, 875
7496, 191
6720, 189
4263, 731
6683, 43
14951, 552
5386, 100
58, 81
4186, 464
16543, 819
17431, 132
12288, 384
8549, 955
2141, 382
316, 854
10044, 260
3407, 573
8569, 506
17335, 818
4419, 608
2329, 167
2059, 157
11247, 889
12562, 607
17380, 370
4032, 511
13262, 757
13031, 192
15235, 893
6736, 823
1915, 164
17096, 723
18185, 929
7070, 473
11146, 553
14421, 144
251, 666
16823, 276
13184, 944
8102, 411
153, 243
5811, 941
4744, 86
15910, 120
13265, 607
3962, 980
12176, 558
19856, 724
14950, 552
14668, 664
5884, 138
719, 778
12182, 13
3103, 727
5683, 644
14518, 997
9674, 381
6914, 980
13017, 761
2447, 923
7396, 10
11499, 561
946, 622
11453, 399
11556, 56
15828, 672
15147, 401
18442, 244
3819, 711
7474, 75
13434, 649
8673, 159
2454, 345
19290, 485
433, 341
9365, 921
19349, 723
9220, 45
3939, 11
12513, 299
3745, 738
13368, 900
15396, 127
9521, 385
17078, 494
8666, 34
6543, 792
19711, 773
4713, 4
4852, 355
5674, 602
12843, 996
17416, 7
4471, 822
17399, 126
17798, 651
8942, 401
13132, 217
11732, 103
3158, 521
10737, 100
15617, 781
13944, 374
12998, 978
5266, 676
14997, 448
13565, 155
779, 783
13306, 77
3309, 703
9861, 353
3270, 341
4827, 188
15293, 959
12320, 792
16524, 60
1118, 157
19460, 618
574, 314
14999, 178
8117, 428
6367, 52
9192, 14
19271, 658
7931, 388
14830, 596
1630, 477
17680, 322
935, 199
18880, 375
840, 305
4212, 16
13551, 480
13694, 963
3450, 185
2773, 966
7174, 438
1685, 132
10201, 740
16819, 199
1140, 112
14777, 16
2697, 778
14090, 391
12037, 790
12498, 896
7379, 149
9377, 463
18384, 219
2248, 280
12821, 569
9711, 377
403, 610
19410, 531
4100, 479
2904, 913
956, 324
17614, 552
14169, 588
18798, 120
15440, 723
14975, 254
8207, 399
9893, 265
6688, 162
13601, 601
1403, 206
19852, 86
1246, 137
4563, 684
1150, 582
2511, 688
9283, 466
12603, 788
2024, 653
19629, 850
9047, 728
17434, 340
1269, 703
12617, 270
1808, 89
4853, 240
7634, 767
8611, 660
6900, 599
13589, 619
16472, 961
13056, 523
7626, 389
11558, 565
10772, 222
7170, 407
11939, 69
4482, 534
1097, 996
17104, 561
4572, 127
9975, 206
1737, 469
2444, 222
17163, 841
9067, 614
1001, 387
18268, 784
5004, 971
11033, 230
15099, 404
14386, 304
17102, 956
6281, 290
10042, 701
6074, 184
5404, 580
5510, 980
2189, 968
14046, 972
1449, 745
3521, 984
2006, 906
227, 68
9063, 147
18494, 511
315, 260
18962, 463
6022, 107
5600, 1
17436, 981
13535, 281
13010, 549
892, 440
14110, 120
19689, 380
16535, 912
2841, 744
19781, 872
14851, 51
15474, 597
1893, 559
9021, 630
7066, 466
2910, 50
5335, 53
10866, 875
12284, 932
14504, 965
13643, 128
6347, 140
14828, 912
13466, 693
12328, 867
13732, 302
8395, 356
17836, 33
1531, 679
17705, 225
19329, 961
9509, 799
18547, 751
17450, 931
1967, 763
16282, 268
16362, 697
9718, 157
9590, 753
12186, 546
6301, 737
1367, 236
2296, 73
11781, 38
8406, 460
13187, 249
6820, 439
9109, 91
7490, 777
14682, 968
18301, 259
8363, 916
10689, 583
9892, 575
15046, 737
15331, 656
8170, 349
3386, 562
8144, 483
11880, 945
16794, 829
3813, 491
9182, 434
8000, 872
618, 981
12661, 963
19618, 901
8599, 57
11464, 579
7331, 691
15897, 130
7119, 971
1062, 828
6566, 899
13328, 722
2037, 395
14291, 769
1786, 90
9797, 982
5074, 991
9977, 977
15919, 675
9835, 941
639, 570
1003, 181
518, 734
170, 829
16098, 614
4955, 87
14984, 902
6409, 832
11172, 441
3642, 723
1042, 280
9225, 602
8003, 888
2909, 729
7544, 676
11109, 343
18207, 150
16146, 160
13779, 743
9919, 16
2301, 448
17011, 621
4781, 82
5112, 628
16295, 427
13030, 112
2054, 831
17714, 771
17839, 423
8582, 947
347, 236
12447, 31
9184, 199
17569, 969
1485, 137
11977, 223
16347, 904
5008, 103
9406, 228
11700, 545
17409, 283
6412, 798
17456, 728
9113, 102
5123, 701
91, 607
1717, 152
12649, 293
902, 651
14083, 723
7645, 391
6940, 510
14071, 332
3104, 766
10729, 435
18663, 710
947, 625
10335, 269
14328, 0
13097, 611
12626, 427
2568, 353
5419, 841
2005, 352
11551, 800
7570, 932
1679, 479
597, 878
18145, 367
17366, 733
11945, 725
7163, 787
19361, 896
19610, 435
11859, 285
6059, 168
17342, 734
14545, 68
17672, 956
11126, 713
2461, 655
16019, 487
15288, 619
16929, 367
2002, 11
10750, 280
10223, 880
15823, 378
13168, 878
16278, 754
11891, 506
10671, 698
6201, 807
12930, 963
14137, 692
13246, 475
3060, 770
15434, 58
3683, 508
1049, 876
3448, 204
14785, 882
16978, 56
16803, 10
13841, 632
9987, 17
1562, 581
7717, 958
4631, 440
16862, 404
5106, 664
8934, 56
6444, 127
10264, 413
6173, 265
12138, 998
4405, 703
1611, 21
10470, 88
1799, 598
11272, 6
14792, 284
4570, 371
4146, 411
13316, 931
9828, 590
6800, 739
2922, 796
14154, 704
19976, 280
16172, 412
11411, 691
18624, 120
9642, 564
4353, 371
15280, 427
18034, 781
12932, 867
12696, 33
15135, 543
8055, 839
6536, 6
19602, 599
11940, 330
16987, 27
7663, 402
11286, 545
14351, 733
9496, 128
2333, 892
724, 951
9195, 355
8199, 500
16125, 790
17195, 262
8904, 991
16686, 201
4737, 150
18079, 151
4550, 198
3209, 599
10357, 467
9575, 169
12784, 981
15996, 911
1168, 894
13886, 92
19768, 534
8006, 560
17729, 780
9443, 499
9714, 596
14498, 774
10110, 51
9378, 303
18352, 829
3883, 184
10107, 828
18505, 788
238, 29
17249, 366
6047, 161
3303, 632
18037, 396
4312, 305
7060, 668
12639, 434
19849, 333
10697, 380
4746, 667
5298, 843
5011, 327
3925, 175
10333, 493
279, 198
5576, 265
1999, 144
12453, 33
1355, 335
1413, 588
11657, 116
5051, 228
7378, 157
6191, 769
6447, 598
1273, 612
15954, 64
6317, 607
3906, 150
2431, 532
1187, 175
3525, 734
12366, 530
19450, 205
8896, 251
14438, 488
17832, 772
6656, 523
8035, 252
19719, 255
19057, 732
14462, 204
272, 5
12145, 380
11020, 291
15227, 910
10852, 237
4867, 719
3978, 478
3426, 512
4176, 752
15948, 870
4316, 532
14718, 950
472, 93
14976, 511
6723, 19
2825, 70
19600, 921
3452, 209
7360, 884
9574, 303
3808, 268
8148, 613
16423, 765
19525, 915
8110, 674
8328, 688
332, 710
6518, 169
128, 465
11487, 963
3271, 612
18498, 462
19267, 49
1208, 842
12732, 1
7840, 472
6136, 139
15171, 437
10230, 342
2541, 433
14018, 951
119, 211
927, 552
2762, 96
8554, 451
18679, 257
19899, 250
589, 650
5752, 182
7234, 264
8379, 536
3926, 397
16684, 6
1503, 561
3000, 577
18356, 605
13389, 309
6851, 810
8935, 67
7943, 360
5284, 199
7721, 523
8237, 620
5197, 184
15031, 602
18595, 159
15292, 555
9588, 205
11836, 667
3899, 905
13655, 728
8209, 475
14977, 550
5220, 674
12907, 119
14492, 290
13428, 812
3180, 32
8861, 125
12927, 880
18908, 588
7315, 365
7878, 659
13155, 751
3316, 180
4581, 391
8809, 976
18067, 847
19667, 251
19506, 219
14402, 516
2427, 115
8898, 432
2582, 455
14425, 504
16626, 484
16931, 567
164, 865
8771, 338
10485, 14
6375, 902
6576, 734
14707, 721
1878, 685
10864, 183
15801, 869
13458, 842
2311, 154
15082, 77
19819, 52
19202, 455
19608, 927
17818, 412
2050, 185
5077, 533
8430, 829
15151, 429
19731, 306
13003, 531
2166, 369
15683, 609
14674, 512
6365, 866
2596, 603
710, 991
7814, 667
11566, 725
8276, 784
3701, 330
17676, 716
6107, 729
7970, 335
4578, 838
6648, 456
6849, 910
19986, 154
12496, 433
370, 700
11100, 523
19006, 460
3070, 264
2941, 654
15286, 408
14523, 263
5824, 418
7738, 629
7871, 839
4940, 243
6355, 568
3073, 902
4188, 646
18775, 421
14904, 973
12404, 102
10699, 385
4589, 992
16233, 610
15775, 927
753, 97
8817, 875
10783, 762
13596, 555
19496, 239
4120, 18
13462, 786
13477, 257
5751, 447
3936, 344
5738, 632
2927, 295
8105, 634
13988, 980
19112, 35
6042, 831
820, 450
19878, 941
1545, 583
2132, 887
2501, 921
15439, 346
8108, 467
15045, 427
6308, 755
19543, 145
2283, 944
4412, 894
3840, 10
3120, 657
16730, 614
623, 189
16537, 5
19452, 328
9573, 7
15817, 922
13162, 49
9155, 384
18206, 969
2253, 186
12278, 314
7212, 289
18556, 653
10390, 72
9405, 842
5613, 692
3543, 901
6179, 969
12043, 81
13755, 375
7541, 425
3942, 907
17596, 588
2477, 693
15239, 906
63, 787
481, 589
5343, 469
5361, 344
12324, 818
2714, 874
2279, 917
4115, 702
13313, 534
17627, 596
12814, 614
4929, 902
9028, 439
5149, 329
3254, 489
12524, 457
2873, 740
7637, 792
5156, 334
9959, 793
12628, 268
5774, 949
9277, 518
11323, 487
5897, 107
7230, 631
10599, 28
731, 419
4711, 721
12529, 313
17757, 311
941, 248
17507, 11
3447, 977
14074, 950
6342, 269
13501, 89
6761, 774
5525, 560
6378, 690
184, 226
7305, 584
5566, 246
3609, 555
17812, 488
18002, 857
19809, 67
495, 440
12199, 277
18915, 192
17900, 723
491, 890
10778, 343
6955, 749
19413, 381
9126, 65
4546, 942
17707, 462
7812, 734
12977, 783
19427, 794
9706, 237
594, 171
14929, 768
11539, 318
12222, 512
2781, 190
210, 505
8397, 213
16150, 174
4654, 113
13877, 776
2172, 127
5270, 245
15768, 845
15489, 825
9422, 942
446, 663
10375, 590
2498, 953
1723, 812
18322, 658
14522, 211
6685, 999
12532, 786
16568, 435
7318, 614
16696, 491
6218, 558
7390, 500
7588, 160
15595, 749
454, 939
19965, 695
10033, 980
8603, 796
17387, 519
5908, 90
8407, 428
8435, 643
5432, 188
8240, 737
15926, 248
12720, 740
13797, 282
2414, 420
5217, 600
7226, 789
19565, 492
17585, 123
16008, 469
5608, 207
18664, 13
5030, 365
2046, 457
19599, 188
13193, 370
16004, 607
16122, 553
14359, 737
4512, 697
8846, 235
4547, 288
14104, 501
19709, 461
7880, 217
18820, 119
10393, 834
6230, 875
7567, 433
12595, 680
7223, 962
14396, 300
2651, 50
13171, 434
16945, 742
4442, 127
19887, 984
7014, 811
15224, 533
3639, 323
2732, 131
8503, 854
2906, 204
5560, 206
16157, 52
14696, 898
6717, 480
12710, 894
10278, 583
2612, 948
16671, 416
19491, 226
3992, 190
3414, 937
13662, 768
3094, 424
1676, 473
633, 711
18209, 236
9782, 38
15522, 826
3241, 331
8972, 19
7923, 592
1159, 640
4922, 759
8005, 853
14736, 492
5990, 637
9091, 346
18228, 628
15755, 909
1409, 188
6512, 570
16303, 384
2010, 843
17683, 287
3319, 601
14258, 436
7901, 440
16294, 353
2416, 74
12790, 996
11924, 934
4916, 982
4544, 293
14978, 226
5543, 709
15287, 857
7291, 81
2633, 206
16849, 258
12283, 58
9810, 872
6108, 324
12394, 661
16610, 694
18408, 102
3295, 198
2929, 856
16597, 852
13095, 654
9581, 393
15537, 743
7633, 786
18848, 917
9103, 245
15623, 290
2654, 407
7407, 684
15435, 572
2672, 323
2897, 306
19430, 97
5893, 55
4871, 260
8229, 730
12693, 591
18972, 569
12944, 427
9260, 898
2734, 498
1564, 594
16504, 763
10228, 545
14344, 836
11122, 192
4873, 596
3473, 595
7080, 762
18237, 549
16421, 359
18219, 458
17828, 281
18673, 628
12892, 345
1555, 288
15462, 926
17153, 456
6289, 312
1924, 311
12125, 894
2861, 679
763, 675
18295, 822
10370, 707
550, 555
813, 775
16086, 650
17635, 166
10497, 970
10958, 238
734, 322
443, 231
15964, 831
4698, 111
8247, 201
15199, 862
18329, 628
19106, 776
5945, 661
17075, 502
4638, 789
8047, 528
3747, 524
11979, 619
15742, 879
8979, 992
8742, 519
3597, 575
1086, 9
2618, 60
12409, 463
3451, 759
7242, 769
13426, 384
5697, 622
83, 274
1649, 306
9309, 967
16049, 724
6743, 196
19005, 614
5393, 831
6807, 318
14524, 229
8255, 731
5975, 47
18297, 509
10643, 692
12035, 382
11595, 865
13026, 608
9516, 30
11505, 184
910, 284
17003, 211
13494, 364
16168, 706
14850, 513
2312, 233
1015, 45
8631, 274
16868, 606
4446, 891
3817, 440
13452, 597
19664, 97
1120, 950
9222, 110
12618, 762
19677, 450
3210, 293
8667, 694
6577, 640
5486, 115
15514, 208
9515, 909
14705, 16
14092, 706
18048, 511
2400, 114
3367, 482
6356, 287
8467, 350
1544, 323
5177, 849
3928, 200
17710, 510
10387, 584
15247, 622
16326, 229
7515, 118
17068, 729
14939, 266
4655, 147
13360, 654
9969, 411
16058, 669
17042, 15
16108, 919
14358, 528
14101, 963
6911, 494
2751, 466
11373, 985
284, 465
16442, 356
19047, 247
8690, 632
909, 201
11735, 348
15398, 79
2858, 548
2001, 910
19300, 225
10684, 260
16066, 766
1441, 12
17550, 241
7042, 916
3767, 655
985, 416
17257, 488
12749, 526
15019, 484
13846, 585
5125, 273
11156, 377
14695, 246
14765, 706
15639, 95
2887, 101
9790, 517
11418, 593
8755, 289
4086, 388
298, 27
3288, 250
19590, 776
2000, 416
6655, 24
16939, 973
7281, 420
3626, 326
6239, 459
1964, 394
10148, 147
2973, 849
12515, 952
6228, 550
8567, 558
9909, 751
18682, 793
19133, 360
13858, 452
18212, 4
8488, 381
15912, 212
5842, 756
8192, 984
10999, 831
19831, 974
11864, 319
15343, 211
11467, 67
1635, 923
18461, 887
15503, 561
15709, 559
13785, 112
4996, 151
17885, 831
17044, 595
6093, 867
5153, 492
19721, 987
5033, 418
7181, 939
16080, 812
16652, 558
16017, 475
2007, 920
10174, 897
19538, 900
17422, 582
17425, 207
5875, 512
6395, 505
10475, 223
5155, 241
11209, 494
12353, 961
2384, 153
14302, 422
5601, 955
14159, 949
1171, 585
12254, 865
8981, 520
19309, 989
18065, 217
16949, 709
12922, 19
3117, 539
9938, 385
19570, 537
3576, 792
14605, 563
6701, 833
14053, 501
6051, 733
8253, 288
19196, 608
7098, 963
7067, 187
2142, 284
6243, 652
15845, 195
3894, 613
14962, 437
18723, 962
15584, 883
14979, 43
4121, 92
7641, 42
15738, 546
5489, 500
14782, 152
43, 474
5282, 449
8682, 554
9295, 772
9160, 152
10443, 384
11728, 203
334, 50
10553, 847
11686, 486
13019, 201
16826, 858
8989, 950
19, 53
4983, 185
6915, 346
7774, 93
10181, 896
4535, 488
4239, 387
18574, 736
14916, 102
786, 928
15427, 878
1694, 345
9685, 461
4948, 84
6275, 994
14367, 165
3326, 792
14170, 535
9264, 590
1744, 815
7580, 556
19379, 3
3877, 43
9811, 151
15836, 763
10204, 548
18411, 8
5286, 433
17081, 390
8294, 728
7424, 766
5461, 328
3011, 311
2502, 259
16511, 493
17403, 146
5326, 524
14296, 776
9125, 255
15819, 141
14680, 130
17274, 710
5513, 99
14404, 739
15104, 681
11501, 216
1931, 781
10438, 500
19662, 618
13016, 867
12306, 229
19165, 691
16571, 707
8126, 542
10673, 498
14918, 838
17952, 212
16744, 394
13794, 522
18576, 10
202, 717
5086, 564
10985, 953
14434, 158
10030, 210
4134, 275
707, 632
13090, 659
4938, 296
13795, 151
10583, 500
14945, 280
9304, 287
5570, 178
10574, 513
8793, 303
18693, 361
16092, 696
15026, 930
15483, 390
7969, 966
5362, 857
10897, 964
8354, 598
12723, 275
12794, 231
1, 132
6745, 881
10920, 321
17916, 162
19734, 890
15305, 711
247, 371
1738, 500
5110, 646
8530, 410
16656, 698
5238, 104
5235, 123
1928, 789
11212, 775
7338, 641
19708, 235
14671, 139
11211, 533
12667, 900
15338, 252
7090, 612
1276, 435
634, 169
18895, 685
3337, 492
1775, 522
10276, 888
1323, 622
16529, 32
12271, 487
19474, 261
8361, 239
3643, 848
19656, 954
14059, 975
671, 22
4642, 343
9548, 317
4806, 775
17286, 370
13588, 690
11511, 203
9647, 378
10461, 260
16327, 107
13690, 640
16434, 656
18355, 199
9709, 807
5843, 577
10120, 138
769, 855
3299, 710
13971, 423
4226, 407
8628, 856
5402, 566
19039, 724
17032, 838
5766, 432
9890, 434
3506, 208
18182, 269
10254, 677
1063, 822
6353, 927
18325, 298
3834, 348
4633, 924
19720, 424
18530, 487
17716, 482
521, 646
7940, 904
12866, 750
6403, 738
18821, 655
6210, 683
4145, 737
12669, 367
16259, 419
19428, 875
2252, 976
7047, 51
7268, 113
15530, 283
8298, 369
4369, 77
6799, 944
14389, 489
422, 871
304, 819
9559, 711
12663, 423
3343, 756
3044, 129
7976, 784
4745, 804
14980, 564
7452, 433
10248, 204
6676, 414
19501, 923
1462, 104
9949, 561
15533, 987
11352, 159
2935, 710
15572, 947
13950, 548
14580, 607
4364, 340
16450, 478
16031, 629
11231, 252
14321, 506
5906, 17
1929, 765
11797, 401
12136, 756
9293, 800
19518, 748
18487, 705
18000, 403
15360, 982
5735, 966
11772, 875
15604, 787
13707, 495
15132, 692
8220, 20
16634, 242
19190, 880
2916, 122
11497, 226
15706, 720
14992, 763
19192, 331
7273, 42
12658, 998
8556, 966
18270, 523
11983, 382
5127, 957
12234, 593
5835, 790
13106, 95
14844, 548
6455, 880
1547, 526
10925, 713
12902, 861
6446, 144
15186, 383
16720, 286
8969, 736
10758, 303
8382, 310
15318, 172
7597, 932
8040, 350
2375, 120
13961, 411
297, 470
4247, 852
18646, 31
7585, 465
17007, 47
10821, 684
19499, 619
11119, 650
8913, 354
4013, 376
7893, 10
6279, 37
18891, 414
1195, 149
4646, 525
18265, 127
3645, 704
2921, 573
8880, 339
7864, 697
3927, 188
1570, 831
4050, 554
2058, 377
136, 505
18702, 473
5040, 258
6067, 379
1298, 882
17625, 318
3733, 896
17785, 30
2452, 475
7743, 491
8994, 941
19875, 360
15074, 904
10341, 328
2505, 487
16486, 728
15095, 462
6345, 575
13353, 998
7029, 1000
14392, 413
8444, 906
13895, 749
2846, 787
18374, 900
19824, 442
13903, 93
3, 668
13099, 570
2845, 548
13176, 905
4634, 970
9073, 861
13741, 492
13345, 780
12989, 821
14026, 516
15982, 413
9511, 571
19483, 401
837, 280
2787, 378
10621, 296
9644, 758
17921, 666
11777, 807
9259, 318
10592, 43
1743, 936
8146, 905
870, 648
7954, 819
2066, 748
19884, 721
198, 654
7586, 475
17582, 523
8876, 830
16091, 527
6825, 270
16667, 135
13730, 31
7635, 823
12309, 610
15712, 146
2143, 568
10509, 434
11661, 9
5712, 543
721, 813
9094, 447
18527, 865
9599, 373
2804, 830
13688, 924
1009, 425
1407, 480
7569, 539
9877, 981
19561, 654
3592, 56
4437, 706
6431, 177
4407, 438
680, 777
2740, 765
1750, 385
12830, 942
10565, 364
11737, 966
15557, 22
5247, 600
8840, 579
11959, 178
14660, 917
11035, 598
8921, 373
11607, 118
17454, 892
15995, 847
9101, 912
7752, 943
17938, 777
14107, 520
1615, 376
8759, 573
9713, 233
14209, 256
18616, 586
14903, 314
13002, 615
19816, 638
17397, 300
7192, 998
4374, 714
9240, 455
17177, 361
17362, 782
12896, 99
18748, 902
7529, 937
8753, 871
6781, 813
5727, 141
14109, 421
17978, 139
2830, 70
1169, 527
6169, 689
7310, 765
6555, 205
5332, 891
10401, 456
15484, 394
14244, 356
11590, 488
1201, 370
1174, 71
6094, 280
15262, 800
5299, 993
12086, 493
1335, 583
4150, 567
19693, 74
4267, 741
2891, 970
10158, 386
7838, 456
19069, 885
3792, 435
18834, 353
2637, 627
14446, 983
3730, 244
5924, 507
18838, 689
4845, 961
9507, 385
18996, 8
18648, 497
19520, 866
4323, 276
9136, 559
18049, 252
8332, 539
15872, 934
12886, 649
18358, 371
6630, 263
7532, 969
12643, 523
19245, 803
12441, 14
1234, 993
12686, 832
5834, 188
6703, 898
8300, 565
10324, 345
8978, 315
19844, 761
14766, 781
14224, 853
10167, 548
2075, 678
4750, 782
15998, 493
16531, 765
8051, 999
1757, 976
124, 679
9871, 336
7993, 457
2344, 653
16151, 456
1313, 466
5614, 114
899, 269
7720, 436
12754, 794
669, 25
11261, 849
19770, 21
5839, 622
16036, 388
18669, 169
15640, 314
8550, 177
2232, 637
1900, 709
12602, 898
2076, 492
14526, 937
10694, 3
10877, 180
6055, 212
290, 865
19046, 530
12194, 20
15069, 802
11837, 715
11318, 174
17909, 669
9799, 413
19840, 311
19008, 465
17628, 841
16444, 36
16492, 907
2179, 871
12600, 40
13543, 250
19398, 972
16567, 791
6716, 280
10073, 679
10734, 761
12983, 980
18106, 186
8158, 712
3691, 805
13135, 986
9925, 730
15359, 101
8937, 248
2360, 986
4129, 936
8615, 64
7187, 598
10846, 182
12943, 403
12506, 251
9044, 878
19517, 323
18904, 926
2463, 393
3201, 142
5663, 755
13355, 96
5421, 993
8632, 862
4717, 727
9556, 675
14378, 812
4514, 395
13500, 309
12212, 468
10392, 442
1690, 321
9621, 245
2669, 641
13116, 189
6819, 248
2357, 568
13151, 925
9129, 559
17087, 636
9120, 90
10090, 948
2258, 9
9124, 407
4076, 74
8571, 608
1002, 659
12022, 97
5554, 248
2426, 889
16144, 874
16044, 401
6828, 619
1604, 263
7429, 399
17557, 912
12232, 46
8738, 312
13001, 422
1244, 58
417, 298
4309, 881
5491, 474
17970, 97
2563, 797
17053, 631
19955, 613
4949, 757
15326, 66
4388, 745
10647, 841
8124, 144
8188, 900
1469, 862
7269, 355
14111, 820
13362, 130
13942, 524
14279, 602
9316, 352
5382, 260
12953, 286
4261, 589
17486, 480
4988, 593
14712, 774
13493, 618
9652, 419
1481, 844
12734, 741
2469, 752
5329, 461
9258, 766
10385, 941
16457, 370
4194, 224
6593, 950
11300, 395
6466, 506
3411, 61
10069, 618
14902, 51
17708, 961
14237, 390
11555, 800
16982, 816
16780, 338
2025, 512
2291, 650
9262, 900
10190, 959
11149, 666
9248, 943
16590, 872
12550, 1000
6125, 980
10170, 268
15909, 976
15307, 104
17824, 524
15370, 556
13431, 715
12150, 134
13028, 515
7929, 43
8078, 254
871, 287
10123, 408
17814, 501
12655, 197
4083, 1000
5534, 160
14080, 61
17523, 892
6818, 494
18586, 302
8662, 338
19079, 236
17760, 128
6821, 691
17336, 581
10437, 670
6033, 638
11999, 693
15473, 100
2730, 417
14084, 495
7959, 969
2126, 144
5873, 83
10206, 555
3222, 471
17906, 898
7560, 69
1445, 310
17597, 663
5376, 633
8764, 818
2303, 950
4516, 195
3658, 525
4594, 323
5399, 686
5904, 932
9629, 29
11656, 702
12476, 579
4160, 178
8164, 868
14794, 310
1030, 825
10869, 712
4622, 188
13873, 894
18450, 175
19792, 607
19145, 753
18372, 455
2449, 603
13437, 727
5615, 573
5627, 757
17690, 20
7351, 79
19372, 594
19932, 132
7205, 739
12083, 231
13418, 889
15279, 19
11392, 377
8226, 972
10715, 47
6262, 816
10824, 351
10214, 52
11194, 593
3574, 308
4046, 652
16714, 152
5883, 959
19275, 507
18326, 458
16337, 929
15409, 648
1253, 23
5241, 344
4968, 741
814, 727
1458, 71
13383, 312
11200, 737
15211, 755
16810, 253
1576, 856
16467, 272
9123, 61
1411, 991
8204, 286
10227, 810
5474, 278
19857, 637
2802, 891
3836, 697
15796, 108
13711, 272
18560, 920
15632, 344
1927, 875
4831, 459
5776, 982
9367, 407
10693, 929
3604, 590
10506, 255
13375, 640
1379, 988
6269, 692
6907, 744
11533, 211
15885, 275
432, 844
8045, 541
19221, 957
344, 535
10331, 281
1732, 443
13333, 547
3097, 990
15876, 549
12679, 11
8131, 933
6238, 858
15722, 369
17586, 106
4723, 170
7139, 229
7326, 782
1117, 777
7629, 368
9481, 913
18625, 762
12388, 70
13425, 491
17871, 577
18156, 546
5545, 846
16986, 880
4644, 81
18294, 397
1665, 541
8545, 235
7933, 189
6360, 639
15524, 875
12675, 812
9148, 874
9228, 144
16990, 469
16653, 505
3846, 818
2799, 941
10379, 376
15545, 341
16463, 117
2795, 776
10336, 474
10414, 31
1247, 944
8801, 723
6966, 237
18385, 153
18925, 326
19883, 10
10520, 313
10648, 56
10914, 718
3807, 181
13143, 52
3779, 95
5719, 717
1932, 291
15020, 934
346, 137
17923, 478
368, 346
5354, 831
16189, 144
19756, 580
9768, 330
10128, 975
18546, 794
9973, 467
668, 585
17115, 303
8670, 245
15669, 342
11730, 129
3709, 736
13068, 20
19763, 267
12960, 760
15188, 18
7124, 145
10417, 644
9417, 388
7049, 342
4030, 539
19556, 114
4280, 797
5369, 366
3477, 998
18591, 733
14714, 445
9680, 685
16268, 549
2409, 900
1593, 141
18259, 120
1107, 59
16545, 845
6831, 718
3425, 977
15089, 691
17350, 605
10795, 456
934, 645
4303, 65
15497, 990
3706, 35
13138, 408
1163, 190
16871, 433
2049, 52
9869, 563
11486, 317
10303, 452
3083, 941
2643, 881
2095, 4
18903, 339
6600, 244
19657, 739
8308, 713
8478, 145
6861, 57
11842, 384
10212, 206
8600, 959
15346, 696
5083, 387
3849, 604
2165, 238
4058, 579
700, 380
12993, 787
1634, 854
8104, 19
1515, 391
12861, 425
1730, 102
2758, 20
4061, 97
3723, 433
2161, 954
19378, 312
14876, 186
1848, 55
6596, 775
5856, 162
1785, 690
15365, 94
8396, 387
11985, 869
1532, 257
4297, 631
19631, 819
11921, 982
1190, 126
12016, 420
1302, 642
18180, 967
16016, 412
18967, 770
12870, 648
4093, 101
1889, 328
16441, 246
13906, 907
12845, 766
19758, 523
1673, 158
8264, 839
162, 530
13870, 710
3123, 477
17279, 820
4240, 478
10467, 193
1296, 218
18567, 692
15693, 673
12259, 91
15505, 24
15736, 529
1423, 304
1172, 470
12634, 289
15060, 735
18278, 990
5626, 365
3308, 340
14926, 683
17663, 936
16149, 699
3905, 17
8612, 140
8841, 71
1873, 793
9200, 600
12117, 613
19020, 207
1638, 892
17807, 833
15951, 264
14108, 134
6024, 716
7953, 158
7983, 243
13445, 838
7346, 23
9809, 135
13680, 192
12157, 749
17946, 973
12300, 850
13182, 50
5001, 471
3012, 858
13773, 229
2788, 722
16517, 451
257, 585
3132, 956
1363, 830
19954, 872
9534, 687
14037, 545
2496, 364
14569, 726
12980, 575
5771, 957
8121, 630
19234, 143
1487, 74
11882, 693
9337, 503
17258, 61
2990, 353
17204, 619
14068, 977
3686, 376
17519, 316
19042, 78
7466, 850
19203, 791
14149, 251
4841, 464
5053, 922
15811, 785
855, 35
2665, 196
17788, 991
9045, 186
3503, 44
11239, 94
14665, 780
10746, 536
6052, 947
14739, 227
745, 347
3079, 690
4930, 979
5996, 732
10768, 570
14560, 398
23, 50
13352, 458
2340, 852
3404, 929
4753, 689
4543, 108
18226, 459
7705, 898
2605, 374
11389, 791
5726, 884
18502, 386
2491, 414
11108, 866
3204, 657
5166, 947
11518, 875
9140, 143
16753, 395
16053, 140
10101, 619
9357, 159
6292, 245
12740, 243
14750, 514
11397, 676
11037, 970
18030, 983
17389, 931
7253, 975
8997, 53
13080, 552
8324, 996
17485, 581
12017, 928
14985, 7
15336, 619
8120, 447
10781, 674
15535, 698
8729, 962
4290, 487
18710, 363
12680, 246
5651, 505
929, 362
19118, 988
16737, 683
7556, 589
18095, 229
8383, 110
19317, 913
9952, 693
1586, 127
17275, 949
4560, 332
8178, 353
18490, 180
7865, 490
6894, 8
18485, 334
6858, 782
18232, 187
17928, 210
17915, 15
2198, 928
16162, 257
12458, 226
2039, 276
9615, 33
5542, 292
6048, 156
6905, 981
16541, 324
3782, 472
11334, 475
14533, 872
10187, 101
13731, 656
776, 6
12745, 913
4875, 87
14653, 956
12014, 495
8083, 476
17474, 610
5633, 303
8093, 369
15405, 360
7679, 28
5644, 282
8481, 833
19441, 448
5213, 86
11689, 822
1197, 529
15424, 351
4059, 630
13191, 687
8967, 905
6994, 686
2087, 897
7035, 524
8246, 85
10243, 56
10822, 195
12958, 38
19993, 830
18742, 157
11139, 67
18965, 360
17951, 688
12217, 921
4259, 290
19752, 128
1791, 268
16251, 213
16364, 260
5310, 790
11488, 1
14609, 98
3996, 453
9488, 98
1706, 173
12859, 95
48, 191
8973, 292
5061, 159
8038, 502
18852, 497
5658, 975
4408, 752
1622, 842
379, 847
8063, 64
16308, 912
17326, 218
17384, 407
9838, 475
14153, 254
8700, 305
5447, 351
6475, 71
3467, 522
5084, 945
5416, 148
18905, 149
19100, 800
497, 714
16857, 574
3547, 51
9353, 372
1034, 796
13754, 629
13358, 544
10546, 874
13899, 604
18635, 709
14568, 945
16974, 774
5507, 837
5631, 545
6531, 990
15264, 396
11068, 365
7354, 62
12421, 560
17057, 20
2881, 423
1180, 794
19876, 312
14805, 23
16802, 352
6182, 353
5809, 511
363, 325
18739, 186
14292, 912
13507, 447
14558, 252
4109, 613
11134, 150
4670, 534
2806, 910
9037, 671
8617, 729
14620, 600
10202, 964
15113, 395
7233, 90
14454, 610
18028, 599
12064, 921
15067, 526
10435, 925
6295, 329
3035, 379
18264, 562
8791, 201
14500, 90
17374, 298
6534, 340
12031, 721
12976, 861
14158, 102
3277, 575
12652, 617
14861, 939
6029, 309
637, 39
10257, 565
11928, 237
13264, 316
4936, 160
8636, 639
19762, 273
5212, 551
14297, 606
15079, 836
8765, 598
2944, 452
6257, 627
7651, 333
14214, 619
2690, 251
15362, 135
5311, 144
15628, 490
17428, 101
10516, 408
16385, 128
555, 85
14260, 194
13011, 768
915, 990
18026, 617
15877, 660
9729, 96
9807, 74
6350, 224
7576, 908
14824, 727
6493, 632
13053, 229
9754, 58
7361, 353
7598, 778
1683, 468
5364, 722
7278, 585
14150, 994
6406, 321
18200, 264
3111, 183
14487, 704
7628, 310
18027, 255
3565, 7
13847, 337
3606, 681
9479, 516
16276, 297
17580, 25
17300, 992
19575, 597
536, 267
19648, 255
8531, 797
473, 958
17471, 834
3710, 315
15606, 599
19299, 979
4254, 111
14191, 685
11006, 621
12433, 106
17252, 844
18191, 848
4487, 462
7343, 666
15032, 725
1392, 135
14659, 334
18525, 677
14401, 729
16011, 999
12624, 969
13491, 292
9448, 45
19811, 361
5787, 623
8171, 175
3776, 500
19733, 264
19519, 290
17889, 456
18534, 236
12544, 773
12102, 562
558, 225
18501, 542
14703, 256
15039, 442
1979, 242
10788, 535
14005, 613
96, 197
10002, 821
10628, 792
10790, 489
7301, 42
2008, 533
7595, 232
18836, 441
335, 760
4815, 570
13185, 71
17236, 35
15428, 381
5919, 385
19760, 830
11079, 133
8173, 898
4351, 719
19111, 863
12114, 492
17165, 14
12163, 857
16846, 753
14012, 172
15630, 464
2880, 993
6060, 554
1800, 87
14797, 214
7669, 557
5995, 815
7100, 890
142, 132
8558, 67
3530, 994
1524, 92
3717, 959
3340, 873
5078, 112
3703, 260
11731, 577
8796, 387
18545, 330
7615, 850
15242, 154
10534, 757
16673, 880
13628, 214
352, 272
11278, 295
17179, 67
9183, 577
17972, 484
18078, 607
2840, 157
16325, 203
15732, 444
10572, 352
17438, 568
13892, 955
7606, 135
18165, 978
12543, 971
17560, 898
1726, 522
6526, 538
2578, 287
11047, 530
2648, 43
9082, 225
17108, 986
5847, 737
18814, 690
18694, 342
17677, 725
6491, 697
16324, 592
12935, 559
8392, 720
11213, 544
12579, 170
13047, 879
9703, 374
8757, 660
18046, 984
14694, 921
2072, 204
7914, 726
18282, 364
277, 432
15983, 328
13366, 14
5895, 655
6453, 753
6660, 233
1085, 134
12808, 321
3770, 757
15453, 351
12722, 421
12052, 887
16114, 4
15499, 533
8539, 187
11384, 656
4967, 740
4935, 317
4131, 635
1153, 346
17307, 608
4987, 548
3531, 913
15088, 876
1835, 7
10297, 411
4932, 838
16023, 145
18186, 204
13968, 383
15882, 717
13644, 949
3014, 186
1625, 683
2919, 906
17169, 568
16208, 534
11167, 566
990, 947
1592, 672
735, 747
14963, 232
3875, 867
17069, 838
8004, 82
7528, 54
893, 779
3848, 423
4082, 184
7839, 8
9564, 148
9864, 297
17741, 655
7236, 302
17281, 224
4424, 591
11319, 991
5612, 113
833, 483
3500, 565
12450, 533
17539, 658
10047, 535
15878, 105
7130, 134
13834, 319
18968, 16
14376, 368
16549, 169
19975, 348
17968, 534
12030, 370
11331, 158
11838, 22
2406, 983
2307, 532
19380, 999
2365, 380
11953, 262
4066, 329
8099, 580
2419, 742
16191, 262
15547, 877
11017, 644
12657, 860
7741, 765
10391, 176
1811, 227
5417, 259
8012, 922
11626, 389
1833, 175
14525, 667
5202, 385
7734, 397
8504, 298
1059, 764
15193, 214
4084, 898
10312, 435
10654, 222
12677, 266
6026, 543
3179, 614
17838, 447
9054, 98
11585, 365
8238, 223
409, 753
17030, 831
10853, 103
16200, 127
12751, 362
19490, 218
7602, 11
9976, 187
16650, 570
2390, 934
2570, 617
2220, 417
17568, 728
437, 756
16323, 790
3129, 67
6710, 787
5851, 856
8023, 985
12825, 58
7813, 853
12054, 381
9658, 962
8987, 779
18590, 244
6934, 837
18571, 563
16020, 95
4632, 11
1056, 824
13576, 19
15824, 689
3902, 151
10164, 464
17156, 661
8200, 592
14514, 757
4528, 8
18700, 915
7613, 827
5394, 990
9748, 245
16962, 81
8463, 29
4946, 443
3247, 69
15774, 695
1457, 812
19833, 598
14087, 646
1513, 476
10267, 830
18543, 55
9950, 616
19511, 917
12380, 838
8543, 206
16061, 51
12588, 868
10013, 881
3226, 856
13717, 455
598, 199
9562, 197
12146, 26
12442, 54
4878, 41
16799, 303
8417, 653
6767, 368
13071, 88
8278, 771
6368, 146
2055, 64
16127, 601
19999, 890
5815, 966
12571, 696
7790, 587
8375, 737
15029, 891
19315, 307
8724, 343
6906, 326
12789, 888
8588, 28
11604, 143
5536, 656
13821, 372
10220, 364
447, 346
8708, 285
1141, 161
9207, 94
38, 369
87, 278
16379, 506
4850, 608
11055, 410
6283, 358
17675, 145
1998, 518
10352, 792
18940, 689
16885, 10
11903, 664
2490, 863
11076, 593
2499, 162
8665, 685
7518, 176
17420, 41
10759, 661
3549, 37
14483, 506
413, 824
17323, 701
19423, 479
4595, 517
17305, 264
8751, 948
15681, 339
18260, 11
5729, 716
3402, 747
17989, 535
19058, 279
3207, 124
3573, 455
16078, 980
4861, 118
314, 212
5118, 112
10025, 425
14912, 43
9312, 653
2512, 288
17861, 375
16065, 738
2943, 298
2358, 741
5667, 363
2331, 254
19135, 651
5940, 377
17816, 882
3136, 215
13512, 162
9970, 954
19966, 41
14395, 994
2222, 303
13656, 345
15554, 130
8696, 534
3832, 81
15256, 475
5825, 843
13695, 970
4944, 864
246, 678
10573, 672
18190, 907
10545, 826
19022, 62
1338, 804
12609, 678
14677, 929
5199, 363
7145, 965
16665, 693
14277, 464
9350, 247
15827, 10
7255, 577
775, 157
5312, 712
6392, 264
13401, 437
17598, 953
17575, 944
9294, 805
2396, 757
6168, 135
4527, 449
10429, 797
10830, 973
4721, 388
19917, 310
9224, 304
19284, 707
12348, 288
14626, 983
19035, 769
3193, 908
4138, 988
18127, 815
15703, 850
2544, 760
10114, 715
12638, 355
12491, 257
10374, 116
17273, 375
17018, 67
18477, 182
14286, 454
2869, 818
15946, 547
3615, 462
16112, 735
8775, 160
6184, 275
16484, 339
18869, 15
14322, 795
2585, 615
3497, 985
5927, 779
4256, 674
19207, 59
8769, 217
16242, 842
13605, 119
14983, 325
4251, 737
13712, 644
18554, 48
16569, 292
10299, 774
16099, 641
3591, 875
2540, 326
18650, 986
10878, 50
16185, 87
11714, 161
16677, 919
5093, 482
13922, 85
4118, 236
15512, 130
5425, 591
18422, 257
5431, 661
9363, 698
3388, 264
7876, 976
6141, 876
13698, 722
10296, 853
14931, 803
10001, 836
7416, 361
8746, 688
16915, 808
18252, 925
4628, 686
13676, 292
15126, 660
15989, 993
10372, 736
17813, 960
15407, 468
10937, 340
19433, 470
15127, 194
9414, 483
19132, 593
12945, 6
14892, 14
8710, 346
19868, 809
10027, 39
18781, 142
19263, 809
8350, 914
18837, 945
18082, 22
12188, 102
12673, 266
2567, 147
15240, 160
2792, 412
2326, 389
2743, 265
3258, 110
9364, 409
14579, 946
10668, 45
18460, 951
5129, 504
6711, 253
881, 175
10301, 114
16877, 957
9413, 606
5201, 672
19033, 372
9197, 8
1520, 736
2245, 447
15056, 901
10236, 385
17150, 824
11102, 73
16211, 654
2817, 147
3995, 627
7870, 894
84, 567
1722, 204
6361, 496
14294, 784
19376, 649
13338, 230
8471, 512
13900, 202
6401, 263
8041, 703
19516, 757
16635, 893
7319, 579
3482, 96
3328, 248
1073, 277
8553, 790
7293, 263
13635, 866
7722, 405
7120, 62
8694, 880
14339, 67
7506, 995
16784, 70
14691, 449
17858, 462
7492, 234
18303, 574
2526, 700
13344, 30
3799, 573
5231, 991
245, 566
3033, 14
19276, 1000
17775, 595
15629, 753
7981, 100
3616, 401
14098, 59
4775, 403
18333, 935
5230, 415
3240, 321
104, 981
17146, 729
15592, 182
4182, 165
2402, 976
10432, 9
774, 863
3488, 400
19676, 406
6471, 170
16296, 676
3868, 682
16814, 717
7538, 962
12772, 900
15822, 211
14662, 663
5777, 190
5216, 761
989, 352
6511, 610
6006, 209
2156, 281
11382, 727
10218, 572
8720, 628
19462, 896
12796, 434
19627, 888
754, 791
16996, 919
17129, 181
1950, 798
8939, 550
7583, 569
4055, 236
13839, 878
12168, 927
3550, 823
19836, 176
8787, 930
4221, 404
13719, 736
6579, 181
2954, 502
5889, 178
19370, 300
17034, 796
1596, 324
13244, 483
12773, 510
16972, 261
13048, 423
3981, 208
18645, 493
17552, 898
17572, 782
3893, 669
1477, 408
8514, 80
11993, 467
18622, 52
9330, 823
2577, 85
10072, 956
19265, 138
12522, 807
487, 493
19649, 892
16763, 713
12082, 237
2543, 307
14637, 356
11005, 295
15569, 904
7231, 39
9812, 374
1000, 502
8968, 45
1620, 949
16944, 477
1588, 124
5579, 300
13446, 616
7861, 819
15691, 548
412, 617
172, 350
7509, 100
18489, 108
16910, 937
7691, 978
16887, 116
15353, 710
4958, 662
14461, 878
4920, 161
5438, 498
11902, 806
390, 183
12041, 928
11296, 409
1222, 113
4829, 628
1978, 627
18140, 882
19288, 920
11519, 13
15456, 245
14839, 732
11271, 594
11860, 681
19537, 272
6187, 434
14640, 678
3090, 810
16279, 12
13223, 299
15987, 746
1377, 984
9843, 484
11258, 200
11952, 435
88, 662
13932, 272
12485, 431
5657, 349
14057, 0
17077, 481
14410, 737
16105, 429
16697, 636
16218, 769
2558, 525
16741, 634
18072, 366
2774, 509
1911, 574
13273, 6
2549, 618
13050, 283
18058, 934
9214, 316
5923, 187
73, 631
12110, 41
13832, 617
19702, 785
4048, 884
7073, 678
112, 355
12091, 353
14562, 718
1907, 508
9999, 660
14890, 894
5734, 37
3798, 356
2609, 915
6528, 80
18966, 954
1317, 800
4229, 81
19285, 880
575, 659
709, 41
15086, 301
10048, 875
16037, 334
13827, 618
13327, 604
15146, 127
5572, 791
17458, 56
8837, 900
2294, 997
13221, 35
10927, 209
12779, 629
16005, 979
2201, 41
14666, 637
4808, 505
8919, 404
3025, 415
15281, 700
12853, 794
12109, 723
16627, 918
19232, 832
10119, 974
13577, 398
2270, 241
16525, 206
11634, 855
6035, 292
10237, 774
4493, 885
14465, 998
18198, 955
9410, 204
16892, 573
1641, 961
17028, 367
7384, 3
1142, 846
5467, 149
16047, 614
14459, 534
9307, 716
18369, 446
638, 382
16209, 226
8349, 601
18503, 900
16245, 0
11554, 695
14862, 751
4907, 295
8689, 489
2476, 406
14516, 676
4545, 312
18104, 97
3369, 40
9826, 318
13479, 856
12244, 946
14770, 954
14230, 449
10543, 249
15927, 4
11343, 47
11052, 894
17025, 745
10832, 187
1404, 351
8410, 191
9635, 43
14960, 879
19835, 470
512, 238
11740, 546
9960, 744
19060, 114
1958, 937
3943, 358
448, 605
13236, 296
13141, 272
4190, 369
8167, 20
2705, 606
12327, 385
18277, 39
14028, 505
3030, 347
3267, 333
19123, 935
10316, 264
5558, 236
4185, 337
10741, 167
12233, 344
16835, 91
5103, 286
16768, 169
11292, 666
18142, 195
18553, 988
2584, 615
6651, 549
2934, 225
19653, 761
19009, 156
19268, 569
18050, 104
25, 482
19242, 814
8870, 392
6445, 199
19184, 390
7512, 441
15431, 703
1671, 607
7113, 719
18110, 646
9178, 75
14509, 455
14032, 24
9594, 956
2389, 632
2798, 324
7546, 623
12249, 981
14669, 212
4577, 127
11990, 90
2456, 399
11365, 226
9596, 564
6957, 805
14326, 809
7745, 567
10261, 272
5590, 109
4564, 984
10035, 917
6080, 469
10039, 282
14172, 51
9874, 135
5003, 478
8758, 394
14348, 209
17256, 678
10731, 906
9051, 116
16765, 998
7341, 917
2932, 219
6119, 269
17332, 473
15198, 251
19480, 852
9692, 587
11992, 823
10012, 708
16564, 246
1493, 750
9981, 875
12937, 257
10539, 682
14734, 951
7225, 887
18085, 208
10718, 380
3581, 685
15643, 749
19127, 871
6469, 939
4801, 589
9996, 235
150, 527
16391, 238
7312, 351
9052, 593
4763, 375
3667, 188
14538, 224
7262, 815
6180, 58
11358, 798
4242, 254
11648, 845
11744, 820
17561, 384
12438, 188
17570, 151
1540, 852
4647, 836
19404, 753
16443, 522
13235, 436
3211, 909
1533, 937
1651, 552
8075, 196
2218, 827
1192, 989
217, 125
11974, 3
2382, 914
13066, 125
10080, 173
18318, 914
18241, 415
17641, 436
9704, 728
747, 982
3495, 548
19367, 157
15988, 193
3577, 125
16654, 173
16619, 535
17841, 116
3490, 321
11114, 419
7054, 914
713, 802
17699, 53
18777, 849
6434, 957
18341, 481
18249, 727
10426, 595
18377, 220
17620, 33
6740, 381
10883, 775
7703, 365
17287, 63
2014, 446
3712, 253
19318, 87
3814, 995
3148, 34
16870, 714
8790, 925
13347, 556
15566, 973
11232, 270
18005, 241
12872, 346
17364, 458
10856, 365
14439, 241
10376, 348
5926, 497
9708, 383
15803, 400
6835, 256
12269, 380
18521, 535
6636, 263
14327, 171
4327, 851
1416, 494
8179, 256
7023, 263
7873, 535
16762, 360
18541, 466
15562, 259
16589, 818
564, 953
14426, 80
2569, 471
7779, 753
16491, 931
243, 402
2077, 972
8699, 318
14148, 573
12806, 4
15769, 603
16971, 728
8678, 423
8795, 77
17098, 611
1182, 643
17343, 635
1708, 21
13475, 314
6312, 288
1594, 709
942, 208
12385, 965
12487, 819
18267, 23
4505, 916
15690, 229
7186, 287
15620, 80
3074, 311
10688, 364
10231, 822
11224, 468
15700, 243
15820, 492
18856, 382
6641, 897
3046, 296
6422, 353
11313, 805
17269, 870
4863, 716
9404, 404
2233, 54
19916, 759
5713, 587
13752, 193
5259, 546
18945, 200
2680, 620
7477, 687
2168, 889
1229, 218
12640, 637
10707, 38
9464, 399
5276, 798
7051, 803
5381, 828
10535, 454
16456, 465
13665, 969
15334, 306
1749, 597
8893, 658
2028, 863
15661, 60
18533, 835
15337, 7
12493, 135
9691, 826
10000, 446
9616, 712
10016, 318
5992, 309
13322, 951
7457, 286
311, 153
14885, 866
362, 283
12849, 299
13617, 719
6487, 670
19546, 419
3756, 741
4102, 234
4245, 729
8529, 647
12809, 363
949, 730
14684, 807
15425, 243
12974, 340
9356, 136
11046, 758
7687, 157
18917, 842
17198, 959
10839, 29
4637, 203
1259, 956
19522, 759
17553, 791
12156, 75
4656, 375
5773, 492
12611, 253
3889, 788
17328, 10
6270, 997
1692, 943
18596, 217
19727, 83
18833, 839
7247, 203
11449, 568
748, 986
18529, 522
12627, 445
18942, 376
19623, 194
17537, 244
16932, 499
11964, 723
718, 364
17621, 559
8697, 346
18289, 686
13092, 268
313, 26
10884, 897
3119, 709
10787, 733
16292, 374
13934, 603
12347, 753
19088, 800
962, 595
1871, 289
15718, 124
4348, 710
7900, 914
2328, 158
13423, 942
4296, 637
19790, 181
8525, 77
1196, 354
9382, 756
2617, 864
17265, 16
17854, 690
5592, 172
13954, 44
11268, 411
7142, 674
408, 226
5972, 349
8318, 978
14967, 979
7046, 324
6887, 766
10820, 8
17879, 228
18756, 895
3315, 499
12762, 364
14633, 357
3586, 331
5539, 986
3489, 318
3304, 172
9740, 253
10744, 70
7950, 56
13701, 866
17536, 178
17634, 417
16115, 196
10568, 510
11751, 360
3396, 933
17902, 81
6248, 448
17223, 898
8293, 621
19563, 634
19485, 475
15295, 917
11480, 194
7986, 36
17199, 794
7501, 857
7898, 82
8385, 359
17767, 558
2524, 561
6251, 490
11003, 452
18825, 524
9074, 773
9889, 965
2998, 624
9468, 6
13087, 12
16394, 676
14171, 132
16616, 421
9670, 918
8261, 953
7884, 846
12580, 366
15887, 198
19108, 32
9902, 965
3334, 798
4742, 377
4455, 348
16786, 641
1682, 162
4429, 515
13201, 91
10859, 394
11775, 444
3857, 910
3498, 563
6850, 995
14650, 89
3292, 884
9777, 543
1517, 935
10613, 384
10169, 596
4453, 304
18108, 601
504, 621
10356, 721
5640, 42
14917, 893
17545, 269
6271, 467
1837, 139
15582, 425
968, 437
11500, 705
8016, 516
16752, 270
11815, 911
15950, 546
17648, 602
16410, 487
7590, 952
5833, 611
14755, 671
691, 930
15985, 263
12597, 663
11376, 321
17674, 667
2047, 930
12360, 580
14943, 958
3099, 155
4231, 620
823, 465
4590, 454
7577, 26
10949, 664
16880, 143
18786, 325
988, 64
2844, 154
2116, 368
9206, 3
10354, 449
11262, 362
14238, 614
13101, 101
4152, 817
16275, 980
10719, 272
19417, 966
3735, 404
10837, 661
7392, 881
8816, 608
9306, 742
12728, 345
4206, 19
4902, 885
19168, 653
10690, 519
19140, 928
4436, 343
13478, 941
14767, 936
15014, 451
13765, 129
1715, 262
17701, 440
19909, 77
19910, 250
9796, 383
9506, 48
19870, 830
17071, 838
17795, 547
7770, 172
16203, 486
17504, 553
7949, 703
17872, 693
3443, 617
16842, 491
9535, 944
7543, 553
19458, 39
800, 683
415, 944
14816, 806
619, 23
16034, 252
12582, 671
18610, 8
10373, 242
1971, 413
18812, 127
17451, 325
19692, 79
14559, 193
13768, 844
584, 117
12670, 417
14991, 648
7072, 334
12598, 211
1461, 521
7079, 612
1101, 462
8623, 84
11063, 181
4787, 2
4069, 977
19249, 820
12714, 782
10939, 911
1365, 36
1865, 489
9339, 363
7173, 512
19987, 392
483, 312
12369, 441
19858, 630
12273, 20
4181, 883
16694, 931
3719, 191
2827, 774
16290, 9
114, 547
7806, 775
5684, 97
17139, 779
4580, 823
19778, 926
1275, 620
2899, 924
5678, 514
16134, 768
11567, 55
6193, 440
8568, 859
11386, 159
2769, 700
13654, 92
1733, 957
2205, 692
19144, 728
18118, 516
14002, 427
5791, 554
7260, 162
3607, 27
5338, 177
14193, 695
15085, 385
4625, 341
19585, 903
13173, 67
8716, 416
9057, 28
2967, 714
17264, 946
18562, 788
16001, 168
1238, 785
14076, 62
19333, 218
7693, 23
17725, 339
17271, 218
2276, 564
3280, 971
12647, 712
9324, 569
19915, 419
1551, 797
3387, 201
15813, 510
3982, 444
16190, 70
6661, 371
12387, 842
973, 78
7252, 400
2, 330
6202, 66
4272, 29
15101, 178
9018, 427
17490, 9
7199, 871
266, 914
3508, 637
5656, 717
324, 1
10834, 681
1336, 90
1103, 407
10777, 63
5946, 308
11396, 666
6844, 819
9967, 342
7979, 64
17186, 290
6868, 882
11571, 689
2438, 773
15062, 570
4448, 244
971, 727
9734, 243
7646, 632
4395, 980
19901, 240
1643, 904
1764, 933
2566, 100
15438, 129
4807, 375
19643, 277
1074, 556
3795, 170
10406, 486
17354, 305
2083, 840
5192, 204
12700, 574
17393, 827
17313, 353
12850, 362
807, 395
7654, 621
12860, 632
19095, 858
16383, 764
13937, 650
7389, 528
260, 550
8887, 555
16470, 722
6771, 514
3356, 964
1659, 253
8965, 946
19922, 945
3243, 435
16216, 768
14102, 211
18857, 360
3045, 713
18674, 773
12364, 55
14530, 353
18983, 360
3754, 589
5578, 372
4927, 268
7144, 241
9102, 556
5604, 379
52, 663
2750, 542
11163, 923
14693, 267
10473, 454
2615, 431
17881, 503
8163, 408
11914, 838
15764, 257
8649, 766
15754, 304
17670, 82
11465, 928
12481, 237
2945, 878
16360, 20
6638, 730
6886, 512
1053, 529
6563, 83
11104, 654
14867, 396
9668, 925
8584, 354
2391, 437
8781, 87
11905, 423
8868, 638
17320, 72
16139, 931
8566, 227
18890, 674
9489, 41
6586, 288
12291, 63
3923, 291
5928, 23
10763, 371
9786, 276
8819, 447
2194, 610
4803, 44
4700, 105
10602, 512
13390, 768
8560, 460
17618, 25
16232, 330
12824, 670
8095, 678
3682, 239
8862, 513
5737, 475
5482, 398
14959, 351
18467, 881
9004, 942
8509, 135
7328, 505
12514, 111
15181, 242
8928, 450
3866, 88
7256, 560
13928, 517
5862, 915
14652, 934
12090, 827
13696, 184
10685, 111
19584, 470
16506, 570
1859, 93
18132, 530
13580, 902
18441, 245
19821, 218
10661, 369
11779, 286
2523, 103
5315, 552
6922, 564
5349, 833
19110, 94
14423, 810
8042, 585
15650, 94
7005, 832
11207, 367
1376, 117
2983, 800
12032, 735
7241, 206
19830, 464
1022, 304
7639, 72
7275, 902
8627, 242
17103, 730
14329, 742
2737, 636
13782, 329
19614, 34
9146, 788
5294, 738
4054, 644
19199, 810
14996, 726
4161, 660
3434, 275
3141, 120
17687, 141
7435, 415
15443, 287
4270, 467
2699, 955
19982, 144
8343, 420
10961, 217
19757, 413
10480, 480
10622, 230
13810, 951
12495, 87
6519, 270
8932, 774
4130, 983
4416, 802
15459, 80
13268, 5
17721, 707
16848, 664
11251, 156
264, 816
11309, 311
17549, 728
7491, 257
12966, 833
9728, 470
19434, 136
4486, 587
15875, 143
3465, 553
16074, 821
7426, 787
10769, 930
7408, 23
2451, 217
10863, 343
19647, 757
650, 343
6473, 465
14546, 5
18091, 700
1043, 2
13559, 894
15064, 586
18431, 772
9035, 269
15070, 439
2513, 217
19504, 957
6944, 51
11545, 423
2865, 904
305, 16
9150, 471
7249, 118
8851, 175
67, 832
3162, 127
5813, 540
11886, 79
964, 122
7007, 906
10434, 357
19615, 673
1521, 389
1470, 786
17660, 953
16488, 123
5602, 838
10547, 661
18827, 873
17481, 942
9151, 976
8147, 197
979, 880
18933, 220
18858, 306
5982, 666
2079, 990
11888, 428
509, 343
19983, 673
5587, 590
16465, 944
7033, 237
1227, 455
528, 796
7088, 703
6551, 604
15158, 489
3153, 796
12467, 391
13636, 224
11299, 801
17524, 335
3542, 827
12475, 56
2529, 233
18563, 434
14882, 843
13575, 827
12552, 391
10421, 625
5722, 504
470, 591
4380, 971
14513, 243
15761, 822
14804, 81
4695, 441
14004, 558
11705, 370
16789, 231
15644, 357
11718, 144
19384, 665
1006, 706
8745, 30
8217, 166
13414, 327
6129, 458
11624, 456
18128, 175
12760, 95
3963, 850
1039, 687
13040, 384
6565, 280
8633, 877
15573, 984
10193, 407
12692, 712
16748, 279
11748, 849
5831, 550
1350, 923
10203, 574
12614, 426
16250, 595
9779, 889
2073, 724
19637, 431
9849, 92
15272, 654
17140, 179
18846, 610
15795, 598
13829, 835
13819, 304
11739, 264
11811, 951
19159, 489
17180, 404
10802, 597
10765, 422
9852, 412
13791, 586
1945, 518
17532, 237
19861, 753
9634, 287
15379, 908
9494, 562
16176, 55
14907, 876
12774, 588
13468, 50
6830, 909
5931, 710
5128, 67
13115, 281
11400, 95
9298, 987
2017, 769
8185, 111
15788, 901
15321, 768
8650, 78
17324, 345
17054, 600
15642, 304
6178, 523
16522, 499
15538, 169
10083, 2
14372, 882
14576, 221
11850, 145
8844, 880
18013, 606
6693, 202
1288, 240
3006, 542
14215, 217
6477, 587
2962, 313
12811, 215
15375, 787
13849, 368
16722, 921
18458, 70
19222, 860
8033, 385
8931, 171
19170, 807
5639, 148
10676, 712
7244, 952
4768, 867
1424, 132
18864, 311
4467, 958
4709, 634
19328, 735
4915, 943
17936, 569
465, 368
13866, 742
7987, 525
3284, 744
8304, 364
4007, 32
18135, 957
3980, 486
12842, 860
11084, 648
4814, 584
13541, 569
1394, 290
17398, 390
795, 850
11484, 635
17509, 281
18276, 964
4986, 668
13450, 19
6263, 982
8133, 567
15534, 356
8347, 188
15217, 367
5444, 280
4078, 569
3092, 548
11350, 348
11707, 863
12519, 313
15539, 105
17334, 108
17325, 538
13299, 430
4458, 771
2671, 797
12237, 971
11901, 955
6842, 185
1146, 277
13242, 274
17064, 656
36, 491
10168, 275
12024, 643
6811, 148
11001, 3
6111, 463
8195, 678
12135, 359
5148, 598
7027, 230
9554, 317
15173, 82
6599, 681
11690, 921
999, 489
9009, 722
17400, 335
6780, 156
3732, 963
14601, 685
8193, 738
17253, 588
9402, 563
11168, 37
1560, 904
9265, 592
3272, 98
12067, 552
15696, 313
18475, 589
17827, 428
15841, 583
3107, 129
7795, 414
16093, 884
17665, 760
4678, 198
7208, 491
444, 760
17272, 163
7078, 41
8527, 396
16961, 522
19256, 238
4553, 511
5821, 465
11793, 393
3847, 521
6803, 188
17668, 952
9627, 125
10410, 972
16143, 378
14060, 726
15513, 512
2257, 125
15119, 673
17464, 289
2171, 188
9901, 149
7616, 323
207, 876
10908, 310
19359, 146
18177, 648
10748, 929
16067, 689
13398, 548
6988, 667
9193, 795
4917, 369
11441, 462
663, 66
14661, 509
18495, 336
15605, 275
9381, 772
2965, 961
13509, 558
4341, 454
9059, 94
5145, 490
12389, 475
5877, 927
16965, 214
11605, 197
14041, 539
18250, 735
7294, 249
4879, 877
21, 44
13349, 984
6343, 419
2716, 714
2322, 586
8818, 276
6066, 590
10020, 165
11968, 523
16021, 155
5935, 545
2229, 828
6439, 392
11267, 635
12365, 36
5342, 724
9651, 479
18724, 749
13871, 512
13257, 391
17023, 481
19732, 480
3764, 624
16901, 917
18711, 962
11591, 142
13784, 124
14760, 967
2630, 201
6424, 323
8107, 657
12242, 941
8732, 300
7771, 399
18344, 285
9001, 231
8813, 850
17390, 695
11649, 349
6124, 334
9127, 827
2157, 858
12210, 245
7352, 535
9888, 850
1575, 7
10059, 370
13287, 585
3481, 969
4820, 524
7617, 318
18223, 501
16844, 854
3692, 501
18944, 995
7798, 563
8747, 367
3351, 315
18638, 792
8744, 758
5702, 514
16556, 816
5301, 32
1186, 986
17578, 359
697, 47
4503, 356
13379, 577
12694, 361
5337, 746
6286, 698
17432, 828
13377, 396
515, 508
18853, 927
1902, 681
10702, 960
14315, 108
3245, 189
4454, 558
8030, 122
14748, 835
14398, 468
14250, 52
18605, 505
7332, 152
2831, 535
4463, 886
15261, 711
18813, 187
2078, 853
15799, 579
11601, 162
711, 348
12590, 896
12131, 909
13186, 716
10710, 949
5690, 810
268, 398
14908, 312
10791, 833
16431, 996
19139, 695
1405, 327
14016, 531
15120, 969
14093, 257
15611, 872
17734, 942
6436, 406
16212, 235
3464, 84
11455, 695
18751, 779
16869, 631
19726, 991
3842, 750
4509, 692
8157, 731
908, 635
3106, 131
18481, 691
10507, 198
7988, 495
18844, 54
19448, 877
17495, 790
2553, 900
4103, 700
12726, 309
13564, 890
15519, 826
6663, 975
13248, 775
1947, 112
19215, 486
3675, 190
16002, 23
5122, 808
9145, 665
19512, 450
18799, 844
13183, 128
5179, 769
4005, 753
7618, 23
18581, 44
2355, 0
17158, 80
13216, 25
13780, 866
14845, 287
11425, 303
14113, 437
18982, 408
18060, 323
11176, 952
1418, 725
8502, 307
5807, 4
8839, 205
11537, 264
4777, 7
9663, 957
11452, 460
17217, 889
9928, 644
8591, 830
11363, 857
3081, 700
14557, 165
14219, 85
2489, 844
12419, 439
13677, 874
16813, 448
14971, 228
12414, 984
11344, 130
4307, 216
8595, 666
2120, 947
9848, 449
8658, 907
19554, 757
10411, 704
4000, 551
16028, 593
5583, 855
10008, 35
7438, 58
9953, 892
17167, 739
2821, 832
8053, 994
3786, 953
11663, 516
8594, 835
5441, 39
13790, 615
5111, 943
6752, 616
18537, 125
7265, 76
11877, 950
3061, 244
18520, 29
14879, 633
2640, 184
13252, 191
12169, 273
7994, 928
16909, 970
5814, 510
8139, 765
6623, 502
7177, 323
9198, 382
9244, 201
2793, 712
6030, 989
7642, 50
8091, 560
14590, 45
970, 413
13599, 386
1231, 850
8103, 733
18732, 109
13611, 960
13213, 176
19246, 132
13321, 495
945, 140
7105, 832
10557, 244
3687, 658
16519, 897
18123, 279
9064, 192
12079, 990
1857, 658
4636, 618
15202, 412
12218, 400
15625, 620
15395, 545
19038, 912
19323, 470
186, 50
16462, 746
6967, 284
818, 786
18704, 128
14199, 927
11644, 190
12189, 386
2472, 578
1939, 599
10492, 612
11723, 617
3662, 728
11345, 321
17353, 237
16448, 871
9431, 120
3249, 391
13863, 396
12209, 739
15109, 942
5226, 490
19292, 766
15189, 650
5876, 879
9362, 333
583, 85
11283, 99
9565, 827
5716, 120
17412, 535
9567, 710
10800, 564
16081, 69
2791, 784
9817, 415
2838, 209
16077, 721
15846, 144
11342, 184
3142, 542
3621, 819
4993, 635
2834, 682
13260, 980
14544, 395
3038, 611
7694, 265
13319, 153
13653, 462
2188, 264
19406, 965
7444, 42
18656, 126
2531, 83
7086, 948
3462, 628
14072, 345
10246, 89
4202, 416
4837, 265
18480, 741
5532, 542
15274, 657
1417, 524
8559, 78
9144, 413
3086, 252
16358, 146
174, 898
3382, 758
331, 173
16598, 630
5494, 578
12207, 245
19208, 359
6879, 673
1823, 240
5060, 706
5805, 714
8127, 318
18979, 727
8421, 723
6489, 315
7194, 444
9467, 103
11675, 381
17395, 302
2080, 364
646, 131
10315, 436
18740, 173
8464, 185
3796, 309
13960, 932
16539, 765
5141, 753
5695, 231
13325, 569
7858, 615
2959, 374
716, 271
10068, 711
17765, 28
3575, 470
18447, 971
4422, 84
3057, 443
7282, 880
9085, 562
15203, 801
1454, 91
10793, 706
10451, 892
8416, 633
16404, 710
19181, 774
14819, 461
13881, 989
10010, 705
6732, 827
14934, 930
9620, 599
8873, 869
18728, 746
16953, 860
19050, 264
13514, 594
6560, 80
1684, 213
13169, 254
7563, 293
7479, 710
1375, 843
53, 715
18045, 59
17802, 644
5057, 377
6971, 458
19696, 196
3360, 786
19626, 982
14968, 474
17498, 580
5022, 625
11387, 155
14086, 994
13078, 71
2843, 302
17990, 364
1408, 797
18492, 457
11273, 763
2285, 999
961, 512
17533, 737
16433, 160
932, 606
13384, 135
13077, 482
8733, 558
18089, 797
15579, 728
16981, 546
8434, 348
9622, 2
12084, 48
19136, 88
9332, 273
10944, 936
11741, 869
2905, 560
16833, 959
1970, 778
18765, 603
10057, 262
14333, 395
2694, 798
15679, 265
18868, 470
5056, 885
1100, 429
9978, 938
17168, 228
510, 876
5823, 622
3654, 983
6181, 219
17355, 820
7171, 626
9142, 970
10561, 666
15163, 777
15494, 713
385, 650
10780, 577
11986, 337
7374, 531
15838, 287
6405, 103
401, 436
9660, 337
19927, 220
15821, 476
8285, 551
3187, 356
15297, 894
15807, 472
3529, 821
18647, 329
9536, 43
7967, 507
6101, 759
2481, 867
17896, 696
1870, 0
3865, 614
17748, 105
17065, 11
7224, 229
3366, 696
14645, 916
1798, 958
16158, 427
5163, 15
1841, 248
10722, 83
6609, 326
10240, 571
15003, 865
16621, 568
7763, 608
1432, 218
11746, 769
3986, 143
8224, 565
8071, 622
1198, 40
11204, 555
15848, 703
3611, 452
8320, 546
9141, 915
8284, 193
12408, 538
18202, 74
14274, 63
12001, 857
4008, 706
5154, 41
11419, 327
14802, 623
10089, 143
10186, 128
1075, 388
11045, 151
14528, 568
16659, 976
1343, 815
13320, 408
2836, 120
10691, 96
2031, 330
15073, 0
17475, 927
3659, 435
1258, 138
14157, 916
1490, 82
9803, 282
3632, 154
8739, 232
13100, 587
8034, 4
15478, 338
12417, 280
5398, 159
1185, 574
933, 660
11527, 720
6802, 829
11597, 782
3096, 262
14762, 460
6456, 365
10906, 512
1401, 578
3594, 799
14478, 471
17993, 962
7300, 297
18097, 177
9317, 111
1226, 444
18623, 310
14369, 729
9288, 142
267, 99
11439, 433
5228, 91
18311, 431
17883, 452
13112, 29
17128, 968
1702, 741
2256, 813
17719, 232
17174, 457
3333, 733
19962, 809
1585, 868
7123, 824
4961, 410
6337, 702
1178, 408
12281, 805
17089, 476
17611, 295
11279, 147
19198, 433
6084, 512
6733, 828
17934, 652
9455, 191
12275, 579
6760, 780
11040, 806
14517, 76
14449, 668
5100, 278
3144, 654
19606, 597
17652, 337
6310, 575
12038, 344
11645, 129
12631, 440
12644, 571
159, 182
11059, 889
11685, 953
19191, 612
8521, 638
10252, 768
14698, 153
1797, 199
11444, 697
5567, 869
12133, 378
17460, 301
11355, 277
7306, 693
11523, 960
4026, 420
7760, 664
3595, 954
3628, 407
17981, 162
17079, 682
6865, 166
13805, 48
15656, 984
16726, 156
15688, 409
11113, 55
13107, 274
13804, 827
16988, 245
18291, 697
14235, 434
15461, 971
6951, 943
5370, 631
13222, 942
5907, 482
5573, 729
12147, 715
18196, 959
7980, 578
11504, 126
2379, 945
2874, 747
744, 978
14672, 792
1936, 565
8069, 404
1110, 109
553, 966
13334, 333
2223, 246
12471, 835
9133, 493
3418, 580
14288, 45
4769, 902
13109, 238
5121, 693
12431, 150
17137, 710
18213, 742
1627, 531
4207, 48
5561, 308
13907, 462
556, 485
1906, 678
16934, 947
8149, 192
10046, 497
13483, 689
12650, 377
11586, 999
12314, 309
1956, 293
15487, 764
9601, 309
395, 90
8754, 204
832, 373
14634, 406
4470, 1000
15589, 605
16847, 726
18004, 593
8515, 39
15852, 51
16916, 839
16855, 211
12520, 264
14121, 873
8610, 320
4246, 825
12183, 448
18757, 350
5855, 44
6484, 494
1581, 291
7853, 354
5062, 407
8679, 278
13539, 918
18938, 592
10077, 879
7138, 108
16243, 309
16346, 939
14586, 507
13645, 873
14596, 783
9690, 532
24, 563
14251, 664
732, 372
18782, 468
10893, 643
18179, 843
12759, 481
14163, 611
4760, 57
3867, 923
13848, 369
19121, 824
5096, 546
15917, 71
11909, 434
13901, 826
14433, 19
17091, 28
5069, 469
1422, 632
18601, 536
16116, 148
4606, 873
10861, 156
13123, 1
4947, 290
7844, 102
6351, 128
19043, 584
14994, 478
12962, 371
11276, 326
15402, 454
3538, 861
6037, 325
6285, 457
8974, 114
7892, 988
7169, 382
14938, 358
8271, 636
12684, 972
10032, 254
15868, 982
12241, 311
2675, 366
15574, 961
2707, 663
4548, 208
12637, 792
15131, 82
4959, 355
1397, 305
14139, 337
19227, 744
3627, 689
18099, 394
15894, 111
9641, 490
1989, 698
6659, 730
6014, 693
2722, 859
19264, 609
16015, 753
13277, 326
17622, 582
11966, 848
4287, 557
14769, 818
17835, 25
17542, 949
9086, 257
7850, 632
16740, 748
6881, 510
10277, 837
9896, 227
5978, 36
6759, 659
16204, 783
3075, 717
11802, 515
2213, 967
15850, 987
7087, 420
15299, 188
5104, 196
13624, 369
3175, 552
12829, 596
6945, 345
3126, 182
8783, 663
3021, 939
16003, 898
1020, 97
11233, 67
6847, 719
10932, 40
12099, 889
11093, 227
3188, 914
17875, 798
4165, 334
16883, 385
2856, 60
10448, 965
16380, 437
18126, 955
5176, 98
1055, 312
7350, 110
16766, 679
17869, 533
4749, 357
11694, 413
9824, 610
15593, 286
1119, 767
8009, 904
5493, 861
7689, 717
10816, 217
7298, 8
19636, 635
17413, 112
12250, 463
4095, 791
6490, 357
16497, 688
10559, 623
209, 595
4608, 214
3917, 295
2319, 872
12368, 943
5589, 184
1456, 782
14692, 290
7289, 667
2268, 213
5661, 119
14197, 938
14062, 697
5411, 289
11132, 808
5610, 278
1773, 983
15818, 425
849, 191
3666, 245
7924, 910
16859, 225
15154, 470
15773, 585
7344, 840
1096, 430
12690, 566
19325, 870
11094, 333
4339, 616
5987, 88
14264, 306
1268, 458
13772, 86
6690, 902
8849, 897
12941, 356
2711, 453
986, 351
17826, 822
12224, 969
18701, 982
12357, 561
1530, 872
19297, 506
9837, 101
13621, 334
273, 138
396, 127
11090, 963
5569, 6
16675, 708
11275, 757
6615, 512
14501, 382
282, 114
993, 604
18519, 977
19489, 235
9582, 229
8770, 889
17503, 795
16958, 840
8863, 459
9012, 87
3933, 992
12297, 947
1284, 621
8414, 984
16512, 560
1922, 588
11225, 816
8687, 758
4767, 870
19494, 98
7636, 947
15124, 435
15392, 876
18427, 220
15942, 264
8703, 842
11816, 685
6302, 55
4518, 840
19802, 218
18607, 588
18729, 564
3274, 387
13869, 264
2110, 244
15916, 597
10381, 885
9083, 85
14505, 258
9152, 504
4822, 575
1754, 127
6883, 914
7542, 920
6394, 815
18876, 960
7724, 342
12216, 425
9338, 918
9181, 810
19764, 269
11203, 949
11716, 545
17733, 44
10247, 109
16638, 221
1636, 374
6171, 949
393, 365
14531, 467
1997, 763
12445, 997
5172, 792
3307, 774
2972, 584
6383, 613
4385, 102
8661, 551
14859, 467
18459, 952
9384, 840
17072, 762
9441, 331
5451, 521
14541, 945
12494, 795
7061, 538
3946, 821
11769, 846
14001, 648
14363, 901
9626, 931
18424, 938
1496, 284
5864, 810
18285, 830
2559, 239
18923, 203
6616, 314
15290, 776
12578, 616
4469, 794
6231, 679
3555, 461
1756, 610
8460, 86
6217, 863
4237, 738
8948, 200
11807, 804
2556, 159
9491, 180
103, 583
1920, 404
13742, 532
14268, 776
8062, 747
391, 499
5019, 342
6372, 565
19240, 320
6163, 685
519, 987
19530, 494
18443, 475
1834, 757
3199, 905
2422, 745
17829, 176
10989, 622
15415, 847
13865, 9
10733, 153
950, 128
5887, 286
6505, 707
1680, 59
6121, 754
4288, 715
17640, 30
15437, 556
7862, 13
2320, 372
4724, 927
15231, 1000
5358, 340
2203, 639
14371, 490
9453, 296
5185, 497
5016, 333
16680, 325
7129, 490
10127, 79
15229, 728
1572, 906
6613, 52
14849, 296
4883, 283
1986, 614
15515, 774
2019, 838
12752, 126
14267, 103
13023, 3
4552, 48
14000, 566
18074, 967
8881, 836
1149, 346
15805, 815
18306, 705
1810, 497
3478, 324
11525, 806
16954, 11
14255, 811
12203, 593
15713, 764
6895, 238
18261, 934
11260, 477
2968, 373
1176, 697
4882, 550
19073, 696
2767, 392
9527, 662
4033, 419
9486, 317
12581, 421
10670, 991
12795, 619
10641, 63
6252, 229
14722, 76
2889, 296
16734, 349
338, 792
16586, 667
9820, 838
12906, 81
7460, 229
16993, 749
19266, 455
9111, 417
15382, 711
7216, 188
6611, 209
15714, 565
10669, 150
866, 218
7619, 578
15654, 871
19137, 349
2170, 203
4727, 108
672, 836
10066, 110
7989, 768
62, 689
7156, 714
17914, 286
1494, 92
19739, 241
4899, 364
16366, 827
5721, 509
16980, 0
8175, 834
9546, 464
15246, 166
1380, 439
11009, 553
2226, 885
10585, 711
18689, 701
15847, 665
9493, 304
18952, 138
17457, 63
12914, 509
19573, 692
322, 660
14133, 985
1431, 857
11098, 435
9445, 774
8645, 36
19409, 123
9115, 399
6433, 583
2901, 24
1311, 863
14443, 400
19471, 802
5143, 645
12066, 445
14780, 38
9128, 281
12839, 661
12531, 58
18044, 900
10384, 491
9070, 220
3157, 678
14615, 423
5434, 233
7196, 79
13042, 715
6603, 147
6419, 214
7756, 507
17637, 321
15015, 207
3725, 828
8672, 748
9253, 98
7450, 562
1114, 796
7259, 151
309, 562
17599, 701
18657, 238
13086, 690
10325, 419
16224, 308
1898, 465
7032, 773
15892, 866
9191, 112
4199, 572
3552, 393
19945, 58
19407, 911
16131, 861
8403, 230
11623, 16
19131, 347
2878, 464
16712, 276
5178, 435
11305, 32
17045, 223
442, 825
3068, 220
1290, 902
8938, 815
19617, 39
4375, 5
13217, 950
4598, 321
7178, 208
13357, 4
15977, 108
14123, 426
6044, 318
5679, 991
11298, 313
14323, 828
14014, 304
11314, 296
2446, 214
10071, 389
10004, 950
16161, 616
10487, 860
6748, 427
6470, 729
9424, 774
3085, 549
4077, 377
4354, 77
7821, 967
11733, 509
7403, 379
18918, 299
7868, 333
2206, 107
12310, 278
6099, 132
4574, 470
8215, 312
11636, 337
17773, 703
9078, 213
12317, 578
8357, 138
7248, 323
13152, 461
8625, 5
15952, 833
3743, 864
11563, 790
10178, 108
8920, 243
5375, 598
10182, 733
10116, 605
13015, 9
12367, 914
12712, 475
15553, 843
10358, 983
13343, 318
14208, 406
15012, 207
8401, 88
5901, 686
3108, 902
19950, 79
2895, 643
6729, 345
17232, 395
11936, 180
125, 760
6268, 68
9689, 270
17407, 251
9676, 196
1884, 752
3590, 932
17737, 732
8614, 87
3839, 809
5181, 512
3165, 271
7102, 268
16175, 766
19237, 952
13926, 556
6679, 621
12549, 458
2653, 24
13641, 431
15040, 645
18214, 463
11719, 126
15344, 458
3837, 426
1952, 152
18954, 752
4752, 723
19226, 428
17735, 895
11417, 169
1528, 313
8797, 169
3130, 479
17302, 905
8115, 660
15680, 187
14350, 696
18536, 988
10095, 131
17929, 396
2525, 175
605, 11
4108, 778
10104, 103
4079, 400
2779, 768
7237, 350
8929, 677
3903, 769
8961, 708
3314, 910
8722, 237
477, 25
9788, 718
10394, 676
10558, 131
19152, 132
15252, 357
17646, 809
7493, 185
8750, 778
17833, 660
6677, 285
8792, 611
4445, 783
10683, 957
9480, 725
670, 797
14282, 351
15890, 756
17298, 862
12954, 965
9592, 736
18164, 889
11216, 887
8317, 950
14855, 342
10216, 424
13424, 709
527, 54
14314, 931
1057, 189
14988, 262
15924, 929
16300, 619
5346, 253
7964, 28
13036, 935
11481, 472
7973, 302
2003, 291
5180, 766
8884, 625
263, 749
14510, 169
7251, 263
6712, 565
3244, 119
19382, 759
6981, 738
12446, 17
7372, 313
8941, 340
176, 460
17925, 469
9188, 715
5837, 982
11975, 572
4178, 953
9965, 910
11755, 845
10096, 29
16350, 500
15816, 454
808, 925
7792, 247
10423, 965
8495, 346
9705, 448
14301, 173
10003, 18
7160, 289
3713, 515
1961, 849
7081, 848
7843, 535
11432, 56
13388, 768
7936, 883
13633, 730
6287, 732
10140, 27
746, 569
18473, 221
19544, 274
3699, 479
14200, 32
5974, 322
14151, 102
10550, 35
7190, 752
801, 227
19201, 731
18262, 608
18997, 240
6097, 396
17927, 398
10532, 224
10580, 90
9203, 565
18468, 149
1866, 912
15049, 296
10922, 870
13766, 479
10339, 884
16369, 753
11198, 129
13230, 592
18629, 695
5229, 205
10870, 709
2495, 794
3975, 979
9325, 190
7961, 320
1905, 124
7726, 21
15034, 611
18153, 246
9721, 681
4275, 230
6012, 306
18680, 332
18323, 891
11191, 662
18160, 651
11164, 759
4819, 162
16264, 720
3997, 865
14124, 695
1348, 372
8334, 878
13715, 567
5652, 239
18992, 44
3890, 411
8386, 430
17961, 124
13523, 651
14888, 547
2341, 3
17348, 624
12200, 432
4241, 998
5720, 432
11236, 664
10633, 910
12698, 15
15301, 275
9053, 343
17731, 67
1191, 821
1326, 491
5119, 191
4970, 608
10478, 529
15084, 909
15449, 668
9358, 295
3560, 894
6607, 258
4798, 592
5933, 115
4024, 468
10215, 296
9749, 443
17982, 258
16991, 6
9757, 603
3164, 126
13281, 925
5630, 964
9131, 955
458, 157
18016, 314
1473, 261
3821, 687
11951, 322
1250, 401
7422, 118
14940, 626
19988, 848
2971, 3
14982, 293
16396, 82
12599, 784
10974, 923
19435, 475
13522, 662
5392, 360
14840, 793
10681, 202
8915, 555
17755, 271
11307, 930
19603, 537
19444, 895
9343, 908
19094, 557
14685, 810
7513, 772
3208, 429
13261, 332
13025, 575
10122, 678
9696, 839
19488, 29
8072, 508
18683, 392
542, 314
882, 134
7497, 858
8345, 412
5400, 847
9985, 89
11177, 173
11081, 899
6742, 41
7739, 694
7702, 964
2459, 30
14345, 661
17831, 43
4602, 667
15116, 875
3967, 553
14572, 858
12193, 344
19105, 509
7412, 910
2089, 31
14791, 257
3077, 604
4459, 397
17626, 877
5378, 146
12349, 529
6326, 579
17862, 765
179, 40
16045, 351
163, 203
18991, 663
7571, 220
13012, 381
11729, 335
3480, 645
4011, 812
17975, 863
1287, 172
11329, 273
2102, 327
3200, 76
14210, 37
3777, 825
5524, 607
9470, 973
5841, 948
19671, 232
16523, 78
4626, 490
2486, 838
15509, 901
10567, 85
3910, 13
17120, 819
2660, 524
6225, 906
14617, 70
3433, 406
17453, 155
1698, 461
12483, 210
11635, 504
19549, 359
772, 389
6602, 756
3019, 629
18668, 316
19241, 860
2816, 208
18617, 604
12266, 770
16454, 893
1951, 864
11406, 605
2970, 571
10294, 171
7714, 116
5479, 241
17510, 407
7153, 387
6754, 870
15041, 992
2458, 301
1265, 595
2952, 817
5810, 759
8312, 55
17345, 479
701, 543
1536, 460
5280, 697
531, 669
7937, 452
13199, 10
10918, 561
17859, 423
5957, 168
11141, 688
17419, 466
3751, 1000
2114, 270
19269, 775
13668, 847
14812, 121
5102, 866
12219, 530
2053, 900
6027, 276
16692, 210
3570, 968
11581, 761
1064, 58
14341, 678
1344, 994
14841, 763
601, 383
18516, 401
8132, 764
972, 751
4338, 428
6568, 185
3630, 731
10253, 807
11078, 127
559, 604
1200, 731
9593, 422
15839, 365
4515, 517
7132, 321
11765, 791
7962, 746
4136, 490
9223, 341
9832, 188
14381, 198
19897, 30
18201, 156
19959, 762
1224, 667
5743, 732
6359, 878
5869, 693
14338, 338
19205, 151
16757, 842
11967, 203
11917, 612
4064, 464
4764, 129
8184, 172
4154, 773
13510, 447
8468, 384
16351, 26
6399, 335
16651, 830
9666, 158
12807, 118
9895, 665
9272, 115
1281, 986
11498, 696
5618, 910
4874, 353
11710, 971
2361, 239
19028, 449
17904, 42
17794, 147
16827, 292
12884, 123
19568, 733
1235, 734
8472, 628
751, 876
13898, 472
18826, 652
16700, 463
11201, 7
13412, 810
3149, 898
16473, 909
11112, 197
16501, 451
4238, 376
8564, 84
742, 145
1067, 600
15858, 327
19893, 792
12753, 701
7009, 10
11616, 719
16663, 189
13927, 865
19943, 980
3353, 816
12769, 465
9628, 128
16620, 526
8096, 811
12235, 545
13721, 252
809, 105
17185, 519
5733, 12
2951, 308
6550, 25
8020, 183
9027, 242
4392, 63
3805, 78
835, 328
16719, 569
7659, 792
471, 325
12470, 836
9030, 834
19773, 391
9899, 225
6485, 695
19605, 193
1070, 516
12878, 722
18378, 205
9866, 193
15283, 755
10776, 531
3749, 37
18643, 356
13145, 214
14265, 312
18961, 834
13597, 172
8197, 696
95, 107
15880, 489
17263, 315
2118, 617
19252, 199
19845, 516
6176, 690
11603, 367
9421, 751
13476, 692
13815, 788
5219, 104
17518, 871
9657, 9
12666, 252
2853, 787
19180, 120
15585, 259
10285, 40
5035, 883
18953, 446
14727, 717
18734, 26
3093, 81
5468, 277
382, 17
10817, 955
6021, 826
9907, 972
16373, 488
13777, 9
13447, 922
6293, 781
12541, 120
12505, 29
2299, 774
4285, 794
476, 639
12293, 552
7369, 540
8436, 617
8143, 9
5668, 220
13890, 348
12466, 894
16, 196
12205, 769
327, 556
5466, 9
5498, 504
9741, 336
3976, 707
10873, 116
14515, 431
13266, 923
1762, 852
5499, 323
3935, 619
11611, 530
15466, 274
2462, 749
11067, 427
19569, 284
12426, 435
14094, 797
4609, 371
2534, 935
8691, 679
6806, 345
14957, 390
8620, 26
5984, 768
8081, 836
2121, 781
10136, 547
6515, 936
6245, 875
11495, 401
9566, 674
8089, 483
5625, 721
14431, 656
9941, 373
19431, 92
9736, 137
10865, 111
15172, 979
11508, 163
3688, 617
2238, 245
2064, 171
19098, 275
7418, 360
16196, 683
3279, 613
19356, 303
10060, 140
17346, 475
6195, 305
6719, 374
16709, 862
19668, 725
9022, 638
7502, 533
10194, 140
1988, 991
14715, 469
16588, 678
15390, 502
17358, 684
18105, 648
2857, 653
8319, 922
11608, 898
13917, 672
224, 807
13225, 591
4984, 638
169, 742
10023, 885
15201, 413
7436, 256
917, 194
852, 532
507, 997
2749, 873
15404, 534
19456, 154
2942, 898
5297, 622
45, 967
13747, 356
6521, 28
806, 977
2755, 896
14798, 354
17955, 840
7680, 635
827, 713
2122, 849
455, 200
16521, 749
15662, 820
4004, 976
15071, 590
2632, 217
14195, 98
18716, 552
18970, 295
2504, 534
17962, 90
15477, 241
5528, 70
18483, 490
19651, 733
13684, 621
838, 52
19961, 523
854, 711
13420, 390
7857, 200
17860, 274
6782, 239
5452, 57
19571, 532
11320, 64
7179, 636
19244, 369
1953, 343
13860, 191
15614, 26
6016, 121
14537, 601
7077, 415
18339, 652
259, 399
690, 69
4995, 25
19459, 220
9882, 754
12440, 10
2876, 909
2761, 616
18884, 700
4942, 54
3855, 64
8854, 416
13811, 315
17822, 395
13279, 745
9050, 461
19063, 767
6258, 77
19307, 380
4420, 259
2178, 839
12791, 737
2150, 552
15510, 882
17890, 695
14710, 638
18582, 888
11568, 445
16437, 631
19470, 277
2345, 86
17624, 319
6619, 433
18568, 16
10727, 542
5977, 685
16736, 444
4925, 970
17446, 514
2682, 773
19247, 82
4688, 873
19686, 314
17244, 893
8191, 846
18878, 569
8986, 296
19679, 495
15267, 547
17940, 871
2753, 369
65, 658
803, 463
11890, 211
2557, 381
8565, 47
7329, 539
11821, 285
11560, 430
18051, 499
2263, 914
8820, 539
17175, 342
13606, 595
18564, 884
3293, 927
17166, 936
16710, 370
12991, 646
3392, 138
12867, 956
15682, 669
14853, 983
1031, 667
863, 585
19742, 365
12396, 320
10665, 119
16032, 252
18504, 441
2706, 84
2561, 964
13018, 152
19373, 824
2380, 420
15638, 793
424, 82
2508, 938
16235, 671
4890, 477
10747, 275
16513, 269
12727, 438
11188, 373
5775, 346
18712, 171
4943, 124
7797, 661
8411, 125
12127, 705
14364, 519
1189, 634
12936, 214
14679, 805
2368, 555
6956, 624
3152, 443
9539, 531
16698, 831
5526, 270
8368, 865
6278, 320
1111, 32
4541, 639
13704, 921
5303, 697
16392, 69
10037, 201
3468, 562
15922, 10
4538, 898
825, 925
17654, 361
12253, 332
878, 867
18524, 32
16756, 112
19879, 130
16643, 561
3532, 129
628, 777
6698, 142
13189, 685
4999, 103
5164, 389
16089, 600
13566, 48
17908, 34
8782, 463
9551, 374
13528, 346
7489, 714
14563, 969
11217, 12
9261, 549
15479, 489
12248, 78
5162, 242
5750, 762
16622, 950
9439, 108
3818, 117
3312, 588
9648, 233
16816, 903
6116, 79
4685, 795
19952, 654
10067, 299
5911, 475
12012, 690
12955, 607
8836, 36
10808, 364
17074, 164
19888, 604
8562, 428
760, 599
8168, 952
18990, 293
8018, 440
17811, 636
3971, 823
13267, 882
3520, 517
16764, 114
9137, 680
11584, 681
12337, 516
9375, 181
3916, 986
2346, 172
4399, 860
5867, 27
18736, 672
15734, 57
19484, 802
18613, 398
3048, 481
8302, 902
2589, 679
15552, 336
11786, 781
19187, 417
19542, 331
19313, 397
2875, 440
14201, 933
12501, 659
8335, 267
9583, 847
2801, 840
6190, 710
15403, 612
3380, 89
8784, 883
19116, 574
17742, 817
6559, 709
5054, 486
10625, 399
1771, 260
10947, 688
9530, 797
6089, 332
15275, 373
15212, 117
252, 152
1752, 505
1243, 932
18346, 119
13622, 120
4366, 876
9667, 495
5533, 930
13060, 249
9351, 36
901, 498
18842, 662
14730, 826
14117, 523
17478, 462
10070, 613
5540, 218
5248, 31
15308, 89
15206, 967
18173, 294
12482, 115
19206, 232
13989, 14
10433, 748
14375, 847
17844, 776
2282, 954
6544, 162
3227, 895
16783, 234
1300, 718
13911, 377
3004, 673
8774, 878
18706, 833
625, 391
9698, 893
10308, 129
11087, 264
9855, 632
6976, 278
10847, 949
18644, 379
16334, 756
16772, 108
4584, 165
6151, 695
3195, 339
5761, 971
8362, 145
17873, 880
2592, 169
6086, 172
4119, 128
2756, 742
19980, 151
7649, 989
2429, 991
5296, 594
5870, 83
17661, 295
16372, 24
6629, 302
6438, 639
13419, 716
18086, 721
17693, 938
6155, 204
9833, 112
19846, 332
18324, 215
19454, 406
4476, 929
13130, 48
15017, 132
2106, 876
8823, 558
7232, 543
5790, 833
6958, 631
61, 44
9962, 142
6432, 245
19903, 499
1181, 950
13200, 397
18612, 397
10831, 486
4596, 704
234, 513
4782, 820
2154, 578
6315, 394
16238, 871
11534, 261
9241, 210
18854, 526
16252, 909
17522, 156
19099, 55
15864, 768
19788, 324
4994, 568
19591, 514
4009, 136
3184, 391
8555, 334
15913, 71
11628, 453
11085, 624
16948, 805
17443, 950
7564, 520
19212, 674
9827, 618
3282, 14
19473, 708
13276, 588
14346, 725
17138, 583
19892, 619
12819, 915
9517, 38
3213, 401
7103, 433
12685, 24
13147, 550
15928, 675
9693, 6
15936, 708
1319, 670
5641, 909
17202, 205
10281, 983
14499, 349
14085, 738
9116, 738
5964, 588
13254, 859
10100, 702
14399, 431
7810, 886
177, 480
11221, 134
5091, 675
687, 149
18823, 540
11060, 121
19801, 881
17210, 168
19436, 560
12743, 911
14883, 574
9149, 586
7213, 324
4144, 986
3696, 506
6823, 601
15205, 158
11048, 985
977, 546
16140, 671
451, 794
143, 140
16749, 890
7172, 574
18514, 677
19904, 434
1028, 584
9019, 10
18708, 244
16699, 803
13202, 37
14475, 135
12459, 495
3047, 456
14415, 269
2721, 0
19468, 162
12055, 226
7516, 489
14622, 734
2628, 305
18912, 243
7803, 162
13369, 144
9805, 948
5133, 235
2822, 82
5117, 427
5088, 637
7430, 401
17220, 11
3262, 581
9808, 573
7740, 396
9900, 926
19851, 549
9471, 704
17463, 63
2770, 269
9607, 584
4252, 963
1944, 882
12846, 671
15748, 900
475, 318
3385, 697
7655, 281
7297, 889
9232, 96
11516, 151
7972, 197
7040, 533
14566, 130
2684, 934
15855, 986
3859, 26
18025, 844
17100, 526
16306, 221
13133, 664
6826, 368
15810, 25
8381, 20
16183, 37
19741, 716
9879, 731
4817, 742
6725, 220
9319, 411
4462, 397
13567, 138
5161, 461
15798, 944
144, 918
1894, 841
644, 296
5353, 450
19188, 276
1450, 965
1510, 559
19013, 415
4665, 982
11799, 991
1983, 207
3937, 561
225, 700
4299, 127
11982, 896
10803, 616
4266, 440
17375, 151
13359, 184
10749, 767
8359, 799
8387, 201
17319, 868
12952, 334
6939, 937
4906, 940
13052, 558
5331, 79
6990, 42
5200, 17
17935, 346
15320, 991
10106, 96
3485, 174
8593, 366
12575, 217
4232, 656
7955, 57
6076, 716
9296, 62
5136, 215
11569, 763
3118, 52
11121, 366
15911, 305
16566, 156
17565, 499
10306, 590
15986, 502
14227, 160
16478, 195
3496, 280
10760, 763
1219, 399
10916, 452
5305, 999
12747, 12
145, 440
10495, 918
2937, 757
1695, 979
11972, 479
10065, 232
6370, 897
15463, 76
7928, 678
9347, 68
13014, 249
11659, 932
12346, 515
17698, 151
9433, 706
4976, 87
16222, 522
14597, 18
2117, 405
10912, 149
10819, 387
14956, 546
9213, 233
19465, 238
14188, 708
10380, 616
7016, 185
11935, 272
13504, 209
9913, 195
18867, 211
4345, 429
16107, 546
6632, 846
2111, 850
2244, 493
16873, 581
15058, 343
9006, 328
15735, 190
18224, 471
14135, 961
16042, 206
15523, 244
17386, 834
4960, 146
10099, 418
6871, 304
7431, 865
16111, 448
4884, 102
1600, 939
14142, 146
11650, 565
653, 939
955, 850
19138, 577
3355, 699
228, 587
10652, 786
8803, 971
9058, 524
8616, 141
1509, 864
13623, 204
1089, 480
11849, 535
10015, 449
8032, 389
6041, 716
13472, 675
2687, 775
9122, 792
16599, 312
10789, 844
1495, 839
17534, 198
55, 742
4559, 730
5484, 985
9541, 292
6935, 337
14127, 179
11390, 955
5427, 714
593, 577
2149, 564
19995, 747
5214, 927
18778, 410
2145, 95
9447, 68
14826, 507
19147, 622
12340, 890
13296, 671
19958, 680
14052, 410
5152, 816
7337, 811
13591, 190
9784, 147
998, 729
3874, 108
19010, 724
3026, 727
356, 419
5321, 799
10658, 69
19710, 532
7614, 309
17142, 778
16159, 630
19765, 810
14833, 863
8843, 583
12161, 645
874, 890
3278, 631
19167, 76
6535, 828
11288, 311
19572, 412
8441, 258
6796, 654
3676, 963
378, 221
13840, 471
17922, 148
15674, 823
372, 465
18851, 650
5470, 17
12662, 194
3069, 479
5007, 674
13868, 999
19540, 255
14065, 284
9080, 47
1382, 393
1759, 133
2492, 286
6682, 482
11214, 610
15457, 908
131, 266
13830, 784
8008, 716
10811, 100
10159, 63
8060, 189
17211, 141
3850, 150
17012, 273
7620, 63
12406, 464
7761, 40
9285, 629
13651, 298
4870, 373
13681, 618
3487, 350
8906, 80
1060, 179
8500, 964
10512, 844
17176, 164
3827, 196
9033, 76
4262, 354
3651, 553
12172, 859
110, 390
18454, 720
129, 894
16269, 818
19508, 330
19567, 9
14424, 886
2864, 976
2980, 33
5820, 512
19224, 382
11937, 167
10646, 800
2597, 715
15610, 771
2907, 266
19973, 110
5018, 474
1026, 184
9968, 759
1787, 26
17341, 635
15083, 320
11780, 676
10514, 57
13872, 143
18769, 5
4838, 276
16446, 759
12899, 49
7789, 446
1283, 641
15787, 494
17546, 72
13294, 754
11256, 950
2863, 165
3169, 273
2278, 998
16333, 163
14953, 332
407, 762
16553, 419
9279, 525
14647, 524
13064, 128
16090, 503
1973, 80
13127, 979
13822, 583
4758, 843
191, 295
13936, 466
19949, 253
13093, 959
9605, 780
18907, 365
17730, 425
15814, 569
5723, 50
11722, 525
2369, 146
17067, 108
12978, 660
17783, 338
7415, 529
4331, 275
17558, 820
3985, 629
1583, 539
11906, 127
1831, 827
6643, 396
3051, 324
12873, 540
12770, 481
9762, 772
18103, 882
10, 752
15388, 729
19598, 944
2900, 976
2280, 719
6297, 619
17155, 743
17262, 498
5207, 97
15853, 249
15406, 798
19843, 135
11660, 430
2963, 972
19996, 785
19970, 192
3734, 820
4739, 321
8140, 158
17607, 415
6509, 875
19896, 621
1500, 856
51, 849
4992, 796
4696, 934
9932, 650
8943, 848
7220, 924
130, 884
13912, 852
9844, 700
959, 527
7182, 460
4106, 593
15702, 807
4529, 204
300, 480
12620, 320
3672, 164
10814, 738
2134, 589
1278, 556
17017, 388
13233, 637
15417, 80
19109, 12
19905, 560
18758, 170
11589, 38
5365, 892
15973, 986
19186, 915
213, 661
11884, 370
1610, 547
14229, 689
9922, 258
18360, 275
4021, 177
9598, 221
6789, 493
307, 994
19399, 608
17830, 999
15616, 328
16471, 804
11987, 696
9269, 158
1040, 743
15342, 50
7805, 141
5925, 190
19551, 786
18779, 332
15622, 758
19279, 708
9726, 797
14476, 929
4824, 660
12648, 587
18805, 446
5692, 293
4671, 218
9609, 755
16624, 833
9710, 884
3017, 805
17743, 8
5845, 530
11250, 270
17692, 352
3325, 291
9189, 654
16070, 83
14863, 663
6927, 382
9204, 604
2947, 942
12181, 190
3301, 651
8356, 124
12197, 914
1766, 617
10268, 605
13682, 574
12564, 373
2635, 486
13167, 577
17020, 655
9287, 318
4322, 729
5577, 339
2647, 719
16052, 139
749, 232
4778, 436
9031, 202
16636, 437
2352, 295
15715, 852
11175, 489
19793, 864
8852, 815
12005, 463
19419, 354
5899, 868
10183, 752
10412, 733
17203, 779
11388, 401
8535, 506
2335, 220
9543, 718
6547, 603
15400, 549
8292, 971
1624, 699
19002, 418
19294, 480
16377, 706
6533, 833
2703, 683
10498, 35
19125, 532
13140, 190
17480, 232
15213, 339
5366, 468
9165, 158
5307, 258
3908, 318
4289, 99
3191, 93
13761, 570
11520, 466
3230, 273
15214, 906
10260, 276
7468, 58
13154, 209
12375, 617
17309, 388
19225, 788
18949, 347
5943, 999
14051, 878
983, 987
15237, 115
14813, 861
14362, 493
9172, 370
13569, 705
19688, 96
3365, 119
3716, 151
2616, 584
15687, 265
2984, 127
9974, 254
4006, 568
967, 733
1121, 493
17492, 411
14836, 999
3221, 312
16676, 929
6448, 345
3527, 200
19938, 790
16426, 367
15187, 802
17144, 15
16414, 103
10603, 343
12134, 848
11451, 251
13520, 291
4842, 213
18565, 279
4315, 442
5584, 771
11366, 177
19919, 398
3774, 186
17231, 58
3941, 644
1546, 738
7925, 809
10043, 565
18637, 143
2004, 681
9850, 189
4325, 808
19691, 415
17850, 202
5295, 370
2191, 865
12497, 29
19877, 216
703, 459
14409, 812
17401, 381
7159, 293
17233, 990
5659, 234
11667, 990
7992, 224
16194, 827
2668, 35
8066, 945
5367, 72
287, 192
9730, 888
17697, 15
5664, 793
5189, 967
3512, 773
8022, 664
7697, 492
3088, 771
1263, 667
6480, 679
8684, 195
5340, 198
13837, 380
15500, 423
13999, 623
9016, 407
18392, 684
3347, 664
1957, 246
14453, 471
16840, 420
4111, 157
9212, 615
4495, 276
896, 487
9412, 340
10225, 591
14877, 705
13519, 50
12918, 328
2235, 314
15215, 447
15560, 416
1341, 633
13421, 185
8391, 807
12508, 818
5206, 774
7012, 879
9457, 200
19281, 951
11612, 361
14641, 570
7386, 727
3470, 826
16403, 835
1647, 900
18745, 815
12636, 718
12653, 497
5898, 796
5840, 600
146, 177
5476, 719
9661, 675
14868, 863
15974, 825
15271, 904
7664, 553
17745, 724
12416, 269
16691, 745
14129, 514
13983, 863
5285, 782
1784, 147
2957, 404
2259, 939
8501, 478
1158, 159
9587, 721
8404, 870
6770, 486
8281, 839
7402, 38
2925, 584
14884, 903
5169, 890
6032, 295
14947, 462
11646, 661
2371, 367
2832, 629
1554, 682
17290, 764
3229, 478
17442, 151
3323, 575
10751, 483
15418, 736
482, 176
569, 664
18302, 477
8830, 232
6443, 479
5012, 726
11014, 418
6282, 702
17215, 942
5660, 66
16083, 826
14036, 197
15938, 877
10818, 126
12703, 622
4295, 52
17282, 705
6783, 521
5880, 951
7397, 952
9735, 693
5850, 999
18376, 689
13993, 454
3406, 232
15066, 21
15043, 706
12153, 239
2153, 346
3034, 340
18493, 389
11963, 391
18296, 930
9208, 306
2638, 367
14289, 483
4439, 581
19422, 843
13214, 509
13485, 461
2811, 222
5009, 834
4898, 110
4672, 385
3700, 500
9323, 952
14009, 186
8390, 962
10455, 665
2598, 555
2038, 957
19229, 512
10770, 952
2216, 442
7670, 198
6595, 701
5304, 498
16800, 870
17010, 177
6705, 463
8156, 534
283, 870
120, 10
4040, 239
11641, 475
1739, 375
18081, 954
15485, 108
9500, 755
9934, 649
5748, 455
9501, 611
17759, 868
2237, 94
7380, 163
10609, 878
16319, 48
12768, 371
5418, 490
19158, 285
15874, 885
11447, 380
12604, 491
1941, 510
19779, 23
13814, 385
11745, 123
15138, 277
18122, 983
7681, 209
14958, 201
19944, 1000
11606, 613
17644, 33
12029, 32
15540, 879
10397, 142
5483, 269
4868, 630
106, 317
576, 441
15627, 894
2724, 404
4891, 895
3724, 899
11851, 700
1249, 197
11546, 486
17267, 66
3102, 515
15759, 858
3405, 32
15671, 321
8070, 899
126, 772
6204, 483
6144, 425
7930, 995
1233, 354
2913, 699
9636, 436
19346, 970
13560, 916
4673, 619
18299, 987
1021, 221
6537, 887
3599, 459
192, 193
2772, 391
9662, 433
16866, 770
7296, 700
19219, 692
17686, 780
11004, 279
9476, 533
3332, 918
14699, 542
4601, 411
17496, 873
1804, 87
18401, 831
9000, 495
5852, 68
19725, 481
9603, 392
13824, 416
15230, 705
14713, 541
303, 56
13005, 447
11423, 809
10113, 547
14106, 838
1058, 215
7568, 885
11691, 453
19157, 755
2298, 890
13024, 83
10191, 85
11962, 988
7146, 718
10162, 100
15323, 468
4900, 961
17901, 287
5803, 921
9372, 748
17805, 904
9096, 508
4680, 81
12464, 633
147, 698
12854, 464
9221, 152
6198, 973
19087, 269
19946, 157
815, 977
16411, 871
19678, 84
2594, 555
15790, 450
5174, 19
80, 599
5151, 78
7202, 837
9800, 323
387, 32
18136, 103
9860, 937
17865, 695
11450, 296
16509, 133
10172, 299
18243, 489
8609, 336
7942, 197
7039, 405
867, 666
11485, 574
19953, 23
16672, 136
15689, 61
14827, 759
6369, 748
9451, 793
19728, 631
1072, 493
2210, 209
12240, 650
7978, 931
11494, 833
10948, 813
4340, 904
194, 728
3259, 683
13043, 678
7713, 201
9804, 739
13255, 395
6040, 320
19638, 805
810, 449
5396, 477
1396, 314
13394, 727
6662, 858
14278, 514
19258, 843
1526, 468
18687, 557
7678, 756
2208, 126
1677, 781
13600, 66
851, 799
2565, 713
19220, 141
10829, 506
8894, 209
13902, 729
6562, 967
5049, 981
2185, 446
954, 299
14103, 648
17489, 691
4141, 216
7021, 611
1358, 840
16943, 973
6684, 999
7311, 517
16611, 410
6232, 369
10842, 763
10400, 13
9683, 639
15925, 252
3194, 643
11061, 283
685, 52
7393, 838
18774, 972
3456, 578
8058, 319
2051, 445
5232, 817
18614, 479
2642, 17
6440, 270
4536, 473
4378, 265
12901, 936
13114, 384
13800, 754
802, 117
14913, 560
9510, 134
10180, 176
13124, 867
13806, 236
784, 137
3582, 219
13980, 961
7184, 197
18588, 628
211, 765
6133, 841
12011, 327
5017, 720
15332, 560
655, 133
15426, 30
12837, 72
15672, 652
9980, 856
3421, 827
14460, 625
11454, 356
10305, 191
13332, 169
17758, 388
12405, 453
7371, 21
14655, 392
8052, 76
14873, 129
2199, 863
16043, 244
1656, 756
17421, 654
7566, 88
16608, 851
3223, 391
16851, 707
17004, 674
16342, 485
18552, 131
18138, 683
16459, 327
3345, 174
4508, 617
12088, 113
8827, 28
15358, 942
15815, 91
1765, 816
2487, 299
11819, 207
11715, 288
13666, 648
17260, 754
16580, 542
9043, 208
7373, 435
19507, 858
13812, 739
4643, 365
7068, 162
17373, 211
7203, 705
5146, 724
2538, 122
2484, 309
822, 766
8927, 260
16631, 332
19195, 970
10597, 50
13713, 257
64, 887
6557, 397
7573, 68
12023, 139
5488, 165
3617, 364
8864, 521
9646, 873
2886, 858
15707, 637
951, 191
17482, 542
19730, 463
12025, 622
688, 747
5522, 609
11559, 289
5586, 22
15804, 145
6088, 334
151, 457
1491, 541
4037, 878
2542, 414
12586, 902
14097, 749
10051, 832
18373, 375
18272, 710
12267, 917
5020, 603
2272, 63
13275, 805
3835, 890
2689, 991
19889, 57
1658, 795
19552, 87
18023, 907
11306, 660
7167, 820
2109, 784
6691, 279
7526, 8
18055, 529
4912, 744
16966, 327
4163, 619
18655, 59
17659, 157
19697, 608
15266, 440
1489, 832
12251, 574
445, 895
12741, 880
18654, 959
3454, 486
6522, 464
13764, 147
9432, 468
18969, 874
16082, 519
8511, 871
4660, 774
4036, 511
18660, 957
19293, 510
13438, 828
4001, 373
14038, 430
4067, 639
11570, 63
9117, 250
19991, 536
12701, 417
6429, 581
6598, 887
11764, 491
17086, 530
15901, 110
15934, 558
2877, 425
18998, 240
11254, 120
11328, 263
19690, 25
16386, 174
6860, 845
4566, 257
6319, 639
17800, 354
3016, 455
2239, 957
15167, 369
7004, 148
10361, 980
4977, 882
19767, 809
7495, 947
3637, 838
1087, 215
2125, 885
5158, 467
11226, 330
17554, 996
9995, 588
4651, 863
5015, 840
1410, 780
9216, 909
5092, 312
5250, 185
1127, 174
9474, 721
17973, 338
13231, 636
13259, 584
11596, 528
7185, 294
8297, 491
10728, 718
18584, 370
4284, 880
3346, 263
3215, 568
4683, 391
5715, 367
5632, 725
1364, 18
1888, 159
4510, 653
918, 144
14773, 99
919, 672
11938, 215
6197, 270
2397, 106
10827, 361
7025, 221
18695, 537
7744, 236
11970, 915
4223, 407
17728, 145
4337, 84
12295, 390
3568, 706
8141, 440
11833, 798
1930, 798
3441, 973
11830, 207
6870, 118
2267, 763
15259, 918
1577, 968
19918, 135
8306, 754
13467, 469
12113, 427
13258, 589
19445, 715
6846, 21
2131, 287
15723, 801
17888, 711
8088, 482
13136, 324
738, 58
16828, 80
12454, 267
1858, 122
19056, 297
6987, 246
14021, 728
6756, 492
9162, 549
12517, 890
16950, 625
4014, 79
19789, 455
7510, 427
4736, 352
3515, 156
13250, 161
1398, 159
9650, 498
15335, 922
19024, 107
4465, 823
1439, 545
441, 145
5890, 918
8313, 949
19872, 490
11547, 81
3483, 115
2092, 265
14295, 547
9653, 373
17173, 249
2776, 800
19347, 555
9867, 792
18795, 555
4933, 631
1955, 866
2783, 315
2835, 692
4140, 505
10705, 481
9485, 845
17368, 601
3869, 673
14594, 846
7189, 877
10378, 938
9446, 529
9170, 759
13142, 696
19682, 428
18208, 363
3459, 213
938, 526
12748, 721
5095, 163
2146, 127
3977, 295
1996, 865
5351, 586
13687, 628
868, 883
6749, 937
173, 340
13481, 272
13081, 755
9954, 96
6192, 404
10404, 410
3335, 82
16750, 555
2644, 556
10078, 764
244, 38
11593, 302
19395, 253
6917, 274
13789, 24
6909, 930
16310, 873
17633, 879
15929, 343
1027, 121
10424, 602
6775, 37
13348, 332
2926, 840
