62231, 882
10253, 360
69299, 122
22835, 272
51153, 169
8303, 727
63222, 373
12995, 795
57808, 833
45871, 866
45267, 793
71490, 163
52776, 718
1435, 890
39768, 586
31420, 49
22162, 77
269, 893
43414, 36
33627, 398
67310, 209
37148, 41
42951, 307
77760, 700
31691, 273
50032, 863
41665, 168
7712, 435
62211, 354
54465, 616
30821, 136
39680, 214
28876, 306
77175, 60
24365, 482
40333, 49
52063, 330
716, 517
12207, 132
63849, 400
63109, 939
74566, 510
16272, 517
55918, 476
66096, 289
49555, 832
63353, 581
65956, 383
33859, 269
63859, 45
24727, 840
50749, 234
9170, 149
10564, 218
78737, 737
57821, 480
1279, 32
69768, 693
4508, 643
60618, 193
56187, 497
67717, 324
43135, 655
70444, 309
79670, 774
49771, 448
33953, 773
42388, 634
79428, 149
61465, 32
43403, 768
38944, 369
52900, 806
20223, 469
13045, 360
20304, 31
15569, 234
56892, 924
66777, 837
15867, 396
76713, 92
38629, 946
40036, 591
58105, 916
28521, 92
40243, 911
49531, 190
6081, 272
71639, 124
46334, 208
28506, 906
44863, 958
10580, 656
18414, 822
41673, 706
26615, 686
11290, 522
28098, 404
56468, 747
2154, 808
44132, 528
64006, 74
25924, 382
13827, 161
25323, 88
34672, 637
23368, 295
61179, 981
10806, 701
67631, 911
65738, 564
55590, 112
44404, 67
7526, 156
25194, 520
1277, 470
76577, 672
35202, 994
56114, 961
6704, 703
21455, 120
70317, 563
13218, 95
9973, 551
47980, 337
25662, 92
50823, 527
78692, 697
46424, 147
70050, 174
46932, 845
8654, 843
8006, 770
26819, 857
49890, 666
48176, 305
37126, 800
13565, 12
9762, 100
73825, 554
34111, 765
3877, 216
78961, 352
64094, 6
79782, 543
22255, 346
62407, 603
65859, 948
17916, 655
31728, 549
5362, 192
73422, 523
39715, 682
26872, 541
4898, 837
12270, 557
55789, 453
501, 59
22555, 530
32021, 881
71305, 487
596, 583
14238, 783
12633, 300
30820, 374
49434, 859
58238, 217
398, 41
68177, 457
72037, 637
65514, 242
35763, 478
1057, 700
30508, 264
27080, 641
16578, 416
2240, 432
40108, 490
54065, 769
46276, 685
49290, 745
67804, 661
21126, 615
55256, 405
75477, 241
69158, 502
68965, 703
15141, 577
21316, 844
6676, 118
68111, 447
14400, 900
30934, 469
41716, 555
45064, 762
79239, 295
77821, 243
9226, 973
56510, 220
30500, 739
11025, 672
36988, 187
30096, 199
1934, 972
23459, 444
13836, 688
68179, 984
45401, 329
62937, 415
38005, 670
29036, 487
76585, 779
77191, 835
6197, 87
37994, 396
77938, 414
59616, 528
8508, 644
37934, 76
36634, 771
33855, 282
54644, 136
68133, 919
20268, 74
35478, 851
25936, 326
38951, 464
16245, 905
18168, 267
25752, 91
35892, 709
60983, 626
65799, 823
25840, 385
45400, 461
38530, 599
8196, 603
50149, 325
44197, 846
75051, 395
60721, 266
37828, 70
18820, 183
63581, 82
53722, 489
944, 326
34912, 494
75282, 265
72339, 365
67495, 742
10852, 292
29468, 787
13952, 735
56201, 658
43867, 172
78622, 376
41617, 894
37160, 236
15121, 584
79295, 289
77685, 209
31187, 316
37593, 890
50956, 645
34800, 382
29854, 56
78938, 473
41330, 625
3796, 713
22607, 219
61813, 480
16100, 649
74594, 795
5796, 923
36058, 291
52795, 268
70268, 465
62476, 552
40494, 514
37048, 806
78442, 611
73184, 672
34582, 432
25594, 563
18821, 839
64654, 493
41793, 80
63292, 907
78547, 689
40162, 198
71070, 298
7747, 838
14203, 29
19199, 157
55043, 28
65614, 600
70391, 858
30692, 864
2723, 954
53924, 398
8059, 772
40290, 623
52546, 846
73539, 47
75322, 106
78644, 87
31288, 995
79971, 500
41967, 187
48539, 673
71363, 967
33579, 798
64739, 154
75299, 621
21629, 59
59848, 797
2298, 156
73092, 600
58526, 96
21116, 951
66232, 889
74862, 232
74863, 530
25973, 755
62014, 882
55104, 660
1189, 561
43961, 688
11235, 53
66803, 312
15214, 842
57541, 492
70104, 442
50993, 995
6434, 692
64818, 410
15886, 136
38460, 210
44540, 429
14197, 967
61375, 12
34379, 808
13628, 156
48667, 396
2446, 983
23044, 409
5148, 17
19053, 472
77843, 451
14966, 674
35369, 324
30213, 654
58681, 446
64307, 931
18354, 422
3756, 211
36432, 587
68182, 277
53098, 246
49342, 285
23530, 603
6778, 478
3272, 822
28785, 770
23153, 525
24651, 529
2835, 941
68521, 740
28995, 590
11712, 831
51324, 272
46608, 143
8250, 226
66759, 13
39879, 826
14388, 677
9645, 110
29757, 637
4420, 98
11803, 860
25961, 620
77008, 408
50085, 979
76928, 80
77485, 346
35003, 458
32269, 393
43547, 723
41455, 634
51281, 939
31588, 486
34199, 371
58952, 910
19588, 15
56431, 593
43967, 648
10686, 73
76544, 364
71415, 102
77601, 164
53142, 528
12292, 537
54418, 418
62690, 999
976, 311
23812, 617
460, 36
49553, 576
9812, 121
78649, 274
35474, 374
42361, 461
61089, 286
15468, 382
20976, 389
54406, 955
78425, 403
5379, 822
20989, 79
56812, 771
67895, 970
37620, 40
78569, 800
73291, 368
1966, 468
327, 209
73416, 333
68328, 505
43857, 752
78046, 842
63920, 799
20639, 469
56996, 517
19640, 754
21962, 510
24755, 318
62255, 888
565, 824
48663, 233
25099, 684
14710, 630
7901, 863
8717, 868
33069, 593
75065, 476
43075, 706
61332, 473
36641, 121
31504, 995
53345, 396
34468, 129
18258, 387
68901, 944
42336, 190
56104, 288
37366, 566
13403, 543
48198, 125
27052, 176
46209, 804
54438, 212
27011, 43
50047, 298
9292, 828
30332, 688
6615, 746
31389, 939
41620, 384
70694, 34
75827, 374
20493, 236
42508, 41
55479, 815
58225, 786
47043, 882
69080, 67
69190, 409
38415, 428
69614, 55
77568, 349
75591, 3
7312, 867
30839, 408
48958, 364
36357, 102
16414, 935
77387, 229
7588, 169
51088, 493
71718, 197
22423, 326
1095, 499
79684, 507
23412, 460
62790, 719
48268, 336
23010, 998
737, 882
2167, 308
24813, 496
63972, 27
35593, 418
67574, 719
51941, 759
57717, 949
8559, 531
31132, 197
23667, 247
64823, 237
30846, 14
58689, 76
75385, 530
18409, 198
37790, 225
59650, 796
71400, 781
17906, 922
36339, 822
36378, 220
13291, 776
38313, 443
38512, 436
64906, 145
20958, 833
5606, 93
48810, 116
8852, 293
58947, 214
40522, 703
47331, 839
43065, 506
942, 247
76183, 544
55493, 843
77024, 468
53882, 391
69975, 542
33671, 628
52298, 81
19571, 991
17438, 780
64548, 458
27078, 61
21905, 477
28383, 58
14632, 100
75450, 916
6325, 473
47153, 809
62132, 77
72882, 238
9552, 639
17622, 351
64203, 954
44233, 538
49360, 542
40469, 417
73232, 917
32090, 368
36464, 604
63791, 94
10054, 136
13659, 898
52921, 249
2641, 193
58571, 742
26181, 916
76699, 151
74732, 464
14445, 978
54827, 547
64876, 442
30130, 49
16958, 694
41200, 179
50245, 131
33045, 952
45136, 695
34398, 612
78933, 567
37708, 573
1883, 133
6645, 640
20369, 402
71579, 468
48139, 908
59082, 154
19834, 179
8907, 58
20278, 299
69285, 673
68759, 772
22229, 27
54508, 661
75421, 66
19011, 874
68014, 779
30321, 151
47706, 342
77867, 379
42572, 354
15324, 320
56301, 354
64933, 33
17660, 462
23098, 72
53131, 451
68631, 349
34298, 748
76751, 518
35516, 475
69118, 209
24262, 220
58588, 425
52713, 631
9826, 98
1976, 83
12104, 89
31502, 600
57960, 793
71557, 533
21394, 112
35592, 47
56209, 374
61125, 919
30001, 341
53643, 610
21590, 781
34928, 507
27936, 108
68627, 882
31280, 67
65717, 678
37266, 439
79077, 746
34189, 691
40358, 630
61517, 472
12451, 541
69011, 648
23131, 882
55671, 452
69500, 106
59217, 307
46857, 480
33251, 63
41870, 799
1139, 948
50896, 577
28037, 601
12952, 20
44747, 451
9925, 549
43795, 677
51561, 185
58527, 519
46651, 750
75995, 213
49383, 872
21517, 388
44426, 308
8631, 327
4145, 308
55480, 338
48886, 200
32577, 15
36585, 711
58382, 895
47918, 358
10577, 184
67497, 699
18851, 136
60801, 617
31640, 951
12503, 593
68097, 318
1704, 426
73325, 99
64115, 846
48508, 500
38575, 98
9576, 115
28466, 250
63330, 513
26805, 12
17452, 49
59703, 157
61939, 644
58141, 534
37055, 151
4688, 678
14214, 400
17960, 515
28275, 729
8176, 249
43574, 758
7485, 987
29714, 514
2601, 253
52292, 614
49310, 123
73340, 237
10203, 554
67043, 640
60075, 985
14231, 778
47505, 500
44289, 931
26133, 385
38401, 117
66844, 320
52406, 18
45486, 627
55162, 943
79391, 665
72706, 94
54427, 700
39091, 229
20933, 417
22328, 903
67173, 853
38238, 869
22448, 602
20217, 810
44294, 862
45644, 235
12149, 445
52901, 494
35796, 663
76545, 500
54456, 326
24103, 376
74770, 327
40952, 601
60845, 114
43108, 846
49332, 845
2001, 330
79997, 408
50116, 383
26685, 86
28494, 584
69645, 421
29631, 897
27838, 438
64853, 171
32345, 857
61290, 863
56254, 378
46505, 422
26350, 264
17471, 779
23887, 580
76005, 389
50981, 699
33223, 841
7895, 73
57382, 182
34829, 548
40980, 162
6520, 155
74185, 909
37695, 161
78138, 462
42770, 42
25700, 982
19872, 240
26777, 95
26688, 621
46732, 52
32427, 114
13502, 204
66434, 661
72218, 232
64564, 458
1937, 914
16971, 373
37449, 996
67439, 903
27546, 981
77188, 952
59247, 40
30682, 117
21567, 472
57985, 894
31843, 838
71530, 773
50103, 529
60632, 10
3026, 639
3040, 262
76452, 709
65080, 424
25564, 455
64454, 210
76518, 177
25905, 535
51564, 763
1337, 907
12605, 385
18718, 507
42281, 755
52877, 162
39980, 415
21542, 230
50443, 470
33083, 326
31499, 242
24533, 775
2137, 239
48908, 892
40404, 897
41348, 50
72517, 969
30419, 771
78978, 778
10211, 61
12378, 447
62036, 639
22558, 675
46603, 730
79383, 148
52051, 941
73290, 796
79960, 788
23036, 223
73537, 669
63715, 852
22713, 739
46068, 64
31953, 729
6140, 839
60065, 788
10925, 293
22090, 110
43926, 323
12162, 51
908, 444
20377, 832
25852, 238
70013, 877
33517, 982
52551, 391
42274, 820
44267, 175
2775, 562
79430, 135
57264, 675
64321, 857
67098, 756
41179, 330
44644, 567
2745, 956
73637, 196
65460, 311
51865, 946
73270, 67
12385, 401
16283, 745
77991, 101
11289, 45
30142, 213
32329, 914
60802, 763
27895, 519
9939, 422
40803, 996
36264, 261
79686, 313
15618, 243
28815, 100
43856, 855
13644, 150
34745, 460
44717, 722
42261, 244
24040, 554
51226, 854
74777, 975
66542, 4
42824, 146
75741, 410
54926, 627
25372, 578
21677, 606
13394, 472
63056, 956
28871, 600
7139, 179
31067, 957
62796, 130
60285, 35
75895, 988
20561, 8
11160, 779
22576, 592
53095, 848
49996, 411
77957, 340
23260, 583
10050, 136
71752, 426
64223, 432
14552, 496
26062, 894
42047, 697
8093, 948
36880, 690
17207, 813
6820, 143
1378, 692
64626, 530
73542, 564
63644, 362
57565, 791
44768, 310
65728, 531
28160, 140
935, 568
1532, 62
12553, 542
15007, 491
57659, 470
31758, 581
7963, 291
26058, 659
13129, 551
59745, 886
57732, 691
10067, 164
5876, 413
197, 402
19415, 100
21992, 758
79002, 446
79035, 424
61865, 707
40953, 79
31968, 350
16190, 698
27230, 42
51997, 611
45411, 810
29997, 930
69114, 105
9781, 672
44828, 98
76179, 918
36894, 984
23182, 835
41682, 490
34916, 88
41047, 933
37394, 916
21094, 214
59935, 896
40930, 141
70196, 907
51012, 44
56742, 917
20128, 794
15413, 157
61762, 230
33584, 383
2082, 923
17601, 478
714, 144
6609, 87
3576, 15
51791, 571
6290, 490
36874, 832
65148, 734
27693, 235
13951, 167
70282, 749
52849, 0
32261, 500
36457, 570
38281, 782
56764, 675
54632, 131
65251, 645
51030, 289
50584, 898
2614, 511
5637, 30
14804, 686
33908, 864
14793, 642
57291, 187
42169, 290
60352, 201
76777, 443
47770, 289
12202, 951
41503, 782
75524, 501
1204, 640
38307, 532
66938, 16
54450, 237
311, 144
8182, 414
79233, 306
11466, 404
39057, 45
47958, 447
37293, 577
24564, 53
55166, 181
59185, 103
33449, 248
42371, 813
2276, 73
17941, 937
38382, 77
9409, 600
8560, 542
49417, 418
65943, 713
14493, 18
73524, 22
7013, 534
24674, 520
22589, 178
36102, 101
7305, 551
7403, 520
19926, 7
70396, 693
69773, 252
6933, 468
25024, 192
52476, 838
2976, 57
38022, 644
45227, 451
12262, 43
9115, 881
61811, 723
18895, 172
28477, 448
70096, 104
26260, 485
74902, 665
75491, 725
12457, 956
21581, 615
55872, 877
40167, 174
14753, 848
65306, 667
8731, 603
64800, 237
56860, 90
17948, 126
64794, 91
31249, 395
3553, 388
12689, 916
25320, 325
6751, 647
4839, 868
42242, 222
42129, 180
54734, 576
145, 657
1777, 766
32978, 973
18540, 879
58195, 291
55500, 362
38631, 477
61956, 577
22212, 502
2540, 153
30497, 619
27384, 869
44865, 927
32239, 482
8455, 345
7557, 309
72270, 486
64836, 845
13003, 701
10318, 368
70904, 799
47898, 226
11608, 754
63368, 646
15185, 485
52486, 672
28204, 50
64071, 228
61458, 389
20840, 371
56758, 992
27866, 645
66640, 872
35974, 885
39693, 242
6233, 644
49501, 843
11065, 716
77411, 486
7549, 577
2488, 300
30572, 163
17947, 873
42872, 418
21723, 820
5610, 480
32418, 376
9307, 74
73064, 135
71862, 293
60702, 86
56654, 804
57785, 353
5531, 116
71157, 572
53170, 341
56646, 827
59526, 163
78103, 454
19408, 275
66979, 750
9104, 365
35867, 785
45636, 279
11003, 113
30233, 678
58427, 744
8423, 79
66302, 827
18996, 98
33364, 498
74702, 413
53884, 790
73898, 615
47619, 566
78843, 403
4503, 732
9993, 177
23628, 385
10213, 344
3322, 351
2109, 257
30300, 476
34457, 311
19388, 639
25234, 69
57981, 266
63662, 186
69584, 482
28250, 222
67733, 279
23218, 741
40758, 3
78155, 687
47602, 294
25369, 729
10144, 87
62272, 692
72428, 694
28843, 245
27174, 450
10063, 64
15472, 180
54356, 532
58524, 20
14792, 279
34773, 45
69314, 439
35753, 946
34167, 707
21163, 159
48637, 478
9895, 982
36153, 911
13032, 796
73575, 567
20016, 191
47137, 246
52104, 187
44358, 633
37908, 747
60648, 820
17556, 742
36296, 695
20089, 866
27244, 384
15231, 561
25457, 725
47204, 46
42811, 465
36180, 252
17593, 581
26093, 787
33784, 792
25048, 775
71934, 392
35452, 802
70179, 385
69743, 600
71879, 311
27284, 133
39204, 30
72923, 793
21331, 108
69720, 631
72849, 359
55277, 440
8406, 38
13705, 409
20959, 781
75381, 996
73053, 411
45557, 471
54420, 649
32705, 997
53346, 586
21055, 967
41615, 537
2027, 262
38933, 10
19817, 945
53351, 406
26830, 786
51718, 169
16445, 619
11922, 225
54117, 363
20130, 935
68069, 759
29576, 299
26734, 785
7763, 131
24231, 92
22253, 878
47732, 12
28529, 559
22450, 455
39615, 847
38844, 11
77551, 101
60426, 877
41496, 430
52448, 929
72861, 674
56805, 261
58409, 73
56047, 673
25647, 977
14, 800
21304, 790
47272, 384
20264, 546
53034, 349
18900, 650
22059, 132
36252, 682
68349, 802
56024, 875
75028, 864
58496, 111
67187, 745
69955, 114
22446, 565
45466, 652
61892, 807
16364, 807
36902, 64
34772, 429
23013, 841
14858, 869
11958, 849
33013, 513
77518, 568
27055, 722
2931, 325
53281, 380
1372, 13
8089, 592
17294, 606
75676, 282
34531, 44
31537, 615
31579, 753
7972, 305
71302, 787
19538, 998
30663, 337
31731, 165
59830, 164
31374, 284
62824, 772
73710, 94
16401, 167
17187, 58
5272, 115
64755, 210
29905, 855
12165, 675
71434, 354
78699, 65
42183, 726
63464, 798
78228, 704
53709, 881
2335, 582
20103, 744
47963, 364
28643, 442
49986, 116
47991, 956
39480, 103
77105, 294
47863, 240
18835, 520
63202, 766
14009, 479
1569, 76
55704, 653
77664, 917
66288, 785
20427, 605
20000, 89
33111, 952
24484, 802
77853, 190
1479, 557
33373, 877
19952, 55
51432, 266
56404, 639
33418, 804
77457, 31
40777, 70
64925, 932
64828, 62
53359, 658
4829, 204
45436, 152
6340, 534
43616, 47
26038, 245
35182, 527
5103, 412
25670, 186
19693, 110
20585, 309
30192, 929
76765, 270
14473, 58
9560, 543
78581, 329
49030, 83
13501, 1
62005, 961
36071, 44
60169, 163
76336, 267
69090, 228
14418, 434
53808, 756
21155, 196
8629, 682
45718, 704
29994, 640
29077, 123
58446, 298
70445, 149
37636, 213
49903, 580
17995, 367
12617, 692
41567, 340
22122, 895
63410, 392
71008, 254
46054, 982
72327, 506
59743, 351
69050, 318
65438, 364
69536, 861
77915, 263
15192, 506
13524, 454
32811, 828
47955, 868
59647, 64
39912, 327
69058, 609
74462, 626
23635, 378
27248, 53
10644, 454
8265, 293
78680, 449
33454, 479
18959, 364
56422, 59
57995, 601
52263, 232
21167, 511
63116, 170
78761, 269
58503, 737
53746, 256
27146, 301
30040, 820
36070, 553
38417, 932
79120, 579
41728, 851
52192, 458
23545, 368
70461, 543
75953, 582
21966, 407
61504, 211
59341, 342
51895, 126
56543, 923
7448, 448
257, 437
1585, 238
22901, 11
32787, 976
44637, 317
37982, 745
23964, 826
17987, 820
22066, 309
61574, 791
64761, 44
55657, 984
27661, 846
78734, 7
23737, 609
13046, 341
38061, 940
56734, 244
57017, 947
11515, 284
45638, 957
65398, 549
73021, 466
27337, 755
77377, 105
33307, 166
38702, 93
40226, 938
55158, 215
24168, 655
37715, 123
54098, 307
45234, 812
11720, 15
30520, 807
10988, 883
75260, 637
28437, 868
77081, 498
47698, 811
21007, 603
66522, 296
12297, 361
42724, 844
15311, 35
76013, 282
22664, 872
32701, 918
76247, 922
77897, 132
77044, 267
4412, 379
32397, 281
26056, 478
54814, 316
9105, 689
57527, 73
62797, 75
18177, 988
70629, 445
79247, 883
79236, 917
43202, 52
766, 465
73003, 93
48559, 921
16930, 528
37335, 422
76575, 693
73490, 731
36293, 267
40869, 145
54021, 896
19781, 435
39570, 478
47481, 859
46752, 623
43253, 511
34624, 390
3771, 305
32000, 526
56400, 296
8219, 260
37280, 159
75599, 378
48885, 337
61543, 153
73581, 655
67965, 499
73356, 329
60903, 1
46284, 565
6864, 36
70375, 14
16953, 583
1659, 490
24895, 28
62398, 368
61688, 110
50788, 230
15210, 700
9606, 292
16648, 916
21271, 926
59264, 339
21654, 934
71169, 70
55437, 659
56950, 847
12753, 218
1624, 777
63633, 318
65477, 967
57185, 754
14757, 53
24290, 222
14808, 906
64746, 870
24235, 134
8386, 365
46410, 104
22752, 158
6937, 574
26906, 782
74956, 669
21544, 892
17514, 333
56495, 707
55750, 560
51883, 245
35571, 813
78394, 130
23797, 227
44275, 346
63778, 710
43530, 271
19696, 753
76819, 523
25552, 929
63097, 319
68890, 245
45786, 32
41344, 923
24446, 795
24909, 179
48601, 262
27181, 359
28758, 820
27103, 23
26333, 190
4401, 898
36026, 86
26530, 70
3069, 998
9652, 846
63297, 708
57539, 600
45435, 65
19658, 407
24487, 730
42177, 30
2770, 381
37975, 330
28913, 540
36068, 350
73266, 59
73615, 928
48661, 327
75140, 885
38258, 874
71086, 486
68968, 46
42911, 127
16482, 359
43478, 406
12620, 860
69593, 710
4569, 253
53203, 798
19110, 596
27694, 781
11389, 721
65445, 832
30805, 842
37215, 242
53033, 17
2208, 16
22283, 875
43691, 420
42963, 157
75740, 652
65169, 194
46796, 774
15662, 341
6126, 682
70733, 328
6484, 502
50516, 375
14403, 329
19078, 262
64797, 415
23066, 863
59914, 499
64392, 167
48929, 893
72320, 771
62392, 347
18392, 660
23144, 91
18665, 631
9628, 313
48248, 584
31355, 199
39825, 989
73887, 333
17112, 208
62780, 135
6230, 334
33875, 927
14730, 468
25827, 811
16687, 363
1744, 195
48264, 761
68882, 731
2480, 368
1513, 527
41214, 960
19595, 619
72500, 874
46864, 893
67795, 267
20684, 220
23299, 842
75954, 367
52281, 199
10187, 976
2474, 352
19183, 818
21760, 102
55576, 996
22553, 771
61162, 490
11843, 739
9124, 395
40298, 92
51302, 490
25112, 991
10696, 193
13263, 267
62326, 534
29326, 802
51622, 224
59986, 453
8661, 584
29221, 582
27698, 569
71416, 706
15508, 113
62531, 612
67639, 466
13821, 706
39955, 872
64343, 820
64048, 844
40388, 366
13581, 870
59532, 781
51329, 110
32565, 822
4763, 169
19151, 115
55217, 554
16852, 992
28175, 295
66106, 404
66524, 47
51586, 238
24619, 666
75034, 812
74512, 322
39691, 344
29286, 910
267, 843
17420, 940
41081, 567
37207, 176
76003, 627
43302, 620
56402, 540
48952, 332
38381, 797
55210, 107
11532, 866
26871, 740
56324, 628
9666, 759
36112, 729
51147, 371
75619, 207
29268, 387
46532, 210
71236, 968
20125, 446
60074, 301
52816, 610
42567, 15
28797, 51
40947, 871
11618, 676
29264, 500
2645, 523
54978, 563
59682, 93
26529, 242
939, 480
12265, 800
41379, 151
72434, 15
68524, 360
7367, 148
74095, 263
29961, 189
25963, 208
50938, 171
41456, 654
68860, 246
32715, 480
36461, 103
46499, 370
35632, 880
25532, 431
69796, 607
62046, 385
23178, 263
26739, 805
25304, 230
65985, 93
26862, 111
21352, 335
40432, 876
74258, 554
56778, 58
60830, 792
19103, 683
49517, 721
36077, 96
75429, 462
49595, 152
14476, 495
37793, 686
28201, 797
52362, 347
10724, 475
20730, 541
27372, 198
13369, 849
42441, 476
55364, 829
29706, 660
46317, 215
22176, 261
64506, 255
12848, 794
4108, 724
20420, 318
50748, 648
70877, 453
77120, 1
41425, 439
31844, 363
39425, 37
28859, 903
71649, 799
53755, 680
69220, 516
77499, 321
60858, 374
8774, 626
9401, 459
68076, 969
43584, 726
27345, 993
9254, 182
20333, 344
58294, 247
53998, 622
49129, 242
70624, 97
36263, 842
9748, 466
13547, 208
73098, 625
28136, 50
13333, 473
55468, 26
19372, 929
17166, 556
12000, 400
25654, 677
64637, 943
19495, 793
78962, 197
35735, 330
37534, 91
71847, 443
28379, 453
35987, 674
4334, 108
45591, 202
33641, 890
74074, 796
76817, 457
19041, 808
28238, 219
70469, 578
43239, 932
65643, 856
31218, 48
22630, 208
50607, 973
31075, 835
43675, 354
6072, 718
33180, 0
79372, 328
16724, 148
68566, 783
17583, 245
76149, 955
57807, 814
34462, 786
56127, 575
48395, 298
54103, 890
5567, 569
38833, 614
18984, 624
30490, 213
23307, 209
64638, 810
6461, 297
1501, 799
34087, 922
37500, 450
48186, 548
55010, 664
48726, 69
59406, 360
24846, 787
34902, 21
29478, 147
67030, 295
14620, 584
37836, 439
14716, 540
15320, 472
44654, 952
69694, 488
12709, 840
21933, 255
47233, 268
15652, 190
24888, 111
26608, 87
6338, 45
10827, 625
70850, 973
61254, 736
37422, 50
22012, 749
78222, 882
16639, 653
55223, 955
19417, 852
75519, 472
74496, 20
59739, 324
31489, 373
28072, 706
59361, 21
3261, 259
78173, 386
78379, 238
77158, 982
68406, 381
20435, 410
73190, 315
10182, 98
20232, 923
66700, 74
67934, 632
36440, 314
32342, 767
5586, 52
56160, 743
77507, 130
74322, 592
16847, 379
22757, 413
69730, 493
51785, 742
50806, 388
14266, 681
71010, 1000
74597, 945
45781, 717
37538, 681
39687, 332
39689, 357
2541, 344
42099, 882
46474, 766
76115, 173
26894, 838
28659, 314
70479, 714
39524, 33
62451, 442
20874, 441
22302, 342
13429, 512
15107, 605
8555, 513
48310, 132
12282, 353
20855, 404
33733, 323
31041, 489
23701, 971
60196, 567
73705, 685
34989, 483
49219, 353
79497, 681
27463, 677
78356, 205
60084, 509
41230, 652
41403, 226
61525, 849
32544, 704
76836, 851
7682, 486
10389, 372
19109, 898
58488, 715
50288, 333
20779, 271
33231, 982
35050, 190
33171, 72
54782, 388
9120, 668
60054, 423
73788, 432
521, 926
36282, 771
16397, 526
25548, 253
25060, 410
48881, 153
77849, 923
17628, 441
37217, 868
17770, 847
58468, 655
34655, 906
76976, 496
3554, 564
63861, 761
58142, 654
63305, 67
31614, 261
71808, 916
70638, 432
9421, 290
52086, 7
23580, 679
71428, 705
35774, 936
64843, 977
61716, 590
23242, 448
6985, 297
23526, 542
69696, 928
51304, 318
5146, 3
62956, 540
14975, 916
51860, 956
8616, 808
61758, 55
48210, 91
53191, 787
42356, 108
74283, 760
10478, 88
43556, 219
72166, 556
54937, 766
8459, 324
10803, 688
13004, 845
69723, 500
5912, 779
38439, 125
49671, 898
58200, 82
35212, 299
62415, 168
58686, 79
40439, 606
61642, 790
16530, 505
33156, 854
72138, 291
38577, 691
31286, 905
55449, 443
74086, 347
28902, 821
35736, 612
6389, 525
6231, 857
73747, 38
65778, 687
25721, 227
67069, 733
77617, 35
26612, 227
60536, 740
55301, 709
35325, 412
64877, 920
55410, 275
65504, 998
77053, 427
26282, 317
4415, 240
39487, 582
73126, 996
50335, 650
47312, 643
69901, 565
23464, 690
39296, 997
77710, 771
5126, 482
44527, 871
58303, 899
58900, 415
7953, 394
60273, 232
6793, 958
51175, 337
58482, 888
37788, 373
77458, 496
56891, 285
67424, 984
62872, 237
37137, 299
39787, 860
33623, 993
76300, 536
21197, 591
34705, 280
50417, 903
44427, 859
48738, 460
50472, 87
18128, 762
31946, 302
9066, 994
17635, 68
40601, 590
41753, 669
63564, 965
70192, 903
16969, 682
3129, 268
68388, 875
25738, 125
17416, 778
40073, 627
33806, 485
36704, 951
36994, 6
9164, 84
30018, 756
76028, 430
46222, 95
59100, 980
51903, 355
3120, 867
37021, 626
23675, 524
42643, 866
38403, 878
58059, 940
20322, 291
57193, 823
33170, 81
46635, 25
66426, 133
44439, 907
52189, 154
43755, 319
4507, 855
70004, 681
38368, 826
2213, 138
54923, 537
59224, 56
68915, 812
40502, 644
72735, 491
21335, 444
27798, 3
56937, 220
54855, 746
19528, 867
30202, 319
58411, 699
59716, 232
39034, 75
32888, 906
74271, 89
6714, 587
27675, 300
23453, 587
52098, 938
72260, 690
24016, 431
71804, 855
51106, 513
73696, 252
17084, 15
2251, 737
55093, 432
21184, 389
51681, 704
74750, 520
6841, 833
61831, 444
75826, 800
76581, 70
45259, 709
58505, 267
58631, 904
22261, 799
68654, 272
43685, 312
64226, 416
4203, 435
30941, 260
17336, 775
70921, 898
71776, 53
9252, 868
77706, 314
73773, 572
11461, 492
21100, 562
10522, 293
1175, 335
66949, 648
22700, 836
66292, 804
25104, 807
26361, 684
79269, 186
62813, 628
26110, 143
12558, 159
44296, 689
14332, 872
8817, 905
53611, 739
40700, 326
28545, 671
7459, 424
69728, 101
74066, 642
69345, 117
22389, 851
11865, 89
4683, 883
29971, 73
62463, 811
5816, 584
70081, 855
18648, 145
59253, 813
14557, 241
7345, 55
20390, 766
65195, 875
66162, 690
39207, 282
40800, 46
4466, 482
79828, 219
29029, 205
7199, 943
21695, 870
49887, 585
55454, 102
72534, 81
33772, 770
57571, 274
23596, 156
8168, 168
4732, 326
38884, 76
7183, 958
5246, 345
5502, 539
40674, 629
12041, 183
26027, 606
78226, 563
41424, 435
22311, 682
46104, 899
65855, 484
27413, 309
55114, 234
57410, 580
4663, 878
21667, 878
29123, 408
59007, 354
57095, 842
44559, 546
33536, 423
26716, 654
32926, 244
60335, 834
74894, 676
50564, 449
43430, 980
17381, 640
35724, 700
5257, 440
42727, 482
14764, 821
53344, 375
23272, 559
36187, 504
77644, 432
12629, 414
52635, 865
12376, 927
52395, 212
16251, 923
30630, 510
36853, 232
53855, 677
38784, 284
54605, 422
2629, 730
4136, 773
41747, 914
42136, 479
27934, 336
4910, 15
33440, 141
22256, 627
22276, 183
49422, 345
24959, 748
39447, 202
5314, 243
8908, 363
58359, 767
41342, 916
68308, 521
36558, 627
60252, 731
32, 436
58547, 894
1825, 708
68676, 398
61445, 291
46183, 696
7287, 452
37683, 887
25200, 26
69888, 623
26919, 680
57066, 433
43715, 465
24627, 573
58435, 869
67335, 503
7468, 762
32740, 342
33355, 692
19440, 445
4147, 943
43765, 625
55970, 282
32125, 69
66472, 213
43068, 189
48158, 798
73739, 801
73694, 774
24205, 361
54357, 190
1116, 803
16491, 507
63556, 777
4637, 225
13576, 536
12514, 342
33643, 952
72087, 417
45189, 826
27965, 348
62972, 819
49400, 162
41141, 810
25275, 890
43297, 837
30952, 590
19607, 823
3148, 183
79280, 622
13546, 259
29596, 579
67961, 432
11987, 529
53887, 682
59514, 128
48044, 936
9998, 309
71549, 332
16040, 555
57709, 938
44455, 415
8582, 930
22026, 102
26511, 207
5687, 614
15196, 792
9333, 597
23499, 220
37318, 270
74391, 976
50582, 464
13183, 18
43602, 168
62598, 59
27837, 794
25982, 97
72947, 443
76633, 558
36630, 252
44641, 843
10359, 65
69033, 437
53163, 304
47582, 405
56169, 880
469, 569
70428, 884
28885, 738
25449, 542
53289, 919
36056, 622
19901, 813
46922, 912
20517, 401
51980, 617
26812, 31
26651, 255
33569, 776
65957, 658
45078, 876
26284, 779
26951, 987
4330, 465
53837, 695
5381, 675
901, 338
58951, 926
33396, 765
48560, 132
42726, 58
15280, 853
62218, 953
67018, 219
47125, 979
6394, 752
12432, 922
18702, 420
19945, 842
17590, 502
73354, 570
45328, 425
36342, 544
8097, 168
14043, 554
39070, 307
38143, 358
59322, 271
60132, 381
49380, 205
19465, 107
56876, 635
9156, 740
79727, 629
57589, 447
58604, 496
6062, 152
1422, 201
27289, 798
78570, 791
17563, 524
46573, 139
1231, 44
12398, 417
64221, 575
50236, 78
17196, 466
64293, 624
75687, 52
19637, 180
69570, 388
79311, 89
18564, 497
63808, 945
55059, 286
32333, 465
37279, 62
75237, 878
8950, 748
15357, 466
44608, 40
68059, 361
13864, 755
4579, 757
40248, 465
37794, 200
55583, 77
11228, 372
22845, 748
33587, 798
9118, 739
29737, 817
74297, 15
8786, 721
32205, 665
33292, 950
13464, 684
20664, 704
22896, 43
62662, 995
76556, 822
21397, 212
37678, 705
26597, 491
9112, 966
52079, 682
30236, 994
51949, 622
68281, 721
38495, 126
12801, 655
19976, 276
45765, 375
75582, 539
39132, 246
13008, 412
44221, 241
29778, 218
72075, 737
2134, 436
50456, 750
66134, 638
48032, 86
57196, 532
10171, 630
60370, 420
70219, 265
74949, 393
11903, 570
12166, 872
58546, 626
34593, 717
68751, 264
8131, 328
3262, 541
67721, 229
21214, 536
68545, 404
74854, 608
369, 59
8957, 662
53582, 108
78110, 891
57432, 42
66423, 869
76580, 680
51498, 676
79915, 977
67713, 214
13386, 373
49659, 742
2046, 447
18983, 11
20923, 553
68837, 268
12921, 776
78785, 504
36288, 541
51084, 327
60457, 428
75785, 907
27234, 957
55365, 218
48946, 543
11544, 695
9046, 156
66374, 784
838, 826
27666, 148
42525, 271
7937, 309
79424, 299
4486, 497
61267, 903
17942, 665
18739, 521
44873, 648
26556, 381
52620, 699
3533, 253
56927, 541
49758, 910
47940, 550
29803, 632
31030, 295
52239, 27
29003, 276
30318, 756
30626, 728
12126, 673
57633, 55
76370, 941
48642, 10
64697, 42
45862, 599
59934, 738
21697, 848
73854, 287
2221, 988
23408, 744
12515, 328
46677, 93
24806, 166
69483, 971
2993, 853
16868, 347
40931, 123
68264, 466
21975, 690
10077, 897
35492, 741
48953, 825
68342, 860
76271, 826
51264, 606
50096, 693
40365, 683
37014, 939
38677, 932
39010, 990
22315, 932
53853, 165
31636, 60
7288, 762
12881, 784
38296, 551
68147, 637
74646, 733
39827, 1
74832, 133
18812, 430
57493, 392
35284, 244
27587, 548
67885, 220
37330, 744
12443, 572
71320, 567
76532, 867
63192, 310
48046, 86
61705, 870
20418, 320
9849, 116
263, 559
47523, 413
69434, 493
75224, 801
54872, 168
21916, 818
10528, 86
5092, 834
40311, 967
34299, 919
40751, 616
24094, 191
55143, 507
54348, 819
774, 969
47166, 471
12099, 181
12703, 861
9306, 527
45031, 177
62437, 182
71251, 20
23583, 138
5316, 662
38542, 510
22639, 709
62501, 902
42857, 222
62474, 573
1823, 598
72161, 726
12429, 652
49900, 771
56030, 716
21724, 989
14171, 805
2640, 62
46, 321
11146, 897
57151, 484
8800, 427
54361, 63
7223, 988
22205, 1
4188, 579
6365, 369
47540, 798
63539, 798
33913, 99
2498, 661
7253, 154
69452, 183
34625, 542
49724, 970
20177, 354
22695, 338
8192, 269
68229, 415
58954, 899
61361, 313
41000, 944
74683, 507
7335, 72
4283, 798
21822, 112
76526, 71
19608, 272
4263, 24
66197, 323
45225, 27
20592, 340
57556, 240
34774, 128
28115, 282
61188, 45
62367, 908
40234, 774
76805, 58
44718, 154
32161, 69
38256, 277
27992, 482
23625, 856
52293, 969
39417, 573
28000, 828
65697, 867
77270, 229
19743, 669
66833, 408
56625, 991
4182, 901
26754, 692
53856, 205
40028, 776
44198, 494
22169, 683
75190, 571
28253, 515
47516, 519
35966, 286
53272, 433
33828, 434
41004, 712
35531, 691
43392, 279
4893, 390
4443, 93
20202, 454
23338, 456
30171, 100
74948, 74
41406, 921
37186, 827
76438, 103
12500, 560
58840, 905
60932, 626
14172, 707
22316, 98
30868, 277
31401, 376
74924, 974
39914, 304
47269, 840
36034, 164
23886, 812
76743, 255
41018, 857
47098, 595
33399, 758
40076, 286
32602, 140
3931, 368
13820, 20
39008, 613
64644, 893
70539, 48
70977, 17
56348, 217
77034, 891
19759, 992
72213, 0
77322, 584
2139, 780
59749, 954
41737, 38
71034, 928
37210, 545
34415, 51
58962, 1000
76573, 343
21521, 674
62757, 559
55571, 579
1158, 253
63857, 850
23083, 304
45021, 460
9990, 701
21584, 229
46341, 284
34013, 238
58111, 267
76131, 921
27549, 640
34107, 447
78974, 965
40092, 321
18307, 546
22418, 654
66019, 879
27396, 203
30919, 487
23000, 44
44820, 533
14540, 822
19585, 146
30648, 996
52657, 778
67841, 354
59097, 711
77899, 640
69337, 670
1997, 921
27924, 483
30843, 467
29, 216
28958, 767
44361, 876
1856, 293
40987, 286
65701, 875
70883, 327
72959, 390
15378, 139
35323, 840
26797, 389
22046, 685
53660, 159
29193, 42
13035, 341
51083, 895
10380, 885
25408, 99
17256, 948
24129, 458
9440, 902
65931, 231
630, 975
20342, 241
7192, 495
31785, 572
59281, 335
64141, 349
17631, 627
58643, 562
13943, 905
45020, 228
34556, 869
71706, 751
11060, 580
73079, 187
56533, 44
51400, 882
78027, 911
5176, 49
52016, 52
15334, 898
18410, 941
61027, 207
73632, 164
5108, 814
78848, 436
54455, 797
2344, 40
35297, 195
31093, 241
3469, 28
41537, 38
76952, 734
75314, 768
52867, 238
30885, 197
62071, 284
9331, 313
3159, 148
2171, 334
14182, 889
25704, 399
62703, 856
74164, 89
56811, 608
42074, 246
10856, 579
78758, 848
35829, 821
59013, 242
26997, 776
21488, 95
54900, 270
18967, 8
8079, 52
3019, 518
53661, 462
50733, 181
75113, 614
65821, 568
68749, 219
43256, 420
9082, 843
3808, 72
38034, 274
41426, 613
37220, 322
61549, 212
55526, 227
529, 952
72669, 357
57641, 753
42944, 941
31882, 295
67337, 332
25214, 233
1368, 199
65829, 354
64827, 734
36021, 405
19961, 9
8035, 82
79447, 1
76848, 302
18800, 986
8524, 699
46094, 352
28410, 867
59908, 502
48693, 155
70388, 470
218, 156
44026, 488
32430, 396
59226, 286
55071, 295
30499, 15
25586, 148
42465, 552
65335, 73
16520, 454
26131, 155
9740, 595
13123, 209
47282, 239
12790, 951
49560, 513
44851, 593
24192, 89
77423, 44
39471, 687
4531, 0
74742, 247
66454, 949
22175, 886
44346, 707
79815, 182
63302, 774
78420, 741
28976, 163
54152, 728
73596, 959
2615, 745
51576, 500
32530, 225
77365, 2
51333, 839
14409, 249
42239, 659
77303, 37
33707, 919
39401, 522
37051, 191
65572, 543
18727, 572
54087, 78
75859, 318
46121, 475
42240, 450
7308, 201
54505, 633
41975, 579
36931, 37
23174, 24
36155, 348
55108, 853
26086, 987
10196, 21
26950, 118
52097, 915
71459, 417
71860, 730
8015, 618
34476, 9
16314, 691
46669, 437
66391, 979
38808, 464
20654, 482
25002, 906
62590, 861
9668, 435
43772, 345
63497, 768
74195, 253
30679, 328
56893, 240
15804, 838
55572, 193
60690, 537
57699, 655
76202, 766
14986, 96
62196, 406
31527, 683
9455, 174
1264, 340
70889, 890
36962, 59
77960, 692
74150, 427
48686, 399
47255, 674
36231, 465
37557, 460
57568, 958
11542, 19
36951, 75
16757, 200
64136, 925
5174, 27
782, 483
46052, 291
68724, 315
76395, 890
69200, 496
28247, 568
45381, 381
107, 171
74168, 539
52947, 98
76723, 293
23191, 774
5918, 995
62642, 858
32957, 572
8965, 611
55401, 782
46822, 266
70377, 117
69693, 792
4061, 374
45361, 330
13346, 688
35138, 305
16545, 575
39582, 759
42077, 470
66808, 845
21749, 197
41028, 932
51269, 388
15933, 851
1589, 837
45710, 99
45897, 143
21023, 601
6297, 801
4565, 443
304, 759
7042, 445
57957, 604
21528, 543
56427, 455
8761, 653
37344, 276
74421, 883
62302, 835
61788, 318
67555, 959
14362, 385
63279, 410
14438, 535
31078, 664
38443, 221
23212, 902
26916, 203
49364, 900
42, 236
50329, 37
73861, 741
36971, 57
43513, 121
12369, 781
73532, 359
21841, 661
50902, 449
7691, 145
4544, 401
11281, 781
24831, 36
53306, 639
67918, 968
39183, 231
17753, 256
7298, 493
56557, 66
57090, 733
32242, 309
22633, 287
64580, 391
75624, 185
67518, 500
36173, 402
16404, 838
7451, 628
62469, 818
70037, 17
30701, 553
13900, 324
53339, 891
25775, 109
12186, 685
51356, 382
3676, 775
48894, 683
32853, 790
43706, 957
28684, 456
3308, 363
65704, 936
9726, 3
66455, 149
19616, 66
52899, 942
38309, 522
25860, 979
68812, 635
42491, 987
40762, 164
65605, 69
42842, 202
41240, 452
34454, 517
6671, 834
35491, 749
3088, 651
28991, 808
27091, 948
36487, 464
68205, 313
33680, 838
4801, 941
12395, 219
40844, 112
36096, 840
29496, 69
5763, 64
59870, 414
58658, 568
21293, 778
71314, 331
19606, 517
55681, 714
76222, 435
26727, 59
74501, 137
5841, 353
16300, 933
25206, 925
58290, 785
42381, 637
79067, 531
22616, 513
46872, 420
40910, 112
29728, 419
19322, 130
43773, 384
54852, 949
58610, 86
58010, 533
40057, 533
25611, 3
65459, 878
71344, 395
5040, 127
21000, 570
9776, 771
72513, 287
42226, 801
45187, 704
22174, 760
19999, 609
62518, 125
62492, 896
76433, 661
27423, 709
50271, 357
46668, 239
20107, 87
54842, 372
4083, 29
34414, 364
70208, 647
13136, 276
62538, 43
11327, 440
60104, 238
9623, 984
8820, 114
60158, 739
70139, 559
10059, 166
55593, 562
52498, 754
75364, 620
59609, 157
60434, 498
67488, 920
19064, 23
74817, 104
48405, 612
14709, 887
56784, 288
21317, 306
35651, 935
37616, 737
50013, 709
41661, 550
56590, 229
63369, 1
65808, 633
51869, 67
57494, 220
65616, 561
50036, 487
35775, 469
67151, 104
78617, 72
12269, 758
22997, 299
50655, 851
79665, 337
53070, 334
57833, 967
52324, 781
5852, 330
17041, 420
4494, 372
77562, 925
67536, 707
77409, 820
46951, 453
73318, 280
27363, 210
42087, 469
77955, 764
30611, 786
54195, 103
44697, 841
57922, 246
24949, 685
18776, 36
1000, 296
62441, 331
42308, 259
59396, 385
52990, 500
67451, 458
41884, 950
1578, 156
45556, 252
58913, 826
31615, 530
38994, 642
58101, 701
30896, 660
41553, 667
75419, 285
59170, 689
16066, 871
26413, 568
35312, 692
60031, 62
74478, 395
3139, 800
53179, 874
39298, 890
14120, 137
65296, 716
51024, 127
36362, 432
6193, 382
20815, 951
11566, 108
2099, 496
20352, 35
18850, 772
50853, 728
53684, 719
65792, 737
21582, 222
11543, 679
39430, 152
41108, 598
66560, 761
38231, 225
6913, 595
65367, 422
54760, 200
39911, 66
43133, 381
34206, 774
32492, 727
8801, 372
7522, 713
14116, 385
11914, 464
50301, 178
35353, 149
22020, 78
10756, 164
1801, 618
56801, 976
55830, 667
72586, 554
42344, 294
5722, 927
3629, 74
31860, 787
4094, 425
2914, 353
2689, 720
65434, 395
914, 728
39502, 430
30884, 146
15211, 606
25767, 133
47548, 63
39290, 24
66728, 717
57865, 906
10699, 931
33371, 485
29960, 423
25648, 920
32394, 902
3192, 531
46462, 396
79890, 209
25922, 330
28284, 259
17491, 294
21618, 591
70685, 814
7755, 464
7461, 584
65239, 507
14426, 764
7843, 572
48107, 526
66691, 520
45242, 930
62494, 476
19879, 711
16694, 705
46966, 807
50497, 287
28372, 535
72082, 881
79521, 536
51897, 159
44950, 325
70262, 399
59504, 992
69084, 908
50332, 552
28638, 246
2653, 348
2507, 333
52073, 14
9838, 947
6356, 526
1445, 907
40901, 142
59232, 534
64508, 930
38109, 530
50409, 694
47070, 29
56671, 934
54944, 0
56573, 352
41700, 259
51652, 92
43694, 464
13338, 503
16843, 111
9671, 220
66642, 391
62720, 210
64045, 927
24161, 26
10044, 175
44699, 431
14865, 987
40227, 759
52532, 757
36309, 1000
27613, 732
11149, 150
32014, 475
62619, 512
29543, 681
23298, 47
53599, 740
15240, 733
58218, 672
50837, 427
47248, 804
73405, 571
16077, 189
177, 576
16705, 527
62928, 616
34376, 630
51417, 659
39856, 535
59773, 611
17002, 763
16763, 621
30095, 791
20778, 962
44403, 937
16845, 457
21519, 546
78090, 531
75293, 148
69341, 850
48821, 243
4757, 787
390, 437
62769, 256
30297, 503
57025, 168
75248, 13
8532, 690
23077, 765
34311, 231
21726, 639
26553, 992
71857, 823
28033, 732
76476, 153
79149, 375
77021, 406
32648, 67
56783, 557
65068, 973
42068, 193
20181, 232
3647, 103
44477, 911
2946, 903
58943, 50
76343, 843
60563, 73
59298, 399
31038, 895
11236, 2
30360, 691
561, 602
52571, 131
12164, 891
77402, 258
21798, 353
42334, 567
70226, 176
74808, 259
44777, 12
115, 729
58502, 809
923, 217
53018, 308
42981, 460
25590, 193
69806, 438
54346, 381
33734, 127
67824, 441
43634, 344
25964, 601
64498, 67
44363, 362
79856, 800
76630, 370
24608, 933
40892, 457
54307, 26
32406, 49
44438, 618
60355, 709
11159, 923
11143, 89
5212, 448
66112, 361
589, 598
24874, 145
53326, 322
57026, 714
27824, 574
681, 535
28427, 782
13850, 26
24268, 286
64075, 371
27532, 399
55086, 417
44425, 943
56044, 485
73909, 409
3972, 621
60978, 614
51779, 43
59519, 440
62280, 398
26398, 687
51213, 391
65993, 466
73592, 597
29209, 55
63343, 406
20160, 829
32774, 60
61886, 671
69424, 514
67144, 286
62435, 792
41560, 570
37421, 127
72550, 142
44690, 744
15696, 404
27976, 144
72752, 345
34657, 812
40765, 759
70628, 249
61393, 694
53168, 245
59530, 489
68400, 510
28571, 459
2358, 175
39944, 56
35650, 729
8964, 650
72761, 381
63446, 244
57442, 185
4126, 235
78641, 547
71584, 278
57524, 565
1836, 222
1460, 899
6879, 808
39055, 915
56692, 922
64578, 862
49740, 374
20156, 936
43638, 241
25720, 754
74596, 535
48363, 939
27194, 306
74772, 689
11998, 310
74226, 367
66692, 321
64904, 467
25997, 693
72263, 269
51705, 488
42433, 122
52580, 5
70786, 519
14189, 351
62011, 585
64858, 99
14980, 730
34154, 695
76079, 803
77725, 192
48600, 746
64246, 54
34850, 430
60258, 953
21877, 145
16709, 32
79596, 931
73805, 63
22890, 393
26061, 924
10942, 803
34178, 495
66013, 305
578, 13
69324, 121
4359, 260
36205, 535
75910, 820
41374, 443
1254, 707
35940, 131
30485, 904
2533, 688
40199, 968
15066, 136
11184, 237
43242, 328
21700, 158
22534, 26
47806, 25
26434, 533
36442, 409
980, 826
27612, 617
64397, 643
8251, 737
63508, 291
69688, 490
67602, 621
17039, 274
24255, 918
55939, 794
71044, 263
58289, 33
79872, 124
60809, 950
19609, 515
28606, 984
26334, 430
39068, 760
70112, 848
48036, 846
76785, 689
28442, 45
11247, 834
70366, 769
3475, 489
76497, 824
30389, 828
44825, 70
66611, 628
66342, 811
41796, 647
20319, 864
30437, 71
10273, 27
51348, 688
33206, 479
35278, 253
32801, 837
6744, 969
58490, 555
25166, 378
68716, 491
36526, 873
28009, 911
47686, 828
33622, 798
40256, 279
70593, 30
36507, 909
231, 14
9967, 455
47227, 493
52904, 91
31804, 917
51008, 199
4114, 147
402, 878
64084, 400
28528, 80
27662, 441
25516, 52
44389, 92
16555, 522
77728, 926
5422, 934
75510, 704
14609, 496
61270, 41
58772, 425
51675, 540
62826, 481
37516, 565
69616, 504
53945, 746
38363, 682
12878, 633
59728, 341
53239, 431
45285, 498
14774, 801
57178, 488
50589, 813
7950, 412
76252, 459
29482, 775
58041, 456
19074, 425
22663, 423
3923, 990
63060, 346
42885, 452
12460, 152
61466, 900
74070, 50
56216, 479
33555, 288
38610, 726
5664, 362
38425, 839
24503, 768
24796, 489
21686, 3
19769, 137
65794, 287
37196, 944
62467, 794
10503, 107
72972, 928
64126, 881
25574, 394
66741, 728
11420, 544
24845, 807
27393, 356
58436, 643
61304, 91
65113, 403
58879, 263
30552, 829
76424, 33
1352, 905
28403, 547
71278, 618
9949, 300
32188, 526
50700, 326
70255, 575
32975, 287
21430, 150
4661, 18
4223, 117
33740, 219
46103, 887
32112, 824
53262, 124
13022, 878
73463, 738
16796, 229
16148, 876
37035, 795
17945, 945
49604, 159
11057, 997
10074, 154
78930, 896
32076, 208
27085, 705
67953, 960
78757, 456
8718, 668
23262, 464
3932, 59
51995, 889
14626, 246
26366, 887
31042, 263
17297, 47
5577, 754
27946, 279
5715, 582
4687, 96
12745, 250
25712, 252
23421, 233
36927, 346
66872, 264
14649, 97
76124, 342
58186, 316
1519, 414
25871, 555
32457, 455
11850, 796
63431, 868
73011, 274
47326, 110
40496, 972
33423, 493
22732, 203
17892, 641
66137, 176
62372, 398
73360, 799
48027, 432
39694, 537
7024, 720
18074, 613
3574, 368
22338, 869
57728, 44
74630, 62
65006, 1
61187, 577
15412, 199
22312, 60
64314, 603
61994, 883
61280, 256
70286, 392
37000, 272
13236, 29
9405, 9
59644, 815
4465, 876
20713, 450
289, 118
77863, 2
21119, 802
11369, 111
54478, 105
73904, 109
42317, 933
64173, 295
23617, 585
61105, 92
13587, 196
58053, 426
2698, 279
39919, 723
5983, 222
69423, 151
7936, 629
14778, 867
6667, 965
4399, 527
31774, 42
11169, 405
72201, 659
46111, 742
66229, 189
79373, 79
45245, 432
42152, 91
50002, 770
16774, 635
22514, 505
57639, 743
25172, 649
13711, 94
32007, 939
65262, 311
63096, 767
66998, 970
49474, 646
21285, 364
73667, 85
22791, 226
44410, 514
74897, 728
51487, 326
57740, 780
2779, 647
718, 344
54974, 874
40081, 46
72869, 265
13290, 477
59767, 518
47053, 515
24458, 688
57788, 985
17667, 592
70351, 968
17910, 644
72385, 897
64171, 219
39437, 835
33419, 807
58332, 474
46244, 922
41470, 405
17739, 136
49513, 960
18972, 969
1728, 169
2350, 70
13994, 691
66240, 421
29783, 347
4428, 190
13677, 268
262, 35
17618, 388
41638, 949
76714, 185
13740, 544
15367, 958
28364, 550
46147, 406
78325, 193
19335, 668
19230, 723
2658, 432
58044, 980
18431, 9
58824, 638
79545, 497
45855, 444
20938, 602
66639, 723
65346, 790
17020, 66
61088, 261
11777, 602
40135, 98
50785, 825
46234, 404
68359, 983
47359, 342
31866, 516
46475, 70
1557, 616
70358, 531
8378, 408
62868, 260
62547, 974
77846, 640
79811, 602
69949, 898
73161, 111
47243, 950
26416, 141
29371, 772
68659, 544
48644, 663
39565, 479
43625, 428
22597, 259
56463, 542
54812, 360
9222, 169
70995, 681
51679, 534
2663, 348
16767, 197
22356, 182
21148, 162
38502, 690
17624, 738
73347, 431
29016, 940
19580, 285
18752, 428
70087, 561
26165, 388
14536, 477
56037, 944
46559, 259
44575, 227
35683, 942
15830, 637
30361, 824
68907, 75
14139, 791
36685, 780
72251, 943
48290, 542
15813, 204
16947, 120
45575, 203
17912, 129
79853, 651
78799, 138
68498, 119
38899, 370
75595, 287
47775, 952
29790, 45
34274, 240
72765, 745
65043, 73
61787, 421
46343, 859
29935, 249
57796, 450
48939, 911
61808, 899
79950, 372
48768, 564
63979, 351
48348, 754
64257, 651
58224, 414
35241, 209
76582, 730
18117, 340
7254, 752
69103, 665
47013, 224
7818, 673
79709, 720
64124, 279
14593, 217
69139, 829
54714, 421
61218, 224
41561, 983
58106, 12
42025, 472
9631, 800
35689, 811
69586, 736
72357, 360
62479, 968
47253, 235
20214, 655
62041, 844
77946, 664
37662, 451
21006, 990
44171, 83
494, 810
38359, 253
32505, 956
76225, 149
7063, 637
6972, 454
54431, 288
54129, 584
12343, 733
24142, 356
52269, 596
62576, 805
15164, 943
38725, 215
59449, 705
10676, 30
64539, 870
57734, 551
47855, 641
28852, 708
44511, 108
50146, 8
48151, 440
3317, 442
15956, 571
20329, 494
64766, 946
21142, 585
28174, 201
47959, 886
26368, 526
32614, 569
73899, 147
44409, 843
61481, 543
21409, 230
52251, 858
38458, 447
46079, 489
68636, 12
63783, 386
14261, 138
13694, 87
45123, 422
9146, 498
56451, 863
67401, 125
10851, 557
50602, 735
35042, 70
29083, 427
56879, 18
25539, 279
22393, 95
51727, 732
17734, 682
17192, 740
8169, 346
53524, 170
49607, 795
76210, 753
34530, 432
67292, 269
5434, 132
44857, 153
37402, 870
15503, 765
45199, 49
59155, 471
30085, 827
3831, 302
4238, 348
43096, 141
29089, 999
510, 458
18336, 827
18321, 100
77376, 350
63741, 27
22828, 165
69587, 719
68468, 31
28268, 558
52069, 235
44329, 735
81, 782
50130, 988
36220, 340
33404, 203
46687, 260
4076, 899
29845, 331
45534, 928
56207, 710
25106, 542
74152, 254
19317, 99
55397, 965
22678, 434
72525, 144
16779, 459
33496, 100
5375, 386
53324, 476
66893, 203
45896, 713
46357, 212
50145, 480
39733, 284
35105, 257
11346, 383
53641, 651
20138, 202
21617, 947
37580, 944
28963, 929
2343, 747
10550, 373
45440, 940
33130, 720
12167, 437
71674, 464
25488, 42
61804, 789
59270, 450
5659, 996
56372, 701
23801, 519
2470, 739
43139, 787
67318, 237
49948, 318
76463, 179
50232, 638
38721, 758
53718, 650
71249, 317
53681, 755
7911, 257
74858, 580
56835, 493
12929, 26
17828, 729
54125, 858
34160, 578
41268, 350
2619, 367
40314, 343
29625, 233
7188, 97
23374, 564
32815, 231
12626, 929
39756, 740
67282, 34
38463, 439
76982, 158
53445, 690
51060, 932
33967, 291
9946, 574
43439, 749
42481, 849
3229, 790
49271, 578
30581, 524
72485, 937
71545, 698
68892, 448
12638, 417
47205, 961
49935, 737
36696, 961
40968, 549
71552, 368
78934, 465
45541, 191
16552, 330
44531, 73
29351, 195
24792, 962
32109, 837
72766, 457
13583, 857
36788, 383
6362, 623
29666, 648
37342, 25
4939, 743
67938, 380
61670, 982
73041, 304
33119, 854
38678, 82
51146, 345
63661, 40
73657, 509
75458, 704
23954, 272
55275, 758
64880, 42
9678, 750
18119, 828
16894, 562
24360, 832
27281, 841
4670, 228
38023, 996
73740, 193
66591, 205
49106, 236
75368, 941
21791, 78
63303, 598
12181, 718
19196, 682
4809, 517
32584, 678
78264, 648
39525, 498
44421, 66
55899, 513
9814, 634
58780, 395
55797, 44
17877, 249
75573, 471
73357, 701
66935, 883
69448, 247
46464, 410
72601, 336
57590, 88
40834, 825
39011, 87
30479, 609
34455, 895
16910, 309
42304, 212
44542, 72
51453, 425
59413, 106
3830, 962
19590, 709
63739, 581
21460, 574
70650, 542
65723, 370
11560, 531
29267, 752
41054, 463
29031, 13
23835, 784
13412, 457
70197, 232
69107, 711
78095, 419
32576, 997
21541, 428
27132, 667
73549, 47
65848, 676
47497, 33
65292, 779
49681, 262
17636, 739
75449, 372
22201, 903
55512, 994
46907, 754
44227, 107
72436, 630
35943, 739
25644, 664
66328, 757
44568, 102
33047, 580
47449, 820
43232, 627
33646, 156
38889, 107
4840, 452
12788, 929
34065, 731
19143, 458
18696, 235
51176, 689
1342, 974
13260, 408
18914, 97
36663, 559
10136, 777
51528, 672
49159, 371
13639, 181
28525, 212
76999, 987
39452, 139
29815, 242
51021, 941
58021, 881
21393, 422
18486, 681
43312, 441
79052, 734
31847, 526
37423, 326
55268, 195
57477, 833
1898, 309
31720, 294
61537, 645
50147, 941
3366, 145
34607, 599
21359, 954
13057, 31
61226, 260
30084, 679
11802, 271
40225, 987
18209, 608
32311, 194
13647, 75
30493, 541
52593, 634
39695, 661
32532, 188
70478, 227
67221, 640
63482, 193
22274, 895
10589, 161
22750, 894
38163, 51
19614, 647
10160, 227
63273, 896
48272, 833
5054, 269
22798, 947
57136, 141
16848, 368
20629, 750
47236, 943
54097, 14
11563, 170
20413, 254
43846, 34
68298, 71
9500, 240
17176, 5
9179, 873
79470, 83
9994, 536
14206, 550
7759, 83
20212, 892
25580, 314
77180, 248
11309, 373
30526, 934
29691, 179
22199, 411
55400, 817
59321, 931
70022, 642
70797, 436
19721, 312
7979, 470
72093, 578
2560, 545
19474, 640
2452, 867
5411, 237
26442, 224
10446, 301
64524, 735
16659, 797
35607, 618
75405, 638
32312, 394
27156, 177
49967, 678
25966, 5
29288, 891
16699, 512
3525, 188
18512, 843
74580, 493
46778, 76
61410, 92
30036, 354
17116, 945
28358, 289
66226, 137
76177, 946
31071, 956
63298, 906
58231, 99
32283, 302
21785, 233
74061, 56
23860, 983
64941, 16
48057, 100
34205, 854
5665, 661
14080, 159
45029, 742
11550, 34
46991, 292
67344, 601
59265, 343
79401, 859
67913, 633
27897, 69
7177, 631
44016, 187
44495, 922
9504, 948
58851, 912
15845, 182
23418, 735
59414, 583
50483, 413
73597, 812
3901, 130
17740, 231
75431, 512
27447, 126
44509, 765
25495, 519
32916, 927
52006, 698
35026, 483
43098, 762
24905, 704
71676, 469
79023, 226
11101, 671
46906, 551
74769, 902
29085, 677
42901, 325
40058, 894
78122, 952
66930, 521
65101, 764
4232, 188
3208, 88
28497, 620
11448, 435
40187, 805
42626, 898
53730, 760
34345, 954
69874, 307
54768, 965
54366, 923
32761, 795
14809, 65
35346, 354
56137, 402
77215, 240
54858, 845
3650, 861
43695, 685
3986, 205
72368, 604
73506, 632
12192, 456
43083, 1
79764, 379
21076, 80
14781, 699
43878, 330
72519, 472
31540, 688
34410, 100
30915, 737
30415, 737
78034, 406
16217, 157
67620, 665
51537, 693
63566, 321
24475, 860
72573, 846
58666, 148
72059, 895
62775, 515
69590, 551
70985, 209
784, 736
76261, 290
27871, 283
73243, 42
48618, 568
67470, 901
11145, 58
78609, 912
66506, 986
66202, 931
63276, 270
38106, 258
72053, 921
64789, 433
63639, 246
67132, 630
60890, 597
69697, 966
72858, 181
49536, 474
49262, 263
74748, 85
22222, 169
52749, 750
3924, 580
23437, 33
20349, 912
36673, 482
23091, 419
55798, 115
73629, 320
7646, 187
68515, 715
14856, 812
56900, 421
30329, 64
21851, 42
53892, 183
70959, 882
23974, 394
54993, 410
15222, 600
23470, 607
13835, 510
11678, 968
40555, 959
55800, 557
43073, 308
54975, 770
77773, 551
14882, 242
63320, 90
77678, 715
53747, 424
43905, 537
39395, 336
19724, 634
63345, 650
52775, 760
46597, 611
10204, 813
18875, 141
12256, 776
56227, 905
12522, 768
26410, 454
40026, 700
38654, 274
75874, 436
9174, 524
5033, 821
55992, 946
25925, 147
70311, 986
12648, 892
42137, 684
18423, 699
62266, 293
21563, 124
71920, 104
39535, 600
24332, 601
61387, 76
9899, 828
56642, 9
27728, 404
41247, 530
77925, 407
51555, 209
5161, 652
11014, 273
29805, 125
11521, 754
55083, 479
18582, 970
74933, 916
16376, 936
54296, 276
55532, 387
44203, 59
45746, 565
31864, 654
65865, 460
9843, 379
60812, 471
16689, 187
3625, 483
40416, 881
9805, 521
71652, 928
61416, 190
1055, 272
2767, 777
71476, 228
25083, 58
1, 953
1843, 799
62558, 990
62122, 495
71253, 840
26217, 127
17539, 557
77148, 291
69163, 107
7650, 850
57386, 222
48814, 68
39243, 171
651, 87
62250, 386
37228, 493
35000, 299
75074, 180
71677, 979
12963, 439
11398, 898
9807, 216
58852, 140
5300, 490
52898, 961
60774, 244
60145, 559
10056, 847
60211, 455
6974, 820
15703, 856
39823, 103
20851, 223
5043, 195
6993, 557
26818, 632
77106, 165
43888, 241
56819, 722
53133, 190
9411, 726
52173, 905
18331, 672
60418, 88
7530, 8
65625, 598
33962, 50
22739, 516
13222, 898
23062, 227
68609, 905
31459, 779
35300, 361
5508, 521
31535, 152
9992, 503
34659, 338
33139, 137
70123, 827
36253, 299
50109, 951
16028, 750
69391, 9
6875, 81
12469, 217
34318, 182
20848, 752
71617, 45
4165, 570
2118, 969
48785, 607
56561, 568
24204, 108
79098, 389
55630, 70
27521, 958
69195, 156
19496, 197
49558, 55
42247, 227
45892, 575
59394, 50
35553, 519
78750, 143
42881, 490
374, 555
21262, 572
65388, 388
1943, 917
69102, 136
48305, 636
20736, 401
14466, 184
56875, 215
72278, 791
47044, 344
5532, 268
8945, 999
12557, 629
35975, 694
52957, 102
3161, 25
10987, 247
66178, 974
28034, 202
7023, 706
28985, 927
9321, 656
78837, 265
2656, 386
57079, 553
61908, 86
14800, 279
30576, 724
63443, 642
22064, 47
18020, 453
229, 579
59201, 591
31263, 438
26196, 893
14295, 373
1332, 775
18548, 322
60161, 765
33472, 363
76470, 139
15821, 520
17602, 205
50752, 19
43280, 245
26401, 648
54585, 259
6392, 428
44179, 252
8723, 27
21704, 185
39627, 451
9913, 897
44177, 340
45670, 640
68528, 493
1784, 534
42186, 362
58194, 248
45917, 190
35431, 772
30188, 120
45665, 281
44415, 156
47756, 767
61464, 12
61660, 216
46607, 382
26467, 562
56129, 408
72280, 428
53585, 909
13729, 99
25744, 455
51315, 409
68038, 553
64615, 335
52928, 832
2019, 400
43909, 18
66957, 336
3408, 774
16685, 47
41236, 360
21856, 639
55884, 16
1441, 710
62334, 882
3940, 567
6056, 7
76002, 741
51828, 856
46286, 143
36840, 841
64186, 927
64090, 617
44899, 968
61138, 898
27815, 127
63504, 156
59437, 995
59809, 327
10195, 565
44866, 392
49010, 25
42821, 742
71744, 282
19553, 836
813, 369
74703, 74
48616, 538
34965, 409
13192, 520
30810, 532
64742, 277
67677, 420
25184, 15
49026, 275
76080, 562
9044, 477
63510, 321
42517, 991
39656, 305
19529, 319
62664, 198
21794, 334
64211, 996
41741, 385
28826, 901
60365, 685
71979, 890
23230, 92
49016, 273
73123, 124
5696, 956
9439, 124
47977, 108
34776, 988
1042, 252
48049, 567
684, 760
11823, 530
20486, 608
37332, 306
33429, 461
69574, 371
55475, 914
79611, 966
49254, 834
14997, 354
36867, 672
52590, 770
2907, 512
50375, 24
44356, 983
22825, 583
13176, 850
40024, 838
66616, 955
39130, 918
7838, 848
56578, 653
19673, 789
69873, 780
75933, 338
46174, 224
43183, 772
26279, 245
31865, 647
13112, 13
66982, 503
4641, 316
21857, 656
48737, 257
22052, 404
64302, 183
55102, 862
40041, 312
70918, 224
68204, 315
29972, 372
50671, 131
74632, 437
63259, 547
21027, 753
3215, 308
74941, 630
47442, 845
64798, 953
25207, 706
28421, 722
36384, 235
6595, 459
52691, 360
42006, 132
26955, 743
30076, 807
17863, 168
6162, 372
11623, 456
32335, 245
9599, 125
9456, 508
5432, 114
33244, 884
26981, 638
32953, 644
22877, 343
70787, 260
27543, 918
35787, 558
39102, 194
6480, 378
51848, 544
52381, 380
184, 631
11858, 172
62557, 48
3894, 334
70160, 970
55416, 835
30180, 141
20071, 810
77313, 658
47901, 695
12193, 579
51943, 989
15110, 170
54967, 294
1558, 347
66724, 972
33932, 228
21369, 881
19219, 172
40122, 762
25979, 453
44708, 6
56884, 229
55719, 695
78054, 653
18689, 38
47841, 968
76839, 493
1469, 786
11957, 545
16087, 702
13342, 678
59868, 937
4172, 533
45880, 673
49930, 472
14836, 752
43424, 27
6163, 730
2893, 918
64917, 69
43782, 354
32781, 96
41630, 976
44742, 445
49942, 833
11945, 796
8042, 711
24225, 127
5154, 836
24375, 424
53540, 784
47503, 697
41325, 527
6237, 641
19758, 585
4301, 747
39478, 944
35104, 724
71418, 632
69122, 410
2095, 33
54213, 34
34214, 428
39598, 414
9460, 436
43337, 355
504, 703
8144, 182
35181, 272
31653, 432
3276, 870
10832, 651
65809, 340
74972, 181
38261, 207
1640, 620
72620, 452
2096, 869
22647, 851
5945, 751
30527, 236
79700, 957
728, 850
11570, 934
5479, 688
41510, 660
12769, 937
71373, 88
20669, 769
69453, 728
66656, 128
65541, 584
34171, 480
25420, 884
77061, 591
61667, 310
42925, 794
2830, 16
53840, 450
36715, 920
8117, 782
31545, 62
32885, 409
2147, 148
26195, 866
67529, 850
17791, 83
75585, 941
76387, 389
34515, 362
26746, 843
78513, 260
43455, 309
76637, 65
25941, 526
32973, 654
57298, 405
30058, 655
5248, 85
49884, 441
34520, 145
61065, 205
30317, 894
34183, 285
16421, 460
33036, 172
72569, 310
58492, 437
27513, 619
75077, 324
2833, 154
10438, 551
27997, 708
76125, 549
35419, 671
16518, 340
40681, 984
42076, 599
17423, 293
24282, 56
32561, 561
9068, 860
48626, 730
77870, 116
53944, 857
44832, 263
4479, 662
38215, 280
28989, 600
15870, 112
19982, 966
70783, 129
55712, 812
28371, 662
19823, 864
37044, 628
5006, 21
68698, 471
62601, 325
58901, 903
9375, 237
19978, 431
6936, 815
28398, 596
78097, 207
75598, 464
7271, 917
23896, 834
33401, 112
10174, 676
65122, 18
52953, 340
8829, 883
77366, 121
79102, 271
63458, 79
2738, 255
30146, 339
10451, 605
70409, 429
51878, 867
46826, 897
54199, 960
37714, 778
27817, 342
75888, 613
63723, 731
14484, 920
7968, 154
74914, 935
11689, 356
3333, 647
4929, 608
36128, 233
50498, 654
25179, 506
59402, 847
16019, 701
5575, 592
19010, 270
45272, 719
53338, 810
42946, 993
52853, 37
2352, 212
48344, 757
47640, 559
47361, 472
31810, 721
48081, 300
16229, 724
34136, 649
73065, 540
36277, 990
66788, 45
73501, 574
47702, 622
890, 530
48719, 6
46575, 403
23498, 584
28627, 97
5338, 189
8001, 377
57650, 467
58848, 377
8140, 449
45178, 662
45057, 193
22001, 796
14785, 532
20707, 856
58663, 373
690, 3
44894, 444
16343, 120
24183, 615
62819, 960
33428, 133
63098, 178
32882, 838
3254, 164
74030, 203
51428, 155
3144, 629
46241, 219
49326, 652
72195, 741
28178, 905
9457, 628
2990, 164
24558, 514
25251, 981
52195, 137
71220, 58
2090, 362
37894, 188
55028, 991
52602, 737
25284, 376
37037, 230
29298, 932
46900, 435
25890, 622
43038, 748
59382, 480
57577, 152
1765, 224
31604, 892
21465, 100
7493, 395
46060, 120
38032, 971
52520, 699
70228, 459
52212, 829
43375, 143
39350, 326
71605, 540
13138, 62
25698, 754
9016, 401
63902, 762
8898, 827
78782, 13
44485, 555
67008, 63
56284, 703
50598, 451
12397, 948
25244, 340
73551, 364
18975, 468
7608, 611
23283, 448
40099, 106
36940, 560
60189, 682
3381, 657
34581, 656
6629, 256
23765, 602
8153, 932
56509, 781
12686, 382
59318, 623
47225, 458
78183, 275
64053, 774
27878, 370
67937, 184
57472, 889
69918, 572
22149, 296
8884, 584
20066, 638
52578, 233
23492, 760
320, 749
44394, 532
26773, 778
59850, 608
23735, 840
21001, 328
17030, 301
55121, 716
65411, 578
59596, 940
8988, 899
79649, 589
42844, 783
68668, 176
73585, 188
46921, 328
42873, 190
4310, 471
22789, 115
38829, 933
29765, 395
19803, 974
77931, 944
32737, 320
58665, 184
18522, 866
59393, 602
6690, 772
42221, 968
40580, 916
71835, 989
69625, 8
41261, 523
62695, 544
28417, 527
415, 339
63889, 370
290, 848
27708, 655
73241, 773
8432, 17
46308, 316
10839, 424
23362, 137
75351, 586
24530, 424
62535, 109
63588, 198
52198, 802
21368, 8
33018, 582
45596, 371
69598, 548
63144, 393
31964, 19
34386, 201
78854, 267
79864, 940
28355, 187
11219, 33
24288, 745
45507, 23
21149, 39
26206, 145
2635, 183
54235, 736
23081, 162
8205, 730
66010, 293
60853, 692
68976, 867
30984, 628
62854, 557
16962, 935
49113, 371
6544, 274
40357, 202
51325, 289
50536, 118
42718, 775
59404, 527
1488, 566
36213, 769
34721, 634
79654, 424
20190, 874
20635, 840
78762, 741
39968, 344
60199, 885
49807, 985
65550, 239
9429, 563
72540, 791
66343, 618
74063, 455
66150, 449
3061, 400
73993, 192
30530, 379
28016, 525
36055, 95
40600, 10
5898, 39
18559, 435
78519, 849
51661, 346
50751, 429
64490, 263
72984, 800
45815, 316
57602, 473
71136, 513
31189, 823
56026, 499
64463, 960
37741, 82
46717, 217
32976, 449
25176, 194
73553, 185
23519, 245
17191, 18
23600, 90
50453, 300
54038, 975
78835, 163
22850, 274
63040, 693
1548, 660
72105, 494
47458, 634
18542, 268
60203, 162
30887, 102
76852, 612
6082, 751
28636, 886
50887, 262
14940, 43
45231, 687
446, 651
33626, 7
54459, 349
25240, 830
71687, 813
1436, 439
435, 539
71117, 339
2856, 420
51381, 99
59673, 520
11643, 15
23112, 392
69180, 91
68722, 770
49836, 650
58938, 735
16786, 319
40887, 322
32630, 150
36589, 405
61401, 519
22985, 793
17573, 954
39834, 724
10178, 895
41593, 67
9953, 790
46824, 698
23341, 873
43226, 776
17155, 884
48692, 997
37319, 178
32838, 47
5960, 936
45565, 343
71701, 826
74038, 575
29014, 300
27991, 616
51744, 780
8111, 467
30239, 386
28830, 996
3810, 643
72419, 413
10702, 271
57665, 693
34781, 469
70067, 963
26702, 240
48753, 620
6395, 558
28023, 698
7471, 830
25270, 539
38087, 81
15380, 241
17110, 962
63408, 238
63039, 770
59069, 34
19518, 819
41001, 658
5691, 76
45975, 120
38362, 682
74082, 517
42672, 3
10496, 753
72919, 298
48037, 664
76979, 889
70424, 694
71888, 301
22511, 290
24693, 948
74774, 963
4580, 640
34047, 134
23670, 935
39096, 140
293, 38
34913, 322
14869, 741
30195, 408
4737, 640
65365, 508
15052, 565
14772, 616
13596, 804
25334, 756
42700, 386
52064, 972
56532, 213
2554, 388
62750, 631
59654, 441
76744, 573
71832, 532
56859, 888
11634, 770
71294, 750
44553, 296
29710, 93
36893, 973
50852, 153
33975, 808
21652, 329
57901, 783
11166, 518
54733, 277
33266, 984
26892, 186
46129, 216
30607, 94
59995, 772
64642, 465
37412, 414
29594, 519
66056, 716
44092, 991
66347, 302
46812, 802
7377, 726
18493, 224
78378, 78
35773, 870
78948, 709
47484, 526
34711, 771
10354, 88
79572, 972
1052, 275
37117, 564
26970, 498
60270, 739
15716, 192
58077, 463
56899, 114
33940, 742
18661, 783
4484, 162
22609, 6
18853, 146
71285, 541
19234, 894
33919, 286
367, 459
47733, 422
28206, 469
1380, 65
24687, 114
10447, 812
42801, 303
62259, 489
32267, 164
33728, 705
1712, 446
61767, 452
4538, 447
11304, 9
9040, 561
38676, 981
76349, 114
74089, 197
74474, 937
67616, 863
36159, 373
31415, 91
51476, 934
26911, 870
1146, 185
20832, 350
24765, 590
44917, 666
71029, 101
34766, 28
69087, 318
25962, 606
26365, 922
11558, 315
17125, 352
75559, 900
46954, 77
47795, 905
33833, 574
28490, 493
60564, 592
42613, 281
61650, 844
66528, 947
52391, 127
79553, 637
49466, 416
66149, 567
18500, 221
42806, 210
77371, 823
39244, 710
10590, 285
52156, 52
46237, 867
42893, 503
23782, 763
36554, 358
32571, 365
59893, 1
3086, 531
67571, 584
22481, 126
21924, 797
6842, 644
14783, 927
71210, 427
18881, 909
28116, 332
47283, 680
35096, 8
40839, 524
29104, 327
42689, 565
11923, 615
30797, 564
7127, 298
14314, 6
77571, 669
40498, 709
4951, 566
43223, 206
4442, 938
73226, 23
14837, 702
14208, 43
35358, 11
37503, 270
46086, 684
13142, 161
47216, 346
63862, 956
66512, 321
28757, 731
71840, 141
52836, 899
44592, 158
68589, 788
37959, 550
25309, 644
11724, 342
60733, 192
26548, 155
112, 120
39229, 201
34738, 182
33535, 596
74811, 447
13895, 185
38233, 360
62918, 571
18185, 361
4894, 261
28558, 559
204, 73
32640, 720
58864, 60
54492, 941
73955, 245
25517, 728
43461, 200
38758, 390
72189, 880
44773, 137
8266, 566
79025, 900
295, 45
51198, 252
56014, 631
48570, 382
16567, 130
37801, 386
42853, 45
57426, 346
40344, 482
24042, 856
70555, 418
33561, 241
17005, 648
78447, 199
75645, 486
73348, 53
47303, 766
55916, 778
68765, 200
2562, 186
75435, 728
7018, 382
74670, 532
8860, 208
12248, 835
72886, 729
30511, 198
36209, 365
12590, 72
18324, 85
45059, 36
1719, 109
76417, 178
73034, 23
14948, 269
50246, 1000
1013, 337
30290, 550
71444, 319
72369, 427
60661, 584
42833, 129
51317, 752
41611, 332
48287, 182
602, 297
25287, 104
28161, 30
47889, 289
39542, 777
69622, 439
78976, 691
58668, 475
75062, 788
16172, 230
2327, 422
53, 701
18695, 691
14383, 610
56912, 478
45782, 114
51239, 536
33857, 34
16501, 19
36057, 799
29211, 151
37574, 654
12399, 883
43124, 361
63631, 277
3346, 777
74744, 835
3330, 711
25797, 111
2199, 820
49873, 792
33791, 106
42713, 470
42089, 416
60097, 140
36124, 357
38229, 944
56186, 78
58302, 690
28952, 650
79863, 646
63475, 210
28289, 540
16303, 952
55557, 595
41766, 203
25917, 276
24825, 158
46924, 890
4921, 9
50059, 142
22197, 25
32558, 665
62896, 672
3396, 756
36768, 150
9971, 315
56018, 712
27240, 83
32103, 502
28243, 800
13247, 75
63926, 707
10349, 348
61045, 56
3891, 739
29056, 821
7368, 788
75878, 959
28472, 794
56363, 76
57955, 81
16262, 332
41672, 796
26459, 633
35657, 760
69669, 928
52951, 383
16576, 851
65018, 173
28126, 479
17864, 147
57617, 104
51010, 428
68721, 629
79114, 49
67867, 357
5396, 472
49305, 932
76932, 887
69062, 538
28318, 518
16880, 21
73935, 547
33492, 172
50687, 125
62632, 854
27774, 126
65847, 888
951, 579
31530, 798
34732, 630
70810, 167
25298, 415
3039, 419
13840, 455
866, 154
57104, 279
21624, 60
24418, 333
34673, 777
11853, 623
48112, 568
28905, 370
9770, 912
14876, 910
13555, 670
68019, 885
772, 436
24638, 55
56718, 2
6398, 801
60395, 206
60144, 446
25259, 843
57042, 634
30960, 710
77153, 942
27368, 120
14082, 575
12065, 537
39645, 121
76990, 210
19898, 203
63231, 84
40658, 789
79758, 143
78597, 924
29671, 139
24539, 523
79142, 342
36953, 607
9029, 108
53734, 996
41049, 617
49315, 749
50344, 685
79089, 347
76082, 449
46696, 52
54464, 165
22506, 714
55541, 126
22524, 366
54867, 214
49526, 363
69978, 950
69782, 513
17719, 175
18151, 531
40618, 723
8700, 553
75939, 814
2876, 197
50979, 566
22807, 443
3833, 905
59594, 364
64867, 675
73430, 614
50562, 536
35961, 632
11918, 211
47117, 329
8793, 651
51716, 328
54875, 221
34833, 617
37821, 394
15359, 691
65150, 722
13681, 327
28338, 53
51992, 223
36141, 308
6554, 25
5788, 269
28095, 530
59759, 802
66109, 996
55024, 849
1134, 444
60899, 47
67920, 733
58964, 880
78435, 979
69919, 208
48956, 647
58847, 716
5810, 122
75125, 377
17186, 146
56995, 874
14064, 459
48701, 674
46153, 939
43187, 217
56416, 418
54903, 703
72916, 519
64004, 656
4016, 335
30969, 745
9486, 263
63551, 767
39527, 706
26386, 478
53908, 105
51805, 991
16447, 335
35316, 419
9663, 467
15215, 20
73681, 989
75780, 822
20512, 733
63071, 276
63346, 821
50771, 103
71058, 684
27873, 88
11265, 739
10233, 16
44508, 875
72732, 799
13282, 457
20828, 32
10231, 768
52374, 841
39517, 822
47654, 786
72417, 673
44078, 671
6814, 67
54181, 137
34137, 784
12357, 251
43235, 984
64251, 767
50345, 195
41894, 581
77082, 556
61701, 858
58799, 888
7845, 731
72783, 232
78756, 764
26269, 904
70860, 656
42432, 207
15592, 726
64113, 266
27382, 340
42693, 977
12771, 555
13162, 97
56155, 339
44151, 729
3970, 622
55882, 934
4409, 38
55663, 381
62382, 123
68482, 36
76973, 549
27207, 66
24639, 282
14887, 386
23593, 726
21639, 962
23913, 233
28314, 830
5160, 891
41547, 892
12674, 263
39860, 321
73981, 766
30695, 529
44845, 995
78918, 71
49820, 527
63872, 746
38701, 637
19734, 678
28030, 5
727, 352
59705, 887
31173, 849
30274, 163
67532, 773
46899, 344
22233, 918
29023, 602
21247, 228
36636, 831
35990, 506
75101, 721
45172, 165
32933, 866
31784, 407
17440, 836
25328, 773
48969, 604
48723, 750
74005, 351
54284, 166
26439, 821
46018, 878
28828, 129
33652, 522
10731, 564
48100, 736
1498, 38
54928, 966
45698, 172
19163, 306
62042, 428
10019, 407
14320, 835
79257, 576
65021, 1000
1967, 535
28288, 662
27144, 515
59040, 805
10666, 723
35059, 160
51396, 983
5877, 525
78652, 587
43605, 929
8358, 23
21606, 502
11334, 837
75162, 537
38207, 165
75675, 41
50554, 859
10455, 743
13661, 562
37826, 102
55048, 346
38264, 984
46381, 872
72745, 189
43852, 314
72250, 23
32415, 116
44161, 106
76521, 442
65549, 154
52911, 990
29028, 481
6620, 292
76091, 603
32962, 887
4795, 876
28083, 305
72686, 88
27799, 41
7120, 888
52369, 210
44383, 488
54832, 248
22083, 657
29735, 127
24069, 355
47469, 497
19181, 154
49827, 368
54951, 605
43563, 427
36168, 918
12152, 691
54096, 637
33539, 923
35639, 95
20665, 102
24571, 119
76718, 910
24892, 348
74564, 309
16060, 268
6555, 216
61771, 359
69601, 508
73144, 227
54991, 239
5953, 584
27149, 647
8588, 464
65938, 465
48002, 114
75120, 307
67573, 449
8771, 407
54005, 452
14789, 110
33944, 107
7270, 368
23926, 733
48671, 221
11115, 484
29877, 630
30716, 87
59184, 473
47817, 634
78753, 805
29311, 516
67564, 560
20944, 486
59451, 62
76604, 678
38776, 353
53473, 793
31771, 381
33601, 498
77319, 300
51984, 424
51497, 148
17559, 917
47731, 970
51678, 863
21106, 510
56245, 622
33647, 536
66139, 955
59671, 194
62914, 522
32802, 11
50189, 981
42067, 613
53756, 935
73892, 334
68108, 286
19154, 369
10866, 603
32958, 956
67663, 14
9757, 847
56320, 266
38532, 306
71638, 445
45384, 320
59429, 101
76376, 208
21045, 747
31260, 551
22216, 880
55698, 647
24654, 588
59410, 28
24266, 872
45835, 991
46817, 523
42749, 902
48333, 948
20051, 742
65911, 241
40924, 876
61492, 510
70191, 873
69261, 355
48830, 799
7280, 826
16284, 542
23387, 217
62107, 10
13113, 941
21223, 838
79135, 218
23401, 643
31123, 600
49979, 353
37125, 884
29201, 473
31204, 640
32001, 530
19575, 876
48097, 267
13776, 67
36878, 977
24664, 733
28746, 339
59731, 668
6133, 714
67110, 620
25170, 573
38206, 269
45678, 632
32920, 316
27027, 560
25322, 544
10811, 228
55079, 279
43999, 170
76455, 530
52379, 72
70646, 780
5769, 166
64341, 323
35037, 428
30880, 620
59541, 730
18129, 355
73719, 631
3614, 720
62191, 415
30315, 793
55338, 263
48194, 59
72115, 746
25058, 66
33272, 315
27896, 647
12849, 173
59542, 267
14425, 430
15000, 253
71973, 399
38398, 85
1690, 832
64994, 542
4529, 663
19795, 766
19125, 903
4867, 261
42195, 447
26559, 344
78136, 543
79693, 305
50990, 351
51039, 720
10210, 737
39500, 51
77866, 586
50577, 222
21834, 197
76644, 440
73547, 144
58939, 810
38173, 845
32431, 375
26794, 204
10787, 672
34739, 873
54282, 146
40166, 934
39121, 382
6726, 925
46416, 194
6202, 727
76475, 541
77318, 360
25577, 787
54879, 969
13382, 531
11533, 476
41293, 948
35131, 81
14777, 886
21888, 225
50520, 160
78422, 385
31443, 319
24657, 589
61544, 12
10704, 161
67523, 800
14500, 293
46407, 88
71700, 704
61247, 422
32641, 265
12767, 95
15138, 802
9649, 117
36465, 248
21925, 410
55605, 862
78944, 735
65385, 801
27784, 407
18760, 375
73054, 159
49141, 357
55375, 748
23839, 103
60575, 682
126, 554
2339, 709
4317, 204
78330, 681
28228, 47
53936, 272
64055, 932
38879, 852
69638, 835
21195, 405
61926, 142
37369, 6
10111, 493
8517, 12
46977, 771
54323, 107
55471, 8
37436, 160
6178, 171
51127, 428
38152, 434
48214, 118
856, 39
38501, 3
65509, 890
31763, 788
24714, 102
22903, 49
18348, 417
5525, 684
69231, 736
26025, 598
11376, 292
28435, 50
39868, 418
53743, 576
63880, 329
11784, 607
6022, 490
29721, 733
30430, 816
72145, 855
33, 893
45073, 406
75996, 83
31740, 856
73470, 64
42774, 93
30427, 845
67179, 174
40413, 886
12856, 802
68937, 75
31624, 781
76449, 385
25518, 875
62188, 309
20579, 635
13352, 406
60591, 699
1226, 729
65193, 624
41316, 168
42539, 350
40286, 342
37984, 943
24523, 797
25826, 329
46920, 44
22858, 953
30861, 135
72418, 923
63092, 429
23986, 390
12418, 248
45754, 676
27122, 479
4917, 561
12194, 676
51123, 86
15828, 98
76599, 940
25957, 255
1594, 288
76909, 946
33141, 471
47533, 394
11620, 50
4703, 732
57597, 971
68729, 726
44345, 978
30005, 665
61575, 955
47834, 749
75131, 284
78956, 376
30291, 18
26251, 356
60682, 545
74117, 27
50890, 401
74688, 46
64535, 67
385, 325
39397, 704
72403, 514
74487, 611
24898, 484
23699, 165
71390, 5
37651, 543
11739, 56
25538, 923
34972, 530
1826, 316
22266, 266
56653, 560
78143, 666
36986, 182
6379, 792
18720, 955
36604, 705
43181, 867
75683, 991
43604, 303
15565, 458
74081, 967
40027, 621
26649, 844
48078, 584
46535, 210
64428, 829
60267, 605
50575, 241
46034, 358
60376, 447
48459, 217
79859, 204
23107, 853
67540, 557
79966, 473
38672, 555
43898, 931
60522, 89
74307, 51
2700, 169
34026, 635
26998, 855
15738, 188
73278, 371
58087, 937
31729, 472
35951, 208
61166, 726
37706, 200
64864, 596
10209, 918
39497, 322
13249, 972
64360, 796
18597, 916
12497, 705
74239, 631
21913, 858
75653, 252
63656, 47
33508, 199
3277, 229
42530, 487
71309, 776
68972, 219
62357, 549
27955, 588
24594, 139
4346, 405
36982, 59
21131, 391
73247, 368
9900, 432
29494, 450
41677, 120
9710, 524
77702, 725
65078, 454
36120, 753
22516, 849
26698, 191
72618, 555
41498, 287
13909, 206
2537, 359
52133, 907
2743, 926
69897, 353
13687, 554
54062, 652
76169, 592
21931, 632
70978, 746
51568, 923
47555, 263
72132, 154
17804, 318
41267, 965
76403, 708
3509, 204
49812, 928
15997, 589
40693, 203
6068, 264
14844, 951
40188, 710
57854, 358
23831, 710
7208, 709
49584, 235
3689, 70
61951, 603
54300, 431
48466, 804
27044, 522
50412, 79
67274, 200
22801, 985
76220, 704
39168, 903
76006, 779
9064, 933
2747, 706
52822, 795
45392, 634
36104, 273
4189, 231
9122, 2
71965, 669
2116, 966
52728, 533
46071, 976
48567, 150
28223, 852
69709, 473
52258, 199
23392, 79
63793, 890
9816, 998
20836, 618
35402, 1000
34288, 603
72937, 46
29556, 519
40608, 835
18034, 200
74287, 973
47349, 485
35051, 254
76065, 817
57661, 538
32246, 934
20891, 16
50064, 811
24588, 174
10993, 853
38510, 511
73349, 49
20624, 5
47670, 663
1601, 166
29751, 839
79907, 858
30553, 580
7896, 263
47953, 308
46514, 529
35621, 991
7996, 822
45091, 428
5, 169
52637, 515
9548, 252
10822, 571
44164, 24
46703, 13
62848, 487
16366, 253
59906, 82
59465, 71
63445, 85
66093, 745
73962, 916
14133, 495
43731, 828
50528, 53
18898, 941
52665, 488
38751, 510
55192, 41
10956, 129
31406, 947
10331, 30
73996, 54
75672, 510
67378, 657
79832, 412
67884, 384
79630, 956
71878, 658
57289, 560
56596, 156
61727, 830
58309, 504
31646, 339
63881, 708
12750, 486
16122, 295
63749, 797
32347, 602
4930, 595
70171, 794
44642, 479
21322, 867
18233, 459
48427, 847
22156, 358
45313, 290
40447, 449
854, 755
71873, 242
23357, 593
42042, 817
16319, 137
10215, 651
73223, 946
616, 412
29642, 745
28664, 489
57850, 323
17046, 472
28046, 432
1778, 998
58639, 824
65573, 974
73478, 263
17443, 144
10347, 338
63124, 639
48733, 722
73, 345
35273, 539
54231, 550
11671, 714
54838, 434
56148, 40
36470, 514
53575, 186
50962, 192
73026, 864
10604, 503
46803, 752
14722, 69
73758, 542
33973, 209
9316, 460
30288, 475
29367, 766
57147, 724
45038, 162
74938, 662
56452, 391
42316, 995
5295, 276
70855, 275
18401, 778
11760, 418
32316, 840
67286, 239
20516, 76
2094, 90
53028, 387
949, 770
64204, 542
32393, 817
55608, 468
74338, 229
74359, 411
8306, 302
57612, 452
73963, 970
56296, 182
30212, 676
77564, 149
79860, 364
56273, 13
71656, 912
57319, 614
50935, 391
236, 158
69867, 229
14129, 126
19140, 790
67175, 876
65584, 371
70368, 570
57978, 328
40173, 815
43013, 490
43522, 590
67674, 4
29245, 558
29575, 380
64961, 592
18451, 351
73511, 419
68995, 505
16005, 529
69066, 625
50644, 145
26099, 297
35858, 521
984, 240
7121, 371
52813, 102
8500, 991
46898, 452
39299, 625
75285, 928
53321, 767
73166, 74
21954, 421
47512, 951
42852, 899
50630, 269
4604, 825
75157, 378
37743, 956
59939, 526
31444, 120
2372, 135
49964, 710
66065, 34
6102, 443
46128, 979
44733, 844
55776, 753
78331, 429
8004, 875
7923, 477
7797, 863
24169, 700
2740, 582
62839, 743
7478, 610
68305, 680
5934, 217
73275, 154
19794, 200
8675, 813
11297, 929
23188, 766
77482, 643
39217, 980
47022, 268
8912, 315
16521, 453
62267, 43
55996, 728
27267, 489
44829, 562
43341, 479
69504, 807
27283, 970
67375, 144
35157, 885
62984, 553
45857, 386
68919, 219
10137, 222
10436, 897
32400, 199
79990, 670
4333, 22
78936, 963
10089, 939
31110, 387
43340, 748
46280, 19
8677, 565
5276, 163
1085, 770
57165, 311
37595, 721
11776, 266
50285, 707
59098, 597
38655, 846
11593, 970
54347, 418
17992, 528
66262, 227
76800, 242
11682, 652
73359, 517
34326, 509
53117, 690
34516, 852
67122, 435
15143, 140
74068, 908
59139, 574
62970, 165
38911, 423
23555, 311
34277, 616
32193, 648
14118, 607
9608, 672
36952, 871
20024, 69
59737, 47
66058, 439
11299, 449
15883, 345
66146, 893
43923, 761
40204, 810
34327, 651
15111, 741
40540, 929
41473, 64
72561, 352
43902, 905
35289, 20
1263, 734
55058, 111
35315, 775
29392, 979
28060, 73
50744, 890
16644, 764
10924, 294
68122, 178
74585, 778
70511, 979
20036, 478
28169, 739
18132, 307
38838, 983
30362, 737
73338, 736
21405, 698
50677, 940
15261, 77
8208, 90
11741, 23
51230, 807
32236, 589
74175, 944
40334, 706
23494, 882
77753, 396
60907, 122
65096, 702
34931, 727
10573, 461
48808, 2
55438, 467
36993, 55
41459, 68
45474, 35
60044, 109
64, 592
75531, 764
44022, 122
76443, 189
63177, 273
783, 667
5405, 410
58229, 277
48700, 507
33163, 914
18917, 214
46598, 328
41619, 213
20831, 405
22177, 956
27801, 6
77238, 402
26422, 531
66613, 153
74527, 602
41215, 462
15406, 240
32045, 754
2178, 482
79342, 636
38500, 718
58391, 128
7743, 22
46422, 744
49234, 25
9594, 513
36854, 958
46711, 959
650, 289
69528, 882
5961, 360
21263, 286
53605, 327
12574, 464
32187, 294
37517, 93
45358, 969
52311, 773
10388, 684
37602, 680
36347, 702
5974, 330
47946, 887
8418, 881
73840, 747
21470, 346
48245, 214
55179, 780
42547, 20
13635, 937
63070, 320
70182, 251
6413, 850
72644, 170
37649, 254
55804, 274
36771, 136
25616, 37
22911, 756
5676, 142
1477, 219
12980, 118
60250, 79
42633, 366
70983, 655
18829, 701
42244, 86
56477, 597
69360, 727
18630, 800
47006, 785
78926, 195
60476, 788
41067, 995
39997, 921
50796, 595
36765, 778
42283, 615
13390, 715
16057, 439
46196, 837
63131, 615
24079, 721
58395, 929
58930, 503
38115, 845
47776, 730
23389, 719
17958, 964
55337, 960
51449, 225
6648, 629
29925, 285
39619, 826
51901, 963
19274, 171
31478, 596
55645, 266
58489, 988
6139, 344
54746, 921
53517, 602
14335, 422
57491, 985
61351, 173
74342, 74
43372, 562
6681, 163
71024, 544
55284, 707
74713, 634
59403, 152
28978, 477
50580, 18
14941, 908
49799, 701
5109, 706
55136, 257
895, 48
2902, 455
55462, 757
10292, 593
11928, 22
30454, 372
39612, 67
13620, 710
71260, 867
12322, 199
11863, 840
55237, 4
6402, 322
18866, 605
70329, 871
3057, 84
31128, 7
64992, 111
17834, 911
71829, 129
40177, 932
13160, 144
4124, 286
47730, 494
8018, 478
42622, 468
5582, 5
32669, 196
10282, 511
58236, 603
27309, 597
62002, 433
40859, 583
18035, 704
18738, 310
25352, 67
46714, 998
54069, 537
68625, 525
68131, 604
11941, 268
15991, 788
4819, 561
3031, 579
19977, 552
37062, 647
23450, 538
34807, 866
70447, 458
18595, 950
51007, 0
6874, 67
76088, 344
42997, 774
64569, 153
26157, 241
25414, 639
19187, 509
8510, 972
14051, 425
59325, 619
59208, 344
55202, 699
37645, 260
72170, 591
40655, 522
37175, 897
43248, 272
23895, 665
76813, 227
56076, 205
69198, 203
3221, 418
74634, 110
64248, 680
66926, 409
16394, 865
52615, 418
72350, 737
24543, 424
3747, 519
49926, 241
3313, 462
7638, 24
64555, 782
19957, 821
24577, 412
70634, 132
57811, 749
70697, 240
8447, 933
67217, 3
34696, 722
75356, 374
62243, 115
77307, 74
14612, 303
32696, 806
11168, 9
53020, 856
5205, 739
30706, 549
8083, 826
4944, 181
1257, 124
44368, 919
61975, 867
21387, 469
68663, 583
5670, 73
18657, 395
41962, 365
33149, 235
52660, 775
36066, 793
56354, 423
26114, 158
67366, 935
78063, 911
9467, 5
50967, 269
43008, 463
77255, 402
2413, 785
41361, 507
63678, 345
45703, 863
2402, 810
68964, 47
72700, 28
17045, 889
10989, 17
46194, 597
10939, 19
38055, 162
52409, 12
73298, 499
56113, 803
39621, 270
74247, 695
9976, 962
9819, 502
67858, 85
20005, 745
42410, 684
60460, 233
38565, 502
62400, 975
39658, 582
44312, 295
56005, 409
52554, 561
77448, 488
27755, 83
12609, 168
11491, 113
11156, 326
59372, 591
60886, 540
79056, 584
29333, 447
58960, 765
65345, 315
42820, 451
35080, 285
40939, 425
56315, 164
21356, 417
42771, 214
71139, 454
65221, 790
18096, 371
32126, 982
48763, 800
53427, 966
72625, 744
19774, 35
9784, 555
30009, 319
2496, 885
5922, 563
51841, 498
42335, 988
35811, 950
48984, 463
17755, 52
65980, 240
46374, 888
22702, 463
48433, 707
63335, 129
54306, 640
19443, 691
16328, 164
73332, 493
55782, 665
39307, 308
29287, 226
32100, 837
16179, 180
28685, 978
37900, 141
30033, 70
30828, 481
17702, 759
78657, 7
34042, 307
35220, 403
15401, 496
35112, 837
2294, 985
63675, 646
73945, 72
532, 136
52170, 634
52769, 918
21481, 551
35031, 425
18317, 635
9389, 501
74950, 398
75647, 705
37681, 989
24478, 877
4798, 264
5380, 952
10619, 906
15123, 136
70567, 838
23190, 827
71944, 622
51179, 539
47735, 590
42716, 708
17655, 976
33789, 88
51868, 341
75145, 635
69480, 293
74302, 745
48777, 568
17561, 489
36485, 721
19177, 37
65307, 219
57782, 953
57596, 189
62940, 395
62380, 467
44079, 625
78194, 856
21714, 896
64177, 275
75436, 595
56214, 799
68797, 850
5579, 688
32821, 219
7389, 515
59031, 155
9410, 712
72375, 896
65081, 20
61529, 855
27294, 885
24000, 98
45072, 645
38990, 16
22741, 237
19353, 663
48369, 161
76551, 121
20963, 318
37181, 228
3165, 232
30190, 599
78446, 100
67933, 484
58135, 606
62411, 440
30712, 694
60579, 856
35690, 149
1307, 509
74332, 174
30513, 65
9684, 414
32660, 769
5143, 310
51351, 106
75012, 298
18988, 772
24541, 230
63668, 250
37244, 177
37241, 143
60112, 995
16904, 833
46766, 700
66133, 584
40103, 93
66904, 17
32601, 588
79082, 540
54188, 378
75856, 143
75489, 238
26995, 626
31600, 687
1987, 152
25037, 218
15136, 28
50373, 485
10261, 690
4662, 248
31757, 332
11178, 100
60072, 541
23721, 274
57569, 704
182, 780
24113, 853
47268, 714
55799, 325
26149, 828
45039, 974
47502, 349
38910, 78
3966, 351
47249, 272
22351, 983
65446, 922
27807, 279
41704, 93
7082, 40
25669, 458
65433, 146
61148, 895
70292, 672
32502, 233
55288, 408
50699, 642
50195, 946
60385, 529
48212, 979
55530, 540
77920, 630
69230, 849
71032, 995
42638, 388
24379, 198
1957, 176
48314, 306
69667, 69
36274, 437
48169, 909
24434, 401
9422, 91
33248, 910
14675, 457
62321, 951
11138, 350
30247, 343
69124, 395
27124, 303
69204, 493
50615, 424
11232, 401
8339, 380
3507, 247
50980, 746
76624, 28
69566, 626
37778, 317
30714, 350
2416, 435
6950, 556
12480, 390
25204, 257
35194, 93
5591, 726
72520, 445
73120, 119
35163, 567
54340, 399
2453, 147
35556, 423
40906, 378
68653, 776
43873, 304
29005, 614
27349, 263
49892, 616
20947, 369
69490, 381
74741, 447
24193, 132
23252, 290
36499, 968
26534, 873
39893, 606
36455, 11
35761, 890
59614, 376
35034, 368
28162, 278
9886, 377
835, 424
45387, 160
54297, 802
4786, 366
2078, 125
33228, 832
17331, 757
63687, 823
10286, 914
69, 603
69791, 847
982, 841
19334, 405
10874, 448
23781, 846
38817, 799
46160, 340
32131, 938
74227, 677
59115, 180
47680, 221
67141, 401
24550, 501
8764, 10
78014, 236
52913, 915
40000, 366
60407, 14
39971, 194
6982, 595
78904, 303
36984, 553
34881, 301
2589, 561
13708, 705
69676, 148
13722, 234
57256, 42
6961, 575
37630, 472
22408, 909
3871, 553
31706, 499
11596, 609
65524, 154
26512, 104
53126, 833
11640, 714
47854, 453
77055, 338
3682, 254
44862, 569
40094, 209
23645, 675
39211, 879
71993, 805
30571, 984
57653, 429
63362, 64
78653, 311
12794, 160
73426, 195
17640, 168
68861, 51
16992, 525
64788, 830
51214, 336
29526, 807
76728, 787
35342, 23
14796, 888
26721, 876
54488, 899
76051, 655
32199, 544
30881, 658
21886, 548
71345, 573
63361, 645
48625, 190
5524, 756
45333, 271
39258, 863
71527, 122
21034, 130
79204, 716
43657, 115
10651, 921
31965, 789
53451, 632
77999, 964
43957, 920
32011, 503
10017, 255
38226, 596
34815, 631
43141, 946
59795, 335
33763, 40
52740, 26
64117, 649
61093, 104
33351, 96
60936, 162
13209, 623
44202, 143
70057, 728
271, 135
56000, 326
35760, 669
13598, 873
55474, 176
72994, 59
22879, 20
69989, 632
11956, 636
13846, 726
1925, 421
7059, 113
34890, 841
52791, 719
35802, 243
24188, 230
15277, 259
67929, 414
5169, 263
64921, 511
10440, 694
71018, 70
6196, 478
61700, 204
65590, 239
57768, 440
33027, 810
7097, 866
38667, 104
16084, 209
15557, 550
53499, 636
71729, 200
58749, 724
62887, 345
62447, 780
6349, 266
13857, 565
40912, 636
55582, 796
76535, 180
46212, 291
17208, 414
21229, 246
3, 364
35510, 230
69643, 342
42644, 871
7701, 967
65817, 434
25432, 166
63938, 49
34430, 758
38491, 58
2114, 756
47218, 377
52880, 626
47266, 599
15414, 66
6331, 275
48538, 591
23007, 442
79583, 706
19306, 490
12540, 231
38506, 998
5656, 15
12461, 370
38711, 165
41676, 127
77217, 529
9371, 368
190, 780
20673, 614
65213, 986
78885, 356
44584, 202
69600, 434
3882, 41
60824, 995
7609, 425
78439, 802
166, 314
63373, 80
70307, 454
12861, 196
69567, 698
30399, 362
49051, 850
22441, 58
49138, 262
18857, 406
21530, 360
33747, 498
31641, 742
30652, 24
75970, 618
64932, 426
20346, 231
2201, 116
47482, 168
22991, 995
15826, 614
29483, 262
36750, 999
77121, 771
34004, 90
24491, 967
57828, 651
68799, 568
39194, 754
42902, 287
24035, 29
10342, 837
71218, 253
72562, 151
46050, 1
72740, 957
66888, 130
24524, 593
21031, 583
7885, 774
11137, 187
60272, 278
73073, 795
389, 470
47095, 880
61736, 608
75850, 232
58301, 843
68154, 268
41541, 905
10648, 946
21598, 67
54301, 896
4369, 433
17715, 92
43385, 860
53574, 616
13504, 333
42050, 650
60683, 320
14697, 188
41172, 535
57028, 395
25562, 618
38867, 193
9271, 545
49056, 792
40915, 937
53634, 712
63324, 343
29649, 188
79508, 987
7981, 355
31512, 858
43538, 392
54700, 579
62580, 582
34011, 919
12087, 694
57111, 572
70298, 802
2803, 151
76416, 815
10155, 640
48504, 152
55292, 678
32044, 590
51191, 3
76922, 911
40735, 452
63640, 725
46790, 975
4555, 884
10846, 307
67347, 881
38775, 719
50818, 810
70777, 489
34188, 802
75358, 859
69711, 131
61551, 461
64312, 101
6061, 434
25278, 152
42429, 108
3074, 970
9734, 967
71229, 934
33688, 739
43738, 369
1270, 228
11222, 707
679, 686
2921, 677
43156, 659
46705, 253
723, 162
8029, 770
26394, 612
17367, 193
33225, 199
53265, 574
34445, 734
27261, 678
25023, 336
59021, 595
6263, 264
17733, 909
36073, 945
60342, 858
63822, 896
25990, 644
43540, 369
69611, 177
13582, 669
70463, 691
67142, 672
16453, 521
79369, 635
27450, 525
35473, 425
5328, 842
42788, 918
58860, 522
16223, 809
26211, 80
10775, 464
50739, 570
74608, 95
9713, 863
45043, 322
18501, 939
70132, 246
67246, 689
73397, 193
44721, 441
40705, 131
15290, 127
39052, 666
49199, 497
52072, 816
48411, 698
43825, 819
76730, 535
9798, 859
56174, 817
12968, 739
76374, 485
32870, 929
40328, 887
64155, 34
3100, 37
76687, 438
63821, 974
34722, 830
22705, 719
14848, 27
53182, 891
48432, 579
23865, 836
57627, 525
43112, 640
27993, 590
57956, 229
3223, 945
53632, 734
51352, 868
60910, 873
68398, 575
6424, 82
36542, 566
31998, 39
19907, 213
73024, 907
71691, 579
64164, 453
77718, 501
34416, 634
26576, 978
71711, 244
14014, 198
35471, 760
45110, 213
38319, 659
48649, 548
15850, 108
34008, 117
19023, 962
76175, 321
50029, 414
43229, 858
38046, 816
436, 135
27032, 93
60317, 895
14010, 872
74060, 320
36242, 223
48606, 396
2198, 972
21734, 591
47642, 543
55631, 422
54174, 139
10099, 721
38356, 657
69064, 524
16749, 15
56555, 766
42031, 728
4875, 479
61652, 342
43005, 273
12740, 476
72140, 671
34914, 196
78528, 629
34032, 543
19955, 220
27336, 321
76634, 876
72032, 748
65796, 340
74604, 572
32864, 388
60846, 694
43652, 944
54704, 339
53394, 666
36800, 787
18741, 74
45035, 33
68401, 2
67236, 814
72291, 187
56480, 593
68343, 861
73508, 29
6806, 387
15838, 732
39800, 168
54992, 211
40176, 359
64590, 352
25268, 152
61301, 960
33186, 764
65976, 701
57898, 394
33207, 379
58357, 397
49648, 323
48543, 83
2616, 162
36488, 253
66983, 204
41508, 113
3500, 662
2202, 526
23234, 772
75787, 952
35698, 903
73274, 590
34511, 919
59106, 147
4934, 737
19404, 101
79676, 396
29919, 424
29883, 956
44317, 559
61181, 613
70867, 325
75482, 942
23659, 285
72136, 246
12111, 41
50672, 775
30753, 506
51438, 314
33285, 132
52403, 675
7635, 133
37896, 900
3353, 544
12436, 514
36460, 150
75952, 432
41629, 454
76503, 229
25031, 923
48825, 771
49404, 619
74458, 226
69673, 549
47142, 521
31589, 264
59022, 374
16634, 161
16804, 680
63512, 84
18196, 745
13703, 822
76306, 499
64181, 695
60829, 729
3356, 420
30913, 724
56347, 353
75668, 340
17255, 303
47659, 476
40643, 704
12720, 231
4013, 940
20263, 440
17760, 859
74513, 37
62674, 776
47564, 952
3303, 183
62090, 109
62876, 177
61850, 72
26941, 581
35903, 200
45431, 418
41335, 564
47212, 369
66620, 743
4219, 182
12854, 563
56914, 46
61616, 294
7710, 612
42972, 0
62207, 45
77933, 927
26502, 212
14041, 883
34355, 501
14444, 450
50851, 8
12704, 926
4974, 341
21079, 335
17686, 612
32453, 737
79813, 509
14520, 84
45631, 259
1663, 815
450, 591
77382, 236
39863, 882
22239, 405
24690, 693
75572, 444
20485, 380
31170, 67
60780, 377
69902, 927
21659, 681
32760, 40
20696, 925
19061, 675
17677, 756
77460, 819
60946, 511
49990, 105
55022, 871
52252, 226
8611, 46
68948, 15
79660, 544
49666, 966
9072, 848
4159, 284
1376, 236
33788, 514
9382, 776
23962, 385
7279, 388
73109, 844
40147, 865
16428, 552
59415, 653
50298, 101
24515, 17
17118, 160
9196, 683
41491, 617
35594, 984
72400, 172
65769, 515
65356, 566
25989, 73
72091, 745
77893, 737
24325, 955
4206, 804
45579, 582
59611, 154
42022, 246
26992, 553
14217, 64
161, 810
54603, 934
5648, 75
10637, 123
3238, 126
17468, 955
37597, 83
20964, 520
73165, 341
24958, 218
1177, 502
72582, 13
64379, 335
18230, 489
28774, 351
59606, 199
25531, 25
51638, 565
33607, 989
39594, 794
53947, 778
8669, 257
60864, 786
66274, 807
60023, 957
38075, 179
48784, 943
79722, 158
71620, 318
24800, 835
57752, 52
46554, 471
62631, 36
42592, 728
23035, 36
3861, 850
78817, 677
20599, 644
69701, 597
24027, 920
68786, 216
71648, 624
21152, 841
26623, 795
21113, 120
52906, 291
22726, 700
17299, 257
67425, 497
63066, 358
14176, 293
394, 796
20371, 844
21448, 697
44852, 94
28493, 480
7009, 415
22843, 885
13200, 580
56395, 380
45925, 904
41271, 286
55705, 994
54820, 22
65179, 642
25741, 344
43949, 258
51211, 3
6512, 512
29944, 835
1341, 950
2304, 187
71451, 707
11033, 42
48187, 790
24053, 552
11097, 166
67544, 167
1705, 747
72094, 148
56437, 841
9352, 477
7745, 376
48143, 929
59107, 116
16893, 602
19338, 707
52435, 764
35033, 295
13890, 703
34968, 681
33674, 544
37453, 209
28450, 356
15800, 86
37022, 558
36059, 432
12107, 12
12439, 905
68219, 343
11048, 281
69494, 503
61793, 717
54921, 249
17480, 957
8344, 816
41556, 365
41454, 954
14771, 914
8185, 705
35723, 173
8497, 801
56651, 662
34806, 231
69082, 24
51548, 222
79337, 17
48127, 148
34542, 596
37113, 303
76110, 437
79900, 94
61203, 46
38893, 424
42775, 352
27183, 997
35799, 458
13444, 358
2718, 871
3627, 60
70127, 446
41460, 105
71525, 446
35876, 27
20452, 949
1840, 146
7172, 237
57019, 51
58284, 422
16307, 414
71092, 96
43917, 423
73399, 607
30060, 787
5165, 16
69065, 698
30139, 660
48836, 656
61849, 258
45469, 918
42329, 621
1850, 63
32663, 541
65405, 349
33549, 789
8626, 77
53288, 414
48334, 559
20919, 232
79979, 22
60763, 811
26938, 376
41025, 193
21649, 280
12851, 703
66254, 453
22032, 899
6515, 560
36980, 471
21315, 160
32923, 387
38568, 833
8496, 202
62999, 774
10201, 878
66884, 264
12897, 556
70696, 47
76913, 10
55765, 223
10663, 44
2040, 949
10566, 433
28911, 654
40552, 756
54437, 259
52530, 918
78130, 981
14639, 28
930, 62
6015, 479
76567, 268
12171, 760
15842, 884
24669, 296
79436, 866
17458, 30
1756, 21
21831, 28
43855, 27
33198, 977
67866, 114
6687, 265
49407, 325
37592, 273
67372, 136
18856, 556
68783, 505
59405, 645
16255, 957
66253, 648
503, 400
491, 869
42229, 684
63483, 568
16034, 63
37247, 829
47728, 712
62306, 959
14831, 681
76929, 115
57443, 251
5027, 472
13901, 453
10225, 352
15670, 804
2428, 8
26664, 342
11875, 433
4724, 168
46742, 6
38487, 462
51850, 988
42443, 447
53784, 161
11384, 284
63957, 316
70429, 562
12827, 887
57607, 692
26473, 717
23709, 722
24425, 449
65705, 674
20076, 510
38803, 24
38989, 827
25695, 601
78329, 690
12070, 891
22242, 335
17066, 151
15829, 355
47974, 7
39415, 957
31825, 523
36932, 408
4234, 186
14884, 629
18938, 410
68373, 203
14405, 733
75834, 502
21928, 627
53752, 601
12710, 995
17113, 23
29459, 850
8991, 684
41282, 556
16392, 587
60119, 327
50793, 919
71274, 881
31335, 193
77170, 485
26683, 243
52772, 274
67186, 953
187, 751
68288, 397
20931, 544
44029, 516
50209, 906
27548, 450
39886, 408
63338, 623
64929, 332
52673, 608
64561, 115
56979, 825
11463, 45
56863, 126
45531, 748
56325, 332
28439, 667
32666, 364
44885, 890
23720, 105
71413, 113
64737, 692
39457, 30
59510, 846
25261, 558
43912, 787
53132, 329
31501, 437
68831, 79
55967, 894
35152, 933
40238, 160
10549, 582
66665, 927
20259, 189
5919, 809
13146, 675
73106, 860
44732, 724
10831, 159
63759, 320
53251, 551
15533, 239
25461, 102
25111, 707
66487, 804
4008, 914
71709, 580
41827, 841
69965, 155
55309, 562
9947, 33
25591, 711
46896, 210
73371, 826
3194, 323
28543, 381
52509, 455
73143, 466
75539, 841
62450, 864
22459, 311
50377, 166
29376, 343
40483, 13
33964, 647
53317, 173
8110, 626
66625, 938
26520, 597
490, 896
12888, 668
24084, 41
18795, 494
19442, 32
44223, 279
550, 70
38489, 802
45977, 391
65277, 742
79714, 522
59948, 566
29455, 538
48806, 5
73055, 965
77405, 130
33905, 715
13626, 357
75972, 172
51295, 773
5789, 784
64754, 907
4021, 314
10918, 574
24187, 336
50260, 127
47716, 138
34795, 315
38255, 669
5330, 952
20031, 654
72978, 434
7703, 528
20608, 251
31412, 429
18766, 818
11520, 475
41667, 273
56826, 353
24955, 771
43426, 479
13559, 577
42728, 198
22426, 786
62717, 110
13917, 795
35097, 474
30483, 103
51871, 665
38399, 757
16888, 690
53291, 449
64216, 73
22363, 974
73471, 596
45304, 105
7704, 735
23575, 614
5956, 104
55313, 81
62364, 354
63683, 877
45539, 63
65986, 165
61144, 423
78496, 955
70296, 533
6021, 825
67722, 641
61597, 845
39772, 197
38681, 586
2760, 670
70023, 260
26241, 475
43532, 187
60760, 873
35692, 278
10308, 586
57257, 67
31343, 575
77446, 67
22775, 8
61765, 848
25894, 161
58741, 956
28753, 150
53919, 30
59042, 57
3578, 110
17012, 972
14487, 14
50183, 1
53732, 537
20385, 355
56525, 872
16914, 46
46388, 765
32780, 517
27341, 943
12125, 636
72829, 63
64298, 315
46975, 942
56735, 918
46369, 438
67695, 598
6311, 536
31365, 244
30796, 643
62523, 128
54143, 983
77123, 481
28699, 512
26209, 380
48853, 990
18912, 436
41550, 606
39161, 371
49521, 554
49581, 193
27821, 599
36080, 381
42532, 573
60956, 415
11067, 699
44080, 733
57744, 129
58519, 328
74333, 406
60852, 925
71407, 783
40688, 395
34268, 631
74835, 843
35937, 762
71720, 49
51103, 755
73101, 136
78897, 722
6273, 945
60869, 444
15613, 150
4121, 568
8430, 410
46024, 49
21710, 375
77661, 19
48005, 377
60793, 782
22867, 195
72548, 110
71375, 229
34481, 66
67678, 622
6720, 608
51466, 228
43877, 442
48978, 881
50727, 66
52085, 333
948, 336
3925, 149
10014, 555
66910, 889
64678, 28
39685, 192
20179, 521
62845, 881
64067, 6
19176, 833
54227, 819
28624, 992
19863, 547
44126, 974
78677, 97
19782, 524
53486, 847
21283, 211
75202, 269
6680, 443
78521, 650
63602, 512
44889, 954
23521, 916
50376, 703
73061, 95
10715, 889
41710, 109
69497, 418
71925, 233
20695, 567
50539, 586
5635, 163
66915, 699
59255, 652
31046, 648
67708, 639
58329, 788
11226, 454
10904, 364
69753, 987
54964, 220
14930, 27
42072, 703
72089, 921
9161, 670
32739, 333
30899, 917
5050, 745
60121, 217
70122, 195
29389, 241
223, 482
14091, 222
25544, 562
3082, 938
73192, 379
33559, 56
3373, 47
74174, 23
62140, 647
77406, 704
50323, 808
44556, 278
2763, 497
9011, 727
71693, 122
16919, 504
47814, 357
33086, 479
18024, 818
663, 650
32996, 964
24206, 535
56411, 676
69308, 222
19401, 108
60322, 998
35143, 66
46862, 143
322, 854
49605, 840
23068, 644
31571, 90
21828, 857
63782, 710
6393, 969
70246, 644
18214, 700
1136, 871
36048, 164
701, 765
20379, 461
67966, 485
63249, 719
22318, 798
60371, 150
76529, 707
16801, 143
49410, 853
58699, 712
29044, 183
77940, 420
37136, 552
53651, 616
13698, 70
31688, 805
68320, 729
39986, 494
34281, 524
43480, 900
22331, 159
3003, 961
12231, 374
4109, 647
3786, 933
1790, 989
53466, 105
48140, 230
26509, 581
60363, 5
70156, 552
60540, 653
32829, 162
17246, 294
15522, 722
73527, 256
1608, 935
36194, 147
45883, 551
52049, 543
78920, 121
2628, 73
77418, 509
65886, 565
18490, 346
77878, 889
27618, 499
37418, 521
76543, 701
4019, 297
13904, 766
73548, 405
10801, 116
3575, 57
64160, 761
61640, 569
17036, 477
62142, 137
63113, 286
34897, 160
22094, 224
5157, 788
76772, 961
54949, 640
23329, 872
65536, 155
9558, 306
65013, 662
24380, 672
12910, 715
32295, 698
70966, 542
41738, 832
39859, 119
20072, 74
31378, 577
20154, 711
27509, 138
36965, 137
41706, 913
35881, 708
14170, 316
76918, 255
68389, 968
30800, 834
58083, 608
61936, 790
33485, 753
14702, 262
62968, 399
45052, 614
30193, 863
52526, 982
3958, 801
35509, 73
36859, 112
17202, 583
22244, 893
29869, 142
5207, 938
74115, 193
27270, 820
19287, 288
53860, 282
60797, 539
70868, 367
54283, 513
57795, 70
66028, 252
32624, 726
48202, 888
3071, 398
54135, 560
792, 449
65348, 739
6639, 732
7142, 59
18965, 550
13937, 630
1395, 136
33361, 597
41380, 241
58064, 932
22535, 194
26974, 663
57101, 742
74456, 720
8403, 715
37786, 285
29385, 193
51855, 616
65373, 106
7263, 814
25976, 839
77023, 522
36978, 30
41363, 834
58886, 438
60486, 142
47553, 417
27990, 778
28486, 951
17395, 30
25546, 580
14559, 956
31870, 437
78805, 241
42420, 602
3436, 739
25537, 761
53162, 37
40711, 315
25409, 410
48354, 176
37771, 94
5163, 305
63558, 536
8772, 515
4526, 899
43645, 745
66430, 797
12970, 319
2362, 597
53007, 746
57746, 578
61152, 415
16009, 239
50449, 708
7744, 132
39406, 528
2731, 825
67370, 540
58664, 755
57902, 320
27401, 965
16715, 452
59178, 566
53418, 62
66299, 7
21907, 33
41678, 219
75239, 854
47337, 942
56268, 539
28665, 342
18497, 83
32910, 704
63495, 366
41908, 539
40273, 231
60554, 669
79921, 893
39069, 968
71204, 636
43569, 967
36875, 925
59628, 194
14071, 604
33349, 398
76649, 156
34296, 417
41065, 672
12669, 639
54217, 592
50996, 587
45957, 550
17303, 199
24028, 665
70138, 686
6364, 745
1484, 25
7850, 239
11988, 572
19895, 858
30055, 327
27107, 711
20375, 922
49372, 151
30217, 582
16086, 306
19044, 804
58493, 473
32607, 995
58096, 502
78436, 743
56842, 819
48403, 824
68553, 472
78268, 775
53811, 199
77519, 70
50599, 81
77524, 702
29132, 745
45482, 676
2634, 544
34587, 871
38717, 88
69074, 627
7283, 994
52107, 851
26621, 210
15423, 770
62947, 457
67983, 741
37099, 64
39775, 353
18941, 129
61735, 444
48339, 411
24551, 559
64439, 340
18789, 863
79775, 295
21165, 428
1483, 309
30724, 304
45030, 913
14731, 544
46043, 298
68312, 154
24335, 464
13523, 442
17167, 369
54710, 300
57457, 193
39550, 509
56857, 860
41196, 605
32880, 329
6552, 253
31736, 132
16292, 216
44157, 290
28520, 723
72446, 946
12830, 130
75718, 709
71327, 233
7929, 479
67997, 505
40324, 259
19885, 951
67390, 711
4602, 710
60680, 427
23236, 900
28241, 440
31904, 195
10169, 534
45659, 190
20594, 541
19291, 306
46419, 604
20675, 80
54515, 769
66351, 619
21040, 571
56685, 929
69116, 554
20935, 986
20292, 872
41303, 669
62908, 168
26280, 179
24322, 124
68847, 117
75872, 724
65386, 342
37277, 703
47311, 358
63962, 102
7065, 264
4148, 138
3944, 819
4429, 414
71317, 5
42768, 602
63121, 722
256, 204
9325, 992
55629, 612
39720, 635
72223, 97
11601, 664
16814, 767
18806, 138
37880, 951
22136, 835
30725, 741
60743, 3
72917, 873
30473, 402
55722, 788
78214, 641
62622, 842
46665, 230
15977, 224
67155, 137
26107, 892
56688, 642
36013, 224
30178, 700
60796, 996
26352, 177
65162, 595
23867, 707
60428, 1
34360, 813
57877, 230
40473, 53
53431, 774
35373, 830
23140, 444
45105, 434
7071, 949
59776, 63
53768, 367
778, 675
51858, 238
10104, 686
4356, 667
52467, 549
77209, 877
45876, 382
22301, 618
32228, 989
54660, 285
71767, 155
34452, 408
27243, 511
22505, 247
65194, 434
76485, 129
32718, 613
55726, 812
57109, 798
69105, 14
18143, 909
71948, 516
46190, 918
5056, 456
13530, 436
1918, 977
14090, 149
26208, 164
60598, 424
66770, 34
21294, 64
25315, 229
31708, 336
24793, 83
60943, 210
58471, 156
31734, 68
26242, 387
45356, 179
69330, 584
23344, 708
38126, 20
47683, 309
76896, 599
37723, 651
78452, 142
65941, 375
46345, 478
66901, 300
32191, 63
56496, 913
45004, 622
7444, 726
38762, 554
43818, 509
73228, 369
34034, 525
33462, 560
15060, 687
2136, 956
35674, 657
36430, 118
38874, 100
22240, 917
7751, 415
72786, 121
35589, 275
68297, 587
45483, 872
38828, 983
67025, 447
41484, 640
23602, 114
985, 226
8324, 74
54000, 30
45685, 514
32405, 482
60254, 262
63089, 69
36029, 612
15542, 450
16741, 672
58045, 952
20854, 416
31047, 943
13509, 237
67618, 262
44326, 826
933, 131
33140, 740
60696, 631
60681, 464
10408, 452
21550, 327
36793, 934
70073, 787
21534, 583
35334, 780
34021, 179
27704, 220
26228, 528
42485, 771
18957, 215
71250, 432
2569, 0
41518, 402
76623, 302
41428, 539
56922, 399
52, 557
74723, 910
37728, 244
59280, 59
18781, 992
13616, 907
52318, 513
1406, 587
32750, 888
68791, 168
23467, 487
45175, 485
14284, 173
5971, 48
42954, 126
50547, 577
61514, 306
6749, 522
25225, 706
66308, 150
9384, 187
67146, 255
77219, 391
75938, 178
70671, 933
44068, 413
45360, 208
12098, 566
43928, 804
10753, 326
75466, 117
16803, 578
43231, 179
37411, 679
69575, 11
62152, 108
47879, 617
62146, 966
826, 768
11880, 623
32189, 442
47317, 59
47187, 511
56973, 805
45261, 884
22403, 703
34320, 940
8533, 323
74537, 57
4701, 598
23794, 73
45397, 365
73944, 996
32087, 447
42559, 139
29768, 845
76486, 379
36649, 812
52839, 896
43910, 538
29785, 90
33483, 117
78526, 181
71246, 728
76946, 985
40182, 62
17507, 106
60651, 258
2659, 593
23992, 178
58591, 943
71517, 210
17830, 79
30550, 379
40037, 10
24493, 134
68606, 332
6486, 866
40178, 681
10634, 749
25254, 736
61749, 82
71098, 110
22944, 956
6803, 796
46025, 225
11584, 706
51090, 198
56060, 754
77453, 988
42565, 535
10456, 450
70754, 108
58670, 531
75432, 884
66717, 50
74633, 963
25629, 684
78293, 572
9621, 507
69117, 261
25239, 437
71963, 284
53067, 325
73254, 643
71705, 781
30664, 481
33200, 233
38045, 807
30320, 708
38793, 139
46427, 728
14478, 961
30371, 570
8284, 681
21029, 510
48518, 211
19533, 167
77016, 341
18953, 196
47159, 838
55238, 401
68191, 811
8573, 964
22965, 795
66679, 729
9234, 856
38037, 34
74888, 91
45672, 377
64111, 831
23100, 300
67889, 528
19875, 738
76671, 787
70616, 171
60468, 908
7827, 121
76689, 532
61096, 458
68904, 100
61644, 916
60928, 322
32665, 630
78982, 280
53287, 130
61823, 767
7246, 271
33956, 902
18033, 422
49721, 517
42640, 85
75987, 400
20391, 308
6777, 257
42194, 658
18897, 121
28726, 981
54396, 273
42032, 987
3590, 225
9402, 445
22774, 419
27484, 473
11866, 599
39423, 648
4077, 924
65337, 241
75567, 315
59237, 466
20384, 622
38748, 820
70881, 100
20646, 73
20114, 247
52102, 640
53695, 908
77621, 37
1922, 726
33092, 403
59090, 617
25794, 979
73676, 242
69555, 869
56319, 348
26923, 112
10400, 523
27683, 505
54187, 360
78710, 656
35422, 470
44105, 914
69562, 942
12761, 662
23729, 991
40517, 989
55567, 241
77740, 578
25667, 918
51781, 317
18919, 33
24636, 351
5383, 592
68465, 248
8640, 990
47493, 811
68883, 417
50847, 909
20751, 726
3922, 302
48357, 504
48145, 461
18628, 142
44700, 401
50120, 954
51399, 574
53656, 785
58129, 218
54350, 904
77509, 867
15481, 344
32284, 909
66103, 114
21832, 904
1800, 217
25790, 482
70764, 577
9709, 464
53724, 257
18077, 245
54509, 741
30721, 670
10227, 100
420, 520
38269, 659
56515, 66
26525, 989
74625, 861
52141, 816
8660, 402
2701, 340
40850, 878
62714, 691
50326, 390
43122, 827
68274, 355
53688, 624
14315, 987
67766, 745
65410, 708
6694, 11
39934, 759
8580, 471
26665, 51
3288, 301
34377, 537
69698, 494
30163, 93
31348, 60
46384, 435
19719, 13
14212, 736
23316, 579
40146, 393
30296, 752
10457, 923
52656, 893
77594, 986
56552, 674
33565, 60
73481, 439
65683, 847
19936, 230
19462, 658
75056, 726
33530, 790
61556, 789
9190, 83
45351, 715
26071, 708
67556, 928
68675, 399
16785, 371
41752, 119
74491, 173
46697, 917
27732, 133
29307, 684
67078, 82
10723, 156
54110, 438
4678, 568
44023, 703
15864, 978
8976, 162
73436, 540
22922, 946
39361, 245
57998, 477
41417, 109
72297, 861
32018, 293
38111, 30
34155, 991
60831, 864
79063, 276
13091, 428
50879, 387
33777, 768
38488, 667
9274, 166
5004, 835
4327, 230
75863, 317
20347, 355
69207, 216
17004, 710
76953, 702
62718, 464
45625, 971
19487, 285
50208, 744
17965, 85
2080, 444
44966, 553
71191, 470
78364, 173
56212, 983
57498, 516
76053, 588
39792, 239
47234, 461
45784, 193
78760, 543
71541, 285
75959, 604
35445, 581
15043, 570
79106, 731
37490, 92
21085, 9
32307, 762
78411, 666
1754, 220
60766, 213
50129, 695
55090, 189
75468, 562
37577, 109
39094, 710
70435, 893
7467, 313
43868, 805
31578, 194
31755, 496
30737, 509
41092, 91
2531, 23
16477, 41
26101, 617
24019, 491
13806, 48
762, 595
17669, 453
35521, 144
36764, 902
78698, 177
23890, 482
53156, 448
78619, 320
60986, 419
25638, 679
13874, 320
36550, 390
25823, 651
22226, 537
72127, 372
31670, 969
14933, 4
63389, 473
63988, 759
59604, 288
62427, 501
18843, 649
12596, 275
20080, 789
55863, 274
63936, 391
24439, 141
46823, 817
71381, 944
36415, 96
77276, 93
31386, 671
6179, 70
63274, 625
31876, 221
32421, 767
21671, 163
4937, 706
77230, 669
25886, 571
35168, 922
9217, 368
34674, 809
13383, 623
75303, 37
53478, 419
55094, 396
8332, 785
19707, 521
14036, 241
32507, 550
48927, 889
76332, 117
58919, 676
65363, 262
19761, 750
34001, 407
79604, 847
71548, 624
67502, 868
58146, 803
27748, 96
73828, 213
70034, 231
67071, 840
33034, 968
43174, 228
5060, 379
78254, 178
24698, 116
5757, 435
63437, 252
7330, 517
11684, 978
78971, 410
19357, 896
21609, 226
55150, 850
53487, 639
12818, 526
16488, 835
63029, 757
18008, 937
21746, 66
70152, 54
5927, 375
63164, 263
19330, 37
41519, 465
42787, 550
51683, 488
11730, 504
69875, 763
13960, 582
53857, 407
73535, 186
66251, 190
58109, 63
11043, 799
74988, 344
32877, 440
71022, 576
26555, 813
38633, 559
60912, 864
14257, 245
19993, 91
79991, 222
42148, 897
7846, 775
78266, 389
73258, 250
6918, 894
75553, 831
23916, 732
43076, 687
53066, 637
77675, 20
27407, 705
47232, 551
65060, 666
19992, 303
49374, 457
59869, 157
11971, 505
64416, 274
13304, 958
41562, 464
29375, 260
32280, 421
5437, 336
75660, 316
76654, 115
21750, 972
51717, 60
32759, 894
12978, 469
16620, 302
66743, 387
63402, 923
8085, 943
21456, 692
59554, 865
35777, 752
77727, 292
77721, 664
68593, 722
44487, 719
48473, 403
12169, 112
63550, 946
25247, 664
67543, 603
67647, 827
70406, 609
28047, 363
33039, 402
53153, 920
27597, 281
29122, 462
70699, 37
73732, 463
24423, 335
63853, 50
16198, 383
59136, 477
38524, 372
29379, 333
12044, 222
59957, 459
75484, 127
45062, 218
3713, 5
33678, 593
79586, 948
32360, 34
38497, 206
31485, 111
22287, 51
23956, 442
49001, 910
25452, 703
57779, 276
6002, 957
31383, 193
65930, 233
3090, 56
75154, 437
20203, 101
53297, 550
63285, 731
10848, 785
78126, 683
63951, 214
78246, 60
11328, 141
76405, 642
54843, 23
10076, 400
69267, 695
23181, 126
3344, 364
13886, 973
45135, 844
60773, 211
7777, 553
66238, 985
66823, 306
65693, 460
77297, 421
74439, 900
23148, 767
18687, 927
17946, 398
49311, 652
7793, 478
73295, 998
32879, 496
8953, 477
75209, 594
7873, 736
10304, 222
41052, 113
38445, 246
75897, 680
17080, 880
6776, 605
58234, 761
38914, 831
32286, 566
46892, 667
7315, 263
25136, 34
44313, 375
17884, 85
46543, 167
28947, 432
74176, 345
57710, 721
54493, 982
17182, 989
33795, 229
36969, 274
6630, 386
73087, 501
18217, 502
60380, 960
28277, 488
60411, 220
53349, 566
58867, 315
75312, 826
4634, 917
69029, 751
42464, 643
77642, 865
65790, 626
54642, 321
35248, 626
4374, 917
11303, 577
73866, 348
69957, 424
53216, 269
31143, 709
32052, 448
54250, 988
75495, 868
1432, 552
6452, 825
72154, 99
28663, 685
69441, 315
32324, 624
41117, 686
9425, 362
21125, 164
70183, 667
64663, 283
51160, 184
30417, 122
44337, 463
50694, 375
28032, 26
35977, 270
7396, 236
79778, 726
60487, 130
18971, 27
56986, 529
68803, 813
62536, 457
8797, 784
48754, 636
74305, 588
31019, 411
12694, 231
40062, 990
38543, 235
21182, 992
45233, 672
70923, 603
61346, 463
33751, 509
6117, 135
15843, 758
30856, 268
967, 858
30358, 400
60116, 37
25066, 636
6124, 240
30385, 402
29409, 655
71521, 963
20601, 867
23522, 640
21898, 274
57082, 172
3414, 741
42932, 976
65621, 143
7527, 155
25101, 334
73221, 575
51919, 453
66539, 3
76524, 68
10689, 331
33212, 1
3371, 416
42201, 631
23046, 642
47094, 790
24538, 145
28883, 19
50743, 468
66987, 500
71152, 661
74763, 820
68982, 498
12351, 251
38441, 433
53021, 62
29799, 551
69172, 472
44481, 480
49835, 124
19921, 616
44434, 544
41155, 516
28553, 600
75580, 679
61452, 200
60699, 470
24643, 545
41835, 347
10659, 580
44671, 186
65813, 148
37512, 584
8936, 405
71311, 951
59332, 246
5639, 59
9730, 307
55448, 87
2908, 459
20199, 443
79458, 845
43031, 64
30184, 825
13839, 171
27021, 29
72144, 817
56289, 736
28749, 233
33578, 693
77386, 361
4983, 678
33816, 65
7122, 684
78350, 428
53335, 83
11415, 457
78461, 919
67580, 608
36108, 455
32501, 453
3474, 884
63391, 580
77012, 442
10622, 212
10907, 307
27795, 817
20392, 608
23610, 266
618, 573
68093, 957
31183, 71
49174, 102
40382, 911
8914, 244
78543, 763
48122, 203
24957, 585
41935, 798
62338, 817
2111, 228
42176, 959
12546, 870
69005, 719
25092, 808
27663, 155
25423, 40
32396, 509
788, 277
16793, 378
77064, 984
48384, 270
12084, 521
54091, 190
52601, 90
73735, 6
19718, 288
40626, 884
68532, 296
16362, 855
16368, 824
1920, 559
39613, 349
16669, 779
4730, 808
14282, 267
79701, 530
76454, 890
27908, 538
56839, 891
62907, 853
70162, 68
59932, 636
16965, 300
27564, 772
57421, 540
57757, 676
487, 644
30308, 152
6924, 931
44142, 956
62772, 313
14840, 841
19554, 238
37520, 397
28862, 145
46789, 23
24032, 841
27966, 733
24710, 549
47624, 437
33724, 436
72977, 572
24241, 461
73265, 0
38857, 236
39569, 565
13319, 81
63664, 282
63713, 507
38651, 925
42992, 470
32522, 913
20551, 991
71454, 464
56549, 668
61769, 192
36650, 274
41657, 720
2085, 654
44719, 492
32675, 80
42923, 158
7431, 114
56291, 926
3080, 243
2691, 674
35302, 624
15400, 352
70651, 415
28177, 378
76684, 791
23063, 381
23565, 373
29281, 830
47419, 33
38663, 633
45585, 44
47684, 760
76621, 439
59328, 430
8865, 284
15820, 65
38139, 342
12660, 521
71982, 760
15566, 839
33458, 404
72311, 556
58560, 98
72286, 266
43127, 449
59000, 456
78491, 954
38670, 460
58416, 564
31045, 78
36560, 479
34727, 693
38016, 52
64903, 775
36622, 613
33082, 377
41854, 276
32217, 835
36601, 323
8507, 873
40079, 312
64207, 845
1152, 274
65538, 97
28777, 346
67927, 460
73749, 939
51096, 675
63549, 341
11131, 473
13182, 24
50253, 732
79650, 505
28898, 790
8427, 90
73697, 595
17226, 50
77251, 634
67661, 431
47030, 758
15142, 98
66002, 439
68813, 240
27189, 277
13095, 144
66045, 127
30441, 112
36926, 524
33615, 595
40605, 271
64461, 724
70933, 779
47967, 833
33288, 958
2424, 204
76257, 194
74049, 668
62286, 898
78963, 82
7336, 214
50361, 532
2935, 703
35065, 905
1438, 498
44350, 94
54234, 444
75821, 635
62743, 526
13331, 766
67364, 815
24866, 189
52851, 593
1882, 544
39375, 444
22686, 135
7346, 262
40418, 844
74587, 705
34735, 475
77054, 465
48765, 198
77804, 729
16076, 643
8293, 317
20803, 413
56771, 694
16742, 317
20247, 516
78433, 194
40817, 93
73219, 109
41853, 627
20501, 266
32819, 808
16252, 727
13262, 605
17072, 744
50009, 574
65144, 163
59398, 570
56222, 192
57320, 923
24725, 49
8066, 884
49235, 649
78538, 830
21816, 873
41468, 966
34361, 175
71284, 205
39315, 528
66948, 758
77588, 192
32984, 339
46495, 197
18840, 267
18048, 897
11632, 972
46955, 571
60892, 643
7720, 366
53242, 699
1970, 783
391, 340
13518, 182
12593, 114
65895, 761
71769, 373
45499, 358
60319, 328
28062, 267
47300, 778
41216, 154
58898, 340
41940, 573
4805, 871
19430, 285
36570, 897
3812, 3
24248, 187
79848, 862
13238, 520
69805, 512
23003, 277
19421, 337
72427, 472
79362, 134
39118, 688
65647, 150
58081, 379
65380, 127
19577, 535
16493, 487
50140, 396
43969, 172
55928, 528
18199, 679
69335, 349
38494, 274
77950, 764
35900, 25
34403, 358
41849, 56
70265, 153
61043, 560
52675, 385
5341, 260
60019, 706
1643, 718
43631, 242
40843, 651
52952, 474
44406, 977
42222, 475
17306, 666
34063, 13
47620, 50
15245, 856
78696, 982
19950, 793
5258, 63
20335, 695
74011, 355
69131, 266
53094, 47
48012, 700
22264, 720
47158, 111
20565, 440
65404, 167
20228, 951
62912, 856
64163, 491
47579, 674
32578, 273
22062, 713
26625, 279
57124, 38
61901, 878
57092, 387
62805, 394
30661, 293
18934, 41
36537, 121
76111, 818
40077, 561
66995, 439
78654, 132
12387, 138
78190, 253
79134, 903
45034, 134
22192, 282
48779, 368
9024, 97
35296, 28
72948, 188
29332, 421
28434, 911
52755, 22
70387, 646
22332, 159
909, 474
45263, 312
23942, 890
47344, 320
19540, 970
20637, 218
44099, 1
30482, 214
77438, 77
11494, 295
52393, 625
17766, 982
29630, 715
16784, 907
39820, 974
14384, 727
63629, 955
40003, 590
70105, 800
29592, 989
63442, 368
28462, 953
37039, 7
10551, 513
20423, 872
36146, 595
21688, 653
58335, 934
2577, 865
13519, 149
31462, 291
15496, 845
33832, 469
79623, 706
11453, 481
56012, 639
32115, 302
79046, 918
20750, 438
27220, 756
25248, 775
77394, 660
25935, 640
54372, 860
18385, 311
36273, 619
72962, 53
17535, 62
77628, 340
28692, 515
66614, 888
21690, 689
5534, 954
27681, 970
75474, 461
68762, 967
51237, 462
51606, 915
57896, 893
51287, 381
77759, 479
53807, 653
50320, 867
14268, 937
22810, 31
57915, 930
47012, 712
30546, 272
78522, 1000
32772, 537
46406, 528
1658, 438
78906, 828
9261, 90
73010, 58
10385, 721
2959, 46
59634, 264
15678, 692
9857, 381
37761, 397
53379, 890
50226, 174
56553, 9
55979, 544
67565, 448
16872, 95
15583, 707
14687, 330
42040, 524
9231, 962
68309, 265
1138, 553
20927, 650
36177, 620
43793, 289
12284, 938
30677, 49
4523, 417
26691, 423
35563, 633
54620, 553
10617, 294
1416, 969
46978, 566
41474, 311
57614, 156
22413, 451
44422, 240
41389, 599
58393, 544
55731, 366
43674, 932
49499, 807
17378, 294
46254, 704
6149, 393
22873, 342
65988, 178
24605, 905
75520, 144
58989, 71
32929, 829
36540, 593
64258, 927
12604, 798
65270, 880
32963, 479
54651, 226
2394, 454
57726, 295
6471, 126
66198, 344
9844, 718
34368, 987
50282, 983
24857, 261
58098, 896
51376, 602
68444, 236
49766, 787
35361, 652
69746, 290
76668, 695
60934, 424
48489, 477
66269, 538
62673, 821
44891, 800
15385, 143
72975, 2
17115, 399
41525, 44
51666, 585
49829, 120
22368, 462
17472, 283
16955, 441
36472, 676
17724, 486
61500, 349
33247, 175
76102, 492
24080, 184
54498, 383
29249, 471
79829, 144
53389, 51
57282, 657
6729, 328
69828, 714
28441, 294
45094, 419
74129, 143
29271, 632
15500, 443
11358, 563
34962, 225
483, 380
78080, 180
17639, 696
15906, 34
19060, 353
69307, 487
69468, 642
76879, 209
21708, 855
66933, 5
14925, 407
57593, 469
10954, 118
37774, 484
60583, 497
59556, 831
67566, 16
39087, 961
18737, 836
6587, 532
75279, 593
78924, 407
75313, 968
49957, 148
7221, 943
71802, 938
79338, 446
3696, 69
5214, 30
39588, 355
38519, 773
27511, 756
57545, 155
7666, 428
53252, 59
48061, 3
18711, 567
62159, 606
66074, 225
77426, 939
27018, 439
24387, 920
29983, 392
28927, 985
57528, 76
20894, 314
1572, 329
4578, 947
61914, 797
62234, 386
4860, 98
10172, 834
49046, 918
59953, 482
45279, 350
66880, 334
36517, 919
35364, 510
12579, 12
65225, 643
52284, 28
212, 634
66907, 685
41754, 623
25076, 856
31342, 41
8207, 234
62602, 726
26854, 741
52032, 181
1054, 820
8968, 411
8065, 200
11124, 936
16075, 439
66778, 841
52466, 179
53963, 14
55728, 919
37093, 634
13078, 150
66443, 688
29893, 671
22009, 589
51081, 990
63732, 637
10884, 434
44541, 920
46030, 135
64609, 393
63396, 635
36621, 621
66714, 602
44538, 885
51662, 873
50953, 24
20737, 862
77025, 0
36398, 141
30547, 892
69298, 993
28170, 245
34866, 187
21302, 114
52954, 328
41799, 876
5218, 850
26130, 372
67212, 75
52825, 21
15453, 604
26092, 386
63894, 788
62337, 658
17477, 895
26022, 227
25009, 175
26749, 635
16583, 52
2410, 582
26216, 537
13709, 795
50290, 610
70458, 180
30741, 75
6943, 909
53625, 646
54627, 746
23666, 741
6660, 641
11832, 11
22433, 935
4698, 730
41622, 556
21721, 971
11087, 389
38142, 195
61378, 333
64238, 707
27389, 925
72284, 968
66535, 502
10973, 666
29544, 72
73124, 337
14287, 120
34250, 948
11488, 925
79377, 128
63013, 701
5452, 513
55436, 381
14316, 398
32482, 484
60298, 865
18108, 307
21128, 0
49632, 174
59585, 256
13787, 951
59744, 921
7454, 807
19149, 441
35450, 774
1607, 852
58512, 803
70306, 610
23562, 746
73702, 567
11460, 463
30103, 992
8387, 800
585, 553
24668, 754
54342, 328
63533, 150
15304, 820
71542, 994
41554, 318
70953, 342
61606, 53
55066, 989
20488, 65
6416, 694
14464, 707
30680, 268
4349, 640
8899, 675
69859, 748
60082, 609
70494, 162
64677, 182
28984, 748
45354, 433
70931, 605
13758, 74
63454, 76
57958, 342
2539, 223
47129, 754
60941, 598
76693, 514
62393, 730
13117, 101
58441, 551
875, 275
42397, 548
27930, 455
12413, 115
4546, 700
35028, 864
2203, 149
11259, 386
43062, 790
60746, 693
26372, 338
36884, 49
12100, 781
11523, 276
71869, 233
57924, 915
38572, 278
18784, 295
31015, 835
47293, 696
16708, 752
44685, 778
50358, 248
67162, 350
17117, 195
65231, 603
61560, 626
58092, 833
69583, 975
3413, 51
63395, 360
55581, 232
10995, 493
5455, 963
32643, 469
57234, 821
49746, 20
29493, 15
61774, 236
48492, 377
79724, 387
32134, 59
71967, 923
12962, 931
57638, 422
78498, 428
60571, 414
62974, 388
18167, 706
31148, 54
12442, 680
26901, 160
43425, 32
71812, 283
54656, 192
58817, 170
17249, 845
65662, 75
30580, 955
42970, 737
16390, 427
45509, 926
31880, 647
7369, 628
70393, 766
25329, 475
38149, 256
37401, 391
56658, 239
62406, 516
39566, 769
36491, 243
3710, 198
56349, 563
52233, 228
24211, 512
70505, 425
29054, 851
31080, 399
34285, 341
5491, 350
63393, 49
6013, 342
5173, 923
39276, 106
33305, 811
73688, 282
12763, 58
8130, 175
42320, 112
46347, 917
76361, 903
62080, 15
37349, 632
49210, 250
9698, 525
24083, 119
63756, 663
25411, 263
29185, 410
41779, 470
51694, 473
77824, 866
14235, 546
24916, 102
5446, 72
69045, 624
34539, 344
10421, 583
1888, 138
27023, 849
54225, 972
55032, 805
21464, 567
74976, 89
10197, 160
21022, 366
26966, 889
19164, 438
9809, 296
25946, 531
50341, 922
12645, 335
55792, 842
8972, 655
54839, 80
50082, 471
69120, 0
71996, 38
36944, 49
2807, 786
12226, 910
39083, 387
14470, 837
78567, 657
34586, 813
32382, 852
78851, 873
29872, 122
10183, 635
73027, 725
79091, 728
77095, 909
65478, 970
31441, 651
39476, 892
77306, 775
56500, 967
57199, 507
57286, 623
39574, 2
53159, 448
35294, 393
45154, 921
65747, 883
35435, 190
62167, 85
56426, 700
6579, 562
11869, 152
78675, 145
23203, 891
9518, 764
43581, 782
28028, 968
23671, 867
11749, 286
72313, 122
75664, 451
19127, 511
21342, 319
39776, 452
54010, 241
11078, 362
46578, 0
17073, 577
39133, 876
54841, 519
11117, 631
52787, 562
41289, 785
3987, 426
58331, 595
747, 843
45593, 969
42887, 260
12471, 611
43897, 507
61018, 880
24469, 81
43085, 584
3243, 368
18830, 524
326, 653
31419, 988
58924, 576
73351, 220
62100, 924
25831, 851
34397, 576
40623, 43
70641, 213
73189, 456
69866, 577
78828, 823
12506, 419
13174, 763
44929, 796
45654, 130
17543, 619
39821, 534
42751, 824
1387, 756
24227, 610
37227, 846
63196, 827
76742, 602
74325, 770
20257, 687
51963, 740
41431, 112
16713, 859
22898, 756
36721, 263
56675, 187
38770, 536
79250, 626
72963, 24
51819, 245
60182, 947
34394, 455
49631, 34
52180, 703
4221, 942
49965, 362
67260, 654
23204, 253
45960, 792
78488, 319
54940, 178
24115, 996
67247, 362
43494, 684
68881, 283
38921, 8
40794, 1
68443, 606
6430, 301
68438, 361
38862, 14
18852, 126
22157, 225
13894, 685
72547, 243
68809, 367
58075, 269
45950, 551
74433, 888
26313, 965
44661, 193
65518, 916
36225, 975
12470, 693
29206, 380
48377, 700
10755, 70
7538, 772
77775, 451
47144, 289
6762, 536
22415, 66
13340, 508
18192, 781
45, 129
62899, 185
43622, 126
26944, 225
71352, 326
67619, 941
4727, 397
73462, 718
39407, 973
50754, 593
62731, 961
30467, 801
47872, 812
43577, 661
66203, 577
49480, 491
28473, 589
13550, 874
33827, 331
11565, 195
16714, 360
32936, 430
25601, 49
58138, 705
45464, 505
19029, 8
68050, 924
79003, 578
49356, 488
33348, 357
64604, 119
72652, 665
69322, 976
14907, 467
40454, 136
46990, 122
79798, 355
10152, 459
26864, 326
54698, 808
41919, 152
62716, 596
68164, 593
61680, 755
62554, 454
28892, 626
70804, 667
27425, 551
10620, 666
65759, 132
47930, 609
42094, 286
35351, 822
47724, 221
33768, 971
41197, 115
56094, 298
16459, 772
16359, 415
27502, 534
51206, 589
24653, 820
22631, 369
36703, 24
40743, 693
62249, 130
63572, 77
51726, 716
40622, 961
18534, 252
59035, 263
8435, 493
38557, 475
28246, 27
10009, 899
58521, 79
20253, 426
56528, 0
4111, 243
39378, 940
21284, 411
5367, 635
71910, 322
66316, 281
59214, 387
11421, 900
11849, 361
33631, 198
54687, 504
21051, 879
53073, 662
31199, 605
78195, 881
33176, 34
43732, 373
58535, 695
34401, 545
73930, 96
41014, 305
63670, 583
15306, 592
55123, 363
36035, 937
24121, 508
44349, 334
11332, 629
58158, 837
43519, 669
22044, 765
74500, 740
49956, 98
16231, 589
76589, 59
3038, 595
25725, 892
47903, 510
37487, 927
33277, 780
16241, 460
25913, 215
16023, 384
45011, 259
45540, 53
78071, 332
48062, 718
56571, 126
76963, 536
52377, 649
58177, 473
17580, 668
56059, 572
78733, 866
21776, 802
892, 114
78255, 835
13220, 313
72266, 592
60239, 255
3034, 965
52371, 183
72027, 405
77414, 75
71498, 513
63787, 42
24773, 523
44062, 403
76594, 925
51873, 397
21120, 411
1671, 188
41850, 266
29431, 294
174, 875
73489, 962
40606, 372
77888, 26
12049, 294
61930, 905
8608, 284
54865, 585
38145, 154
78640, 792
55000, 74
20511, 476
25448, 453
29129, 572
56822, 259
62098, 769
72279, 55
67818, 409
36145, 287
54027, 378
64796, 327
12651, 722
55062, 528
51877, 95
66029, 980
24998, 296
28833, 417
37596, 399
67986, 122
39706, 405
77970, 330
64068, 293
3213, 651
74198, 409
1974, 319
52163, 92
63333, 905
27047, 723
56342, 802
4589, 810
34139, 738
73038, 733
18165, 608
29473, 682
20022, 775
77769, 22
63238, 478
36495, 196
3098, 533
69380, 174
70239, 938
54785, 511
23945, 615
28414, 875
2913, 738
47465, 416
41571, 19
48267, 99
61857, 493
32706, 272
46836, 446
28698, 250
72018, 430
32992, 469
3892, 124
49953, 143
77459, 456
70559, 967
67830, 422
76540, 151
40546, 562
29279, 147
9295, 785
72749, 667
38461, 889
71657, 521
35275, 309
12687, 764
6069, 577
1835, 320
18100, 978
58333, 547
67606, 702
26634, 198
50592, 927
4943, 480
78764, 494
545, 399
43593, 500
4190, 545
54669, 459
45756, 866
35067, 607
38257, 971
46383, 428
22954, 540
73227, 116
5427, 555
64870, 266
59817, 385
3792, 290
38537, 243
71601, 795
71461, 296
56848, 388
37377, 357
35999, 22
51965, 596
56276, 435
13055, 310
66828, 133
41960, 58
36709, 612
13037, 843
55935, 494
29536, 561
46562, 760
5144, 963
20338, 435
38976, 574
34737, 423
70768, 218
22829, 485
72558, 534
11276, 404
17049, 880
65016, 413
55659, 97
4590, 453
56441, 414
45576, 887
29951, 649
71695, 325
13017, 62
4483, 549
13230, 883
33352, 521
16337, 944
72713, 34
13109, 806
16840, 635
4993, 721
25424, 14
38985, 732
77525, 597
11209, 756
24213, 147
34015, 78
61056, 716
49256, 26
56016, 694
16563, 933
2543, 795
53675, 816
27135, 659
78403, 723
77914, 476
76784, 982
25400, 499
1400, 721
69162, 634
48837, 870
7899, 847
45524, 355
22497, 385
19545, 158
53748, 572
13760, 998
53050, 691
27902, 946
16806, 342
28096, 614
37061, 704
25403, 474
9342, 374
37413, 387
64276, 39
5662, 628
34616, 414
49537, 468
14732, 706
379, 62
8322, 222
39888, 130
6922, 828
1481, 151
32212, 726
17531, 178
38927, 36
33526, 29
62952, 350
78861, 657
69535, 634
78317, 659
67350, 330
15988, 666
47131, 697
1287, 824
50340, 221
23318, 131
38485, 78
9159, 1000
60222, 222
53826, 48
10527, 803
43870, 593
11430, 594
45536, 206
55841, 44
34090, 382
30730, 645
22218, 336
31510, 745
43952, 5
63048, 197
5444, 758
71507, 674
59439, 418
40276, 821
41981, 413
8519, 665
1650, 50
42658, 391
61453, 554
33656, 897
28537, 159
41698, 646
16282, 306
2550, 64
35702, 101
20406, 290
44149, 969
3772, 75
3220, 326
11312, 403
10386, 640
6257, 138
35008, 582
22788, 404
59546, 833
40251, 130
77164, 324
11027, 108
33295, 261
69563, 423
45839, 740
8773, 350
42406, 334
17236, 490
59238, 659
38241, 939
3960, 301
3446, 253
33232, 24
50930, 333
70374, 257
78915, 338
8638, 602
72905, 23
14752, 772
75290, 864
12641, 251
5942, 656
5745, 599
12977, 541
6581, 790
29695, 472
28656, 807
27083, 551
42139, 693
54592, 968
33079, 576
27402, 80
64336, 138
21376, 996
67767, 919
36090, 903
34043, 694
10241, 171
53995, 308
59927, 577
24317, 561
13266, 55
79626, 484
40492, 533
71997, 210
53228, 115
35145, 541
20032, 552
18482, 861
9533, 820
66732, 384
5263, 310
45597, 544
43789, 213
9494, 99
9827, 810
40604, 637
60330, 203
24239, 207
21324, 661
41021, 130
16383, 796
77090, 678
75218, 93
25736, 94
744, 621
73641, 545
43301, 983
67988, 984
23417, 437
3355, 63
19634, 770
1975, 396
76619, 212
72203, 429
73906, 807
49676, 554
45107, 496
73392, 377
5964, 868
26718, 129
68092, 840
3248, 30
39061, 989
43884, 0
77611, 92
11275, 156
58844, 891
67381, 696
4296, 496
76262, 329
68747, 987
68015, 905
35362, 628
46303, 45
9917, 101
39277, 105
31452, 957
67773, 409
61140, 503
44815, 737
1340, 950
73305, 912
53491, 313
28114, 818
24884, 902
30225, 377
19419, 14
69871, 808
27602, 990
17806, 402
58325, 557
12957, 779
25816, 484
15213, 895
74240, 528
43659, 856
9493, 499
75355, 179
73589, 529
33996, 442
23069, 639
51406, 957
11321, 827
59468, 716
44441, 755
28304, 44
35370, 244
19686, 202
54108, 629
16536, 82
48288, 883
56146, 93
7528, 1000
50132, 833
36334, 189
37673, 593
15483, 740
58565, 660
5217, 609
4596, 941
40763, 400
2243, 655
22384, 628
77080, 496
66097, 811
22521, 460
73760, 662
79355, 624
74883, 874
67216, 245
49392, 680
73754, 200
65622, 578
32362, 174
55213, 584
58702, 540
1969, 226
26647, 446
62423, 870
75795, 262
22864, 124
20644, 491
24689, 170
19394, 410
53465, 700
50213, 0
46678, 322
1284, 133
30370, 0
43693, 376
53801, 941
62110, 142
14573, 288
25229, 900
12796, 766
57917, 616
35861, 796
51866, 509
25627, 964
30032, 36
66827, 940
72999, 363
72033, 767
48503, 410
62519, 913
2075, 157
20077, 294
63114, 306
66116, 116
56364, 214
65868, 529
47697, 810
3718, 645
74406, 538
51981, 725
75252, 794
16455, 655
13899, 256
48586, 843
51002, 171
22846, 877
52931, 987
23105, 673
11888, 611
15541, 975
12075, 38
45978, 657
28786, 322
61281, 808
38790, 388
33891, 578
43712, 306
11135, 710
34109, 471
2511, 156
40266, 891
4006, 900
35447, 324
28052, 244
22701, 484
31161, 786
43184, 981
77421, 248
63965, 953
73487, 726
58368, 482
2409, 217
25974, 94
62910, 492
54548, 637
57857, 883
74712, 347
7405, 892
46563, 188
54972, 776
42854, 559
16098, 595
1599, 962
17233, 665
6289, 913
18510, 605
23424, 741
45386, 227
10238, 190
29987, 428
19134, 174
34517, 687
6135, 575
64121, 655
49992, 714
22081, 620
1018, 499
8596, 87
6497, 573
13759, 524
15762, 446
67533, 347
25498, 882
45445, 214
16560, 176
45807, 389
14126, 847
71838, 987
50176, 625
37525, 815
31606, 774
13322, 118
78632, 151
27910, 252
54114, 433
27796, 891
36453, 597
45572, 335
1709, 39
74554, 532
59766, 866
24797, 680
18580, 804
76707, 403
71872, 248
46849, 10
62741, 869
77648, 178
70677, 49
62946, 429
22500, 484
24242, 531
18619, 627
52722, 356
27436, 595
85, 799
30244, 329
17575, 22
79824, 254
39956, 700
41287, 138
44178, 215
54868, 96
12128, 615
11050, 564
47286, 391
52172, 145
39501, 374
79347, 372
10242, 332
18156, 792
24003, 360
66031, 53
4872, 19
54334, 298
6989, 557
36191, 604
29315, 129
4336, 896
19646, 991
10392, 525
34162, 976
24438, 138
3691, 177
72554, 9
47549, 780
53648, 776
31405, 952
75876, 175
70737, 351
69213, 956
67902, 245
36818, 610
56425, 644
33133, 545
51793, 754
44603, 988
56511, 425
43525, 785
65121, 366
28756, 942
4417, 527
21782, 537
50108, 217
64369, 692
28349, 22
13539, 585
78031, 873
2404, 656
40366, 93
68360, 995
55250, 492
21059, 120
69734, 177
50637, 893
59049, 847
25360, 896
45066, 243
45357, 146
61835, 434
11130, 761
59771, 94
70163, 181
67402, 582
64261, 610
18229, 245
74936, 807
77143, 392
37694, 562
58090, 53
33489, 378
52372, 585
47588, 799
23683, 564
26351, 173
23019, 444
66338, 996
73703, 81
10430, 994
46993, 278
25392, 798
75809, 170
69931, 871
6411, 697
79381, 984
65734, 248
2664, 297
27224, 331
38957, 27
2625, 87
18981, 722
8868, 906
38216, 145
56439, 261
53189, 624
20361, 612
23420, 356
43249, 822
63748, 133
59212, 697
78060, 707
21254, 262
3787, 470
14750, 489
34292, 346
79928, 154
32904, 104
24203, 224
39434, 131
62836, 81
41909, 50
78914, 912
69591, 66
59913, 962
35081, 319
59867, 190
11432, 8
17088, 420
24922, 305
34898, 428
50308, 470
78124, 248
62710, 85
36137, 806
51335, 135
42363, 143
44003, 848
30343, 706
32788, 442
20274, 358
75596, 338
65223, 939
47676, 794
33931, 798
21859, 952
22021, 946
28573, 366
33756, 722
66440, 560
51388, 519
24351, 16
59065, 932
52343, 682
62183, 382
23622, 86
45867, 778
74130, 910
16431, 662
21691, 103
57887, 480
30340, 331
56874, 402
75153, 665
49378, 581
47076, 852
23106, 679
52385, 284
16750, 267
77464, 938
78548, 444
4239, 785
1952, 703
32550, 800
72868, 228
70919, 736
55518, 958
62948, 967
5414, 562
5152, 961
38513, 85
55822, 69
79920, 717
21613, 576
21314, 565
70705, 541
12891, 238
33804, 861
13911, 797
58271, 33
1602, 378
34351, 864
53279, 177
47694, 925
40209, 199
8685, 433
888, 332
14093, 464
79697, 170
55772, 627
52692, 971
44548, 319
4175, 879
37341, 209
6524, 358
13730, 663
68945, 984
57800, 133
74196, 2
71125, 794
28017, 149
74438, 142
42268, 656
53248, 992
79086, 460
50690, 220
28237, 201
70053, 150
27150, 769
31743, 507
29394, 581
4231, 651
42319, 442
59699, 956
44888, 610
41634, 361
70951, 234
48875, 448
12990, 406
11291, 666
2547, 503
37328, 949
58124, 355
22171, 674
57021, 265
75096, 656
27760, 481
17728, 169
10782, 729
30708, 396
29601, 541
56720, 647
26817, 992
1248, 509
68829, 560
78678, 452
36626, 21
6931, 841
519, 818
23818, 762
30577, 936
48893, 258
27378, 884
17848, 488
19783, 797
11722, 734
48761, 102
14818, 319
20666, 394
63294, 497
78134, 93
21823, 762
60311, 209
39103, 248
21678, 541
25620, 291
50859, 541
29153, 385
16053, 621
33520, 63
71466, 92
6904, 353
26220, 146
53565, 197
53920, 579
55173, 567
37884, 51
30945, 141
37361, 249
62700, 343
59420, 416
14920, 25
74153, 706
63409, 461
42791, 314
32574, 366
5297, 224
47402, 300
66867, 740
66395, 671
39628, 773
42118, 10
34245, 607
25723, 827
51370, 452
35488, 805
70290, 673
52543, 449
60212, 170
29871, 831
12776, 245
34570, 710
41587, 480
14749, 378
70411, 944
18977, 255
24815, 344
14906, 878
26287, 244
68317, 313
23697, 831
19934, 112
14030, 549
31861, 319
79804, 721
9892, 109
36087, 404
72514, 138
62950, 817
57311, 768
36846, 687
75578, 956
41249, 671
70371, 272
8229, 21
73895, 765
22314, 708
78816, 378
74926, 655
441, 563
42949, 502
20718, 278
27808, 685
63350, 982
78368, 464
27308, 325
34534, 815
26616, 89
25777, 191
79769, 444
77913, 966
72998, 786
19523, 27
71733, 19
9140, 264
29763, 626
9246, 358
4847, 514
75699, 342
55568, 222
28489, 34
39989, 469
25187, 810
10906, 644
27552, 596
31114, 412
57427, 595
36330, 306
15642, 24
31799, 475
4699, 678
75050, 509
43671, 414
72055, 598
49764, 453
37949, 313
66686, 128
74875, 269
29480, 196
24471, 636
30594, 761
42729, 56
30541, 376
46588, 409
16213, 205
66991, 679
61282, 631
60675, 920
39231, 941
21835, 162
17325, 438
4459, 69
45775, 648
50828, 748
7087, 320
34157, 403
23025, 527
56647, 207
10062, 713
71743, 952
4144, 819
67629, 558
20849, 484
22557, 831
40144, 936
77116, 834
69003, 191
29147, 966
1786, 194
35380, 293
49886, 281
75715, 762
34844, 370
37591, 947
31163, 349
30954, 864
27967, 305
18487, 454
19763, 7
36587, 842
58184, 259
69339, 332
4973, 663
40219, 225
30289, 60
14879, 430
63890, 658
49384, 300
60080, 385
57454, 284
11942, 415
33324, 766
77735, 555
16577, 892
10593, 782
39003, 0
69882, 358
27623, 85
48298, 195
18824, 973
62449, 690
70827, 231
53049, 758
2521, 266
62284, 544
53504, 931
23072, 356
24149, 596
6208, 840
18242, 723
18964, 510
15753, 433
20011, 48
69229, 3
67345, 637
45655, 267
69043, 192
357, 354
69196, 287
215, 864
39113, 92
71663, 649
9126, 396
78958, 375
42113, 63
523, 432
14522, 359
32374, 159
60387, 652
71945, 626
25839, 415
21727, 193
46798, 483
50698, 396
44089, 866
64629, 142
7025, 808
43485, 410
29195, 523
54260, 885
48201, 693
21820, 548
78651, 541
15891, 461
3793, 779
22284, 214
67014, 377
30823, 543
69371, 594
47235, 45
37202, 959
60889, 289
38081, 985
36782, 422
39635, 478
68610, 706
69612, 14
5428, 411
60293, 971
60795, 907
74107, 258
23792, 316
9203, 929
2852, 52
22142, 546
49548, 850
15853, 131
30495, 786
37892, 365
9905, 224
32891, 159
7613, 835
69674, 58
57598, 534
60834, 528
20706, 565
1502, 127
79503, 382
18300, 816
4377, 23
72466, 393
38153, 102
26760, 712
38054, 437
40937, 395
26145, 574
78098, 666
54200, 247
37621, 123
53009, 13
71907, 451
40452, 244
1634, 90
48720, 128
52633, 997
44659, 742
46226, 425
19542, 403
43704, 576
42073, 524
69296, 153
66026, 271
20985, 703
71697, 789
70807, 967
43784, 770
12751, 655
55080, 375
73973, 980
62693, 566
23589, 748
9189, 447
70261, 822
4235, 546
28822, 78
39876, 365
44638, 339
78946, 721
76242, 828
49906, 259
228, 739
24176, 965
38349, 128
9832, 370
71721, 740
14034, 417
37925, 743
47356, 282
6031, 977
64197, 82
5156, 509
65610, 143
61050, 526
79064, 825
77561, 450
13590, 716
57254, 290
35319, 561
23422, 660
71846, 922
25945, 159
35336, 412
15058, 890
22790, 852
59046, 154
65028, 409
38769, 615
55729, 59
68844, 564
56721, 63
49128, 751
16616, 622
12831, 519
71595, 209
63472, 89
74613, 885
47196, 796
62448, 650
50772, 474
70597, 258
54279, 955
70025, 926
3881, 262
56873, 97
62584, 98
70212, 806
40255, 413
1272, 617
11979, 738
52679, 490
7975, 508
33524, 637
21918, 495
22854, 684
58421, 877
11244, 575
49733, 299
8461, 1
14414, 429
33256, 176
37443, 763
79885, 447
10766, 612
6482, 192
23785, 226
72275, 910
52319, 239
58922, 376
43322, 793
6926, 147
67073, 95
62428, 554
32071, 629
74918, 720
24125, 189
36723, 242
65105, 167
4029, 984
29372, 467
23855, 260
72541, 596
68502, 356
53723, 248
75379, 945
61431, 226
70960, 50
57279, 940
31225, 45
18271, 948
41856, 585
72772, 386
24743, 566
7746, 96
33341, 832
46626, 509
70348, 448
53682, 933
62525, 769
23160, 446
65861, 41
76170, 472
55716, 135
65810, 224
74586, 85
34145, 167
23154, 469
58548, 669
42456, 893
31923, 762
50915, 981
32408, 138
22718, 511
45882, 252
53566, 708
17695, 892
1606, 403
22601, 595
42164, 502
50365, 761
27073, 462
53843, 421
29203, 171
58241, 375
49000, 743
4877, 201
40116, 26
41905, 138
45449, 637
79048, 549
15852, 443
72719, 924
21303, 804
56766, 43
32439, 163
4563, 76
13208, 599
13838, 518
21292, 453
55023, 837
78831, 30
50882, 592
32263, 59
9184, 346
52809, 530
20449, 934
58009, 576
37916, 3
50141, 768
55864, 46
56586, 675
21680, 882
32908, 853
56489, 881
56135, 516
36806, 44
21291, 156
25357, 653
70565, 223
74493, 906
59985, 305
41607, 621
13344, 601
78527, 852
35464, 250
38685, 663
37197, 424
54910, 787
12241, 136
54166, 263
4253, 172
58830, 645
42855, 835
19326, 631
78163, 336
14184, 931
34812, 779
19036, 915
55252, 265
36786, 436
1707, 196
50884, 708
30447, 54
823, 766
23842, 12
29426, 535
7531, 124
34990, 594
66478, 449
39260, 498
12947, 725
54986, 818
46302, 93
51462, 206
46231, 657
20474, 697
61531, 901
54490, 218
40965, 225
17214, 880
62341, 779
35758, 292
71427, 135
6642, 10
71712, 148
2874, 736
45733, 305
33796, 857
49568, 280
38364, 100
79827, 35
6599, 534
6954, 835
72221, 438
29685, 505
38836, 265
30307, 831
2283, 694
13804, 983
46150, 982
72492, 932
76815, 729
64487, 952
37143, 800
48483, 144
16640, 1000
41068, 981
20576, 477
53071, 471
21799, 544
13284, 460
12799, 802
29876, 959
20116, 336
2415, 542
52105, 669
3420, 482
60331, 294
11045, 576
50711, 744
53121, 92
48940, 972
59962, 425
69981, 932
14560, 437
64607, 837
59019, 8
1418, 890
47457, 230
2108, 772
57336, 91
17829, 186
38635, 579
41127, 335
47877, 702
6668, 167
40289, 695
66107, 269
30187, 747
51788, 440
59643, 813
21560, 206
73082, 194
16690, 123
35889, 353
25075, 966
37956, 662
79708, 112
56360, 807
32590, 370
71500, 608
47962, 868
59586, 101
10092, 53
60669, 922
71296, 549
16393, 749
36961, 648
30302, 658
79009, 273
18149, 964
9604, 758
71834, 931
9575, 951
73346, 563
24610, 721
15099, 362
78613, 155
53398, 281
15926, 856
5227, 554
33424, 387
71441, 503
59910, 453
16571, 81
10216, 543
36760, 995
14062, 323
695, 718
30718, 856
17387, 761
7552, 503
24200, 239
32464, 632
4855, 228
1514, 34
63755, 293
26465, 802
70792, 650
8525, 883
24757, 399
23862, 234
539, 550
43742, 951
56831, 936
11442, 829
74593, 251
418, 290
3863, 224
32290, 125
35099, 472
51231, 972
25253, 807
71497, 877
61866, 787
68914, 0
66794, 624
7698, 471
31100, 685
22787, 921
70852, 150
78697, 703
62725, 647
56224, 168
5893, 690
71606, 885
15398, 220
15161, 855
31681, 522
4516, 392
64394, 217
61262, 494
36767, 351
42007, 719
64150, 74
61201, 547
54591, 612
18653, 606
56229, 149
37600, 390
14841, 168
41060, 95
18294, 665
16900, 872
55913, 597
30877, 18
67942, 308
12312, 37
68781, 969
46393, 917
21564, 54
1742, 582
6723, 676
11187, 950
64037, 701
77941, 847
48525, 28
14534, 812
30865, 596
72196, 614
21232, 339
19713, 309
79354, 725
19313, 641
42313, 424
18669, 61
77091, 713
60048, 260
50052, 624
2912, 357
26583, 486
19100, 310
17642, 718
48319, 473
47542, 292
42098, 650
58415, 295
76312, 153
22151, 173
17900, 960
8189, 112
14795, 808
2360, 769
21384, 703
39380, 760
51479, 446
51196, 617
21336, 430
18145, 439
54158, 43
42276, 229
73743, 195
37309, 755
75147, 36
47860, 109
50867, 692
46295, 702
59818, 519
44213, 882
26492, 169
36471, 707
601, 705
8530, 158
20164, 603
74514, 717
13878, 320
79542, 348
1563, 36
79910, 489
76648, 437
11070, 419
67042, 369
14967, 696
74087, 197
74960, 55
14377, 48
15563, 820
63107, 535
9347, 492
37096, 547
57586, 750
5612, 338
48783, 765
19751, 850
42489, 463
73140, 346
63478, 980
35833, 749
28694, 853
29099, 472
23120, 620
61004, 725
4396, 754
73867, 241
34491, 197
11594, 236
1411, 448
47584, 621
43848, 656
75215, 804
65073, 778
76820, 256
30653, 750
9237, 340
78197, 212
68735, 60
79004, 704
67839, 428
78992, 815
39225, 640
6007, 354
47368, 563
19836, 108
50075, 110
32628, 145
21104, 138
70743, 439
65972, 562
32918, 133
334, 593
61853, 191
1428, 223
53470, 737
52879, 893
27076, 731
16643, 370
66468, 628
13736, 385
44928, 985
54330, 954
3107, 808
19358, 299
21808, 508
11306, 78
15620, 799
17984, 889
65393, 737
12684, 761
43986, 70
63241, 552
77988, 392
42059, 885
53516, 428
57470, 989
46245, 575
14000, 164
48368, 879
14801, 724
52821, 136
3196, 235
34693, 305
25524, 739
79820, 617
27453, 465
2820, 73
4587, 534
30282, 556
66442, 789
60924, 139
4804, 487
31115, 310
71698, 348
70962, 225
26668, 504
38476, 243
32966, 69
46807, 132
50383, 767
45443, 786
36596, 319
40742, 13
63686, 643
360, 4
39709, 947
68156, 338
48901, 603
42046, 55
59597, 959
16302, 33
78994, 376
67744, 759
12837, 207
53267, 628
79028, 911
32581, 673
24662, 279
5120, 830
40087, 559
21257, 630
67091, 153
35207, 556
49751, 130
16917, 523
54677, 959
56813, 97
45287, 179
24786, 297
75179, 743
72409, 510
44137, 405
68652, 665
55025, 145
16959, 15
65203, 558
39883, 795
7977, 319
243, 170
2705, 127
61547, 839
947, 344
61567, 979
35309, 642
52672, 726
23558, 340
6663, 225
2838, 509
31722, 17
22228, 404
53195, 711
6418, 978
34124, 365
66053, 204
49266, 696
78716, 905
27208, 100
47287, 332
11607, 237
51595, 985
15573, 256
70131, 842
41045, 833
38470, 968
38894, 592
30747, 306
72465, 796
74355, 465
41965, 653
45210, 194
13418, 678
5030, 488
12560, 798
15639, 90
45924, 382
32143, 705
67203, 1
48678, 786
3434, 830
79930, 466
25205, 894
79380, 971
42575, 248
31095, 908
79879, 921
10862, 176
33544, 512
76093, 339
25466, 841
20732, 932
15035, 430
23330, 95
61617, 398
75023, 396
5087, 721
10575, 92
74418, 160
70326, 257
38507, 700
9942, 898
4309, 6
48421, 583
9633, 278
13457, 82
37642, 449
43663, 94
61539, 473
38590, 585
74455, 234
71119, 718
51343, 161
11021, 594
25350, 455
20491, 24
74244, 803
40487, 509
23863, 676
19309, 326
43654, 887
45271, 435
71105, 450
1266, 615
18979, 824
19172, 583
54263, 276
18799, 193
5848, 466
55563, 95
25893, 287
49917, 847
30409, 311
17772, 437
4395, 713
60692, 518
71953, 851
8961, 253
22000, 426
40519, 907
9407, 48
51900, 613
64573, 87
35894, 803
52910, 78
51397, 238
16645, 440
40816, 744
53996, 975
12095, 46
54965, 18
46192, 197
9106, 431
1909, 403
43161, 752
15905, 364
71414, 859
12452, 566
44896, 926
73891, 310
69725, 23
37482, 761
18419, 798
78507, 106
16181, 570
30723, 32
26617, 166
52738, 790
75315, 941
50505, 76
17290, 742
28224, 470
72847, 669
68094, 693
16375, 500
58027, 260
78905, 636
67452, 893
41506, 231
38724, 956
4609, 988
2982, 889
22298, 822
5742, 358
49004, 627
43588, 658
68929, 418
54197, 345
74959, 14
57557, 531
24730, 130
69987, 375
61200, 545
52442, 348
47586, 632
21136, 664
73440, 922
1816, 944
33563, 244
14922, 742
12392, 496
11882, 306
47099, 727
25865, 647
696, 257
56940, 365
48924, 99
55311, 70
34118, 82
75327, 314
45083, 797
56211, 148
22159, 833
43259, 978
30091, 704
10968, 869
55122, 149
66167, 86
77029, 501
32633, 852
24614, 331
1430, 10
71214, 422
47492, 715
7930, 585
62229, 585
60825, 50
31385, 333
69654, 905
30967, 531
23750, 43
35946, 683
66258, 925
56714, 697
14471, 623
61133, 159
2837, 238
16424, 212
37059, 525
7806, 496
26975, 805
42734, 673
56194, 12
18182, 932
19166, 66
22109, 568
14564, 769
66006, 608
37346, 403
61112, 518
25088, 638
62084, 831
43148, 678
70522, 167
14798, 547
62542, 3
63975, 420
28191, 144
21407, 752
5282, 582
541, 357
11835, 999
3721, 672
49023, 2
20570, 563
13025, 948
22746, 789
59622, 446
77857, 867
57045, 186
77234, 427
62658, 829
54144, 180
18728, 407
79715, 343
54321, 101
16646, 542
52823, 545
35863, 128
45564, 947
46686, 397
57114, 253
45138, 639
48174, 622
48367, 429
29259, 213
16542, 265
78459, 145
74400, 734
33819, 904
68529, 227
35490, 741
46915, 414
32493, 856
56896, 249
3539, 112
57912, 418
3656, 962
31251, 429
3857, 10
60018, 694
37663, 284
74024, 676
3781, 848
30801, 722
64183, 100
63855, 99
20205, 582
58802, 412
61411, 105
13775, 380
5408, 545
79994, 868
40776, 329
9130, 903
70135, 219
47819, 315
75581, 726
10680, 86
37283, 331
71333, 134
35749, 948
17756, 406
35043, 58
72070, 245
27272, 985
52208, 583
43850, 390
8967, 690
23724, 851
40713, 132
29061, 808
39904, 100
21634, 873
47847, 152
47892, 155
22670, 874
15941, 603
45224, 769
3641, 418
29923, 923
78085, 753
33593, 868
19438, 821
11782, 214
5172, 195
47580, 674
17698, 271
34294, 101
68650, 327
15404, 999
63896, 38
66259, 902
7692, 362
73414, 803
72293, 441
54475, 378
30064, 839
28342, 289
31359, 293
61367, 982
55588, 195
39844, 333
69772, 446
44534, 972
37876, 890
19378, 691
59884, 843
31664, 277
15513, 442
69385, 423
12283, 375
8315, 825
30502, 892
60309, 888
60629, 743
40778, 36
73834, 302
78896, 845
22394, 554
35257, 587
1345, 541
62877, 476
72884, 505
48974, 773
50239, 646
17164, 517
54582, 184
31627, 846
21200, 712
11648, 934
38931, 39
37813, 354
45973, 50
8454, 113
33003, 132
8222, 816
58350, 380
23935, 932
70513, 25
74731, 237
34242, 617
51907, 719
76758, 544
5237, 961
33545, 706
52408, 543
19564, 776
22902, 333
62859, 778
22400, 421
29634, 762
9103, 400
14229, 403
60738, 266
41360, 725
12858, 153
21365, 33
34803, 822
12734, 238
62175, 243
37812, 942
61786, 567
52045, 869
32174, 274
49594, 147
71662, 403
29538, 786
25571, 114
32488, 433
2226, 938
36404, 374
69075, 259
71339, 598
68158, 754
21892, 942
67426, 944
5374, 13
10317, 624
75187, 405
6408, 563
16497, 752
33482, 258
59651, 246
77945, 732
3655, 584
52047, 543
33320, 246
63839, 113
26847, 231
67640, 313
49572, 681
38982, 257
19656, 31
30651, 516
79146, 778
14354, 402
52407, 954
73540, 250
27734, 924
10636, 973
57735, 507
7894, 581
32445, 47
35, 244
57739, 798
31610, 678
21533, 500
53309, 477
23005, 145
10936, 464
42515, 671
69892, 587
31529, 28
76472, 594
61009, 218
70892, 805
71398, 593
4366, 814
57326, 374
48136, 184
6605, 358
51633, 493
60469, 508
603, 818
1470, 998
51049, 59
73145, 52
65374, 592
24001, 144
7767, 814
35885, 983
56396, 530
76296, 897
31698, 418
61773, 233
24392, 559
19484, 100
76154, 23
77288, 279
12420, 37
32454, 864
54636, 84
7072, 104
3339, 197
62386, 887
64011, 41
52307, 340
29130, 144
71843, 720
21418, 748
52350, 438
60086, 34
69699, 63
53529, 451
75165, 108
4467, 474
23135, 225
667, 20
59169, 3
79838, 839
172, 864
16597, 635
45692, 789
3523, 959
63059, 475
5149, 20
5842, 401
14218, 498
54808, 597
33992, 967
70538, 731
65174, 192
28502, 442
26609, 783
43798, 792
72062, 648
19845, 812
57378, 803
67864, 869
33682, 101
43750, 417
5151, 552
12602, 54
13976, 794
5519, 144
53225, 390
47759, 524
28448, 282
79191, 204
21717, 171
36043, 695
75525, 861
62534, 201
75523, 634
7591, 90
49352, 995
61978, 421
46107, 970
41444, 314
4759, 494
5868, 850
37456, 267
2553, 490
55330, 11
71894, 262
75121, 339
42977, 311
31337, 857
14729, 22
74134, 723
15287, 247
37967, 327
59457, 918
15806, 919
32547, 332
43670, 256
9926, 400
76678, 425
8842, 454
14492, 123
73380, 204
19557, 34
75244, 13
50944, 776
32807, 715
37326, 51
14070, 760
24855, 468
60896, 816
52552, 803
55544, 960
56308, 441
38074, 364
3363, 598
12295, 52
52464, 927
66791, 70
41826, 280
39495, 528
47737, 880
2370, 154
14303, 761
26829, 44
50203, 769
15824, 558
24104, 21
54859, 199
73341, 678
56013, 304
46377, 988
63099, 457
13818, 181
40529, 129
60433, 143
46602, 805
49172, 637
47869, 908
76669, 36
75138, 326
66572, 447
26943, 517
51305, 595
12911, 408
9301, 692
40397, 379
55881, 683
73494, 571
22532, 400
22165, 397
36896, 618
69705, 331
11245, 28
69284, 105
58293, 464
10980, 748
34041, 676
1893, 249
69382, 517
1511, 811
11353, 187
76428, 599
61923, 892
42504, 278
74968, 201
73455, 720
3887, 249
68602, 737
12563, 426
41829, 16
14892, 591
67492, 973
79478, 623
4422, 488
19339, 112
21438, 696
60713, 207
60449, 815
6808, 158
49742, 116
72608, 931
13268, 138
69620, 637
46137, 635
17506, 219
12077, 451
34006, 285
59307, 973
27268, 860
23073, 272
3556, 337
11816, 876
36478, 902
4086, 174
76968, 595
41100, 52
77249, 962
19807, 764
46251, 850
59889, 231
43421, 584
6020, 486
22634, 92
67086, 9
37180, 928
11924, 530
34060, 662
27904, 410
67519, 940
48478, 588
30065, 775
79609, 152
12315, 578
45238, 30
78269, 48
50954, 371
74967, 363
62453, 977
47590, 530
55209, 517
14983, 429
49126, 214
37226, 635
32062, 860
30568, 75
77368, 919
20129, 611
8538, 304
29437, 69
68476, 418
66864, 722
59826, 470
69194, 427
32900, 967
1842, 772
57033, 667
53805, 383
30709, 551
10836, 503
67058, 425
22017, 240
43976, 32
62283, 396
71673, 1
14358, 496
62916, 649
67379, 369
11806, 501
53705, 502
1781, 936
25530, 883
9747, 778
12474, 322
44379, 505
1677, 41
66350, 518
33410, 160
1954, 666
10706, 892
61572, 480
38856, 166
54171, 411
32027, 327
63986, 188
74844, 259
24650, 53
49911, 238
5351, 564
47183, 580
67822, 501
24842, 908
71129, 375
78877, 658
37888, 744
38522, 740
62833, 703
24603, 344
74157, 879
30114, 67
75326, 268
53184, 143
60029, 319
22321, 348
17610, 334
21141, 246
16901, 148
54428, 203
33294, 363
54355, 537
21846, 984
41033, 974
3913, 886
74463, 723
9612, 579
10249, 142
19308, 143
59646, 258
47964, 75
4255, 951
25008, 978
50541, 136
44015, 700
77067, 629
5818, 651
70367, 143
1324, 734
59842, 163
3872, 891
3388, 872
48255, 709
35848, 155
1764, 412
24615, 929
9470, 266
24754, 104
48160, 158
72134, 473
5692, 514
28548, 513
65959, 930
27001, 253
66380, 853
54684, 245
31920, 749
39059, 977
1760, 799
33547, 919
4095, 320
46159, 325
18075, 834
7991, 14
3803, 573
71492, 710
77673, 41
35591, 434
10516, 933
46685, 371
70167, 748
16655, 613
63612, 854
52440, 602
35647, 703
570, 804
11536, 961
71201, 491
50003, 711
47688, 918
46965, 877
66038, 364
69132, 20
22784, 580
63940, 306
57810, 819
37747, 519
22974, 474
41612, 951
4598, 524
9416, 320
21244, 98
52723, 523
21989, 764
62290, 542
57422, 382
24389, 673
23507, 577
10935, 996
54358, 572
24354, 186
74714, 889
22080, 3
23889, 678
76458, 803
67865, 881
5153, 793
29070, 516
20018, 228
66615, 599
48404, 205
63242, 194
4198, 240
48558, 526
1449, 717
54580, 28
44493, 73
13082, 142
78135, 909
68686, 71
15330, 500
50594, 467
15836, 494
52854, 397
31274, 577
14496, 338
65588, 681
76971, 388
25824, 989
72468, 991
21762, 397
71666, 509
11986, 874
25158, 234
60400, 396
2611, 62
60790, 602
11066, 92
12359, 220
61129, 221
59485, 552
71564, 688
79799, 97
64441, 665
55119, 922
75877, 917
57519, 698
32946, 226
39012, 837
18357, 65
58349, 416
60527, 770
31416, 590
61968, 468
36600, 451
35407, 752
1224, 67
76451, 951
71643, 405
60026, 952
6359, 624
28323, 562
75188, 394
77902, 989
79433, 7
22333, 816
32276, 557
16671, 321
64382, 714
57689, 977
50560, 538
29661, 127
33148, 498
34927, 183
72762, 884
28639, 231
10258, 721
61666, 798
35989, 897
16544, 497
7902, 487
40472, 360
31311, 644
56461, 209
11330, 538
74078, 287
54697, 694
41684, 637
71775, 337
5111, 226
9617, 79
44667, 636
37776, 602
16014, 199
76368, 708
17401, 971
17462, 358
75982, 35
36828, 324
7311, 387
33453, 48
16523, 248
77697, 193
39629, 656
76008, 717
51635, 119
61725, 794
30277, 855
35307, 883
55786, 933
16356, 618
62808, 705
40846, 676
24037, 260
54696, 666
25321, 884
33798, 790
42359, 183
1114, 826
39690, 953
11534, 545
52445, 929
27856, 804
74415, 383
17674, 600
70560, 582
72522, 694
41876, 695
18639, 456
64385, 162
54081, 478
73964, 575
3521, 644
77785, 246
35238, 417
75769, 509
10870, 83
78857, 518
45906, 797
2368, 931
22119, 725
73201, 974
66233, 473
29167, 932
811, 605
31136, 870
34907, 498
28451, 868
25732, 974
37551, 513
41943, 761
17901, 142
76860, 345
7962, 17
15923, 886
37477, 723
8702, 893
70065, 744
34216, 485
16525, 85
55672, 647
46889, 931
74132, 800
64882, 519
9318, 192
22130, 341
39388, 73
60714, 603
68955, 292
62802, 804
66016, 274
55609, 650
10974, 538
51846, 546
25116, 914
59921, 741
72358, 972
19947, 284
74503, 629
27418, 413
20617, 110
49908, 664
56806, 988
9192, 128
29495, 148
36633, 912
4142, 307
59706, 563
10170, 470
47060, 492
65638, 587
50460, 345
39184, 772
78795, 738
61907, 748
36781, 763
50876, 776
59245, 674
61745, 804
66371, 603
71099, 267
22350, 333
74254, 606
53046, 638
63128, 480
77936, 634
4755, 966
39549, 976
55646, 760
48760, 734
12853, 15
59294, 355
56845, 610
35167, 589
74275, 628
5267, 319
17028, 919
8857, 167
53024, 320
26098, 191
35923, 918
22238, 195
76855, 340
2966, 691
52699, 428
55182, 443
67436, 253
38536, 965
38897, 397
63296, 8
4498, 887
36195, 394
17465, 483
66952, 392
73695, 853
19511, 578
8279, 830
26712, 991
1686, 23
5886, 428
24254, 976
51598, 648
36752, 560
31480, 912
44077, 274
43498, 272
49609, 584
41053, 602
78514, 910
37669, 273
60454, 320
76740, 746
27325, 740
17259, 519
26762, 399
60308, 24
47347, 768
70072, 43
2637, 451
60876, 897
34920, 922
64551, 82
29582, 172
42021, 665
40942, 439
58843, 934
7224, 808
31135, 64
38245, 318
63314, 463
76173, 57
13914, 641
31638, 385
30932, 385
42004, 636
65777, 146
42522, 824
54312, 796
49575, 126
69381, 143
68427, 335
28377, 441
54624, 237
59450, 479
60125, 363
45811, 431
45324, 784
70841, 790
78302, 964
77720, 995
7061, 686
35208, 183
48303, 663
60483, 521
20099, 85
79621, 262
45371, 127
65045, 637
70906, 210
64689, 539
26565, 536
57694, 931
78887, 79
78101, 696
46538, 40
16676, 969
20745, 821
54574, 241
12301, 106
12865, 4
19865, 366
4435, 61
18541, 493
40997, 756
20757, 146
65157, 287
77963, 810
60240, 990
42161, 825
33337, 650
29665, 684
62421, 419
73752, 38
61905, 828
12264, 266
7513, 190
57110, 893
52422, 106
33630, 91
16860, 51
50791, 533
54208, 823
73938, 730
32592, 308
58174, 2
9015, 101
55389, 18
62579, 886
24427, 167
27005, 286
17540, 890
38248, 577
64576, 721
57154, 489
79019, 440
10245, 28
24221, 124
78942, 654
60549, 550
18709, 23
78998, 691
24051, 750
22751, 413
28893, 372
38783, 529
36815, 948
8107, 89
73600, 46
12168, 962
63740, 69
40151, 900
57373, 188
21684, 191
56266, 324
42747, 804
34617, 601
32743, 785
51732, 639
72553, 682
30020, 759
49647, 667
65108, 692
65672, 330
3287, 222
28368, 980
69988, 567
21783, 725
5609, 470
55314, 454
13067, 441
75892, 181
7307, 924
53645, 658
14977, 246
30400, 599
7564, 838
32195, 123
409, 40
36802, 356
37011, 84
26419, 706
63930, 241
22625, 141
18094, 725
75529, 808
66453, 95
9667, 312
36292, 852
66563, 220
37818, 840
46986, 624
20297, 669
53693, 50
39580, 248
31495, 713
70404, 479
56785, 241
33323, 392
67031, 451
27456, 488
22278, 98
51700, 891
50767, 693
54303, 380
72578, 573
69603, 308
31212, 37
25117, 467
11024, 521
59723, 188
16020, 941
54268, 592
38009, 172
39017, 252
18236, 166
41438, 800
74026, 740
43022, 567
22819, 942
22187, 400
67133, 475
74206, 717
14111, 519
35482, 632
66346, 723
39945, 124
4464, 770
59824, 185
47438, 706
74452, 72
75777, 741
47554, 892
64031, 18
72078, 830
23995, 728
65520, 382
62567, 859
25514, 527
23591, 752
46509, 373
66579, 893
79051, 120
38122, 374
11317, 955
4194, 718
70203, 218
66882, 346
72894, 687
48306, 25
35098, 493
17335, 28
59920, 412
28996, 760
35287, 30
77632, 4
4728, 63
20586, 829
8838, 606
55169, 832
46376, 947
2834, 151
43056, 463
11437, 744
41855, 216
4770, 118
68581, 994
65496, 584
7578, 277
54907, 41
75989, 567
8504, 525
40023, 68
62454, 89
23139, 942
75644, 581
35529, 324
78382, 538
72065, 204
55413, 339
8025, 387
18515, 172
41291, 798
27793, 96
35070, 91
25082, 387
71366, 23
30646, 536
27575, 838
41158, 717
62446, 563
29280, 147
66184, 992
10206, 192
27655, 902
35841, 366
68836, 132
12984, 509
13666, 705
25786, 952
42122, 386
3027, 488
46702, 780
76722, 957
24529, 262
67724, 696
75308, 80
58517, 871
78217, 418
44977, 668
35898, 555
61429, 828
39692, 772
43427, 422
5331, 729
57573, 1
71456, 939
67854, 774
3054, 950
74105, 594
72126, 499
4679, 944
9081, 39
51928, 358
79897, 790
22608, 17
73382, 472
39927, 802
58525, 37
73672, 38
19347, 665
51640, 439
840, 389
68002, 872
19182, 529
18066, 138
13185, 595
24461, 504
43889, 874
36831, 478
73724, 514
17520, 718
27988, 360
65775, 518
71111, 703
15538, 697
24359, 442
21959, 313
65489, 545
46802, 119
78658, 17
27522, 147
1667, 520
38940, 272
39603, 400
45797, 24
9073, 902
17229, 187
77117, 743
42475, 1
65881, 199
7540, 494
45510, 690
68885, 253
79785, 999
38936, 237
41132, 926
25846, 451
17156, 109
9010, 248
13372, 507
51988, 26
5442, 928
73142, 664
39444, 195
37837, 138
65603, 915
61591, 389
10646, 149
58638, 196
32432, 10
76690, 784
27739, 713
39310, 459
20498, 41
1074, 202
50379, 653
47791, 96
49153, 923
33588, 304
29884, 28
33211, 470
20460, 347
47284, 608
8216, 711
23734, 314
10975, 756
72876, 939
13671, 562
11089, 34
6765, 307
40676, 664
66965, 284
8228, 265
6187, 801
67079, 530
36289, 850
71651, 910
56904, 132
65827, 628
41839, 501
31167, 2
10909, 525
64410, 908
45513, 264
63829, 810
29565, 663
9450, 911
27595, 394
46400, 652
10705, 11
47334, 340
13847, 656
8421, 206
39323, 671
5982, 112
20117, 37
37375, 137
21569, 972
1914, 169
49591, 780
54393, 580
14317, 358
20835, 899
64963, 885
24145, 392
1812, 572
21751, 709
77349, 393
59512, 136
814, 216
64851, 956
51806, 467
18425, 472
73911, 314
13496, 471
37817, 860
49346, 34
19276, 386
74280, 45
39467, 125
69921, 422
76943, 156
2379, 842
46484, 905
70364, 496
30322, 233
773, 418
7060, 568
36454, 159
36285, 50
24271, 224
19312, 402
34628, 6
56, 626
37407, 101
6386, 105
68932, 938
53433, 718
30359, 900
58433, 639
48801, 86
26645, 959
59001, 913
40823, 664
58424, 473
32479, 165
60666, 558
40305, 224
14725, 934
37998, 409
5477, 462
78181, 937
33892, 325
31276, 848
75800, 194
35423, 330
64955, 647
50193, 291
52131, 669
3795, 841
54501, 474
43756, 164
46273, 977
75132, 1000
372, 52
56799, 877
68141, 98
29346, 328
70897, 147
51578, 806
47740, 910
66075, 91
25575, 843
65500, 613
1089, 250
29554, 27
78895, 793
29767, 165
11574, 356
56458, 301
77212, 123
15314, 597
51100, 17
37438, 295
77166, 874
63005, 671
6380, 93
68279, 973
10938, 992
30446, 828
38556, 955
3110, 777
36509, 296
30857, 49
66317, 134
44234, 154
53035, 948
29917, 337
68189, 718
20004, 107
30259, 863
12029, 170
52843, 116
55044, 59
32041, 251
79923, 568
77608, 393
56898, 668
48717, 608
36451, 229
1948, 834
23292, 253
1739, 242
25853, 744
31108, 714
36308, 787
20856, 31
34346, 508
21817, 603
52437, 353
72770, 619
6388, 699
50726, 833
21753, 881
6463, 31
26381, 271
62343, 985
65381, 667
68334, 211
70666, 637
53940, 197
32744, 321
75191, 108
32338, 714
20386, 741
11665, 808
8364, 912
42166, 939
79160, 771
49791, 280
26177, 16
43551, 778
70621, 592
26191, 519
1191, 689
35968, 841
15016, 557
59317, 372
64426, 357
36244, 276
77388, 626
72214, 741
46838, 172
19881, 955
48890, 71
51437, 39
45424, 677
8744, 426
74779, 650
69844, 819
36004, 385
57391, 599
10592, 44
62278, 223
67509, 773
19843, 164
58176, 840
59662, 609
39066, 714
26569, 978
58189, 752
6229, 203
38376, 979
16717, 587
35222, 807
30070, 284
57011, 618
69390, 546
29788, 760
37088, 336
32469, 331
42838, 986
10999, 375
1673, 151
29072, 51
4213, 842
40066, 643
76837, 516
25473, 681
23727, 679
59576, 358
69721, 435
15265, 32
44073, 714
20492, 911
65797, 450
78746, 191
6474, 282
20126, 575
31837, 957
1407, 834
68206, 396
7334, 912
15636, 835
41365, 108
76610, 468
65387, 229
54803, 952
3331, 3
76884, 712
56038, 474
66971, 401
70090, 618
3714, 151
22972, 904
52613, 82
72137, 416
12352, 274
49223, 991
59283, 426
60134, 354
25362, 487
17668, 911
47664, 764
20550, 476
36257, 669
35555, 717
8027, 752
2138, 298
44500, 866
33582, 152
19801, 620
22764, 207
71905, 573
34472, 565
57039, 271
72885, 469
76897, 532
78889, 712
45742, 674
65887, 576
34813, 328
24709, 592
19905, 345
41477, 212
33666, 645
28198, 630
7384, 46
24101, 978
38366, 359
58097, 768
9227, 1000
1090, 190
5630, 347
45569, 686
21187, 859
11403, 593
58126, 345
65305, 57
37521, 463
33356, 946
67284, 67
14681, 149
25326, 321
18366, 527
32830, 819
64919, 701
37340, 404
70070, 192
19682, 186
20754, 420
1020, 82
68058, 296
12437, 376
24246, 208
68249, 856
43126, 561
45452, 107
15526, 21
26026, 770
17843, 204
13295, 345
76591, 832
63925, 846
71713, 282
16311, 110
62418, 428
59312, 726
60437, 13
8635, 497
47113, 267
6870, 95
23253, 908
69174, 547
21326, 715
26776, 323
23358, 39
62843, 373
76377, 781
69057, 31
52024, 123
71603, 668
66366, 885
62879, 353
74211, 206
73403, 972
16759, 99
34970, 204
68513, 499
24452, 9
68793, 646
13356, 729
67800, 324
69086, 465
1789, 247
32032, 689
62708, 432
70386, 399
39783, 663
43286, 121
18698, 132
7947, 870
2060, 620
60616, 477
22254, 819
37509, 54
12230, 838
67243, 580
34971, 748
65003, 673
35387, 2
31997, 69
15253, 232
78505, 248
57719, 950
23317, 349
12380, 105
68326, 162
50234, 304
38266, 309
54873, 990
44550, 324
37999, 914
11925, 411
46904, 384
14073, 93
55897, 816
18364, 367
59509, 43
46473, 868
2179, 815
3171, 810
22259, 892
49300, 343
79145, 861
8620, 819
28668, 232
54730, 110
38648, 81
44471, 318
62295, 415
56729, 291
44295, 977
19055, 280
60303, 616
45409, 761
18991, 559
7804, 680
68695, 287
48163, 193
73224, 275
36467, 673
40458, 649
73154, 913
2895, 70
65059, 521
3174, 390
78912, 533
60190, 751
21087, 100
57242, 173
61912, 529
9751, 85
12484, 776
66905, 994
44053, 995
72768, 945
40790, 710
47538, 359
64819, 63
39842, 114
78289, 250
29465, 621
25342, 263
61744, 579
66315, 809
51856, 822
40527, 338
15130, 235
26769, 234
30946, 865
66379, 502
48656, 201
6849, 707
57205, 15
48415, 612
36985, 676
64582, 778
28305, 436
65120, 549
26146, 532
18521, 693
48445, 799
20100, 165
4754, 578
25807, 15
36363, 900
3565, 96
61245, 766
33597, 325
1733, 269
62471, 827
22552, 176
44743, 835
70144, 172
16143, 553
54325, 98
24443, 914
2256, 993
16115, 943
68030, 337
40089, 851
49073, 439
75847, 668
44941, 478
36850, 143
8523, 488
42197, 615
57860, 655
27058, 379
71827, 104
4548, 305
8579, 582
20209, 593
78025, 286
25212, 123
75455, 910
30895, 7
36310, 623
78516, 589
51982, 220
26674, 13
69597, 484
47306, 80
28603, 84
66376, 747
69343, 431
17469, 56
77889, 826
62111, 704
2924, 190
57849, 303
56336, 798
18191, 647
48617, 641
46408, 460
76935, 708
3214, 623
20161, 914
35106, 885
706, 508
79203, 744
59327, 738
6728, 901
74805, 998
57526, 364
15650, 659
78690, 46
76692, 597
44939, 712
56147, 934
38747, 76
65691, 882
75944, 178
68822, 119
3022, 334
38438, 289
26642, 206
32776, 250
76956, 337
6188, 726
72678, 197
42324, 134
5761, 979
17795, 922
49715, 958
48973, 648
75196, 849
58266, 700
77253, 639
3510, 2
69094, 477
78186, 310
30592, 95
76114, 497
67152, 628
51740, 880
49644, 420
7946, 802
59236, 142
16403, 198
14408, 838
67845, 891
44205, 361
588, 59
4962, 870
67174, 7
38528, 927
56406, 754
55832, 117
40158, 302
74623, 152
27841, 503
17126, 732
22013, 197
55234, 827
30826, 55
29957, 864
69856, 133
44452, 732
48390, 1000
39344, 266
68169, 854
45098, 218
75396, 240
9372, 80
58501, 771
29356, 445
75296, 536
60756, 818
32034, 784
46265, 919
17735, 379
78568, 370
49477, 784
13152, 174
54094, 741
35056, 781
39930, 46
18650, 434
62591, 607
5629, 664
73169, 486
55133, 398
32690, 804
67825, 291
48379, 615
43599, 1
69440, 180
78729, 196
69630, 59
8659, 146
50533, 830
64043, 21
62654, 753
76292, 496
61229, 316
12534, 625
58854, 499
57763, 507
65392, 213
50406, 466
35603, 63
49905, 444
24313, 379
63334, 983
52918, 244
38619, 915
50747, 915
74469, 661
43822, 848
2204, 56
20135, 228
73827, 511
21948, 255
1249, 222
34447, 743
42655, 974
36493, 806
20986, 225
41666, 793
6640, 530
11694, 145
34668, 116
70211, 149
18434, 210
30231, 109
27530, 528
54050, 601
57652, 133
7408, 382
72744, 105
3883, 634
51136, 123
17653, 757
39891, 823
60502, 805
22072, 625
1977, 609
28884, 912
50191, 244
17258, 168
27087, 149
5266, 764
18445, 423
13853, 70
73627, 85
34675, 384
27446, 646
75515, 992
14404, 581
25470, 513
57322, 817
6377, 660
34889, 397
78841, 807
63120, 861
40168, 315
62911, 461
64168, 299
58807, 526
70205, 25
53680, 406
6540, 522
31345, 988
66586, 457
56962, 368
61671, 252
32846, 42
20360, 464
43628, 26
31057, 957
67308, 132
13408, 340
1338, 81
953, 823
24992, 247
13237, 975
51390, 945
49095, 101
78850, 306
17951, 408
26703, 877
57861, 713
12341, 428
16184, 657
70873, 109
2880, 311
56042, 334
37948, 665
15746, 57
9682, 889
44159, 627
34613, 938
64166, 317
79683, 176
29349, 410
46882, 719
7934, 530
24809, 433
13693, 115
73282, 947
71484, 671
76010, 711
62310, 659
55095, 536
67949, 428
35866, 329
20896, 658
33501, 128
19398, 354
43805, 50
48396, 463
22777, 665
49439, 77
11469, 174
47211, 433
37457, 810
43527, 808
17903, 182
35470, 150
54122, 176
73022, 217
39051, 880
59218, 749
64511, 518
17142, 883
68488, 683
57929, 506
2962, 277
36936, 322
57126, 424
63534, 353
66221, 733
6308, 475
53554, 827
70691, 166
316, 23
21286, 363
30894, 679
38430, 183
71532, 923
40172, 124
68785, 519
51650, 589
20591, 850
74821, 637
63180, 341
39275, 215
71859, 890
69435, 95
57328, 643
41080, 361
31715, 675
34676, 973
37660, 950
3583, 577
24756, 367
70822, 424
35449, 320
39, 86
30840, 145
13363, 423
50634, 790
40585, 455
15497, 969
54193, 394
76401, 359
34599, 149
27686, 921
22721, 247
14032, 564
64801, 133
79292, 700
5193, 28
3334, 782
44032, 835
51952, 635
70327, 250
18070, 957
21747, 262
10520, 208
61598, 542
1631, 315
45533, 958
78162, 100
20272, 480
71421, 337
77944, 368
42587, 894
55187, 491
56833, 96
18481, 172
49328, 919
75130, 430
59881, 184
3898, 900
56475, 75
57832, 405
69936, 27
30314, 364
45841, 195
25930, 772
11418, 977
13832, 245
32251, 874
55505, 922
52860, 782
25144, 86
76511, 808
26729, 947
17793, 60
5076, 103
44830, 768
69169, 270
10108, 280
12234, 406
23586, 714
53827, 24
35229, 51
27876, 486
37027, 930
5478, 184
20029, 359
63742, 253
47391, 103
64072, 860
37749, 301
52746, 802
51657, 427
61035, 39
67569, 748
29720, 984
25124, 724
16738, 341
907, 207
63882, 772
53679, 15
61885, 150
41122, 126
64327, 440
40332, 270
17086, 408
10531, 522
36028, 641
30052, 846
3487, 954
6789, 554
34749, 642
15421, 213
71130, 73
53031, 931
40551, 133
56089, 846
71435, 894
62995, 242
12585, 26
53703, 264
18095, 355
51137, 391
23080, 112
9622, 412
9722, 320
9102, 368
41113, 443
36023, 971
26317, 222
41925, 906
14077, 69
63452, 241
1103, 619
13511, 355
49502, 195
18927, 834
28519, 504
27539, 716
33439, 347
24403, 938
27672, 232
7668, 551
19494, 278
60456, 620
61010, 958
21404, 109
47675, 350
25609, 497
64518, 975
3180, 956
8711, 661
58808, 135
9758, 688
76453, 8
22870, 565
42920, 427
53898, 30
38455, 666
71258, 326
75426, 511
56341, 338
13579, 694
45586, 599
18, 410
25370, 455
43601, 203
51506, 124
58085, 364
56856, 964
49459, 107
2181, 538
54105, 286
5905, 294
61360, 148
65987, 193
25294, 804
68037, 455
15574, 287
15461, 221
60805, 959
63494, 124
17154, 229
8557, 267
68604, 305
77614, 73
26376, 268
12252, 52
15340, 825
78180, 33
67738, 85
72491, 485
58060, 568
48740, 266
57135, 819
49248, 130
45005, 337
3283, 341
49955, 809
5309, 942
31259, 904
64443, 435
35446, 727
152, 364
71811, 145
73300, 885
70487, 888
45496, 681
41867, 809
3804, 943
14293, 934
58800, 468
17576, 578
8995, 10
32784, 401
55004, 163
32055, 208
51737, 330
62150, 585
20194, 987
23946, 969
75376, 894
61821, 267
59295, 446
34243, 949
34862, 974
21940, 28
3412, 803
54060, 113
26051, 249
59133, 32
19266, 569
5861, 78
61420, 694
44050, 374
4601, 820
79757, 989
21743, 711
73603, 978
4001, 503
40950, 264
4500, 981
26115, 874
17722, 118
41559, 659
53245, 377
40932, 800
33611, 139
29910, 662
46338, 721
34071, 673
62830, 411
51277, 704
73767, 521
183, 784
31956, 208
42364, 839
39870, 84
19870, 168
74516, 800
64799, 46
56247, 375
75849, 610
22519, 927
47633, 630
56025, 437
20224, 676
68099, 205
31122, 300
37632, 561
58558, 353
61949, 895
42488, 384
35355, 254
27417, 703
66498, 569
54541, 45
64456, 670
66101, 889
77089, 719
22937, 596
59694, 371
38625, 808
60811, 946
68784, 155
41398, 789
71049, 607
75958, 978
50695, 71
19937, 613
54882, 115
34954, 940
1174, 724
37628, 738
35295, 999
60539, 350
73833, 678
10257, 12
28679, 558
22016, 191
60611, 783
35076, 189
26962, 554
73090, 562
22796, 824
41939, 105
6541, 580
52605, 1000
28446, 535
10264, 417
5969, 64
44408, 105
60444, 323
32082, 328
74328, 831
11822, 516
10262, 132
52010, 389
43203, 907
20763, 696
76415, 532
44298, 227
23250, 309
13829, 818
3200, 417
61819, 844
72594, 326
22395, 176
56998, 460
31899, 900
31878, 510
3118, 758
41517, 415
25984, 431
29867, 379
25632, 624
20038, 290
55615, 268
53374, 964
49646, 220
6568, 672
14144, 169
72406, 446
32301, 710
45788, 2
64395, 499
28395, 349
39212, 685
10539, 989
22203, 241
61710, 311
19406, 984
35035, 547
41742, 252
4958, 489
12294, 932
48294, 207
66968, 758
76574, 385
25653, 681
29205, 60
66678, 228
57, 56
68739, 253
26905, 393
27737, 349
17406, 759
2492, 731
49655, 403
42180, 392
25929, 138
47746, 352
14556, 747
79677, 705
35502, 764
22675, 676
31398, 440
64639, 504
60628, 332
77343, 59
62038, 29
52120, 83
40262, 587
77637, 930
2071, 498
79631, 139
73175, 693
58583, 555
36976, 863
22599, 33
10476, 161
41115, 350
15919, 475
25781, 521
79285, 548
36129, 71
15073, 663
62883, 560
64338, 559
76301, 678
14244, 100
27285, 523
42149, 425
73406, 885
48381, 65
19269, 621
35247, 0
35922, 358
2307, 497
52101, 32
60561, 516
10252, 349
19948, 573
76662, 410
72509, 431
47600, 833
62976, 675
68944, 259
8481, 522
22714, 69
10966, 428
63947, 249
11118, 576
27333, 874
13715, 284
12450, 486
55387, 371
45716, 975
21490, 649
10927, 705
44270, 574
24848, 1000
16365, 497
15037, 92
12945, 176
64231, 353
5342, 147
12726, 271
73528, 9
70929, 785
37232, 473
14411, 751
44321, 934
73552, 838
79506, 683
1724, 476
64123, 2
52778, 727
65145, 220
22573, 107
40348, 142
11546, 222
39056, 165
54728, 802
52151, 214
47435, 681
26040, 918
36502, 427
49529, 739
76284, 299
52545, 526
209, 914
47156, 795
48710, 967
46112, 24
17082, 925
75027, 103
5101, 394
21312, 262
3918, 770
19213, 108
60356, 253
59545, 252
30521, 924
49238, 450
7252, 916
3911, 909
64272, 822
50709, 124
42309, 324
46456, 388
67805, 366
5533, 17
71861, 541
30167, 350
28345, 50
23436, 591
8534, 875
45478, 717
57626, 567
19069, 899
42691, 957
27574, 744
6646, 610
62093, 880
17322, 259
9413, 497
1551, 500
34923, 687
61211, 751
21968, 160
49844, 516
41270, 13
60051, 470
52714, 572
24811, 734
27259, 962
21768, 810
55622, 278
21445, 13
2600, 287
21614, 806
29462, 550
89, 577
65773, 908
39991, 189
22544, 740
52528, 436
26982, 420
14381, 298
29035, 870
50268, 315
56524, 662
40242, 227
9018, 443
29807, 764
61097, 416
37750, 563
47594, 107
47920, 218
59503, 972
78016, 210
7601, 607
20934, 199
70547, 433
29112, 146
45311, 74
44908, 492
77538, 194
13783, 793
50866, 99
58647, 371
30230, 914
42526, 92
11797, 456
56577, 203
67596, 611
55607, 903
59498, 839
77035, 365
46131, 79
79446, 263
38197, 417
19467, 411
67328, 139
15560, 434
61530, 773
26409, 580
20945, 188
63383, 236
32322, 428
47245, 604
48608, 34
19482, 930
38390, 110
30136, 266
34828, 416
26429, 403
31671, 726
26500, 428
31387, 171
71222, 34
32436, 632
66889, 36
4453, 620
25150, 779
13462, 971
44316, 833
62049, 280
48574, 727
1030, 369
17982, 59
18970, 615
74409, 495
51906, 43
3753, 45
6899, 3
22117, 7
41356, 898
41841, 811
67827, 383
37192, 643
78726, 87
6121, 574
42377, 311
67910, 902
34875, 135
76937, 921
30564, 267
15921, 628
18966, 400
46682, 161
2133, 686
24081, 223
21496, 146
49699, 113
32165, 219
65394, 935
51387, 75
15363, 239
34175, 840
45181, 812
1373, 595
5315, 766
537, 531
37183, 985
39269, 18
38795, 533
38305, 962
33667, 478
44324, 196
3164, 233
65936, 116
47656, 820
23275, 151
70838, 228
51692, 478
31747, 433
21552, 687
52688, 921
32768, 694
67336, 621
50073, 556
38950, 233
25397, 624
20766, 943
16915, 399
62114, 522
16226, 398
56662, 834
8441, 599
56052, 322
17792, 510
47971, 146
14396, 467
959, 958
79434, 1000
68981, 135
18417, 520
9928, 110
11827, 79
66488, 690
29366, 797
22143, 384
3851, 966
1542, 279
79692, 273
77505, 265
12466, 302
22725, 931
64237, 458
43023, 781
24119, 66
31177, 183
13561, 299
75504, 780
3566, 436
76236, 87
12975, 154
53446, 943
29899, 301
34112, 222
65835, 16
34525, 370
33414, 341
51471, 824
33894, 480
20389, 192
34138, 124
24763, 617
58585, 314
16448, 610
27260, 661
21054, 322
17023, 841
50218, 822
2937, 174
48014, 738
45630, 220
50742, 831
17260, 851
56161, 644
2697, 948
77351, 305
10809, 957
18146, 794
51876, 317
22855, 388
38720, 340
21889, 124
59561, 397
68107, 77
76248, 535
68568, 317
40064, 653
26142, 594
36740, 417
46701, 982
66421, 816
824, 520
24230, 673
59905, 246
50094, 278
53382, 577
72096, 103
24154, 427
35071, 419
58159, 656
73790, 389
2030, 384
37455, 610
10984, 934
17550, 755
14368, 394
41902, 345
67977, 525
16769, 596
632, 667
47945, 945
60458, 34
79671, 384
56164, 627
37492, 123
55597, 386
34181, 107
70184, 15
16908, 212
7974, 328
27573, 386
10628, 862
67686, 462
69370, 748
37553, 347
17305, 842
67687, 201
22217, 684
57508, 840
20656, 834
72190, 168
53616, 227
53530, 981
40651, 879
52831, 233
74374, 502
71858, 678
26288, 577
16983, 849
75276, 555
29391, 682
62246, 960
12991, 630
38744, 558
42264, 648
48736, 6
24419, 546
39828, 146
52345, 429
20780, 948
78604, 249
71468, 830
78959, 458
45935, 811
20187, 830
6910, 237
7523, 308
21498, 693
70823, 662
67357, 465
8565, 127
63133, 741
77431, 409
16167, 427
59495, 719
56925, 294
21166, 937
62613, 854
65860, 112
2669, 224
37275, 671
55866, 737
46507, 45
27644, 301
71723, 407
2674, 981
71410, 305
79099, 986
32974, 157
70113, 601
47899, 634
52991, 952
11537, 697
27252, 479
10812, 142
9964, 747
41809, 138
18427, 371
60282, 853
19364, 768
4152, 945
287, 904
5529, 528
72493, 450
76330, 6
36911, 171
10693, 44
70252, 970
20575, 478
5993, 698
28914, 320
24014, 881
22654, 712
65849, 231
36955, 980
8732, 790
55991, 483
11616, 718
32006, 34
51745, 652
73434, 399
30955, 73
47193, 259
4931, 73
39433, 870
68331, 314
17925, 984
55038, 902
36171, 557
43348, 27
32655, 3
35771, 503
75891, 386
43006, 844
26377, 366
16697, 311
26102, 41
33576, 398
25238, 856
70759, 921
25643, 197
20399, 666
38858, 657
18302, 254
48840, 678
68409, 427
68620, 709
59502, 203
37120, 122
12541, 571
16134, 873
69769, 406
67214, 257
2406, 380
17313, 301
48935, 563
45063, 402
29989, 292
20063, 617
77934, 872
13815, 4
12423, 635
16209, 921
1493, 810
1692, 972
28460, 312
38326, 594
69310, 39
4550, 80
42732, 67
57317, 983
62128, 635
13784, 81
17382, 510
79039, 510
29509, 834
26878, 227
63010, 264
77576, 858
23002, 321
28285, 498
60238, 266
18858, 359
58283, 753
10032, 140
40082, 97
53875, 894
70480, 880
711, 102
25147, 760
36266, 448
63181, 96
71310, 146
20546, 382
47891, 961
68574, 806
1741, 797
8462, 202
72720, 135
17684, 661
15255, 698
37558, 899
10944, 658
74340, 72
62509, 966
29906, 644
14921, 97
13106, 211
49033, 768
59122, 443
15051, 247
9640, 597
24832, 633
44354, 389
68433, 127
2072, 769
9434, 528
17898, 617
67041, 631
10219, 483
10352, 629
36279, 926
22966, 977
66918, 321
49146, 130
41971, 745
17847, 674
55465, 813
18603, 810
57467, 322
50200, 804
3380, 571
42883, 954
61106, 635
15819, 43
20910, 132
55215, 67
2451, 396
41730, 139
18107, 819
77101, 453
7510, 950
68067, 896
54777, 489
12446, 930
73180, 444
67339, 580
70415, 370
68137, 322
828, 296
16083, 39
61149, 246
27736, 960
67472, 184
4295, 204
55298, 134
65512, 380
42608, 220
57551, 13
33758, 363
18555, 340
13173, 137
23426, 384
73601, 207
42266, 919
55981, 571
72584, 28
28091, 188
12917, 451
46517, 959
41008, 715
26080, 663
29237, 184
39797, 265
18922, 485
38317, 601
9177, 641
23303, 858
44254, 478
2850, 580
70750, 705
14393, 839
52844, 310
605, 511
5505, 513
8388, 585
4468, 227
36981, 490
58475, 9
44867, 536
75091, 129
4456, 458
12529, 94
5576, 977
27892, 289
76602, 644
43015, 352
35604, 759
62113, 371
28430, 821
44241, 563
51688, 444
24520, 672
41557, 852
53249, 80
5471, 687
72639, 365
77010, 66
12291, 663
61102, 917
73917, 822
63176, 463
19912, 601
41228, 646
50299, 301
43352, 93
32869, 27
66211, 301
72900, 441
7073, 387
32714, 674
31809, 768
58458, 99
19463, 571
66389, 629
55920, 613
76235, 430
18323, 734
56994, 819
48744, 275
33669, 559
40829, 78
53553, 964
7089, 355
10703, 953
4261, 70
39238, 801
69916, 6
57882, 82
70620, 170
75406, 214
58599, 562
17365, 967
11948, 719
71318, 421
17505, 203
71616, 597
32450, 281
47924, 886
34670, 900
10774, 538
23524, 196
11139, 242
45244, 215
75630, 938
74758, 587
19321, 617
40071, 952
12277, 816
77910, 965
51620, 103
1745, 955
25809, 214
65058, 957
65726, 593
8236, 849
32589, 1
17489, 579
75880, 696
52558, 303
8593, 848
45822, 725
70028, 157
75043, 656
78980, 41
77682, 91
74281, 792
18499, 488
185, 652
73846, 302
43987, 55
45719, 395
61524, 510
56787, 330
46589, 72
46995, 207
57894, 318
49493, 660
74709, 110
32225, 17
47666, 221
31806, 395
43246, 205
1243, 918
47655, 418
63673, 918
24721, 977
16346, 739
13657, 622
13103, 2
22186, 389
72751, 148
48959, 333
76316, 426
7580, 263
61834, 187
62763, 265
3686, 428
791, 148
34258, 501
32623, 647
8529, 591
65375, 884
44170, 869
36135, 913
3715, 100
37245, 795
21056, 90
67321, 116
65030, 883
66123, 276
54908, 762
23179, 516
16036, 398
37972, 403
12863, 309
10640, 186
60245, 900
47936, 18
33948, 228
3274, 122
653, 280
36474, 725
35969, 197
62273, 348
73588, 501
78058, 830
60184, 64
6745, 363
7594, 684
2786, 81
41157, 533
31780, 430
29139, 56
68678, 629
64384, 646
33469, 866
78075, 599
55973, 993
50597, 30
14083, 871
49786, 556
45092, 395
30444, 786
29258, 339
13336, 976
14645, 457
8329, 563
50830, 934
51504, 780
20755, 534
41449, 648
18560, 638
19504, 186
24843, 823
1675, 67
24301, 163
72580, 854
24774, 857
7790, 320
78911, 151
40921, 853
59860, 256
78168, 629
31007, 513
1318, 812
56485, 337
64997, 856
75411, 521
65872, 21
69619, 263
44473, 894
40781, 52
37329, 187
18844, 865
51649, 83
76397, 892
75117, 914
31227, 344
70925, 605
70740, 537
32012, 908
8753, 393
23991, 511
40550, 132
8542, 338
74372, 755
45589, 666
45998, 714
59241, 330
72285, 402
42019, 645
10545, 10
17358, 566
64214, 22
78115, 123
40851, 608
74119, 707
70024, 231
48171, 605
65875, 861
44353, 403
12448, 951
79461, 362
74582, 327
63623, 756
2049, 933
7725, 40
8159, 203
42404, 894
24983, 586
57071, 913
74755, 538
6236, 575
27788, 110
5230, 459
59366, 75
3427, 188
60415, 343
43664, 715
8069, 868
37290, 42
31652, 432
52837, 382
24803, 561
8340, 234
5385, 745
56797, 110
38420, 87
58761, 4
15302, 383
32668, 596
1521, 634
66602, 619
56691, 881
28133, 670
22078, 27
67010, 183
14313, 16
43240, 697
55496, 338
2854, 112
74217, 653
15681, 459
78541, 410
55394, 74
37118, 580
65424, 788
73567, 27
15019, 32
36350, 948
55857, 903
2478, 421
61259, 250
7302, 763
11181, 533
55793, 311
25123, 166
27428, 533
53206, 235
2753, 525
23227, 969
59607, 243
55570, 718
51165, 684
19655, 380
65779, 362
68810, 751
31848, 152
55589, 125
23501, 331
34760, 747
882, 660
78281, 668
78860, 501
54748, 768
25152, 558
61423, 376
42703, 280
65760, 447
70969, 849
79320, 473
79862, 354
71865, 468
55941, 371
35612, 480
24565, 60
58736, 959
30098, 272
7030, 717
67287, 718
12885, 636
32673, 157
53758, 805
23048, 586
44360, 720
1456, 152
70398, 711
26198, 980
69496, 888
71399, 162
44705, 447
48867, 261
17509, 277
58113, 359
58752, 700
56261, 627
70954, 122
12396, 53
77290, 186
41785, 337
58675, 43
60596, 699
14278, 482
34208, 154
79911, 675
14360, 110
10337, 668
24346, 635
29469, 969
25758, 284
18978, 76
68483, 903
47637, 209
70899, 154
59661, 926
33910, 620
12281, 269
44042, 952
6603, 739
20783, 272
8249, 323
28125, 918
46239, 955
55714, 41
26652, 764
37911, 659
59397, 718
74209, 480
69670, 564
1881, 162
41927, 624
79644, 988
210, 782
15980, 33
31292, 871
28163, 362
28510, 809
48521, 232
16099, 18
30631, 649
54460, 1000
70305, 958
16539, 279
45918, 912
33445, 937
22037, 614
7716, 480
69365, 613
53367, 694
71596, 84
50736, 693
50022, 55
24775, 119
49765, 740
24685, 191
70861, 23
39660, 604
77118, 84
53960, 541
79462, 256
11820, 950
4743, 819
35020, 73
10614, 321
52914, 576
71432, 877
64408, 495
38228, 536
59006, 177
37840, 258
1212, 885
28849, 906
32130, 616
30174, 994
5208, 459
77932, 580
49610, 22
2284, 99
1211, 559
22345, 476
24795, 707
235, 854
39671, 380
44769, 97
68615, 97
39882, 88
70281, 375
55521, 408
65782, 320
61322, 251
7202, 828
73482, 901
48166, 366
1561, 415
14407, 862
9852, 806
68216, 472
21451, 545
62330, 580
44927, 978
72725, 849
28739, 377
69913, 146
9002, 797
60779, 297
7927, 393
20279, 63
3369, 961
57801, 701
29282, 776
25310, 195
3263, 499
31966, 150
15673, 597
36003, 649
14497, 443
56818, 570
10557, 146
6368, 464
45506, 305
53759, 354
47264, 280
29607, 340
5574, 105
20068, 719
15077, 747
78713, 258
74032, 291
63638, 637
45993, 924
49851, 925
62051, 680
35019, 441
32810, 710
56122, 571
77348, 827
55013, 449
8151, 192
50949, 640
73770, 117
48914, 753
26359, 67
13589, 689
71737, 560
25686, 314
38092, 478
69509, 249
77882, 354
6111, 198
22341, 234
6827, 885
24555, 410
55787, 9
23884, 651
68763, 415
40511, 41
29571, 876
57453, 275
3687, 266
27499, 945
30596, 159
10960, 929
53397, 432
66158, 706
66817, 333
14105, 571
68070, 453
17421, 412
29499, 332
22077, 253
13476, 579
53964, 334
69243, 455
53461, 268
18602, 484
62676, 177
17879, 86
30438, 961
10382, 238
61061, 372
29978, 77
8843, 134
69486, 741
54417, 532
56854, 40
15440, 80
34695, 965
25768, 633
78386, 521
26367, 924
76628, 98
2886, 374
35072, 520
51259, 835
52165, 581
661, 542
39845, 395
59168, 207
68651, 765
33907, 21
37073, 869
32940, 473
20725, 578
52501, 171
73839, 638
33765, 663
39363, 30
56888, 458
25553, 538
4674, 542
56081, 248
77618, 988
73112, 648
10562, 558
4693, 611
57601, 127
51602, 61
28689, 911
57339, 1
16416, 812
72099, 629
38094, 544
49538, 174
38802, 979
1440, 118
8448, 893
66216, 156
32572, 686
30910, 846
50279, 532
29952, 688
47418, 300
67265, 896
68119, 578
22762, 439
44662, 404
55430, 359
69317, 144
12845, 981
38114, 417
58119, 868
42501, 814
53535, 15
1657, 441
2169, 581
31206, 619
52638, 71
8785, 234
22002, 606
48256, 249
38483, 381
18756, 198
64817, 401
65022, 391
52689, 853
58265, 330
21245, 479
17076, 238
67891, 315
10072, 914
33840, 337
64255, 125
73502, 873
59955, 478
3386, 378
20717, 325
27691, 68
51, 822
52504, 493
23088, 594
5681, 933
57083, 919
37680, 928
28790, 399
43953, 585
1950, 248
45350, 98
36505, 892
40596, 848
21876, 273
40477, 335
63769, 507
78033, 3
51693, 957
72583, 325
19081, 917
51364, 497
67947, 852
54133, 254
45229, 984
28469, 53
6894, 689
51238, 132
63746, 26
63323, 177
28239, 164
72086, 202
62487, 40
72104, 417
53372, 168
78600, 674
31054, 560
31068, 217
55100, 415
41134, 227
64665, 958
68293, 638
39081, 881
18495, 918
64837, 618
8614, 666
23665, 42
79139, 564
75488, 656
38851, 664
867, 732
32234, 446
44292, 236
61363, 881
42175, 79
79418, 809
41254, 864
11123, 939
39950, 487
76160, 195
34763, 678
40150, 196
2062, 819
58483, 114
56858, 342
36849, 805
3282, 461
19426, 557
30627, 729
56944, 847
38906, 529
43262, 666
50194, 239
25476, 898
32990, 818
12188, 307
48872, 704
51429, 459
20553, 193
69969, 794
56065, 229
66972, 206
66843, 387
78578, 32
23301, 192
66909, 43
5623, 137
22061, 841
24401, 381
16483, 852
21623, 60
21789, 40
15449, 981
49145, 937
28675, 544
29707, 309
78727, 417
33704, 125
44631, 733
45943, 823
13308, 774
55026, 95
35751, 206
24642, 532
78048, 765
3173, 929
59692, 24
59020, 293
38464, 253
26370, 102
54800, 753
72803, 857
12217, 63
22669, 575
15504, 62
11786, 909
24871, 499
59340, 172
12809, 587
40861, 496
14572, 603
37085, 304
34152, 114
8426, 737
2772, 503
42966, 406
38171, 560
66223, 580
62933, 748
48622, 112
43636, 436
31713, 172
54544, 775
59726, 387
63280, 36
76001, 36
43339, 147
865, 661
48442, 212
31566, 661
43941, 299
58277, 207
9268, 866
61999, 33
29226, 556
73216, 27
11872, 379
11064, 920
68646, 67
56119, 988
63874, 310
3343, 519
73989, 896
64435, 117
57873, 836
60122, 580
79577, 215
14855, 555
17282, 407
79593, 904
61798, 381
59370, 73
7487, 832
77598, 332
15129, 472
77084, 146
47302, 459
69160, 779
12702, 35
24542, 808
66550, 104
17913, 13
26758, 807
25366, 327
18729, 526
34323, 998
76020, 872
27563, 923
7969, 178
50561, 936
21961, 267
74672, 619
42594, 39
49217, 367
41301, 923
19121, 219
56033, 690
49729, 155
73680, 814
3291, 540
2801, 796
44098, 911
73095, 664
71512, 420
72496, 135
54212, 50
70216, 71
10124, 4
69602, 293
34576, 751
79823, 109
50989, 980
12627, 377
5976, 182
77862, 407
28459, 487
3127, 107
21280, 546
27994, 272
74833, 724
49541, 312
38715, 318
7426, 872
4475, 669
40709, 415
72726, 564
18947, 441
58792, 580
67180, 624
44244, 599
33846, 129
32377, 255
9744, 27
40448, 833
44443, 975
42597, 875
75263, 837
63473, 362
38942, 177
33075, 270
21522, 472
33998, 333
47346, 144
21524, 568
18155, 983
77211, 550
73444, 664
26573, 919
22411, 363
74371, 398
55457, 580
63407, 203
77122, 645
30893, 248
9094, 318
29705, 947
40427, 666
50413, 878
51658, 714
27263, 804
19958, 332
68986, 13
60962, 721
66263, 269
45920, 44
31211, 346
62366, 787
66470, 790
13456, 378
24377, 798
22265, 592
63416, 518
5686, 45
32371, 829
20882, 947
18790, 595
74907, 828
60677, 995
38853, 334
14662, 797
8443, 160
50839, 927
47531, 859
30221, 976
20797, 729
68516, 663
8892, 771
10597, 998
49984, 661
21803, 881
11404, 93
79473, 540
29698, 462
5233, 314
42610, 280
5913, 890
62930, 109
47051, 521
40453, 605
71325, 567
34147, 481
29616, 173
74574, 45
50404, 1000
33280, 913
39498, 193
39814, 890
52919, 396
9761, 360
13316, 475
20134, 107
77341, 559
55018, 954
29726, 367
67737, 57
34944, 756
8647, 657
62707, 259
64816, 530
45262, 781
40963, 122
47839, 119
27015, 707
57266, 71
50850, 937
48921, 444
29458, 229
28802, 631
21701, 661
61833, 551
16855, 501
53193, 178
79941, 348
29677, 860
25134, 940
72174, 173
66401, 617
18064, 983
60654, 379
33311, 142
70019, 981
4972, 383
72449, 811
44019, 795
61937, 841
39326, 403
337, 631
57446, 570
14420, 7
24872, 757
61059, 93
36924, 783
70722, 621
26277, 743
72680, 768
75916, 726
74970, 694
17237, 102
55432, 595
30983, 211
56832, 722
79409, 286
61446, 579
46727, 498
11322, 400
26661, 454
56644, 601
16700, 971
1772, 817
25751, 461
55877, 647
60465, 583
74775, 101
69252, 727
22755, 995
4209, 90
78968, 299
49528, 316
23427, 332
58001, 814
5192, 573
6032, 426
27953, 888
57479, 376
49624, 904
41536, 550
2903, 529
61190, 935
72254, 356
37005, 10
43630, 922
78682, 560
39129, 165
78185, 499
73943, 769
33898, 912
8152, 68
75756, 844
70603, 822
35198, 791
72006, 19
51236, 495
44110, 227
42479, 567
30971, 617
50486, 738
50448, 141
43409, 714
53971, 392
72707, 572
11959, 8
49981, 660
74575, 425
27438, 33
44884, 271
9686, 199
51395, 770
33529, 527
37973, 539
1370, 969
47075, 89
50555, 444
70557, 630
64144, 810
11351, 773
4469, 83
19298, 303
24430, 177
8257, 799
11874, 202
79976, 528
47495, 979
18349, 114
64407, 133
628, 215
3801, 51
45241, 171
32956, 674
1036, 136
78216, 195
62656, 561
51094, 761
77905, 539
35679, 447
20719, 853
38079, 896
36577, 535
55459, 94
4268, 666
16976, 257
14498, 911
25129, 408
43154, 14
79183, 907
50296, 68
70088, 565
21692, 914
6832, 856
2855, 446
37077, 890
77532, 254
36200, 726
28051, 843
22412, 350
46059, 840
54628, 550
46289, 477
28738, 35
55124, 152
49393, 814
69378, 794
18935, 213
32619, 629
15779, 660
59855, 103
4022, 293
77616, 626
51611, 825
72133, 634
19117, 585
7064, 152
2395, 773
26223, 321
42143, 468
77709, 526
25138, 188
10891, 784
23280, 905
60358, 598
40703, 494
1109, 556
79402, 483
75722, 577
28370, 104
21893, 85
31160, 661
59649, 843
17327, 576
72995, 970
41110, 358
51118, 433
20489, 726
25375, 389
48399, 450
58461, 268
4473, 641
23559, 177
58355, 156
66433, 59
56382, 919
63614, 455
18578, 927
59563, 169
65552, 966
43134, 480
51525, 140
32955, 236
60566, 898
33651, 251
188, 847
17750, 424
19868, 596
35564, 759
27472, 967
42629, 191
75840, 582
50776, 976
61523, 671
70553, 827
3267, 962
42991, 950
10547, 492
70331, 367
5132, 1000
5476, 601
79304, 792
41936, 531
45280, 262
61741, 333
42224, 360
76825, 888
55752, 300
28554, 347
52677, 851
24086, 242
72587, 385
50620, 927
17882, 54
19017, 772
59864, 343
54435, 614
71025, 882
26581, 368
71341, 678
45286, 9
51804, 188
5196, 206
44140, 159
8404, 429
48007, 815
46110, 669
26996, 52
6421, 709
64515, 425
14802, 588
57212, 985
48147, 35
43896, 67
3162, 319
4835, 471
25505, 646
51138, 277
19059, 654
16004, 114
49470, 794
71422, 762
29140, 540
39606, 234
77493, 231
2879, 881
66752, 976
69781, 915
67775, 211
28468, 442
61274, 789
41502, 118
31862, 562
11631, 571
4721, 537
16358, 389
61204, 293
18745, 734
74106, 831
56626, 380
721, 364
56924, 308
48562, 943
62257, 316
30015, 500
30531, 843
18205, 444
52587, 872
17503, 16
38198, 645
19184, 853
21885, 263
75737, 475
13696, 805
22028, 348
67358, 373
76409, 532
30929, 927
29275, 438
49685, 494
46787, 311
60106, 432
16465, 891
15460, 483
2582, 970
68619, 641
79499, 318
2591, 54
4082, 612
11826, 809
36315, 155
66985, 397
78326, 70
71807, 808
39234, 765
24448, 390
30198, 462
19708, 360
10105, 507
55222, 193
65739, 178
3320, 779
12653, 729
56942, 468
27780, 533
54031, 328
28760, 66
32889, 786
14363, 527
6011, 541
43369, 25
44387, 253
73045, 323
20587, 492
28326, 262
58491, 193
28950, 347
41174, 764
45270, 637
69346, 490
68294, 300
34950, 624
57517, 335
13664, 151
77701, 544
16527, 488
50872, 130
13132, 889
43004, 590
21523, 864
26535, 815
29310, 84
14323, 631
62316, 566
40352, 536
76205, 677
9861, 980
70990, 889
28348, 945
47687, 378
67320, 951
15761, 445
62864, 560
63929, 385
524, 641
18338, 940
2911, 868
54029, 597
1375, 846
1517, 615
41984, 121
73864, 788
32747, 261
3606, 442
49850, 707
15085, 875
22329, 328
9557, 429
74572, 663
29347, 781
79913, 951
13773, 539
57509, 729
48594, 320
74765, 439
18837, 262
18036, 746
62624, 392
46200, 553
41759, 249
66647, 612
51832, 711
39377, 363
30026, 137
36494, 342
39223, 843
68612, 64
20809, 564
70235, 995
63309, 427
1732, 441
22833, 238
70378, 883
33444, 593
66246, 68
63698, 792
44196, 191
10600, 927
17107, 472
63879, 875
33100, 140
6583, 266
57063, 808
68376, 515
58828, 255
55651, 863
48285, 229
22613, 171
29342, 844
24117, 343
24050, 658
37877, 645
2206, 76
13704, 204
54890, 625
39653, 280
43651, 482
9790, 866
23353, 322
49133, 626
27157, 838
42948, 339
44411, 413
52087, 989
21774, 248
20715, 45
51413, 694
59063, 879
39666, 357
37013, 585
19546, 382
79632, 846
13884, 883
41786, 95
42725, 622
23462, 654
13828, 514
24395, 530
53506, 663
66063, 698
77968, 532
38533, 343
902, 631
21769, 517
3977, 199
46516, 200
74913, 366
18160, 316
45791, 247
11238, 716
15625, 545
68188, 329
33300, 445
46909, 586
4870, 334
20101, 321
19983, 826
57469, 307
35656, 572
20363, 851
59591, 884
2735, 255
26453, 235
33955, 470
32168, 960
72980, 308
60992, 253
48224, 27
21057, 478
38437, 66
1785, 495
52419, 351
70986, 789
49735, 697
57041, 208
49382, 779
70207, 953
6790, 963
46671, 838
78358, 791
52519, 976
21604, 679
34461, 855
11580, 346
63352, 505
48426, 398
60041, 345
54736, 5
60485, 701
25252, 91
49852, 801
22773, 857
1118, 303
5668, 527
26937, 770
67423, 715
61960, 920
63955, 171
850, 760
9008, 179
14122, 761
53378, 602
2084, 248
2819, 686
11683, 548
61972, 469
18607, 854
24951, 20
66690, 956
49680, 876
8200, 531
38178, 92
62842, 431
53902, 64
41159, 508
10840, 560
3018, 765
7737, 72
13735, 883
49333, 175
69145, 916
19348, 607
17790, 413
14791, 252
34303, 527
193, 850
57411, 288
49769, 383
7077, 531
62553, 35
57329, 863
26084, 62
46987, 829
41516, 924
51455, 274
31660, 890
64458, 16
52255, 541
58609, 694
45230, 835
6580, 676
51854, 456
27933, 30
24191, 178
22953, 916
35616, 940
45652, 694
17470, 321
22406, 409
32912, 92
4660, 683
40592, 543
37887, 316
35044, 83
41805, 371
9250, 71
35466, 315
15920, 65
78472, 128
23452, 857
19628, 105
77754, 214
5425, 748
61756, 164
16127, 262
28211, 210
22930, 694
57390, 195
66085, 887
79472, 21
73474, 262
60685, 488
63223, 169
27006, 400
73677, 956
15857, 849
41286, 216
35886, 658
48031, 798
48883, 191
49350, 944
35304, 860
37612, 310
62089, 656
74570, 705
49413, 305
54712, 567
38338, 81
45870, 340
526, 729
41071, 454
53733, 353
32697, 640
62088, 102
6300, 736
49660, 381
34213, 756
68737, 295
43355, 251
19247, 204
60143, 803
57805, 574
50846, 282
63774, 987
53514, 662
36934, 61
13497, 752
17648, 6
78007, 72
50291, 863
16330, 134
75451, 670
37658, 252
79124, 639
7722, 99
64793, 375
10784, 362
27517, 814
36294, 560
26342, 259
47783, 326
62629, 463
36401, 729
51624, 930
45058, 408
12877, 59
74245, 606
21276, 84
33843, 651
20404, 136
33265, 399
53815, 829
15584, 480
35301, 618
26554, 943
31172, 543
44533, 703
73086, 656
44180, 900
63069, 865
57240, 29
1936, 690
28579, 421
29384, 997
55948, 602
63152, 348
71903, 477
39482, 663
33887, 849
44486, 908
22761, 105
48279, 53
72256, 174
8999, 74
32897, 716
43587, 485
76304, 433
33165, 999
18252, 808
49664, 850
72922, 871
12092, 878
8096, 743
424, 81
19835, 57
16411, 863
9080, 566
38128, 574
60269, 750
26330, 318
71486, 444
1645, 5
4251, 320
67701, 827
67974, 837
58877, 615
69379, 105
33995, 92
1945, 372
56244, 851
3930, 942
40563, 175
76129, 891
18058, 853
5747, 635
52684, 556
26048, 739
28744, 490
12038, 690
14944, 384
57688, 719
21904, 990
16913, 721
51884, 55
21039, 864
18636, 553
31284, 685
14928, 509
27251, 672
22092, 442
24198, 581
63570, 573
64641, 727
1994, 789
10444, 192
17184, 455
24467, 224
60893, 912
12697, 729
68363, 307
51046, 340
42995, 50
75914, 165
46403, 226
15770, 267
14084, 517
47298, 43
26023, 966
8963, 160
66879, 520
16015, 695
62581, 645
3658, 915
7772, 493
37374, 621
51546, 63
41412, 699
13214, 673
6473, 261
28666, 577
39170, 977
64372, 242
5729, 148
69130, 602
51250, 920
19587, 740
35887, 902
54004, 45
20132, 359
44271, 9
37100, 611
23953, 141
29235, 438
13790, 743
27855, 527
34729, 694
77698, 519
63718, 381
47709, 644
23382, 342
79095, 165
29955, 725
55534, 181
7499, 24
66666, 370
1061, 88
73503, 370
500, 482
32656, 220
79218, 972
55644, 697
41009, 314
36101, 330
53079, 280
20709, 194
9522, 240
47148, 696
51502, 900
68667, 925
31719, 355
8309, 683
21656, 974
44226, 475
57310, 342
17425, 288
37176, 983
24048, 574
37696, 236
31574, 125
66939, 189
77498, 267
33249, 320
57756, 242
18295, 829
57624, 367
49337, 530
6226, 257
2662, 708
48124, 352
63502, 283
54291, 965
2639, 28
37873, 855
22438, 785
79945, 313
38100, 330
2520, 166
23634, 716
29924, 90
640, 675
14707, 218
13685, 899
21395, 363
79, 340
18341, 633
8165, 104
50067, 810
44632, 664
38150, 14
65916, 796
48207, 498
78811, 216
58804, 653
64239, 453
2546, 911
25384, 660
61491, 217
28635, 451
54955, 944
6846, 962
60655, 127
37098, 92
18148, 235
40201, 788
13135, 609
55190, 547
16691, 902
55927, 845
24017, 302
31307, 380
58911, 905
31367, 315
33378, 755
62585, 215
4689, 438
19979, 853
8745, 301
27849, 486
22707, 15
32328, 785
25340, 627
39216, 545
40671, 184
15865, 152
29316, 861
5166, 687
35440, 49
68712, 886
33699, 706
8289, 308
69315, 935
49052, 727
42357, 43
75387, 663
56252, 695
56150, 36
77782, 584
52505, 184
63663, 272
68946, 748
34733, 13
74545, 36
805, 770
53390, 642
9868, 249
66776, 866
9672, 408
27729, 461
45805, 815
13560, 198
20630, 423
54502, 388
79075, 878
7053, 740
25373, 720
68345, 156
34692, 595
4085, 621
71632, 510
66654, 749
52922, 26
65109, 971
73741, 194
23868, 555
58063, 890
78770, 932
20403, 40
54403, 869
18112, 618
9817, 563
63484, 530
38954, 965
42454, 297
38662, 83
30047, 349
17871, 316
8119, 904
77269, 435
329, 703
70654, 587
71845, 92
75001, 345
13190, 644
49322, 150
43837, 510
74749, 864
668, 781
76148, 860
40426, 410
42998, 247
31243, 34
3184, 63
48496, 122
75457, 1
54789, 620
50445, 207
35909, 39
75438, 696
71660, 1
13727, 748
35543, 93
51454, 578
28787, 183
14874, 568
3907, 529
52589, 839
67837, 135
42865, 838
3085, 398
45986, 796
5450, 419
25209, 594
15974, 227
61997, 213
5147, 321
77894, 794
29583, 484
2497, 687
38434, 972
75536, 100
32698, 239
1162, 211
46098, 868
33383, 15
199, 209
15521, 788
30757, 772
24579, 180
42648, 451
75267, 410
67442, 136
28592, 182
33437, 80
32712, 878
37575, 199
144, 897
57359, 938
78316, 276
58990, 656
13876, 548
1866, 427
6360, 312
5194, 850
47090, 583
30401, 367
53521, 953
11077, 398
79513, 141
2822, 510
56474, 533
24275, 359
5228, 659
8987, 397
10431, 551
55545, 816
11113, 100
79865, 931
69014, 733
16864, 410
36335, 649
34432, 523
5751, 447
33528, 302
32085, 314
47201, 661
59177, 665
26804, 212
74605, 231
13585, 392
36386, 27
58413, 264
26010, 360
34877, 905
7825, 167
65027, 690
79682, 859
78620, 306
75616, 367
13100, 647
2419, 860
28053, 306
52291, 692
32146, 409
75747, 316
33783, 783
72336, 958
35860, 988
36178, 915
11260, 732
35550, 740
19551, 960
65582, 786
1127, 710
4694, 307
33981, 656
49375, 330
5344, 928
39107, 372
67870, 52
4243, 530
36886, 615
40515, 580
30267, 84
25077, 27
51349, 18
6456, 39
32139, 358
45133, 407
1942, 217
38539, 180
50730, 872
19750, 450
59805, 76
37295, 265
9200, 787
43453, 532
64451, 940
42807, 780
56472, 318
46551, 103
36081, 14
26437, 524
46175, 774
49154, 710
67054, 372
69632, 410
62981, 180
53210, 521
56910, 194
67467, 984
60478, 688
48928, 16
65966, 441
75082, 877
9662, 804
59198, 142
50674, 910
68967, 360
25093, 146
2186, 211
39764, 123
64466, 979
63342, 706
56153, 728
6795, 240
31309, 119
29888, 822
38028, 970
45001, 261
51125, 756
24420, 39
8256, 206
50764, 455
17874, 31
78572, 877
55332, 213
45758, 194
77952, 300
36238, 630
65758, 16
34020, 518
32028, 770
2933, 74
52704, 593
38939, 824
53353, 187
24020, 468
40192, 402
63568, 998
54995, 384
63135, 337
64559, 465
16195, 162
26973, 266
58352, 553
2789, 137
69061, 497
5756, 668
69826, 38
67669, 31
48302, 255
65175, 749
23486, 156
53957, 76
66124, 421
52492, 762
36214, 15
38018, 623
79696, 32
56871, 443
14472, 585
63021, 786
45118, 441
17234, 232
79645, 306
64560, 630
14024, 621
61224, 763
64039, 96
22319, 546
15153, 919
61137, 589
17816, 348
24264, 35
37249, 852
54729, 470
55753, 908
62730, 908
63722, 760
22961, 290
67601, 364
79569, 327
73618, 75
65854, 73
18969, 29
43829, 609
76471, 347
16603, 236
55230, 808
74937, 409
29837, 66
68266, 166
79918, 926
76950, 107
2717, 781
55514, 953
69437, 409
67787, 708
31569, 485
36770, 451
46777, 67
71449, 685
8556, 320
60071, 275
53716, 529
76396, 530
18899, 823
4551, 877
76821, 299
41308, 898
77790, 692
20235, 184
8594, 186
3842, 405
48019, 460
6634, 374
43450, 787
8694, 598
7138, 830
66215, 469
62065, 600
19300, 783
55620, 852
36098, 246
67723, 831
61070, 629
36001, 310
21073, 743
36210, 603
37848, 879
28128, 506
63199, 490
56387, 791
5305, 503
41531, 806
20978, 232
16114, 690
56748, 289
79085, 559
49823, 692
53974, 556
74611, 277
25494, 968
49710, 835
53883, 560
18087, 554
19626, 792
28112, 276
23944, 123
63571, 146
8366, 5
25986, 293
15184, 137
46053, 423
66412, 326
46949, 584
74430, 308
8009, 573
22342, 75
30379, 436
79122, 39
40322, 869
60241, 94
51443, 301
59123, 508
20188, 790
36236, 781
73376, 274
23351, 43
67273, 803
65353, 187
2414, 248
72456, 70
3791, 55
54699, 479
48817, 689
39644, 469
71627, 736
36307, 38
23156, 471
22204, 30
20009, 935
1886, 494
47101, 33
57640, 98
78406, 217
14580, 542
45171, 208
1736, 133
31944, 734
15032, 78
65402, 420
39589, 538
63240, 674
57167, 305
22899, 434
52630, 964
53564, 111
75333, 77
25030, 504
4252, 733
46433, 90
19771, 420
40133, 64
1183, 62
51187, 80
30811, 130
76146, 278
10024, 830
61424, 653
7095, 77
24102, 363
46630, 329
53141, 8
72225, 396
77373, 304
53563, 620
25332, 730
75390, 666
75473, 67
53413, 646
4380, 749
19630, 597
1210, 575
16484, 111
65953, 965
63218, 778
65476, 356
25118, 522
56754, 201
15854, 333
10910, 46
66906, 359
79881, 320
21565, 879
76691, 519
51283, 990
8668, 39
15394, 42
69383, 891
57029, 489
37634, 476
52876, 105
16498, 955
14927, 873
36030, 195
51468, 92
35117, 476
18083, 241
78179, 791
10406, 714
53525, 28
18052, 279
16191, 355
66619, 126
28303, 332
39104, 175
557, 354
78530, 327
6346, 133
42097, 792
20995, 569
78021, 874
69369, 519
16944, 665
48491, 661
53388, 504
64344, 174
11413, 200
23473, 194
44188, 85
10418, 309
10228, 697
50005, 53
71622, 966
12456, 698
69175, 814
16636, 220
43697, 648
65439, 209
3126, 169
48326, 908
41660, 83
24495, 556
64460, 234
11500, 604
70952, 439
37028, 883
22949, 872
37685, 721
50951, 824
45923, 544
37687, 737
60247, 96
48930, 36
5555, 623
71159, 585
11999, 223
66709, 148
57160, 456
31987, 280
73401, 911
22945, 405
79512, 868
44503, 691
32495, 973
75255, 615
15710, 641
64290, 133
53587, 119
70640, 407
56970, 922
22198, 333
73905, 530
2956, 552
33347, 565
10574, 747
39312, 176
75554, 995
17681, 441
6698, 212
15638, 93
32489, 46
26463, 229
73772, 824
27348, 708
11513, 435
46621, 21
15325, 251
2643, 855
35932, 984
14690, 708
48627, 644
71848, 393
25959, 100
1472, 925
23906, 583
33621, 760
73411, 390
18879, 280
62301, 848
58004, 235
71994, 461
37475, 582
50153, 538
19841, 373
55267, 7
40957, 566
60981, 411
71913, 4
28768, 797
69277, 980
55640, 671
46652, 764
53781, 360
17106, 485
40374, 881
31520, 225
26945, 108
3250, 197
30046, 728
65181, 79
6715, 620
27221, 666
39182, 535
62238, 627
75957, 17
25787, 596
70232, 679
10583, 679
75882, 948
71943, 711
9477, 799
78765, 547
9943, 117
10377, 390
54871, 577
45873, 565
22536, 930
65066, 783
31106, 854
38370, 716
30365, 63
74349, 287
9285, 181
73379, 437
3170, 773
6754, 997
45353, 502
62431, 990
18437, 636
42484, 861
54258, 213
79230, 158
46225, 194
40252, 986
45089, 700
5840, 25
70342, 13
19155, 549
44014, 746
61373, 200
8641, 120
21185, 210
65991, 334
28940, 343
4364, 434
53407, 626
31748, 379
54511, 971
19722, 438
67067, 37
26643, 471
51445, 921
20028, 762
6753, 380
75900, 551
28662, 84
13771, 145
52548, 105
54646, 848
32621, 236
73292, 344
43146, 803
33386, 369
43400, 560
67325, 281
484, 182
45953, 980
38926, 250
63079, 165
40270, 682
674, 688
45081, 207
13401, 588
14100, 449
68339, 425
37513, 749
71337, 477
57249, 535
19359, 70
7815, 659
38058, 32
36683, 806
10266, 282
13111, 393
24810, 608
70318, 567
363, 45
26757, 89
17729, 450
29792, 811
19859, 374
51820, 983
30791, 513
74170, 780
33522, 49
6651, 427
70453, 43
59778, 693
62195, 511
17289, 865
52727, 827
32994, 708
38262, 871
29374, 114
27489, 353
7267, 752
74641, 545
11548, 731
23747, 798
72383, 178
65076, 708
74321, 645
48868, 800
16373, 485
26276, 547
26167, 688
51031, 798
32579, 174
78248, 864
32872, 308
5890, 571
14658, 762
64125, 367
69900, 143
21440, 698
24526, 102
42651, 779
19584, 172
26456, 19
817, 610
42314, 734
59963, 473
38737, 300
56096, 836
50416, 59
74255, 10
59441, 121
9001, 303
11714, 732
79755, 566
72635, 429
15531, 112
46996, 15
78166, 941
1051, 470
19244, 597
19889, 616
14519, 728
2961, 274
33193, 820
20829, 868
41010, 330
40250, 181
35664, 740
43308, 882
69498, 414
18846, 674
66115, 364
66566, 216
12243, 146
57913, 601
4337, 416
63138, 383
72143, 788
47667, 907
6654, 560
9138, 217
19111, 930
40961, 123
29369, 4
7374, 117
3379, 162
77985, 150
16924, 180
51350, 647
68903, 239
961, 624
52332, 321
20724, 876
27949, 275
26281, 730
39702, 141
75923, 855
28408, 690
67362, 396
3348, 912
35899, 802
51091, 859
61653, 227
43206, 923
69092, 539
43983, 381
40093, 822
67693, 984
47581, 24
6281, 356
9446, 445
61625, 135
79540, 235
21467, 170
16299, 296
42184, 86
71773, 336
22935, 738
58991, 491
3811, 247
65743, 717
57870, 437
21121, 957
71882, 753
10817, 539
56298, 402
60227, 73
5252, 272
37110, 80
6441, 864
2389, 647
26742, 896
68662, 308
21174, 852
72955, 627
52533, 623
59220, 5
49087, 906
24617, 569
6586, 842
10376, 991
18092, 39
26620, 992
75534, 368
63916, 204
23788, 180
40621, 99
64446, 967
15347, 587
583, 352
742, 459
24165, 467
5572, 743
37851, 170
66057, 807
41488, 853
23004, 854
34658, 550
8242, 756
1555, 635
22449, 672
6054, 326
6834, 12
56479, 643
32135, 147
3889, 869
9842, 624
59024, 398
52917, 392
27516, 695
1653, 576
7327, 174
18526, 178
65973, 329
42204, 47
44898, 822
52147, 350
5210, 405
17932, 699
18780, 451
46035, 162
13595, 637
10422, 77
46165, 489
29253, 906
32132, 14
30849, 837
72269, 765
66834, 631
79685, 202
17976, 179
60724, 200
3231, 746
33853, 498
36022, 421
32262, 553
56531, 361
45019, 492
16679, 246
57296, 405
41564, 345
70766, 192
45523, 223
1827, 555
26268, 844
65258, 763
23677, 184
16752, 819
9290, 622
71239, 236
7105, 580
46471, 3
78813, 858
1374, 593
59507, 586
27235, 981
31380, 116
27460, 16
44045, 614
6164, 493
10102, 246
17332, 950
41842, 232
67223, 435
63129, 560
48724, 738
23824, 180
5669, 150
17057, 29
53381, 614
76792, 474
36017, 355
13430, 446
71146, 785
69776, 5
62575, 949
26103, 215
33564, 982
44711, 662
29103, 971
79187, 109
30943, 62
77296, 343
33946, 211
61814, 562
66757, 1
7324, 236
48454, 697
74870, 417
79045, 698
33391, 824
12813, 964
65912, 107
34423, 15
72850, 340
50177, 565
68733, 562
78919, 409
70920, 713
79680, 882
12116, 323
60716, 698
74096, 301
79119, 454
27414, 263
54546, 859
34046, 267
25005, 977
35733, 616
54327, 201
30462, 751
66153, 175
40836, 361
70854, 159
56309, 232
54922, 849
346, 463
57615, 542
48516, 762
34716, 823
46763, 50
1366, 254
37139, 470
42413, 756
61538, 922
74334, 607
3644, 355
43463, 631
29079, 135
22672, 284
10482, 290
27096, 788
37259, 445
4137, 314
57540, 203
76509, 194
12591, 710
69432, 216
11387, 998
25003, 915
41145, 196
1271, 477
19563, 207
55263, 824
12319, 590
61992, 595
70837, 78
72261, 550
52835, 519
46139, 939
32429, 116
43981, 892
27481, 923
9978, 619
17324, 999
79495, 842
17447, 755
14188, 627
47996, 199
37498, 169
43726, 593
70636, 405
31222, 95
31376, 626
22893, 901
70485, 137
47527, 668
51225, 355
79841, 687
68734, 128
51065, 770
13060, 428
61308, 878
46260, 232
17907, 531
58013, 596
40738, 208
60709, 586
61964, 91
5158, 133
59557, 779
40495, 755
47678, 56
75115, 667
4363, 667
39761, 932
19604, 907
20175, 583
3773, 911
62048, 491
64503, 217
1689, 739
9453, 912
46663, 223
2923, 366
32647, 12
75134, 757
12119, 149
55334, 134
27713, 476
33435, 763
33064, 869
12199, 805
44393, 104
44264, 878
27621, 406
12944, 972
26778, 194
57919, 292
13755, 349
68731, 861
13449, 279
66798, 327
8019, 923
3015, 765
6860, 728
62162, 787
2792, 539
18418, 339
2675, 996
7677, 787
38383, 719
58217, 33
54976, 184
78789, 268
58750, 663
47029, 514
69184, 221
79507, 642
40537, 171
66812, 587
72619, 118
39222, 437
6596, 385
20467, 905
61064, 125
12068, 509
2529, 100
22385, 525
71726, 608
25605, 586
873, 782
55355, 90
39676, 590
17377, 339
74540, 419
13371, 965
65816, 617
62812, 247
55834, 260
69215, 555
47893, 488
27239, 80
75291, 672
38007, 15
73063, 641
62733, 503
4615, 649
8691, 536
70269, 651
70701, 958
77700, 867
30023, 223
71589, 865
32803, 612
62869, 571
7742, 783
42654, 389
52786, 851
47949, 197
14505, 405
51579, 320
26840, 292
13389, 779
20942, 70
60945, 319
25904, 233
50848, 590
857, 331
66333, 695
71177, 945
1265, 589
71364, 928
47251, 387
9991, 785
42573, 813
47292, 752
58298, 205
57352, 654
12967, 254
68999, 543
59601, 148
36897, 460
63359, 1000
55649, 462
37485, 590
36176, 913
61739, 584
62646, 740
1644, 124
54608, 814
70609, 949
30743, 101
17600, 368
5987, 16
31868, 914
74042, 263
119, 849
40646, 48
34589, 827
682, 820
18757, 347
66265, 177
54066, 552
13071, 210
16502, 412
8754, 196
31362, 650
63797, 842
4127, 58
73966, 423
68071, 818
69808, 558
76465, 423
12708, 412
15575, 380
33620, 262
48, 658
37858, 367
46698, 731
64024, 453
65104, 273
79871, 606
63792, 177
27829, 58
48039, 281
11504, 560
52579, 497
12759, 189
68240, 216
73734, 62
57440, 416
62158, 864
42245, 714
1544, 968
22491, 794
10486, 5
18577, 141
5116, 434
67894, 60
61476, 102
33137, 403
59493, 445
72366, 620
11035, 656
32166, 842
52834, 432
11007, 187
71064, 535
15878, 252
31942, 936
16156, 581
18170, 450
32419, 375
4982, 468
23267, 285
73374, 732
58544, 405
48120, 656
43315, 514
18280, 277
16345, 378
56498, 176
63277, 164
4280, 117
1867, 960
29314, 740
55511, 755
66742, 32
27740, 870
21403, 391
37866, 761
36881, 892
54238, 405
48321, 285
34799, 619
48797, 824
75462, 156
60163, 379
19245, 439
952, 206
48188, 784
58052, 507
27476, 384
72563, 169
26682, 892
23733, 470
27105, 774
78881, 589
6588, 316
19251, 702
55835, 689
43155, 806
61296, 418
7300, 531
53363, 507
24899, 511
72780, 538
62545, 586
14442, 285
22740, 124
23903, 486
74450, 50
49034, 512
32546, 257
57175, 578
65267, 706
65644, 39
59756, 897
22836, 45
1832, 470
54316, 463
25910, 946
19776, 216
71091, 903
71172, 862
10053, 104
34168, 935
38209, 245
49691, 723
47925, 315
71213, 878
30035, 293
68026, 216
2296, 433
34983, 810
14703, 625
11340, 458
5495, 191
10057, 659
52803, 56
15796, 711
59653, 23
12961, 537
63867, 431
9145, 709
67752, 258
57837, 401
77634, 604
74453, 781
11261, 92
49753, 573
19908, 957
14265, 956
36888, 378
56880, 274
21156, 140
1049, 940
63230, 923
9660, 12
53383, 196
13428, 312
75206, 814
46437, 503
77430, 689
20742, 970
13064, 932
31447, 210
13732, 727
66441, 868
23773, 320
13477, 557
17114, 369
2228, 826
4141, 793
1862, 488
33263, 848
12852, 320
57931, 966
72370, 431
37684, 868
14768, 216
15089, 740
66088, 931
50542, 652
34028, 658
12061, 935
25157, 966
48042, 638
76954, 280
44806, 876
59062, 19
30848, 820
24748, 771
27819, 57
56188, 575
47741, 82
25576, 555
75089, 661
25459, 140
63898, 933
67835, 160
24607, 538
42355, 489
30890, 409
75857, 101
40521, 609
35729, 194
79878, 447
33325, 625
33447, 403
10471, 194
79279, 258
55260, 662
12659, 20
22152, 231
44304, 405
73584, 681
56036, 469
769, 58
79169, 9
18266, 962
62205, 863
46323, 507
16357, 380
56672, 222
48826, 916
3534, 553
16109, 597
31413, 789
2197, 889
47432, 38
23746, 105
47, 603
54725, 706
70069, 528
6897, 255
25506, 278
21806, 560
5939, 904
30948, 143
55693, 271
16444, 136
71038, 764
23490, 996
49885, 696
6559, 495
68998, 507
10003, 891
16656, 707
77476, 641
51953, 610
57967, 537
118, 59
57992, 99
29404, 418
73583, 969
74693, 572
64021, 327
72097, 393
77379, 549
47056, 429
57250, 998
73717, 471
61244, 470
29362, 563
21011, 225
18632, 448
70234, 919
9804, 771
43069, 318
49535, 517
75797, 943
44450, 214
61486, 418
66400, 506
13843, 231
64765, 48
9643, 103
63977, 385
15122, 85
25165, 260
17278, 801
70819, 698
77083, 961
44066, 593
16263, 714
47437, 880
3463, 243
76289, 829
36717, 184
5880, 72
56980, 661
48850, 233
34477, 691
11485, 188
34417, 17
72660, 454
79107, 451
79331, 839
61724, 341
42666, 937
28102, 671
24741, 328
47046, 621
53238, 516
7361, 780
68600, 276
61020, 785
42591, 918
59395, 371
35522, 415
59127, 999
60318, 705
49, 572
17938, 897
76223, 423
63229, 316
8624, 682
46723, 614
65288, 629
58607, 105
23761, 390
16270, 122
50571, 113
73604, 636
27175, 846
19980, 65
52720, 39
6114, 323
28026, 485
28431, 579
68991, 132
35891, 134
7486, 49
41713, 284
32061, 47
65243, 77
63682, 234
53405, 219
62694, 404
33979, 771
42110, 732
25551, 329
13646, 730
73804, 240
3728, 799
75772, 328
50463, 263
61468, 399
27305, 97
52757, 264
3906, 645
36908, 825
57910, 68
72939, 36
63, 222
24363, 281
19101, 924
26596, 104
72641, 654
69206, 527
72237, 705
71745, 776
75306, 831
20006, 665
36915, 471
60832, 990
65336, 862
51505, 106
2706, 542
12247, 769
39543, 34
78076, 956
57658, 206
71820, 193
5481, 417
77051, 115
57672, 600
57038, 407
4143, 958
77883, 274
17596, 696
52439, 396
72452, 842
50832, 513
39465, 86
37264, 392
65490, 297
4837, 547
63471, 768
26528, 758
49246, 278
62653, 261
73965, 178
60966, 87
21259, 172
51278, 300
73916, 331
77256, 909
75064, 528
26579, 919
71762, 946
23820, 851
12791, 288
49208, 86
37095, 930
43639, 786
33360, 495
27266, 473
12982, 50
71124, 775
60839, 235
57820, 788
46269, 533
5873, 431
79765, 73
49937, 271
611, 326
73865, 523
63710, 517
71546, 18
77891, 335
13300, 338
4056, 629
76900, 561
15205, 514
62181, 461
7630, 558
23755, 490
39018, 142
43136, 219
76166, 815
25560, 931
62157, 699
28465, 943
39899, 706
6004, 720
79898, 416
76018, 748
57622, 695
16088, 505
15233, 233
56776, 890
31717, 700
68351, 788
9919, 311
20192, 717
52285, 752
51442, 39
64534, 416
78673, 523
53467, 258
79315, 959
30309, 433
63801, 77
27193, 457
46785, 35
34915, 273
62486, 73
52046, 55
13381, 950
3615, 60
45690, 697
54408, 783
38388, 869
13140, 275
76199, 17
62675, 764
18452, 619
49390, 825
5573, 110
32367, 580
25949, 769
14586, 982
23402, 703
48297, 148
42408, 61
6591, 376
40911, 251
31246, 857
49274, 598
49931, 937
30269, 508
28715, 356
54828, 896
7887, 777
50265, 70
5844, 134
70172, 664
23941, 293
60504, 918
48457, 458
13641, 542
8064, 562
37939, 774
46448, 797
4731, 36
40837, 159
50984, 599
6717, 599
67454, 18
8648, 369
72306, 824
20249, 9
1538, 603
68049, 611
22476, 454
46337, 310
15063, 341
21741, 128
54338, 160
68949, 664
49949, 828
5614, 483
30393, 881
67528, 48
75822, 771
2061, 140
32098, 860
36165, 744
64594, 467
28157, 632
45174, 479
31700, 432
60916, 397
22118, 31
59428, 533
4272, 46
70114, 368
35872, 53
66652, 706
61665, 814
32686, 360
54473, 175
68004, 494
25663, 879
26673, 980
31884, 180
59121, 407
49272, 581
52651, 359
37004, 616
40267, 226
28113, 484
36092, 393
77514, 659
44199, 332
56138, 239
71669, 261
63319, 468
3854, 851
29770, 256
65561, 839
60021, 826
20589, 533
75254, 367
53273, 584
16221, 177
1006, 719
5482, 758
73195, 844
27293, 672
47700, 173
49084, 409
70556, 557
64296, 480
23121, 591
39419, 909
79589, 710
32441, 973
18435, 848
31010, 82
17518, 791
75230, 792
27059, 150
44687, 987
38358, 857
65482, 553
41152, 785
71281, 294
15384, 251
69113, 292
24405, 103
67676, 145
56514, 478
32417, 691
49464, 612
70523, 320
1244, 116
46540, 878
77384, 725
7748, 718
43996, 282
32320, 475
30106, 800
13802, 584
12725, 199
32216, 373
40808, 764
24490, 120
50922, 915
59055, 71
8998, 819
79985, 807
51389, 250
11838, 403
68022, 759
13199, 78
56638, 87
58606, 206
65789, 709
45398, 508
70585, 832
61099, 524
42272, 597
10240, 714
37323, 192
46874, 525
41260, 63
75804, 751
60574, 480
21068, 599
12212, 76
63224, 13
32510, 872
29318, 144
24426, 731
15103, 200
71753, 614
16344, 587
39636, 58
12097, 98
53802, 554
69668, 724
72495, 653
15644, 207
52614, 357
77872, 370
12675, 270
17453, 761
4097, 533
57430, 201
78004, 600
10097, 314
27002, 300
18633, 188
33871, 438
61002, 564
50769, 359
27606, 844
36602, 204
43475, 106
77462, 158
56126, 657
77241, 685
69777, 560
19778, 580
37365, 634
61709, 813
64901, 55
76360, 600
47745, 707
26499, 907
35265, 197
8471, 692
33895, 979
59788, 704
45648, 405
37898, 404
26461, 463
58205, 86
68428, 334
28373, 6
21487, 602
71667, 242
33317, 869
17, 692
76834, 428
51253, 387
29179, 860
71591, 199
29441, 173
64753, 163
36730, 443
15108, 787
69954, 10
57969, 649
60040, 778
71690, 274
74408, 854
7198, 708
71615, 405
9811, 160
38529, 900
39159, 132
40710, 863
77108, 967
44587, 841
48602, 615
30953, 715
5667, 895
36504, 566
34362, 207
61880, 661
68136, 101
62495, 958
33970, 647
10038, 733
50210, 716
28481, 497
74631, 861
15180, 535
34391, 34
2688, 790
48376, 566
63328, 543
27041, 734
14297, 1
50591, 191
60492, 443
57115, 864
76857, 725
21591, 836
54328, 375
7760, 714
69436, 774
57986, 481
56231, 576
29058, 591
24850, 590
62172, 521
60891, 383
14021, 595
48614, 681
5493, 345
69657, 373
24801, 312
67931, 296
35511, 379
22677, 927
77203, 557
7729, 31
21424, 138
49961, 883
29546, 231
23975, 185
39306, 588
18139, 382
24338, 840
44958, 288
19450, 191
61341, 103
71824, 99
53232, 179
43317, 170
56351, 85
46726, 209
50467, 993
73817, 87
28647, 644
74188, 147
2365, 727
6246, 847
59091, 795
55743, 155
58661, 921
72058, 546
25657, 461
9293, 440
1549, 661
12821, 556
55353, 605
47141, 132
39503, 782
45419, 210
52404, 698
45451, 57
47705, 129
64324, 165
77208, 810
72186, 419
48252, 441
61909, 921
38547, 131
19263, 836
64427, 104
71404, 649
39408, 791
3058, 270
10558, 864
30346, 476
70530, 147
15322, 260
34932, 495
28429, 38
58107, 321
71876, 491
68397, 781
51798, 304
66599, 685
62062, 597
40993, 576
54394, 993
2053, 387
29564, 776
53069, 83
40637, 400
34699, 870
76995, 293
69710, 609
31088, 991
77495, 401
51581, 196
16928, 615
2257, 301
78341, 938
16291, 502
64780, 399
53111, 289
20772, 940
53698, 731
4322, 545
10248, 564
27400, 990
48413, 927
76273, 624
69395, 830
64702, 741
48942, 462
18705, 135
20983, 975
69449, 101
73941, 793
43918, 312
25383, 117
60818, 822
57215, 818
64771, 180
4826, 747
25484, 586
28623, 353
45804, 93
50138, 310
20539, 130
55638, 898
39765, 874
6787, 652
1417, 759
24719, 364
28670, 707
66406, 869
58865, 916
1729, 894
7446, 102
32654, 451
15965, 377
8239, 449
19456, 854
4919, 448
77298, 492
52359, 397
7847, 914
19613, 834
14434, 598
5113, 553
19383, 626
29019, 792
22210, 121
5046, 800
27738, 433
4157, 620
14976, 805
32526, 226
40013, 328
40129, 127
74292, 702
9718, 456
44579, 866
74114, 206
49236, 864
4594, 266
41323, 420
15106, 659
72040, 31
66719, 4
73334, 660
74470, 836
56365, 341
42709, 503
60909, 672
66247, 411
35638, 479
56585, 568
41807, 751
73052, 547
16280, 93
73370, 36
15757, 16
30355, 225
26781, 434
24390, 202
52790, 522
55675, 573
42449, 840
3157, 476
42103, 278
14337, 470
41568, 686
27066, 11
19573, 357
64073, 61
44984, 88
52598, 418
37770, 887
15737, 483
24758, 264
75848, 309
31951, 514
13807, 128
2064, 422
28800, 69
57560, 519
68117, 784
73117, 740
18430, 983
59023, 69
73683, 437
13972, 601
21780, 977
69677, 734
18622, 855
55662, 836
35883, 979
21787, 301
37351, 80
61479, 511
41656, 771
13558, 655
4638, 388
26425, 118
58594, 646
56631, 490
65608, 500
56366, 831
37135, 810
45861, 992
4692, 186
79957, 791
18651, 734
16261, 282
32218, 809
50503, 247
5286, 237
28789, 111
18171, 601
68699, 39
4282, 327
7971, 469
57022, 215
9965, 373
963, 946
28271, 774
39473, 671
79144, 335
63964, 288
26567, 946
24679, 215
59672, 995
49207, 350
76045, 917
39937, 954
64859, 228
46321, 442
73358, 259
75732, 930
28475, 255
51563, 332
70831, 842
67881, 374
31549, 451
8420, 673
75610, 226
61046, 334
39659, 748
11568, 137
10964, 650
4740, 710
103, 542
61302, 21
10841, 869
51401, 515
73555, 286
32818, 827
56853, 349
44446, 422
31603, 871
19667, 763
79691, 539
18520, 967
73113, 707
7856, 296
48234, 740
41090, 528
22348, 117
64660, 161
28426, 568
16999, 412
26254, 889
48815, 919
16853, 287
41720, 202
71154, 283
64888, 729
58385, 722
40570, 758
71370, 887
74560, 800
75497, 81
7017, 983
66014, 611
23744, 960
58882, 832
31473, 564
6046, 984
1023, 133
54155, 688
6445, 614
7848, 312
40783, 240
28049, 14
56953, 245
3638, 687
30944, 264
65669, 341
44256, 229
12564, 879
27151, 33
22478, 639
60615, 402
30059, 23
40297, 342
65426, 664
23136, 793
23627, 989
29512, 711
30628, 262
67649, 53
920, 718
17403, 298
72710, 836
24302, 50
76172, 274
17404, 447
58929, 300
51276, 306
12646, 408
4173, 162
40652, 761
33488, 306
57318, 461
56958, 766
62938, 157
59497, 89
70910, 479
3693, 279
61275, 628
38958, 465
15898, 269
18527, 498
12532, 77
9051, 537
12797, 253
76786, 480
23684, 52
59338, 878
22520, 204
43003, 164
6693, 187
56630, 322
21839, 333
28576, 549
9727, 89
42677, 302
40660, 754
31586, 321
33749, 539
48073, 281
48261, 67
21978, 844
26954, 760
54577, 580
34076, 786
47727, 326
41631, 396
45972, 190
7265, 454
66734, 408
50077, 783
30335, 134
76315, 185
46478, 466
15756, 129
68691, 52
11455, 262
16332, 784
60069, 549
69295, 623
46704, 493
39838, 48
19650, 749
43492, 584
60210, 856
3045, 569
17789, 766
40554, 943
67559, 677
1299, 299
39634, 986
32855, 948
18937, 295
76314, 679
9000, 888
67641, 11
23897, 684
1530, 174
69507, 745
55045, 367
7766, 282
34396, 90
16329, 471
18770, 691
7868, 510
53789, 788
21082, 364
52703, 368
38868, 505
77962, 544
9763, 198
57816, 277
36876, 618
11645, 585
24637, 517
21080, 514
42697, 503
3579, 687
46213, 272
64758, 672
70365, 865
21902, 898
13566, 663
19218, 421
23092, 195
24887, 483
72197, 94
45111, 728
44169, 15
28470, 712
15054, 126
25588, 888
31750, 934
59190, 336
75240, 841
74000, 345
4726, 532
14351, 318
31846, 259
70981, 764
1356, 735
45741, 891
26800, 325
32786, 849
56460, 476
62906, 676
76412, 445
31098, 177
39708, 259
40161, 332
40183, 498
11668, 211
31156, 332
22744, 247
73458, 444
70038, 206
38823, 436
62404, 172
25764, 812
64902, 351
63803, 775
35480, 338
38291, 784
49088, 615
78708, 204
643, 734
63621, 50
42931, 595
53973, 204
10483, 321
59401, 141
71495, 234
75994, 63
5923, 263
33945, 736
54233, 102
78082, 956
59014, 695
74320, 391
6449, 501
74989, 941
79496, 777
27079, 609
50155, 572
17300, 500
7828, 278
75256, 111
76000, 200
16683, 512
34846, 31
51746, 692
24961, 320
56878, 420
22053, 663
13031, 871
29934, 599
3175, 661
70857, 708
77103, 744
50891, 697
2514, 674
17841, 536
74079, 455
33044, 843
73763, 841
4614, 1000
27648, 719
35575, 355
52559, 818
43688, 219
33801, 272
13074, 127
16236, 925
59438, 130
46506, 989
59203, 256
60747, 247
43945, 330
41708, 31
78285, 954
28200, 688
33773, 864
13426, 925
46834, 566
46248, 74
33210, 973
28278, 390
79115, 13
21129, 963
7779, 788
75424, 46
4225, 196
15312, 22
40441, 700
61260, 756
63078, 630
35425, 510
33478, 689
65304, 574
21385, 154
28376, 282
51859, 302
29174, 649
59204, 559
79705, 357
52054, 548
24444, 767
47796, 851
31149, 853
51020, 215
57385, 953
47191, 674
35201, 57
77826, 367
17240, 921
53620, 43
6951, 525
57971, 817
22282, 195
46380, 690
68370, 539
10679, 77
47970, 829
60124, 661
74104, 260
50452, 964
32354, 717
300, 703
56815, 79
52944, 80
53123, 557
32907, 127
68616, 501
71186, 670
19258, 196
33753, 688
45944, 213
23503, 83
10142, 559
2889, 640
21074, 530
6836, 216
8883, 737
72460, 959
45337, 11
32040, 551
69824, 307
39697, 733
27120, 288
40918, 426
20043, 519
4410, 113
63018, 646
28816, 519
9087, 975
58514, 151
24400, 65
22708, 214
57262, 655
34519, 885
25795, 59
74427, 972
18618, 726
65578, 868
46336, 293
53136, 318
47181, 234
48762, 62
19458, 31
68162, 833
58819, 724
2306, 254
30027, 951
50274, 561
13797, 626
40417, 59
22501, 505
45794, 263
37123, 252
66638, 161
10941, 15
11362, 235
62909, 238
77340, 895
39936, 840
60378, 632
35235, 588
13752, 279
71898, 310
6490, 280
45969, 472
30469, 123
21198, 320
4632, 999
61883, 300
50810, 49
56570, 672
78880, 652
19268, 402
11456, 153
2210, 385
69912, 470
1236, 635
51066, 289
28444, 925
60833, 946
35349, 712
21756, 91
76230, 527
36300, 927
28832, 615
833, 827
74466, 287
3635, 150
4068, 815
29084, 830
38630, 974
19729, 773
42641, 516
8367, 949
6347, 534
78042, 464
24055, 449
45101, 757
2425, 763
69608, 900
15579, 835
46204, 575
72701, 52
61250, 80
57558, 721
2623, 553
59153, 409
52158, 564
29553, 618
26393, 630
37754, 721
67165, 274
60604, 200
36719, 146
32523, 896
17296, 332
4617, 56
72330, 567
52872, 884
79781, 552
20238, 827
72824, 842
76067, 200
45009, 665
57611, 356
26298, 552
51540, 472
6065, 803
58826, 984
70468, 779
38053, 591
24777, 458
8697, 41
1824, 371
9262, 312
2665, 423
16630, 119
4455, 511
8179, 803
74084, 202
12064, 539
60672, 974
70433, 275
4447, 187
15, 679
25346, 120
9701, 461
14048, 316
28612, 930
22888, 455
34775, 778
20482, 495
54477, 231
30080, 243
5202, 501
57554, 550
39668, 452
78297, 507
78208, 262
65170, 8
6593, 588
14180, 575
31144, 569
73168, 358
56737, 913
30063, 180
21538, 992
55287, 236
38597, 583
73157, 934
76680, 299
28563, 839
76062, 220
56712, 988
42953, 720
15725, 738
10465, 849
10946, 887
43292, 639
45044, 819
78778, 333
17774, 317
16111, 817
9609, 36
57592, 365
54392, 1
35747, 156
48382, 832
73320, 365
56747, 521
79806, 236
26648, 3
70046, 416
70915, 185
79174, 26
18635, 326
38418, 713
45809, 976
17749, 567
76245, 77
65755, 741
79053, 587
62061, 196
4997, 767
1150, 227
16674, 887
79751, 324
62169, 981
24941, 261
24052, 917
24462, 405
45518, 885
19021, 642
38422, 799
21047, 100
5917, 911
34233, 149
13277, 5
50049, 479
75382, 959
11927, 934
18514, 54
55324, 188
14460, 445
23176, 680
3056, 569
77579, 60
77129, 663
15266, 133
56378, 15
7915, 175
58653, 387
12184, 866
68435, 951
41953, 619
50401, 854
76683, 876
46926, 911
47367, 346
75691, 910
4340, 377
21882, 866
29694, 774
19147, 130
63714, 186
15755, 305
79442, 337
8277, 588
78291, 888
33909, 268
73536, 612
31252, 219
37094, 212
77983, 391
9443, 782
68767, 933
9350, 31
17964, 283
42509, 126
43947, 305
1691, 406
67432, 849
54654, 419
63649, 872
56140, 554
63271, 101
58440, 459
79248, 73
67109, 492
12959, 58
29573, 446
73644, 258
71176, 977
35308, 249
2661, 850
54362, 485
7723, 570
49716, 996
18777, 225
6659, 746
50480, 524
25845, 195
54142, 729
62852, 739
77465, 5
19902, 773
39705, 409
13949, 803
41448, 440
13454, 333
70170, 185
11599, 968
9703, 245
50834, 515
43111, 564
22417, 179
10509, 778
54545, 773
65537, 441
36816, 707
8269, 620
56984, 881
63250, 687
39947, 908
46513, 222
56210, 504
64331, 240
19670, 246
175, 617
15730, 56
61682, 601
58771, 3
24085, 591
36964, 111
16228, 836
40917, 220
66330, 864
24184, 1000
56921, 598
52132, 802
65436, 257
58088, 852
16377, 23
43267, 734
67047, 847
65546, 609
64824, 278
46324, 430
44696, 156
39174, 882
6869, 320
52355, 404
61425, 553
75193, 685
69201, 855
29255, 531
64621, 918
15092, 988
14168, 385
41703, 283
46459, 898
35788, 225
12876, 759
44765, 717
3858, 735
68239, 466
8202, 971
56093, 732
24938, 84
22849, 154
13562, 864
13877, 210
30128, 949
52862, 360
72475, 996
9374, 792
63628, 155
79978, 482
23631, 692
48109, 687
15424, 157
50753, 677
65998, 682
46930, 596
7945, 328
72185, 274
18175, 138
14822, 218
72516, 719
18378, 653
13253, 285
60559, 43
36086, 730
49183, 733
66514, 397
34140, 184
34591, 245
40040, 895
41015, 733
49545, 655
18536, 183
43397, 551
58646, 598
53086, 188
52856, 359
69767, 37
33681, 749
78859, 374
11527, 599
34740, 773
79620, 599
47935, 746
8272, 101
34665, 120
18666, 142
69819, 876
51314, 468
57503, 532
44730, 924
39127, 998
6895, 866
35790, 637
47975, 503
2968, 340
31340, 177
7175, 361
46963, 672
67786, 909
48944, 0
6089, 896
25682, 24
76367, 206
38943, 952
11136, 586
72044, 386
73645, 430
51782, 920
53636, 982
16235, 705
70188, 554
37140, 879
1944, 880
61451, 256
45298, 348
51648, 685
63050, 301
64969, 150
33107, 353
60622, 241
4626, 572
31487, 260
11801, 166
19385, 510
57656, 734
79467, 109
41724, 296
11063, 525
16259, 122
72182, 880
9135, 131
14060, 519
38112, 883
5048, 573
4845, 446
36105, 136
48684, 619
42968, 272
20481, 39
33299, 233
1035, 415
66873, 905
49621, 34
6240, 386
2277, 958
2891, 54
45299, 442
35030, 251
5621, 435
3342, 186
8301, 769
25312, 929
56684, 794
77063, 130
65963, 697
44472, 915
25203, 598
59334, 796
79541, 877
14850, 65
72633, 847
51673, 40
57818, 36
73028, 437
21442, 666
49484, 612
1331, 270
38563, 758
78419, 90
48823, 706
47078, 857
58065, 963
68736, 689
53668, 630
75674, 302
38000, 56
6759, 245
16237, 584
6994, 709
40699, 464
26418, 922
70606, 293
9100, 440
47944, 763
34753, 622
32410, 713
75465, 503
64452, 195
9863, 67
8583, 756
48985, 618
37603, 106
17136, 121
70014, 839
73103, 11
6768, 976
42661, 176
6689, 996
48486, 886
42571, 321
35221, 407
11325, 535
57031, 667
3671, 675
4211, 866
40295, 521
59206, 948
72893, 38
37298, 679
38562, 364
14224, 511
32092, 631
79014, 20
13149, 549
21036, 995
44064, 991
18421, 768
6828, 586
14290, 768
29931, 582
30008, 372
53949, 751
26560, 426
22306, 642
57793, 291
65287, 364
48790, 184
23114, 264
35815, 797
29124, 83
26475, 132
50640, 813
15855, 55
79720, 865
43359, 989
9275, 526
15783, 77
16661, 721
43596, 662
54335, 231
6131, 13
1214, 844
72341, 208
30920, 174
41043, 177
33759, 389
60610, 425
3096, 871
19651, 170
61365, 54
29668, 348
73466, 684
22919, 869
3146, 102
54116, 517
31921, 210
9248, 255
33713, 165
78824, 622
65443, 17
30057, 772
23419, 800
3494, 160
5564, 704
24044, 753
33033, 405
33982, 283
36439, 579
7229, 433
29782, 731
43205, 714
25731, 15
8947, 26
73008, 406
73031, 577
77653, 631
61231, 701
71485, 490
29912, 303
30456, 876
21299, 853
39426, 296
77746, 44
62010, 225
25748, 833
63700, 963
42912, 946
63182, 564
20050, 404
1676, 455
48371, 333
4071, 596
42123, 0
13767, 629
75354, 694
11106, 3
13026, 502
8633, 593
20555, 219
6354, 220
40442, 375
61643, 558
14550, 211
17079, 519
22082, 517
33134, 363
51075, 656
61482, 389
1595, 345
58948, 884
6373, 771
44049, 967
61584, 64
12039, 211
10355, 658
28934, 44
37769, 930
13097, 985
25864, 871
45228, 471
37560, 683
23682, 646
68287, 331
33867, 945
3790, 36
69041, 623
3706, 561
55856, 412
20991, 331
68710, 2
42082, 201
64412, 212
13005, 795
70828, 35
33421, 570
28597, 882
2266, 780
33246, 695
75294, 633
60785, 746
23813, 463
71571, 637
10790, 342
9654, 377
42350, 610
6361, 105
48009, 667
42405, 97
73207, 482
595, 655
61698, 496
17486, 649
11195, 793
60736, 814
71385, 303
7251, 918
49822, 825
8617, 601
68558, 164
66324, 641
32755, 555
25103, 195
25884, 311
27432, 229
77569, 443
44892, 561
75702, 574
65795, 460
75871, 925
47208, 840
20283, 226
79602, 318
79962, 328
8495, 852
39317, 574
26639, 294
62986, 49
12267, 213
23228, 286
76437, 716
71090, 466
43578, 282
20643, 924
62077, 358
29152, 460
69946, 703
58062, 674
59769, 690
76066, 968
13050, 474
48152, 10
29761, 884
48676, 245
48497, 874
51588, 367
14135, 265
57024, 728
1731, 567
58955, 585
63340, 360
1928, 292
59418, 109
46710, 302
40065, 633
75008, 132
50455, 455
74571, 126
51697, 448
76303, 969
19942, 494
40321, 674
4293, 819
38280, 721
79805, 950
6485, 36
1097, 815
58453, 168
34153, 516
2517, 74
51962, 80
5812, 188
30956, 453
65217, 181
39759, 611
8286, 499
13286, 404
59943, 394
52217, 429
33388, 979
33573, 577
51041, 801
33921, 700
37479, 303
14113, 807
25382, 728
27608, 536
12067, 667
46074, 943
76905, 767
5628, 992
22166, 974
33125, 515
32860, 721
43555, 501
35405, 534
37732, 565
53436, 819
52248, 243
1309, 953
46967, 859
21507, 814
28122, 22
7545, 666
57089, 783
4530, 65
520, 245
26402, 434
31330, 878
26711, 625
77761, 474
68889, 911
10805, 355
12819, 259
28522, 546
65876, 79
58414, 633
67525, 577
23053, 50
67499, 903
3063, 838
36158, 304
9059, 148
70313, 961
18908, 834
37258, 263
65457, 911
78219, 53
50550, 807
61605, 96
35828, 616
67778, 608
38797, 797
17944, 466
62565, 566
15339, 906
32173, 537
61344, 953
62749, 223
13175, 458
38044, 788
28743, 231
3829, 267
72354, 106
44954, 288
33090, 308
60063, 248
62317, 87
32196, 489
43810, 866
67710, 251
56310, 471
1131, 232
56282, 182
19850, 566
71050, 583
904, 145
56051, 79
52534, 840
26961, 83
28031, 712
38219, 800
26399, 124
8794, 215
47558, 269
6274, 283
3708, 875
63117, 129
8311, 557
78664, 913
13961, 463
50565, 735
51725, 559
58721, 655
2724, 263
53303, 858
20524, 268
58481, 664
6064, 635
17757, 24
34, 411
31036, 81
56228, 125
32941, 127
52397, 514
30582, 154
19566, 432
55120, 516
16490, 604
69164, 946
20090, 197
32461, 350
73639, 349
53573, 901
14353, 236
49871, 351
42277, 733
15976, 460
79634, 492
57482, 156
36407, 42
66110, 116
77380, 630
69282, 453
52338, 548
40414, 481
64220, 89
79427, 54
24464, 13
62734, 617
4520, 16
67228, 345
69024, 424
58343, 919
5474, 773
12101, 282
31461, 636
15801, 548
43182, 891
58315, 725
26799, 30
66644, 319
60518, 536
32375, 701
40047, 558
38599, 744
6876, 107
50362, 142
21042, 723
10798, 454
40398, 547
35705, 725
49542, 699
25080, 578
8639, 872
25356, 353
29158, 305
31553, 35
46593, 429
66536, 243
65544, 808
53268, 32
42065, 453
78047, 850
4012, 691
71880, 809
52223, 146
65725, 264
36661, 111
10733, 59
22682, 358
75752, 931
41237, 914
55377, 390
79975, 729
60848, 379
42483, 271
6710, 245
20663, 699
42365, 741
57815, 295
28388, 403
26761, 76
40929, 227
20634, 322
40139, 147
36255, 612
12260, 138
65264, 519
69722, 111
16701, 610
2055, 154
9320, 967
507, 880
54161, 15
57799, 775
32762, 570
10955, 593
62747, 310
65302, 3
40873, 228
75371, 430
21801, 472
44897, 144
41221, 200
36284, 559
29887, 27
10732, 543
56603, 984
12798, 160
24860, 191
56154, 525
43938, 376
58868, 387
39521, 705
43575, 449
11436, 744
73598, 249
41104, 966
16326, 595
48698, 868
43673, 713
63903, 338
44999, 378
8409, 370
46888, 967
465, 728
77864, 437
49039, 87
16881, 116
47304, 976
73940, 139
29771, 361
44795, 35
53689, 880
11728, 869
21162, 505
43436, 165
69907, 331
48791, 11
7652, 960
34325, 86
35394, 719
58870, 222
42127, 354
53169, 484
25128, 436
30412, 564
71178, 94
45423, 150
59550, 585
72101, 4
37767, 903
15002, 47
48948, 172
72121, 898
21670, 462
41418, 412
2630, 890
52940, 914
45983, 728
62168, 431
67491, 438
31543, 911
37378, 188
37941, 293
2321, 449
42717, 425
76037, 109
68197, 20
51719, 385
7502, 725
66501, 292
60004, 928
28732, 218
60621, 523
77308, 16
74142, 718
11407, 385
22568, 668
34169, 65
61026, 483
67496, 343
47544, 932
77019, 900
68879, 265
7412, 786
9496, 143
19790, 721
8900, 436
1258, 286
55417, 302
5845, 113
7278, 528
58592, 638
32968, 474
64179, 154
26024, 993
76688, 56
24544, 893
73893, 489
19241, 410
63921, 788
55422, 15
30707, 639
73780, 222
47768, 582
6631, 669
72425, 350
77800, 50
39811, 788
3368, 982
7248, 181
21730, 396
61235, 595
11713, 705
48922, 534
65330, 520
11621, 492
72842, 880
52647, 186
63146, 101
31895, 917
32468, 461
52337, 593
42290, 874
43595, 365
45558, 378
58981, 798
48110, 968
61157, 63
75427, 843
36044, 51
30249, 824
72853, 781
73623, 403
29858, 159
64433, 554
46887, 451
47136, 662
48293, 535
4437, 714
79392, 255
38607, 380
53771, 465
28480, 937
34759, 706
25132, 936
75400, 416
30566, 905
51182, 932
13995, 583
29662, 728
12887, 777
59633, 324
46911, 800
7839, 650
4450, 403
39727, 524
421, 93
49225, 221
25292, 683
44694, 578
24660, 401
6103, 606
66584, 694
20507, 455
70711, 263
275, 638
49870, 610
53657, 210
56768, 525
22422, 154
7075, 84
11901, 514
46358, 130
10246, 302
37545, 461
67963, 791
61864, 260
752, 349
25920, 190
58242, 915
37286, 328
38860, 985
28979, 468
74602, 740
53825, 485
75324, 965
37935, 730
45117, 400
310, 212
50513, 766
71383, 652
70972, 455
17614, 715
52388, 688
68377, 925
28504, 284
21242, 161
47798, 361
34995, 652
40444, 996
59454, 836
58899, 986
13231, 540
57485, 878
30593, 685
47103, 580
43505, 430
76256, 182
69656, 74
14568, 805
68978, 679
68027, 307
5240, 373
50519, 157
45146, 487
50632, 935
56056, 443
22419, 678
65681, 467
37739, 393
17131, 720
17261, 925
29246, 754
1571, 767
56166, 956
25151, 703
64497, 156
66797, 588
53157, 787
72447, 445
69458, 45
64294, 421
18053, 399
73750, 473
8569, 668
60990, 568
79341, 91
55600, 544
74441, 349
45037, 222
68075, 796
53628, 447
60092, 555
1048, 151
77578, 104
61318, 276
52725, 459
78670, 636
35103, 154
68994, 804
6655, 173
16974, 17
20533, 787
62782, 903
1144, 177
12636, 865
26600, 51
36406, 313
38205, 707
50072, 68
5204, 955
72512, 569
67709, 996
42818, 851
30862, 572
59358, 258
49283, 730
15931, 657
35232, 582
2672, 946
36376, 623
79867, 472
49288, 393
6155, 347
53956, 800
61948, 809
26129, 559
13196, 406
41758, 375
77162, 579
17205, 853
34882, 79
49478, 876
76255, 638
52363, 443
4438, 259
34541, 483
23348, 314
17710, 220
34847, 786
8832, 366
61414, 542
32736, 928
43594, 182
35644, 753
11788, 132
53447, 1000
6294, 647
37155, 990
48324, 330
40475, 516
79290, 362
2720, 433
964, 36
53113, 595
27487, 30
45777, 9
47360, 285
75409, 169
6727, 909
54578, 330
47852, 985
35806, 801
35245, 911
44108, 279
78455, 262
10398, 377
72801, 858
68478, 273
31582, 696
46414, 701
40754, 852
62226, 128
34471, 203
11447, 99
16225, 561
61037, 934
43331, 858
26041, 557
49872, 141
22683, 918
66407, 892
44286, 436
71101, 201
72832, 333
50342, 440
79505, 625
30501, 429
41006, 579
75662, 966
62892, 21
9733, 710
54773, 202
52123, 84
15890, 279
38103, 632
33382, 90
61115, 16
2905, 192
35967, 854
4222, 255
63187, 807
44821, 492
78006, 436
40641, 462
26741, 836
15774, 985
53259, 545
7774, 261
3418, 634
1838, 671
48748, 646
1697, 927
74272, 20
23257, 483
16367, 107
9956, 186
5999, 17
58667, 520
72577, 668
4664, 315
23650, 558
49547, 121
4922, 299
72232, 500
62251, 327
19679, 594
14859, 981
25774, 958
70529, 608
962, 888
18667, 707
77842, 240
56412, 190
7425, 144
2097, 865
8307, 307
30958, 863
46184, 20
60214, 274
4135, 504
25525, 282
40927, 790
3124, 791
9305, 637
38656, 514
27014, 246
21987, 616
29561, 221
55773, 52
30228, 77
21066, 804
56069, 494
65731, 676
70399, 334
26081, 466
23706, 42
24296, 912
4904, 339
28119, 684
54255, 1
13324, 656
11412, 586
9201, 437
69399, 349
34689, 405
56015, 966
62102, 660
73571, 13
50337, 826
54658, 298
51377, 921
4815, 531
20867, 374
39163, 387
69909, 341
39404, 667
75098, 754
48764, 911
61600, 500
60757, 716
62837, 843
47532, 118
24179, 826
45633, 601
14696, 786
34217, 450
56385, 296
67266, 753
6052, 44
56763, 867
21143, 77
29600, 547
17704, 628
9488, 595
39453, 630
18883, 542
22343, 223
79780, 759
37745, 275
46645, 465
7956, 380
77314, 566
38622, 485
53897, 319
13842, 226
72407, 958
43193, 995
73213, 50
2037, 294
59301, 111
32438, 359
70536, 577
1632, 170
57579, 220
59067, 387
26019, 593
28534, 468
29414, 645
34929, 441
78213, 128
10641, 889
63840, 550
25507, 485
42084, 599
63336, 845
52127, 81
16271, 903
5339, 147
10808, 697
26383, 142
43028, 567
34906, 425
24309, 31
49176, 166
78361, 268
79516, 888
47389, 906
50669, 491
69550, 910
44709, 557
53638, 749
31765, 612
79076, 95
63582, 25
6711, 297
67603, 250
74553, 73
64098, 367
31193, 947
49994, 752
51440, 583
25719, 507
65969, 412
52897, 788
78735, 633
11564, 693
2884, 2
20627, 137
36435, 437
35032, 274
70048, 565
16564, 760
23065, 113
36995, 456
11851, 664
40627, 158
13883, 868
42192, 624
12615, 693
34426, 58
76799, 910
63171, 428
64205, 165
57563, 296
18275, 437
8942, 854
20225, 497
12909, 362
47762, 932
62376, 822
40190, 769
68921, 997
19071, 502
35835, 798
56681, 742
44729, 264
73074, 444
62621, 509
59344, 446
53016, 240
6679, 714
36411, 666
75733, 108
52971, 481
15476, 900
46841, 1000
13177, 544
27367, 195
34373, 445
36660, 493
34818, 884
19851, 959
71372, 486
34284, 315
55795, 386
33542, 504
55829, 880
21118, 223
29454, 528
49335, 202
27344, 879
27392, 535
61654, 122
23633, 255
39878, 742
71748, 281
14526, 75
75266, 424
8103, 977
21449, 733
37209, 836
59137, 791
52896, 42
57488, 637
59182, 89
432, 260
2595, 571
2584, 767
43404, 785
22938, 382
38812, 197
56753, 561
71055, 520
8057, 514
53460, 323
45599, 404
56713, 161
2978, 166
2192, 751
36373, 340
41242, 895
22830, 972
4778, 823
14455, 24
10588, 578
78384, 536
40715, 414
65197, 283
3133, 33
34023, 998
52304, 14
70703, 723
12755, 747
77791, 48
27656, 765
75137, 815
10294, 491
49613, 14
10439, 503
18225, 143
3799, 882
16269, 154
6927, 412
63763, 940
79534, 126
34143, 602
71874, 776
1890, 289
511, 621
48569, 401
76040, 939
1613, 46
11239, 584
7572, 362
45511, 809
75685, 74
34340, 290
14603, 290
28350, 456
9840, 495
35544, 309
33275, 475
67200, 274
49690, 843
29428, 71
39235, 194
21814, 787
7090, 460
22533, 39
19558, 742
53247, 941
69564, 988
51574, 179
56829, 661
22436, 412
56740, 374
34007, 975
3815, 853
74716, 126
46979, 776
32575, 214
52987, 188
66922, 102
55036, 962
50292, 594
42279, 621
65237, 343
21818, 146
30673, 58
50606, 837
33031, 575
58791, 186
26999, 489
6791, 369
14577, 872
10668, 865
44054, 611
59936, 331
61586, 785
2449, 611
19399, 741
17077, 671
68448, 856
78647, 894
54902, 666
25789, 177
74878, 554
45617, 655
4900, 553
37977, 926
56481, 856
38157, 667
16468, 567
17808, 221
66883, 727
49044, 339
52330, 879
54141, 487
36356, 332
51258, 909
59250, 796
73872, 615
74889, 307
61686, 933
7732, 495
28526, 479
68811, 855
63315, 566
50766, 18
35992, 154
53610, 55
4924, 943
36664, 818
56698, 316
76962, 149
10591, 869
74726, 918
55426, 843
3415, 23
23872, 941
48304, 894
2831, 232
11559, 373
42132, 444
54968, 625
12253, 259
56643, 600
39748, 7
42876, 930
48793, 516
31887, 880
57588, 501
31494, 3
60053, 516
56599, 486
5859, 947
37640, 938
3989, 628
71624, 733
46223, 928
15907, 62
39596, 546
78277, 401
66009, 436
78483, 975
52561, 482
7690, 596
52802, 921
45390, 887
31630, 505
5117, 833
44114, 965
58748, 981
58322, 7
78218, 226
71742, 59
36336, 710
77473, 777
53550, 332
1135, 370
28195, 194
24429, 228
66205, 754
65741, 270
13398, 88
17928, 558
19105, 244
28708, 747
11425, 173
40852, 398
30584, 415
15118, 609
37539, 151
61041, 780
45661, 188
56847, 180
16494, 665
4403, 729
31538, 224
31936, 264
44106, 908
60340, 615
46542, 235
78872, 34
40750, 545
5494, 445
62057, 954
44373, 940
30847, 794
26498, 847
75713, 308
67948, 667
77884, 130
61876, 227
60547, 184
27747, 34
77574, 45
1310, 413
72538, 13
9624, 695
68333, 573
1767, 394
75345, 743
70314, 270
79707, 756
47997, 518
11936, 345
15721, 571
76379, 354
35189, 642
49661, 201
28968, 792
73317, 429
4905, 538
38839, 840
11744, 298
58356, 330
67182, 558
1141, 227
48493, 185
51691, 165
3005, 987
18700, 473
45810, 244
30201, 681
67431, 344
14630, 803
34229, 554
35513, 513
72023, 614
12235, 319
6740, 989
19916, 989
13121, 773
2627, 753
41697, 514
49233, 515
66353, 611
12835, 364
47199, 373
67352, 723
31993, 829
72113, 623
68802, 132
27162, 485
64656, 32
76281, 557
6479, 4
66286, 31
2483, 119
40673, 656
55871, 900
64052, 22
35007, 581
50916, 601
8184, 494
55908, 797
63817, 697
42967, 172
62949, 326
9697, 979
13239, 144
34003, 190
50293, 401
53361, 755
52060, 918
30088, 885
10474, 414
59543, 187
30242, 235
65166, 507
16464, 662
42803, 200
44396, 919
51459, 518
28509, 384
29296, 17
62989, 513
27106, 65
66903, 980
2785, 889
45618, 185
11253, 302
6796, 864
21427, 150
39790, 930
23122, 236
70111, 173
70471, 651
66027, 958
55618, 50
5820, 523
18293, 312
33338, 112
16339, 747
40490, 545
39728, 954
50363, 299
14996, 301
30735, 722
64729, 848
4856, 287
2598, 865
50908, 351
10770, 230
33554, 830
61844, 108
19742, 855
69133, 821
62444, 48
65557, 399
50595, 624
70383, 90
36444, 310
75927, 901
26957, 857
39371, 978
61837, 460
32613, 750
57506, 146
45643, 159
16123, 291
55625, 597
49878, 320
54694, 701
24646, 283
12159, 146
58595, 401
56529, 413
31772, 347
20240, 304
67812, 454
63041, 483
64636, 522
51987, 354
30534, 459
62458, 206
44451, 504
42980, 551
72782, 529
52429, 804
55635, 97
33042, 365
61413, 439
20053, 105
61719, 599
61881, 584
8230, 73
48418, 783
11841, 256
56954, 76
68924, 57
69358, 989
7210, 619
73068, 698
25303, 571
26505, 37
64477, 547
24731, 107
1543, 731
71063, 712
25666, 782
12647, 654
34025, 41
31092, 193
64134, 350
29309, 399
38132, 578
35249, 63
14968, 376
31594, 137
28981, 390
17383, 987
48485, 246
77681, 332
25578, 770
74642, 88
70147, 650
5733, 947
20929, 709
31029, 224
38570, 321
78107, 186
43658, 182
17319, 550
66043, 419
68683, 109
54269, 862
49719, 5
59862, 978
77517, 383
21425, 664
27441, 907
44207, 138
27236, 248
22615, 648
33591, 932
65924, 571
59424, 514
55097, 875
61692, 957
972, 432
59861, 883
40793, 367
46530, 510
37488, 264
22039, 966
61751, 267
60014, 268
6327, 142
21945, 515
51874, 901
4179, 545
38185, 47
51647, 346
2980, 106
57483, 5
72308, 188
3491, 579
14602, 460
75745, 932
24852, 511
16776, 821
22927, 169
74080, 540
64187, 182
20968, 711
70066, 647
65751, 762
21583, 173
16315, 513
46082, 620
43552, 257
23738, 683
31052, 737
20912, 858
33722, 155
39530, 48
62512, 498
7445, 687
69847, 28
67579, 191
17732, 215
9291, 991
46534, 899
55848, 691
64913, 652
18276, 787
13714, 466
13934, 184
66802, 727
77196, 367
62137, 260
65554, 269
5608, 34
32038, 791
56629, 429
51937, 704
4999, 332
72631, 619
41262, 661
64146, 2
35855, 244
38882, 659
31112, 878
68248, 897
64784, 784
44902, 201
66066, 289
693, 414
63411, 724
37773, 626
23804, 297
71109, 524
58345, 700
18842, 795
28121, 289
169, 955
9224, 234
55254, 958
23528, 587
74794, 951
9379, 632
6571, 56
78011, 76
27398, 234
34446, 734
53603, 912
14294, 347
55129, 40
23911, 332
10621, 348
51407, 392
42815, 297
1641, 385
18344, 942
77548, 421
20857, 864
18093, 835
13472, 477
74773, 395
7285, 39
36007, 204
58515, 253
61632, 749
48651, 95
10466, 494
49968, 601
6305, 567
349, 670
50621, 315
53396, 988
10688, 240
11717, 526
31584, 570
51085, 943
19423, 524
31557, 572
74296, 129
51154, 16
5077, 811
53701, 29
14289, 333
11848, 359
34684, 428
62314, 744
6901, 645
44454, 990
51888, 293
32256, 663
14698, 100
6539, 438
25533, 600
63251, 787
15654, 598
61799, 843
7600, 275
21319, 618
22155, 111
27657, 372
282, 232
28770, 792
55302, 357
14479, 820
62572, 45
27589, 29
15292, 219
6343, 385
5191, 184
15539, 311
8183, 264
37454, 374
7209, 617
62296, 791
57172, 419
42745, 585
74757, 28
60008, 626
20633, 562
68041, 637
28966, 326
23805, 397
64022, 724
71261, 104
78448, 881
41493, 908
42926, 859
4570, 978
72944, 251
29161, 358
20002, 939
32235, 72
75841, 897
53778, 992
9850, 180
66325, 236
29974, 103
18710, 281
30542, 186
26143, 6
75068, 695
34196, 664
72557, 272
60901, 412
35780, 777
60087, 734
3703, 337
47912, 228
46775, 627
21220, 149
7998, 975
67682, 351
25596, 628
24724, 927
5288, 309
5641, 644
4139, 594
40325, 782
9364, 712
20483, 610
68672, 592
4723, 869
74284, 88
12406, 81
45982, 757
76055, 6
69077, 905
60068, 329
73350, 530
49618, 446
56374, 278
48592, 843
14146, 601
67457, 970
25035, 525
56909, 342
58562, 786
24963, 763
53304, 35
2280, 166
22770, 980
78818, 907
32042, 753
57671, 643
48803, 318
52981, 398
66408, 595
54295, 225
30794, 681
45061, 972
31339, 237
23271, 737
79943, 167
37106, 668
30930, 73
63394, 41
14838, 921
59804, 287
37571, 682
66596, 559
7118, 655
4812, 655
48756, 698
39799, 401
34510, 300
56118, 487
70199, 491
66276, 476
6084, 153
76550, 68
36640, 387
61916, 749
18121, 16
17102, 412
44678, 331
31797, 391
30654, 735
43358, 719
30764, 785
56170, 960
20193, 258
78019, 903
27186, 288
43011, 989
68285, 329
72616, 619
12488, 603
76583, 273
30151, 345
393, 883
51062, 965
38118, 961
74003, 823
8814, 855
44461, 378
59989, 926
26888, 305
6692, 70
3912, 936
17245, 969
3066, 603
14361, 128
69953, 407
44341, 267
53664, 720
31605, 307
30904, 238
60036, 52
8468, 697
61695, 346
59159, 478
17310, 694
71665, 233
58719, 183
2652, 279
7264, 40
53032, 706
42467, 551
70912, 53
37614, 304
23943, 573
7714, 289
54693, 560
73437, 408
38871, 860
38001, 220
30086, 386
38482, 72
44033, 240
71699, 290
51102, 656
28877, 546
41243, 138
55231, 916
65074, 568
51801, 14
8923, 987
66894, 887
66012, 240
224, 655
15237, 37
75195, 969
28536, 740
64781, 953
75574, 216
78295, 285
20677, 187
21956, 938
22693, 408
34072, 845
155, 259
35693, 398
31888, 319
14072, 602
8162, 519
25502, 85
45347, 338
79246, 746
3572, 986
43609, 765
15866, 376
42805, 576
49076, 811
22344, 39
30698, 713
54731, 954
61902, 805
59263, 961
60137, 559
4379, 839
13442, 462
1524, 331
65236, 807
66701, 90
30728, 563
14338, 733
65038, 609
56868, 598
43975, 760
56679, 767
68863, 764
20478, 638
24391, 932
14949, 496
48116, 152
37797, 363
4911, 984
52789, 811
71145, 316
69945, 181
52378, 372
62756, 600
37991, 306
62378, 14
26918, 60
9433, 589
66235, 824
8163, 526
28869, 923
9636, 282
78202, 563
47143, 31
24215, 798
2047, 523
48813, 596
78510, 974
50277, 78
8637, 765
23570, 456
46707, 433
8682, 366
47836, 988
22916, 115
7935, 623
66720, 766
22868, 540
16582, 958
11085, 979
8362, 393
50608, 444
62076, 860
11459, 773
58420, 671
36305, 385
66507, 264
10951, 346
36910, 366
37089, 706
55520, 655
39812, 674
28081, 188
31375, 157
63000, 706
27110, 670
27321, 971
7284, 779
22325, 685
10275, 639
53181, 879
1770, 459
51960, 450
5808, 433
2963, 352
64834, 159
48899, 549
24779, 248
43700, 599
26154, 149
21009, 797
56399, 773
63216, 222
68674, 954
29976, 520
26965, 846
40746, 940
75079, 664
55619, 131
5280, 704
1999, 44
8077, 208
75665, 670
23726, 254
28705, 800
3599, 176
34728, 872
74860, 406
35850, 0
29173, 748
18111, 364
19619, 396
17613, 485
2842, 963
68145, 129
64285, 218
54044, 684
70001, 626
18884, 636
17819, 458
18180, 461
29117, 680
75898, 581
29996, 931
56974, 38
32500, 878
10164, 65
10959, 957
67181, 900
73593, 919
43488, 845
69374, 609
22600, 918
52447, 19
42653, 546
5075, 354
69982, 887
26384, 931
18443, 734
34129, 548
76204, 944
71161, 390
72670, 674
45577, 842
41864, 616
23284, 96
31547, 621
9078, 743
49787, 97
48584, 95
71374, 958
75399, 747
14726, 844
72002, 429
44736, 335
72329, 352
20015, 178
22137, 127
8204, 540
7141, 949
11562, 472
48979, 843
37785, 511
62939, 240
76359, 636
17972, 373
27864, 505
710, 880
4811, 714
69996, 690
76555, 672
26435, 262
72843, 211
50841, 241
9542, 401
64201, 800
35746, 863
65420, 687
61563, 694
44561, 408
50054, 629
63652, 119
39240, 787
77275, 163
53283, 847
36921, 903
41434, 938
42238, 271
24609, 808
45705, 656
77176, 473
17357, 687
32557, 506
56107, 862
8022, 564
11881, 696
28532, 414
4669, 869
641, 191
56782, 696
49700, 802
36790, 457
77627, 853
39043, 641
6686, 456
43328, 467
69089, 812
20895, 914
6339, 805
16526, 499
75332, 765
66192, 479
23996, 405
49050, 84
10339, 198
41123, 454
43318, 558
13493, 339
38435, 171
49338, 366
19854, 390
12792, 520
38842, 137
19744, 796
4476, 254
20079, 347
35832, 341
57903, 198
546, 234
74869, 683
73671, 791
14964, 491
48654, 544
74584, 180
13721, 356
43402, 161
19510, 688
19723, 281
40466, 660
50468, 584
56546, 424
34440, 505
20723, 302
26378, 139
58264, 58
3075, 956
64631, 223
28507, 449
64625, 733
27206, 924
39963, 143
34438, 918
3956, 421
39462, 354
78618, 762
63360, 718
72673, 428
31816, 139
47786, 505
22367, 363
11205, 173
50701, 566
54898, 706
56322, 235
18455, 528
29442, 544
16838, 372
51223, 959
6963, 422
68186, 736
49239, 973
75108, 233
60704, 635
23637, 151
66464, 953
61060, 963
56542, 314
9912, 4
29412, 904
43218, 0
71970, 58
70582, 43
11727, 604
64652, 916
72180, 228
36776, 423
8725, 115
11335, 859
64462, 406
45377, 757
59777, 152
31828, 724
28946, 74
28766, 108
2764, 354
46171, 133
58966, 273
48966, 171
3761, 682
62692, 560
79179, 795
37578, 988
37899, 465
57721, 573
70518, 545
29522, 824
53814, 943
47058, 914
26150, 933
75557, 667
49166, 764
71893, 188
52424, 622
17870, 827
39839, 153
56752, 684
16409, 435
21461, 243
52779, 450
32162, 441
56655, 499
7949, 719
64501, 910
25019, 942
11141, 878
65273, 737
70619, 632
77810, 673
58872, 496
20306, 632
65964, 236
42825, 143
1154, 918
17765, 765
55945, 396
24286, 544
47271, 665
19424, 910
56583, 885
24980, 614
35709, 500
12749, 364
4275, 75
46089, 912
41042, 972
77823, 74
41778, 35
68718, 261
70460, 230
9845, 759
42343, 499
20655, 444
35442, 947
49197, 752
18808, 840
68495, 596
25838, 555
42621, 986
75942, 921
7193, 631
66851, 47
19178, 493
68314, 307
53161, 548
62923, 261
5817, 639
67799, 241
53655, 904
21503, 436
19374, 945
29786, 237
52610, 604
51134, 374
19819, 946
26237, 327
70591, 90
58820, 323
7347, 328
17615, 346
12611, 752
13044, 835
78586, 429
70657, 216
57876, 875
16899, 185
60985, 259
26214, 594
8058, 659
74657, 375
28909, 695
18862, 613
15802, 809
65344, 505
62021, 530
44804, 548
55683, 998
45056, 593
75087, 16
13683, 223
66815, 431
61082, 26
55099, 730
61947, 103
38172, 284
932, 739
73072, 40
68357, 551
77592, 876
51862, 86
5698, 68
70044, 296
46214, 241
74552, 298
37163, 82
42646, 93
60509, 758
46522, 789
59452, 911
47632, 199
65247, 757
46502, 439
23969, 813
17217, 53
23449, 29
27859, 113
57790, 930
73418, 727
1837, 848
35386, 980
59857, 883
49080, 311
20562, 401
16031, 739
54274, 273
27763, 439
41358, 242
67167, 342
22184, 382
19927, 466
3888, 234
2771, 338
62020, 513
67333, 943
54755, 672
15646, 705
2670, 386
41322, 578
58228, 408
40430, 56
60984, 523
37420, 801
44879, 376
23618, 614
17534, 594
56794, 396
52715, 609
50221, 517
11703, 412
16870, 988
62712, 634
55226, 523
39835, 58
11468, 960
76598, 639
31354, 809
46180, 260
51262, 311
52460, 660
42937, 967
427, 279
26202, 333
69154, 891
34177, 823
52912, 822
75341, 522
5950, 382
52984, 968
28141, 582
34514, 393
6843, 636
11191, 423
46221, 179
2864, 127
45194, 454
63766, 597
12347, 662
33118, 479
53204, 417
30161, 86
7994, 843
49633, 595
47976, 19
29850, 416
52762, 734
52945, 366
7897, 465
68432, 665
21044, 848
10125, 904
7126, 435
22808, 959
2969, 141
32204, 366
68407, 593
32478, 742
46201, 361
60888, 58
15236, 360
16702, 767
42668, 487
31875, 214
73841, 63
7724, 315
44878, 640
67226, 347
29516, 55
53595, 382
20097, 217
43653, 155
6590, 345
11352, 594
62904, 88
24294, 394
9287, 589
12028, 887
42386, 882
49565, 479
70794, 16
66635, 672
3372, 194
36568, 46
37251, 61
23448, 962
78674, 956
44847, 790
66537, 378
78432, 704
36399, 970
60351, 14
27121, 520
30659, 612
35214, 284
64056, 997
53051, 283
27726, 764
64235, 136
46658, 154
52485, 896
37255, 793
27361, 768
13467, 24
58884, 309
52960, 479
13224, 959
32703, 408
76136, 51
50527, 726
77780, 841
73879, 993
71871, 658
9716, 855
19917, 604
34504, 152
9471, 952
73303, 183
50881, 813
35745, 313
63364, 776
56670, 507
53560, 957
43270, 175
44698, 897
73033, 842
78339, 470
29784, 909
60726, 964
19676, 794
51365, 373
35293, 946
50114, 557
55879, 157
44214, 455
31832, 904
11595, 247
69469, 905
471, 999
50186, 712
1027, 771
35784, 495
2028, 790
16946, 553
15170, 307
47984, 910
33164, 649
55503, 13
66792, 174
71477, 131
64400, 846
19132, 657
27190, 602
75388, 886
72811, 44
14644, 705
26988, 918
55812, 32
1782, 376
2487, 870
54521, 272
45899, 565
60327, 994
58273, 440
4676, 331
3197, 160
57307, 731
29145, 150
74782, 590
41862, 172
32625, 167
19990, 557
26517, 768
36588, 111
43199, 217
16575, 351
59832, 908
42228, 255
50248, 314
39335, 539
22759, 926
28150, 875
33227, 560
13600, 759
39403, 227
23377, 502
61419, 751
22067, 146
58798, 196
31304, 384
18735, 442
75045, 810
11653, 395
73394, 696
70369, 852
57997, 206
25915, 108
32264, 256
61818, 621
70085, 548
5310, 586
31703, 777
2901, 687
13179, 514
38014, 452
46230, 528
68493, 245
46405, 792
7238, 626
20270, 448
11336, 848
71165, 16
55029, 320
27338, 782
63498, 296
24138, 304
65014, 249
52136, 421
31150, 212
71664, 629
64617, 942
19400, 867
32509, 413
76243, 877
37171, 808
28555, 475
31515, 799
24330, 987
3742, 700
23208, 463
27761, 520
60729, 421
78759, 243
59785, 147
27816, 459
16889, 801
18131, 626
15833, 730
27942, 511
39412, 294
69408, 982
8930, 506
35762, 914
25186, 319
21603, 864
29239, 256
26421, 974
36928, 726
5181, 555
62517, 169
4700, 829
42659, 454
58703, 546
31886, 11
1665, 142
3732, 229
54138, 745
63418, 856
26507, 102
43994, 844
34058, 306
13479, 363
46493, 868
26325, 573
18558, 327
32494, 643
3218, 858
70984, 746
4776, 10
1015, 531
63247, 816
22525, 966
67037, 452
74939, 582
38353, 909
68640, 228
7176, 450
20229, 57
14987, 82
14260, 467
23594, 318
73997, 938
30836, 474
7234, 717
44458, 59
51522, 385
37868, 54
22594, 982
40786, 463
70963, 249
25882, 764
12427, 484
48417, 783
34056, 836
78227, 473
60339, 560
30196, 890
23239, 552
74576, 460
37334, 797
30787, 717
45683, 44
76007, 2
52648, 984
78508, 73
40719, 820
53600, 440
4383, 113
55015, 899
29219, 450
49149, 482
49891, 662
12139, 735
93, 849
59961, 435
13148, 951
31013, 656
56375, 913
77410, 678
22848, 52
64252, 506
18297, 738
52850, 255
38804, 201
68592, 376
34571, 59
72676, 717
67796, 417
20628, 272
19787, 831
79547, 54
65291, 246
36222, 247
67139, 948
68508, 492
31162, 213
33037, 900
18270, 500
58700, 54
54914, 720
76094, 885
57825, 528
47982, 79
73432, 249
65089, 495
22560, 487
4806, 997
13102, 5
4889, 166
76559, 757
16460, 118
4113, 785
55676, 442
32031, 802
22468, 465
33221, 934
24218, 255
52895, 778
733, 822
68246, 662
23789, 309
54616, 631
5695, 897
49022, 37
9980, 497
57580, 950
71423, 809
34103, 5
51656, 480
37321, 836
70795, 300
66224, 175
73918, 270
48495, 417
23566, 147
49279, 121
75041, 579
35545, 42
9690, 389
61721, 117
42235, 75
70800, 174
59463, 53
52792, 327
51061, 596
14026, 649
25931, 809
25791, 730
46114, 181
34117, 295
25413, 585
31877, 826
25513, 857
48750, 771
2510, 718
16489, 960
35025, 276
38429, 324
21091, 578
42165, 513
14624, 182
18027, 233
49893, 403
2739, 928
70594, 309
7657, 337
2800, 799
51880, 652
72083, 779
61130, 961
46480, 47
69560, 898
13226, 996
7514, 986
20108, 530
52029, 517
68425, 582
23791, 887
55711, 851
9711, 495
3836, 367
67241, 687
40501, 905
53438, 922
69637, 589
62060, 0
17060, 658
51444, 181
64174, 792
40246, 910
21976, 474
53751, 50
72537, 867
75590, 768
69361, 796
69541, 862
33257, 645
72438, 277
48725, 927
69015, 759
70785, 592
23018, 825
945, 142
45825, 72
51885, 458
36503, 781
49585, 375
78164, 202
67522, 771
23535, 54
62685, 156
64598, 775
29320, 682
29401, 386
12501, 257
36617, 710
26457, 145
12551, 265
62135, 391
17243, 459
45955, 900
1651, 841
26842, 536
55350, 1
50099, 415
74020, 708
69775, 912
19617, 922
26658, 310
73530, 791
53448, 587
53511, 309
53311, 593
40706, 412
44194, 790
60761, 220
14900, 649
25395, 977
22989, 314
55156, 510
34115, 823
15177, 888
55115, 498
35655, 965
55118, 324
68661, 329
9109, 955
28752, 433
42367, 246
11885, 174
3620, 737
76793, 723
14181, 588
19446, 817
54040, 381
28344, 441
75731, 529
3149, 990
13872, 597
35654, 692
51591, 996
54805, 728
48277, 881
321, 656
45142, 852
33457, 167
3643, 574
75901, 33
5624, 882
62626, 555
3515, 383
46879, 990
71482, 155
55218, 789
76457, 325
19337, 312
50284, 474
78306, 16
59816, 887
72695, 80
11041, 575
13856, 272
14719, 516
16185, 955
5003, 495
69036, 572
8873, 198
60769, 452
51875, 607
36283, 480
38279, 699
51216, 610
37370, 309
34363, 33
72299, 484
31237, 427
4758, 727
59681, 996
43458, 758
16663, 113
76539, 388
33850, 265
55749, 925
54239, 997
13932, 738
18831, 825
15912, 88
21207, 974
64367, 907
73272, 307
33438, 309
20852, 125
54555, 899
2950, 31
72763, 757
69872, 316
46430, 446
78927, 402
56300, 545
28582, 604
47215, 131
25301, 979
20017, 742
54221, 21
34372, 988
6706, 154
16078, 439
8971, 469
72303, 69
6468, 675
75836, 605
72390, 381
4666, 528
21525, 951
1480, 182
17314, 839
57535, 34
63174, 790
75709, 181
51044, 425
7322, 51
44380, 33
18187, 524
36597, 582
63091, 211
29779, 858
25014, 164
57855, 21
4017, 864
10109, 167
58295, 26
63291, 474
13510, 342
31033, 213
13913, 987
61124, 327
73614, 892
19468, 369
42160, 100
21050, 374
79097, 812
2660, 972
79537, 321
23481, 140
77513, 314
65974, 488
42315, 650
69044, 839
18311, 796
63077, 613
60854, 466
61554, 316
47443, 260
72155, 651
53823, 200
1834, 623
55947, 61
19924, 821
24680, 445
36303, 458
13354, 89
60625, 292
6684, 614
25937, 124
36039, 236
62491, 846
14463, 902
33581, 840
27765, 596
47421, 518
41551, 927
43172, 749
79074, 851
48254, 55
35313, 849
67127, 70
23549, 682
77214, 319
49665, 249
15633, 533
47989, 532
52446, 155
4392, 750
36594, 90
25834, 8
23609, 385
11482, 320
26482, 227
71088, 489
50428, 187
11148, 247
30852, 336
23431, 119
23607, 968
74916, 854
25065, 101
37481, 99
45543, 465
51129, 895
29502, 247
12752, 8
77997, 473
33108, 683
60697, 416
49617, 903
34811, 25
70993, 542
58235, 704
2468, 426
61935, 182
56100, 680
19789, 738
67202, 569
39045, 739
37184, 311
4557, 626
72804, 694
74136, 493
30475, 967
68047, 856
29819, 88
79772, 155
31836, 691
72940, 539
73296, 342
58430, 482
10312, 867
43210, 430
11371, 507
15511, 331
57965, 849
7154, 297
7918, 220
70927, 674
43770, 772
14249, 947
10100, 908
69521, 913
47757, 757
18876, 216
45537, 526
54689, 115
28628, 219
31988, 486
7000, 934
39577, 87
31200, 898
41384, 389
77226, 574
22031, 858
32537, 63
64750, 189
26411, 476
42760, 590
49247, 839
36123, 5
67313, 800
43432, 888
13327, 878
10094, 681
1593, 258
59572, 898
34631, 379
75416, 174
24353, 714
32796, 121
11476, 637
33430, 393
69911, 629
61535, 679
44779, 56
79846, 368
31432, 87
36667, 986
53914, 40
69076, 823
15876, 999
5643, 855
15939, 467
63876, 961
48271, 90
18576, 600
53910, 842
17810, 918
13916, 496
17448, 550
67429, 487
51582, 583
71573, 927
51194, 69
76607, 686
38969, 108
15607, 240
33937, 547
17905, 783
499, 384
54723, 364
43175, 849
9746, 565
77077, 85
22779, 583
54796, 218
58579, 679
1796, 567
62358, 138
13974, 427
75806, 832
23152, 745
56368, 364
34602, 155
64947, 916
62235, 34
77885, 341
58069, 933
69166, 904
55838, 480
10184, 341
54994, 497
47416, 112
10366, 971
55717, 812
75890, 473
24178, 930
72648, 983
55391, 298
23164, 332
35687, 824
59729, 811
23703, 963
39468, 986
59894, 679
7146, 305
15366, 311
7909, 89
73020, 130
7967, 802
71349, 298
50391, 168
57105, 918
19227, 528
28870, 184
73301, 241
74692, 615
27746, 953
3869, 286
7006, 103
23273, 160
33606, 268
59748, 902
59268, 619
45481, 192
5538, 983
28901, 934
9539, 579
56564, 87
44586, 583
46203, 100
9775, 971
42299, 477
73187, 456
76049, 163
57644, 899
44744, 470
63674, 613
32562, 850
45497, 47
33507, 330
21864, 709
30601, 171
8728, 972
38186, 930
3716, 195
48937, 844
76331, 826
14346, 405
67393, 638
77127, 540
35054, 659
6542, 627
3558, 479
33695, 151
17247, 238
27141, 143
31198, 545
76875, 162
4098, 432
45459, 474
50603, 145
22866, 68
38127, 167
55272, 186
12996, 698
78985, 71
33862, 844
34681, 478
24226, 521
77252, 315
4963, 780
23482, 195
53187, 774
35134, 423
17775, 899
52644, 604
77036, 984
16161, 804
4767, 22
59912, 334
58669, 131
264, 901
17962, 239
31433, 894
20465, 735
61998, 556
24745, 875
46163, 63
52963, 230
15512, 555
60373, 109
74975, 982
13119, 178
62953, 649
54983, 975
47353, 603
76552, 767
64449, 387
1292, 314
43672, 78
39145, 819
40198, 52
39696, 903
40914, 59
1527, 126
26111, 439
27504, 838
31947, 515
1802, 147
18865, 761
75717, 669
29045, 656
53589, 382
25718, 29
67955, 252
4769, 652
28714, 464
12321, 606
59866, 244
14909, 577
15647, 198
60770, 760
55323, 782
29873, 341
43531, 411
9559, 313
61139, 696
32351, 585
3945, 537
26884, 730
11221, 633
27659, 752
65506, 777
57206, 696
13326, 435
19191, 990
11031, 481
78668, 196
54787, 448
74204, 550
22172, 155
62064, 959
6757, 478
26341, 834
40100, 660
18744, 242
195, 670
19697, 907
26784, 45
15693, 78
7933, 198
5998, 725
53318, 720
50761, 881
41995, 920
54364, 120
53831, 584
62569, 551
43509, 38
77202, 197
18047, 202
39475, 640
5055, 422
64747, 553
25154, 887
72572, 636
61016, 593
54092, 53
6953, 934
13623, 123
10598, 480
53786, 698
4981, 753
69761, 136
30733, 886
41974, 800
18424, 142
71155, 774
79564, 28
52827, 763
60555, 342
11609, 508
42430, 314
21943, 16
4918, 979
45866, 877
12345, 496
68990, 730
14961, 920
7837, 880
40491, 374
3560, 241
34080, 869
29672, 521
51110, 865
34559, 641
2164, 177
70708, 82
49261, 50
51150, 205
79578, 960
70079, 247
68411, 454
6453, 520
66, 905
41333, 322
61867, 996
55447, 429
37358, 66
59477, 721
62592, 897
14205, 904
56280, 496
68220, 984
69884, 837
39441, 169
8738, 740
30686, 633
29843, 107
67093, 151
14319, 388
21088, 838
48149, 271
4647, 195
74635, 753
68830, 692
66934, 711
163, 484
25353, 369
32504, 737
52001, 620
26476, 662
77809, 616
32348, 775
17629, 984
69473, 950
73874, 57
56882, 95
57674, 575
41125, 334
52067, 368
41392, 366
45845, 672
68520, 849
59256, 128
15438, 556
77624, 409
79328, 107
56070, 621
5619, 155
78251, 856
40395, 471
18201, 176
43221, 516
55414, 229
3570, 9
4044, 660
8171, 868
38736, 743
72215, 656
21779, 723
1773, 796
28424, 309
29874, 583
58988, 610
20825, 44
28413, 452
58257, 228
32917, 670
16828, 263
22649, 592
40520, 66
48199, 513
39325, 382
33571, 51
22112, 486
41958, 78
42534, 625
78321, 405
40920, 756
37579, 886
37127, 637
37038, 669
74432, 352
19561, 750
16984, 703
62742, 415
53899, 370
65511, 774
11082, 679
74046, 40
63357, 301
32798, 186
7186, 272
68711, 323
73005, 600
73709, 24
41605, 574
53368, 334
31024, 908
24162, 212
39369, 657
65180, 675
76165, 652
42960, 139
33425, 566
64339, 29
25359, 222
78579, 464
75904, 552
2012, 594
45580, 187
78362, 174
13153, 132
52690, 39
7672, 294
70322, 55
5597, 803
74368, 925
63318, 376
5724, 187
4631, 619
20061, 778
71635, 672
68569, 517
48988, 466
78532, 1
34688, 551
70588, 263
380, 483
78225, 346
31704, 438
13427, 843
2783, 191
59578, 653
8164, 57
51403, 1000
28845, 637
70200, 900
60165, 624
43066, 355
39651, 253
61764, 416
71244, 741
47413, 713
13658, 351
5616, 495
26004, 107
1581, 258
23054, 444
33860, 315
9810, 393
14117, 48
58358, 102
52805, 633
32177, 329
49397, 156
54572, 378
66397, 146
55198, 481
24894, 376
58883, 71
62817, 88
3605, 312
38757, 998
38387, 742
38402, 18
45294, 517
19806, 699
78105, 438
15640, 519
20616, 38
1828, 362
72477, 931
47040, 34
78786, 167
42307, 108
49253, 186
40702, 123
12510, 500
50310, 64
8007, 16
79397, 282
48361, 196
35548, 151
1206, 198
57012, 643
69553, 936
6635, 826
69774, 619
76796, 754
35708, 377
30491, 56
48796, 31
28838, 405
41016, 601
53039, 860
51956, 208
48013, 196
14958, 880
79993, 954
53946, 264
71228, 309
12732, 918
9797, 51
45216, 16
34794, 751
34350, 484
67762, 82
58582, 129
3245, 316
30348, 696
10615, 603
631, 460
68771, 980
27640, 566
30807, 405
69787, 100
11688, 347
15614, 997
71392, 198
67959, 765
26189, 222
35938, 228
21578, 53
18942, 447
37563, 967
56526, 740
29890, 94
6956, 574
56765, 808
2318, 58
49856, 127
74985, 740
33114, 724
38221, 817
61896, 998
71491, 760
52353, 59
485, 120
24536, 736
37590, 855
57676, 22
18335, 552
29623, 75
19752, 739
49101, 964
56055, 956
60350, 359
53652, 925
62699, 379
61633, 588
54084, 224
70517, 678
19747, 882
4853, 963
51332, 555
31481, 321
74376, 269
18123, 7
28145, 850
79861, 519
57946, 138
31659, 846
58417, 904
42974, 676
5990, 46
59302, 601
73023, 996
74289, 902
71041, 390
38579, 243
38733, 18
412, 164
65448, 495
70815, 500
46193, 106
37729, 312
40221, 252
23496, 294
11930, 890
78606, 175
38934, 407
15162, 629
16169, 600
56535, 245
54189, 994
27506, 453
35496, 539
76371, 517
31996, 318
9794, 724
72979, 284
64529, 808
6528, 877
55240, 38
60784, 874
68101, 538
20446, 858
22349, 975
36712, 116
15269, 473
35107, 366
19904, 223
62683, 262
26991, 780
56689, 547
61895, 546
47422, 862
49313, 453
18565, 528
73832, 243
71868, 248
75838, 14
58426, 661
19838, 875
79573, 242
29135, 905
5299, 278
6097, 574
71915, 159
30993, 84
60015, 473
16260, 581
74511, 778
23145, 697
79747, 967
42746, 902
44143, 747
47701, 181
44622, 508
61932, 747
39293, 649
21854, 261
10267, 481
652, 641
18916, 649
48208, 547
54179, 26
29930, 800
36423, 460
36584, 665
39737, 876
15606, 881
25208, 331
75086, 463
74358, 670
51625, 920
353, 812
3306, 325
38088, 329
46359, 138
63403, 420
63258, 197
70543, 600
60421, 843
44775, 718
68933, 465
57073, 693
43817, 116
24528, 814
45789, 589
29741, 971
73972, 298
44887, 629
68356, 873
68908, 752
56808, 283
148, 1
11054, 969
75936, 876
45740, 682
78846, 32
55221, 269
8399, 371
36241, 282
25690, 622
74579, 258
21988, 262
23661, 671
53254, 719
57406, 724
54836, 466
40725, 641
60687, 171
10697, 687
21188, 921
45985, 878
39600, 978
70027, 681
79721, 331
78088, 362
25593, 748
28158, 927
25201, 459
36796, 852
33541, 839
25619, 140
63567, 271
4510, 671
65629, 996
77200, 734
58554, 539
43964, 979
25462, 721
13985, 80
41355, 961
23904, 732
43406, 247
20182, 733
23772, 95
74990, 666
52650, 120
34987, 80
36382, 673
34899, 838
58858, 178
67506, 37
27435, 898
11424, 99
13833, 440
49629, 669
46835, 559
16800, 526
60474, 130
35958, 223
63546, 13
51404, 204
41194, 545
75786, 923
61792, 650
25156, 741
50347, 423
3529, 859
569, 820
22508, 790
58732, 622
65250, 935
24592, 316
14951, 455
5853, 184
54228, 874
31694, 859
26271, 488
28560, 655
48510, 396
44955, 866
23614, 166
3949, 523
76143, 126
60155, 617
60207, 555
24327, 945
67418, 308
31718, 250
27469, 437
29802, 599
74299, 956
75782, 503
2180, 990
28992, 761
72312, 364
18637, 639
42581, 693
67570, 452
4549, 550
25481, 26
54673, 315
35962, 844
37765, 957
24753, 247
7961, 414
59423, 525
58407, 590
53673, 807
23099, 825
51098, 711
73969, 223
42750, 628
62544, 533
49190, 196
11186, 485
29150, 931
46861, 866
41354, 603
21927, 971
77254, 944
22526, 661
61712, 434
2223, 934
78747, 567
21439, 213
14744, 511
73075, 161
4193, 654
40536, 140
50083, 104
76923, 929
58017, 559
14148, 333
59354, 977
60032, 295
78428, 24
66131, 984
45961, 475
9544, 915
71401, 491
41886, 202
37736, 155
65653, 610
28313, 1
65092, 50
37230, 247
34280, 34
12246, 994
44193, 698
47598, 12
37194, 49
17991, 110
21867, 440
36433, 33
38426, 681
21628, 406
73793, 658
24093, 773
45116, 977
63112, 569
55153, 962
5085, 513
1182, 983
7286, 587
29251, 457
51004, 887
47739, 857
4306, 583
32773, 804
18788, 622
9695, 803
76132, 27
60878, 457
31039, 135
74396, 361
46097, 431
46092, 306
6966, 427
22844, 88
3111, 522
17321, 351
60062, 252
27925, 963
60088, 681
67973, 283
19818, 439
38180, 316
53503, 315
19780, 478
50941, 803
12475, 287
23296, 929
17130, 185
30599, 722
39308, 615
74550, 639
14853, 879
71156, 131
70381, 99
68635, 55
26930, 457
43034, 932
79896, 598
55924, 831
30603, 59
37212, 220
70443, 363
72307, 292
76121, 827
79959, 278
64299, 614
1213, 59
67380, 700
49896, 413
47002, 946
31650, 458
47308, 847
77496, 746
56236, 145
11019, 830
69439, 930
76663, 71
32615, 65
57583, 205
20376, 839
18847, 97
37431, 857
38492, 746
72891, 155
55467, 541
15550, 710
25709, 975
21273, 733
62247, 956
56886, 772
51205, 615
56889, 257
37820, 314
24123, 202
16835, 157
51107, 876
47993, 987
33662, 765
35941, 655
25182, 193
75183, 804
67044, 197
68597, 706
38980, 523
74891, 224
29832, 333
74943, 840
30779, 314
8854, 64
57357, 102
44401, 805
61313, 156
23924, 118
49998, 660
56668, 503
54679, 891
56999, 696
75085, 928
17814, 69
3302, 627
69899, 625
39872, 714
56492, 656
56165, 935
57727, 218
79152, 813
47380, 263
40867, 659
69347, 385
40639, 24
51521, 450
65233, 382
19096, 744
28483, 733
54256, 149
7466, 442
46712, 733
39202, 496
12623, 9
67293, 37
76293, 749
25049, 149
2445, 796
16540, 580
624, 437
19638, 631
20549, 600
51362, 56
59262, 393
49744, 281
5640, 265
40258, 608
20062, 249
41097, 471
18921, 529
22572, 550
56417, 801
633, 356
61838, 44
50100, 589
53316, 359
55566, 328
77475, 887
48161, 865
29160, 37
68732, 62
75033, 119
12754, 408
33411, 770
47152, 109
52736, 826
39758, 609
12370, 574
52095, 41
47035, 448
57080, 758
31613, 499
32281, 236
42586, 964
72754, 199
51786, 441
77977, 792
7303, 625
76439, 83
63300, 727
5926, 480
12735, 374
37066, 604
61328, 621
68801, 16
63800, 335
7689, 550
25978, 500
63087, 471
38731, 703
58121, 402
68325, 235
67061, 719
69000, 202
20850, 700
64885, 423
15928, 41
72043, 343
66187, 583
37735, 0
59858, 108
38591, 957
53629, 811
28602, 923
17085, 129
65196, 880
17048, 705
24590, 869
2909, 767
8615, 935
12670, 200
78921, 125
36327, 567
43469, 893
65475, 499
34816, 779
5984, 267
5967, 166
4556, 899
17508, 660
47878, 697
59635, 201
67654, 3
15365, 370
68571, 49
1172, 122
31475, 67
78129, 156
7649, 343
39519, 118
59965, 147
15551, 710
63417, 437
52009, 452
75374, 799
72014, 176
19731, 352
7715, 933
70350, 268
74023, 978
15372, 539
44243, 648
29598, 312
35292, 307
3338, 215
59131, 556
50295, 679
9600, 62
7752, 603
39193, 765
10041, 931
17015, 658
52275, 847
53777, 985
17366, 315
45330, 487
7706, 371
55598, 798
55549, 937
48573, 79
79776, 193
22571, 67
7173, 535
27462, 656
9985, 931
64195, 464
21964, 256
25379, 843
76488, 74
68323, 742
9989, 218
77168, 290
50048, 462
58623, 621
5836, 448
61681, 571
73070, 297
58339, 930
58211, 695
46296, 536
67960, 543
42373, 24
50918, 151
56105, 372
18398, 948
36573, 687
44466, 820
71814, 583
15179, 813
11480, 549
67608, 999
16071, 625
22178, 160
71951, 137
36093, 347
7583, 13
3030, 723
9856, 984
38824, 189
2376, 621
44315, 650
52766, 488
4030, 929
16301, 340
55072, 650
38825, 168
58572, 903
2840, 804
46914, 342
64233, 346
22509, 670
9997, 13
66382, 364
74940, 239
68588, 803
38330, 792
39352, 887
13217, 36
10200, 309
49732, 199
22749, 1000
69073, 158
8861, 360
6878, 601
23119, 732
66279, 843
66928, 495
17705, 703
35671, 233
27033, 669
31896, 808
67716, 60
6665, 557
64854, 652
79995, 877
29747, 614
52557, 31
22364, 537
21018, 651
8600, 739
45376, 798
77041, 232
52341, 566
2038, 523
19799, 895
36754, 429
57270, 65
35875, 82
71783, 736
39714, 61
37906, 683
63632, 91
18848, 107
12313, 337
2172, 862
49566, 729
74583, 523
27109, 730
76938, 729
37459, 865
10795, 436
21765, 107
37924, 267
5133, 882
60742, 666
11083, 543
60281, 115
75542, 874
27857, 502
16780, 375
18319, 607
16730, 758
65559, 710
10416, 785
19925, 187
42892, 107
78397, 457
40611, 16
24411, 331
43342, 200
64680, 956
37938, 291
8722, 411
50366, 500
30822, 72
24175, 199
44860, 285
15674, 46
71580, 67
31701, 908
47281, 168
73236, 442
60877, 532
3242, 819
21668, 191
64893, 598
25779, 769
49875, 238
52607, 63
12666, 631
69851, 773
56019, 57
13724, 952
15478, 353
30825, 573
67263, 26
57564, 439
8695, 25
78979, 929
59890, 618
51472, 724
7394, 275
2568, 137
60255, 883
49750, 334
58737, 676
50065, 587
60584, 320
53074, 152
53424, 710
75100, 291
44462, 314
71960, 976
44960, 805
5587, 541
58182, 519
64608, 944
51363, 163
66878, 43
41182, 910
22771, 187
74401, 615
7709, 312
70590, 830
69849, 277
42510, 134
46797, 742
59978, 545
54439, 7
55997, 816
56743, 410
36541, 517
79498, 48
23266, 286
35352, 788
10239, 756
19144, 72
47950, 355
76584, 162
28765, 939
53872, 659
42860, 782
20282, 509
33358, 922
16139, 420
70805, 598
2617, 446
72852, 324
53202, 296
39833, 849
45995, 64
66785, 495
69939, 322
50162, 299
78470, 348
18216, 396
17809, 916
56507, 298
74382, 758
4585, 697
35230, 742
50975, 230
66940, 90
73062, 930
31796, 579
28600, 329
53224, 806
19756, 134
36109, 880
78986, 753
6934, 272
72108, 965
132, 2
37178, 914
6780, 428
60875, 737
22605, 607
67206, 950
66148, 576
68480, 282
58143, 291
51285, 573
14661, 55
70527, 765
74932, 346
8214, 171
21944, 928
39023, 926
36905, 137
3645, 211
72941, 21
75498, 403
77363, 6
16821, 773
24092, 382
31761, 265
10716, 326
7740, 615
62156, 12
51509, 332
34272, 584
8160, 98
43977, 209
25675, 498
71065, 58
37203, 603
50518, 940
63976, 122
78345, 219
44720, 1000
36645, 224
14304, 903
51614, 115
3581, 572
73531, 902
23999, 785
51016, 771
39900, 939
749, 321
75103, 191
47753, 952
72281, 830
63807, 856
76505, 676
49717, 800
62922, 425
61086, 252
64820, 601
66547, 242
77847, 465
30117, 821
50844, 168
77337, 323
10295, 103
66951, 288
4360, 840
37893, 173
65902, 524
60653, 59
73777, 682
158, 777
46994, 104
52724, 504
37933, 829
9220, 222
58226, 522
47049, 609
9368, 922
77032, 155
20527, 316
71681, 358
9249, 222
54436, 41
52701, 956
198, 236
2647, 298
22942, 430
48301, 449
75768, 162
68909, 680
73202, 224
79615, 587
79444, 97
66999, 291
35614, 870
45493, 226
29189, 316
31230, 424
25981, 431
56134, 671
6096, 931
6809, 641
33226, 903
74125, 371
7928, 752
5566, 699
34193, 7
50228, 157
75549, 105
608, 103
46831, 690
72479, 240
77522, 356
70848, 921
30157, 94
28080, 38
43071, 2
43655, 614
58810, 42
67503, 57
26588, 861
34463, 707
41865, 167
12402, 534
7432, 98
64432, 911
77, 773
53761, 408
37541, 655
70124, 147
27007, 325
7906, 417
37650, 883
21485, 731
37419, 533
9235, 385
25639, 863
49020, 488
37147, 73
55642, 854
12453, 711
11699, 558
58846, 344
6773, 923
23407, 452
49325, 647
14502, 474
23531, 641
40467, 707
75242, 4
6785, 889
17391, 478
3955, 382
10420, 286
4747, 380
303, 239
47858, 941
48481, 537
34643, 218
265, 71
66275, 157
26046, 838
58564, 353
43399, 516
1163, 366
51361, 509
39123, 705
7427, 10
45145, 750
73647, 696
19354, 229
2255, 366
1646, 134
74223, 77
76364, 725
5062, 528
11746, 12
75016, 430
194, 16
72009, 443
72950, 968
62403, 943
74232, 59
51789, 417
32582, 521
65408, 485
3227, 437
40509, 17
8071, 189
33521, 977
78984, 702
49177, 919
12817, 761
63007, 723
43526, 689
35904, 305
27123, 758
53017, 569
20102, 30
22839, 331
751, 351
2939, 691
68184, 756
54444, 773
48341, 269
20884, 486
59487, 480
27890, 233
17127, 691
55784, 492
15281, 26
49832, 236
50071, 118
70806, 197
11939, 423
55684, 331
64736, 832
46527, 505
13508, 326
9213, 768
68475, 272
377, 603
10624, 820
3204, 866
55837, 835
69652, 758
38993, 773
8326, 769
35179, 554
67742, 330
57911, 962
70210, 911
54823, 364
2229, 38
32088, 140
39147, 324
6976, 342
55297, 437
48968, 628
22108, 226
5096, 427
1912, 725
2671, 18
27617, 665
71929, 620
13586, 46
71175, 14
77301, 423
28197, 681
25168, 9
70998, 33
67002, 33
8318, 538
50750, 822
57108, 482
43997, 578
64848, 362
16340, 31
26273, 926
19365, 4
57365, 913
30514, 777
45253, 53
2375, 589
78645, 37
68961, 501
70302, 343
17692, 857
915, 292
19862, 883
75885, 25
53455, 651
76588, 186
18479, 685
13798, 449
40989, 281
26305, 57
45396, 653
15514, 645
62200, 378
60500, 935
10103, 593
34262, 961
44502, 208
24799, 460
36394, 129
45323, 964
32540, 205
63856, 289
18550, 833
36329, 2
46662, 225
55373, 642
62781, 397
16696, 907
75779, 897
67244, 848
19194, 240
21612, 999
14866, 320
16581, 922
63830, 810
12544, 576
76469, 924
65298, 425
75990, 652
20971, 509
15549, 959
1958, 465
21412, 152
70083, 233
74445, 893
37608, 212
17768, 517
33314, 775
8910, 800
17014, 431
39389, 531
49038, 853
78077, 171
33836, 378
39854, 643
71754, 533
18980, 759
46117, 208
26587, 38
65301, 755
59210, 905
55273, 89
27404, 351
49795, 9
43683, 46
58049, 952
52810, 296
79745, 813
32514, 417
51723, 419
49552, 782
23909, 331
318, 213
15272, 475
76408, 42
57439, 800
79902, 618
59926, 688
39726, 237
75541, 818
10407, 963
72474, 236
65534, 387
54204, 839
59130, 323
70287, 356
36391, 82
34601, 518
24999, 46
54718, 938
57001, 580
60237, 878
7055, 166
67922, 818
17856, 386
19352, 427
35408, 217
13015, 228
38049, 191
24707, 317
52115, 43
54017, 671
76098, 954
33395, 523
25042, 680
9754, 639
7400, 852
58942, 674
27537, 747
50324, 559
50438, 612
60061, 641
5740, 698
12106, 49
41346, 826
42474, 186
4846, 581
74486, 33
26252, 495
32330, 904
39078, 647
1130, 606
16253, 937
11517, 185
18195, 452
74384, 842
61252, 568
32664, 300
35978, 656
20197, 254
65843, 169
1808, 38
21660, 671
68040, 502
39266, 446
66653, 160
46490, 103
72642, 162
74248, 409
24297, 27
5235, 422
34908, 781
71094, 696
41555, 532
10529, 594
51152, 967
47332, 542
9921, 734
65087, 817
21561, 978
35526, 892
58470, 104
25818, 498
24670, 853
74448, 378
40764, 106
61334, 812
53886, 260
807, 519
71509, 153
1794, 302
36501, 189
75551, 943
58618, 236
72489, 911
65825, 462
37355, 738
28811, 997
12206, 347
46151, 643
38603, 370
32319, 869
66474, 536
11516, 595
52608, 738
11740, 719
71330, 680
72151, 207
28948, 527
2525, 956
39732, 120
46028, 514
31414, 951
58336, 537
38740, 384
47488, 968
9406, 418
74578, 232
7664, 509
54286, 461
26506, 320
15861, 184
52591, 419
76994, 844
3497, 49
31912, 536
56663, 654
58499, 917
49396, 971
46356, 789
34276, 388
79988, 334
56711, 425
15338, 575
63950, 995
41419, 739
64175, 389
30299, 636
14708, 773
62651, 914
63264, 602
9891, 839
68633, 387
61533, 990
25626, 279
7282, 501
20218, 475
48041, 902
64345, 190
59613, 932
62067, 293
10609, 323
5197, 988
34012, 66
35414, 439
58323, 424
38692, 325
68262, 877
35539, 479
49650, 726
56381, 749
20607, 969
18154, 317
63183, 880
17091, 564
23285, 39
64009, 447
73881, 500
52933, 498
71817, 722
50732, 864
2423, 87
28972, 354
22820, 269
62318, 202
61555, 43
21752, 947
68301, 827
14013, 316
40126, 256
42459, 66
28803, 946
25685, 189
35599, 281
10816, 200
34232, 677
36420, 384
59882, 257
67734, 378
4535, 768
60637, 506
39898, 775
19480, 547
44489, 705
5125, 608
53893, 312
8373, 867
14635, 318
14806, 500
50557, 191
44417, 842
20657, 295
20173, 531
57578, 179
75669, 469
34431, 444
33224, 163
53975, 333
58626, 894
51853, 757
64998, 38
8464, 25
48095, 515
5891, 587
24939, 439
75335, 258
77935, 306
15900, 895
4489, 652
50350, 125
59538, 172
44435, 356
31, 808
3588, 231
70026, 831
1349, 108
70612, 580
34142, 587
52742, 922
28347, 983
76328, 768
61368, 146
42625, 129
75858, 471
1780, 732
65947, 238
50619, 395
17645, 131
44002, 347
72355, 541
301, 52
71411, 535
48566, 154
19080, 595
15945, 301
4168, 743
39203, 34
23127, 470
42287, 376
22135, 747
37802, 21
63790, 402
24700, 704
73421, 831
47240, 733
36824, 557
43389, 467
75060, 498
38640, 200
66147, 783
39981, 408
20790, 768
19694, 879
26593, 194
25567, 472
26952, 777
50199, 803
10110, 496
49507, 679
18391, 206
27147, 845
35255, 845
27282, 490
26775, 82
14786, 555
32570, 740
78686, 487
42162, 407
76339, 446
6172, 153
59444, 354
33365, 526
60046, 595
50912, 383
60185, 6
17449, 219
25053, 850
32850, 437
43324, 991
43009, 190
15485, 285
31063, 901
44803, 38
12784, 657
25737, 681
59843, 981
45641, 707
9330, 211
25820, 400
9415, 577
22224, 368
72426, 647
47829, 231
36428, 499
75253, 736
19236, 792
77096, 246
33701, 684
70456, 702
60765, 145
77994, 424
15470, 97
24993, 911
58845, 938
60157, 380
49637, 20
49731, 204
11857, 657
70968, 473
13503, 376
68310, 129
32353, 653
48781, 500
45694, 66
3447, 89
11549, 534
6929, 31
6334, 908
79040, 70
24292, 245
16836, 357
75829, 494
19720, 870
6763, 212
57522, 561
63750, 994
50673, 718
15361, 793
57905, 83
40471, 985
57157, 871
24361, 363
23232, 936
10876, 53
29838, 379
8805, 688
35159, 500
76536, 656
76504, 192
4586, 585
28397, 400
18207, 373
61777, 73
51057, 883
36574, 157
47276, 325
77875, 136
20747, 858
26632, 5
454, 874
46375, 468
49121, 26
36419, 353
76673, 918
566, 360
33941, 292
43086, 639
48711, 570
44664, 829
15729, 625
45002, 304
6783, 382
77805, 484
33057, 305
56614, 165
41302, 595
9822, 499
79852, 425
9462, 930
4783, 20
32692, 692
30761, 79
52295, 705
52878, 449
39177, 621
41250, 290
45844, 416
79726, 113
15949, 584
2244, 658
34909, 427
13118, 327
29110, 262
68140, 704
1022, 391
35400, 172
16256, 578
8314, 118
24137, 749
14939, 823
23244, 596
3425, 832
11293, 257
31973, 274
57834, 64
14891, 55
27742, 574
76756, 48
66942, 998
41872, 269
18797, 287
79253, 768
37987, 724
67207, 997
29511, 678
38863, 441
13789, 558
18551, 755
61989, 818
11252, 996
65422, 339
16788, 543
31126, 396
49534, 271
12712, 487
20324, 103
8734, 176
59453, 443
16021, 826
67276, 703
39158, 719
47186, 776
25347, 535
37827, 899
25858, 409
49302, 183
24582, 699
39857, 272
66562, 106
19989, 30
63468, 473
21218, 282
47674, 247
26533, 940
40253, 608
67137, 561
77294, 830
65746, 417
22431, 338
6191, 366
77233, 17
3091, 981
56191, 403
30108, 486
44876, 701
20960, 406
60464, 366
56761, 317
75496, 940
51964, 630
77560, 441
5588, 218
62771, 534
23172, 802
7620, 773
57252, 780
76159, 870
15817, 286
47968, 37
56279, 718
10283, 719
5130, 653
46840, 721
68827, 999
4573, 186
15889, 706
28672, 964
47387, 837
23435, 476
36484, 466
20069, 82
10613, 947
73450, 786
45737, 680
41686, 341
24804, 774
43828, 405
2587, 516
45144, 265
35910, 321
39499, 353
62885, 701
25874, 853
77844, 353
54533, 518
36674, 503
41223, 424
25975, 640
64242, 805
4623, 416
66854, 295
62510, 199
37219, 55
358, 840
42929, 732
58030, 421
16141, 539
8528, 420
47994, 236
52083, 198
22202, 356
52734, 231
63139, 841
46832, 264
32460, 743
44588, 885
21033, 751
46390, 529
44314, 322
21698, 142
57835, 7
26510, 354
7434, 671
72387, 867
3176, 995
70987, 697
38204, 149
6514, 769
54763, 739
68821, 848
8996, 553
31241, 62
33811, 719
41165, 422
44150, 567
22704, 750
43054, 429
47787, 763
63875, 119
27424, 296
47294, 908
79126, 121
17190, 751
42599, 112
67040, 860
72343, 26
50773, 417
35907, 249
26636, 529
54737, 980
22469, 218
62496, 584
24624, 613
77003, 866
78957, 264
54220, 139
24784, 159
38920, 616
40046, 186
8621, 510
46491, 696
69251, 979
6119, 305
3548, 575
44635, 855
52267, 137
55713, 392
29348, 88
70354, 871
74118, 178
17752, 854
75434, 469
42062, 19
55547, 924
46858, 157
1598, 534
55040, 53
78223, 678
78363, 660
816, 879
69051, 136
49127, 662
24155, 662
13246, 693
54055, 504
22003, 979
25163, 619
61862, 247
77078, 142
73921, 847
18468, 663
68195, 398
64370, 673
57737, 347
64106, 366
79598, 752
39954, 343
57278, 668
41626, 210
11691, 325
55257, 105
4434, 291
79756, 579
46000, 731
75621, 917
55515, 497
61359, 824
24451, 678
4876, 265
47520, 133
20298, 701
8543, 472
12483, 863
57285, 484
53699, 651
1296, 816
5365, 768
11917, 821
48695, 865
2714, 779
61131, 833
33481, 965
2811, 36
13983, 184
20722, 451
71740, 678
10781, 891
54266, 990
55980, 327
13924, 973
43483, 391
29795, 948
77686, 320
17737, 465
35428, 926
32812, 259
7080, 770
10572, 570
35837, 741
11125, 277
67493, 270
32254, 989
43919, 679
29052, 652
19040, 500
60587, 661
16266, 456
42331, 851
17975, 482
60606, 458
19864, 981
57687, 506
49277, 889
35842, 855
35681, 305
14256, 56
48192, 800
36091, 962
41208, 943
14031, 398
79057, 44
24097, 791
16978, 845
28110, 998
24159, 160
28674, 473
54341, 694
12613, 364
7568, 252
52882, 979
11483, 385
47275, 826
28482, 775
2522, 837
28928, 788
43423, 956
59266, 936
10764, 983
55984, 360
73390, 188
27544, 333
46309, 432
61236, 533
6800, 328
28183, 327
47170, 506
23028, 953
134, 282
26633, 891
62954, 131
78270, 906
34016, 418
76614, 28
8173, 492
60419, 699
61496, 11
21437, 144
7261, 90
16790, 803
22733, 534
18301, 399
40729, 865
31577, 980
30012, 573
76795, 417
17003, 420
37570, 133
4491, 51
31099, 618
5250, 873
37063, 336
75210, 774
12906, 730
20531, 959
48556, 262
18828, 536
46016, 403
73844, 11
18721, 941
63764, 419
23508, 297
2847, 798
73880, 811
13712, 411
75073, 586
20265, 760
34485, 829
4368, 283
43284, 310
49430, 33
57292, 753
39422, 654
36734, 277
38212, 213
10387, 493
60578, 853
21763, 500
78038, 276
41863, 403
32843, 732
63110, 501
7440, 801
74200, 898
9408, 44
31165, 16
54162, 255
14588, 491
35720, 74
8847, 731
40011, 509
74650, 246
72743, 723
41787, 584
3225, 837
15013, 800
66925, 925
56260, 643
3745, 113
52452, 326
1748, 187
32020, 39
63505, 493
53800, 956
50325, 730
24861, 986
70653, 374
28127, 380
23681, 431
2102, 789
54020, 91
22731, 196
31661, 238
13478, 897
55057, 72
76321, 776
38511, 725
52652, 934
14775, 747
12238, 924
30739, 543
66090, 956
24632, 240
5372, 799
69680, 59
28019, 921
40694, 537
47452, 132
43452, 101
5819, 367
69646, 177
47909, 91
31546, 800
64507, 437
63430, 864
72760, 145
45408, 425
75852, 720
21813, 481
65047, 103
50894, 423
53765, 183
61921, 20
47617, 432
37583, 938
62891, 151
75232, 100
5022, 449
52254, 92
45319, 157
20299, 535
78056, 852
54982, 198
7114, 25
54724, 817
79759, 803
79386, 261
76631, 734
75626, 925
3512, 182
54518, 3
41715, 753
35188, 885
65102, 447
37018, 541
51938, 806
44935, 483
63307, 698
10048, 589
77018, 442
5535, 298
7982, 81
66020, 435
57553, 310
76576, 693
6357, 674
59588, 58
20331, 909
35617, 871
27634, 142
67319, 125
41791, 86
59803, 723
48860, 472
54834, 422
76413, 185
63075, 362
9346, 949
36866, 446
75881, 320
51772, 494
64417, 437
17361, 350
14739, 623
47938, 10
30980, 728
12696, 798
77328, 318
64767, 690
17052, 103
22029, 401
7480, 209
11385, 165
34936, 273
73239, 363
35803, 933
1804, 473
67945, 864
76554, 545
24597, 111
76698, 474
54851, 566
76215, 412
79455, 994
25878, 90
55283, 99
14223, 515
10060, 772
25765, 902
41538, 670
14106, 21
35240, 173
29686, 685
60005, 767
25479, 249
43472, 571
72169, 431
65803, 545
34271, 773
67940, 138
32874, 500
75072, 970
29532, 755
31563, 846
36154, 997
69834, 590
34009, 596
52531, 275
60511, 875
3805, 266
5475, 201
42423, 532
59971, 43
73159, 438
36466, 504
16170, 874
37150, 154
56601, 103
48425, 905
3137, 892
71271, 34
38137, 150
9017, 416
36825, 983
39247, 143
68253, 623
31775, 466
14489, 751
19994, 863
28518, 462
25063, 897
61679, 567
23639, 402
75021, 282
17097, 671
57435, 740
5760, 280
4236, 958
29108, 809
12148, 227
57983, 674
73217, 320
34551, 221
78002, 239
44780, 349
27995, 433
19344, 507
6037, 864
25730, 638
45773, 822
67954, 940
17899, 951
62141, 402
75228, 526
76519, 289
43323, 369
49143, 720
72511, 634
49805, 154
912, 885
28498, 66
64139, 793
59053, 683
6810, 101
39178, 88
25160, 878
57413, 29
9141, 108
36175, 138
36654, 781
46187, 231
56701, 610
76268, 328
69157, 782
5200, 721
41663, 337
62792, 202
53612, 500
3707, 18
24981, 820
12250, 472
41331, 118
18056, 358
62709, 447
12603, 548
77987, 473
12768, 646
27833, 89
56230, 269
52112, 483
66589, 861
65824, 252
23029, 702
36132, 859
59330, 610
25338, 168
29992, 726
34634, 706
27605, 427
62932, 939
32458, 738
38962, 214
28957, 585
76854, 176
79474, 292
23983, 53
59811, 204
4733, 494
12372, 787
33968, 338
59713, 190
46255, 740
37974, 527
32662, 766
61795, 288
6127, 650
69083, 57
74923, 624
13445, 189
27940, 626
28321, 320
42435, 497
37121, 50
22211, 172
20353, 945
43913, 202
16677, 708
60860, 126
9469, 688
63770, 98
34941, 791
79597, 43
5449, 84
68021, 159
41912, 616
78685, 874
35239, 437
29833, 390
52811, 834
8434, 469
73464, 858
31137, 596
58370, 196
64907, 815
14330, 677
70844, 654
5977, 780
39390, 390
51477, 355
32117, 148
67557, 971
14491, 127
44051, 612
70466, 385
15492, 579
23454, 524
4970, 866
78257, 376
63754, 293
32373, 266
8927, 552
38816, 502
21858, 761
45402, 537
27168, 289
48283, 735
9311, 91
13271, 787
6960, 632
344, 422
54360, 895
58961, 262
22840, 746
50682, 466
9036, 703
72050, 697
37914, 473
79518, 784
15525, 742
46547, 60
47894, 708
15590, 908
73698, 6
61422, 675
23214, 352
64250, 968
41350, 429
4866, 486
812, 849
70244, 418
61024, 178
77283, 543
61846, 106
30038, 475
51272, 575
11654, 829
43002, 34
29990, 600
78493, 333
6643, 727
27567, 423
6198, 162
54373, 595
2314, 968
27226, 885
3937, 829
11718, 931
45936, 176
64363, 671
39573, 273
57332, 270
30674, 621
4709, 483
50692, 38
75819, 597
20326, 14
19395, 221
9077, 653
42379, 767
26343, 66
45620, 851
42696, 109
31500, 197
33965, 844
53152, 607
72654, 428
79953, 392
42686, 160
6387, 580
41662, 104
12886, 891
8601, 639
42330, 96
63802, 944
19087, 532
25885, 239
71144, 20
73205, 105
78707, 121
5254, 237
11242, 295
49377, 357
38068, 585
71932, 798
4989, 359
20220, 896
20186, 600
56733, 86
47514, 842
73269, 493
79731, 886
50399, 776
66212, 934
46894, 718
53044, 0
5944, 517
18288, 520
19762, 683
10582, 761
52455, 276
958, 554
68289, 610
19138, 129
73286, 463
52818, 141
16556, 272
33158, 958
24494, 771
21421, 530
66731, 200
29999, 276
9028, 531
74365, 251
57576, 647
9687, 828
50723, 147
19332, 118
28359, 109
14216, 362
42115, 501
65516, 306
20301, 655
39518, 733
67595, 748
64087, 731
46728, 254
49304, 468
33398, 311
3454, 780
53444, 142
35504, 148
14817, 541
34654, 892
26494, 486
61402, 646
60530, 5
66189, 991
42841, 240
74966, 250
75528, 813
12151, 836
51053, 705
48604, 421
23423, 435
65299, 975
37414, 604
38314, 265
18063, 52
69780, 117
21682, 266
14518, 255
72498, 797
72147, 918
8187, 684
32053, 383
20262, 887
55255, 984
57143, 744
73875, 769
43719, 642
59979, 1
66694, 829
10081, 886
12498, 828
55171, 371
46472, 591
10767, 852
76566, 273
57630, 813
62148, 53
15419, 976
47933, 655
2382, 935
50278, 548
51653, 866
71408, 932
53081, 51
78866, 807
17751, 83
26532, 401
22660, 552
22957, 961
51714, 204
21041, 975
58907, 182
49683, 449
35947, 360
17817, 864
74034, 740
5511, 166
21216, 829
4823, 386
23623, 799
39084, 139
5361, 487
53456, 571
23838, 607
32905, 732
65421, 654
69792, 466
54079, 719
12939, 299
1492, 820
48054, 677
72153, 723
54041, 817
39153, 945
58324, 262
4199, 596
56674, 742
75110, 331
40996, 174
49308, 457
2761, 272
51284, 362
31654, 169
47054, 80
18371, 725
47352, 47
28487, 974
28718, 416
60665, 510
34872, 390
13170, 85
41695, 728
72412, 589
61120, 592
12293, 767
10487, 52
71537, 522
35338, 245
68061, 187
70137, 556
54090, 414
47388, 866
43785, 28
61232, 609
44277, 139
52302, 752
13992, 535
18006, 606
59157, 952
73951, 505
64999, 388
57954, 973
4781, 557
55098, 698
27331, 717
79667, 796
42834, 668
8053, 220
47362, 281
20864, 477
64199, 779
71355, 426
37637, 213
10763, 287
21010, 809
11598, 761
44549, 714
40193, 739
3407, 265
28646, 579
44121, 763
38964, 585
10902, 744
53336, 111
57023, 689
1101, 373
57693, 97
68477, 403
7699, 323
42263, 875
639, 887
27757, 965
34651, 620
44460, 280
70084, 858
42523, 675
77324, 878
36578, 987
68777, 489
39345, 841
70851, 148
11401, 753
44041, 926
70061, 195
8327, 174
70589, 241
25283, 542
43211, 416
67398, 271
61287, 62
19265, 541
16747, 158
45512, 394
45735, 329
76333, 690
78125, 948
309, 198
70692, 899
26561, 813
47032, 566
34874, 864
53146, 78
3341, 851
70946, 988
17979, 747
53183, 669
68462, 762
74065, 311
64995, 849
16569, 988
73868, 841
48383, 462
31238, 501
53025, 649
24525, 183
39213, 246
26578, 40
52245, 502
30121, 912
74969, 900
53880, 864
59161, 201
8655, 146
38505, 983
72931, 6
47521, 257
5445, 827
63095, 892
77486, 604
13871, 379
75851, 363
40184, 402
34934, 326
20765, 895
17542, 258
16528, 715
36562, 475
29684, 531
67388, 806
60794, 850
32983, 19
50091, 135
20620, 692
69797, 358
35895, 829
5646, 675
9961, 0
11434, 885
79485, 77
2881, 247
48462, 893
11636, 737
43264, 418
40396, 231
10736, 155
16770, 337
57575, 190
41815, 515
74639, 52
22427, 645
77906, 307
32279, 845
49725, 835
17457, 363
38872, 73
7460, 472
63863, 171
70355, 0
22347, 278
19049, 566
43914, 541
67507, 617
35166, 918
66693, 441
70477, 130
47838, 129
76622, 656
38786, 385
50549, 841
19, 173
3125, 749
2957, 67
63312, 103
31976, 522
61212, 750
30533, 8
38535, 329
79563, 530
35142, 203
69543, 511
9555, 906
32909, 33
21102, 748
32702, 168
40304, 799
23595, 654
14936, 874
59899, 637
64361, 236
7781, 765
60658, 459
30863, 846
35045, 265
45421, 905
37272, 532
8157, 656
29853, 149
27225, 828
27547, 598
19425, 438
60259, 381
69885, 729
22128, 388
69096, 290
30182, 483
30713, 827
5008, 384
15505, 758
73990, 238
4646, 894
10660, 499
4123, 335
9880, 307
19153, 541
63831, 927
59192, 794
46567, 307
52296, 37
39684, 954
48829, 688
71981, 213
15968, 908
3390, 620
59189, 483
72507, 493
66040, 555
66534, 45
31705, 734
54701, 64
49029, 632
38806, 777
49573, 861
13930, 579
15256, 191
38004, 320
54304, 712
72613, 879
27750, 821
57054, 735
52193, 543
46354, 137
40553, 517
46586, 933
77425, 280
29324, 497
16164, 39
19491, 612
27045, 802
55827, 427
19692, 766
54774, 941
7019, 922
68139, 775
147, 927
51929, 660
8125, 699
29674, 18
3106, 700
29449, 779
37165, 575
74242, 102
29760, 110
39774, 405
69999, 725
61508, 608
66323, 959
3837, 271
21037, 809
57628, 990
44693, 593
21529, 983
26606, 738
23766, 560
18985, 43
7178, 350
43364, 379
37766, 892
59086, 323
51755, 934
30870, 786
33511, 969
15321, 115
71, 659
10469, 521
48529, 910
77982, 974
18557, 42
26613, 815
71323, 850
54409, 964
28645, 249
75875, 812
9889, 542
32845, 751
2387, 731
29693, 471
47055, 124
36974, 185
47722, 900
76810, 58
30759, 630
66448, 887
43320, 344
56445, 820
38756, 259
33476, 609
77362, 204
35276, 604
73051, 224
57532, 310
41802, 52
41069, 709
70812, 963
29284, 917
52929, 864
60401, 464
12870, 254
65990, 855
49479, 531
38481, 727
29602, 745
34942, 522
78209, 433
63053, 22
15582, 369
14998, 433
12045, 565
47048, 321
6417, 796
55823, 846
33192, 57
65528, 613
20105, 991
70874, 307
38268, 862
67494, 106
6699, 733
354, 900
15309, 936
27917, 398
73015, 612
40415, 576
35100, 165
43254, 902
10, 186
44529, 757
4582, 978
10208, 874
77523, 294
24767, 298
37835, 450
49749, 644
62101, 208
28474, 311
8401, 179
44712, 254
47693, 357
67600, 161
40411, 283
74996, 392
2782, 39
60484, 406
21830, 735
13054, 364
38027, 379
17787, 175
3406, 409
74818, 752
54218, 755
9637, 365
30854, 125
24567, 150
38160, 812
58890, 85
52454, 30
61842, 743
12570, 429
74710, 245
42783, 617
19411, 613
32704, 895
58036, 628
10542, 424
7149, 140
23700, 227
57984, 23
53058, 327
49136, 762
63720, 191
21228, 126
24545, 28
861, 378
44900, 487
32694, 355
19928, 913
37825, 878
8191, 956
5308, 878
21881, 363
16200, 223
57265, 790
14003, 208
46460, 548
79663, 983
23851, 168
30137, 723
52908, 235
7092, 447
52401, 698
57465, 752
37505, 65
8034, 13
49135, 34
47237, 616
10773, 376
6739, 366
32835, 536
62882, 641
35641, 854
44386, 6
8571, 140
23790, 908
19405, 302
5515, 18
70241, 785
39148, 735
16011, 706
63717, 989
213, 255
68846, 514
26693, 192
64666, 353
50895, 578
29277, 452
1687, 175
42983, 960
5439, 408
24077, 765
79595, 666
17501, 69
37052, 10
64671, 932
44504, 538
57119, 84
76287, 545
76254, 161
52080, 529
75148, 575
10464, 615
25364, 697
44817, 930
2162, 186
55146, 385
11579, 948
17211, 376
2925, 419
30816, 325
5211, 552
3147, 430
44152, 677
14301, 197
43984, 312
32300, 399
2436, 287
75, 77
79439, 81
16606, 114
21290, 353
66863, 368
51934, 612
50684, 979
51055, 504
48000, 870
21296, 995
9685, 446
70372, 839
78023, 166
23333, 820
69896, 196
11311, 801
2005, 429
37980, 688
57180, 394
53953, 647
2397, 688
71760, 136
10741, 83
45666, 790
35598, 453
11280, 895
76004, 61
14548, 925
40359, 282
17487, 890
22373, 53
3855, 6
51105, 787
29418, 901
49317, 198
62589, 436
70441, 4
53532, 587
58992, 921
1295, 750
22933, 524
62697, 848
39829, 867
50488, 964
35476, 221
17426, 271
71644, 463
2794, 241
67704, 955
41310, 929
16470, 810
53744, 529
14167, 929
51233, 228
31031, 292
67039, 123
6296, 322
47718, 608
39924, 777
29806, 921
63966, 657
43864, 518
16085, 783
55110, 600
34253, 631
32306, 735
2575, 927
1734, 894
23905, 384
61493, 666
42915, 540
25877, 848
16651, 705
46167, 11
17647, 541
43571, 884
43300, 885
62508, 380
72416, 711
10928, 872
66185, 385
67038, 758
61696, 347
67563, 121
71561, 896
41210, 893
61251, 965
18332, 308
75143, 506
73345, 32
73960, 416
250, 60
24194, 585
32249, 861
50080, 253
2176, 993
54077, 72
72309, 905
39855, 466
70600, 148
12081, 957
29446, 953
50609, 917
1353, 475
26441, 626
35748, 705
5009, 675
52449, 966
50829, 242
4163, 874
48419, 150
9369, 774
36929, 661
48435, 6
47383, 167
71329, 449
41340, 433
16561, 930
58384, 359
33990, 12
14022, 122
17597, 589
1458, 17
12625, 947
58602, 177
20792, 502
63272, 692
16684, 155
517, 59
40042, 282
29026, 177
5869, 827
68555, 284
53548, 204
48239, 960
43121, 618
48262, 41
1450, 963
45433, 873
27140, 47
52286, 962
63595, 663
3649, 556
16175, 132
68768, 472
53375, 57
41994, 834
49348, 9
54586, 29
63214, 587
22709, 505
61970, 541
42358, 771
55148, 399
13910, 283
49260, 123
77647, 925
62719, 151
53626, 891
4057, 958
49465, 21
55966, 497
29604, 825
58258, 500
50933, 783
21754, 101
45831, 877
70580, 838
74187, 396
9093, 845
12409, 201
72172, 439
10289, 92
46632, 783
16765, 472
17974, 914
68888, 517
62434, 53
46619, 103
56928, 710
11116, 81
20432, 443
21539, 259
48874, 505
76473, 268
68467, 930
54781, 112
69450, 401
16686, 699
64288, 172
64806, 939
61629, 783
75139, 870
68275, 467
24522, 630
75304, 476
40870, 508
21833, 180
13625, 911
33308, 797
78402, 882
51676, 903
597, 862
62171, 863
25188, 63
46379, 929
7148, 4
2728, 979
17374, 185
74847, 424
35177, 136
66658, 992
48372, 779
10626, 263
17445, 43
8783, 356
47258, 443
33286, 613
31648, 541
62139, 2
14092, 957
33122, 851
13023, 224
50502, 652
25032, 795
56332, 605
56078, 750
51838, 531
21687, 840
74286, 167
65192, 395
65219, 0
2504, 227
25091, 978
5399, 784
36268, 572
52868, 153
39099, 181
76072, 353
35411, 767
15021, 672
65901, 355
10473, 554
54602, 440
79333, 219
45126, 202
46579, 576
77088, 385
27328, 137
30788, 433
39036, 596
26236, 622
50336, 799
17950, 66
7109, 701
39662, 154
59219, 201
34583, 139
43059, 741
55931, 858
1157, 595
25219, 913
68514, 434
13613, 525
60499, 857
60085, 196
64845, 32
74383, 230
70652, 756
54252, 280
67169, 223
55409, 495
71326, 124
71121, 796
54139, 642
51985, 911
39089, 145
53077, 334
9247, 611
74361, 457
19741, 882
28329, 661
57232, 439
58656, 426
52973, 440
77250, 151
53775, 617
33310, 988
58463, 244
58891, 527
43511, 353
18491, 911
59555, 647
47397, 921
17315, 696
9837, 289
76557, 937
56455, 446
5746, 132
21555, 976
63773, 643
49881, 353
49862, 146
16033, 808
18032, 172
21586, 772
46870, 353
58678, 402
64422, 90
28234, 595
1147, 993
11518, 807
10410, 9
60968, 62
29192, 429
16975, 786
70432, 683
66446, 562
28890, 524
22138, 893
9941, 560
69986, 779
16617, 537
68730, 826
38978, 247
50865, 353
44228, 674
71457, 48
2367, 175
63375, 901
10514, 275
64354, 417
14558, 705
48291, 450
34769, 218
15350, 603
4146, 989
69565, 276
36131, 102
30068, 448
53492, 25
7331, 843
3104, 339
12695, 711
59630, 280
63288, 690
10857, 857
8933, 16
60377, 503
65891, 409
35036, 64
70488, 980
65493, 797
33604, 928
54905, 641
69905, 943
16054, 295
12175, 497
3429, 901
18989, 398
20943, 707
39431, 491
45444, 849
64809, 103
74928, 678
7492, 745
30799, 569
2756, 409
46683, 698
20153, 588
33577, 704
17547, 992
30882, 510
61392, 321
61159, 356
79155, 553
38030, 261
5253, 620
4741, 412
73004, 435
71551, 930
51983, 195
67512, 119
75478, 669
76334, 84
59631, 764
15661, 947
9867, 337
59469, 536
11, 558
56699, 201
76715, 242
6730, 470
46503, 172
73477, 908
5611, 323
7882, 680
10287, 68
60884, 157
65369, 330
11374, 908
45310, 540
43165, 168
11129, 447
73934, 479
61720, 936
40902, 994
3988, 821
41964, 469
77109, 686
77806, 777
55687, 32
27709, 903
25417, 815
21062, 664
62003, 11
4045, 774
27020, 101
59835, 194
70617, 30
32797, 568
20752, 133
14720, 970
55852, 386
16658, 92
54507, 924
23809, 171
79143, 303
22690, 475
46859, 906
9841, 710
14230, 574
66390, 502
33654, 192
71563, 439
62582, 704
10316, 455
29537, 240
61146, 85
40663, 43
48213, 435
26331, 275
68265, 505
70276, 275
66974, 479
35063, 345
50127, 501
35493, 842
37114, 753
63733, 308
7917, 527
72022, 247
38138, 368
49606, 477
25070, 159
34793, 883
41645, 477
32412, 275
76797, 556
2952, 746
26091, 881
17643, 133
9962, 47
38013, 128
78511, 848
27519, 424
31159, 122
21891, 590
42829, 136
63399, 922
44554, 707
39633, 387
14459, 172
2435, 533
67198, 345
51643, 834
71608, 297
12271, 725
3457, 204
71520, 362
39472, 866
15660, 980
46058, 19
30160, 214
6811, 557
36409, 232
43757, 25
14517, 684
27049, 12
58364, 986
52717, 173
36803, 292
29886, 888
69232, 18
33289, 23
63158, 880
26604, 528
41601, 341
37287, 761
60565, 671
33745, 274
56175, 581
67636, 762
34994, 62
76931, 176
19552, 361
32685, 242
41192, 851
52961, 909
52334, 814
48575, 379
36966, 612
31817, 967
50086, 527
18305, 204
75907, 571
72191, 78
24735, 432
25977, 855
15585, 316
27371, 566
40657, 632
32321, 273
76214, 320
32365, 339
63061, 747
41744, 791
60264, 288
14276, 140
64120, 133
7696, 86
76212, 719
5549, 529
17605, 212
54214, 981
74110, 382
3014, 955
29260, 216
4208, 809
57272, 675
4762, 446
17251, 332
77072, 254
59470, 679
49131, 395
36119, 858
30860, 226
5435, 428
74561, 517
61996, 31
68385, 763
22073, 882
36775, 19
27070, 19
65147, 830
54560, 888
49487, 928
50215, 632
18642, 595
17656, 860
22760, 28
3597, 689
50964, 503
137, 183
77070, 413
27088, 937
506, 599
67254, 498
66541, 496
54472, 311
59931, 586
26215, 600
1125, 424
52224, 714
74827, 563
72874, 546
59993, 970
50534, 900
51818, 8
12742, 368
18039, 840
43350, 109
23235, 694
64690, 583
32368, 737
74663, 505
55346, 216
47824, 315
18386, 725
15803, 906
56750, 923
76385, 468
31032, 283
75690, 241
23629, 342
2746, 516
17943, 818
36301, 323
613, 946
42636, 404
58628, 539
17007, 619
33568, 47
7543, 918
74724, 474
34435, 990
14738, 338
63646, 978
18253, 789
77838, 135
36267, 557
68504, 445
13018, 333
55325, 932
27781, 833
39398, 671
31581, 299
62424, 734
52731, 742
79165, 337
30750, 917
74099, 928
10554, 881
1454, 827
16128, 949
19005, 991
26272, 868
23882, 843
27182, 484
28308, 802
42748, 649
68870, 666
67111, 303
47028, 928
4042, 598
53687, 333
5879, 604
9692, 847
33963, 705
50914, 370
51470, 901
36779, 805
71263, 865
17429, 656
46848, 457
51003, 94
50738, 455
67001, 28
57784, 829
5548, 581
15825, 908
32107, 159
19363, 71
22106, 976
48488, 347
69078, 489
51796, 609
5182, 952
6766, 275
59095, 558
39789, 267
50924, 194
21484, 370
18833, 424
78932, 491
70540, 256
19581, 309
2301, 553
46327, 407
15134, 892
33742, 820
44874, 904
27652, 632
31834, 640
13328, 592
56359, 201
617, 995
78010, 172
59981, 666
37388, 585
45023, 137
14078, 473
26487, 618
66944, 459
8954, 604
41602, 720
61380, 496
11524, 315
71901, 804
31157, 635
50706, 690
17346, 940
36616, 935
40560, 506
29809, 862
1872, 453
11189, 346
29918, 910
42249, 447
47386, 225
18855, 388
67330, 856
55976, 142
45713, 653
29196, 264
46198, 456
61891, 596
26353, 757
30803, 634
38480, 72
58328, 340
16720, 164
55216, 578
3990, 859
59128, 503
55554, 856
23914, 311
62571, 955
43518, 68
75960, 273
43266, 348
43661, 101
31321, 904
12132, 793
14087, 305
12214, 605
61194, 649
76326, 307
66104, 801
78174, 217
61434, 210
35730, 206
25018, 636
9431, 127
15216, 693
38442, 474
7952, 353
44344, 33
7875, 604
59774, 469
49035, 387
2331, 153
74705, 650
46132, 110
67486, 986
11049, 947
38404, 63
19853, 971
69750, 104
16739, 662
69352, 632
5498, 166
14868, 10
30777, 643
23656, 906
5441, 338
62483, 110
6746, 543
78630, 818
12017, 645
37350, 798
76960, 796
66207, 461
79702, 85
10979, 354
66345, 749
49843, 792
9616, 592
7970, 937
23383, 969
35251, 599
36938, 689
46441, 910
7206, 365
73409, 596
57134, 867
20428, 884
48010, 497
40282, 792
49089, 570
21176, 744
76432, 209
43366, 256
50654, 111
64532, 836
8901, 632
33154, 614
440, 798
2586, 195
8806, 968
35911, 19
23184, 493
38191, 765
26440, 283
35084, 261
43039, 132
3595, 655
45447, 419
77492, 320
53809, 71
68983, 537
70412, 350
67117, 437
3358, 183
66597, 236
62120, 113
15752, 744
827, 514
40513, 867
75149, 26
11405, 49
48142, 954
40533, 372
55299, 831
18911, 373
33145, 855
16865, 615
12287, 404
34639, 614
13941, 68
65053, 991
27776, 241
50333, 201
79291, 924
30703, 405
18021, 549
47473, 337
23732, 353
68054, 708
76858, 698
67793, 462
50946, 549
6024, 688
36637, 822
56821, 433
72741, 512
3489, 988
73878, 924
20898, 426
61779, 911
35984, 216
46470, 550
609, 929
24061, 834
2217, 773
58936, 472
70934, 916
8925, 191
13076, 830
36785, 113
23624, 423
21903, 519
67016, 835
39485, 324
14625, 878
21253, 112
23933, 110
45255, 807
62347, 345
76642, 958
73014, 857
47475, 328
4794, 698
74343, 238
73225, 875
30243, 519
77904, 569
54569, 382
74563, 162
78950, 453
72781, 805
53377, 19
32422, 228
3585, 159
61861, 181
48452, 391
64545, 52
69288, 410
51979, 441
29274, 17
19376, 503
19810, 938
34418, 17
61382, 993
70566, 654
60999, 95
70774, 595
25296, 546
17579, 77
22932, 972
74310, 138
65508, 837
29603, 27
52441, 710
71581, 335
50646, 456
71919, 127
41542, 129
11708, 759
5682, 240
13435, 406
25497, 804
33433, 341
4719, 908
24333, 680
24181, 914
10931, 702
29629, 17
21134, 697
64748, 108
72149, 480
9818, 805
79093, 402
72020, 282
36890, 246
79925, 536
48932, 17
26233, 88
7707, 726
32067, 606
44332, 930
39897, 303
27614, 707
19118, 143
56715, 528
45167, 840
68557, 452
76531, 359
73364, 425
28585, 99
65676, 375
14241, 737
60306, 684
35487, 676
34501, 57
53637, 686
18256, 360
70622, 687
13077, 900
31269, 101
21261, 100
68992, 685
19316, 657
24789, 128
1562, 249
72305, 370
36140, 685
67209, 404
10638, 80
19550, 700
1993, 681
56760, 193
10695, 828
55686, 763
1355, 30
23577, 712
68984, 518
11202, 428
62027, 955
61474, 411
23630, 762
40215, 635
64920, 399
17654, 730
23518, 870
44025, 956
30722, 279
72433, 101
56185, 540
3508, 849
40264, 532
17312, 183
45736, 448
68112, 117
52718, 425
40360, 138
55678, 781
881, 180
62504, 573
17878, 794
62155, 377
15672, 38
56087, 697
57504, 839
29740, 418
2457, 127
53715, 227
52521, 844
77327, 533
72822, 781
40744, 313
46449, 183
35652, 878
49788, 493
45574, 331
6403, 284
78322, 422
62274, 654
29612, 360
42721, 208
52536, 711
31695, 584
64469, 811
27844, 66
77454, 365
10461, 835
64077, 269
58630, 559
25573, 476
35252, 720
24509, 818
21474, 903
58871, 85
71377, 547
68416, 307
52410, 386
76044, 564
54011, 461
61810, 610
75837, 787
3531, 227
65666, 125
10340, 766
37142, 347
67857, 731
8055, 924
78874, 15
64628, 937
23585, 182
17293, 701
31635, 16
58757, 637
60414, 637
61243, 43
6322, 413
61900, 232
57852, 62
7614, 863
47623, 447
23248, 218
34125, 565
75088, 278
57951, 51
54048, 871
75136, 972
13588, 852
61731, 819
53392, 780
6180, 404
9800, 57
4089, 155
32484, 787
72838, 896
46871, 344
66739, 909
6038, 888
50522, 556
52523, 996
46584, 549
1902, 430
1113, 102
11496, 154
53441, 201
12664, 648
18676, 568
15881, 193
6919, 150
53577, 368
76823, 863
55502, 676
56843, 572
51018, 784
71612, 759
24497, 641
76495, 515
64711, 780
61385, 913
52402, 704
46837, 894
18682, 542
65714, 563
19919, 765
68665, 40
7038, 768
76232, 891
63405, 974
22799, 579
18496, 361
25680, 540
46195, 4
72378, 903
53393, 980
27473, 782
30818, 727
7155, 962
60608, 20
46570, 971
5418, 495
46078, 31
28880, 901
35371, 205
135, 344
29448, 290
36151, 497
43043, 987
26255, 147
23027, 702
27797, 448
53798, 433
39840, 306
42584, 962
46179, 31
30252, 614
66220, 449
18662, 105
20636, 861
48273, 741
33455, 147
8348, 969
61127, 958
55456, 148
32016, 536
3973, 770
47525, 477
45967, 875
35187, 48
50982, 909
43142, 431
33700, 852
44628, 226
21744, 259
48206, 725
6533, 176
25592, 389
26787, 813
57122, 440
39920, 719
6611, 626
495, 980
7890, 901
17285, 642
57131, 927
58532, 19
6997, 446
37606, 940
47313, 741
8425, 388
29100, 668
227, 557
55836, 715
59895, 308
11217, 915
52246, 328
41442, 727
22856, 986
73642, 81
39818, 209
43194, 881
15777, 686
56830, 867
50007, 910
73889, 893
1775, 174
55501, 885
68348, 178
62300, 928
45014, 384
48852, 266
1207, 643
41494, 728
59368, 909
6059, 370
3979, 291
59544, 814
51338, 625
31239, 561
76516, 875
40586, 553
3666, 591
6459, 528
12146, 94
68693, 385
43966, 386
54563, 571
45417, 244
27678, 677
63193, 104
57993, 361
54936, 463
11553, 105
78557, 237
10159, 150
9435, 115
48101, 288
62901, 843
56068, 219
39933, 791
14191, 259
73679, 814
43840, 736
30218, 931
57370, 592
68841, 514
42092, 293
25887, 251
46496, 811
79360, 636
23919, 252
24835, 235
31542, 824
79967, 613
26753, 457
40271, 696
57123, 257
2859, 29
45257, 841
30812, 73
42551, 304
33513, 823
48707, 359
76948, 431
53425, 322
23568, 332
19088, 683
22453, 190
36161, 497
14683, 733
40891, 452
51484, 648
21696, 79
62827, 472
67113, 183
12055, 500
71576, 386
65961, 956
57909, 581
41118, 974
21230, 418
46799, 472
73853, 707
10571, 382
51297, 250
26490, 490
27973, 943
79529, 347
67700, 882
19361, 891
54961, 477
33709, 3
44672, 817
52496, 29
45212, 590
31823, 19
45613, 460
11702, 778
60850, 969
44551, 808
65311, 92
71269, 507
51014, 569
36858, 558
39707, 734
64840, 29
70165, 44
43607, 281
52480, 31
23161, 852
48923, 86
20242, 557
65812, 319
50958, 323
23500, 745
16993, 360
58253, 817
77515, 249
1851, 945
26151, 885
186, 138
26976, 658
41352, 72
30110, 442
9349, 381
73288, 811
26106, 36
70569, 988
32817, 634
31738, 943
55318, 349
48818, 918
39009, 202
79281, 496
22477, 236
74041, 650
40435, 697
12729, 721
35237, 68
74882, 157
29988, 533
70752, 226
12746, 396
33780, 214
36359, 796
870, 737
28676, 702
22439, 229
36922, 529
41443, 52
23451, 97
39461, 258
50811, 359
4513, 845
33580, 323
48550, 13
324, 252
76019, 920
76957, 363
3424, 1
36609, 616
57309, 492
34843, 476
18943, 952
58244, 979
45799, 959
46649, 857
17567, 961
65471, 626
16199, 813
48391, 105
8124, 552
68485, 861
36522, 562
78888, 42
59319, 537
1344, 313
20447, 766
70106, 77
18614, 796
54938, 418
66814, 258
49399, 39
53520, 800
59144, 0
17034, 268
53813, 972
14325, 148
76830, 172
20768, 774
33885, 968
64775, 316
74208, 771
66439, 924
19131, 372
6033, 91
28724, 64
75652, 618
24489, 772
77815, 380
46392, 512
18260, 401
27541, 846
63489, 109
61370, 271
78523, 741
32170, 26
69663, 705
52865, 462
10694, 554
47135, 148
60532, 878
64640, 271
67996, 157
37352, 86
35534, 220
54611, 909
36870, 509
3036, 125
62351, 230
32591, 913
10780, 252
61623, 454
13489, 562
70938, 444
46692, 766
77871, 367
23615, 998
17915, 923
20429, 67
25998, 62
66891, 380
28467, 588
22671, 617
43801, 288
61596, 688
28773, 308
36820, 845
13450, 291
44994, 538
57738, 19
68918, 281
33196, 563
53416, 982
49469, 430
25636, 705
54716, 552
65893, 549
15780, 851
63380, 510
42298, 470
1423, 861
3166, 527
43580, 636
28291, 637
12325, 487
64991, 49
32331, 583
56235, 631
26978, 80
16150, 979
21400, 889
34343, 222
8916, 343
55763, 891
36515, 151
42973, 68
47082, 425
63168, 540
67755, 884
26953, 784
71559, 975
66553, 357
65866, 953
54682, 14
59559, 154
55868, 728
30809, 52
48696, 431
29204, 726
2751, 986
27195, 245
1367, 530
30251, 181
41351, 94
49626, 137
18641, 534
29572, 689
73115, 449
23550, 295
78784, 171
39865, 497
76626, 3
3268, 539
18660, 8
48137, 769
32813, 434
771, 529
36836, 334
20394, 940
45762, 291
46577, 536
67886, 861
6537, 537
5892, 33
18716, 81
35648, 827
65198, 663
54009, 552
8501, 19
19239, 186
50651, 808
73012, 597
46127, 724
57604, 666
23810, 819
78319, 453
37072, 428
43396, 636
2888, 409
23194, 159
13810, 593
74549, 368
68595, 621
46157, 735
26779, 464
36348, 856
31492, 739
79843, 831
75920, 773
4424, 132
37751, 600
26834, 176
61214, 674
18159, 616
41035, 392
22539, 996
33022, 537
33807, 637
52482, 520
68875, 783
58685, 354
30319, 491
59919, 433
9236, 417
55504, 784
76258, 551
78127, 351
8172, 728
51163, 318
36863, 640
18743, 4
26987, 294
15984, 200
62698, 113
46549, 105
2624, 460
19292, 980
4482, 673
60057, 244
35985, 347
68223, 268
58360, 84
29098, 989
2694, 566
66936, 837
47868, 615
75571, 350
59852, 583
1668, 220
51131, 918
61894, 486
16108, 587
72800, 1
14002, 487
5556, 153
41191, 777
53720, 560
76141, 757
39568, 899
26857, 801
39741, 76
36666, 715
56376, 681
40, 154
14896, 465
49025, 464
254, 818
10739, 227
62966, 866
57769, 573
16896, 599
22098, 434
41439, 903
66529, 386
67414, 968
10923, 121
19141, 760
16069, 365
71797, 280
27312, 790
6212, 600
8830, 249
12464, 68
30662, 155
49462, 574
19255, 524
22692, 101
29859, 926
77289, 752
66967, 103
23425, 533
53562, 844
72073, 639
66610, 707
31430, 761
41264, 956
1868, 973
73446, 254
2823, 640
49755, 105
16384, 831
25407, 141
10494, 289
76806, 140
34223, 657
78453, 543
42762, 616
28693, 522
2774, 581
76209, 581
20085, 957
63625, 264
30494, 912
51590, 253
62595, 992
78139, 969
76267, 613
51527, 894
69025, 792
64300, 503
5805, 93
35717, 574
55592, 606
42662, 785
72435, 137
66378, 463
8782, 946
1750, 516
39974, 138
69219, 690
79317, 671
59998, 983
5034, 516
37872, 906
77722, 858
34449, 698
33808, 812
58012, 960
31991, 24
25197, 475
14306, 897
8599, 448
25426, 6
71671, 46
27397, 747
63518, 188
34116, 994
14535, 996
9129, 592
52682, 623
25870, 120
47146, 334
62252, 144
4554, 935
63043, 683
78672, 106
44766, 106
60081, 508
44552, 316
66335, 834
72117, 940
30506, 285
78544, 285
5057, 445
29432, 227
8552, 864
4577, 755
38170, 731
18345, 680
29289, 82
8966, 237
79079, 179
45763, 972
43946, 890
38469, 435
24569, 569
48113, 470
17661, 355
16496, 294
6400, 764
7356, 916
48838, 214
41828, 566
67027, 842
9879, 768
59207, 317
43087, 79
19972, 784
60506, 539
30711, 368
64213, 804
41914, 34
53542, 388
10858, 395
40949, 549
6209, 160
9310, 938
22723, 489
23281, 549
22429, 988
48468, 404
51665, 936
3087, 839
39736, 915
13993, 999
69798, 974
33844, 365
9230, 179
17511, 6
68719, 689
31384, 125
2558, 554
5767, 656
48173, 312
51374, 251
68146, 367
25011, 590
31037, 694
31152, 858
3115, 343
71143, 832
50977, 980
57423, 188
49011, 165
30235, 589
39939, 4
37177, 330
59310, 556
16940, 610
51346, 456
54463, 390
73835, 668
22987, 158
34683, 912
61636, 633
13, 927
68845, 842
1199, 301
66303, 30
76357, 92
76280, 847
77261, 640
9883, 201
34979, 672
79689, 343
76734, 360
55751, 151
67199, 907
74072, 600
37968, 346
27789, 561
55587, 541
10937, 309
42211, 17
30921, 162
17599, 663
50471, 152
4814, 617
28993, 188
22027, 551
5134, 551
66902, 385
15356, 75
14819, 566
23664, 949
7859, 975
33629, 170
5415, 276
74443, 555
46902, 622
63002, 519
69004, 703
74143, 513
44399, 86
19951, 188
12021, 447
14097, 647
59200, 213
27094, 620
27707, 849
30, 818
32914, 660
37871, 748
17657, 688
49140, 25
39218, 894
72982, 735
11807, 353
25622, 515
46297, 369
5209, 694
47826, 884
36530, 320
5744, 367
70516, 781
9786, 133
24896, 813
8174, 667
54150, 219
28142, 520
24914, 128
56594, 948
57394, 559
66427, 798
42394, 357
66540, 157
35433, 827
50856, 231
7521, 959
73613, 669
54022, 390
20275, 235
37385, 564
44536, 595
9013, 190
26990, 642
11076, 905
51672, 429
23375, 91
22606, 985
18785, 943
20863, 706
24575, 694
2091, 48
19240, 881
61121, 965
36458, 1
45614, 270
7997, 350
56046, 366
13986, 89
43626, 766
26755, 480
27624, 972
37133, 731
26299, 556
52218, 765
46435, 350
9299, 11
40815, 663
34045, 811
19618, 790
60977, 515
22102, 236
38869, 456
62466, 951
11876, 941
10561, 967
5001, 64
41327, 185
52514, 473
8201, 900
10947, 471
4680, 440
27851, 458
63507, 565
18715, 859
51074, 683
39076, 410
33074, 207
1025, 728
66469, 823
56556, 778
69742, 614
56612, 195
31061, 855
67183, 997
69290, 811
11908, 686
54778, 531
7085, 712
60079, 139
16667, 194
59240, 317
74804, 959
43783, 470
54381, 941
37874, 895
6649, 738
79348, 831
66354, 87
23211, 928
43212, 764
54610, 422
3727, 697
3325, 433
44980, 65
36811, 445
40785, 80
60172, 761
39751, 260
7447, 97
47905, 144
47403, 564
29699, 826
30220, 219
39719, 526
60220, 704
66003, 165
3850, 520
63669, 897
44871, 346
27108, 53
23881, 348
43177, 765
13520, 196
4406, 800
28078, 886
48812, 233
52925, 376
66980, 598
27130, 844
7033, 690
66399, 628
49230, 494
29958, 941
53671, 785
4816, 912
20320, 279
8625, 782
78916, 301
8141, 118
10189, 659
7032, 276
70707, 360
59427, 487
31992, 724
27962, 964
14821, 450
50581, 889
34033, 426
38158, 828
53607, 679
78792, 76
26979, 236
26924, 466
39810, 377
26193, 848
28841, 965
58598, 883
32308, 909
60197, 710
24421, 548
79929, 957
75273, 50
20641, 998
50814, 515
3044, 560
54154, 192
72981, 413
19307, 407
46009, 898
31133, 941
60895, 673
31324, 356
4069, 943
34048, 703
61222, 592
60310, 242
11426, 311
12200, 346
4287, 928
78878, 84
59371, 5
37889, 673
49726, 44
69732, 144
25402, 489
18680, 286
1419, 159
688, 761
31617, 988
18566, 43
56444, 788
2459, 571
52084, 616
12606, 748
61369, 157
47165, 319
73849, 981
9859, 681
21635, 843
24209, 974
20445, 139
56677, 618
57773, 22
26680, 482
71725, 685
30509, 796
41451, 927
68353, 103
6144, 222
52322, 522
7416, 75
32250, 825
64440, 712
14056, 21
12774, 681
3167, 677
13052, 643
45902, 941
15665, 701
8549, 348
49014, 381
56767, 544
64869, 606
72997, 658
59712, 28
31069, 86
76291, 495
69649, 516
48088, 86
25584, 101
18140, 153
79664, 720
32710, 670
28702, 617
2383, 498
21953, 751
59765, 10
31528, 828
5298, 640
44046, 40
68542, 411
14326, 956
3998, 58
15683, 916
46033, 792
44085, 226
59279, 516
34010, 744
73378, 969
56619, 724
53839, 304
77057, 262
2683, 899
38861, 351
2272, 732
70676, 285
61484, 684
78206, 244
50280, 811
64830, 567
7792, 890
56178, 547
70878, 930
10112, 196
17736, 616
26391, 150
29467, 111
67549, 258
12114, 819
16220, 18
12841, 721
47887, 801
11472, 882
52612, 82
22189, 809
69091, 273
35041, 953
17981, 294
56401, 394
50529, 944
34967, 739
68849, 949
61855, 951
79591, 422
77445, 238
29050, 762
41945, 311
48480, 940
63514, 629
50641, 121
17985, 906
2633, 309
59176, 320
48471, 201
49137, 799
36935, 373
12583, 920
31591, 631
18223, 608
53426, 215
73718, 930
71097, 156
38854, 263
78829, 349
53754, 927
49467, 742
53728, 940
30031, 925
17718, 555
16849, 323
47238, 259
1556, 681
39754, 774
21862, 592
49689, 621
79026, 593
71133, 547
48500, 48
63145, 590
940, 63
30140, 873
34622, 24
76546, 258
54451, 228
24629, 436
2466, 77
12177, 230
57203, 765
67715, 286
49497, 134
28488, 205
8261, 945
38930, 23
54881, 587
34212, 138
65703, 130
58497, 596
79742, 966
10585, 324
79202, 14
5448, 882
26470, 181
22920, 634
26374, 47
14416, 922
55757, 831
28550, 506
4452, 657
43934, 96
67815, 372
16454, 657
56972, 637
44162, 506
31205, 450
50831, 819
33071, 862
4979, 213
12356, 428
3688, 326
44805, 838
74218, 704
19259, 405
62639, 799
30938, 415
19941, 700
30169, 224
66270, 118
4226, 868
70164, 226
34078, 722
2345, 517
66005, 272
29724, 340
110, 831
42800, 612
13141, 415
29390, 787
61208, 770
72439, 736
65271, 613
49409, 550
17128, 867
29166, 643
66871, 597
22540, 847
14597, 831
14435, 273
35595, 924
77451, 756
14545, 129
45624, 704
79059, 599
34955, 391
49839, 646
6854, 284
47017, 919
45947, 215
61522, 484
43906, 19
30481, 239
1104, 385
67407, 374
29102, 278
58649, 601
51889, 728
60265, 265
74263, 657
34841, 634
11864, 260
27935, 918
77949, 442
50660, 101
52887, 227
9279, 554
31298, 578
64558, 889
68084, 505
27314, 262
52985, 986
20893, 977
476, 821
5423, 825
36181, 880
73151, 747
31906, 650
76391, 462
4967, 971
49123, 652
38060, 686
22005, 405
76118, 763
34442, 196
64852, 720
51777, 281
1900, 104
69547, 224
18339, 293
20801, 514
74190, 806
13287, 39
30936, 258
61580, 240
52619, 905
45627, 613
37931, 838
67089, 431
55738, 537
75817, 206
6494, 639
13084, 773
34500, 792
21638, 171
26095, 87
70550, 457
66839, 412
77007, 252
51721, 9
76927, 920
66495, 432
46936, 400
37304, 679
51446, 797
27529, 105
22100, 176
39712, 638
70157, 406
68628, 435
8591, 274
50172, 615
53102, 229
73712, 143
56257, 713
43564, 454
76158, 640
17994, 934
21390, 225
37172, 274
70924, 118
57174, 169
66326, 464
21236, 638
35879, 587
27254, 261
74442, 564
62197, 360
13891, 534
66622, 702
45948, 837
51954, 286
36865, 222
47455, 656
1901, 592
15067, 887
27466, 765
29870, 383
27478, 831
48315, 774
1946, 703
17846, 914
33026, 205
42645, 458
18822, 771
72463, 915
73649, 750
17414, 808
7734, 414
20289, 488
38886, 454
79069, 28
18610, 739
37082, 758
11079, 319
42342, 177
61158, 329
24374, 115
7736, 63
49496, 97
45642, 124
4351, 518
36079, 173
48165, 851
58756, 32
49831, 365
30384, 506
26835, 126
42947, 980
5462, 502
45214, 89
41816, 110
20458, 263
34392, 659
43727, 115
20484, 242
37373, 655
51027, 881
57774, 195
6992, 303
51730, 61
25468, 790
54276, 606
9629, 510
68758, 245
41591, 895
39491, 710
23685, 486
63848, 350
42602, 602
29879, 958
63228, 886
4813, 862
72410, 938
74112, 212
72107, 301
13922, 210
56661, 490
61386, 801
61483, 402
62254, 411
27883, 5
31558, 102
66702, 328
31450, 373
35573, 257
22060, 217
71350, 512
63559, 102
50311, 437
34278, 639
69183, 685
20806, 273
1389, 476
7995, 425
47723, 50
30426, 888
69332, 747
39041, 788
54025, 759
67145, 874
14075, 385
53474, 119
24369, 759
14044, 149
15178, 877
1360, 385
39672, 523
28199, 485
10270, 433
41530, 719
64939, 842
2218, 856
33617, 478
37070, 28
69109, 191
8087, 250
5540, 977
52188, 839
71429, 468
72789, 226
45759, 21
6617, 357
64696, 244
47021, 879
32925, 185
60360, 449
5544, 106
59315, 480
76542, 320
50287, 661
23762, 533
43832, 847
19653, 126
18644, 330
47931, 349
39414, 217
67718, 829
48900, 609
40979, 690
44082, 580
13505, 271
59738, 415
67007, 230
12120, 144
13335, 82
8821, 980
19256, 957
45150, 44
30962, 82
22382, 686
51520, 968
7524, 641
77691, 443
54918, 904
23834, 773
36525, 433
52721, 495
59320, 389
56022, 524
12676, 135
76828, 990
68681, 506
22193, 312
17318, 884
8487, 168
31631, 960
75526, 473
5570, 595
66862, 653
78311, 73
46779, 1000
58637, 353
44627, 822
50136, 891
13695, 742
51430, 673
10945, 612
7197, 876
67208, 903
38699, 99
5394, 518
32937, 53
49242, 522
9605, 790
76708, 349
49273, 578
40544, 608
53588, 892
23871, 458
46878, 804
76081, 806
75325, 531
51523, 911
65010, 191
65453, 153
23668, 266
59524, 322
56286, 753
66583, 70
26044, 641
9298, 519
76738, 660
76436, 878
67685, 121
77049, 369
67253, 1000
70166, 737
74009, 869
35226, 906
64935, 589
63672, 863
39622, 632
1170, 230
62034, 877
78489, 768
16938, 151
54089, 433
2580, 901
15003, 322
40451, 406
21706, 801
39005, 633
1698, 375
73233, 111
6278, 134
59797, 593
39711, 135
26598, 470
61255, 872
54099, 573
64468, 742
18611, 480
77980, 171
1038, 789
68987, 95
73445, 607
43325, 144
10570, 503
5129, 906
29210, 989
49775, 907
49736, 209
17103, 897
46528, 113
3394, 311
62863, 208
34503, 999
31379, 30
66334, 18
24244, 135
19145, 300
34532, 60
41652, 254
5653, 404
6136, 781
70220, 415
45702, 496
32140, 808
66513, 830
10305, 638
41166, 42
72328, 662
58679, 738
7413, 806
31962, 988
38243, 101
8238, 655
48346, 726
78108, 847
32009, 221
43567, 655
49292, 588
3967, 397
4841, 367
28297, 619
1383, 153
1359, 384
41756, 950
48311, 427
25189, 502
59383, 743
24397, 561
30912, 952
60592, 73
34069, 753
23310, 20
21103, 961
36143, 545
52148, 460
56749, 944
1757, 626
12318, 373
67888, 532
35699, 846
22340, 438
49391, 869
68237, 125
71481, 718
4120, 314
15516, 588
14156, 117
28094, 144
5413, 251
23502, 522
74981, 469
49053, 914
39553, 666
18668, 25
44094, 220
67219, 649
9143, 391
55613, 1000
7231, 78
59736, 938
591, 916
13706, 920
50491, 912
45068, 298
14177, 775
29839, 106
33715, 540
45634, 120
44728, 674
3679, 152
22724, 244
64635, 598
71717, 670
56687, 488
61305, 376
34141, 38
32259, 651
12236, 709
31620, 337
79777, 115
49944, 881
17274, 472
75142, 848
75949, 443
75935, 696
15918, 731
34509, 121
26899, 436
31909, 885
47563, 724
70099, 341
65742, 242
44983, 648
73156, 682
62540, 344
73807, 841
33319, 738
76549, 799
30858, 614
45991, 411
54738, 612
61013, 440
77439, 820
29427, 503
45143, 594
68270, 514
6094, 576
19663, 413
68322, 734
60543, 532
11669, 561
868, 91
38276, 592
3683, 626
71968, 303
23050, 35
42524, 862
3478, 405
52771, 272
75855, 88
34448, 28
31493, 175
71565, 418
43051, 732
49457, 361
10086, 430
13612, 342
40982, 692
32209, 224
53423, 886
18859, 874
3337, 164
45903, 902
39510, 104
67919, 311
42057, 263
16710, 819
48628, 626
33971, 930
15117, 470
70376, 657
28988, 699
53858, 110
24416, 615
62430, 617
15529, 526
672, 445
74183, 781
71911, 399
16055, 381
69974, 388
47122, 232
53672, 392
27170, 684
59455, 565
47907, 141
68913, 558
18523, 111
68007, 934
18113, 218
60445, 530
76213, 133
70607, 347
46774, 684
46325, 493
12496, 678
29719, 773
30909, 695
33245, 816
39504, 273
33328, 216
15435, 793
44962, 65
78533, 515
73557, 720
59142, 401
33782, 845
64916, 488
45470, 252
43739, 990
66816, 507
47695, 187
73924, 598
28394, 874
26934, 405
53270, 876
23712, 350
36436, 427
62831, 968
13514, 392
52642, 618
18654, 428
63234, 872
59052, 932
79875, 432
43482, 549
64974, 626
9168, 154
53630, 465
19816, 463
2235, 505
71998, 732
30574, 791
16474, 503
79363, 833
25903, 483
1167, 330
34632, 754
69738, 23
46700, 919
880, 746
65467, 981
47382, 936
11318, 19
46908, 764
52781, 133
68381, 154
49639, 412
33477, 914
24970, 85
76171, 403
45881, 610
44921, 307
51279, 179
9055, 61
22495, 910
54512, 570
41696, 557
78396, 564
77115, 194
28737, 327
65730, 145
71593, 137
60204, 843
10328, 108
45341, 676
42212, 651
3452, 772
48992, 148
45236, 352
58233, 824
71578, 728
67204, 53
55340, 294
21577, 725
77469, 473
27812, 693
23694, 982
60357, 115
17553, 518
17697, 765
62611, 301
11804, 170
38273, 766
36856, 915
7816, 447
16653, 625
69505, 55
43128, 574
46748, 782
78546, 593
54543, 861
44842, 296
50081, 636
22504, 414
67607, 743
39848, 203
79162, 135
31596, 704
18915, 482
50118, 529
7205, 464
54613, 304
62104, 655
11845, 407
33856, 8
41961, 142
41928, 134
75812, 193
7801, 770
52344, 686
3273, 512
36571, 458
44589, 535
35853, 597
31118, 57
66313, 295
1328, 585
11044, 421
26042, 124
68713, 299
28983, 249
15758, 20
72085, 204
56610, 520
33028, 741
41545, 163
39780, 607
36700, 945
41019, 452
40350, 730
33847, 644
42190, 828
31639, 265
3437, 446
14202, 267
52975, 345
14908, 628
43449, 537
30422, 728
40981, 218
33019, 228
10212, 122
37556, 215
44248, 446
3048, 732
58632, 34
13384, 85
56088, 41
78147, 61
5803, 492
70533, 702
6504, 236
26003, 1000
15308, 915
21642, 149
42466, 555
68943, 586
62607, 868
4027, 701
27017, 44
70337, 473
32325, 694
17968, 220
56358, 343
34264, 516
69357, 90
56162, 902
11511, 249
45646, 726
45382, 222
27867, 642
33381, 255
62865, 938
12860, 398
40769, 14
77763, 697
395, 583
3552, 859
69291, 438
1329, 155
4031, 724
345, 802
50970, 140
70504, 918
11282, 819
30156, 629
48355, 346
44195, 492
71113, 471
58221, 664
24402, 793
29589, 50
3279, 468
53172, 115
56200, 102
16440, 843
8906, 889
14347, 262
29648, 724
34817, 337
66280, 37
37164, 330
62079, 992
32008, 936
32899, 593
61132, 552
40484, 122
22432, 547
48611, 262
32782, 732
35954, 578
22912, 172
38224, 742
46614, 910
56917, 151
71958, 512
55634, 711
13305, 807
4105, 315
68906, 95
65948, 16
24321, 817
24645, 748
64813, 88
59323, 250
84, 800
12354, 852
69534, 303
38782, 107
2271, 379
36421, 933
75680, 666
34427, 836
44385, 750
58835, 559
21320, 631
29800, 533
44071, 336
33282, 51
56337, 703
19402, 691
59490, 73
19959, 896
47176, 776
35542, 459
70449, 294
40692, 215
66322, 968
65248, 692
32108, 583
15296, 833
9148, 75
59764, 957
62109, 775
75057, 727
41116, 856
14322, 115
46420, 47
71395, 488
45547, 173
19249, 73
77521, 983
38890, 553
27496, 399
30234, 408
76685, 127
54405, 261
1273, 711
29513, 419
29365, 366
22782, 348
55307, 383
33869, 272
47423, 328
49745, 511
65503, 382
25772, 66
76548, 620
8769, 112
18556, 601
67189, 789
75606, 382
19612, 282
38165, 876
64630, 201
21111, 582
46438, 191
47947, 684
60731, 103
4985, 711
11929, 166
8941, 576
48353, 272
67982, 271
26948, 648
43692, 743
26346, 465
59758, 929
39938, 6
975, 429
64170, 85
64275, 911
78280, 123
73661, 708
8713, 421
17554, 227
9567, 944
40131, 884
58484, 77
49579, 884
22593, 184
51585, 569
64930, 720
4418, 916
8636, 774
7133, 412
27584, 716
4320, 998
34938, 164
20124, 685
51347, 474
61990, 870
23155, 771
7904, 639
50321, 304
2922, 628
36686, 841
47610, 272
29696, 788
11112, 581
10042, 841
42415, 304
60230, 422
76991, 160
32023, 314
61473, 842
41274, 36
57794, 524
40390, 112
61558, 846
19532, 711
64273, 266
9875, 867
31012, 335
49125, 741
53917, 387
12154, 347
56045, 278
71645, 109
62045, 113
27839, 704
59903, 339
14794, 501
54232, 688
35772, 320
32485, 164
6406, 413
60915, 30
13188, 55
71046, 137
63392, 580
54932, 66
34885, 267
25073, 64
66727, 493
55692, 165
52995, 628
44273, 50
58593, 499
40163, 466
1706, 931
77415, 103
73659, 973
17595, 868
62529, 836
54216, 0
64741, 63
29322, 554
70130, 177
76427, 539
42528, 842
2593, 205
28912, 696
33739, 967
21069, 201
56312, 291
1610, 292
65065, 956
7306, 696
68658, 643
52234, 42
62957, 327
27376, 590
77572, 918
8835, 196
55993, 377
16450, 948
72100, 162
66004, 601
41440, 443
76346, 201
8970, 119
21540, 180
14717, 637
13202, 517
46486, 386
79904, 859
38509, 177
77689, 440
23874, 669
59734, 433
62668, 260
52183, 280
25676, 468
65977, 61
47149, 196
64978, 78
76221, 890
59711, 99
19342, 496
53328, 95
46285, 756
28202, 322
62178, 405
44513, 515
738, 898
43110, 728
24807, 382
8253, 549
43307, 513
46558, 66
65254, 964
35253, 754
49203, 42
33835, 371
71458, 428
66549, 374
32763, 233
7039, 2
5992, 645
64967, 575
40342, 797
22797, 152
22665, 656
75566, 851
47750, 430
26259, 548
67917, 26
23466, 114
24830, 921
46425, 288
9437, 473
68102, 467
43643, 579
50507, 508
34163, 38
67914, 597
53277, 321
5047, 898
59620, 427
58553, 707
42496, 233
352, 422
23525, 134
36652, 42
77835, 551
66532, 412
26144, 401
42090, 691
8866, 887
46257, 899
8983, 960
60646, 658
67128, 973
60402, 835
50068, 941
14112, 151
75986, 332
51339, 939
36997, 765
16408, 305
9834, 108
48800, 397
71425, 576
40438, 985
26063, 447
32695, 984
54530, 470
68501, 765
3698, 996
38686, 405
68541, 63
11554, 150
35494, 997
38199, 836
56690, 49
48902, 909
70174, 44
70030, 144
28969, 480
24760, 201
44890, 539
1390, 946
53736, 47
44120, 416
11994, 308
44200, 912
30697, 271
12079, 366
29711, 543
66422, 577
17612, 558
57139, 131
11932, 201
65209, 99
21766, 907
14433, 469
58469, 617
47079, 694
32003, 779
30754, 223
70109, 17
29856, 146
30453, 582
72914, 783
42776, 600
28007, 565
75350, 172
15692, 204
64915, 149
63427, 606
78798, 741
18429, 546
68960, 775
22230, 901
14468, 879
40138, 268
53896, 146
5391, 479
63157, 541
32326, 794
11429, 556
46291, 375
18347, 393
76568, 817
42766, 236
77859, 0
23390, 568
50707, 117
10381, 469
4753, 413
73633, 886
57950, 663
6996, 34
27296, 950
4066, 950
40753, 827
54969, 763
59175, 171
22503, 276
78793, 264
18816, 517
27884, 498
34963, 254
30668, 951
50309, 38
57584, 25
63641, 324
22262, 909
50546, 383
14482, 831
33899, 321
68321, 376
4338, 784
15411, 273
15409, 358
30635, 807
22878, 743
52017, 431
25727, 340
69837, 715
64832, 306
74873, 686
32157, 286
5937, 252
43057, 925
16355, 42
26770, 606
3128, 152
22085, 858
16532, 244
46368, 973
61595, 700
28641, 821
50623, 457
56275, 302
74137, 287
65945, 694
79538, 941
71594, 32
538, 513
60235, 672
51533, 924
10742, 917
28042, 644
59638, 560
6741, 780
43281, 855
7550, 820
8410, 802
8997, 330
77814, 740
52842, 425
34203, 821
42168, 883
25673, 312
14186, 440
40377, 116
79659, 114
26486, 724
8328, 476
17354, 120
26822, 471
1931, 980
65450, 810
53804, 550
42698, 48
16600, 372
15545, 277
69056, 26
62360, 504
31250, 757
2007, 7
3711, 953
72779, 650
13885, 843
65652, 503
22876, 817
38350, 964
56318, 649
40548, 324
15135, 254
60095, 890
49091, 491
40736, 527
23811, 830
57664, 939
73407, 403
60991, 362
6837, 799
66171, 522
23553, 893
49602, 897
6244, 970
36518, 40
48209, 323
53160, 172
54412, 159
30372, 32
27954, 158
19022, 492
25368, 181
40347, 934
3070, 354
48514, 797
14389, 926
22103, 831
35224, 553
23529, 242
67249, 666
79567, 193
34312, 291
50551, 475
50490, 227
29488, 174
64180, 257
55815, 679
70721, 602
70690, 824
18910, 569
20139, 430
19814, 447
22267, 551
17516, 964
23125, 627
30383, 216
17043, 236
77813, 131
57148, 109
23289, 657
71140, 572
128, 91
60013, 411
13540, 225
73312, 479
64731, 256
37627, 35
60016, 312
44749, 216
58984, 241
14842, 263
48327, 616
67354, 401
72227, 962
71195, 972
5730, 343
41057, 446
46332, 441
62979, 653
4183, 0
11098, 69
50405, 398
47895, 70
27906, 29
28853, 419
13353, 204
9611, 258
54889, 61
60294, 638
22033, 374
26582, 163
65409, 72
39824, 25
32645, 751
38344, 366
58676, 880
38566, 690
65137, 205
37493, 360
64149, 123
70992, 492
18747, 304
47366, 291
18893, 826
18473, 289
42692, 683
46842, 727
49437, 776
73203, 160
14210, 387
49530, 74
40148, 810
21866, 242
23963, 315
73529, 129
2194, 332
55386, 276
57673, 880
23200, 706
54207, 95
20237, 863
34579, 595
58713, 888
8737, 458
33503, 419
25307, 508
9420, 274
53045, 991
19877, 944
39538, 309
46216, 154
6090, 126
68818, 272
50969, 84
56587, 751
66329, 847
15355, 917
36691, 520
74548, 934
70103, 721
49347, 441
22792, 909
69860, 209
65606, 736
67277, 2
43831, 113
45827, 792
42604, 637
22869, 201
49556, 671
70514, 790
24201, 95
67672, 619
4844, 176
23690, 52
22513, 891
45414, 237
8470, 887
9026, 223
69185, 60
2915, 653
36122, 253
926, 77
17706, 378
6909, 100
45218, 658
42590, 596
38945, 622
57305, 109
28895, 908
25784, 472
79414, 869
74027, 340
40593, 29
42392, 912
15386, 77
29569, 42
51001, 369
19674, 135
18200, 243
26404, 941
38184, 787
57778, 448
24236, 433
5958, 118
6912, 341
18141, 707
6784, 469
25535, 367
50425, 142
25895, 624
55027, 248
33712, 792
23319, 827
65097, 479
6594, 958
37885, 190
27671, 779
25547, 483
4026, 483
59822, 261
54100, 119
1596, 764
21545, 464
64591, 845
38558, 977
2813, 413
3217, 585
30891, 354
14543, 289
18751, 309
41233, 9
8225, 437
50604, 320
30609, 733
7150, 667
79399, 667
1002, 884
24124, 117
47217, 48
34247, 628
46636, 477
50792, 268
15328, 367
59258, 369
8595, 125
70695, 721
49983, 436
74360, 949
54549, 202
29632, 595
57354, 214
49213, 61
26104, 739
21452, 183
56182, 770
20711, 134
3610, 717
78712, 328
27233, 135
35126, 493
7534, 391
13761, 414
46125, 16
37069, 298
21887, 630
43157, 546
63958, 744
6186, 604
32206, 706
35479, 295
27265, 41
28369, 768
6867, 90
18561, 589
13417, 355
57176, 488
71148, 824
55721, 909
21694, 203
53543, 185
29078, 360
32334, 818
4361, 191
45503, 765
71800, 453
15624, 381
20700, 813
44309, 263
27257, 627
45438, 117
3951, 731
51916, 314
67883, 296
18018, 301
46038, 904
31130, 63
16809, 752
40747, 433
41745, 268
49017, 98
19689, 15
50794, 0
57492, 614
9529, 732
58730, 860
63659, 343
76380, 337
61160, 18
58410, 490
54593, 898
843, 144
3365, 699
38658, 424
57890, 92
50424, 451
22659, 187
75173, 789
8335, 227
36425, 902
52039, 538
15848, 349
40200, 889
24593, 86
28261, 499
45905, 936
8715, 565
52328, 328
7643, 733
57733, 988
17476, 528
72655, 970
3398, 616
53558, 658
32207, 478
65531, 693
72819, 131
64470, 872
31516, 929
12478, 33
37703, 660
53219, 212
54776, 27
41317, 163
18571, 631
20876, 502
55580, 271
14486, 945
25044, 916
6142, 582
43233, 603
19760, 109
70341, 403
70667, 942
20318, 69
48295, 250
46600, 235
6232, 610
6821, 285
14614, 708
51189, 444
43590, 522
75521, 340
4170, 231
48278, 392
67632, 255
20374, 981
39186, 756
37236, 775
19772, 947
26939, 124
52481, 348
1961, 146
67782, 444
20870, 646
39873, 984
34378, 643
4011, 177
10972, 526
49243, 19
50046, 894
79763, 302
31925, 607
25799, 792
38598, 500
66630, 195
67475, 997
57595, 192
22454, 331
43804, 927
54668, 553
25277, 14
28503, 529
25549, 806
74341, 762
22290, 623
58925, 756
4796, 63
41399, 718
28, 776
33443, 605
34966, 848
32961, 297
69823, 842
33499, 303
58002, 478
6585, 792
77808, 28
26792, 269
41156, 504
30671, 202
28025, 409
56613, 571
59489, 464
65635, 350
13207, 64
61126, 870
22297, 374
19128, 120
70231, 534
54537, 836
8273, 600
27912, 941
39143, 444
15262, 517
9828, 231
35169, 798
66964, 46
20834, 335
19130, 121
63390, 437
77793, 541
25191, 27
68726, 545
1137, 190
11210, 937
20609, 461
17123, 184
39262, 309
32122, 66
4761, 238
39753, 213
9550, 702
39253, 239
42270, 488
67210, 687
78484, 425
2250, 333
19812, 279
37757, 419
969, 480
38710, 554
74767, 891
39111, 918
67270, 506
36576, 280
11001, 71
11016, 399
61029, 306
46205, 382
1080, 55
35810, 628
75831, 842
20468, 70
28794, 907
46689, 9
6335, 191
20645, 504
11022, 44
6161, 534
47511, 260
67816, 832
17776, 946
71722, 509
13796, 864
76193, 557
48965, 220
10058, 161
46690, 174
21738, 21
66417, 633
74895, 272
20210, 490
78899, 923
10500, 938
79407, 272
7296, 50
12950, 765
72711, 850
79610, 908
18792, 786
20476, 577
25431, 142
27127, 33
23702, 910
75991, 669
69270, 715
33723, 360
36371, 10
57222, 746
61012, 244
46555, 809
65317, 925
10749, 875
22967, 248
79001, 593
38440, 321
12174, 63
51220, 378
49452, 922
8014, 419
11433, 316
3498, 31
52230, 553
51303, 212
52939, 434
41087, 450
51050, 98
22818, 861
38397, 963
4518, 644
13388, 241
75066, 324
7207, 25
73130, 648
4738, 952
48824, 310
64522, 666
17386, 179
2730, 983
13653, 266
1927, 845
59977, 614
49518, 659
34439, 858
65412, 503
30726, 403
63341, 82
44992, 878
51617, 55
38970, 928
75527, 101
70715, 996
8644, 955
70253, 770
5255, 353
59980, 558
44430, 69
34436, 996
22126, 203
8586, 764
27639, 427
8909, 911
34786, 680
71181, 385
6547, 518
23803, 394
1012, 776
77543, 780
21553, 943
53820, 636
7237, 937
53683, 898
42096, 313
63490, 205
75533, 780
69334, 100
4861, 785
38267, 864
44692, 331
48512, 925
29224, 281
62898, 605
79958, 148
71864, 220
63191, 903
26132, 810
56855, 233
10254, 287
32490, 935
20811, 176
74268, 230
49244, 746
48834, 1
75104, 100
61839, 649
71003, 814
70635, 230
52205, 31
53841, 3
26485, 216
13940, 343
50164, 408
22769, 757
21026, 16
63038, 586
75099, 639
25815, 971
12018, 172
65293, 73
42895, 751
78167, 898
43703, 232
56640, 142
20312, 711
11868, 610
44231, 631
51750, 943
71554, 781
13105, 699
6748, 543
73902, 790
63702, 627
40228, 662
24889, 863
29851, 553
56048, 534
16599, 310
78659, 307
36842, 732
239, 510
43282, 236
23960, 323
11819, 796
50955, 488
23059, 449
36286, 57
6070, 15
15416, 360
35200, 399
44933, 608
9419, 748
55378, 379
34976, 282
39730, 950
12323, 374
30876, 843
45849, 612
67478, 37
64981, 616
41896, 506
57140, 992
44310, 579
28625, 788
40245, 75
24384, 28
15464, 125
29866, 971
67435, 991
44266, 300
12348, 940
63503, 775
6721, 341
43486, 651
8215, 757
61443, 720
44376, 1
55825, 959
12336, 835
62604, 819
9593, 114
20688, 14
69729, 157
59923, 472
77693, 731
67660, 725
19439, 813
66449, 689
31266, 162
76888, 381
13440, 0
36479, 223
11710, 477
4779, 27
23141, 296
168, 1000
38386, 19
34134, 491
20395, 291
7728, 430
39513, 920
28855, 194
22304, 900
40985, 709
6906, 337
43963, 731
24473, 184
25687, 295
32622, 68
67646, 705
51764, 804
52414, 392
24182, 417
79628, 396
1262, 321
51212, 406
31712, 720
15970, 404
19228, 467
11647, 397
3886, 867
9, 455
3823, 768
73029, 352
18886, 643
12454, 728
28013, 916
9528, 889
10320, 50
56935, 521
77263, 600
27495, 603
53308, 699
46301, 39
28621, 493
74306, 70
74058, 341
225, 596
42990, 23
10027, 782
17560, 943
32005, 579
21190, 743
78153, 999
13311, 139
49406, 171
73700, 343
57697, 997
39664, 454
35483, 236
66277, 611
33096, 729
44192, 242
79673, 475
2293, 393
16613, 877
34037, 358
8392, 687
18118, 302
35606, 779
69319, 527
72476, 429
32142, 303
42969, 181
7309, 639
8198, 92
40978, 139
32476, 782
2612, 558
47792, 411
24510, 641
54688, 140
35082, 75
70637, 412
7990, 341
21963, 819
75705, 187
29804, 336
56906, 482
69762, 977
1755, 179
37744, 78
31513, 648
15274, 303
19866, 350
46152, 657
23147, 884
59898, 166
36441, 906
9876, 975
51336, 700
73017, 442
43679, 373
56297, 630
52181, 135
2799, 677
51613, 244
25863, 549
62204, 373
67551, 161
46868, 430
19214, 442
68605, 212
59583, 413
48635, 848
78030, 242
40883, 134
48064, 688
33901, 237
59272, 458
53954, 213
790, 575
51996, 131
54494, 733
27523, 510
32343, 131
71672, 73
16766, 320
9788, 257
31585, 877
1303, 501
35686, 129
10546, 941
13086, 42
21366, 339
65454, 112
13607, 312
38230, 93
48844, 157
25439, 872
78072, 843
5302, 443
69977, 491
71017, 533
76804, 336
75418, 870
57145, 837
64792, 847
46631, 512
28707, 98
34263, 321
28719, 948
59360, 495
71781, 571
71614, 684
14378, 1000
67394, 564
30138, 882
18625, 334
31020, 624
64814, 752
44090, 688
65207, 554
46667, 633
29354, 232
61966, 606
68916, 210
24474, 175
65327, 328
50936, 192
57030, 10
50968, 671
76140, 843
54466, 724
36841, 842
6401, 157
14638, 416
45757, 599
15950, 493
25114, 942
35274, 504
37565, 138
62322, 506
63730, 787
39532, 561
5273, 239
64140, 404
67617, 888
28827, 501
42764, 403
33585, 880
51327, 507
49743, 881
78171, 566
22121, 141
21471, 437
69482, 165
74476, 342
59997, 70
69199, 751
6143, 630
52547, 288
67406, 309
40257, 558
15168, 252
9778, 21
78502, 350
72936, 43
25742, 547
34210, 181
19455, 520
7562, 716
21549, 257
55639, 343
56736, 158
11004, 797
14947, 601
25344, 670
26064, 793
72952, 816
40337, 388
40468, 614
78775, 227
43549, 71
31595, 375
45992, 973
56306, 7
33809, 969
41789, 178
51161, 586
60181, 568
79906, 80
27377, 676
31081, 455
24932, 17
1142, 352
46008, 330
51475, 273
5358, 711
58245, 344
2620, 832
31232, 487
77033, 229
53859, 300
17805, 506
60967, 909
22045, 206
30998, 906
4821, 77
60576, 183
69998, 750
46504, 471
33986, 940
13053, 677
38019, 253
7687, 464
76838, 449
22047, 656
30869, 354
32681, 858
69683, 92
64130, 594
22603, 913
16513, 981
64054, 406
37572, 789
46191, 32
39813, 547
79844, 185
47823, 276
916, 185
6012, 464
44914, 653
61889, 142
34982, 187
45289, 562
21520, 891
31995, 622
2056, 613
35754, 348
39420, 939
46299, 386
35332, 166
23276, 482
5884, 453
19114, 555
36224, 336
1884, 672
38596, 592
70043, 651
28058, 54
70709, 413
13955, 575
33417, 276
38609, 615
71262, 372
56595, 511
14160, 672
25464, 650
14336, 640
26163, 836
41900, 485
58888, 66
46042, 971
43748, 816
10441, 63
27863, 834
30377, 310
57436, 637
79981, 458
21842, 435
48436, 464
60403, 349
7014, 174
25829, 276
41213, 419
43729, 344
32892, 457
69868, 685
4854, 518
68792, 514
1230, 753
15586, 377
2555, 945
46666, 941
11492, 141
49442, 216
24075, 12
8440, 159
67979, 983
63959, 159
2528, 334
44440, 884
70669, 272
16333, 212
34961, 211
44074, 932
55562, 187
72574, 802
46446, 90
2215, 617
66661, 45
14816, 496
16968, 167
25045, 751
57315, 201
21912, 98
16574, 590
7352, 669
36250, 658
5946, 804
78702, 404
25297, 669
72699, 778
49491, 321
30488, 705
25351, 353
65715, 146
37501, 355
30143, 237
3897, 800
58815, 149
6990, 456
53376, 11
22756, 48
68624, 403
44946, 42
70493, 638
79788, 564
52076, 211
26034, 658
36731, 861
53428, 552
72128, 876
74678, 452
64222, 476
23388, 802
79005, 142
64493, 728
25256, 771
49433, 336
6407, 881
28619, 29
70741, 832
70965, 996
18235, 567
53178, 549
14981, 415
48957, 356
7625, 373
13126, 437
67081, 482
40767, 833
7912, 626
19683, 895
42486, 316
54310, 163
17515, 768
20159, 11
53414, 541
79451, 26
57445, 119
31568, 162
78354, 580
53435, 278
11706, 888
63771, 988
33132, 983
34406, 174
70321, 227
71162, 515
12597, 154
59154, 104
45796, 977
31120, 200
3010, 145
30215, 708
66359, 983
73653, 125
7810, 271
76181, 814
37952, 825
57642, 694
29487, 496
55488, 406
73100, 623
47393, 291
45660, 44
67314, 971
49122, 175
43468, 873
44445, 315
50720, 906
62369, 182
70858, 213
50252, 415
35955, 10
64265, 884
41094, 620
13481, 854
35927, 758
64655, 648
65029, 949
42018, 931
11030, 906
42832, 450
32243, 249
64289, 996
7062, 711
25625, 176
79450, 842
58523, 882
9076, 27
25942, 367
39448, 660
44147, 865
43611, 944
7867, 638
18587, 334
36899, 991
47506, 268
38293, 827
17460, 738
62269, 400
61649, 479
44783, 637
33980, 699
33633, 737
5595, 816
67150, 319
30428, 898
49643, 360
64476, 718
11965, 945
63023, 976
61766, 500
75903, 462
24408, 463
16102, 406
16354, 405
42055, 447
10747, 321
273, 624
73936, 382
74251, 623
57770, 46
6250, 165
10868, 542
59732, 559
51491, 664
1120, 437
13365, 155
51140, 763
39278, 844
6705, 221
35562, 604
25832, 299
31287, 329
2500, 645
44093, 862
79274, 140
40567, 308
69890, 934
78996, 348
73756, 173
62253, 355
63617, 946
30336, 467
65000, 673
68708, 566
30746, 200
29360, 704
4407, 315
55788, 85
5407, 595
29408, 795
10396, 336
11839, 40
59619, 606
50038, 530
11793, 643
23908, 244
37383, 416
26412, 750
29312, 13
16446, 473
70279, 503
889, 44
48364, 404
38129, 807
63761, 742
35191, 103
59094, 543
15626, 350
10122, 405
10488, 500
52980, 254
987, 201
13944, 140
33689, 379
20234, 18
58522, 437
38367, 991
12943, 61
6270, 254
3295, 689
131, 74
64829, 937
24450, 551
48511, 442
36698, 674
45612, 196
44757, 329
79300, 211
15944, 282
7586, 453
7344, 956
29586, 86
24906, 588
65771, 209
2320, 840
14629, 167
40237, 671
56823, 192
62795, 964
44629, 605
17860, 21
75789, 605
61403, 841
47197, 562
1683, 299
49432, 519
57301, 892
79453, 203
48858, 638
76075, 752
13638, 627
71189, 108
4742, 782
34715, 506
57191, 499
61825, 207
14529, 361
30416, 219
57409, 240
52873, 363
69927, 976
30119, 623
56442, 377
20614, 507
52206, 990
78790, 157
5997, 608
33984, 534
52036, 722
19327, 120
3788, 930
56386, 886
55007, 56
75565, 762
51019, 556
32927, 8
66587, 568
21386, 379
70336, 740
54130, 852
59473, 97
27985, 623
65377, 867
26638, 611
1523, 898
18136, 202
8826, 795
55725, 743
74076, 224
72859, 381
65597, 477
9317, 841
47184, 106
16472, 353
7541, 444
17577, 683
4448, 842
24310, 261
8535, 722
5821, 316
36605, 436
51143, 31
44230, 609
25536, 866
70687, 348
48576, 906
67995, 980
31522, 932
37033, 17
60133, 656
10629, 183
37006, 26
63828, 623
21596, 97
25778, 830
68421, 219
50960, 5
44755, 199
59460, 899
29797, 50
3726, 380
70914, 38
67083, 888
71538, 15
26190, 478
37104, 209
64624, 440
34778, 952
35006, 516
29040, 258
24986, 206
28230, 416
59282, 968
15450, 597
49861, 288
9823, 935
3486, 296
4552, 79
74816, 231
58636, 213
17638, 184
45250, 253
9801, 166
70486, 761
70532, 32
19569, 702
71534, 651
50202, 246
39082, 883
6001, 610
7730, 389
55796, 51
5179, 984
15447, 387
3433, 69
44835, 18
58968, 297
38728, 964
50126, 24
54424, 42
542, 746
7388, 199
9583, 39
6286, 24
17699, 189
33446, 637
8072, 100
16380, 547
65403, 70
30898, 632
59379, 648
75773, 761
32287, 474
39142, 282
25325, 538
50552, 274
36817, 176
20104, 802
56307, 947
50783, 26
34279, 974
18786, 490
65084, 488
68804, 853
75720, 751
12141, 727
28903, 366
1940, 61
25850, 228
55359, 65
31509, 445
25406, 871
56665, 295
51849, 501
24344, 475
21711, 622
16248, 646
60292, 708
51989, 825
6601, 403
37564, 670
38830, 284
46747, 50
63887, 31
33269, 19
48677, 326
70260, 736
59016, 381
71806, 205
12927, 72
8452, 345
50617, 387
68643, 184
63786, 161
76537, 2
4533, 895
70434, 961
38155, 402
64744, 604
2651, 319
58765, 607
70751, 701
27845, 328
75612, 211
18073, 965
26205, 890
12836, 251
5119, 177
22105, 545
18272, 101
24971, 828
14143, 4
45583, 655
23380, 64
51501, 272
68754, 243
69451, 617
67090, 172
10391, 841
59103, 82
21361, 360
55890, 293
49040, 693
50679, 974
3903, 290
35497, 92
54074, 383
41212, 62
77605, 191
71924, 392
51266, 356
74957, 786
63705, 694
68078, 792
79055, 209
73729, 759
15530, 380
11781, 198
34336, 324
18436, 218
25027, 822
58255, 525
20508, 117
36229, 301
22054, 621
64478, 841
43335, 626
40235, 105
60970, 262
62292, 347
65721, 519
69420, 769
30950, 655
15789, 348
33436, 317
41318, 926
13602, 61
65266, 21
72687, 934
27101, 108
50133, 320
39507, 718
18179, 678
26175, 947
20738, 686
70544, 408
60955, 415
20521, 600
34119, 468
67297, 302
42782, 923
62260, 25
40770, 281
7473, 685
33760, 552
5334, 165
32473, 728
21186, 585
48658, 439
54958, 146
52164, 86
63130, 524
48233, 80
38246, 956
35957, 930
19320, 163
60997, 89
41305, 670
59141, 929
61215, 93
30975, 68
65469, 965
26245, 789
23938, 772
35869, 373
55876, 577
73570, 708
4271, 151
2695, 445
10596, 210
55741, 719
47559, 976
38389, 764
48991, 905
64479, 455
74952, 227
33392, 106
63339, 63
59448, 432
35906, 844
36544, 991
57005, 387
49188, 208
18079, 908
48694, 952
18406, 609
46481, 57
51409, 37
58117, 568
28650, 390
35905, 464
19284, 458
25349, 850
21991, 956
67283, 335
76651, 521
61753, 993
9219, 208
20672, 552
40788, 32
50464, 916
37942, 988
35971, 654
75946, 37
39522, 43
44038, 921
18400, 11
44238, 8
10075, 399
71938, 384
55677, 284
10071, 473
32411, 839
68374, 400
69165, 623
56177, 377
12170, 143
77834, 292
20567, 476
39631, 575
9531, 323
17056, 825
46564, 963
37450, 942
6210, 659
55278, 268
27483, 262
2991, 240
30548, 834
45712, 191
76667, 472
15001, 803
45605, 763
74490, 718
15353, 893
36387, 146
56073, 440
48898, 219
13535, 345
78059, 355
76611, 634
27877, 169
66018, 810
50044, 963
33407, 756
32604, 253
29018, 784
17869, 758
71609, 576
54695, 488
59642, 451
31985, 17
22250, 938
8233, 203
73439, 651
68607, 371
24202, 786
43980, 273
17349, 908
3630, 838
43557, 677
48533, 839
50388, 857
29076, 151
10191, 96
31427, 50
8650, 553
63653, 800
25269, 911
2465, 645
49623, 986
48292, 65
270, 393
6818, 118
65926, 687
42393, 111
71496, 529
57731, 300
42561, 809
72877, 872
79876, 755
26717, 68
44456, 488
13669, 118
8870, 947
25792, 45
50657, 894
13083, 988
13667, 373
8760, 996
71950, 170
38606, 534
43985, 784
50433, 282
67671, 821
4667, 243
6397, 877
68235, 348
55262, 586
26321, 599
3580, 629
31017, 861
42345, 924
58797, 616
38035, 642
20045, 790
23686, 567
28123, 558
51961, 427
76285, 184
73108, 15
74121, 487
19392, 830
17379, 92
38133, 981
50043, 533
68183, 426
37376, 893
33135, 779
61319, 294
41915, 675
66311, 588
70521, 43
16586, 121
31686, 431
24704, 146
59292, 352
73368, 447
26337, 648
3332, 834
11220, 768
67023, 456
57447, 516
60590, 286
24396, 82
51076, 481
69756, 927
56438, 193
67184, 931
7832, 780
75459, 466
31741, 777
45047, 651
9021, 576
19007, 800
8067, 950
41950, 561
4441, 223
42856, 407
6760, 43
9424, 797
4584, 211
23485, 327
18329, 857
27695, 761
60954, 761
66784, 374
37465, 607
78845, 692
61609, 603
39654, 866
24349, 122
77372, 380
24802, 119
31116, 975
21344, 896
48643, 520
27119, 817
58773, 441
51274, 199
16822, 352
55109, 94
49924, 143
69048, 28
28310, 361
64414, 583
45461, 45
31005, 743
3684, 953
37204, 992
77374, 402
12424, 85
45653, 370
42380, 126
39928, 816
67624, 0
62160, 911
46750, 661
30402, 118
43123, 335
77325, 954
48804, 761
55509, 570
35090, 483
39750, 63
43682, 709
5741, 422
16775, 625
9215, 285
49847, 246
63804, 757
38298, 597
50804, 644
37913, 126
21952, 971
34537, 124
70648, 257
58692, 894
12631, 532
49782, 172
57037, 181
12706, 214
33491, 465
10230, 896
40506, 380
32609, 432
67588, 741
67754, 137
48455, 856
12390, 396
9452, 650
1385, 553
65215, 182
8705, 910
54849, 445
72671, 842
71946, 225
42012, 389
68227, 755
47140, 494
57700, 565
52356, 869
16062, 769
4859, 38
27390, 242
8748, 872
49082, 411
67561, 797
11935, 849
74077, 633
64193, 133
33512, 389
6217, 39
25743, 107
78074, 867
27067, 104
7762, 110
28863, 400
61784, 611
34226, 245
27697, 781
53828, 381
13357, 705
20773, 242
63295, 149
4426, 776
77331, 25
1233, 42
69582, 102
48084, 426
50625, 354
15392, 15
44442, 4
66340, 987
6970, 12
20753, 889
51733, 821
74825, 901
75636, 470
48087, 9
48578, 107
39303, 129
13779, 309
5776, 139
1091, 679
53266, 255
17857, 834
2542, 106
37883, 777
31979, 101
79695, 994
3522, 753
40838, 910
36246, 75
14132, 763
22086, 142
16112, 496
3065, 292
73765, 225
74637, 528
1988, 437
48352, 664
847, 348
38929, 989
16313, 387
29781, 845
54289, 407
67403, 581
58720, 414
45309, 621
77717, 105
79365, 807
79818, 405
69493, 655
69816, 162
62349, 88
33567, 17
48226, 287
79955, 660
30997, 579
15603, 524
31371, 16
49668, 361
61435, 951
69053, 556
65564, 572
24126, 789
75214, 809
48118, 591
49018, 334
33851, 808
43147, 925
52562, 857
5914, 312
47764, 876
57086, 972
68003, 958
56290, 692
10892, 718
72198, 526
55780, 824
44522, 14
10511, 287
29207, 728
64688, 310
75141, 688
72066, 648
23306, 824
11792, 807
20091, 201
25921, 65
9977, 224
53190, 429
78009, 98
20824, 39
13593, 784
57838, 274
35839, 273
36468, 759
10300, 762
79223, 202
62620, 248
803, 653
60187, 248
55491, 965
27886, 626
41410, 296
36983, 812
2875, 154
46935, 186
43197, 92
40749, 733
58148, 416
755, 906
32951, 467
19082, 333
62612, 322
39681, 708
31626, 835
57930, 56
24879, 561
11267, 776
19215, 782
57200, 298
18675, 501
58935, 507
10950, 732
53137, 852
4432, 507
63286, 422
22754, 602
75965, 605
6317, 295
829, 117
7131, 284
35706, 171
61934, 988
14081, 231
22442, 713
53766, 113
40731, 554
47589, 724
38318, 262
19726, 865
65856, 384
19900, 219
62151, 110
29252, 208
77750, 873
7099, 873
58383, 907
65361, 891
72895, 157
7226, 952
898, 552
26121, 754
42982, 677
75962, 609
15358, 259
23103, 411
7325, 670
62722, 97
56502, 789
4078, 434
33716, 766
13281, 438
34434, 340
69070, 759
20721, 390
22550, 61
64062, 979
70397, 769
60686, 929
46126, 171
59648, 135
20556, 504
27138, 956
33664, 456
4138, 900
19161, 225
57566, 793
73837, 809
42254, 427
53647, 349
47593, 710
39020, 716
7151, 601
16163, 158
44348, 94
79648, 242
65290, 289
75854, 578
33705, 273
17093, 485
8112, 6
48579, 367
46821, 913
11099, 705
58029, 779
38986, 461
71068, 731
11830, 890
50319, 428
11884, 426
46653, 512
60168, 603
69431, 672
49007, 361
46431, 393
73621, 425
29002, 529
57741, 749
66632, 375
25780, 352
52034, 73
28642, 580
20288, 956
36761, 362
39098, 638
45086, 774
54351, 22
13480, 982
7029, 872
78114, 920
49927, 653
51822, 551
71942, 162
60101, 282
77434, 758
76811, 357
60950, 470
76310, 390
74181, 131
23922, 858
18584, 407
13749, 291
57972, 673
20411, 770
11771, 479
75518, 800
71955, 315
50903, 572
69621, 911
53437, 697
9075, 845
22392, 546
47928, 641
47649, 652
45109, 137
67568, 822
37886, 854
66287, 950
31975, 195
49476, 549
6067, 170
76561, 599
11949, 653
72872, 421
69022, 439
72848, 138
1983, 461
35270, 306
56990, 660
18383, 308
76187, 749
43234, 152
43149, 747
78427, 58
24527, 978
36511, 425
67484, 543
10314, 841
20795, 581
14590, 649
11144, 968
75820, 747
77181, 826
37822, 902
46844, 300
51539, 26
53602, 59
73066, 596
3634, 716
73176, 258
17038, 275
60045, 668
67416, 729
33235, 492
50568, 208
78695, 741
26176, 767
31303, 593
15332, 379
14063, 402
58659, 918
7819, 370
37897, 36
74047, 64
28244, 21
40160, 713
11102, 185
74978, 526
40186, 965
1972, 894
56393, 672
65563, 248
47115, 107
21092, 863
62670, 404
59799, 141
67456, 546
7040, 816
30622, 355
77732, 765
50934, 910
69542, 831
24066, 592
4150, 533
26925, 941
74942, 808
47374, 286
68379, 785
22421, 28
10746, 386
72181, 62
61668, 971
76320, 721
4298, 122
49074, 278
43565, 724
62546, 762
28879, 996
32366, 461
34014, 710
20612, 429
35397, 25
42416, 575
52994, 538
10162, 485
55431, 30
33296, 68
35677, 455
65592, 309
13750, 999
19991, 693
59844, 980
77039, 868
9319, 286
11450, 672
37839, 17
53140, 578
72630, 942
26782, 156
9511, 406
72005, 648
55125, 488
37122, 729
54945, 69
30538, 131
4506, 295
29827, 790
33863, 835
19963, 38
25097, 201
78542, 163
76272, 615
42585, 534
9573, 427
34330, 839
77712, 787
45140, 999
69216, 732
50411, 30
76866, 714
67820, 315
68029, 998
15637, 567
57441, 525
2100, 504
1462, 63
15199, 706
48387, 993
1122, 266
59419, 410
64786, 179
43778, 765
40401, 740
12572, 685
70686, 263
8218, 173
11814, 859
23220, 214
18992, 716
1461, 205
21518, 405
57004, 120
23434, 316
62861, 554
40893, 458
3692, 741
71160, 106
6247, 841
57364, 299
38484, 1000
43166, 110
26292, 51
24656, 724
21202, 367
57214, 978
13826, 204
49316, 747
65143, 95
78239, 817
43806, 10
14877, 271
41202, 185
53903, 483
74927, 390
11423, 957
47591, 991
63382, 745
343, 755
18190, 458
29188, 657
41153, 971
21078, 955
49966, 898
32653, 827
71016, 405
23409, 844
75389, 763
71056, 940
6342, 258
54979, 649
40774, 988
6457, 624
22821, 384
18759, 750
56934, 18
59081, 47
16402, 282
42061, 981
65235, 741
7362, 337
19666, 795
33814, 91
67907, 447
61355, 566
73609, 763
567, 650
15149, 171
47354, 238
67338, 184
26335, 229
50206, 868
78945, 995
27093, 562
34892, 567
79263, 33
37081, 419
74778, 52
73937, 478
75170, 387
42773, 445
46511, 801
17861, 471
39359, 205
66239, 949
30505, 798
27538, 94
37007, 61
18001, 636
15588, 609
48794, 333
3253, 908
48463, 766
35328, 153
72809, 466
36546, 25
44997, 37
61869, 9
51507, 960
63680, 2
52581, 488
3324, 259
7508, 218
66723, 610
28970, 786
2696, 265
77222, 104
19985, 344
48524, 20
24463, 606
12410, 656
62875, 859
27893, 807
9149, 478
2472, 933
40874, 314
68848, 812
24826, 23
54705, 840
74419, 830
74224, 387
33290, 177
12430, 640
48911, 886
1410, 648
53633, 544
46940, 569
1391, 886
62199, 477
29336, 44
6372, 365
51811, 554
42756, 619
35933, 844
62615, 818
62807, 381
50966, 242
5826, 950
31751, 674
10158, 843
66606, 510
29481, 816
49027, 577
73071, 345
34825, 227
25602, 655
2216, 443
79324, 422
24840, 73
17769, 872
40189, 153
44392, 680
46743, 206
79255, 975
38421, 58
24977, 799
68319, 271
78328, 815
72019, 836
28722, 223
3651, 681
9835, 455
6141, 223
56049, 938
23715, 1
70778, 477
64018, 592
68523, 933
52276, 439
26837, 254
24928, 277
26295, 24
19206, 586
75430, 97
20543, 857
75625, 133
76144, 567
53757, 940
24962, 571
19356, 855
55499, 881
6738, 610
59727, 204
59380, 818
32650, 865
71916, 555
70781, 380
15208, 779
32483, 419
23017, 213
3383, 117
34714, 146
76958, 40
36797, 927
43752, 466
72718, 486
5980, 296
56745, 893
9512, 48
14222, 192
7163, 369
35186, 645
9193, 230
21566, 662
41578, 174
35959, 325
69925, 108
37434, 621
32389, 810
58006, 31
33243, 404
76586, 743
36728, 405
33947, 441
13605, 368
59602, 566
64760, 316
61006, 769
33659, 706
79275, 708
65949, 690
77199, 979
71715, 999
43094, 82
68780, 398
59959, 908
47116, 391
33928, 543
27874, 921
75661, 494
45909, 903
21742, 405
3219, 684
14723, 887
46319, 420
57120, 479
63033, 488
56239, 43
15846, 624
24613, 58
45281, 862
4959, 927
79156, 661
4756, 379
77840, 575
28039, 968
9199, 227
17064, 156
50419, 641
56920, 560
66921, 711
70639, 685
55478, 442
36189, 221
55064, 742
76985, 368
44695, 989
54251, 680
62894, 874
76084, 670
67834, 579
14655, 348
13507, 338
4393, 198
25015, 420
43477, 44
15934, 839
50264, 214
24788, 765
7236, 725
78512, 696
72233, 74
17625, 18
61182, 924
18060, 369
30368, 859
71977, 608
58299, 987
16439, 307
47979, 873
75805, 101
79426, 378
70608, 705
29878, 555
36033, 527
72605, 779
509, 876
49728, 454
58694, 903
43948, 821
58381, 362
27600, 970
46004, 0
11639, 984
55005, 13
63011, 577
24470, 275
42891, 480
3520, 51
35327, 87
32777, 528
8282, 775
4115, 29
30275, 680
25460, 966
54954, 882
30125, 399
57636, 497
34411, 479
2975, 492
45282, 867
75353, 914
41111, 562
26870, 499
21428, 510
30150, 443
4477, 347
10861, 358
15936, 606
42119, 379
15781, 422
23879, 472
31277, 145
35988, 232
71642, 671
56645, 596
704, 528
47172, 929
5933, 70
3490, 384
66309, 466
45984, 330
61726, 532
2979, 263
30670, 331
10998, 997
59742, 310
8719, 961
15094, 722
22838, 356
42600, 980
5979, 880
43686, 374
9551, 324
544, 66
45148, 498
41543, 114
1574, 158
76721, 330
72209, 659
60971, 345
79894, 87
21432, 214
61979, 546
50501, 348
31955, 527
21740, 630
15165, 45
71780, 954
69934, 958
48971, 546
6518, 982
15769, 591
77767, 127
16334, 877
15458, 722
6788, 985
41089, 735
29169, 784
5203, 617
69159, 884
55034, 244
19289, 866
11240, 742
23876, 240
26213, 529
10167, 317
10692, 780
1444, 21
46166, 54
12425, 925
10348, 515
47601, 978
28231, 847
16568, 604
307, 310
58086, 939
29545, 140
21982, 409
15728, 654
60847, 566
925, 546
56190, 835
73792, 61
29855, 981
34332, 204
33354, 360
5382, 819
3485, 374
54784, 248
79483, 775
71703, 872
46801, 5
78388, 926
64602, 447
12135, 600
36821, 609
63365, 540
40669, 611
70457, 251
45406, 630
40566, 437
7116, 604
62969, 222
34227, 594
45890, 568
36913, 42
25804, 538
75361, 720
40229, 367
62878, 94
51909, 881
18232, 852
46674, 628
39428, 724
19891, 710
25041, 558
66773, 242
49286, 599
48349, 949
28630, 827
72527, 270
26887, 325
4995, 309
76665, 312
36810, 967
63400, 320
6104, 643
13233, 570
78440, 542
38955, 961
63287, 443
14254, 387
10752, 624
350, 598
21901, 478
37310, 758
23256, 541
36446, 636
41168, 832
75735, 73
74073, 991
76741, 1000
36157, 909
46232, 765
42053, 313
61742, 390
28961, 578
37919, 821
50849, 931
75576, 234
43734, 641
3409, 347
67817, 118
47169, 870
54816, 284
39358, 338
67689, 625
38569, 574
41393, 256
35398, 681
5947, 40
56108, 974
20799, 126
29073, 577
26607, 679
5285, 161
26278, 441
16293, 972
25972, 644
36792, 674
67761, 620
60822, 216
28796, 272
5388, 519
5989, 323
21139, 470
67005, 299
52493, 402
17133, 613
18176, 371
29001, 444
60209, 661
60003, 151
36991, 203
15788, 493
17175, 496
31471, 507
65011, 252
66144, 434
42267, 322
4362, 490
34144, 710
36254, 920
15455, 709
27330, 899
75577, 587
3321, 416
52646, 364
14334, 670
49097, 477
46156, 395
69156, 780
1197, 101
37467, 208
12458, 751
45051, 12
28290, 642
69540, 335
26250, 395
4207, 515
20463, 65
17662, 854
10776, 968
58822, 37
40202, 609
3468, 344
5743, 470
78869, 685
21868, 194
40670, 265
72570, 145
27553, 495
44117, 326
67064, 629
12004, 180
4645, 555
67829, 451
34348, 647
53982, 599
10367, 508
69168, 655
73738, 193
9602, 166
16802, 24
29411, 775
7958, 210
2195, 920
76197, 659
28108, 576
73690, 939
57106, 54
23620, 75
7959, 8
7363, 814
534, 907
75172, 334
74992, 130
36939, 451
19878, 243
27932, 306
44040, 653
72183, 430
43275, 786
66230, 250
6889, 208
15501, 146
76263, 203
43169, 617
64334, 451
78256, 28
46202, 270
12533, 913
58711, 348
75762, 37
32723, 708
4099, 136
50992, 229
20014, 164
44330, 283
67946, 390
21491, 239
20198, 592
37182, 318
41218, 886
547, 554
29820, 311
28891, 145
44088, 20
64938, 971
40462, 887
6823, 590
71321, 414
24839, 963
14366, 904
59984, 73
66494, 34
45448, 449
53984, 386
7167, 216
12504, 595
5685, 451
9872, 638
7925, 955
13908, 190
72987, 101
14685, 608
30081, 620
52915, 438
26392, 89
39564, 175
55271, 829
44987, 432
32416, 207
27809, 285
15396, 871
47446, 338
61418, 109
55174, 40
49895, 113
8739, 849
76569, 846
41946, 481
57399, 199
77052, 190
73755, 294
77323, 679
14935, 264
38323, 583
18197, 91
78879, 470
45288, 564
77573, 373
26644, 509
71071, 956
77502, 187
45607, 504
61217, 198
73188, 972
78310, 882
56597, 439
37078, 13
17854, 599
76042, 289
47870, 233
63952, 720
56981, 745
13404, 982
25555, 281
11359, 647
33131, 267
59876, 189
67230, 66
46263, 607
23335, 69
78263, 607
46867, 676
3207, 586
33190, 798
24876, 835
45721, 859
5053, 839
69455, 728
75971, 502
5678, 227
52759, 511
43386, 507
47489, 460
50616, 715
75000, 855
464, 402
41705, 855
43081, 303
48241, 18
18652, 218
54088, 412
32257, 330
65141, 684
20083, 639
38175, 829
58274, 419
54479, 968
35619, 836
60127, 236
51687, 475
27701, 96
67784, 632
781, 202
53057, 628
58793, 608
42598, 932
15242, 6
75677, 906
15986, 65
22847, 431
24535, 603
77799, 826
25766, 113
11673, 981
27277, 537
1260, 297
13283, 480
41913, 913
79803, 482
67990, 319
49120, 359
562, 332
71149, 898
43173, 483
73135, 467
13090, 107
16479, 177
7988, 378
39001, 640
43152, 956
79308, 661
29814, 898
16884, 29
23515, 150
69170, 280
48464, 398
25052, 692
55442, 330
51433, 752
44675, 263
51023, 604
20805, 323
12868, 558
36900, 222
77912, 328
28166, 580
14125, 138
3617, 424
55404, 151
27745, 190
9302, 354
36933, 698
25162, 385
56243, 343
49009, 720
19995, 6
54210, 840
43600, 497
62825, 172
52137, 912
34640, 797
9205, 882
35439, 289
17307, 915
19346, 315
61579, 549
32989, 459
4237, 790
66463, 672
52477, 550
15132, 521
61583, 227
78871, 690
36009, 619
1708, 964
25987, 397
46370, 939
64844, 878
19873, 790
12127, 820
49321, 612
38093, 395
40707, 174
54815, 774
138, 271
41931, 758
13788, 808
5412, 711
19939, 501
32147, 626
15282, 805
63924, 957
15008, 134
61569, 976
31281, 22
79301, 661
61015, 324
71528, 752
65708, 1000
45428, 937
48397, 8
1798, 251
51169, 516
4052, 913
470, 487
12569, 476
64409, 4
55894, 451
41769, 23
41445, 21
13858, 439
8397, 762
17145, 66
19520, 423
11743, 234
74908, 539
36072, 436
54013, 658
29508, 634
63907, 218
35877, 613
19410, 254
32508, 451
12730, 45
66751, 649
65133, 435
62043, 181
58539, 498
65406, 829
5496, 569
8102, 280
43114, 686
66580, 399
75292, 201
75075, 682
48350, 397
14528, 624
50259, 786
57475, 979
36579, 407
42871, 759
57777, 260
37586, 579
29242, 493
66405, 384
21636, 848
30842, 731
16664, 904
47463, 654
79580, 962
24691, 885
29530, 121
40885, 471
32233, 880
49418, 128
28572, 427
5301, 899
67341, 298
41592, 366
42141, 342
29563, 533
75924, 604
17956, 526
50095, 748
57645, 901
77503, 739
77225, 448
54810, 104
40698, 599
54691, 855
20456, 566
77580, 680
75692, 823
18477, 155
10611, 916
19757, 72
68664, 838
9259, 449
11907, 715
42778, 641
691, 732
1186, 900
22694, 733
52838, 353
37060, 836
12644, 939
58223, 174
340, 680
19918, 739
51752, 177
22541, 658
38664, 131
73815, 335
9771, 871
2804, 609
11772, 486
4541, 602
77160, 513
3042, 994
27964, 158
78357, 164
50318, 255
12431, 823
73986, 809
27900, 985
64516, 637
26877, 641
15278, 581
18396, 688
37528, 8
31168, 348
18845, 708
17109, 41
1087, 336
57247, 94
72989, 552
77069, 131
79938, 78
2265, 308
77385, 834
47470, 327
12003, 259
5366, 888
56281, 826
19627, 272
638, 858
20845, 515
50939, 922
35463, 892
69943, 542
47410, 976
68580, 767
24358, 681
12847, 234
22545, 393
4277, 782
31087, 316
4774, 677
7069, 222
73947, 860
7343, 804
77770, 986
49951, 174
12872, 922
29027, 989
55130, 177
44371, 901
10533, 433
41450, 977
19894, 414
25442, 893
52014, 779
32013, 382
10631, 364
42003, 630
9736, 409
46331, 368
604, 995
20760, 551
23632, 199
8349, 457
79049, 418
39039, 332
46587, 361
28185, 499
71312, 779
1123, 565
17747, 921
19094, 186
20837, 885
44985, 80
30273, 506
67516, 309
37674, 43
35197, 324
19583, 550
73139, 71
66860, 702
60826, 298
47107, 207
41413, 395
60034, 271
31449, 140
27111, 324
44668, 187
15698, 357
70900, 680
20111, 625
27831, 788
54190, 977
67657, 196
60600, 651
27057, 79
51089, 308
44798, 951
76980, 932
48989, 843
4651, 549
74019, 476
13780, 259
24851, 260
1877, 912
73509, 176
1751, 672
929, 937
19702, 850
66304, 569
43911, 459
12940, 559
39355, 495
4775, 184
40299, 845
53571, 605
78972, 443
72568, 850
42958, 936
55244, 528
8603, 943
75249, 108
18312, 238
32387, 890
52128, 648
37716, 784
22800, 467
25889, 778
8499, 483
69857, 468
9561, 485
76135, 658
9536, 946
54042, 378
51391, 695
39595, 506
15555, 513
46745, 162
12958, 531
21123, 406
56408, 749
16991, 799
40368, 430
47409, 282
16869, 982
13627, 199
13213, 396
20966, 753
24626, 934
42199, 256
49855, 470
71933, 80
69476, 664
21196, 204
33103, 831
73181, 962
8048, 851
30257, 492
9225, 25
12305, 195
66030, 53
65050, 532
57684, 793
36201, 562
65116, 837
47188, 170
23752, 513
77359, 718
55919, 286
8527, 699
3785, 750
77677, 841
65535, 24
61993, 14
28936, 641
6957, 634
72064, 693
32169, 734
18085, 611
18539, 185
58222, 421
58533, 390
61047, 645
60882, 759
16607, 169
58672, 2
55889, 950
36808, 962
42933, 373
58959, 883
28812, 829
41378, 742
33250, 437
5562, 275
59034, 909
73178, 833
74764, 507
42387, 333
34127, 186
15552, 987
66885, 400
31221, 726
73869, 813
30667, 30
49161, 495
3105, 335
9464, 449
17914, 574
56559, 467
27470, 660
45342, 322
62460, 118
15863, 114
2058, 186
63511, 155
62627, 38
12935, 414
37384, 288
11350, 959
5602, 41
39849, 471
30039, 895
47108, 769
36812, 394
39220, 423
67251, 309
56202, 382
66064, 949
75036, 504
67218, 995
61005, 47
457, 441
58442, 864
66067, 606
75309, 700
50229, 224
12172, 858
54203, 993
19025, 811
53669, 564
19079, 512
67560, 597
4245, 119
52765, 24
44634, 373
12548, 963
6221, 501
65389, 493
1327, 460
3222, 325
68025, 979
77787, 17
67750, 611
59096, 55
79166, 660
48879, 161
10647, 110
30524, 260
61495, 581
74460, 51
21793, 53
24712, 867
32944, 83
7257, 300
37357, 790
34059, 507
33222, 144
38796, 73
43186, 79
24581, 601
24618, 868
8070, 955
61646, 345
40701, 911
63474, 87
60390, 511
55455, 25
27009, 355
44219, 423
6280, 194
44265, 944
61113, 392
67583, 890
73306, 906
1947, 463
45122, 798
72277, 705
23291, 879
78939, 699
63811, 972
74751, 630
48148, 746
13902, 853
12829, 305
49796, 468
6652, 289
59790, 601
53594, 817
53608, 968
50041, 426
67170, 537
58199, 621
35341, 887
66120, 69
75447, 323
30717, 187
48546, 127
27295, 853
24488, 902
77789, 913
34894, 732
57750, 311
14121, 603
16045, 985
15895, 125
14668, 386
42049, 905
62465, 879
54863, 499
74398, 949
53458, 967
61927, 33
30859, 146
21732, 506
44570, 70
44974, 784
39106, 234
29736, 223
11349, 824
74435, 140
34479, 685
57941, 59
65099, 137
72258, 631
38554, 789
3117, 591
66705, 907
65965, 286
29422, 633
6000, 49
28551, 244
63412, 29
1289, 951
71077, 311
3360, 486
74525, 609
230, 877
67951, 804
67665, 552
44956, 961
43391, 556
63795, 541
12688, 263
38237, 313
11575, 567
51300, 798
47634, 553
14259, 357
61, 72
56255, 486
58387, 559
10425, 622
4003, 896
11151, 418
54990, 674
13574, 117
47524, 416
42556, 971
21025, 866
15899, 287
14957, 21
46568, 239
51698, 32
1092, 954
79352, 198
70402, 430
68679, 748
37047, 993
58432, 91
79535, 232
19499, 961
67644, 559
47630, 252
36688, 917
72969, 307
20911, 630
28875, 820
59481, 488
15382, 147
55407, 257
56592, 61
58145, 695
7166, 747
71696, 361
67847, 694
7598, 407
20676, 467
79207, 623
64013, 209
52833, 489
15559, 340
70000, 16
16681, 264
78051, 754
67593, 718
15354, 105
69224, 516
11266, 259
57696, 644
30616, 871
74533, 272
16698, 615
20515, 629
60871, 37
18316, 148
30149, 374
70245, 129
37506, 817
52516, 122
7814, 376
879, 643
30966, 35
4527, 202
67645, 359
41238, 167
2458, 468
29738, 725
2494, 69
17761, 987
3672, 333
33142, 318
44539, 989
3969, 512
52794, 46
70658, 89
78610, 387
49221, 426
30883, 697
23830, 598
63459, 899
48548, 210
51000, 729
69428, 678
79810, 622
14748, 321
3047, 407
2523, 930
59618, 773
31800, 862
66271, 924
38211, 715
40051, 926
61638, 36
73447, 623
28731, 885
8548, 490
13006, 437
14953, 273
54019, 597
61321, 642
21391, 703
4300, 81
27682, 760
66804, 81
50511, 670
29943, 700
20798, 718
72855, 538
31097, 758
33842, 113
1029, 531
46259, 803
40293, 119
71437, 534
3247, 857
39544, 587
2932, 685
37601, 525
47644, 939
71255, 743
8803, 211
34237, 277
72243, 859
10610, 62
32451, 794
15966, 64
23109, 155
66214, 928
55507, 750
67900, 645
77868, 266
64912, 824
34827, 293
32231, 282
40659, 672
67104, 945
49224, 471
70506, 778
49688, 189
2050, 864
44601, 49
72160, 590
60776, 55
60170, 933
78501, 615
2022, 0
58768, 585
15609, 515
43618, 162
70811, 631
72889, 171
45152, 535
15528, 460
61085, 157
71543, 575
8735, 111
32799, 590
10982, 51
28567, 922
21929, 282
383, 403
75365, 878
49058, 920
79825, 449
1014, 377
75443, 203
42470, 644
34687, 110
25969, 350
73267, 567
19514, 300
46869, 421
69256, 577
71972, 213
16400, 39
51990, 340
16081, 516
73838, 59
63823, 720
26017, 601
54484, 345
68471, 814
57192, 16
40561, 641
23384, 994
2440, 384
24229, 174
22832, 597
54861, 42
26450, 330
66119, 274
63531, 255
79641, 1
2702, 71
45193, 762
7551, 284
67035, 311
21132, 285
34306, 392
245, 87
11625, 379
63419, 365
72552, 872
52522, 403
55674, 826
66990, 979
52070, 534
16295, 848
43833, 10
5189, 921
69031, 613
63726, 711
69929, 558
20340, 807
33586, 516
60982, 910
62588, 301
43119, 468
13332, 986
57375, 708
3228, 767
49711, 350
65732, 962
41877, 848
26162, 522
77027, 544
35596, 556
58155, 821
23023, 656
72934, 288
36523, 22
12932, 478
21592, 671
7048, 952
19830, 482
67022, 257
49909, 488
17248, 937
19492, 453
44048, 105
63356, 66
79420, 11
55357, 640
11319, 904
74871, 600
18531, 928
23808, 104
9357, 696
62835, 918
38979, 460
17961, 631
31213, 91
71607, 59
28661, 87
4619, 856
70614, 95
39801, 984
35953, 830
59172, 554
11798, 423
65466, 652
32542, 90
53925, 30
31049, 711
46199, 711
66190, 856
7754, 997
48114, 572
19556, 991
3265, 577
40169, 895
14178, 328
58967, 551
27828, 768
24171, 198
8180, 906
29985, 948
16629, 141
32651, 605
27959, 180
33409, 216
46806, 364
12756, 957
46784, 536
1032, 951
25389, 957
16882, 221
10898, 861
3789, 38
13921, 742
59278, 297
7675, 444
68596, 541
30351, 475
26833, 363
37336, 985
47922, 556
20252, 350
15604, 570
60135, 596
73311, 702
26307, 179
8150, 817
79326, 498
12468, 373
70173, 113
57403, 973
52976, 375
53198, 811
66605, 995
31431, 27
39079, 374
36814, 204
35281, 196
60930, 628
16842, 287
67311, 147
8381, 692
77803, 242
26357, 305
6835, 387
17885, 576
34744, 616
19615, 845
78118, 504
2469, 814
21265, 32
12808, 62
33880, 838
61521, 664
67077, 849
42574, 308
22841, 200
2003, 464
25519, 364
10148, 957
23320, 284
4788, 451
57156, 407
48918, 900
43493, 874
43544, 946
78094, 713
12833, 54
42971, 935
47603, 720
9096, 69
70420, 995
29162, 96
39338, 674
6258, 757
18062, 625
5735, 831
44653, 107
11072, 303
66627, 577
6299, 197
23429, 592
16608, 31
7295, 269
46794, 294
22353, 831
54172, 768
44468, 823
30074, 533
13513, 736
44567, 541
54262, 282
839, 875
28817, 195
42582, 232
50125, 263
25087, 233
28008, 772
23708, 980
63707, 831
21264, 31
19698, 915
42417, 992
31437, 30
66055, 448
57587, 397
16427, 730
42189, 845
48880, 275
10499, 861
25241, 763
69039, 257
60271, 215
28850, 675
78333, 683
8155, 965
54525, 500
51847, 838
49085, 552
14045, 712
59665, 955
21869, 885
11906, 273
24220, 680
55194, 100
6245, 981
35915, 674
76090, 653
61033, 515
5052, 427
54324, 745
73460, 79
20162, 757
20450, 39
8622, 336
19123, 906
44166, 325
40514, 206
11286, 518
66015, 21
64588, 672
3828, 109
44655, 99
28922, 905
58550, 893
1475, 777
57372, 761
6412, 336
46069, 75
43876, 153
56923, 180
76538, 954
45243, 191
26763, 239
21300, 405
57047, 592
4787, 966
77339, 717
51033, 774
17436, 449
17203, 492
19831, 918
72448, 579
16206, 533
34474, 413
58794, 570
22719, 122
16309, 327
25589, 528
31395, 826
47613, 927
3000, 572
28809, 340
32258, 606
16797, 233
22227, 1000
42792, 768
8396, 524
55930, 429
70344, 136
55, 539
52711, 261
79330, 392
7796, 984
78575, 647
51288, 920
48638, 379
41846, 552
3919, 48
50635, 267
35538, 66
17893, 965
58674, 942
70683, 162
16871, 710
25655, 432
31302, 146
76865, 464
11764, 603
22946, 931
18954, 858
50870, 358
69222, 91
51359, 886
14591, 174
42138, 118
66710, 845
16967, 687
75607, 57
77060, 860
36725, 447
919, 620
29393, 454
12700, 388
32138, 480
53143, 641
33987, 726
76881, 218
73129, 822
57070, 926
30135, 824
45434, 507
34395, 376
73369, 179
71122, 580
77342, 927
31381, 18
43720, 108
60348, 467
35714, 956
61519, 316
2407, 287
55131, 793
36014, 229
58561, 335
3140, 711
74506, 908
26112, 894
61871, 635
45348, 308
12414, 714
17525, 109
39134, 555
31119, 401
15218, 224
74791, 246
38043, 494
53788, 693
16619, 39
30466, 280
56897, 13
29118, 51
65791, 546
79974, 57
75689, 18
68902, 266
23393, 331
25202, 358
41037, 514
35973, 661
70223, 199
72910, 234
30768, 353
62753, 629
44279, 813
10793, 302
38984, 634
66824, 94
77138, 848
75613, 398
76500, 65
70155, 607
14406, 428
74262, 977
63973, 823
1525, 862
70755, 89
78665, 29
11493, 506
40831, 371
56091, 612
32081, 99
74810, 97
26861, 418
68218, 577
50517, 24
72960, 128
75975, 334
39935, 856
74603, 188
44525, 124
5345, 550
67698, 3
60570, 27
51890, 767
32019, 388
79585, 545
18069, 231
65955, 356
3827, 383
27454, 407
24517, 112
11285, 149
34273, 523
29863, 301
76977, 17
31658, 242
13948, 477
35305, 396
1926, 943
51208, 613
54506, 307
58269, 998
24917, 49
73850, 403
19849, 493
5124, 114
67261, 260
1442, 597
66877, 888
26515, 756
49574, 325
63747, 167
56982, 473
17999, 115
64768, 754
6216, 432
42039, 661
28043, 148
67332, 845
12665, 260
23399, 956
34973, 305
76762, 526
67264, 922
66477, 661
59539, 436
50886, 429
79403, 989
23014, 492
32960, 800
75743, 676
5436, 462
27192, 327
78142, 164
883, 147
50713, 381
79817, 834
69278, 932
62574, 99
7738, 811
65530, 161
24734, 576
33574, 729
56985, 618
77183, 222
13068, 139
7290, 843
66567, 242
27827, 475
66735, 191
79468, 820
6619, 494
14754, 549
25561, 898
22895, 346
20926, 648
44645, 352
61733, 613
3767, 262
34337, 570
77136, 716
1793, 796
43901, 133
79361, 667
71881, 395
72708, 549
25033, 469
13323, 408
44691, 298
5600, 906
41520, 153
68787, 972
50134, 524
76277, 126
64847, 271
22069, 840
36885, 151
79452, 725
56770, 1000
16094, 852
12862, 320
69387, 982
15967, 952
31377, 126
25952, 141
35605, 320
42302, 29
52884, 674
77604, 799
61480, 349
44220, 414
12649, 944
19746, 254
32529, 245
13739, 28
5307, 921
32466, 730
37686, 327
51017, 260
47459, 982
71623, 306
66060, 488
54237, 457
50163, 777
45868, 541
41794, 365
11215, 939
31350, 589
79652, 384
72595, 890
21492, 621
46181, 936
77370, 556
2051, 33
33560, 882
1388, 618
33993, 66
61197, 339
2987, 514
55395, 841
10399, 664
47203, 101
66126, 163
58928, 191
47370, 307
25610, 58
19944, 497
51646, 147
25569, 423
32858, 87
4696, 355
29927, 992
54, 312
26212, 970
22451, 115
61513, 475
32318, 710
12820, 516
73635, 37
72821, 540
73044, 873
23870, 226
52564, 111
56335, 458
40437, 533
69712, 801
68489, 899
52394, 819
25511, 428
24273, 770
69123, 485
20351, 10
28556, 12
46767, 65
12112, 435
27304, 51
51978, 580
39053, 982
54365, 951
35520, 86
78704, 761
64311, 681
41257, 967
54153, 779
70405, 599
54535, 215
70830, 924
63081, 543
35673, 722
9774, 216
17373, 47
31370, 495
20571, 133
22430, 166
34959, 891
27258, 879
75370, 740
73324, 477
2189, 139
28960, 498
48980, 159
31790, 793
28077, 904
35727, 70
47491, 901
62055, 113
7326, 736
73870, 920
68834, 604
19457, 129
16837, 551
33657, 708
17565, 961
74171, 375
27571, 686
44506, 14
21349, 219
31064, 459
74599, 688
4038, 276
15137, 672
61488, 101
57637, 301
48712, 174
30324, 715
41743, 716
14513, 860
44714, 470
49045, 123
7919, 195
12772, 388
6767, 288
72908, 490
16734, 899
27327, 156
34618, 194
35314, 990
8287, 119
75063, 691
36321, 577
27731, 210
37730, 930
48995, 674
2825, 798
46148, 172
77231, 171
3328, 693
24180, 83
59996, 582
29567, 980
72345, 697
55157, 727
2258, 583
3255, 488
44334, 242
10911, 161
60641, 731
64841, 720
9257, 137
77528, 0
31425, 769
58932, 825
55245, 746
29916, 5
45679, 685
42285, 685
63032, 701
21506, 313
5894, 932
73728, 367
7507, 566
54826, 937
32153, 58
55320, 911
49620, 710
14397, 370
78234, 474
36147, 277
49982, 543
57904, 703
6185, 601
31034, 160
7310, 250
35310, 707
59581, 943
21775, 690
70908, 903
3825, 753
14610, 592
7174, 393
77146, 854
4446, 527
41840, 222
32093, 915
40720, 225
73365, 591
55087, 102
52048, 585
1579, 414
69404, 382
13124, 252
26066, 145
22537, 215
26345, 355
18794, 578
72909, 912
35267, 796
13699, 994
58545, 615
11042, 110
57324, 439
50937, 306
6414, 284
32099, 221
72157, 869
10560, 314
49563, 373
57499, 437
23833, 751
78671, 576
64649, 538
2420, 728
36344, 152
35847, 599
54581, 224
44305, 483
40730, 689
55341, 907
21804, 133
45202, 343
46913, 456
17153, 645
53412, 465
55078, 947
74840, 135
26513, 792
68692, 24
23985, 611
21630, 21
66628, 993
52686, 269
55755, 557
51416, 904
34133, 655
8779, 407
3025, 225
56304, 80
28273, 937
28725, 220
3652, 457
13150, 49
69991, 180
36381, 313
15301, 87
50432, 866
26188, 582
43319, 918
44034, 285
65890, 849
49970, 942
40620, 203
48200, 337
62874, 730
69355, 367
29114, 957
6159, 941
54014, 676
39747, 385
70724, 690
1951, 320
65548, 283
37923, 246
46691, 577
53040, 711
26863, 368
77992, 226
40632, 574
28331, 70
13276, 900
71918, 454
670, 971
55774, 688
60020, 967
74480, 33
77922, 285
61497, 410
62285, 629
38617, 336
1451, 376
47321, 754
8566, 326
30489, 339
1968, 831
32693, 725
31897, 356
71336, 307
48986, 104
21562, 566
18134, 562
3723, 667
58619, 692
24991, 867
61723, 900
261, 126
67537, 76
32358, 873
50745, 113
75181, 95
22377, 689
7227, 704
14736, 822
52847, 33
54933, 568
8938, 742
70272, 789
40179, 731
29353, 324
17081, 0
25509, 768
20678, 11
66084, 606
44646, 57
26356, 327
76853, 132
15283, 569
25477, 768
3750, 470
73191, 778
68149, 892
50705, 406
30793, 637
50027, 296
75730, 448
29643, 976
16939, 733
38372, 26
64347, 239
58726, 550
11719, 273
78492, 520
29491, 217
27161, 967
14984, 353
3532, 131
65579, 625
15617, 969
11360, 914
23354, 521
52936, 865
10043, 208
39663, 887
26009, 776
19063, 807
78935, 307
51011, 174
50397, 541
33793, 533
14279, 361
39313, 953
26747, 113
4352, 557
72063, 311
22371, 328
76701, 112
54641, 675
77145, 152
6574, 862
21145, 894
51612, 466
14450, 722
50160, 622
44352, 886
64333, 925
4706, 749
67809, 751
28120, 696
57398, 948
65282, 189
14938, 592
70356, 310
5738, 169
38997, 225
27914, 68
63994, 296
65492, 847
32511, 85
56151, 570
57521, 379
53591, 874
41328, 916
59362, 638
30159, 671
77040, 211
32878, 808
65753, 237
73170, 86
64388, 388
40370, 536
49597, 377
43030, 905
23369, 89
76790, 574
36020, 51
79029, 968
13609, 611
69559, 41
2230, 220
57866, 965
100, 480
2026, 166
55074, 717
20200, 129
39210, 6
73279, 609
35002, 882
71123, 317
33502, 522
33803, 181
34222, 592
30729, 913
43940, 832
77228, 211
61338, 902
55578, 566
67691, 427
41119, 897
59621, 285
69744, 574
39795, 165
67374, 840
27610, 322
15390, 52
54821, 638
68436, 500
17571, 38
68171, 725
13640, 903
68201, 145
57331, 512
74243, 461
52658, 628
64948, 136
31822, 34
28515, 929
2954, 766
58362, 962
43713, 641
62298, 549
10236, 565
47818, 857
32603, 910
666, 2
42550, 156
15924, 129
40780, 336
7542, 939
63006, 441
39195, 48
43019, 776
44378, 592
62412, 885
72030, 823
19464, 549
33333, 87
9151, 42
70347, 97
19076, 968
57536, 244
23563, 991
32884, 733
18920, 63
17181, 469
18245, 254
286, 276
41105, 402
26893, 50
7411, 339
65688, 522
15133, 673
50040, 520
18360, 368
46047, 47
75922, 833
51112, 694
68225, 688
37285, 599
27783, 284
70275, 480
44291, 423
20900, 674
70237, 653
15915, 72
76608, 249
55707, 404
72930, 594
31455, 520
67359, 428
30386, 703
58833, 811
62239, 1
71885, 836
50913, 47
48180, 117
73310, 293
26936, 98
18708, 497
44710, 59
43263, 491
43164, 451
26306, 306
79746, 257
25658, 251
69609, 790
78894, 694
72081, 521
59548, 689
51677, 828
32564, 918
30518, 567
24378, 109
33737, 1
32037, 658
12383, 449
65885, 75
28513, 0
54959, 758
20509, 744
6925, 147
4488, 852
12036, 330
79312, 184
68272, 129
9061, 489
3354, 909
17513, 608
8206, 263
51052, 93
2074, 920
55893, 95
72199, 374
10186, 592
76350, 700
2286, 685
18685, 50
29519, 351
21594, 943
58397, 516
1889, 284
28547, 486
59747, 690
72420, 756
23636, 830
63204, 413
78373, 91
15100, 811
5136, 317
2944, 912
63137, 216
58760, 561
15260, 524
14128, 37
30045, 462
43586, 552
26458, 415
49747, 305
67356, 504
47226, 477
14654, 731
44070, 632
64943, 341
51200, 243
57599, 6
13434, 877
48228, 192
15279, 526
66496, 250
35884, 977
57501, 615
47859, 473
17721, 492
77566, 664
54934, 157
41581, 432
67962, 606
8334, 149
52563, 537
16778, 27
62312, 904
77856, 847
37648, 632
67334, 561
70818, 22
54345, 904
10247, 586
76474, 230
32569, 35
65274, 402
39832, 802
50371, 152
50683, 334
9243, 244
24836, 825
44907, 85
74812, 823
74094, 657
21579, 319
76894, 771
9836, 469
56941, 316
13743, 537
42349, 898
51825, 187
10603, 924
50225, 339
55335, 133
46709, 222
24649, 104
7041, 765
43512, 978
59231, 860
17569, 708
14576, 752
33890, 270
51394, 245
5563, 300
6621, 68
2557, 443
34356, 824
58714, 731
58753, 404
77558, 337
53967, 472
63693, 186
156, 847
22457, 793
69635, 646
34594, 116
6439, 717
39324, 218
4462, 556
27944, 155
38587, 209
46830, 939
75512, 897
58014, 866
53889, 358
69686, 670
9952, 956
59549, 837
51977, 219
35570, 179
17345, 73
45748, 222
62560, 633
77315, 700
47830, 817
17143, 480
70545, 811
13423, 267
70772, 740
71822, 67
65161, 485
2883, 953
77529, 829
60334, 852
54970, 882
73032, 971
73873, 221
61571, 0
18453, 864
63486, 354
55732, 175
63480, 741
43562, 604
7441, 333
4653, 539
27699, 387
29308, 444
56311, 337
12196, 369
25098, 837
28975, 615
31625, 269
6709, 616
33926, 624
57747, 645
16604, 872
29973, 913
19416, 154
61817, 388
20580, 626
41675, 192
54877, 959
3936, 796
30286, 137
4992, 584
49428, 828
3169, 821
29907, 283
7391, 419
72178, 87
64253, 76
11451, 944
20994, 752
7145, 250
33841, 697
20141, 989
51082, 690
45355, 947
41011, 398
16304, 648
64044, 787
51618, 56
75081, 604
28455, 468
48238, 686
8949, 767
28626, 788
41023, 290
7665, 469
33332, 967
69852, 584
79793, 560
3938, 185
62488, 780
30463, 191
64425, 306
75055, 733
29660, 634
67950, 817
75870, 302
67280, 28
23128, 249
45645, 247
41078, 495
74622, 467
10073, 264
54157, 344
63525, 341
74417, 579
43650, 570
13307, 597
55481, 656
41130, 347
67751, 848
50995, 520
49289, 906
51999, 135
22580, 746
12401, 372
63939, 678
25733, 443
77817, 962
30814, 182
292, 18
8145, 645
26580, 939
7888, 834
20615, 358
47440, 501
65395, 987
43353, 704
62075, 923
67719, 231
71961, 863
57085, 104
80, 738
75648, 319
18023, 557
71935, 198
28530, 794
47612, 826
8310, 579
15493, 521
64740, 368
14993, 419
41891, 494
32403, 959
65152, 296
31910, 739
70125, 750
26701, 548
4729, 33
10645, 817
2182, 381
20064, 114
77656, 271
49353, 887
50842, 407
15190, 257
43191, 674
14541, 666
61752, 1
52927, 520
58578, 945
79013, 333
4096, 398
14246, 484
67441, 412
39171, 536
70747, 100
800, 795
71529, 543
44067, 706
69618, 596
18361, 490
39770, 803
31195, 396
73625, 211
27669, 932
20044, 1
9337, 866
79227, 528
17124, 304
56259, 573
34832, 328
14886, 396
39699, 580
16035, 496
7948, 145
23397, 722
73726, 302
12543, 911
70187, 26
39440, 727
44059, 39
34382, 758
7595, 91
25491, 623
56219, 263
68876, 211
54285, 900
42837, 1
63548, 670
15815, 427
57228, 623
13487, 804
48865, 133
12394, 197
70254, 485
30994, 408
23850, 449
71270, 965
54101, 599
60028, 338
7354, 204
56719, 791
73684, 535
49692, 110
58705, 719
38432, 929
51257, 518
68764, 716
45087, 917
70958, 414
4269, 141
57891, 671
50780, 982
36002, 657
57562, 593
18617, 74
53891, 957
36738, 635
2564, 416
55076, 358
54653, 96
75044, 664
73442, 160
47083, 689
7402, 920
12013, 801
64178, 859
76966, 900
8076, 935
1703, 40
32294, 355
39976, 58
74691, 916
43667, 869
61400, 487
13655, 292
29860, 876
29574, 243
3099, 552
10363, 522
21423, 619
29541, 70
56834, 859
51210, 745
9131, 269
47105, 525
32183, 906
44776, 648
6509, 385
55524, 134
10497, 444
33989, 140
60289, 760
16537, 323
2567, 33
75656, 295
65, 951
68697, 344
74868, 508
61199, 220
5398, 342
34399, 403
78870, 999
42827, 806
72531, 415
64928, 530
79346, 992
70333, 171
9580, 340
72152, 697
46440, 125
7081, 573
65587, 771
45677, 721
75017, 780
30237, 53
56163, 563
68835, 358
79251, 163
71264, 273
71304, 209
44562, 646
45768, 36
77268, 780
3441, 817
28566, 854
12787, 608
55748, 706
68000, 109
59637, 571
34755, 446
13597, 782
45302, 509
65199, 874
56314, 786
31334, 791
65660, 314
9461, 451
43865, 410
37316, 379
63679, 667
6903, 133
10378, 565
43293, 392
2916, 570
78701, 217
67548, 800
49737, 105
4128, 465
28375, 270
17482, 949
34614, 649
33089, 667
62350, 116
30963, 65
11944, 637
18543, 160
5045, 288
33007, 377
40903, 829
66924, 380
21621, 706
8777, 914
38286, 453
73125, 538
33865, 384
60279, 833
52986, 788
24413, 266
50487, 849
55564, 861
66204, 214
47477, 558
10179, 573
2427, 855
2386, 8
11963, 790
10341, 424
16436, 832
41160, 868
68410, 785
66526, 280
29472, 972
20997, 93
52855, 361
11439, 240
70108, 427
26603, 741
46189, 362
36114, 837
47487, 20
77880, 872
14173, 589
6781, 194
69886, 499
4885, 301
13803, 474
16145, 721
57253, 442
31564, 341
25404, 768
75501, 630
6, 486
68172, 699
79254, 983
51235, 617
72323, 573
57366, 544
17132, 42
4247, 894
40386, 549
49414, 239
63824, 538
70749, 466
72467, 861
70491, 434
29812, 206
26001, 930
45161, 775
3264, 48
4023, 727
44824, 25
15776, 342
16746, 77
18045, 401
68696, 755
37260, 227
20469, 527
14162, 569
44918, 575
13070, 571
66892, 557
1655, 150
5104, 978
15171, 980
19503, 257
12489, 319
7027, 249
69356, 750
17078, 155
73475, 309
66222, 719
20365, 914
23836, 521
37458, 478
51418, 78
58495, 372
40373, 794
33912, 956
22200, 107
76157, 519
56537, 452
32531, 770
67757, 499
42735, 801
48401, 780
16612, 318
23300, 326
22023, 730
28896, 61
78559, 546
34792, 225
25888, 36
45463, 635
55372, 854
63115, 292
11990, 0
25078, 982
69426, 952
79662, 38
38077, 274
31894, 561
56085, 351
20368, 478
40975, 645
669, 210
4307, 562
64002, 424
35148, 180
3821, 655
30536, 201
63553, 446
22806, 890
41636, 37
27030, 209
62047, 810
39701, 247
67984, 82
40385, 420
54564, 858
11081, 608
62641, 231
61324, 335
36753, 803
71362, 577
58956, 545
9894, 888
16288, 251
55769, 289
30613, 687
35696, 201
42868, 727
69037, 222
25928, 515
53845, 563
41689, 228
18839, 13
71472, 734
42529, 427
24532, 247
74684, 87
8389, 1
21570, 110
8078, 835
40127, 873
41007, 290
54920, 975
74212, 831
44224, 186
10214, 919
47917, 358
30734, 784
69976, 746
75835, 299
3309, 74
27037, 78
45649, 587
78977, 289
24794, 576
56241, 749
21773, 78
13630, 61
13351, 336
76203, 112
30504, 530
30056, 863
32783, 384
59720, 512
40523, 50
70796, 716
64586, 447
67408, 616
37719, 284
35029, 386
58392, 219
65569, 174
44822, 685
45316, 896
40313, 462
65545, 343
1575, 780
57429, 253
71478, 417
5569, 17
2704, 317
66598, 456
16933, 105
26265, 207
62472, 851
10491, 493
79919, 137
315, 428
56356, 890
72125, 520
12268, 887
61123, 166
75391, 317
60645, 219
22075, 888
62822, 617
64540, 543
42845, 915
63322, 729
17526, 444
66736, 413
53969, 183
34252, 106
15373, 849
34550, 623
6025, 733
27772, 14
62773, 717
10563, 578
2565, 881
24987, 665
32552, 222
62850, 520
6637, 825
76570, 510
73928, 926
70890, 808
55070, 758
13506, 306
2124, 150
74830, 4
46266, 877
74013, 796
46895, 183
43939, 832
67668, 28
1539, 192
24015, 110
60501, 568
35997, 818
69648, 530
32293, 87
77441, 977
27972, 807
41102, 987
8254, 988
27273, 744
8992, 80
37978, 708
25740, 697
79068, 789
11211, 894
21921, 270
60707, 72
10720, 780
41447, 990
33393, 308
10873, 352
56007, 21
16407, 304
10271, 453
77287, 314
19220, 723
67690, 142
35680, 216
24877, 98
72863, 445
18517, 33
44557, 518
55101, 509
26315, 223
64191, 47
39483, 374
20323, 691
20334, 602
53930, 230
10899, 855
23613, 471
59598, 862
2972, 152
49036, 296
13144, 146
70068, 745
14871, 420
45875, 772
74148, 725
77447, 868
66491, 140
74379, 466
16875, 719
5329, 716
78852, 127
11182, 520
24098, 542
49150, 638
58308, 260
2233, 564
44101, 965
36744, 245
54457, 9
73146, 663
4367, 79
59475, 632
55839, 950
70082, 725
5951, 46
8756, 368
58945, 728
61875, 71
38694, 658
60450, 813
31446, 355
40545, 535
75483, 42
49907, 433
61189, 149
42424, 753
8607, 289
78237, 521
73193, 988
17620, 948
31477, 640
22636, 294
18127, 515
11859, 24
5041, 670
61770, 360
6168, 838
49821, 138
50858, 683
3400, 650
76755, 90
32566, 790
12428, 835
19813, 939
8098, 10
22661, 252
28997, 587
71174, 478
59974, 873
27405, 841
14613, 657
32837, 723
1831, 764
36787, 121
59215, 476
41034, 27
49695, 601
2865, 901
75407, 681
31629, 292
72469, 585
40602, 394
60466, 576
8905, 23
37567, 853
29213, 588
18507, 811
51510, 264
67275, 414
1382, 34
38938, 802
30569, 528
32659, 386
1100, 110
39626, 535
10854, 310
42411, 174
54226, 101
46566, 334
38090, 262
55343, 64
56608, 937
75860, 58
10829, 739
53417, 647
69265, 695
44571, 185
33065, 561
24507, 326
23210, 477
12180, 34
48170, 700
34606, 974
25012, 922
75909, 370
5749, 828
27956, 27
5862, 406
16079, 562
8475, 7
21998, 990
53369, 230
66290, 451
32866, 344
60585, 892
8597, 937
11976, 423
44232, 673
63332, 53
2274, 356
68544, 686
21797, 234
9702, 738
42583, 241
9509, 199
28690, 768
62258, 205
10997, 896
63448, 490
72646, 724
39046, 441
27434, 112
7798, 437
40556, 607
39459, 866
45283, 114
40682, 980
24812, 281
2606, 20
11201, 249
56258, 267
15751, 7
34647, 437
66429, 705
39228, 143
57953, 11
48683, 107
53432, 158
29894, 17
4793, 771
31807, 189
3524, 838
20699, 157
13165, 35
16469, 892
77134, 678
32730, 431
4181, 2
1533, 777
26053, 41
20233, 828
77597, 860
57730, 95
73929, 217
53037, 517
11111, 843
27735, 634
79167, 29
65494, 211
56010, 89
21737, 112
30069, 993
30808, 488
46003, 236
9704, 353
17144, 173
26156, 34
17623, 306
19441, 834
28264, 31
5431, 263
5978, 576
54617, 55
56027, 309
79084, 112
10379, 962
11701, 821
17157, 542
68775, 54
47800, 661
73910, 425
20358, 186
6189, 279
51221, 705
28594, 268
32741, 572
57057, 385
51190, 52
21558, 587
52541, 872
46498, 781
53753, 140
9300, 616
3739, 347
26491, 62
2951, 154
59488, 1
36298, 499
57043, 601
13672, 923
66458, 961
44976, 122
78064, 908
8877, 613
58764, 792
30341, 741
66651, 562
4496, 227
73554, 388
59456, 230
49825, 915
12575, 982
7610, 143
69990, 61
75344, 511
34096, 384
27978, 235
63645, 322
7495, 369
71988, 109
27503, 226
10360, 641
50807, 727
4444, 448
27, 674
6958, 602
65008, 45
50986, 516
58161, 843
54919, 547
64046, 228
68823, 212
43361, 417
66912, 836
61931, 918
49524, 633
29214, 264
63147, 839
58926, 363
39311, 646
49312, 485
35949, 921
74235, 809
70143, 964
34384, 327
38475, 135
54917, 97
3798, 209
65788, 307
9677, 133
64676, 340
26737, 706
16954, 722
46453, 750
33468, 464
74091, 681
64751, 460
11380, 885
8417, 241
28193, 92
22627, 472
26006, 386
68611, 151
24485, 386
39297, 690
35627, 153
69108, 745
27291, 739
11431, 945
15467, 987
33456, 756
79112, 213
25621, 100
10654, 424
52146, 280
19998, 157
55014, 569
24095, 80
58735, 936
16208, 352
73400, 153
40380, 300
37540, 593
25866, 25
64486, 171
65839, 818
22579, 54
16826, 899
22383, 716
77696, 159
70418, 200
9360, 419
62963, 212
52153, 561
49696, 192
44657, 577
17183, 39
76039, 158
25614, 585
79847, 728
30271, 561
47725, 569
49816, 93
79619, 848
4388, 725
59689, 126
71348, 623
73610, 341
1259, 125
36687, 44
54349, 831
31044, 639
68549, 681
73674, 961
7020, 224
35009, 542
11955, 608
4858, 200
39571, 144
20936, 818
54308, 8
32549, 233
55319, 220
63481, 579
13229, 520
46091, 289
75004, 346
36727, 100
6151, 81
12197, 774
6115, 646
25909, 217
63266, 712
32534, 648
54924, 845
40482, 797
56659, 208
15856, 988
42426, 874
15466, 377
24166, 450
35710, 849
3824, 909
38652, 553
45806, 155
5936, 558
58693, 290
31421, 750
57460, 994
58946, 932
50643, 759
53410, 809
35960, 408
7245, 219
61708, 552
26977, 886
37955, 846
3899, 529
28292, 193
57341, 606
26203, 938
21900, 498
45372, 620
76704, 846
18395, 192
27421, 758
8294, 62
26538, 24
29276, 167
65091, 807
52144, 84
40391, 89
66708, 929
9035, 319
65802, 469
79306, 496
76074, 613
53391, 379
63225, 590
16813, 904
32538, 220
17435, 308
6363, 305
35180, 632
15987, 346
65696, 603
75600, 251
71419, 736
29131, 510
25724, 441
6794, 429
61438, 927
79732, 84
36422, 666
78061, 416
76906, 746
70894, 258
54039, 902
65325, 241
33902, 354
8408, 522
34608, 222
46684, 995
67575, 121
49376, 611
69402, 220
45065, 868
25137, 468
24208, 651
51306, 812
45538, 199
11758, 810
75587, 848
60173, 778
58972, 508
37536, 175
66267, 21
65341, 706
50665, 330
51550, 754
58620, 27
21371, 397
18724, 392
37368, 550
55759, 772
68673, 189
50943, 220
40195, 870
13161, 38
43415, 28
43401, 663
78855, 266
21673, 544
52346, 978
27197, 620
31223, 873
44186, 479
4648, 527
59969, 368
15082, 917
23293, 696
17585, 82
77890, 885
9210, 767
73704, 896
54649, 53
42730, 533
27188, 510
31867, 459
39630, 896
23605, 544
64730, 115
45100, 112
3370, 237
19886, 744
49527, 91
11995, 546
572, 348
40690, 435
17759, 128
71828, 650
2348, 555
11622, 786
37796, 160
3119, 485
531, 122
5099, 988
2821, 768
53533, 447
16091, 683
35093, 616
64570, 888
42836, 945
37816, 466
17777, 688
41088, 362
42500, 787
77173, 258
69518, 601
70277, 99
35144, 722
76142, 909
30172, 133
76462, 227
76153, 142
19020, 8
61426, 53
70092, 84
51974, 781
56029, 468
20222, 478
35982, 786
26039, 612
540, 373
37218, 652
41775, 296
1363, 216
18993, 549
22161, 815
49408, 989
50137, 623
66140, 74
1949, 311
3401, 140
10429, 155
46145, 868
11951, 133
56738, 207
52282, 873
35146, 520
51392, 577
62264, 796
54621, 168
20236, 319
28137, 349
12303, 576
42310, 428
14098, 703
32214, 5
25857, 455
8902, 149
24033, 976
5590, 981
24320, 64
15317, 847
39386, 48
68554, 686
32327, 120
36648, 644
44250, 989
468, 625
58859, 533
35805, 782
332, 825
62153, 328
47441, 29
44722, 916
51976, 768
54570, 493
74912, 936
27419, 437
16038, 641
16533, 440
61014, 844
68153, 252
49713, 14
7758, 928
37912, 143
1180, 209
24729, 781
1173, 605
77247, 253
14253, 359
72990, 405
61663, 589
16132, 742
63832, 264
657, 887
59277, 423
29754, 203
815, 709
73713, 8
74022, 361
59574, 630
11133, 630
11381, 999
13720, 391
39362, 832
37433, 111
31113, 957
23233, 520
68113, 202
55888, 224
46398, 424
45147, 287
36261, 142
75316, 193
59872, 983
21433, 348
43274, 404
552, 658
71724, 705
47305, 295
30586, 716
54104, 211
57609, 597
46271, 431
70537, 354
2006, 648
54557, 927
24281, 518
62736, 508
76501, 914
34644, 284
28596, 779
29453, 529
59084, 276
52462, 132
18458, 338
31619, 948
41189, 399
44336, 593
49649, 982
35801, 953
24189, 116
38811, 88
58629, 326
13297, 245
72808, 780
23245, 317
10872, 576
68639, 178
39360, 877
29244, 821
28217, 310
11747, 469
57000, 9
65558, 499
34719, 646
34108, 725
37962, 506
47844, 356
2608, 736
20785, 916
76510, 855
53810, 533
36498, 317
58033, 564
15300, 818
32148, 970
27136, 860
19493, 965
16061, 526
64956, 145
59928, 862
63731, 359
14481, 190
20003, 851
44374, 147
44834, 363
47708, 357
70738, 154
76407, 322
74043, 987
18719, 371
37901, 4
15114, 324
35154, 264
14357, 416
18439, 366
10194, 328
66485, 434
79574, 750
75651, 629
42282, 224
70141, 965
68962, 634
3160, 841
2848, 958
39906, 501
32894, 490
60108, 725
32048, 554
39601, 594
14945, 275
16437, 187
34620, 892
52288, 676
13317, 452
14579, 871
765, 189
78635, 831
575, 575
26089, 737
46923, 781
37302, 167
56598, 635
24291, 811
31745, 331
2086, 774
62161, 127
60078, 822
20917, 110
42095, 617
78628, 484
45619, 875
21429, 980
8419, 53
31399, 179
1357, 135
42918, 636
44297, 720
57219, 458
35586, 290
45751, 605
19019, 940
79130, 255
75947, 128
42070, 815
20918, 121
61887, 107
72659, 515
17140, 273
11142, 640
14974, 378
51966, 675
78515, 422
76106, 817
75378, 300
30617, 998
7438, 705
21318, 797
72118, 875
31781, 66
7185, 316
67290, 370
8849, 217
11505, 963
77107, 380
17422, 765
50590, 454
20602, 387
60979, 34
40617, 297
8043, 83
38288, 559
2887, 311
31770, 24
26738, 112
40958, 956
38341, 856
28798, 262
56907, 496
974, 887
55088, 66
15410, 701
34884, 541
11294, 95
60481, 669
16863, 582
47160, 663
15520, 62
67130, 933
28899, 316
61463, 952
16777, 873
29577, 545
75980, 139
34768, 181
21713, 702
19089, 916
23158, 809
70483, 514
41048, 936
66206, 112
16844, 394
24407, 394
75307, 102
62608, 615
70080, 261
58366, 790
78267, 230
8578, 194
5093, 363
24900, 685
11768, 766
55529, 885
79908, 522
14915, 608
77417, 20
40574, 693
217, 76
68045, 483
452, 445
60519, 885
36380, 176
19913, 743
24006, 117
79100, 143
58986, 863
60, 481
23355, 106
5834, 929
62436, 549
21415, 450
7340, 960
78000, 782
49980, 664
6949, 350
35528, 490
55803, 46
36367, 454
71653, 56
73030, 615
7258, 80
55724, 240
54474, 404
43647, 404
9132, 625
50055, 590
36736, 950
7563, 50
11301, 942
14402, 729
23718, 450
11198, 53
65338, 277
54383, 139
11897, 141
64684, 988
56299, 940
27943, 706
17738, 211
40960, 194
46520, 670
78571, 271
6105, 650
6399, 477
79607, 966
48393, 517
20682, 105
6235, 972
70098, 512
13772, 63
20998, 720
77540, 615
11495, 187
66810, 264
76647, 790
28942, 790
38308, 831
51823, 192
62550, 501
23009, 91
61612, 551
23287, 728
11755, 653
3762, 477
79826, 209
20148, 363
59474, 866
34690, 38
39196, 982
8623, 447
14349, 870
74103, 130
69923, 976
35996, 856
28652, 802
31142, 816
35554, 72
35363, 183
58767, 481
32617, 268
9869, 35
7047, 940
58621, 148
4784, 571
8643, 200
10707, 32
18382, 436
11382, 854
74517, 162
53596, 862
17796, 968
50139, 157
28682, 198
12382, 814
39014, 645
52472, 832
59871, 894
746, 921
355, 934
74475, 135
59329, 593
58170, 301
20169, 353
64952, 345
42518, 531
29704, 899
20163, 155
21422, 142
18254, 254
16547, 384
30585, 230
76724, 571
36861, 283
13538, 852
74237, 272
30433, 137
32902, 817
33252, 697
5910, 132
19624, 466
12182, 126
77692, 463
60734, 881
74799, 833
7921, 778
12342, 955
38499, 644
50105, 120
1205, 657
72609, 484
61336, 192
8028, 983
35804, 580
78539, 560
69607, 550
8429, 212
23817, 934
66750, 326
4718, 54
30851, 993
55873, 413
36011, 866
9289, 771
77284, 748
79771, 245
59384, 432
44545, 59
34536, 69
61430, 215
77098, 902
41096, 541
4708, 237
23658, 348
113, 781
35500, 336
47913, 74
23799, 934
68115, 673
47651, 532
20953, 343
73454, 944
21863, 438
48639, 727
75906, 654
68920, 496
71818, 543
9489, 221
32770, 44
33781, 627
58108, 781
51511, 818
72621, 211
64770, 932
39836, 660
51268, 717
26079, 671
6303, 817
62365, 762
78276, 303
60489, 697
17815, 795
32399, 107
41294, 49
38865, 981
20530, 93
57605, 989
5561, 730
35376, 146
64114, 53
67675, 512
39520, 391
70599, 240
49588, 309
43988, 500
38538, 776
47454, 265
14999, 112
22559, 797
71200, 852
10701, 159
60497, 908
13654, 235
68066, 387
9053, 484
47073, 678
56916, 559
564, 879
68211, 887
24600, 481
45874, 252
73327, 833
30781, 721
23441, 965
55655, 270
981, 713
63012, 720
54140, 216
1713, 447
11218, 489
8833, 888
72008, 481
43894, 510
69348, 968
23598, 697
905, 692
40461, 103
22852, 285
6285, 39
39869, 211
8336, 685
44146, 63
29670, 283
16043, 715
70936, 376
40791, 472
42906, 67
11973, 793
78495, 642
40455, 204
15230, 944
28792, 100
43744, 295
10221, 303
39206, 149
38881, 146
31402, 367
60000, 515
12274, 682
32738, 478
59350, 848
60777, 871
53714, 241
75500, 629
48528, 524
49220, 731
1759, 600
79356, 879
60961, 8
19960, 828
35635, 774
15083, 324
232, 63
17797, 205
1896, 147
57050, 841
25849, 223
42512, 876
6199, 591
51029, 373
51944, 9
74624, 366
10087, 802
5790, 917
62470, 350
8570, 140
27514, 566
53584, 714
26684, 400
61044, 372
153, 569
19477, 964
68750, 595
11208, 430
58005, 990
78203, 71
32834, 901
37523, 762
33484, 308
8056, 36
64530, 696
79773, 478
37314, 366
41972, 464
69237, 342
7874, 761
59425, 422
55575, 188
14894, 509
64862, 642
33738, 990
2174, 792
69747, 258
32863, 171
78663, 690
16988, 21
28671, 325
13376, 599
58203, 658
56006, 55
11541, 922
26126, 131
18138, 287
6526, 133
64080, 956
33460, 22
52594, 489
71300, 185
79736, 276
20788, 864
32998, 858
34173, 711
26118, 502
9630, 402
14932, 293
10845, 126
2566, 690
45134, 675
13334, 249
23477, 44
58169, 829
9806, 435
26985, 41
51807, 639
6613, 800
26172, 156
70578, 982
43413, 621
26928, 518
27858, 759
40779, 952
24677, 303
51067, 715
15992, 307
38227, 950
57182, 95
55761, 117
67779, 64
77783, 200
50434, 304
42109, 46
47803, 773
42112, 756
55601, 35
18593, 156
58927, 68
7433, 867
58997, 819
2160, 32
8827, 560
43920, 716
46469, 807
45432, 166
25635, 425
43859, 360
78603, 251
22375, 541
32015, 727
6700, 318
47510, 568
11522, 884
53663, 944
43786, 548
70531, 74
44669, 113
49612, 874
56918, 879
39284, 807
15932, 128
38003, 273
5021, 894
65191, 505
17798, 894
24318, 889
43294, 246
21266, 520
47568, 309
4297, 978
31893, 241
14769, 530
33264, 848
20640, 958
29191, 642
39411, 991
70360, 428
25688, 611
54788, 402
16396, 716
74093, 940
28654, 279
3642, 15
57813, 32
51486, 236
27562, 97
32465, 388
32065, 733
68819, 476
33088, 940
56237, 866
57711, 74
58056, 485
62271, 927
20650, 178
3323, 143
70570, 522
7101, 281
15715, 250
37034, 321
44593, 265
79125, 191
14422, 143
66745, 999
59595, 373
69410, 341
48766, 526
5962, 960
60369, 910
55290, 818
1678, 195
47987, 598
62982, 684
20859, 613
34459, 128
25828, 95
19257, 577
39442, 933
62785, 514
47576, 389
4691, 183
12286, 814
49922, 174
36889, 84
2079, 282
15221, 340
59560, 33
48094, 265
39843, 396
78456, 479
922, 425
53255, 916
38073, 925
60911, 604
29756, 404
65811, 179
16783, 868
49164, 115
30487, 868
28385, 990
1112, 561
46267, 376
28721, 137
67072, 743
53481, 12
33173, 191
72787, 653
5781, 955
65413, 296
44991, 726
27416, 15
64709, 636
9054, 108
12844, 262
74494, 746
59102, 405
36741, 63
65800, 656
49331, 745
63100, 189
1906, 266
11950, 676
19539, 106
6323, 423
36193, 168
37087, 611
1878, 164
6019, 569
15025, 350
14440, 617
15068, 108
40217, 673
46917, 725
13918, 445
9659, 406
64946, 683
64894, 454
50159, 676
49516, 793
72414, 125
24216, 439
9951, 788
62897, 616
19428, 550
42607, 207
23793, 455
42739, 257
62996, 716
25971, 232
74849, 48
4110, 175
71602, 986
57497, 172
61333, 998
52360, 893
50450, 81
35609, 943
28251, 232
39248, 668
5545, 617
35778, 921
5318, 582
20382, 897
6847, 985
52368, 868
5604, 483
46494, 76
64822, 962
31117, 29
10914, 656
69300, 485
37169, 562
20651, 913
19500, 523
13387, 80
77432, 219
5024, 137
57895, 225
25081, 593
38259, 284
27588, 113
7456, 522
5801, 557
14371, 673
54035, 646
38095, 236
54036, 533
14737, 239
52935, 910
53072, 461
16000, 265
62001, 519
67245, 112
45425, 739
55233, 824
50703, 808
64260, 908
53623, 39
74229, 6
12874, 667
37920, 46
12078, 656
21226, 347
76659, 276
58034, 75
42206, 368
32054, 547
10140, 214
25581, 898
78169, 606
40463, 109
43190, 286
20906, 158
11818, 379
11171, 428
52023, 78
59605, 243
50510, 381
23476, 778
24604, 628
2552, 592
38877, 178
23892, 350
26577, 957
58566, 71
4642, 685
11363, 744
36074, 81
72628, 622
69785, 906
44532, 421
28552, 41
13358, 838
3345, 129
14324, 733
74424, 188
34720, 407
2676, 59
21003, 459
5336, 117
34857, 722
73491, 824
57049, 838
26932, 747
74429, 473
54185, 692
67764, 170
67239, 455
63376, 71
19133, 85
16103, 581
15294, 828
12057, 166
54421, 505
74652, 683
36186, 148
41404, 644
79445, 482
77954, 927
24904, 653
65009, 710
58543, 228
61541, 382
57168, 873
59199, 757
5333, 930
43916, 200
9613, 539
40260, 519
54118, 898
51915, 368
1294, 463
45053, 862
15191, 771
17242, 548
14537, 544
378, 347
42609, 891
6908, 266
69007, 329
70762, 999
17538, 199
41070, 107
8010, 533
71493, 466
19598, 391
20668, 601
45823, 4
12899, 757
54637, 592
48912, 378
38675, 958
15370, 730
57402, 189
74201, 264
54119, 694
54018, 918
10581, 639
51431, 515
24233, 742
65883, 201
33072, 480
20988, 662
27836, 65
51654, 123
71108, 742
12449, 217
24370, 461
78274, 669
54176, 174
44028, 773
61447, 239
79443, 646
17679, 505
29092, 726
21480, 556
63148, 716
9376, 348
23340, 15
18873, 446
4285, 830
79831, 200
34555, 779
43501, 71
9833, 427
58906, 269
11964, 810
12033, 256
40796, 986
69878, 975
37527, 652
32657, 799
19775, 376
20317, 233
7939, 37
124, 217
29344, 808
15341, 21
15995, 556
41552, 605
76046, 244
42738, 568
76009, 59
57244, 414
55995, 192
8863, 183
78820, 277
62985, 614
21906, 795
20680, 453
79309, 942
10532, 876
55936, 42
60798, 631
10737, 77
70688, 188
6798, 201
20453, 248
11695, 807
22487, 322
11475, 383
14275, 848
28919, 319
330, 558
59658, 881
29663, 88
35213, 299
9398, 432
70407, 767
74404, 503
37356, 426
75197, 726
75697, 537
33298, 134
18050, 391
56102, 623
26663, 308
46754, 881
4365, 279
11498, 483
73857, 236
1068, 284
39421, 970
3896, 710
26881, 391
39489, 668
67466, 636
51254, 350
12412, 312
9366, 998
70821, 674
62643, 875
38778, 557
40308, 634
50063, 639
35005, 780
61340, 680
69457, 600
60110, 352
74843, 764
74905, 80
10578, 331
10916, 952
33642, 424
64965, 399
59010, 497
58814, 814
10981, 853
24676, 480
13939, 639
52889, 518
23800, 583
33177, 437
6819, 46
1567, 791
45487, 112
73200, 629
28508, 497
19764, 550
79220, 246
30328, 942
24501, 158
32849, 142
1915, 169
28761, 713
15814, 843
26155, 733
18621, 809
38222, 131
34567, 295
69968, 147
79996, 954
13999, 177
47900, 528
19660, 467
2572, 944
60266, 75
28089, 580
59186, 212
23129, 101
34095, 160
24720, 966
4960, 189
64212, 978
37045, 242
1071, 447
37432, 410
70779, 933
10084, 739
31391, 501
59688, 858
64577, 883
68614, 925
11617, 937
10489, 253
50372, 683
63980, 873
60650, 917
54831, 668
22323, 368
69716, 37
30575, 591
34131, 4
2122, 287
29086, 919
47372, 305
71394, 717
8879, 381
29011, 995
42678, 869
10402, 105
79963, 323
47086, 618
21067, 31
70390, 491
8361, 315
76563, 357
17606, 755
52640, 933
60142, 92
17919, 51
68391, 993
76560, 336
24988, 178
24190, 224
66095, 835
4603, 943
65384, 372
60505, 21
78140, 757
63072, 244
30672, 564
24128, 802
7957, 406
55402, 818
11094, 1000
8920, 249
31454, 75
71279, 241
8341, 680
5037, 916
49115, 413
62017, 792
20457, 9
32372, 614
10306, 941
68245, 33
76996, 361
62031, 408
77477, 70
16176, 41
39616, 940
48634, 861
79549, 949
58449, 702
51141, 899
31145, 722
16824, 184
35263, 195
13615, 739
2021, 228
77345, 667
20355, 676
4864, 819
59092, 481
32091, 960
8706, 320
78290, 340
39157, 135
18904, 915
21499, 198
36287, 695
14890, 579
39354, 297
22586, 203
34870, 343
17473, 993
9922, 196
22650, 693
35223, 260
1550, 413
55128, 526
25854, 786
44173, 94
62964, 11
29257, 546
38896, 879
70278, 191
71450, 691
65455, 352
1019, 833
59114, 704
8158, 789
67024, 411
55902, 708
13063, 732
56184, 52
64984, 298
5319, 821
39738, 40
51912, 38
11229, 567
56975, 279
11576, 600
69745, 790
66094, 434
14585, 53
22689, 311
64491, 33
76873, 28
14037, 758
24738, 4
42366, 780
1193, 554
32598, 730
52655, 929
52696, 109
11649, 890
15634, 527
51797, 317
30512, 59
9689, 1
19824, 516
19085, 734
66312, 553
40402, 892
75886, 966
24701, 752
50267, 618
69633, 33
31505, 729
42079, 843
38392, 707
46170, 235
14991, 585
12973, 481
20370, 334
3660, 239
8768, 951
33342, 592
53868, 627
69814, 68
8656, 254
17852, 497
71293, 835
76640, 413
3915, 604
78376, 27
16298, 310
41976, 488
54375, 985
36324, 125
38766, 881
68423, 625
3921, 480
9881, 509
35421, 128
3545, 469
37267, 343
7726, 912
45571, 465
9860, 809
37989, 31
44665, 710
48138, 175
30011, 790
35916, 483
78929, 5
29903, 63
54647, 752
35936, 551
35756, 872
34854, 361
55971, 144
55543, 677
28452, 699
43188, 768
36694, 397
38301, 445
77360, 992
44595, 265
42656, 573
37928, 325
70270, 635
851, 128
11132, 749
13151, 596
36413, 989
775, 409
11983, 436
9927, 941
62838, 156
45070, 479
60406, 567
6426, 555
78458, 613
57712, 239
27724, 502
40091, 489
70003, 960
48702, 810
39013, 781
45192, 350
39793, 853
16761, 909
53257, 749
78412, 465
65668, 741
49492, 952
47147, 629
10796, 336
74619, 902
69629, 912
27461, 514
52857, 830
68034, 924
22518, 169
44347, 464
12071, 247
38791, 822
14745, 519
6516, 488
44008, 271
65786, 12
28002, 729
59179, 816
31368, 962
23011, 8
27923, 715
12895, 635
76492, 385
57725, 34
31272, 736
2536, 432
27963, 945
37205, 922
52592, 169
6156, 306
32248, 265
5102, 607
1371, 151
51775, 262
73984, 258
6146, 324
28542, 947
66975, 877
71171, 986
4033, 242
23679, 20
37399, 423
33297, 717
63519, 196
62475, 930
58662, 779
57387, 376
39050, 654
44283, 673
6902, 889
21576, 492
66256, 570
5221, 443
78875, 321
7028, 363
522, 509
78612, 188
12002, 376
64651, 244
53212, 274
41585, 595
11326, 438
73992, 928
34626, 866
59068, 521
7539, 755
61409, 502
27928, 98
62851, 354
26408, 423
68534, 487
72437, 162
13632, 95
60737, 49
1903, 332
70054, 253
16030, 75
53806, 129
57159, 978
29272, 839
77179, 427
73949, 625
62858, 487
57776, 777
1917, 286
58452, 156
79800, 619
3763, 514
16090, 906
48420, 848
59003, 789
5674, 793
57358, 661
22988, 165
44778, 307
45292, 730
6695, 607
51070, 121
59915, 668
51534, 284
73977, 876
15702, 315
52968, 501
60964, 163
24630, 193
54173, 387
48366, 261
13745, 677
1056, 943
17717, 293
40826, 736
53710, 499
51022, 231
72298, 487
31958, 601
13873, 531
35064, 661
10568, 399
29065, 554
25528, 85
33432, 282
32680, 113
29025, 902
5086, 904
29010, 337
15667, 706
60025, 934
68338, 792
46099, 875
64330, 210
21926, 254
56911, 423
20869, 71
78482, 912
58813, 133
789, 48
38134, 35
79109, 456
13303, 302
65135, 574
33684, 277
57055, 953
19486, 787
34265, 357
30093, 247
26967, 911
1315, 854
68414, 14
75084, 947
3563, 243
19621, 984
28101, 849
28980, 838
58180, 534
54764, 272
7358, 718
70895, 410
54337, 209
54912, 543
25285, 758
21536, 915
45980, 636
13014, 276
7612, 804
53209, 464
12936, 238
72499, 230
71276, 526
69481, 735
13058, 634
5699, 772
77850, 857
44187, 112
15376, 722
3435, 264
19414, 312
7136, 25
42026, 955
68044, 310
73002, 888
69647, 604
8469, 76
77172, 515
26589, 69
1358, 10
25336, 976
33916, 165
29690, 891
31889, 158
51195, 755
77443, 346
55135, 658
63901, 239
3190, 577
13345, 379
14839, 991
69465, 395
26180, 780
39496, 311
79887, 893
2917, 794
78096, 333
69675, 619
51148, 658
77262, 238
42038, 883
305, 716
61337, 845
22620, 509
51636, 448
10128, 937
50952, 826
55690, 588
41198, 686
40610, 378
47047, 337
51634, 632
28393, 130
55860, 684
68157, 294
32637, 886
42705, 353
26363, 22
73885, 692
17295, 485
22960, 306
67074, 786
55315, 239
17836, 433
35272, 423
26849, 165
54659, 87
45602, 369
20388, 528
38409, 368
16466, 589
66645, 469
55691, 911
53167, 159
31179, 82
17989, 560
75505, 782
35588, 211
65295, 721
65312, 878
45415, 323
33218, 330
34017, 678
71150, 187
5972, 520
67614, 508
6427, 548
5895, 181
24284, 682
62786, 194
76227, 648
72295, 475
66285, 69
4079, 293
60744, 78
2004, 495
49366, 988
63517, 726
46161, 903
62194, 10
64616, 757
22822, 380
16508, 11
32220, 172
77009, 213
72971, 87
61763, 2
50014, 901
16926, 911
52179, 512
72897, 476
64224, 739
41532, 640
60947, 70
25515, 912
73711, 287
8710, 435
79964, 949
77043, 753
44526, 395
13056, 350
32952, 956
26449, 692
2399, 627
43130, 0
69119, 800
31782, 522
1871, 932
60295, 486
45412, 195
38657, 241
3004, 921
43474, 593
61342, 594
9476, 33
10426, 208
45362, 600
53408, 461
6410, 696
25164, 704
15691, 824
41603, 732
53911, 951
49800, 195
76270, 746
12552, 243
36869, 764
25918, 728
53139, 731
73214, 833
22641, 760
44597, 162
14201, 426
67463, 342
68194, 107
78842, 545
3316, 739
59111, 517
2755, 595
38468, 439
66914, 334
1762, 186
9610, 655
68039, 695
22334, 907
54753, 519
16495, 510
29012, 459
9430, 606
63255, 655
33904, 636
67232, 5
59290, 339
18683, 927
62327, 806
35795, 557
14242, 892
79367, 962
42001, 77
20782, 167
39931, 824
14067, 621
70102, 428
69862, 408
18213, 852
77436, 656
11698, 289
75366, 223
7851, 750
23238, 286
21098, 274
62886, 945
18599, 674
77776, 48
38571, 11
75207, 582
78018, 662
64996, 567
17418, 779
48910, 361
69525, 902
65061, 309
29170, 142
13468, 757
63592, 307
62387, 197
70729, 129
48219, 897
55508, 315
76748, 75
16987, 74
55352, 183
13973, 431
39723, 84
67112, 838
29291, 20
65275, 822
65543, 81
19205, 750
18600, 310
72976, 799
40654, 733
9795, 552
20048, 661
21526, 517
75784, 603
46123, 356
17232, 753
37966, 328
68923, 397
30732, 924
57975, 843
35269, 620
48469, 7
74266, 182
31224, 511
7735, 143
77285, 956
40721, 815
74083, 835
49427, 864
38449, 582
52741, 297
60246, 272
69018, 832
3297, 625
3156, 550
1457, 233
64264, 875
31055, 69
18868, 645
76041, 581
74236, 686
64895, 848
21399, 163
5078, 90
24559, 867
44129, 347
71359, 788
60260, 974
41637, 731
66696, 567
37808, 513
20410, 857
73277, 558
44948, 537
48572, 307
43781, 60
22776, 824
6861, 773
46736, 442
54977, 958
2826, 107
37161, 276
22303, 197
54462, 264
41083, 339
21248, 162
41258, 667
29020, 511
34130, 68
46865, 12
15809, 186
2291, 998
3681, 302
39385, 462
17993, 594
35427, 492
30790, 598
65184, 47
50971, 317
31201, 194
11674, 465
28531, 947
21211, 862
10079, 643
9955, 180
9647, 895
25242, 448
13678, 1
27399, 627
30968, 739
79358, 607
52078, 199
11444, 549
35360, 98
15763, 340
14735, 703
38647, 95
46065, 250
32244, 982
66305, 339
36341, 69
47151, 775
66432, 24
13923, 113
20412, 574
61114, 717
62846, 546
45595, 885
59518, 312
291, 351
5705, 802
45077, 21
27422, 691
41644, 242
22851, 31
16478, 728
20712, 412
38621, 283
61917, 179
12789, 381
40624, 864
4848, 47
43279, 913
19842, 722
67836, 622
32313, 462
51747, 143
36355, 991
58220, 542
61785, 278
53022, 295
61352, 758
22252, 2
76720, 428
37405, 129
49837, 202
9914, 461
17924, 857
31632, 999
35396, 838
58020, 10
32667, 699
41820, 746
29297, 189
57736, 128
73007, 0
64467, 96
73488, 132
63122, 581
35712, 643
30292, 133
58342, 636
27062, 936
56844, 994
47091, 448
15964, 709
15439, 898
63506, 249
37315, 138
52396, 455
57051, 417
20726, 949
48134, 424
4177, 298
34469, 189
5642, 984
11029, 588
20764, 865
3856, 17
5791, 230
78303, 883
31228, 681
29355, 892
56476, 682
16183, 238
22978, 82
76180, 537
8752, 607
67123, 818
19233, 166
14236, 473
36024, 853
50649, 116
31457, 857
5764, 17
68706, 450
21934, 254
46604, 899
64756, 671
62320, 81
76444, 236
8872, 810
1577, 759
71577, 803
41566, 136
6447, 46
36270, 89
27494, 192
36259, 395
40538, 152
55001, 594
46518, 967
20184, 408
13043, 30
54109, 818
12864, 627
78307, 483
63479, 747
13629, 233
65576, 21
79912, 235
38567, 161
26720, 12
42552, 2
52569, 781
29200, 527
66618, 375
35461, 125
7372, 914
50356, 522
52905, 169
15305, 727
79723, 728
40625, 161
56624, 434
25391, 749
52075, 741
47840, 316
24445, 621
14893, 8
53411, 867
55446, 980
72733, 312
10505, 92
48603, 738
20500, 260
72026, 851
19832, 67
35324, 62
45160, 614
4766, 102
69539, 43
4874, 401
67271, 206
51139, 320
28788, 650
42614, 635
63306, 254
62377, 777
4682, 306
8255, 755
7641, 831
26452, 755
23584, 220
64778, 488
16877, 270
50263, 77
31999, 740
58367, 237
34254, 502
16171, 634
39581, 332
29515, 227
14020, 444
36643, 385
11071, 945
65630, 838
66715, 504
38357, 717
53443, 745
3209, 206
63696, 773
49583, 590
75532, 842
8120, 316
20569, 945
38837, 240
1102, 828
8384, 828
57374, 833
29635, 352
16097, 380
15364, 533
68332, 899
22357, 518
60940, 536
18440, 774
53260, 289
60011, 152
37026, 571
18627, 899
3050, 228
39286, 646
64254, 797
28956, 21
4244, 769
29452, 325
7342, 434
19962, 99
76757, 711
78754, 336
2127, 133
31240, 196
24844, 704
17680, 912
30610, 97
49186, 1000
6006, 512
59304, 225
31400, 243
26464, 358
71036, 180
45769, 733
1072, 309
68575, 70
10933, 494
51095, 950
57274, 859
9854, 485
56627, 554
55983, 951
79222, 668
24111, 748
43702, 144
40291, 103
70229, 978
16883, 440
48819, 569
32717, 679
72596, 576
47813, 193
78633, 325
68450, 34
56926, 124
67911, 756
36954, 542
39019, 377
255, 658
77011, 949
14633, 596
141, 719
47861, 340
41763, 77
16201, 137
19286, 910
74559, 633
29215, 410
3028, 1000
38855, 734
72208, 841
55295, 843
56483, 734
9799, 4
65547, 237
13879, 760
37869, 712
64359, 650
79378, 925
39943, 53
10481, 378
23557, 557
63932, 961
20074, 268
39227, 813
60730, 331
44463, 871
71562, 398
44322, 547
8763, 328
20727, 149
76026, 673
15155, 643
16815, 33
58344, 772
14686, 9
47609, 669
30330, 376
39230, 256
29382, 546
77216, 495
70943, 225
17475, 80
2657, 712
47476, 210
36477, 467
22939, 855
42710, 186
8263, 627
52227, 331
44793, 627
15960, 278
66336, 858
32964, 897
48006, 14
5278, 488
53972, 664
52683, 675
34286, 206
14704, 810
3947, 430
9618, 671
66383, 568
63914, 902
75905, 123
62849, 212
67991, 395
62955, 499
49094, 394
62144, 720
40812, 395
67584, 16
9585, 615
41635, 237
44681, 644
76337, 71
30349, 964
33161, 998
61872, 670
39710, 25
55144, 868
14992, 651
63910, 75
32077, 652
74555, 852
45151, 405
42905, 272
26774, 233
41414, 921
24875, 449
33665, 169
15687, 795
64892, 497
51151, 346
34487, 216
36758, 110
17068, 530
6085, 223
50241, 540
12374, 741
48430, 590
38026, 563
40049, 369
64322, 574
54253, 14
67101, 453
16398, 337
8045, 283
51759, 157
34701, 81
76466, 407
3278, 761
30889, 441
9882, 519
35162, 939
65593, 823
31918, 803
34930, 884
48034, 309
72034, 632
72542, 853
1288, 231
52992, 534
27598, 739
63024, 240
51762, 121
6134, 770
71053, 787
7228, 112
56791, 441
61141, 478
4471, 102
56518, 922
65979, 824
40078, 543
66377, 722
41150, 639
73084, 285
58040, 376
45803, 290
31294, 610
41205, 769
32172, 895
26054, 825
28322, 637
5679, 35
12058, 356
74111, 819
17013, 601
62452, 636
49449, 73
67353, 559
76768, 283
15462, 469
48181, 755
52892, 410
60442, 11
36566, 328
33889, 946
20538, 635
43733, 940
79469, 168
45393, 217
33259, 539
7858, 447
21605, 988
20256, 179
48106, 972
44647, 925
10864, 74
50381, 979
46771, 683
63348, 738
76030, 408
54336, 800
55668, 459
11752, 241
79195, 501
74528, 675
30977, 785
61963, 0
57938, 59
22897, 349
62004, 371
24049, 60
5851, 869
70154, 549
36375, 691
20526, 349
47653, 68
77412, 94
79016, 374
46594, 307
14751, 906
23113, 708
69217, 119
20314, 407
67504, 366
31732, 322
45162, 791
54033, 863
68043, 300
48242, 304
50042, 635
39093, 140
77163, 118
77958, 364
14399, 858
19273, 856
58287, 85
33434, 183
63837, 980
51188, 671
16320, 116
56233, 495
42498, 704
64176, 50
15454, 5
66436, 518
55369, 371
71803, 917
18681, 270
54086, 350
28929, 938
11438, 65
55241, 346
28818, 843
18538, 27
61801, 641
63316, 39
58644, 646
54292, 657
31361, 937
44474, 430
8605, 985
58613, 497
48033, 339
26029, 374
23832, 669
10052, 225
24409, 46
56576, 214
19262, 437
20977, 512
5016, 677
63835, 536
49367, 447
72973, 881
342, 619
45331, 918
12793, 794
19629, 35
42538, 31
5480, 161
69707, 742
75883, 538
6491, 557
70439, 59
1518, 778
2602, 827
33817, 170
3678, 917
73431, 873
26790, 62
12366, 181
19773, 69
15194, 328
15544, 937
6116, 450
64587, 686
23400, 370
65042, 988
20276, 464
24847, 186
34650, 401
60056, 134
65939, 472
6369, 612
7980, 978
6137, 498
49928, 944
13978, 571
5284, 185
70742, 438
23117, 668
31458, 534
50676, 344
25026, 340
75274, 941
36569, 868
50175, 84
45559, 194
13608, 146
15254, 941
2829, 829
21574, 449
43490, 391
75711, 19
8885, 910
44484, 740
61090, 40
4643, 595
61730, 225
73628, 578
33730, 247
48907, 759
50317, 780
29559, 717
73566, 429
68055, 466
31283, 228
64971, 906
47052, 698
51040, 73
44470, 974
23894, 451
65044, 192
6215, 476
35750, 807
22030, 785
17393, 870
49148, 198
50117, 70
23648, 926
72188, 900
46396, 619
42924, 441
3591, 273
12227, 385
35384, 749
60275, 981
12447, 68
39778, 272
61657, 740
69459, 570
70907, 180
60705, 299
19343, 92
31902, 955
61293, 711
53863, 48
14130, 255
55140, 651
1117, 667
2806, 844
60748, 517
45819, 382
68535, 531
46641, 622
25335, 379
21650, 412
62044, 533
19460, 758
7582, 474
69035, 247
49879, 927
6522, 627
73798, 20
25034, 686
73131, 2
61307, 266
17419, 920
71479, 1000
75229, 731
52909, 760
47415, 526
45504, 840
44839, 195
74326, 335
40954, 70
59874, 305
77937, 480
17886, 485
34244, 698
19848, 6
40393, 357
27630, 365
54317, 135
18694, 633
48534, 514
7318, 105
55294, 928
24820, 488
38351, 990
8109, 566
60283, 984
77227, 72
65637, 221
41970, 178
59896, 779
47566, 904
69446, 57
51946, 633
59695, 863
38328, 897
21043, 122
54422, 974
11692, 185
37688, 48
17918, 35
76382, 566
47390, 717
2481, 422
17402, 237
74482, 548
19920, 813
73211, 955
74886, 36
22642, 268
38101, 355
61662, 363
77489, 615
63933, 972
18422, 904
57824, 731
48394, 574
49318, 284
43707, 9
30772, 471
2942, 211
40372, 323
42939, 297
18105, 13
2260, 134
67285, 637
34321, 101
32323, 74
748, 485
30532, 309
15152, 252
72913, 517
23038, 595
34421, 226
45584, 249
41199, 304
27834, 44
72217, 438
3920, 180
65944, 935
58192, 511
50045, 319
2882, 800
38689, 210
32036, 431
20928, 677
32150, 591
3431, 882
29067, 923
15036, 655
14815, 972
72515, 108
2711, 151
3604, 959
47774, 541
43100, 771
27534, 149
6565, 451
58641, 565
67840, 875
62935, 238
3902, 286
53873, 557
48240, 199
53900, 517
58347, 838
37206, 815
48833, 220
13475, 611
39704, 278
21138, 416
76355, 491
15904, 805
28412, 570
52566, 230
11364, 490
46525, 877
49969, 69
50478, 367
33129, 51
29722, 419
18498, 714
50378, 484
72986, 324
23777, 937
65265, 371
2441, 834
279, 505
30126, 30
77128, 744
54966, 906
64698, 850
44325, 854
8003, 608
33966, 230
68300, 362
61568, 456
48993, 679
30874, 230
34409, 643
8156, 227
38669, 783
58116, 964
14280, 534
38908, 747
40766, 97
57662, 131
22618, 516
29082, 778
38345, 652
31411, 645
79335, 923
67397, 193
55482, 250
75750, 90
78476, 930
34329, 787
24435, 31
35195, 474
576, 653
58856, 656
70725, 735
33273, 911
108, 549
9472, 715
37238, 841
56548, 494
43330, 844
2622, 755
38214, 318
7045, 771
3021, 723
9495, 96
72392, 386
28973, 566
11861, 757
17121, 328
77330, 1000
16435, 125
27554, 18
42482, 545
59293, 846
43405, 398
36149, 19
10779, 125
50666, 78
12316, 4
30841, 210
7046, 826
45352, 537
53939, 119
36668, 487
60821, 712
56575, 666
54363, 567
61734, 674
75097, 53
6101, 470
13203, 811
6451, 587
78132, 297
39661, 80
36319, 114
11170, 81
40331, 5
45929, 113
55046, 263
24362, 221
56623, 342
15291, 399
73523, 561
30460, 461
57046, 497
5387, 200
68505, 636
13378, 441
9322, 574
47765, 566
64719, 633
34182, 391
23126, 33
3326, 877
5376, 724
1991, 326
53579, 575
32932, 274
2867, 791
70627, 453
59036, 219
6991, 106
62307, 266
9114, 639
12140, 450
53864, 580
42952, 869
9651, 79
52588, 121
79544, 916
54503, 660
16125, 826
75288, 538
53812, 441
22455, 922
7371, 43
68088, 276
55814, 919
74720, 461
58866, 652
17670, 648
72518, 573
10513, 786
1891, 434
24723, 766
56328, 429
34535, 277
65396, 387
50784, 630
35462, 377
15020, 162
42955, 263
40583, 938
52290, 811
74557, 448
10008, 91
58940, 797
9282, 188
66502, 838
35139, 16
79168, 725
54941, 394
69236, 395
35849, 46
30604, 941
31854, 292
26518, 152
26852, 646
56694, 165
26229, 596
69326, 744
59659, 165
77092, 201
28681, 982
27773, 261
10929, 979
53950, 228
47747, 21
59004, 331
50816, 667
52331, 277
63537, 228
1241, 727
23110, 485
13499, 51
19000, 977
41079, 776
79159, 405
78478, 199
13296, 829
45502, 492
47289, 400
23078, 214
37875, 543
68911, 199
2261, 932
62609, 792
66931, 143
68745, 866
27981, 87
57425, 565
9264, 481
1221, 448
33653, 860
4916, 44
78286, 964
20930, 466
39639, 135
17437, 745
71689, 344
27320, 266
56824, 531
76864, 602
24455, 957
79249, 192
29306, 703
13198, 518
48476, 446
62644, 230
39851, 350
75976, 737
65833, 654
28569, 234
46316, 210
77939, 99
15102, 483
411, 573
8391, 898
43465, 819
60130, 475
47379, 602
59877, 719
14267, 990
15402, 480
65328, 43
11571, 662
33106, 54
31426, 712
31308, 532
72533, 16
67576, 544
39675, 211
61511, 232
79527, 921
79891, 232
9824, 388
52495, 406
44741, 179
61506, 144
64990, 186
71937, 561
30118, 801
18707, 235
51562, 900
56193, 396
26050, 366
13531, 7
54333, 784
2175, 316
5755, 409
43819, 21
40241, 992
13438, 838
48067, 774
47529, 67
63460, 624
2766, 90
72985, 394
43090, 271
17055, 444
18416, 258
29520, 147
65382, 648
32769, 624
15173, 944
13347, 348
75155, 16
43311, 642
6531, 468
46735, 443
23745, 382
5420, 557
74807, 611
16652, 471
9088, 267
23678, 500
52012, 507
60885, 791
9019, 209
45734, 875
71197, 584
50587, 561
79637, 621
61449, 220
5688, 975
32336, 487
66538, 545
60635, 127
5005, 184
11693, 395
74139, 537
12723, 135
30311, 373
15113, 522
19535, 784
69342, 973
78369, 941
28054, 698
71598, 811
37976, 119
78230, 86
24240, 700
46124, 267
43428, 837
19703, 257
25983, 382
37198, 155
56611, 735
43882, 495
33764, 819
1929, 295
42478, 578
24108, 776
52089, 494
73441, 849
39486, 707
37158, 350
36410, 830
32424, 544
74592, 67
74357, 14
6735, 902
16721, 384
48121, 47
23173, 537
15794, 609
34075, 732
68412, 37
32230, 534
35793, 428
23336, 693
78170, 513
42056, 224
6222, 97
19046, 747
18931, 693
12138, 942
61285, 928
55806, 701
17676, 850
10037, 753
48289, 522
448, 768
79037, 634
76984, 643
8627, 718
3594, 624
55207, 492
31074, 966
17412, 656
24447, 39
64942, 178
76299, 507
39075, 195
53312, 889
51167, 467
31813, 342
57437, 819
19314, 652
719, 520
58878, 128
13221, 39
5772, 13
66646, 742
45127, 188
32722, 785
37397, 352
37391, 188
45374, 402
72445, 71
9658, 190
41369, 906
4387, 808
40216, 176
51473, 976
34110, 440
51660, 711
863, 787
27951, 940
63545, 435
54513, 754
47552, 615
18042, 120
12426, 374
28977, 951
45314, 662
57603, 75
65400, 437
9212, 781
77802, 560
23506, 85
18403, 985
61781, 896
33896, 935
12245, 79
12601, 544
26235, 803
31871, 117
872, 995
26011, 36
63017, 677
38912, 621
10986, 922
32733, 724
63492, 646
61570, 533
52310, 385
45370, 519
69242, 330
28012, 624
68798, 473
79364, 358
16008, 109
35618, 33
15326, 520
23075, 171
49675, 662
23619, 261
46102, 250
63524, 819
59847, 837
25934, 923
48257, 688
11821, 175
70431, 101
19725, 557
49940, 943
77316, 149
24910, 501
63248, 129
45075, 700
15499, 609
27264, 633
50662, 689
9632, 675
56790, 147
5066, 453
28691, 281
60430, 842
35757, 47
845, 888
48863, 992
18016, 652
76393, 164
40905, 827
79857, 917
10971, 821
54690, 266
62821, 526
4511, 57
47339, 668
63282, 439
14622, 363
56099, 935
1870, 494
57353, 704
21509, 517
34629, 193
16876, 935
77113, 77
4953, 174
58419, 588
45963, 608
13459, 136
40577, 905
12880, 761
77972, 977
42916, 512
10504, 550
4928, 851
49993, 775
20245, 859
37846, 330
64785, 962
3259, 179
79141, 251
78524, 633
4132, 532
42054, 723
37043, 483
13568, 724
57132, 424
19027, 127
71230, 939
27039, 678
65594, 894
30465, 859
40137, 625
1325, 4
43523, 496
41241, 601
5779, 870
74092, 914
21105, 735
55476, 711
63776, 566
44469, 220
43774, 629
64128, 838
30795, 502
10083, 451
10117, 344
7333, 526
31476, 177
622, 172
48040, 710
67088, 447
45865, 777
78768, 183
35928, 564
22812, 37
65131, 832
20150, 0
56810, 103
20337, 114
73826, 453
34777, 497
24942, 772
48105, 48
72796, 331
72159, 726
15486, 163
24207, 973
13634, 89
14207, 945
44429, 489
45027, 173
52737, 174
54160, 342
23901, 454
27703, 281
16618, 234
29848, 135
71199, 605
41951, 18
51405, 147
442, 961
44818, 252
23207, 388
55988, 712
6638, 68
74839, 959
69672, 959
37057, 918
33757, 872
52768, 148
58341, 394
73664, 672
17169, 264
35782, 748
57927, 176
45407, 189
5988, 142
46136, 732
3885, 91
77956, 59
73859, 216
72268, 503
42217, 952
25039, 690
3477, 597
22464, 710
66846, 279
760, 173
38998, 716
79371, 415
66193, 558
74793, 773
68900, 333
7415, 176
59674, 888
17059, 523
12288, 72
29198, 78
67944, 529
25235, 530
23822, 473
12220, 713
11154, 210
16660, 776
69328, 823
75169, 740
55367, 2
68469, 635
58611, 11
35018, 374
32145, 482
26224, 657
72589, 819
68934, 640
25693, 175
72396, 965
67692, 79
49913, 971
66958, 616
73304, 279
65033, 503
34805, 294
24012, 829
1649, 715
7488, 434
11833, 912
25713, 374
78443, 701
63261, 379
20098, 18
69804, 170
876, 586
37462, 918
1939, 264
34185, 557
49570, 501
40737, 683
17411, 340
40955, 872
26839, 819
38649, 924
21338, 40
15768, 416
51609, 512
15005, 565
11287, 967
72964, 824
46155, 979
16611, 240
36427, 857
33537, 495
66151, 266
70734, 1
77210, 704
9167, 365
2010, 82
14565, 765
23883, 727
69889, 964
13180, 21
15953, 372
66659, 820
41121, 422
20033, 185
23541, 938
27984, 635
41505, 910
7903, 337
34584, 552
10150, 614
79562, 507
30976, 487
19075, 497
72111, 50
37156, 647
13375, 19
71749, 403
40988, 21
69411, 994
10785, 160
1717, 568
10114, 887
68031, 397
10157, 403
38659, 118
514, 577
35629, 816
19899, 318
740, 67
41405, 727
28165, 784
55155, 22
45343, 363
57335, 256
5907, 199
17341, 291
31550, 774
49702, 235
9975, 491
55960, 802
62179, 65
68130, 627
29970, 485
18394, 835
58026, 654
47767, 33
41219, 677
24163, 856
44027, 746
33175, 288
54848, 893
66576, 799
63987, 582
24954, 624
24513, 287
19986, 718
16570, 693
23815, 789
33213, 210
51457, 784
51426, 704
20414, 595
8917, 975
36127, 524
33872, 597
4343, 45
14870, 741
3725, 520
732, 757
52209, 782
2983, 271
79970, 433
59076, 795
24655, 328
61191, 22
15785, 655
17333, 877
49489, 989
58243, 755
8720, 991
35326, 669
38340, 454
28479, 847
33805, 840
20359, 896
21616, 471
39214, 406
29405, 260
37951, 286
43753, 951
68648, 429
51069, 24
33815, 810
26128, 851
21878, 893
38076, 109
58025, 718
20860, 110
47015, 723
26455, 410
71464, 518
14429, 628
11590, 967
39279, 793
27717, 236
72015, 462
15251, 189
24210, 925
64153, 477
6428, 221
69106, 877
7187, 147
35393, 917
77707, 473
24838, 294
12566, 883
20260, 893
18863, 671
970, 683
16524, 102
47279, 71
35505, 616
30683, 994
47714, 184
33628, 814
35755, 854
13027, 909
76100, 913
44858, 96
70495, 113
62074, 877
53549, 625
34527, 456
45221, 169
17301, 513
9211, 728
5991, 558
31070, 186
70502, 699
45186, 745
74388, 272
24973, 144
23978, 256
1973, 810
73097, 692
26445, 182
73006, 321
34880, 920
25047, 783
52015, 302
63252, 58
25319, 606
50458, 209
46497, 545
38642, 12
24347, 325
13248, 713
5348, 66
18601, 345
78184, 296
2238, 506
32981, 391
62755, 846
62927, 482
46640, 63
57842, 907
66261, 858
72602, 849
26263, 120
38337, 863
72031, 319
29484, 406
14038, 435
15860, 479
66410, 118
67826, 280
8664, 865
6014, 685
35193, 860
69532, 861
73102, 76
59093, 551
10427, 485
21170, 889
67869, 261
66852, 500
35963, 241
19498, 431
474, 329
31963, 1000
73172, 331
76846, 173
58834, 648
67326, 18
73591, 590
69855, 956
38755, 868
26248, 914
57452, 430
55348, 519
66870, 687
8308, 327
4621, 260
33686, 791
69479, 910
12023, 316
61703, 173
61980, 821
47504, 972
37971, 25
5827, 431
75182, 214
20243, 315
52022, 913
48555, 399
43120, 93
39065, 986
23972, 388
11952, 281
38644, 80
44978, 992
63477, 794
29844, 419
43185, 485
78580, 158
23324, 9
45760, 246
20687, 147
61607, 222
5605, 636
73262, 407
79556, 923
72892, 747
6091, 888
6604, 48
67901, 233
5921, 465
14331, 53
42300, 139
42020, 780
14052, 481
18509, 456
54170, 727
53927, 201
78211, 137
65766, 454
55906, 454
46839, 384
74846, 807
3991, 385
68868, 382
7381, 303
71619, 384
35820, 636
73998, 702
20087, 190
59118, 868
29766, 382
40994, 271
63688, 339
34713, 251
33766, 826
339, 977
41272, 735
40406, 925
63850, 55
17025, 593
36987, 928
64833, 644
40882, 196
38384, 220
67788, 733
23663, 320
38541, 435
68367, 25
40687, 906
38904, 213
16211, 880
60557, 315
54149, 214
23150, 817
10358, 609
20133, 846
34730, 253
73736, 226
33261, 552
28755, 493
3782, 8
55616, 6
74241, 301
32026, 766
48129, 680
79110, 171
41244, 812
34677, 16
29840, 655
1795, 41
54480, 553
68009, 181
45608, 724
50093, 79
11588, 85
69466, 571
67952, 808
72827, 820
54795, 423
4722, 723
15786, 801
47250, 245
40315, 670
31358, 660
41112, 794
68261, 566
39155, 382
1208, 414
51703, 477
64269, 6
9459, 201
56717, 850
28464, 949
54767, 2
19687, 197
4276, 680
20313, 233
15882, 234
39341, 23
54706, 210
43510, 672
16805, 115
35242, 305
65527, 952
17283, 394
20514, 702
40900, 375
42563, 155
2762, 154
64596, 238
22566, 25
41409, 325
19560, 279
36599, 32
42753, 943
18289, 117
73150, 623
57945, 272
78144, 970
416, 152
12276, 705
63563, 837
79635, 24
52891, 844
46051, 302
59492, 214
68680, 444
64973, 346
20996, 721
2421, 989
52348, 733
12524, 930
66631, 264
19167, 829
29794, 448
14566, 155
11661, 568
67323, 214
1093, 821
57081, 887
61967, 417
19586, 770
56149, 117
52629, 988
64483, 126
11248, 670
31479, 122
31981, 597
15084, 956
28618, 85
33321, 640
30051, 501
2247, 998
74428, 331
21571, 828
62383, 498
74729, 596
68368, 933
36614, 354
49163, 944
25258, 991
12056, 547
31608, 785
68048, 823
35110, 730
18688, 266
21343, 585
30029, 692
41467, 326
79790, 675
31089, 17
58249, 693
55560, 529
59284, 802
2326, 512
24631, 446
39969, 516
4881, 23
38774, 739
72521, 221
1932, 338
9032, 819
53685, 601
79294, 284
4286, 397
27459, 670
22097, 730
50717, 115
49048, 167
11388, 377
10285, 981
23951, 298
46177, 810
12094, 322
59592, 864
58047, 285
48001, 861
63308, 504
25430, 795
31295, 41
69803, 347
1283, 913
16841, 134
34949, 719
18010, 975
24371, 386
65642, 704
53901, 820
14006, 809
77397, 50
31978, 366
58586, 599
11904, 809
32255, 486
51621, 267
38408, 437
65140, 275
16997, 593
16351, 217
11107, 477
12300, 118
27365, 170
58132, 579
69079, 350
41239, 70
8092, 553
75384, 494
46268, 400
32890, 736
35455, 488
46279, 95
42627, 67
36450, 228
52119, 318
9173, 447
3702, 121
69793, 466
41916, 245
75917, 714
69887, 605
64281, 696
56352, 7
62288, 476
66460, 878
70971, 486
7705, 26
75042, 528
20749, 483
35282, 190
58982, 408
6826, 823
24663, 851
37582, 304
64323, 661
52257, 616
45898, 359
74437, 322
73678, 514
50368, 36
66319, 323
35874, 191
42848, 626
79466, 713
8060, 11
29490, 486
7900, 582
20013, 538
75694, 540
6268, 535
56635, 559
60874, 450
3062, 151
3770, 582
26355, 186
65905, 323
3957, 161
30111, 455
9033, 50
1300, 947
47657, 853
48424, 89
73373, 455
64245, 709
7111, 247
51743, 134
6691, 332
12628, 497
69055, 762
73149, 32
7314, 511
7200, 430
67763, 633
45688, 87
60180, 992
6598, 609
75380, 965
63209, 499
8840, 958
70871, 359
77483, 360
47080, 940
71505, 911
59174, 348
70007, 184
11638, 469
4936, 439
22990, 793
67831, 32
10001, 352
38601, 361
70373, 618
62009, 830
25873, 312
50760, 635
57533, 352
6627, 162
41313, 778
72429, 129
42536, 629
63768, 576
75278, 797
75109, 211
43554, 714
28703, 184
30380, 839
42250, 120
22815, 423
71012, 135
58944, 568
1302, 999
22925, 908
4270, 717
67259, 993
64228, 813
57505, 256
67814, 282
22144, 810
79749, 451
57548, 552
60404, 618
55656, 571
37327, 165
79866, 520
13987, 544
33078, 853
51925, 151
27102, 801
66760, 370
55853, 160
72454, 664
15807, 363
67877, 202
75818, 864
65390, 785
69966, 240
30037, 314
8994, 348
2463, 418
34364, 796
30638, 108
35945, 644
59752, 820
45708, 815
56486, 962
7876, 27
10224, 504
29609, 26
3860, 402
14700, 917
45219, 671
46169, 163
67652, 467
42685, 58
31018, 128
19476, 632
11761, 37
12486, 359
71453, 34
46863, 471
74282, 594
65519, 760
72289, 479
47515, 991
49206, 155
37406, 139
74393, 492
34120, 463
46229, 109
20444, 813
46746, 282
66425, 44
2418, 586
1031, 545
72906, 101
71009, 754
48769, 988
6896, 138
47631, 832
61406, 656
55154, 616
12215, 492
77751, 380
49630, 973
20479, 936
8231, 992
11477, 848
48848, 405
54026, 672
2262, 607
77848, 81
79208, 828
38561, 838
36726, 814
60126, 47
21661, 539
45079, 63
44081, 655
72007, 367
12942, 676
9128, 400
14570, 182
29334, 980
16080, 959
45045, 384
9091, 269
76632, 291
32268, 505
28954, 376
51770, 706
45383, 631
78602, 938
34770, 110
61776, 690
45869, 156
31511, 693
56539, 332
75377, 628
2183, 57
10698, 230
22687, 188
54527, 558
34098, 922
17937, 701
34822, 790
75764, 316
30382, 510
20948, 979
111, 673
69419, 95
52565, 269
77244, 10
49863, 502
1905, 962
58923, 771
7215, 535
14401, 434
64280, 472
62069, 666
30019, 687
56731, 985
50639, 132
14469, 875
24214, 548
41073, 186
77361, 994
59652, 877
63532, 878
296, 977
43933, 188
41765, 483
67626, 708
29080, 237
76770, 30
39035, 745
8232, 761
36763, 948
49440, 80
59188, 731
43813, 15
42142, 105
43747, 332
54167, 623
31497, 647
67229, 477
46076, 885
62655, 51
49506, 504
74595, 45
55412, 671
27616, 65
58250, 493
41479, 891
10375, 581
65212, 261
38846, 429
30886, 791
74316, 603
47557, 983
27465, 387
45213, 673
66984, 448
57961, 720
4439, 909
51704, 524
11573, 504
57706, 777
66077, 723
26246, 760
73081, 147
13954, 447
72490, 33
74697, 336
29247, 835
50868, 620
5680, 660
43866, 604
6675, 767
67296, 412
54470, 276
77786, 115
76078, 302
68210, 365
49656, 218
32413, 180
71369, 235
3077, 362
30294, 200
15897, 455
66201, 313
57534, 212
22857, 454
2896, 972
7596, 204
40500, 89
65981, 111
41930, 400
59434, 638
55111, 540
52347, 200
244, 690
27996, 109
79939, 592
31506, 418
39624, 719
43365, 517
27591, 546
439, 170
71142, 706
71083, 386
70948, 375
72119, 734
48089, 450
67542, 192
51323, 1
1615, 736
65452, 425
7686, 834
27920, 737
78395, 218
24247, 561
26423, 839
74562, 869
27861, 617
45755, 641
8932, 541
21675, 581
69666, 799
73229, 861
49549, 690
9546, 386
47932, 322
35812, 415
50061, 53
77336, 560
66826, 965
65923, 722
67303, 631
73624, 721
49475, 403
5832, 555
30853, 75
62462, 865
71028, 227
27551, 437
58480, 354
2224, 240
52511, 489
59664, 942
72556, 871
39647, 82
72265, 779
27229, 664
21212, 551
58115, 289
61297, 993
49205, 991
29074, 772
62764, 583
76384, 929
24131, 221
21689, 103
55003, 966
16158, 851
64119, 628
13837, 620
20992, 145
70168, 737
52028, 928
11726, 137
63806, 764
74162, 893
40060, 674
56447, 718
50273, 531
3430, 53
31062, 850
43502, 130
19433, 853
75546, 29
3740, 797
70519, 601
12810, 293
68167, 652
4630, 904
42421, 210
9603, 638
15791, 327
37507, 547
45442, 293
23415, 946
37543, 663
35630, 177
14375, 712
45802, 964
65914, 387
5023, 767
69129, 471
14068, 75
47385, 210
79196, 772
59047, 125
63404, 120
35822, 543
17478, 596
992, 898
19252, 689
9324, 242
8993, 572
9720, 315
23367, 700
32809, 745
20954, 271
34453, 565
74010, 928
49003, 550
34957, 272
13406, 970
59011, 378
46811, 681
13573, 793
9480, 465
36901, 451
14899, 635
73307, 67
29024, 473
12350, 892
28221, 843
1016, 488
21897, 26
45516, 5
9527, 863
65114, 595
78113, 811
15558, 7
78593, 565
79812, 72
35453, 809
38379, 791
13733, 766
23359, 868
24824, 827
35611, 947
44382, 333
43553, 661
60313, 328
64081, 742
72903, 919
34313, 670
28847, 635
13261, 273
30817, 420
61303, 12
63583, 463
42198, 281
1766, 894
28858, 818
33236, 531
58563, 826
21035, 969
5928, 459
8245, 466
68814, 526
52225, 581
62277, 61
3607, 328
68939, 997
40810, 541
27275, 866
53869, 81
35637, 279
10310, 806
66671, 853
30333, 505
52560, 786
72637, 596
70723, 7
26831, 213
7865, 685
24307, 414
77764, 317
44141, 670
50104, 383
37664, 811
7243, 712
69841, 959
70592, 344
79313, 280
74934, 734
33830, 157
20480, 612
30827, 617
71237, 833
15735, 786
5114, 421
39752, 257
47430, 744
68687, 732
30528, 903
40772, 363
69879, 222
79111, 957
5213, 1000
42009, 277
8856, 757
45651, 315
37963, 508
42354, 441
14194, 100
69554, 94
18643, 847
39200, 896
17213, 79
7644, 662
16047, 597
63313, 634
39717, 612
8224, 438
19636, 420
49329, 255
43849, 232
47486, 10
58576, 923
77567, 217
35210, 505
54243, 474
10131, 875
48896, 252
18091, 799
68110, 409
39864, 161
68278, 495
28825, 136
22458, 108
11583, 461
35956, 38
4400, 454
74824, 141
56205, 170
40319, 819
9752, 417
65874, 606
77520, 510
31852, 168
14824, 200
22921, 385
74425, 573
46143, 304
55427, 714
29752, 619
58456, 280
10896, 74
61032, 115
26349, 936
7179, 996
50089, 38
48438, 387
8878, 308
42023, 270
58965, 74
43931, 766
44058, 725
24306, 446
25856, 773
13604, 817
34191, 824
48799, 636
37864, 154
4903, 139
21837, 731
11512, 660
3002, 313
17050, 505
5874, 403
31908, 420
55612, 506
27559, 512
69684, 739
78853, 328
58369, 546
758, 232
71897, 504
12988, 566
10362, 877
63694, 31
17949, 375
19299, 835
34123, 922
40723, 77
37903, 560
8978, 920
32745, 766
60146, 560
16230, 642
19526, 792
49162, 603
55164, 751
66525, 90
14969, 896
47771, 897
2151, 180
48328, 13
4371, 896
32833, 289
960, 867
76068, 902
53258, 457
55778, 184
10915, 487
3423, 11
74800, 117
19412, 452
7317, 662
45258, 121
48557, 646
47444, 331
56952, 8
78172, 219
63239, 541
37415, 76
17222, 715
74465, 317
16338, 803
45940, 42
49902, 685
64401, 777
9691, 265
59988, 706
26866, 911
1334, 974
66306, 73
55206, 538
26109, 267
42167, 312
69527, 361
74826, 746
30024, 221
18099, 333
60969, 698
75264, 626
78625, 186
170, 149
65176, 290
70259, 425
65487, 184
38847, 786
52780, 553
35721, 520
10814, 927
27968, 486
57241, 982
8684, 496
67076, 924
54322, 160
58734, 358
56011, 93
22237, 287
52542, 403
1978, 966
57490, 432
234, 482
34122, 508
61800, 139
42255, 499
58365, 469
7926, 338
24449, 368
13931, 253
203, 565
15679, 628
72003, 151
54311, 257
43125, 578
36110, 16
41898, 757
60300, 707
8099, 258
36343, 304
69487, 723
38917, 261
12327, 44
74717, 318
5671, 383
31746, 68
68267, 807
22827, 695
37134, 162
74064, 49
71547, 363
24576, 449
61738, 824
65707, 177
28396, 195
18393, 806
70849, 790
46569, 466
73836, 499
31181, 195
53059, 734
61778, 695
7153, 641
18827, 328
17368, 20
13516, 444
32089, 218
55490, 340
63523, 465
18494, 379
57431, 354
27433, 303
43064, 316
15718, 580
7575, 0
28258, 42
73847, 475
7409, 727
79475, 953
79501, 76
17881, 252
20957, 513
47853, 556
31006, 232
15465, 331
39348, 709
42535, 733
76862, 474
77050, 120
51851, 68
45176, 391
79031, 170
78623, 366
56380, 586
25016, 144
35691, 942
16353, 646
61630, 289
33917, 775
5690, 766
33004, 925
4049, 360
52616, 630
49334, 371
4073, 897
42028, 444
54752, 17
36676, 378
39599, 551
60455, 511
40191, 961
70917, 692
50446, 332
26420, 558
54952, 90
64240, 462
64110, 15
34166, 836
70422, 259
16867, 144
38011, 896
45013, 139
41457, 823
25911, 148
24383, 738
50553, 488
30090, 579
4777, 262
34314, 93
69594, 573
74588, 828
65711, 596
53568, 942
39314, 145
16430, 787
50883, 180
52399, 957
33335, 555
20670, 966
14134, 168
44563, 469
11651, 768
4055, 177
20875, 8
25079, 35
68905, 465
33960, 574
11656, 770
57013, 966
45206, 1
66954, 216
42799, 470
58557, 867
3289, 722
65463, 118
44039, 463
58380, 91
34170, 799
410, 607
29531, 371
51761, 96
76490, 548
40340, 9
57486, 522
60759, 625
61882, 334
66688, 744
11889, 895
70757, 185
67890, 559
79073, 826
36898, 443
9981, 648
25692, 213
49448, 166
45405, 192
11200, 193
19325, 722
75775, 728
37486, 908
61185, 570
4440, 695
63819, 527
53241, 126
15482, 131
77073, 330
12131, 390
3377, 308
22583, 496
76844, 288
79870, 958
40575, 109
6772, 788
39149, 200
702, 864
50801, 363
34174, 910
21306, 833
32699, 899
33059, 968
9244, 675
16680, 839
19086, 432
55035, 92
39648, 810
52967, 403
55840, 505
63030, 757
78891, 36
79983, 758
8977, 918
63578, 289
18261, 781
25025, 773
51728, 600
18532, 343
32414, 305
66680, 683
64038, 456
14248, 535
21374, 55
8312, 768
51923, 54
62563, 74
9393, 26
66771, 196
64473, 315
21729, 387
44809, 763
19611, 920
45828, 932
64210, 345
79797, 976
24561, 451
69951, 998
4289, 926
41283, 970
53459, 938
34238, 989
2526, 445
59018, 993
10606, 269
64442, 564
52584, 979
11556, 114
24039, 402
77248, 587
54528, 577
24045, 609
33015, 709
40588, 188
48888, 913
38161, 968
71463, 421
20143, 594
48253, 683
57419, 74
67553, 938
29060, 341
48605, 192
61118, 719
29228, 180
19032, 737
25399, 260
13778, 40
62059, 929
27089, 114
15183, 143
22480, 446
76122, 787
41453, 685
619, 22
27555, 420
37755, 833
68016, 529
74395, 697
51248, 119
64243, 854
31872, 125
78537, 103
18982, 993
39164, 541
41588, 106
45846, 338
23159, 933
66384, 3
71790, 225
9329, 579
20309, 858
48230, 504
59883, 96
44257, 93
28005, 609
36374, 39
35590, 691
70713, 764
18448, 284
47867, 802
11650, 695
14461, 603
50437, 118
64764, 757
58597, 886
61294, 806
77801, 610
17807, 559
47263, 727
36624, 27
11241, 645
26611, 974
21225, 863
35094, 160
53475, 69
31609, 48
19279, 841
28931, 362
3511, 9
38407, 846
72567, 141
21107, 959
13034, 764
17165, 974
68966, 847
3206, 264
50343, 90
51894, 293
68181, 184
33369, 873
70346, 521
70148, 484
79261, 827
2973, 816
2947, 695
9935, 967
37993, 626
42153, 607
62880, 782
70840, 497
11878, 984
18104, 2
67729, 630
17502, 709
69192, 667
32060, 334
34052, 121
36099, 45
13734, 876
67360, 928
36789, 763
31960, 381
31043, 487
52221, 41
27134, 112
13350, 370
4620, 181
41489, 536
59164, 329
47260, 515
50675, 354
77666, 887
74900, 762
19159, 187
73276, 182
71462, 153
10879, 389
34809, 639
41183, 953
1627, 790
56637, 558
76745, 377
73093, 975
74403, 514
52553, 522
54120, 54
77742, 414
57625, 174
61325, 359
19784, 550
75748, 336
74165, 897
5025, 847
74375, 356
55968, 419
71242, 543
1971, 358
207, 185
52392, 597
51173, 129
67850, 846
25180, 913
13919, 555
28367, 399
45380, 685
50151, 3
31783, 814
38148, 704
63067, 241
53013, 97
33787, 868
16580, 209
9180, 287
23047, 662
74674, 754
40376, 111
7637, 124
58038, 904
79552, 731
46985, 782
70045, 455
11028, 52
72935, 935
1165, 256
18356, 219
41162, 883
63928, 841
2018, 991
64319, 947
79042, 592
19470, 708
77311, 184
47597, 932
53544, 268
74681, 888
54496, 20
67794, 161
53779, 556
16670, 888
34077, 621
38192, 120
63651, 449
36396, 384
14274, 13
6118, 453
20231, 554
59741, 964
78794, 262
55606, 743
30440, 927
15937, 460
22730, 282
3183, 219
31129, 986
73498, 294
19534, 916
308, 602
49405, 648
730, 611
53100, 411
47231, 196
58695, 496
29617, 975
5433, 703
73721, 705
18480, 674
22330, 732
2984, 125
44405, 734
31209, 881
50524, 420
53848, 36
8262, 931
25445, 699
59500, 527
63028, 368
69384, 0
30484, 666
50898, 887
68422, 297
38391, 780
12198, 902
77996, 457
11909, 558
66806, 920
34433, 783
55477, 620
27725, 643
34053, 78
1875, 914
73182, 126
65036, 584
43620, 149
31907, 541
73959, 240
3249, 402
17858, 583
10853, 325
27043, 420
8687, 636
45521, 134
764, 485
42840, 810
25642, 415
31982, 608
41304, 159
55801, 274
38454, 730
51180, 541
75511, 347
77711, 924
44229, 730
49596, 935
40569, 708
38987, 58
54740, 781
72953, 760
6047, 290
54886, 235
27583, 658
51836, 234
15765, 46
22588, 4
35185, 376
59944, 250
16810, 783
42158, 462
49152, 65
23774, 17
46793, 522
30829, 29
25061, 706
26253, 767
76808, 613
37665, 831
71164, 407
16627, 182
16363, 453
6112, 880
57003, 46
51573, 618
43830, 418
63134, 854
26057, 466
8453, 674
54032, 534
72549, 351
65063, 143
41385, 339
57572, 90
48632, 840
62665, 39
13791, 13
68324, 720
19517, 344
31393, 614
71992, 876
27680, 12
27779, 447
23534, 189
31802, 289
69250, 139
21360, 651
62068, 39
26012, 963
216, 185
71962, 110
48545, 52
50302, 719
68114, 839
26785, 81
23325, 556
20165, 704
33415, 644
14954, 776
46971, 272
74293, 826
23998, 676
36179, 901
35668, 599
41627, 723
48338, 973
46521, 249
49263, 524
42976, 601
30973, 979
67082, 521
67118, 678
11663, 860
10034, 231
31598, 647
3374, 133
5438, 976
52671, 359
74184, 860
8747, 630
21986, 721
1408, 596
35871, 920
49952, 45
59347, 844
42849, 146
29701, 835
74277, 46
79795, 204
68228, 994
43930, 966
41923, 363
21064, 720
2371, 265
74053, 22
47758, 386
67316, 374
18907, 463
22975, 662
40768, 502
76311, 802
66499, 177
66181, 127
12363, 974
12565, 914
50942, 644
42024, 362
24130, 175
47565, 954
23949, 1000
35908, 445
10835, 701
40497, 767
24068, 707
5229, 584
43351, 473
41985, 218
19026, 252
69650, 371
644, 7
10412, 454
4649, 910
956, 15
3006, 80
22907, 45
12539, 745
43045, 43
6506, 769
3916, 218
35089, 233
39054, 122
29197, 18
49910, 192
38552, 772
6888, 240
51971, 660
19137, 733
22372, 193
71081, 275
196, 456
41821, 930
2548, 659
60667, 742
10678, 553
40647, 431
53702, 590
73925, 135
30589, 811
10900, 597
34590, 666
27455, 405
68657, 538
28226, 455
4938, 568
20563, 430
27010, 423
78283, 730
7731, 661
61809, 508
6312, 32
10454, 318
60613, 488
30350, 526
4090, 981
3832, 645
28129, 795
74621, 948
9506, 188
3980, 419
39028, 497
42346, 653
62022, 830
77734, 112
57529, 831
15023, 769
32898, 457
66156, 566
39032, 524
20506, 128
39022, 456
6220, 239
63132, 206
33138, 132
67148, 703
70853, 405
57531, 295
69737, 298
57113, 511
79151, 323
67363, 399
31507, 442
40174, 485
65702, 725
62237, 109
11224, 944
8606, 10
69511, 334
12400, 854
23043, 555
24782, 31
43751, 738
79421, 382
59259, 936
29049, 481
66932, 334
69336, 528
33927, 89
53497, 231
71519, 363
18402, 727
259, 559
20899, 931
64320, 761
29588, 797
46583, 234
39995, 118
989, 169
8302, 948
45368, 824
33093, 390
17568, 881
26874, 184
29549, 415
73313, 194
13526, 362
66023, 919
47417, 501
49368, 797
24625, 791
78518, 187
18343, 910
76464, 420
21495, 916
76681, 676
11499, 885
3685, 782
39923, 668
1333, 923
27028, 218
63046, 984
16562, 744
37940, 686
33403, 272
38478, 413
44877, 548
6444, 199
39533, 930
70940, 894
71499, 807
27982, 529
33882, 854
16246, 757
53015, 551
10607, 816
57496, 419
39192, 779
72704, 351
62702, 742
19887, 969
19098, 5
60183, 783
7631, 815
43360, 547
31009, 136
54054, 582
57893, 884
6941, 640
49925, 492
30519, 277
28651, 971
53280, 685
4220, 316
8708, 823
27907, 32
54735, 433
72129, 737
59553, 549
39887, 486
46715, 864
15888, 692
26340, 43
54583, 310
51298, 353
27142, 170
42174, 986
1792, 932
49522, 252
77587, 352
57213, 271
22444, 343
40525, 760
41600, 902
26332, 175
43150, 862
56159, 278
78342, 457
47369, 560
17092, 244
37992, 458
31079, 764
45489, 626
50276, 464
16154, 26
72077, 118
20558, 850
72267, 403
27095, 648
75212, 389
37569, 11
13163, 568
9768, 958
72565, 197
47405, 538
75395, 236
6979, 604
25472, 906
1039, 195
67562, 746
39511, 666
27945, 314
66899, 104
55921, 963
20422, 82
37733, 669
60050, 129
16980, 820
27674, 134
58338, 948
28595, 870
55895, 678
54425, 975
78931, 671
7647, 477
20121, 830
78595, 207
68815, 301
61164, 539
66673, 373
77876, 840
5306, 986
51547, 11
57561, 726
65832, 408
69221, 590
8106, 878
45455, 728
49171, 329
9463, 303
13337, 222
53959, 838
15957, 157
38220, 354
7840, 500
51328, 514
75751, 108
67862, 351
72665, 842
47862, 962
59392, 157
10919, 195
54277, 404
36732, 837
54519, 675
48732, 409
60149, 891
425, 8
58408, 526
71510, 65
68187, 3
56446, 991
4205, 314
66466, 795
61969, 395
30907, 282
53659, 839
26686, 600
67975, 847
63999, 408
65785, 307
32556, 417
15657, 146
10882, 99
45800, 239
12656, 654
66577, 566
31840, 914
74645, 274
7, 973
33334, 600
6755, 192
73155, 607
72712, 810
51753, 309
73876, 584
6685, 424
48964, 832
34921, 756
22440, 843
49055, 440
55783, 103
8740, 819
10690, 775
46629, 491
2482, 743
1576, 364
60459, 197
60017, 410
38446, 983
71107, 897
26431, 376
55673, 960
37705, 164
832, 138
45550, 998
5941, 638
72202, 947
50178, 77
60589, 755
9577, 984
34883, 360
70891, 462
19281, 730
32545, 18
76250, 425
59973, 339
10417, 986
26380, 937
29435, 183
24798, 996
9948, 481
74203, 212
77978, 662
50574, 224
18380, 922
78462, 905
37909, 409
47406, 96
74607, 207
6850, 239
22361, 515
46968, 879
79276, 670
63775, 826
23958, 380
3640, 401
72187, 364
45732, 830
71252, 461
38462, 741
64200, 632
29977, 430
10788, 54
7003, 49
21133, 628
6824, 413
48897, 697
7976, 504
42785, 318
69372, 839
13799, 893
23442, 97
79435, 648
42817, 532
58353, 480
78035, 127
60917, 366
18407, 733
42227, 501
61241, 658
28021, 421
71431, 247
21089, 202
75342, 370
6914, 63
25595, 821
55486, 27
680, 175
67434, 610
44024, 302
77354, 977
61832, 194
77135, 817
58412, 455
4610, 721
61729, 548
4883, 46
58520, 761
6866, 40
59537, 154
18162, 327
20573, 73
37132, 984
36311, 846
25867, 171
7813, 155
4908, 849
66307, 896
36078, 983
3807, 212
25004, 910
78661, 617
47820, 783
12035, 782
28839, 398
16795, 616
2810, 276
46300, 448
50269, 252
38932, 57
38006, 716
33790, 24
40532, 32
50768, 741
11258, 52
36864, 10
13448, 682
72025, 705
47320, 452
47479, 576
30486, 687
75778, 161
72717, 230
43327, 967
1452, 666
40534, 590
31645, 455
58201, 530
79830, 818
20941, 299
63560, 648
47896, 14
20716, 121
79525, 371
32075, 79
3153, 464
15362, 683
12595, 525
22221, 231
31318, 119
22036, 63
76156, 146
18071, 771
22668, 186
26820, 189
79837, 881
78525, 554
14131, 696
62721, 649
15055, 38
1255, 418
62339, 855
62340, 833
60996, 269
51369, 923
29633, 222
54741, 277
27791, 711
4657, 3
69973, 114
75133, 196
25510, 302
42016, 914
54476, 134
24323, 74
25331, 88
73652, 140
66266, 398
30107, 662
31138, 939
37173, 324
45752, 566
52320, 124
38898, 373
69193, 170
4497, 250
2249, 297
48970, 43
62228, 213
64259, 430
31247, 991
70303, 158
74737, 91
74980, 545
4087, 756
48747, 150
17743, 35
61943, 659
76975, 71
63844, 422
17598, 634
18563, 849
59066, 875
70325, 537
40944, 276
55647, 209
49042, 566
16001, 292
53404, 428
23814, 437
20448, 226
19981, 894
70670, 422
38781, 166
57781, 17
29295, 965
43935, 415
19910, 900
660, 698
73907, 61
68316, 188
4000, 776
34785, 465
39722, 974
36843, 459
65650, 404
36857, 697
75040, 678
7304, 142
71007, 947
28917, 695
49704, 230
79206, 532
38560, 423
62397, 176
20694, 829
50940, 497
60473, 200
60614, 580
8030, 276
29269, 983
59160, 180
23723, 27
694, 94
51393, 334
13089, 410
66607, 452
40727, 713
12416, 845
29329, 829
29830, 287
79177, 757
65994, 786
22936, 413
65515, 485
50678, 162
30113, 609
48072, 874
31256, 245
50465, 915
27929, 553
21641, 135
973, 185
45895, 946
8526, 190
23116, 271
3586, 38
13465, 408
9545, 15
16197, 503
57416, 695
48179, 633
8363, 150
54280, 444
56560, 267
8679, 439
36657, 76
40962, 169
65639, 59
11307, 442
47499, 638
76616, 213
6981, 719
31465, 560
64878, 575
19091, 133
55561, 855
16379, 762
72484, 942
52384, 675
77715, 423
29527, 330
51099, 519
10309, 652
20490, 234
43491, 939
4800, 944
34726, 47
3730, 360
8285, 229
47466, 475
78359, 573
56678, 941
35919, 48
28366, 913
489, 324
63172, 643
406, 229
16002, 402
36514, 901
11912, 327
75978, 806
8374, 283
47478, 450
72921, 933
10069, 625
56074, 807
33461, 581
75464, 35
35834, 311
54049, 697
59183, 481
46693, 866
8851, 322
48479, 28
75118, 775
17688, 661
53403, 880
67154, 966
68233, 947
77951, 595
55850, 381
79345, 730
68057, 506
40010, 471
60720, 977
38141, 30
56508, 130
59072, 874
1124, 960
21513, 3
47812, 970
79216, 198
53244, 20
67, 638
38924, 738
18590, 629
34568, 773
1082, 199
51951, 308
19174, 139
10445, 444
42370, 481
35286, 507
54536, 170
21454, 485
79215, 217
79394, 900
50223, 733
76682, 739
76627, 532
64526, 851
18946, 954
46759, 417
13302, 631
12992, 515
17811, 97
59008, 436
40112, 900
77591, 187
28164, 230
22623, 324
55760, 47
16874, 797
37585, 207
39609, 809
1184, 133
13047, 702
68867, 529
44113, 757
5175, 682
66059, 453
29798, 410
69023, 829
64523, 681
55695, 184
52124, 224
71692, 80
63826, 17
40110, 799
61512, 578
27820, 47
27452, 964
4311, 922
65899, 669
20357, 290
48645, 446
67720, 665
35288, 20
9426, 742
62053, 958
14380, 36
20305, 479
3561, 152
76636, 642
65093, 244
45942, 75
55452, 984
76190, 511
42008, 243
68355, 909
22734, 259
27311, 916
21434, 3
33648, 6
13191, 429
57127, 319
2576, 165
65523, 200
55550, 564
70416, 506
66480, 94
77794, 717
3035, 902
56792, 953
52932, 800
5168, 263
23192, 147
43247, 441
18547, 926
9284, 831
55333, 306
45375, 278
59806, 967
59783, 937
34569, 262
14959, 367
272, 226
25265, 916
46688, 924
65064, 145
75208, 746
49215, 5
32971, 630
63899, 979
49785, 120
15480, 745
68479, 307
5823, 255
15651, 375
38972, 296
2070, 794
34495, 765
79666, 55
6891, 588
371, 166
59567, 27
30655, 611
55826, 280
39179, 70
3794, 294
45885, 592
50618, 40
48229, 776
14252, 244
20401, 278
27160, 415
17813, 345
72255, 537
51541, 569
74133, 495
64658, 38
20775, 457
64681, 604
19548, 141
45458, 679
6572, 947
7826, 287
58024, 38
75816, 23
54124, 129
38759, 489
62566, 938
67798, 89
12986, 549
56131, 535
25985, 22
69463, 65
26586, 292
34308, 492
30636, 22
67747, 69
26801, 953
60248, 864
70583, 551
65480, 424
10452, 549
3476, 489
8474, 748
76029, 288
22179, 882
76613, 212
21332, 441
37199, 41
44963, 968
56545, 167
75163, 395
1414, 619
10565, 839
3275, 101
69249, 278
48356, 236
62116, 214
44936, 399
53200, 896
79072, 170
35262, 89
69303, 29
35976, 506
44145, 590
45049, 160
21058, 798
68522, 818
52788, 823
35385, 37
64365, 1000
502, 391
29402, 26
26174, 516
9499, 130
50380, 587
8632, 439
41947, 129
33136, 416
76789, 568
16106, 733
42999, 40
62820, 326
22088, 603
70866, 858
37740, 410
21965, 69
75729, 189
21515, 900
7784, 360
22467, 479
56263, 908
59080, 217
22091, 349
25711, 889
35684, 914
26679, 31
220, 944
46891, 894
9255, 277
30179, 938
53928, 643
58688, 695
67377, 37
31883, 923
22129, 47
61001, 215
9655, 813
25090, 548
4386, 951
12846, 882
60453, 78
30197, 157
69573, 879
31709, 659
40156, 626
20886, 202
51228, 829
31764, 17
16274, 412
30965, 739
75928, 518
48949, 647
15239, 261
33532, 814
25677, 708
53943, 838
48360, 777
52199, 508
58204, 734
43356, 896
17308, 302
19805, 483
31184, 69
26075, 233
60154, 565
71844, 546
51577, 86
26574, 504
39698, 327
30062, 30
13997, 225
19837, 97
70258, 833
36837, 980
76097, 993
38486, 285
9432, 611
47507, 189
52513, 528
27714, 419
32719, 247
19635, 570
5010, 686
46027, 505
24950, 269
38549, 737
39000, 72
58144, 455
4553, 754
41722, 172
53105, 727
52518, 869
76164, 759
28324, 666
15428, 825
35740, 480
75225, 968
73666, 568
9276, 478
28463, 238
43503, 586
59336, 25
33359, 567
54589, 994
69960, 79
22881, 634
17566, 261
22286, 543
66183, 995
60007, 489
42218, 354
47130, 859
1343, 649
54385, 244
44135, 227
77784, 200
37083, 737
76134, 431
63815, 234
671, 963
6415, 687
46455, 5
66923, 958
49834, 687
66050, 859
53096, 886
38448, 888
55626, 477
54343, 894
39683, 283
72807, 108
43851, 410
13875, 69
17771, 548
51881, 267
53878, 820
57187, 195
67912, 854
3453, 877
36395, 251
74370, 440
13380, 233
20734, 890
33754, 38
36192, 432
30516, 706
1427, 83
53323, 567
79767, 550
10002, 803
22309, 986
61545, 903
13903, 278
58423, 23
55251, 300
15310, 647
41336, 777
27493, 742
64485, 444
24153, 115
25906, 118
4991, 491
58167, 972
44901, 755
20096, 482
44030, 600
39226, 89
12896, 204
8359, 5
18234, 466
79713, 396
44397, 508
78399, 165
76930, 221
24570, 453
45812, 510
70955, 861
59608, 404
52479, 769
69845, 715
11581, 295
59446, 892
13107, 590
11970, 992
10682, 417
23049, 68
75031, 468
9034, 586
1591, 772
73009, 498
44673, 887
21288, 872
6049, 603
44287, 820
26880, 368
678, 758
69418, 616
61039, 57
43101, 798
63221, 158
16276, 931
38785, 537
15286, 423
31634, 98
28648, 409
34231, 181
8325, 511
26803, 469
58251, 60
41501, 615
74806, 432
75221, 239
17939, 642
58969, 203
7140, 253
54901, 530
66039, 852
1921, 754
75460, 485
71208, 562
43097, 800
71059, 83
2578, 80
74803, 867
24022, 168
61246, 195
62751, 969
72242, 121
48117, 752
35119, 520
15175, 39
45492, 274
14660, 577
38983, 17
14028, 664
69821, 614
9802, 436
45240, 510
48653, 797
58894, 961
65285, 814
43572, 914
6747, 735
39429, 744
7421, 16
48211, 904
41869, 653
52676, 936
66969, 517
47560, 518
49212, 741
69715, 376
47663, 165
31533, 889
33744, 830
23899, 335
61396, 556
20595, 105
3462, 753
34604, 295
34868, 666
60388, 990
14895, 257
72211, 792
26856, 413
21308, 838
36575, 932
23936, 334
6815, 529
2123, 61
31279, 718
15971, 146
60944, 822
17603, 705
59916, 239
27409, 52
4185, 338
38738, 94
5822, 408
32463, 740
2129, 473
33316, 102
515, 939
31917, 845
12598, 135
12956, 441
65168, 414
18306, 894
384, 896
17572, 75
10470, 69
9251, 4
60475, 482
40420, 929
35566, 777
38705, 329
78553, 356
143, 282
75884, 346
68704, 550
47074, 999
18511, 831
76939, 687
79178, 568
34592, 646
31662, 896
34621, 553
21180, 736
12624, 610
33229, 806
78192, 610
57817, 118
25583, 434
20955, 810
34958, 882
57362, 471
35228, 60
45592, 259
31469, 846
65641, 743
52668, 978
22463, 456
51810, 577
33408, 195
77737, 287
54186, 673
51600, 454
61933, 826
20781, 449
5279, 672
21811, 132
47966, 567
55050, 912
16964, 801
70489, 260
76655, 142
57959, 34
6050, 752
33557, 385
44209, 111
15360, 61
63257, 1000
45964, 86
30785, 97
75964, 506
65560, 239
49013, 216
58914, 829
43950, 253
3628, 467
60789, 288
60868, 728
59754, 978
79550, 633
42412, 773
13543, 27
28449, 455
52321, 811
66210, 294
19647, 128
25480, 595
50198, 888
33464, 90
1666, 905
15764, 622
33845, 560
36968, 264
74995, 113
52745, 860
49706, 574
59715, 284
25249, 714
9474, 948
6455, 570
48470, 75
17920, 552
19466, 717
45860, 558
15275, 160
47743, 918
40969, 847
79395, 444
31885, 697
39763, 809
39124, 465
37709, 821
14288, 994
9345, 205
77504, 649
10869, 539
55310, 565
60379, 202
8921, 147
45113, 113
44618, 592
10395, 832
38878, 508
44643, 691
68175, 728
43196, 630
32409, 651
19857, 695
62374, 376
22645, 887
61273, 810
37834, 340
53055, 819
24511, 3
3904, 951
72738, 699
43874, 506
33616, 10
11366, 462
35843, 178
6779, 649
51936, 530
63810, 928
28751, 1
53056, 150
10685, 384
68601, 288
70581, 45
53791, 215
27250, 594
77879, 852
70718, 565
77620, 645
54205, 366
61669, 235
6158, 175
8911, 361
78529, 691
39745, 591
6315, 541
39026, 888
47622, 393
60290, 476
24385, 801
37842, 235
62457, 87
62867, 17
785, 690
54809, 152
37568, 866
53865, 543
3806, 645
10670, 514
1350, 347
60898, 244
11854, 517
41944, 524
47837, 234
1220, 818
23149, 653
54441, 662
55624, 232
35172, 313
48975, 815
40310, 36
5585, 741
43243, 962
17586, 660
13964, 608
46418, 677
18901, 991
49099, 574
29407, 91
25956, 11
53706, 269
18015, 639
31808, 507
27749, 24
15601, 908
62965, 856
38750, 835
1771, 988
16250, 495
75105, 961
17200, 74
24314, 566
6802, 422
15389, 946
39387, 437
69333, 905
49005, 232
2025, 881
46973, 532
68166, 955
71567, 586
29746, 205
29302, 924
63086, 730
5663, 398
73496, 520
68988, 119
47668, 553
73572, 79
9060, 286
14437, 158
29038, 531
48177, 802
35079, 206
31572, 703
71504, 680
58784, 680
54445, 821
10319, 128
50840, 363
24009, 275
52261, 697
2166, 322
10940, 603
23030, 913
58305, 492
50314, 585
6275, 294
39364, 493
50266, 445
1612, 921
74973, 388
65253, 321
23915, 113
28111, 770
27676, 62
1225, 751
35484, 265
26240, 489
5038, 458
9445, 742
68341, 533
62124, 774
67306, 222
18174, 704
5766, 51
78637, 684
24937, 562
44623, 373
45952, 508
64335, 654
47833, 461
49705, 395
22414, 832
58256, 247
15734, 996
13211, 505
13011, 599
65418, 969
74159, 48
8281, 642
1758, 462
68755, 869
71805, 602
7624, 887
4792, 274
49196, 676
72592, 214
45028, 512
57559, 603
40055, 576
73212, 587
57933, 724
1075, 668
59840, 790
76283, 841
18000, 635
34465, 390
42956, 194
21313, 974
73423, 622
21181, 405
331, 665
73391, 294
50190, 329
4294, 801
25250, 518
58003, 657
48191, 698
3202, 64
34044, 962
70271, 295
70227, 478
51420, 980
18990, 886
49939, 982
8789, 978
35503, 190
16637, 784
51419, 408
68404, 461
15427, 434
37040, 387
201, 42
9069, 223
13206, 613
56959, 568
37529, 889
68036, 7
35530, 367
42945, 983
64305, 652
25600, 715
78584, 296
23217, 990
69478, 560
4370, 633
29043, 443
36532, 9
72481, 350
18573, 588
3131, 460
33150, 979
73094, 910
42037, 295
78117, 507
52500, 218
76997, 560
50161, 211
65774, 664
2035, 814
42699, 878
28986, 137
40804, 533
26980, 666
47561, 780
12074, 30
19508, 645
76104, 107
12536, 348
19662, 53
5775, 324
53833, 530
60058, 923
57610, 126
71825, 531
61634, 30
5657, 971
29709, 91
15050, 791
77186, 333
79238, 220
12433, 458
38400, 183
37910, 807
70213, 248
18671, 206
13652, 218
18583, 525
42846, 219
12741, 391
18292, 325
3768, 381
69142, 813
47526, 101
6446, 193
37969, 627
4739, 868
76176, 387
13411, 752
68260, 716
59126, 481
15507, 499
27474, 4
48434, 467
10459, 490
4117, 930
69790, 491
2955, 29
14574, 249
31517, 43
76986, 547
16985, 43
70744, 526
20201, 451
27256, 929
32610, 69
36408, 683
26508, 548
22360, 690
78407, 203
68997, 220
67392, 916
8259, 104
17053, 352
20611, 411
19860, 203
1377, 52
29243, 162
43827, 755
68702, 132
6425, 74
9498, 540
10813, 500
26772, 563
56002, 348
63235, 425
48066, 908
70385, 642
23406, 652
9601, 333
25095, 807
77004, 320
74930, 605
30112, 163
13852, 641
45315, 158
40249, 693
63873, 171
68403, 799
13529, 480
34552, 694
60664, 855
24883, 677
67790, 102
58731, 965
17364, 23
63175, 621
8442, 521
20950, 471
31916, 430
75247, 740
24873, 288
39272, 992
49093, 832
6336, 633
73408, 545
71877, 224
72442, 242
2594, 110
7880, 383
57316, 258
32767, 330
54612, 863
73923, 304
54520, 794
65580, 926
30498, 317
53278, 770
16058, 504
2898, 944
4773, 195
22336, 916
77471, 464
61706, 819
41736, 78
58570, 926
53271, 960
50462, 940
39007, 136
27830, 478
65568, 742
43237, 266
51142, 500
76983, 269
77456, 447
283, 414
26705, 851
71636, 975
8313, 170
180, 228
78634, 148
31643, 718
55227, 855
24661, 46
68621, 321
28411, 403
59719, 606
60515, 770
53803, 896
7870, 658
31102, 750
59140, 206
60070, 221
47742, 263
62073, 369
62959, 845
1630, 297
4385, 15
70047, 917
67547, 544
72685, 869
1043, 463
73134, 825
17685, 446
32555, 95
67926, 144
44833, 210
47616, 954
18817, 80
66996, 936
17970, 447
24146, 635
8132, 919
11514, 73
59802, 341
71574, 549
58697, 631
75793, 517
27705, 201
39590, 869
50900, 357
25927, 323
22575, 585
796, 204
67412, 175
10635, 750
44734, 240
74881, 686
69012, 54
75067, 863
50352, 488
18670, 590
62208, 744
52244, 153
67028, 874
3817, 484
53617, 903
28951, 107
11270, 353
14095, 422
78611, 54
29186, 530
29046, 924
43192, 656
70789, 229
3934, 534
55469, 123
44118, 542
58717, 192
34557, 362
3516, 466
6341, 546
22813, 801
19749, 185
61664, 199
46116, 699
60863, 898
73259, 359
67971, 307
49880, 772
7203, 922
7500, 142
61743, 362
50874, 405
52417, 166
38850, 513
24082, 180
76989, 101
78700, 740
5177, 9
32753, 244
40636, 429
57516, 193
65484, 94
21908, 194
38459, 752
63825, 476
30766, 102
25371, 171
38265, 506
129, 418
6716, 885
69318, 156
31508, 921
70039, 439
48690, 524
28333, 405
63201, 85
25444, 448
62768, 568
59845, 1000
37618, 798
38283, 113
7068, 919
74739, 52
33270, 686
73650, 291
65589, 528
38015, 27
42554, 754
74210, 214
17726, 620
77182, 284
48976, 625
52470, 929
10769, 42
60107, 786
27879, 793
62549, 431
54106, 642
21840, 281
4, 559
50304, 938
75323, 584
17917, 19
23224, 257
47190, 335
35141, 334
66355, 991
7360, 802
51114, 633
74008, 936
48963, 676
33884, 343
24908, 227
45125, 386
51748, 847
43649, 439
22196, 284
7026, 680
15546, 833
47247, 44
48308, 110
61637, 836
18379, 971
53539, 32
6265, 442
41347, 283
49401, 889
62170, 654
66986, 452
29202, 467
30935, 19
69492, 861
76940, 924
29223, 717
4608, 941
35952, 557
29381, 460
25923, 679
9484, 364
2605, 922
31668, 476
15653, 252
74278, 624
61962, 515
3290, 442
3319, 920
17031, 384
25028, 508
51741, 1000
15959, 266
68276, 210
23458, 110
68539, 794
50965, 207
14183, 832
70089, 717
58541, 659
79232, 14
31498, 626
75704, 354
1776, 72
63608, 487
63037, 781
68938, 204
65709, 236
15859, 827
28599, 734
2009, 30
44565, 843
5677, 69
11372, 441
41128, 563
44013, 542
14318, 327
79136, 802
3059, 101
52092, 319
28644, 22
7721, 814
750, 843
38447, 832
9513, 813
2918, 442
3479, 233
45949, 13
79774, 943
4267, 962
25398, 377
53230, 460
73361, 927
40231, 52
36665, 712
49012, 881
15159, 533
62803, 259
16665, 166
45689, 12
28327, 217
30560, 675
8061, 92
39245, 950
36317, 672
8411, 226
38477, 684
69864, 86
32945, 524
34293, 361
52631, 358
47509, 269
35184, 587
52512, 374
820, 703
39357, 661
57093, 398
33302, 268
18870, 962
57137, 895
24279, 374
53485, 486
9787, 22
42712, 531
66300, 261
70869, 417
57371, 689
71539, 638
44340, 90
61456, 977
10414, 218
2033, 872
59017, 743
30690, 441
57010, 630
33540, 38
4201, 780
6330, 498
42468, 873
60787, 903
70896, 966
47206, 383
73685, 752
26373, 611
58219, 691
28420, 74
59058, 449
46572, 846
56218, 390
8958, 832
79212, 520
72472, 149
23651, 18
69212, 360
23097, 972
4316, 984
5762, 285
56144, 106
79351, 723
6433, 694
71020, 299
22125, 957
10633, 613
63185, 916
42409, 488
51366, 642
58447, 472
12542, 806
73663, 76
40272, 861
76060, 237
34220, 740
22087, 531
6859, 354
66083, 688
39494, 251
37921, 275
5885, 753
38473, 285
60480, 230
59829, 384
1047, 206
17355, 873
42332, 136
13339, 255
61656, 838
64035, 706
37381, 467
76182, 21
61944, 233
23560, 249
23166, 244
51792, 161
6513, 320
35060, 972
62618, 257
23509, 88
25955, 80
4791, 184
11890, 267
43506, 900
48071, 480
19248, 780
22120, 623
17619, 655
333, 219
14255, 573
58841, 473
44037, 668
37652, 544
52804, 986
47956, 669
39734, 527
3017, 398
6548, 658
13439, 60
33914, 382
57844, 472
51435, 958
68226, 117
66508, 783
61841, 310
55952, 852
31072, 662
48428, 865
74220, 219
36245, 225
27941, 229
59599, 204
26900, 228
55932, 274
65823, 822
31000, 773
53399, 295
65313, 286
16046, 529
25932, 260
33779, 588
38225, 494
58733, 147
14123, 913
39667, 883
33743, 903
73720, 766
8598, 991
11577, 872
37604, 252
62810, 510
1635, 354
75671, 113
41013, 92
14956, 549
57841, 373
19301, 311
33670, 117
72612, 639
53852, 987
6481, 900
54633, 940
31687, 911
17089, 518
7844, 486
19956, 721
60037, 243
29646, 552
13981, 335
7501, 438
49481, 450
3472, 828
29136, 4
1285, 6
19709, 318
78327, 121
31403, 32
247, 755
73968, 339
18634, 703
47827, 966
62893, 972
61550, 184
41147, 986
20502, 442
49067, 315
5198, 861
32298, 681
36232, 347
73122, 838
59875, 983
75622, 494
68974, 848
58300, 457
55084, 657
61289, 469
68563, 451
57867, 445
11894, 895
23312, 807
78220, 400
46814, 432
1298, 386
38047, 594
66175, 206
79914, 138
64313, 349
11227, 589
71196, 23
10276, 570
14845, 223
7086, 146
53797, 742
66099, 871
42611, 901
48689, 542
42492, 169
49002, 140
76739, 430
43514, 557
59309, 991
69240, 276
32987, 144
72777, 11
29120, 170
8319, 492
67317, 512
65441, 787
38671, 122
6266, 104
75679, 46
38708, 967
39987, 381
64192, 631
49299, 558
35934, 818
40530, 69
26759, 124
56503, 987
36385, 533
13862, 984
4720, 218
4375, 731
47315, 296
41475, 194
1693, 210
28035, 589
59587, 148
69516, 840
59417, 187
74885, 585
35403, 404
63521, 743
17147, 109
21388, 690
18591, 552
26339, 746
37363, 332
40459, 60
4246, 957
45901, 696
14889, 299
2965, 554
55643, 118
21038, 940
49960, 910
64881, 668
65692, 783
68415, 928
41599, 141
41266, 352
76993, 292
75367, 539
46927, 936
52943, 659
15318, 149
67554, 454
10005, 930
41306, 562
78608, 853
63615, 496
42203, 647
36476, 665
50925, 385
47685, 244
76679, 544
51312, 772
1753, 786
4920, 748
39383, 370
68452, 106
10147, 18
10518, 561
41801, 363
33350, 655
26986, 738
41688, 566
34089, 778
70417, 695
3592, 795
8116, 315
181, 102
44369, 686
13425, 336
37017, 679
10030, 474
16610, 819
59032, 256
41020, 113
12915, 230
74253, 714
11308, 559
6657, 809
26227, 818
66820, 759
57197, 213
21406, 388
28146, 199
70663, 451
67443, 508
2232, 918
79884, 40
51243, 671
23474, 769
24029, 245
67531, 45
38763, 698
66648, 222
36041, 47
30924, 790
66001, 835
2117, 446
45545, 162
36559, 599
40120, 76
36417, 317
59221, 423
76638, 749
16673, 766
55953, 662
26489, 223
33313, 465
47729, 586
10302, 891
18189, 685
59940, 569
61087, 437
32804, 97
68106, 676
49915, 903
67453, 109
35086, 963
38433, 823
61196, 680
67302, 581
11813, 764
60302, 2
55627, 626
60695, 414
9335, 829
41427, 471
8776, 398
51434, 768
7225, 824
41256, 335
15610, 485
28004, 728
48330, 543
68993, 828
32002, 720
60436, 273
72505, 963
49216, 178
56600, 988
36115, 98
51293, 801
77390, 390
78973, 348
43163, 17
70315, 532
71226, 334
104, 479
52093, 302
11672, 255
44069, 533
24596, 136
27387, 87
8458, 847
46961, 486
70748, 264
47050, 119
54571, 530
41788, 487
25306, 571
65631, 450
73410, 834
63269, 893
34349, 30
77549, 752
31544, 916
73231, 774
67346, 186
32867, 128
64016, 247
38684, 158
8264, 620
22549, 757
74505, 426
31434, 960
9256, 968
42156, 299
40756, 772
14970, 993
45149, 699
44004, 905
16792, 885
23170, 480
69134, 896
22096, 982
36389, 883
10299, 281
55265, 655
9607, 773
78191, 365
68142, 781
934, 910
36130, 55
37677, 341
30981, 561
71777, 976
11034, 584
77739, 792
46599, 711
3123, 787
59717, 335
61147, 159
74685, 684
45587, 866
5419, 445
12738, 561
60663, 257
71062, 23
37737, 95
28848, 887
598, 474
50119, 9
44812, 173
28806, 264
29151, 862
1143, 279
22215, 274
34375, 761
77659, 435
28564, 902
4305, 451
3191, 86
73714, 128
22676, 591
74238, 240
30410, 564
63140, 263
71221, 533
4534, 35
16601, 649
70864, 116
55874, 1000
78471, 173
25142, 570
79523, 1
40121, 962
20597, 430
29148, 595
65499, 180
37918, 272
65115, 172
37511, 649
17281, 534
27696, 121
72878, 8
43118, 204
1169, 441
53624, 920
28608, 724
54652, 395
78862, 865
20532, 845
51518, 342
4378, 309
67806, 76
37347, 363
72054, 938
3130, 678
4495, 322
13966, 119
45720, 300
25255, 623
37124, 36
68644, 875
7776, 879
9848, 431
75102, 290
30543, 87
64413, 560
298, 896
37101, 452
44119, 987
2818, 98
19341, 172
6948, 860
42843, 426
3367, 366
36107, 165
37390, 543
10025, 288
23040, 832
69211, 983
46815, 213
49268, 269
22727, 487
12011, 302
5860, 0
14340, 817
63594, 297
50180, 152
15909, 257
60800, 627
67500, 686
39268, 974
59235, 813
46772, 834
48721, 960
1520, 925
56397, 863
64074, 894
2828, 595
24026, 163
78301, 834
24237, 808
27628, 872
21683, 805
78638, 538
12209, 783
72084, 641
35859, 736
46610, 527
25681, 960
65281, 853
1626, 955
8337, 56
77553, 694
4790, 570
21398, 256
22275, 308
75112, 381
76737, 689
17675, 740
4104, 520
70285, 357
54516, 349
40302, 411
40301, 86
6108, 78
73995, 410
23403, 521
78509, 291
41955, 505
23929, 880
53236, 19
54894, 382
47951, 216
51626, 763
49512, 179
33826, 382
43668, 997
62477, 282
58168, 690
50015, 847
40007, 821
16419, 255
488, 820
35250, 368
44574, 315
6602, 125
21334, 221
67999, 972
15124, 587
30102, 552
14115, 953
34240, 756
13157, 407
28299, 94
15677, 244
47801, 328
53649, 706
654, 706
8886, 978
5371, 750
40956, 721
59983, 137
41687, 740
67904, 249
12898, 2
68864, 54
35231, 952
30073, 343
61622, 871
2448, 917
76907, 662
3051, 987
4998, 125
35764, 255
45821, 317
28353, 323
39353, 331
51844, 66
66609, 434
698, 527
34370, 543
4075, 220
20890, 857
57767, 748
52726, 495
53915, 307
39637, 698
68527, 305
15166, 597
58682, 69
67604, 544
63895, 613
63789, 342
50601, 209
43862, 990
42521, 354
68006, 590
36134, 720
72731, 66
26846, 831
58403, 887
36766, 487
1088, 470
30570, 205
886, 435
55149, 612
56976, 740
34508, 286
67400, 882
47766, 159
45329, 521
50396, 72
67521, 399
39136, 98
7670, 746
68617, 5
67810, 131
22154, 20
7820, 654
31685, 820
78438, 263
27439, 471
28762, 289
2310, 978
64875, 848
73716, 47
78723, 91
68512, 180
77468, 447
78032, 537
33233, 962
76506, 657
55842, 261
52002, 319
3410, 530
51809, 113
18152, 418
44301, 242
2776, 137
41077, 499
37020, 48
49600, 281
46829, 969
29796, 211
20436, 472
48722, 278
36690, 465
46813, 437
22209, 976
58396, 852
57749, 386
16596, 238
31346, 261
14656, 362
61674, 244
52685, 79
33619, 453
75828, 987
30165, 757
22994, 510
26692, 146
33426, 708
48544, 361
69933, 359
31208, 627
7016, 382
54819, 974
46953, 360
51833, 316
34975, 134
32349, 317
8837, 720
62715, 650
1312, 957
5320, 449
56580, 906
57907, 591
48447, 395
48320, 620
294, 151
45851, 423
16861, 591
78417, 557
2385, 754
39509, 519
74946, 679
45096, 259
34891, 818
15983, 578
54294, 210
56565, 354
50227, 955
47273, 570
34546, 240
25607, 13
33318, 348
35350, 879
70051, 965
52815, 524
49845, 155
27004, 946
22220, 965
63438, 905
73246, 786
8875, 712
52852, 823
29688, 557
49482, 149
35261, 219
28063, 36
43972, 366
25954, 653
56841, 76
19345, 87
60715, 487
54794, 329
936, 271
14669, 898
41595, 206
11310, 85
28964, 587
17822, 281
34700, 642
6545, 157
7864, 970
28352, 830
51882, 220
74660, 758
45725, 855
50875, 266
66722, 95
38117, 479
72204, 492
32310, 685
43189, 756
37964, 54
42682, 199
75604, 841
46805, 213
1447, 501
10290, 866
49793, 537
56951, 355
38017, 176
30248, 274
63970, 95
46981, 883
43641, 756
26469, 122
73908, 183
77819, 450
45490, 381
28861, 315
36443, 615
46956, 32
53881, 326
43558, 433
75277, 716
12031, 982
8412, 125
53285, 600
49500, 72
45776, 458
32595, 670
33012, 448
33217, 467
31567, 274
64267, 18
78299, 81
69316, 141
16265, 795
72825, 554
27723, 936
45551, 243
9540, 260
18659, 90
78294, 768
7277, 958
20472, 640
73894, 124
38787, 987
19691, 448
14165, 173
43379, 927
64019, 70
58710, 2
61683, 330
10658, 969
9749, 97
21938, 87
47721, 908
38190, 182
11510, 102
27980, 810
7639, 304
53583, 834
59917, 414
42265, 229
5107, 363
20873, 839
78969, 740
5831, 180
4914, 328
15847, 992
57646, 353
69623, 719
64575, 41
8981, 961
34407, 309
62856, 395
23263, 249
11604, 87
11707, 352
15147, 144
62058, 790
60872, 879
35128, 364
29734, 618
22241, 261
79636, 889
68005, 729
1121, 148
51119, 575
69626, 327
31174, 613
56650, 757
19310, 983
47392, 641
22011, 296
42256, 637
35434, 2
54791, 398
3350, 554
55405, 583
11589, 439
4505, 5
61008, 409
55415, 807
20147, 948
15128, 549
24867, 328
23574, 774
57149, 386
47323, 68
707, 76
75968, 150
42962, 996
17786, 794
44875, 654
64282, 484
1879, 408
44284, 455
77544, 407
75908, 583
25837, 110
40685, 154
56020, 533
12285, 309
39837, 231
3527, 326
56407, 108
73534, 367
44882, 874
77537, 456
35165, 585
4329, 32
37131, 203
39024, 879
60416, 496
39470, 34
31059, 722
44112, 17
44555, 256
7654, 779
9791, 850
14166, 847
4558, 326
32004, 885
77555, 45
66706, 687
53505, 394
12371, 739
36496, 544
11844, 601
14867, 783
78049, 90
52474, 136
45922, 926
68116, 264
15816, 239
15494, 178
33548, 156
68358, 700
32969, 49
79038, 741
37003, 229
13069, 626
77174, 859
10684, 822
65005, 191
31841, 319
11902, 739
8449, 129
28194, 726
25960, 464
17141, 743
37294, 364
32520, 707
55862, 637
10016, 248
955, 682
1833, 243
33820, 191
14713, 900
43762, 562
16110, 556
9582, 879
67242, 319
1473, 91
66493, 96
45399, 151
39740, 434
4067, 609
61154, 963
45790, 763
1129, 328
36215, 596
76479, 397
24357, 416
47373, 768
79606, 149
41723, 559
62701, 157
13197, 943
79113, 487
54419, 697
1009, 268
33486, 374
68180, 775
68439, 26
9566, 854
77961, 360
77860, 676
28799, 548
61816, 179
39718, 598
37468, 16
20039, 585
49351, 24
50731, 462
51292, 377
73980, 525
39162, 272
76025, 633
41085, 697
6570, 405
28633, 296
73803, 326
8484, 247
31879, 509
63927, 693
43179, 581
12201, 169
66072, 425
71382, 658
13265, 684
78026, 607
65153, 683
49468, 718
70875, 705
73319, 850
52586, 218
39905, 132
56581, 616
7268, 81
26274, 674
22738, 170
70071, 317
312, 112
78400, 46
75899, 390
55957, 399
12578, 744
77907, 531
47462, 386
14187, 483
44920, 803
30199, 176
54830, 934
2646, 446
49652, 999
54802, 576
52678, 342
73794, 442
66136, 312
33822, 533
28131, 308
40300, 8
40613, 853
13373, 41
8436, 808
35551, 675
32080, 481
42694, 256
19668, 789
41844, 893
15189, 448
2919, 570
76601, 918
6683, 184
67304, 182
37547, 330
6495, 514
72862, 817
26451, 904
78039, 834
31984, 720
71436, 687
1537, 882
28252, 3
44362, 824
19445, 41
77832, 174
12389, 541
62650, 516
72222, 933
7341, 342
32594, 923
56588, 638
49897, 184
53088, 80
47340, 854
68280, 265
28382, 338
53978, 482
17138, 414
70765, 393
56139, 287
20035, 408
23875, 643
64603, 914
1194, 176
67464, 745
48597, 865
13725, 980
7250, 825
6858, 122
8212, 614
20820, 240
62689, 859
50069, 811
46182, 707
77833, 278
44843, 216
63728, 389
53370, 11
745, 43
62281, 954
7244, 471
76224, 934
53619, 284
31336, 958
15049, 435
36482, 135
3037, 764
11633, 602
30357, 58
6719, 265
54222, 410
29618, 908
69140, 557
72629, 968
35330, 119
41740, 119
66941, 178
56221, 165
40833, 209
37879, 73
70464, 426
68185, 720
43768, 589
72663, 724
79965, 121
76803, 406
73577, 389
5350, 818
9380, 14
32661, 792
77839, 225
30325, 789
57438, 303
51467, 735
52438, 249
32859, 353
67736, 85
77911, 566
72650, 445
43209, 484
12925, 803
37049, 474
38320, 618
61974, 609
13717, 41
5804, 77
11697, 174
12663, 16
40607, 45
74687, 787
34067, 995
29774, 698
44017, 124
39373, 399
67157, 880
73088, 125
8522, 1000
62998, 989
65340, 617
69589, 708
69176, 974
726, 87
60849, 834
37950, 833
49473, 567
19929, 527
9176, 319
47799, 616
77317, 487
43438, 758
66490, 394
74715, 650
72042, 965
3195, 946
29415, 630
62866, 728
74519, 769
34788, 379
29069, 719
45656, 658
26802, 772
40405, 579
38089, 171
18592, 314
59044, 287
79754, 626
77923, 698
56321, 491
1814, 759
33450, 436
55565, 732
47934, 230
49651, 684
68717, 831
15150, 583
69718, 598
71347, 914
19643, 75
4103, 175
8553, 999
71087, 588
16744, 252
4595, 166
1133, 349
71506, 450
70780, 944
37348, 903
6848, 351
56963, 461
50023, 269
71553, 71
9095, 275
78892, 437
30864, 221
39679, 945
47885, 21
50439, 273
36891, 776
13822, 570
45327, 687
11578, 366
1489, 762
3880, 608
7462, 682
1861, 587
10332, 824
26526, 924
23539, 976
11361, 380
21046, 445
21348, 14
52109, 711
79624, 626
2561, 523
72347, 792
61100, 210
40128, 289
76246, 28
76456, 199
44957, 309
34543, 542
67515, 282
32982, 755
64104, 685
32164, 569
77708, 428
6865, 829
21024, 931
48408, 463
22370, 156
60336, 762
60307, 370
24518, 446
40244, 811
55670, 695
8104, 165
63220, 676
6493, 861
39337, 984
11199, 707
48537, 399
38324, 998
63349, 935
35118, 235
66415, 124
55977, 976
69362, 239
37281, 980
9523, 435
15892, 531
51896, 182
15288, 653
51121, 516
6775, 146
23082, 295
66398, 288
30207, 767
57258, 475
4062, 708
62224, 899
57463, 995
2607, 269
56948, 478
11428, 842
60033, 11
13436, 460
14025, 808
75369, 471
20619, 436
7938, 870
62328, 892
17400, 913
5283, 56
71005, 188
70773, 75
53063, 540
49774, 367
12964, 944
11619, 952
21199, 43
70898, 491
68361, 875
21154, 29
46928, 444
50157, 645
37514, 522
24002, 160
31496, 660
18748, 339
70574, 674
76878, 508
26244, 3
21699, 29
20904, 284
77798, 132
45528, 48
63470, 733
54030, 884
11940, 545
55176, 403
58248, 643
41395, 979
5127, 190
69751, 828
43788, 92
47857, 978
3136, 947
78177, 603
2710, 660
76942, 166
10824, 104
41234, 848
39562, 927
28400, 518
40866, 552
72318, 491
34765, 951
15154, 266
29171, 496
43440, 226
31607, 459
56908, 691
1326, 793
20504, 66
51684, 284
70601, 565
4215, 607
12298, 522
18054, 935
12211, 823
52329, 138
68738, 41
62085, 92
12465, 980
17592, 420
35374, 804
29937, 905
71085, 154
51710, 367
862, 93
52057, 330
61054, 371
70060, 24
63915, 540
16534, 394
71630, 481
27508, 871
2043, 352
11759, 5
2149, 106
15880, 446
3867, 1000
27051, 217
76354, 701
36672, 166
47338, 188
3974, 228
61628, 613
14776, 523
1084, 909
13087, 331
56705, 845
20554, 391
7985, 890
18854, 341
28987, 123
36095, 332
49978, 306
23612, 751
8451, 805
5470, 260
11627, 483
86, 730
58708, 156
3700, 303
69187, 795
57634, 937
74997, 349
40680, 210
19733, 535
40140, 877
66154, 25
61704, 365
50799, 633
40124, 97
69101, 439
11378, 76
25649, 156
13021, 831
26989, 655
51229, 384
26173, 499
71875, 764
2650, 284
52681, 420
33504, 993
3765, 497
31369, 802
13844, 351
8952, 916
45834, 72
52700, 845
68151, 859
6656, 199
14671, 499
18049, 582
25428, 739
3404, 459
43063, 721
70736, 475
62131, 370
7216, 827
400, 921
64079, 144
54935, 811
26302, 161
17530, 972
47471, 206
19285, 335
41030, 37
77139, 873
31027, 850
6797, 755
35348, 433
77066, 260
16862, 308
53421, 708
72667, 877
19142, 425
4996, 865
24109, 907
18246, 592
5356, 703
47719, 958
71633, 499
29180, 416
78803, 35
71452, 374
68268, 543
5787, 233
78531, 103
47230, 570
1330, 253
2713, 761
2841, 513
40848, 248
50018, 286
11502, 472
79140, 369
77056, 865
64383, 804
35519, 642
58405, 160
26788, 491
19735, 79
65928, 968
39291, 970
68023, 851
13651, 46
21939, 554
75618, 751
11479, 356
36438, 632
44761, 409
3546, 868
66476, 391
71640, 623
29753, 54
76910, 759
55189, 456
5451, 455
23982, 193
67980, 562
8486, 850
51560, 808
21160, 88
27939, 319
11342, 849
67706, 764
13947, 298
29534, 208
60396, 46
50170, 974
59902, 0
73900, 465
60067, 334
21213, 71
46565, 473
57333, 967
13379, 201
29908, 865
30620, 44
9638, 385
77752, 932
11093, 838
35930, 559
72593, 178
3749, 221
77895, 979
51093, 517
46731, 643
28836, 886
33710, 366
53147, 268
75152, 968
22131, 359
57620, 616
13451, 572
78066, 499
67577, 860
60438, 216
69366, 285
62344, 329
21703, 7
78868, 382
26185, 891
39481, 904
48770, 331
64217, 592
74329, 965
36318, 447
70816, 423
58627, 103
14742, 589
31210, 529
19034, 763
68304, 574
74626, 79
19576, 437
60424, 559
29015, 421
44011, 486
17794, 624
66086, 712
35880, 429
42864, 766
323, 109
74273, 970
1155, 832
50740, 194
29861, 233
44763, 860
11110, 503
34984, 398
58738, 962
3654, 977
24747, 406
22862, 366
79531, 85
42246, 569
24304, 30
35216, 778
33339, 1000
44031, 139
36845, 338
60531, 173
20402, 139
12320, 896
54169, 94
35404, 390
77622, 36
74447, 76
42382, 851
49781, 593
12493, 722
9517, 386
9648, 213
63946, 843
69829, 168
13527, 793
64887, 657
27501, 947
68774, 523
30784, 889
35728, 275
64480, 511
27611, 195
18664, 541
13471, 526
73845, 905
18055, 115
13614, 331
24316, 454
33546, 892
14094, 398
34383, 274
33957, 984
64159, 799
42191, 934
42673, 835
68573, 125
68481, 557
72290, 825
17241, 481
30067, 62
27712, 484
61494, 449
34558, 760
68212, 286
41624, 38
76406, 718
5241, 564
22498, 191
26119, 570
48665, 858
67376, 389
9931, 68
5091, 83
76890, 836
36481, 322
60816, 797
52751, 53
31680, 178
54275, 363
61619, 875
61471, 668
76290, 542
6027, 578
24516, 764
45968, 680
12381, 444
49194, 222
76727, 335
46329, 699
11501, 241
32370, 574
31289, 901
13880, 22
15071, 340
14204, 675
49901, 893
74138, 268
72402, 983
7780, 786
39166, 313
75646, 286
9739, 490
34408, 261
25161, 684
461, 954
18268, 286
5702, 506
8288, 377
4436, 50
74186, 955
69327, 279
56270, 302
43728, 314
66890, 985
51408, 571
53968, 507
34980, 47
52767, 169
44604, 161
30423, 864
54683, 373
30424, 442
79415, 924
68340, 44
76023, 347
35998, 484
75092, 846
2131, 16
21179, 300
51294, 580
53402, 525
38270, 534
7857, 803
22712, 959
31526, 811
72148, 865
27759, 341
61608, 866
14059, 575
11249, 0
23652, 880
45848, 881
68584, 689
55327, 425
6935, 156
19903, 406
17286, 602
5457, 616
50991, 346
23321, 424
43632, 952
64779, 322
17464, 195
29882, 916
63647, 928
41290, 281
6529, 82
36085, 461
62994, 448
79021, 581
60577, 16
36167, 48
77466, 148
13786, 413
33085, 835
23840, 354
55345, 537
29232, 561
48870, 315
67819, 289
13116, 312
54607, 710
13781, 537
50339, 683
69110, 597
58540, 668
19272, 634
41224, 409
4014, 319
71985, 333
50789, 299
69561, 280
51291, 557
31409, 1000
73252, 689
2654, 334
405, 754
50910, 970
65100, 66
3859, 612
10130, 322
25135, 982
68922, 678
17179, 50
13460, 584
69690, 140
68208, 319
48004, 731
13674, 870
75799, 931
14758, 59
51920, 923
23328, 326
19737, 917
17973, 766
74434, 374
25358, 415
10272, 662
19884, 830
14665, 246
54893, 668
79286, 2
55730, 585
17193, 364
1516, 80
3950, 186
23334, 963
4576, 760
32947, 189
51251, 43
6464, 152
66403, 357
20380, 771
79617, 85
58374, 663
16565, 907
49370, 324
54981, 686
26407, 466
18420, 225
43349, 641
28779, 865
66559, 137
76674, 524
8005, 999
70017, 873
36556, 261
51794, 725
44785, 542
6882, 716
19987, 414
69757, 302
75359, 422
66649, 280
61732, 154
49170, 264
24805, 878
21030, 848
15072, 33
51879, 647
56727, 1
41430, 541
67758, 940
63919, 83
11742, 231
60783, 702
68638, 196
47646, 323
37815, 366
543, 391
71328, 705
13029, 469
5633, 143
6833, 199
22113, 226
4799, 508
288, 802
67538, 136
72453, 998
73177, 265
18076, 250
10526, 404
75931, 437
52993, 141
26841, 126
76365, 662
2853, 180
37389, 388
43621, 177
53442, 688
52037, 978
78003, 633
11871, 309
39830, 74
21647, 775
45747, 993
30558, 73
74568, 847
62551, 886
30017, 932
33543, 595
72158, 434
46647, 214
65822, 851
57420, 602
11984, 978
54887, 121
78745, 679
51207, 241
9581, 639
79733, 696
70145, 341
52033, 535
37764, 714
67427, 325
68202, 927
22295, 416
3542, 8
76373, 844
8258, 164
64918, 404
75167, 353
62215, 305
46537, 954
15818, 535
69019, 95
5658, 957
23937, 517
36912, 657
10969, 273
284, 717
32446, 752
3755, 869
17398, 568
14651, 652
26186, 575
62926, 906
13288, 711
19661, 464
3927, 760
60750, 387
69149, 352
3496, 291
31754, 529
7621, 798
52106, 368
66947, 828
76011, 6
7893, 432
19645, 966
59348, 810
30614, 782
50084, 179
62635, 959
25167, 586
55937, 764
58163, 132
55949, 159
25471, 327
15397, 906
3564, 950
16434, 674
58542, 526
53922, 929
38467, 405
793, 385
76356, 691
42284, 342
26889, 876
1348, 857
64699, 808
44006, 602
8630, 78
24972, 621
13002, 207
46083, 956
37208, 365
69032, 562
29584, 134
4607, 119
40107, 674
24823, 72
4192, 964
52739, 450
28730, 789
42619, 94
59573, 32
65479, 137
51480, 120
53276, 396
19208, 682
9650, 164
64856, 378
14179, 951
59151, 528
27303, 529
67240, 189
25785, 318
361, 218
49403, 609
45714, 0
72488, 870
73238, 25
71941, 445
26635, 512
27200, 625
63496, 405
36592, 243
7788, 500
19349, 168
14989, 488
51629, 393
41774, 673
26153, 653
40971, 729
11273, 405
2491, 185
41780, 24
6916, 237
11114, 10
16462, 78
26312, 981
27464, 89
56098, 59
74189, 302
49420, 741
47874, 791
53188, 9
64172, 300
15942, 371
65322, 136
54331, 916
9644, 227
63610, 621
70349, 899
30591, 451
73860, 920
43974, 593
7190, 799
15616, 831
32443, 923
12472, 794
35246, 40
41138, 878
26090, 260
26479, 661
73469, 482
18649, 430
53286, 783
70010, 17
8241, 377
52043, 240
12026, 889
41818, 250
72046, 839
47134, 908
20167, 9
10281, 360
17911, 758
9062, 746
27785, 586
14617, 390
46485, 92
27832, 500
17578, 906
69396, 715
7419, 796
64263, 170
43978, 566
71151, 384
1086, 51
8540, 649
30439, 491
13670, 255
40531, 266
19867, 747
34239, 567
15689, 832
41515, 879
59051, 807
77903, 397
31803, 16
65326, 540
55790, 338
68330, 730
9144, 58
21340, 703
221, 256
72408, 458
21222, 858
30087, 991
13010, 976
31404, 724
50978, 324
28138, 955
27596, 684
28148, 847
58652, 492
56943, 200
47518, 811
8237, 807
10193, 168
548, 573
17074, 653
7512, 996
6329, 308
22225, 813
56171, 832
6942, 285
61740, 798
74798, 261
73271, 838
73782, 39
41888, 702
38147, 869
60960, 941
4906, 343
62192, 893
7351, 993
64838, 468
41790, 800
47182, 228
28706, 429
53395, 859
64584, 688
14670, 698
52758, 599
71188, 281
38, 996
70791, 444
71011, 237
21150, 970
27786, 771
36851, 955
20065, 255
18758, 822
38626, 950
10881, 448
60138, 912
53510, 617
20733, 937
13578, 239
73456, 779
20026, 112
64448, 385
48977, 695
50122, 945
17044, 341
15224, 34
30783, 812
48050, 710
7106, 931
4423, 851
55177, 200
39632, 598
59879, 205
75833, 487
61748, 607
27970, 652
63461, 393
2687, 27
75973, 325
10555, 148
47545, 634
45093, 412
64706, 856
36527, 267
38637, 421
23990, 4
10026, 373
54630, 648
2357, 715
74483, 812
28220, 938
7137, 267
57287, 981
65884, 309
16981, 827
31519, 405
69283, 752
66363, 879
18609, 188
20303, 868
13865, 259
41590, 892
70561, 444
47522, 404
69963, 958
36480, 224
57764, 255
26160, 692
50088, 880
30687, 749
14767, 568
42178, 498
7547, 713
27158, 721
50303, 294
35662, 465
3226, 474
11985, 8
19975, 993
73395, 747
61174, 922
51722, 766
10129, 985
20879, 843
7125, 78
20106, 350
44237, 927
36426, 796
44084, 512
518, 309
31948, 760
57765, 226
63042, 886
69421, 72
63178, 104
18454, 660
14269, 972
8013, 770
75269, 417
22206, 839
29929, 891
55132, 696
64871, 606
60386, 285
10280, 975
52155, 512
1181, 532
63136, 248
1291, 558
12338, 473
25463, 154
11603, 316
43106, 894
18388, 951
22853, 105
75414, 99
2574, 64
23877, 509
66294, 502
12937, 515
35840, 616
79522, 261
13370, 842
22410, 28
75509, 1
36185, 270
50196, 265
7049, 236
61618, 765
61428, 558
1200, 445
7678, 430
50583, 594
53862, 539
12739, 20
71585, 834
2359, 904
43393, 640
36221, 935
11652, 233
61450, 213
1397, 375
6256, 709
45530, 48
60749, 474
46713, 613
39665, 71
58479, 117
36608, 356
42215, 391
41824, 3
3835, 72
52649, 447
52497, 503
16350, 321
62391, 793
75417, 820
33974, 26
63657, 483
36144, 648
72272, 446
66213, 853
17558, 322
5271, 285
43296, 922
48827, 146
3978, 924
13823, 578
32716, 49
12147, 781
69971, 442
53769, 519
36536, 326
49451, 823
7112, 183
47314, 751
59243, 365
27601, 766
33230, 490
79500, 722
13537, 660
29263, 126
72049, 144
47375, 95
61573, 311
36769, 360
74317, 189
54037, 463
75287, 843
74471, 815
58164, 521
43460, 523
59162, 841
43020, 950
45196, 812
36909, 502
58270, 88
65366, 579
18524, 841
25691, 600
39531, 678
25876, 650
66025, 834
40616, 216
56189, 12
47673, 389
25330, 312
48805, 139
65297, 191
5074, 726
54391, 340
6058, 753
12586, 704
57897, 711
49486, 53
8572, 855
25327, 373
32141, 197
9038, 279
37891, 790
63626, 800
59676, 39
78565, 879
23288, 873
14652, 636
983, 444
52202, 784
71655, 866
10865, 334
61055, 303
36280, 30
50182, 565
28196, 914
75623, 523
31134, 729
35561, 182
30028, 412
35567, 311
47699, 831
50382, 250
32030, 230
897, 632
21735, 646
16998, 264
45931, 974
14901, 76
27916, 330
32229, 941
24024, 249
26446, 940
69520, 731
48612, 737
72795, 504
31180, 37
41792, 998
52389, 554
68853, 909
55434, 760
302, 474
78951, 968
7853, 923
37699, 244
673, 697
23487, 786
27074, 539
41729, 711
70427, 318
5660, 229
37905, 952
65607, 759
57053, 151
7922, 501
73631, 152
47112, 662
77695, 797
14592, 797
10004, 509
72896, 878
51384, 576
34197, 856
14439, 150
77901, 77
39993, 789
18222, 757
76921, 260
9216, 810
19839, 261
10618, 807
40022, 184
79877, 90
38517, 900
54835, 352
64592, 875
3299, 728
52219, 780
64872, 686
23219, 255
39283, 618
73283, 901
43992, 975
28771, 815
533, 359
41773, 158
42159, 217
74098, 753
50826, 819
10735, 495
57077, 163
26293, 107
79353, 377
48218, 537
61957, 949
79893, 209
42414, 133
52499, 802
59880, 45
44789, 133
6264, 555
49763, 790
52031, 455
73096, 322
36, 721
31331, 446
5592, 45
64874, 498
35125, 276
37353, 894
7180, 542
52864, 889
18796, 681
18408, 816
20497, 459
19170, 4
73268, 617
66600, 943
61802, 516
54806, 10
76375, 405
44996, 282
14232, 398
27622, 58
64634, 93
26135, 965
60114, 421
46032, 477
45570, 459
17204, 899
5734, 75
12130, 740
62355, 136
11164, 910
70645, 497
42863, 364
46335, 236
22313, 603
43539, 87
69499, 390
55962, 78
33661, 128
63660, 745
22493, 923
68286, 636
30083, 305
29980, 265
38213, 221
69354, 491
2279, 803
22245, 953
26568, 31
5968, 494
12724, 66
17104, 280
31090, 470
61357, 415
39232, 548
35486, 383
45273, 868
5583, 705
20802, 106
53983, 745
79936, 718
24287, 614
5325, 155
14846, 250
26, 9
59461, 725
33942, 905
6682, 529
55954, 375
52430, 520
9119, 571
46423, 329
28328, 965
72866, 48
55859, 652
37296, 193
15884, 249
66568, 141
41227, 506
66768, 402
57006, 579
46800, 779
41084, 65
68354, 604
70476, 209
38174, 192
50787, 717
69515, 529
75535, 479
49198, 556
8395, 762
19530, 21
77565, 466
23749, 979
16347, 530
1050, 415
73336, 82
18110, 162
17890, 991
64310, 374
34748, 361
6884, 650
68091, 460
54717, 444
25115, 73
1779, 251
2273, 982
45480, 790
78923, 630
24106, 126
79244, 29
43303, 386
29535, 66
29558, 929
26808, 74
52121, 112
18765, 430
26704, 943
73646, 839
25606, 671
40683, 269
75592, 789
64455, 777
68850, 297
27486, 139
61874, 359
996, 718
47790, 67
53731, 326
44663, 500
18273, 336
40277, 374
65745, 483
14647, 718
64855, 32
42503, 562
15235, 904
11254, 141
52277, 256
44262, 615
67989, 927
23843, 201
3758, 822
5311, 10
75059, 304
46095, 500
67048, 990
31131, 564
10080, 514
78100, 377
53561, 492
29443, 261
69538, 118
49564, 686
11489, 900
30647, 239
28106, 712
35781, 873
27411, 400
61761, 136
13065, 611
58281, 312
64101, 259
18545, 556
10138, 901
4313, 634
6573, 732
57269, 325
76609, 293
66024, 974
14812, 278
11972, 181
4509, 728
59536, 53
65501, 270
11203, 290
69368, 222
56043, 25
76112, 282
68089, 728
65107, 662
59125, 875
40864, 724
73451, 76
21112, 560
22703, 885
44764, 250
54996, 265
13341, 649
2384, 774
39677, 469
66946, 930
38040, 729
64557, 676
4681, 917
49657, 903
55379, 590
46348, 980
1964, 211
39858, 965
14328, 472
38995, 714
34741, 689
10976, 13
28821, 378
71391, 770
59683, 974
5256, 90
37303, 206
35088, 393
69634, 528
58190, 591
45385, 831
34661, 480
54440, 53
37890, 330
15030, 255
48916, 531
48111, 994
59433, 6
23592, 441
20503, 779
2237, 225
70334, 604
35052, 593
27388, 497
22115, 507
606, 405
33442, 755
37965, 58
26845, 63
1642, 825
10905, 797
26828, 479
36150, 969
7579, 647
66356, 511
61485, 163
63865, 528
14847, 861
57243, 498
62206, 792
40434, 141
19217, 622
72656, 2
22004, 700
17764, 413
38302, 763
6442, 784
19792, 126
242, 395
46320, 109
41190, 866
74367, 3
15580, 769
33067, 964
29466, 42
14608, 982
38167, 131
72106, 540
37672, 888
61564, 313
35533, 618
68132, 158
9683, 278
50899, 359
60405, 172
45326, 838
76883, 314
62499, 184
69253, 943
29942, 227
46944, 997
69491, 442
33778, 582
63351, 304
8893, 180
64393, 970
62533, 265
18949, 817
72657, 117
9940, 940
43398, 564
29184, 702
32840, 457
69422, 496
29305, 815
47348, 394
92, 301
65626, 897
75349, 932
62762, 795
56389, 771
64091, 115
15276, 676
56837, 277
74790, 111
59132, 70
27741, 930
60494, 85
60059, 671
4054, 244
73811, 701
78779, 133
61107, 258
28601, 394
47578, 678
23251, 129
53477, 657
31472, 599
21559, 220
10534, 258
72653, 618
72168, 542
69522, 180
66505, 923
23533, 38
11953, 29
14523, 875
77299, 929
64165, 990
39376, 44
4405, 893
45363, 609
587, 675
46890, 33
11051, 451
9537, 133
39181, 354
25534, 566
1195, 238
33638, 375
19180, 813
16117, 155
70450, 284
3361, 169
31357, 961
71928, 732
70682, 361
25155, 280
43736, 217
18025, 150
27485, 890
65744, 965
7004, 301
31191, 331
25232, 764
45988, 867
33124, 193
79108, 986
26783, 342
45674, 714
38069, 643
46138, 56
17287, 99
58067, 231
51155, 429
36970, 832
72431, 423
71536, 326
46912, 983
36459, 893
30472, 406
42471, 968
4074, 466
14910, 453
35280, 588
17495, 775
66819, 972
431, 103
34483, 344
62847, 480
3963, 198
50800, 59
46810, 91
13085, 460
27214, 575
28527, 1
38848, 941
1854, 166
41989, 788
29667, 734
58774, 144
32612, 481
3633, 660
15911, 861
42758, 215
26920, 330
29266, 616
13544, 677
48236, 749
52055, 39
69373, 836
33041, 662
58297, 846
28118, 812
40972, 379
79147, 549
48386, 243
9934, 768
34858, 544
41597, 719
21602, 973
16675, 669
69430, 697
28696, 487
63569, 586
9003, 853
33839, 769
72092, 285
66341, 909
75765, 145
37337, 717
52761, 783
20123, 883
73056, 874
52071, 625
29248, 420
10535, 740
49066, 589
45420, 107
78434, 400
63268, 793
32116, 571
32101, 937
36711, 252
2246, 276
65272, 397
50798, 57
35857, 577
62482, 824
45996, 820
55354, 533
65864, 824
23350, 432
29636, 272
763, 95
77639, 732
15568, 606
69908, 898
30445, 333
20830, 4
63386, 176
32748, 668
78731, 629
47539, 364
7627, 101
35170, 381
35582, 247
60328, 527
14154, 748
27919, 231
36999, 5
4652, 560
59367, 918
33315, 601
25333, 698
39049, 136
30105, 53
21548, 698
31611, 825
64707, 74
3281, 639
27482, 242
51157, 768
34867, 489
68985, 686
69850, 989
1960, 272
5856, 816
16682, 588
56540, 932
51383, 645
61487, 17
45074, 621
60823, 550
16798, 462
56683, 112
66997, 82
49424, 346
45686, 155
59286, 534
45582, 418
24234, 904
3636, 758
69595, 113
35856, 637
7640, 921
13355, 188
61675, 822
41901, 313
44433, 640
75538, 235
3587, 772
59166, 941
12582, 200
58172, 676
46526, 824
17001, 599
50531, 737
57660, 391
30710, 634
9039, 708
46489, 469
10709, 201
53909, 214
42436, 959
7529, 623
10843, 914
8271, 63
47420, 841
15981, 755
46479, 105
73987, 568
63424, 504
79170, 532
6945, 775
27585, 953
1955, 995
11867, 704
68560, 604
20631, 112
12692, 557
13127, 956
35027, 126
71048, 69
50860, 452
52309, 973
66032, 606
9871, 498
40880, 342
60027, 918
56756, 435
30411, 337
18902, 554
25640, 76
19669, 893
607, 314
66129, 215
57685, 726
70704, 232
78736, 244
5079, 542
78800, 443
38024, 507
45959, 843
27888, 598
43170, 521
7452, 21
47092, 899
2285, 444
41375, 709
53518, 59
32390, 377
64826, 865
73505, 801
38948, 629
74521, 562
2790, 104
1749, 952
65190, 767
70448, 744
61248, 665
16119, 207
34731, 85
76477, 417
4571, 714
52118, 967
39721, 59
53409, 865
29862, 256
73952, 654
41810, 159
14619, 81
26303, 352
50945, 361
49218, 427
63860, 346
57574, 131
50479, 25
24921, 219
72828, 702
73402, 915
75593, 338
53334, 795
61358, 284
8563, 417
18318, 136
43573, 627
47223, 774
52349, 768
69059, 177
48092, 80
28279, 95
45201, 417
16950, 503
19173, 840
57755, 621
57184, 982
40330, 469
66761, 373
32752, 654
44573, 580
179, 949
3577, 991
77948, 404
50909, 910
14458, 106
66763, 322
36247, 892
17016, 375
54595, 211
21053, 114
61142, 783
9950, 804
27818, 845
9479, 236
26258, 328
24681, 705
64376, 615
39862, 294
48263, 367
55235, 52
38581, 6
57245, 803
23465, 383
15902, 288
62248, 180
63491, 955
21191, 834
36053, 96
27700, 290
69569, 954
76305, 90
6658, 200
51795, 428
55923, 248
4942, 768
64241, 792
35514, 122
71361, 303
656, 592
52539, 911
33923, 933
17716, 739
27927, 284
56488, 716
61824, 124
21910, 671
18533, 774
7749, 325
44181, 426
29852, 564
55636, 259
9037, 36
14042, 708
67621, 372
44419, 738
74861, 545
15285, 630
32731, 241
31952, 134
6154, 266
3661, 722
50822, 47
19505, 353
38253, 501
41817, 864
70221, 274
9209, 392
29742, 522
54046, 441
20534, 137
72607, 860
39199, 420
7107, 849
29476, 149
67116, 223
70394, 200
43422, 396
41126, 39
34275, 980
18467, 712
15668, 716
14551, 391
35085, 976
64966, 479
49947, 399
16318, 885
15430, 116
29430, 290
68311, 724
33596, 1000
35372, 534
24127, 170
71980, 967
48507, 559
76779, 921
61092, 967
47690, 37
63685, 902
3616, 900
3757, 621
35311, 2
8918, 455
75331, 669
8, 958
52382, 309
65649, 160
15444, 75
67440, 805
65830, 51
76911, 469
14386, 71
53738, 609
60806, 376
12088, 753
53234, 765
64509, 872
76276, 312
8380, 295
47778, 776
73339, 467
10994, 346
32275, 293
34612, 711
64484, 168
10828, 547
38941, 779
9353, 97
61737, 659
35124, 481
8853, 518
56817, 639
33189, 290
17826, 125
57169, 331
63440, 558
70225, 357
71810, 941
64810, 608
28538, 984
17455, 490
71751, 67
75696, 419
76313, 740
38339, 129
60838, 310
12679, 916
71841, 278
39112, 387
66352, 61
23647, 10
43929, 742
48749, 593
58390, 598
20170, 263
28381, 271
26921, 618
67268, 894
23571, 655
79225, 224
51500, 685
69831, 207
48706, 268
28541, 358
13569, 730
55870, 187
44577, 973
1721, 100
11400, 554
10810, 848
60213, 883
52130, 552
366, 483
47908, 271
69692, 327
24985, 503
54288, 696
34706, 907
37042, 167
1874, 363
59873, 461
53310, 843
58863, 32
1664, 399
67743, 24
66809, 330
5541, 16
49118, 287
49416, 820
50429, 25
1185, 792
36312, 202
37364, 311
37036, 977
51164, 54
64145, 473
77355, 287
11126, 736
43459, 441
34164, 431
74761, 856
70380, 624
20584, 602
28084, 519
62832, 158
74233, 398
26946, 697
64686, 650
35204, 835
24562, 32
59617, 821
60194, 63
18428, 942
5236, 764
68405, 547
70267, 635
26732, 222
44400, 873
73425, 213
3145, 962
67322, 281
66348, 602
21017, 918
3623, 500
20088, 324
15270, 767
8667, 332
5771, 861
26072, 844
51565, 907
33030, 784
32064, 720
17872, 612
63026, 871
79734, 202
55266, 824
77829, 156
75295, 506
57848, 748
30916, 560
57363, 647
20049, 570
74915, 415
13967, 559
17758, 416
54786, 517
79934, 132
73730, 696
17773, 221
25169, 835
27379, 271
43816, 698
38056, 982
58635, 135
50610, 683
48223, 882
72503, 140
30974, 832
4895, 51
72095, 327
67780, 690
13748, 214
36795, 374
32868, 760
35395, 11
52989, 142
41107, 877
20316, 860
60918, 59
17171, 826
28447, 559
72038, 384
65067, 337
49798, 618
41534, 839
14292, 488
78390, 411
16678, 439
55229, 756
66569, 596
42273, 631
35277, 42
7084, 424
44190, 357
76791, 843
27625, 517
335, 863
31833, 412
5613, 222
61509, 910
39080, 979
36354, 81
66296, 854
23133, 552
67978, 243
50247, 52
49593, 615
33925, 802
75568, 313
72932, 898
11960, 392
26137, 644
4315, 131
59305, 98
52167, 421
56607, 286
36706, 207
1396, 424
37584, 190
5089, 717
7782, 777
56053, 649
60567, 165
60089, 804
25587, 606
19304, 409
79868, 785
60995, 223
2155, 681
17744, 453
29787, 665
77413, 220
22929, 844
18150, 263
52568, 570
8050, 666
75865, 873
73208, 988
11893, 289
22305, 899
65575, 15
28100, 666
15174, 416
30573, 156
73569, 591
16945, 982
18405, 515
68155, 435
37437, 924
5704, 339
46006, 695
19449, 386
11414, 473
7769, 261
53263, 110
62033, 441
68518, 99
53598, 844
65894, 143
54931, 640
45429, 430
3376, 195
50805, 611
14138, 731
56240, 192
75758, 474
62356, 751
64450, 413
72462, 74
40634, 195
38327, 742
53613, 230
41851, 983
77326, 354
58487, 332
71334, 673
47371, 718
43484, 344
36623, 77
45260, 138
77201, 886
60268, 933
27082, 867
41610, 394
19024, 515
31258, 345
32775, 595
54750, 20
79092, 146
70419, 256
66756, 254
69893, 737
79265, 380
24025, 865
17497, 304
53987, 155
36553, 598
18944, 980
11783, 574
11791, 769
35368, 109
43354, 661
73789, 519
25773, 871
3914, 765
21443, 25
54539, 80
11569, 91
65828, 214
40433, 588
17224, 877
13242, 220
71027, 807
17957, 773
19469, 325
46206, 272
79753, 963
48266, 904
60923, 583
15093, 564
31153, 812
39439, 705
54376, 867
13158, 130
61284, 399
79519, 247
61011, 829
59369, 690
52801, 122
849, 449
9172, 159
79123, 351
29562, 101
41701, 408
22964, 742
43895, 846
41848, 405
9367, 201
28458, 278
69956, 215
41076, 907
40239, 152
63536, 46
24902, 516
78989, 160
74610, 422
10722, 427
23428, 932
34797, 265
72756, 975
23180, 617
40474, 369
64271, 649
30256, 911
15591, 257
21476, 21
31056, 9
78413, 433
71231, 843
75014, 545
67114, 383
40936, 274
35260, 305
433, 364
73769, 92
43029, 489
30124, 900
69010, 196
58288, 236
17533, 70
37392, 541
6423, 436
65906, 12
79587, 509
29762, 299
49385, 343
14169, 441
21942, 578
42438, 203
1845, 398
24828, 323
63233, 425
56870, 339
3073, 481
17529, 766
40355, 59
79554, 855
396, 520
64985, 918
59612, 69
70662, 844
31003, 616
52315, 754
11392, 988
30003, 808
39460, 390
67899, 782
18243, 789
54884, 262
4485, 707
67195, 877
9395, 283
78157, 901
42440, 523
11635, 937
48400, 485
38450, 919
76650, 501
41337, 639
53220, 132
62125, 689
16096, 547
74917, 104
71470, 890
3296, 235
40951, 161
32525, 765
72142, 736
76083, 821
35663, 321
36948, 692
29220, 107
19104, 434
23979, 136
38870, 632
2749, 845
63527, 408
11644, 129
4342, 729
4180, 488
6923, 262
36635, 647
33094, 175
24858, 625
72235, 652
54818, 363
39871, 941
68705, 416
66118, 27
76700, 539
74037, 825
71227, 645
38254, 861
56828, 164
55008, 555
8699, 96
40990, 833
35704, 686
27317, 800
29540, 457
50496, 789
59432, 970
54971, 292
62126, 58
5260, 523
23764, 232
14372, 705
5232, 237
20685, 319
77137, 658
25273, 942
46443, 597
78867, 583
72283, 767
52730, 797
57678, 342
79416, 502
40666, 955
34000, 944
79651, 464
53700, 856
46162, 750
44144, 297
79933, 135
34840, 900
27568, 356
64208, 217
69950, 808
2112, 292
35929, 547
12261, 517
79387, 670
8810, 337
77516, 186
64105, 863
45532, 469
41298, 862
39925, 574
858, 414
2613, 754
19502, 222
34365, 905
67480, 555
43252, 631
29154, 807
39716, 96
67188, 165
27512, 614
62236, 898
38723, 943
79229, 786
55905, 87
30587, 940
49227, 176
50535, 379
74836, 26
54127, 197
42015, 137
53129, 287
65368, 85
53464, 87
33201, 514
17054, 853
27875, 17
478, 248
45067, 9
57112, 937
23186, 450
48055, 304
29550, 840
11938, 226
49678, 178
6840, 215
49592, 177
57973, 567
72575, 196
49112, 87
73513, 350
38472, 728
39614, 754
35055, 224
25388, 27
30525, 697
15477, 312
19949, 185
16157, 78
46720, 947
57952, 670
30334, 613
62855, 844
59353, 621
18613, 554
64583, 528
34289, 574
54672, 764
27090, 546
18309, 306
28406, 860
5026, 911
45322, 939
79153, 545
47772, 665
39331, 161
51448, 697
6830, 659
69461, 898
36917, 685
53196, 936
79784, 893
48990, 522
45018, 953
32185, 66
79164, 870
70802, 348
70161, 31
4279, 460
61868, 809
73035, 992
78067, 368
77378, 614
63455, 481
68753, 454
142, 990
53879, 399
27744, 293
43541, 461
74766, 762
51709, 760
26552, 443
56028, 270
52058, 630
9614, 907
75889, 320
60929, 428
41693, 201
75514, 692
14943, 591
30240, 340
39150, 483
59471, 581
70876, 790
62212, 617
74958, 598
17017, 729
72262, 634
42209, 364
22865, 65
27762, 889
70414, 600
7805, 407
22251, 829
74708, 73
47034, 811
8587, 595
43216, 27
15091, 845
78960, 578
40526, 391
8698, 56
55745, 566
22570, 857
39798, 422
45553, 535
48204, 361
63263, 3
16312, 522
40063, 677
31310, 741
52194, 524
56158, 420
14240, 921
51514, 108
19833, 189
27326, 593
49237, 649
46426, 909
51071, 53
15922, 914
76780, 732
12083, 45
54692, 983
43268, 89
71243, 479
13554, 195
67235, 612
8696, 209
15666, 291
7249, 940
34919, 740
23391, 859
79488, 468
18529, 332
52506, 422
54709, 813
17385, 782
9208, 665
66245, 540
47209, 559
42172, 882
62696, 291
65601, 439
25788, 906
12549, 883
36506, 113
25054, 337
22999, 419
27084, 174
79193, 909
61295, 136
68856, 952
10650, 820
60516, 152
27324, 425
55912, 288
34948, 21
3023, 320
5806, 840
17320, 358
75794, 723
48102, 768
67351, 918
54950, 45
67257, 517
24099, 564
38799, 15
71515, 587
13204, 859
64064, 686
16923, 920
55331, 424
52059, 926
15875, 49
46510, 525
36037, 679
53337, 640
31647, 698
26545, 57
1609, 550
48954, 735
12415, 700
33058, 568
64811, 547
7056, 309
23372, 518
57171, 235
46633, 735
37263, 710
69266, 928
21260, 388
16631, 275
9773, 189
69030, 978
4176, 351
74033, 675
12662, 807
19930, 490
6225, 661
2068, 268
59158, 438
71313, 121
67957, 33
17427, 960
32104, 885
67684, 591
79036, 913
23223, 0
72236, 120
62596, 54
54400, 10
64065, 183
65164, 916
2534, 240
78313, 770
39175, 413
68540, 831
26527, 225
57822, 90
5268, 907
53821, 763
70389, 750
41483, 889
60568, 249
39339, 152
62888, 43
76319, 387
56816, 687
37944, 168
48450, 743
27948, 648
4808, 966
11038, 847
51063, 966
21063, 815
56456, 15
28831, 179
64225, 218
25374, 204
12884, 249
20321, 379
31468, 882
7481, 697
8506, 267
74484, 323
1694, 365
8375, 371
74887, 584
13707, 878
60503, 918
48997, 445
42657, 767
34079, 482
10293, 863
8788, 444
67103, 216
75178, 788
38682, 682
19971, 946
65989, 36
64069, 985
71002, 147
53440, 208
66071, 167
66545, 274
40888, 777
69460, 36
30229, 457
69474, 461
46360, 104
30264, 209
23783, 650
52096, 655
20577, 501
46644, 191
72321, 231
75243, 854
42921, 364
16754, 205
50482, 737
79873, 865
71899, 67
20902, 655
29181, 551
63974, 397
72610, 332
26008, 570
44499, 223
34499, 867
8081, 493
63544, 257
54332, 628
72627, 398
45560, 935
47513, 46
25881, 741
75265, 93
13189, 147
42427, 841
79905, 836
53295, 668
21575, 413
28915, 738
41176, 74
42253, 46
211, 472
3813, 937
5632, 517
39678, 896
4233, 198
66945, 580
76876, 932
11506, 596
6792, 182
1743, 856
65844, 451
19246, 324
36328, 627
8729, 48
48513, 700
39922, 81
34814, 321
27620, 183
51615, 645
69292, 573
54837, 794
56527, 541
48751, 670
6983, 69
71831, 764
33952, 414
13817, 247
19765, 495
7170, 445
14659, 748
33174, 244
18351, 310
39572, 713
16957, 158
9521, 518
62130, 389
56423, 757
32515, 745
27480, 74
58504, 795
26670, 802
69181, 814
17500, 405
32381, 369
1740, 409
48008, 601
4101, 660
57621, 516
49761, 837
48259, 634
20981, 488
67252, 963
14733, 343
47961, 75
30778, 788
24829, 91
47923, 79
18925, 47
37428, 1
25314, 927
17221, 963
28425, 198
18265, 996
49441, 385
41653, 646
42368, 714
41640, 907
7266, 299
44370, 125
31986, 418
8651, 925
35506, 47
13971, 824
78241, 609
53578, 628
41184, 395
56277, 274
31869, 629
62185, 25
58600, 438
39384, 271
70016, 620
42133, 99
17362, 778
17163, 342
30285, 707
65826, 307
52139, 971
29017, 113
14027, 606
1443, 423
13318, 972
16177, 127
26859, 992
27116, 543
49006, 809
61329, 52
39173, 297
24238, 837
34563, 347
58892, 528
33672, 794
39983, 149
16693, 123
68525, 652
38067, 157
23510, 21
31881, 286
60700, 216
43861, 799
8505, 42
15490, 446
66225, 159
9388, 992
54247, 844
53116, 516
28959, 538
41569, 497
45723, 556
27035, 172
56566, 181
42044, 323
73742, 53
38490, 392
50430, 298
52427, 498
77155, 955
32245, 567
5897, 216
54598, 651
17461, 945
48172, 544
74671, 176
59386, 4
11756, 736
9920, 920
45808, 516
12892, 950
71799, 297
78041, 219
11552, 694
59209, 455
63620, 597
50624, 855
1710, 596
29969, 176
69177, 629
33570, 435
2992, 813
68973, 918
8316, 976
77854, 287
36208, 428
54469, 743
66218, 446
34221, 509
28156, 501
16760, 564
52313, 939
71904, 241
32010, 515
51267, 620
45859, 143
75392, 392
50647, 420
59522, 655
78601, 582
32720, 251
70243, 210
76527, 583
51038, 586
5547, 124
4335, 94
15797, 146
18528, 958
77277, 573
65764, 447
19610, 703
9674, 581
76901, 814
71900, 984
21122, 441
67880, 389
76126, 828
3351, 32
74036, 984
67489, 636
73355, 395
12393, 485
36819, 974
43201, 792
43615, 599
33834, 361
23837, 419
15593, 33
5883, 213
50961, 805
5488, 559
28456, 171
34998, 797
53315, 563
27716, 756
65481, 563
75507, 958
77563, 941
72836, 161
43410, 978
69640, 432
52300, 405
78247, 410
39349, 834
6036, 220
18303, 325
18210, 750
56353, 469
10632, 430
20937, 2
57229, 265
77383, 408
9171, 888
18505, 608
28535, 987
17644, 189
41277, 800
30203, 464
33837, 40
59054, 495
55821, 557
31164, 278
44680, 735
55096, 629
13366, 418
61746, 967
65048, 948
50306, 384
70472, 961
5426, 749
12594, 462
65332, 153
12221, 181
31657, 992
62977, 241
71192, 9
42763, 244
365, 516
54850, 200
37157, 2
419, 653
61845, 849
8940, 915
43077, 26
61783, 106
73107, 954
47992, 801
38974, 921
21462, 389
1582, 628
56541, 112
7230, 416
41910, 53
22285, 777
45164, 938
1559, 932
32682, 367
1822, 110
12216, 271
44251, 691
7589, 135
40363, 170
34333, 280
52680, 835
19375, 433
53951, 763
34443, 978
41889, 945
7220, 235
49319, 163
38260, 887
67395, 421
17223, 178
12042, 440
54390, 303
47846, 505
46277, 196
51115, 535
28604, 89
23370, 422
27938, 574
77407, 158
15351, 573
50782, 111
25072, 34
53654, 110
38377, 335
64831, 173
63627, 23
57177, 514
54762, 414
1466, 868
48093, 770
69312, 786
18340, 993
53552, 482
58876, 984
36219, 41
72649, 243
17562, 16
61467, 829
40976, 71
21620, 374
61722, 742
2337, 876
63658, 416
724, 905
417, 604
76919, 591
63667, 32
56534, 524
40827, 712
6063, 210
24356, 458
75678, 196
13984, 701
27609, 912
42391, 548
38798, 361
2722, 824
30408, 950
30567, 464
62384, 638
22931, 521
39841, 912
48950, 640
21514, 978
60139, 203
18616, 224
34019, 778
13024, 967
63398, 558
67759, 420
41074, 711
36751, 170
36276, 625
9764, 209
78838, 507
58995, 296
36463, 565
45578, 952
6138, 58
35058, 660
26897, 661
16517, 286
29262, 697
4785, 600
14379, 786
70520, 857
31534, 761
37546, 126
10082, 206
73656, 571
23346, 76
75913, 308
5296, 59
77613, 895
73590, 176
51192, 556
52883, 691
45927, 999
37693, 685
43839, 183
41133, 648
64633, 957
51596, 484
62268, 990
36278, 318
28336, 92
42671, 213
75111, 368
36049, 380
47309, 285
74524, 154
6243, 582
3618, 578
73152, 705
3340, 400
69995, 237
8478, 187
62834, 533
29062, 145
47556, 949
19207, 20
20438, 231
44868, 30
9676, 365
77774, 318
23042, 813
54442, 36
3060, 519
25702, 752
17904, 273
62083, 515
69208, 768
19890, 377
1010, 878
70893, 988
78925, 282
51171, 713
941, 301
53867, 600
16024, 111
77738, 49
73386, 35
68928, 58
15238, 791
59813, 562
68269, 762
61339, 337
30556, 402
66668, 474
35765, 688
55614, 972
58210, 882
59696, 83
13738, 932
67648, 776
4116, 324
52253, 142
73775, 311
39546, 526
725, 868
55585, 102
4745, 673
8317, 110
20407, 168
27133, 319
15532, 648
33690, 486
61546, 442
72074, 815
41173, 530
59956, 293
21251, 91
31970, 794
28440, 991
76949, 646
28881, 520
77480, 359
1747, 409
71120, 632
13134, 697
20284, 223
58019, 30
74199, 497
27566, 922
20437, 325
39288, 797
77638, 853
29492, 66
10657, 657
66718, 263
54146, 618
46959, 807
14627, 779
5866, 475
60413, 348
1984, 939
9025, 529
7297, 17
31048, 644
63618, 66
72624, 744
62455, 866
71867, 219
16476, 716
56420, 50
79448, 434
25437, 253
59897, 476
19711, 356
23616, 724
45787, 444
13887, 360
65770, 232
46037, 90
13452, 854
68170, 537
22891, 58
802, 609
20518, 572
67932, 786
65364, 936
23676, 95
28262, 275
69917, 14
69726, 728
20916, 821
69247, 670
78554, 939
5464, 811
58806, 26
45120, 116
34845, 227
47167, 473
3385, 48
79384, 603
133, 228
70825, 328
46010, 672
69891, 676
16063, 308
60804, 263
57060, 702
11357, 230
19852, 408
15760, 312
23274, 886
41819, 896
75594, 400
79374, 707
29593, 69
35127, 338
63547, 250
76422, 67
60171, 259
16121, 69
22456, 373
56673, 216
71206, 299
24827, 814
8518, 666
67172, 980
9515, 206
47689, 696
55779, 203
22622, 351
11591, 947
71836, 498
13441, 713
65300, 28
77629, 31
2289, 318
10296, 605
38765, 699
22889, 997
13557, 11
78111, 756
75725, 18
8051, 727
18798, 883
45235, 129
2309, 17
19371, 4
30621, 588
26055, 859
73778, 358
35512, 490
24345, 295
58970, 975
71060, 155
68958, 360
6201, 82
71494, 129
79044, 539
77584, 378
4474, 106
27276, 742
27989, 109
52018, 611
4629, 991
20647, 563
58398, 626
78253, 129
1568, 307
36313, 223
19068, 867
33693, 120
18525, 107
63232, 834
10758, 860
53380, 946
49540, 533
11320, 340
46980, 440
50012, 898
75721, 793
24648, 794
48571, 390
48561, 489
15602, 651
28057, 116
4112, 836
72380, 374
4517, 549
62594, 240
70400, 63
35830, 119
78834, 266
50414, 271
76686, 328
44096, 956
69664, 202
57991, 806
12434, 813
75726, 76
64012, 705
32616, 167
11443, 614
51840, 773
55092, 402
75915, 972
41422, 888
17867, 896
19351, 435
70994, 329
61058, 215
29579, 621
12361, 783
11080, 869
55637, 963
43272, 305
58239, 292
12040, 569
37691, 132
41882, 839
71367, 907
57772, 951
52021, 550
42779, 828
57846, 25
8199, 482
43454, 702
55170, 78
10934, 610
56693, 514
57220, 495
32634, 535
45472, 502
53325, 708
63432, 111
37617, 307
39528, 812
49249, 541
43467, 106
3081, 956
12090, 436
69992, 861
8536, 227
5070, 704
27165, 626
39116, 206
5526, 889
37576, 479
79389, 781
33209, 571
64135, 567
39479, 435
71001, 354
51072, 585
38818, 275
12618, 860
62410, 636
21380, 481
56367, 572
75545, 938
78133, 464
12612, 862
4212, 597
3774, 189
19796, 825
64646, 525
25951, 965
48906, 673
42347, 612
41139, 285
31856, 531
72831, 526
35676, 989
5785, 174
40460, 743
41458, 329
27536, 13
33999, 772
57349, 935
55180, 46
37054, 872
23033, 777
77197, 510
7841, 441
35622, 390
33008, 775
4828, 730
64595, 394
60218, 75
35392, 844
33010, 597
36340, 678
79343, 573
14109, 865
37213, 50
68952, 219
42889, 793
75798, 569
11606, 573
8260, 534
76843, 50
33533, 256
7561, 927
55161, 29
36223, 533
60205, 449
66657, 875
16361, 72
23987, 878
29825, 366
30634, 140
11032, 860
14348, 249
73942, 371
9753, 712
4326, 847
50838, 603
36449, 256
36805, 949
60022, 366
44457, 458
35925, 883
51757, 347
72992, 303
38496, 784
42445, 849
8350, 741
14015, 356
22428, 926
21971, 934
4184, 774
44480, 153
39551, 266
60052, 346
44590, 272
79944, 648
69063, 916
43814, 336
43836, 118
45854, 899
54058, 506
22490, 631
17544, 295
76988, 528
61080, 3
13223, 685
24355, 773
6238, 979
38892, 355
33412, 340
2042, 388
41952, 468
49071, 91
60919, 852
58198, 242
65227, 4
56283, 298
47126, 505
55441, 567
58455, 353
75222, 407
58978, 983
26591, 459
23343, 444
60447, 371
74323, 283
18869, 827
38503, 381
1159, 646
47734, 694
9514, 819
67791, 427
29948, 221
7659, 517
6017, 673
20679, 686
66929, 683
68862, 49
6769, 672
70719, 608
52134, 832
35459, 176
20769, 314
42687, 947
32317, 483
57868, 950
79655, 81
67846, 832
9524, 559
33552, 103
52596, 439
52278, 723
12239, 621
45695, 754
5392, 433
75338, 775
6584, 97
73510, 904
45552, 65
41806, 457
58746, 431
74016, 852
47550, 964
35734, 199
45987, 380
25001, 609
59918, 761
67327, 989
4210, 765
20075, 6
17432, 771
41062, 634
30004, 256
5661, 754
79845, 677
8686, 70
27852, 539
20471, 373
63049, 248
64162, 286
28361, 367
63870, 749
48215, 956
71212, 266
71256, 880
76530, 21
9656, 346
43070, 575
15098, 951
69548, 614
67291, 211
69863, 390
68506, 908
22208, 81
53962, 129
38646, 616
79322, 433
57273, 801
23546, 327
52238, 116
38919, 397
30075, 772
55528, 12
13746, 347
61878, 678
74795, 901
52595, 971
60291, 601
15993, 98
48687, 998
14436, 38
58769, 200
8584, 291
23302, 124
2666, 521
38887, 542
5830, 160
58742, 240
44524, 702
97, 259
15284, 733
15426, 134
49130, 970
45829, 720
46118, 909
15407, 391
67343, 268
42828, 1000
4532, 598
14834, 561
61728, 354
29383, 506
22058, 656
24927, 828
69610, 988
34371, 693
51935, 446
5759, 19
50686, 642
20113, 588
41029, 723
27323, 170
2970, 64
77169, 119
66413, 729
5164, 484
61593, 227
29033, 130
44802, 905
70834, 598
73579, 176
7436, 569
26728, 337
78739, 551
78705, 56
68808, 271
66876, 404
23786, 466
31503, 715
4512, 61
79570, 923
53197, 462
77206, 102
55440, 413
49037, 285
26516, 805
18125, 400
42231, 535
44005, 942
63256, 352
59678, 149
19119, 105
29613, 851
37166, 973
71019, 115
15697, 186
68392, 111
13606, 719
4545, 445
61266, 166
39537, 688
5269, 755
62389, 236
72834, 697
24521, 165
54713, 524
4217, 408
34317, 630
22795, 826
4567, 993
24433, 918
64380, 170
34895, 15
40136, 652
36618, 523
67215, 56
71535, 753
65645, 864
63444, 539
22070, 601
73976, 377
53003, 981
33812, 434
6328, 779
26850, 110
12733, 901
55896, 299
55089, 730
40224, 700
6160, 762
47121, 26
17271, 276
71234, 548
38051, 48
61176, 525
41749, 698
52019, 974
14152, 556
67099, 501
78210, 403
67781, 534
55175, 334
10045, 911
64346, 349
72332, 258
21872, 379
34366, 105
57683, 736
21852, 134
38743, 48
4988, 605
78430, 537
51026, 262
66385, 87
20897, 183
40423, 196
11900, 596
16277, 186
9864, 106
12213, 203
75555, 788
53453, 386
6812, 306
6254, 111
45395, 186
44796, 553
33572, 267
5965, 281
66011, 24
27008, 721
14419, 235
44738, 220
8175, 557
8544, 327
54943, 636
47128, 481
16515, 859
41768, 205
40088, 557
29034, 982
66976, 25
75093, 198
73285, 645
9783, 644
54093, 138
34685, 639
29190, 834
5058, 30
73428, 535
15518, 799
62241, 668
34135, 981
36682, 495
39762, 469
2432, 366
16178, 874
75233, 505
46556, 284
55483, 335
51042, 340
36262, 407
12916, 462
31922, 52
18880, 1000
19478, 855
23463, 276
47161, 888
68551, 900
62182, 586
79252, 796
43027, 334
27619, 875
41838, 365
11535, 35
75506, 824
9742, 614
27196, 644
36226, 764
60711, 568
12051, 446
22095, 882
63155, 116
77184, 174
7366, 559
40285, 450
53793, 727
17617, 299
40422, 997
52770, 802
58131, 995
34977, 715
55844, 631
64418, 775
10260, 268
35703, 611
1769, 418
77512, 581
46409, 697
8618, 574
13000, 65
1711, 983
2649, 917
66523, 640
72727, 256
2450, 816
4492, 548
67741, 420
15704, 266
22986, 449
77900, 103
2862, 522
65425, 630
41982, 463
72206, 258
41933, 987
4065, 96
73048, 165
72486, 921
6206, 419
15417, 726
5710, 575
37064, 379
2461, 713
79599, 298
37700, 79
12913, 732
53358, 583
55281, 440
664, 292
45680, 42
18211, 718
43099, 564
17839, 947
39948, 118
50364, 158
36777, 989
46013, 973
64116, 666
40722, 91
45177, 869
79318, 521
48889, 937
53061, 373
29212, 57
33603, 565
56246, 811
75029, 317
5219, 136
53662, 866
1864, 445
51583, 518
1620, 70
5468, 516
15705, 337
55433, 809
59296, 674
40356, 308
19855, 284
62931, 123
53158, 522
42048, 6
26723, 507
52196, 722
27129, 164
56633, 614
7920, 582
50053, 324
44969, 959
1238, 359
50638, 527
68346, 83
58057, 284
58379, 129
42993, 113
47784, 280
54414, 699
29650, 935
37763, 41
36065, 496
21256, 409
2098, 660
48607, 4
17189, 933
45886, 796
19062, 454
26699, 507
16239, 335
56881, 214
73367, 539
30991, 196
31220, 866
51242, 940
77741, 141
31372, 222
35429, 574
28436, 764
72110, 747
7852, 327
63245, 315
26618, 340
48856, 905
76307, 208
38385, 812
76461, 298
9378, 635
52719, 794
5522, 358
75226, 340
60647, 457
37847, 215
52465, 965
66937, 508
61922, 901
22472, 142
42111, 422
14431, 218
11969, 209
27642, 940
3506, 471
69508, 766
54844, 621
6677, 314
74102, 461
48682, 196
79194, 576
42301, 60
51130, 435
32632, 178
34783, 875
54344, 422
2045, 530
49514, 329
49381, 732
23411, 56
76302, 15
12825, 349
78711, 165
51580, 774
25523, 995
27811, 260
34502, 947
77652, 543
31278, 544
6465, 412
59515, 296
38749, 507
16341, 551
67307, 886
52197, 472
31428, 213
68572, 778
642, 95
4836, 228
50328, 55
78215, 775
12713, 612
71736, 327
50664, 303
22322, 524
7559, 84
33262, 559
57702, 300
18013, 643
40820, 351
59828, 422
3776, 827
17812, 813
61069, 3
19135, 151
64980, 627
72839, 592
1335, 763
53597, 414
60162, 439
78385, 643
69151, 556
1880, 587
32986, 53
27570, 839
22619, 160
69784, 394
76108, 58
38589, 195
7103, 363
34810, 73
1251, 474
26659, 684
75283, 0
52316, 135
8016, 499
55775, 232
35873, 609
60580, 458
17978, 235
10786, 811
79571, 179
37452, 168
43955, 14
404, 435
29137, 275
16049, 378
16932, 826
29949, 239
32551, 702
29233, 802
76533, 526
64657, 578
5854, 700
34717, 286
63818, 845
62648, 817
37439, 430
44973, 795
63103, 203
33858, 513
25855, 114
11757, 430
16285, 404
69320, 550
14448, 465
20698, 143
38504, 138
1281, 7
72622, 211
72287, 526
41643, 811
12150, 673
825, 550
74922, 681
24984, 53
22742, 232
14356, 512
71035, 608
61760, 623
50812, 305
10198, 162
24258, 719
23142, 898
5528, 987
24659, 324
64040, 528
60323, 514
48157, 231
38690, 310
39141, 687
78646, 318
70829, 373
65600, 291
21587, 398
75020, 45
56547, 746
74953, 601
73521, 690
77167, 654
74736, 471
33123, 329
56960, 488
68626, 714
79277, 350
20364, 752
65163, 275
40886, 588
76494, 194
36835, 245
42761, 223
76329, 640
44274, 902
46976, 780
17134, 969
26865, 855
1688, 679
79679, 766
41670, 949
77723, 538
69294, 843
30744, 232
15576, 751
52625, 18
62941, 588
45858, 14
1573, 851
7430, 441
41529, 597
39322, 820
31282, 516
39921, 950
73294, 564
77500, 466
19271, 689
44000, 206
17783, 242
61806, 94
70988, 467
79786, 260
51159, 635
58084, 661
42695, 642
61353, 808
75413, 361
18313, 214
72674, 758
57209, 169
45338, 52
59135, 754
27255, 16
14462, 493
48982, 425
79743, 388
59480, 599
33274, 182
41464, 764
37046, 272
17745, 222
10259, 676
32111, 705
73256, 28
74867, 86
17532, 666
65359, 403
29780, 106
52011, 453
47760, 919
20183, 701
56695, 386
41651, 494
58775, 391
49883, 776
61163, 808
11637, 315
73897, 691
422, 27
7008, 148
32481, 16
9634, 556
51542, 354
73424, 939
30413, 232
70384, 269
894, 438
47605, 991
11967, 772
50106, 366
32950, 209
12507, 968
71342, 774
53997, 733
57158, 892
9959, 685
41036, 4
22766, 856
79406, 160
79515, 800
62030, 457
55494, 526
43759, 354
63423, 247
53144, 203
22556, 508
33390, 689
37409, 447
27710, 524
30675, 635
54758, 727
26662, 21
27068, 813
78954, 465
38124, 210
27072, 360
73039, 923
17488, 858
8934, 883
33374, 277
51967, 746
29178, 68
55584, 23
8379, 396
4353, 804
63724, 378
76198, 252
66145, 477
27172, 67
19324, 838
52618, 652
72943, 812
30461, 681
24623, 809
46351, 784
31022, 794
9273, 430
65787, 610
35236, 296
50835, 409
7569, 846
55696, 351
70512, 32
10176, 563
16961, 410
21736, 24
49882, 156
68854, 448
18163, 452
31464, 559
67958, 980
22223, 772
25171, 923
21958, 524
34988, 217
76043, 981
64270, 907
63530, 8
53961, 838
76419, 910
44850, 4
4154, 78
53227, 73
48409, 268
72814, 135
38753, 118
3600, 111
8305, 430
67783, 412
51218, 167
34951, 428
4654, 236
52386, 157
42886, 128
29042, 1000
25040, 523
54023, 4
31255, 99
32875, 519
8869, 554
78545, 746
59113, 45
13782, 696
78769, 493
11175, 640
58910, 174
48786, 648
47682, 592
18690, 242
24783, 802
63156, 975
17832, 980
68052, 741
52351, 576
32198, 470
12047, 214
65106, 661
35227, 178
49361, 415
67732, 318
14515, 53
16934, 858
9277, 237
29675, 334
11735, 901
67065, 359
11086, 697
51319, 412
34969, 721
53207, 494
47333, 62
12310, 153
67924, 294
51045, 826
26959, 480
14873, 746
52930, 899
50078, 933
45284, 290
74090, 962
24311, 532
70576, 834
64531, 942
41051, 973
67384, 339
29416, 738
9294, 4
70776, 86
43927, 132
39556, 757
69271, 516
53463, 171
15708, 985
3657, 300
17135, 520
14666, 27
42809, 814
29868, 478
32049, 411
63883, 291
35507, 351
45647, 17
1046, 874
56517, 379
77404, 885
26387, 189
72497, 60
15076, 124
67385, 897
37288, 919
41883, 27
31363, 743
75522, 532
57966, 961
68942, 297
21608, 463
11212, 586
49105, 182
43687, 480
9505, 449
45743, 251
7693, 988
734, 250
24572, 198
37380, 971
403, 586
70095, 187
33329, 766
26798, 199
11933, 822
56887, 172
35175, 982
16173, 149
73215, 888
72880, 418
22551, 18
39342, 604
61499, 589
30496, 850
64391, 245
47751, 499
6279, 665
3997, 534
68020, 183
44328, 91
56497, 672
48891, 814
78128, 253
57990, 935
59582, 790
24761, 23
60490, 46
48141, 754
11525, 53
29966, 670
33238, 630
58291, 239
42593, 278
29727, 265
1290, 184
41757, 395
66257, 238
16505, 293
9043, 61
40895, 769
35823, 798
61929, 806
7794, 248
67367, 838
26031, 258
73820, 69
50360, 953
69501, 765
42106, 500
6761, 922
56513, 512
68655, 565
21745, 502
7239, 543
31077, 963
46910, 241
24223, 327
29692, 669
392, 19
61372, 676
47607, 32
41843, 842
35744, 248
29388, 152
57888, 144
76481, 158
32025, 516
69786, 830
16688, 478
76514, 771
58127, 131
43285, 795
30421, 438
74015, 202
39771, 166
39994, 801
35115, 267
67324, 364
12444, 439
55163, 686
64565, 898
26807, 626
6701, 288
67501, 133
79104, 354
2518, 489
6807, 967
3461, 821
15711, 88
1166, 38
39105, 629
72991, 880
2392, 783
65685, 576
15096, 330
15948, 801
31666, 897
44167, 594
78205, 442
54567, 437
40085, 333
73049, 879
9451, 610
7824, 745
36534, 651
79471, 947
75280, 468
43131, 4
45166, 322
38628, 920
59792, 595
57074, 388
68283, 71
29679, 723
68256, 520
55754, 808
37092, 707
27806, 403
6204, 669
42288, 655
6337, 48
1799, 660
71286, 797
41513, 792
28423, 269
24186, 639
57618, 441
48832, 675
20839, 984
69840, 472
24199, 504
62242, 245
17444, 436
24601, 375
9547, 411
62776, 595
26124, 541
19237, 230
22043, 297
49341, 732
25102, 644
75151, 403
62187, 394
67059, 992
72440, 438
31903, 406
55450, 813
7130, 100
60167, 345
56080, 312
32901, 491
52841, 922
59254, 386
21870, 384
34225, 625
25521, 343
38885, 558
10039, 337
15145, 433
63093, 459
44676, 793
21297, 278
20924, 430
24454, 579
79559, 787
63213, 765
46355, 938
29638, 194
42737, 891
60935, 356
26890, 923
1737, 620
29620, 617
41500, 703
38551, 37
44168, 15
10540, 625
44961, 454
30522, 958
11162, 886
31692, 691
17304, 199
41719, 615
28574, 466
15033, 17
67714, 706
59670, 549
56591, 559
48660, 761
56220, 931
23134, 386
1280, 773
60009, 452
39101, 142
3108, 544
49075, 798
33589, 698
48861, 299
79581, 680
42919, 383
8816, 957
21463, 480
33761, 270
4240, 344
7404, 138
57360, 244
13990, 545
69577, 644
43690, 462
29445, 553
3779, 135
33592, 805
76967, 210
69088, 320
62806, 776
30115, 799
46740, 536
73141, 234
46673, 986
32068, 25
69238, 623
64745, 956
8784, 464
19014, 635
3822, 764
60301, 514
31094, 883
10145, 354
16325, 318
4408, 447
72176, 87
37946, 871
43103, 199
21972, 665
49806, 921
26369, 347
24031, 743
70242, 880
12619, 429
13571, 260
37724, 520
37276, 242
30545, 917
64944, 796
13474, 736
11696, 622
40479, 731
53068, 889
14814, 5
5068, 694
22959, 413
76553, 100
67925, 199
31859, 901
15680, 57
21194, 788
18375, 1
76027, 755
49275, 816
37679, 206
18940, 372
11763, 426
8891, 959
27558, 361
22804, 817
62681, 562
20720, 578
55160, 692
21719, 535
70230, 531
30767, 224
49021, 176
54662, 43
17177, 172
20883, 529
72571, 894
76117, 678
46758, 120
15244, 465
60573, 375
73419, 495
55444, 658
40849, 29
15151, 232
34524, 119
64076, 533
51427, 582
24010, 850
16374, 443
48789, 72
16247, 163
11337, 138
45970, 689
35406, 731
38809, 792
44475, 425
63371, 684
29400, 669
59416, 872
5373, 685
22299, 934
77281, 278
50696, 490
41278, 372
66848, 750
77669, 111
78423, 855
79642, 165
9240, 753
36958, 994
10244, 47
41377, 296
13812, 215
22308, 346
38322, 892
43368, 640
3448, 646
39128, 837
68203, 268
70814, 426
20691, 246
63031, 57
74999, 606
15901, 29
75615, 934
77688, 70
65880, 902
61911, 363
25178, 147
70760, 660
78856, 552
2805, 724
28168, 722
34158, 275
43900, 336
10530, 286
79349, 91
50947, 942
73204, 165
68859, 710
64514, 49
50143, 221
41032, 774
38516, 681
38514, 382
71786, 829
30650, 712
8437, 370
3933, 557
60147, 72
38742, 313
68032, 526
44998, 100
78590, 885
56413, 7
28673, 996
20285, 349
50171, 639
29875, 95
46945, 875
72122, 762
43508, 264
66037, 557
43377, 503
20818, 261
60659, 625
63141, 368
49229, 495
50283, 201
29261, 924
50074, 124
47398, 723
10448, 493
16573, 5
45141, 494
5748, 431
18764, 417
62256, 551
48532, 857
78415, 34
54229, 795
69549, 189
30957, 995
43533, 558
26358, 637
13912, 637
35979, 360
46088, 250
20146, 16
64475, 379
4248, 999
6122, 591
30396, 815
62829, 120
35426, 419
30688, 19
25892, 750
12334, 651
50907, 477
3646, 36
51355, 681
79096, 701
27490, 787
2936, 166
25916, 54
58786, 26
18363, 816
35460, 908
28124, 684
39597, 815
40489, 84
6597, 747
36973, 814
29926, 677
65072, 82
27356, 922
62082, 164
37746, 986
26007, 310
50403, 35
58185, 592
1278, 978
67801, 732
60242, 340
29419, 274
71283, 982
6885, 387
45971, 566
39092, 961
11551, 217
25613, 314
22271, 612
16044, 869
57058, 969
44482, 656
72797, 97
47102, 603
61021, 714
75454, 633
74431, 139
18492, 283
480, 297
19229, 74
61155, 244
77744, 705
47809, 981
21792, 107
67211, 153
52375, 257
15144, 242
38729, 629
31158, 691
2299, 833
42469, 136
51496, 434
26736, 880
39224, 845
69830, 185
30406, 304
57458, 530
72559, 771
2225, 406
77623, 552
59472, 122
28634, 252
10920, 128
66749, 566
47948, 340
70586, 523
15927, 511
53528, 334
42869, 348
39493, 255
60550, 791
33005, 366
28248, 770
45738, 869
5802, 83
9253, 150
27561, 722
19897, 903
12795, 307
4833, 538
18773, 57
27075, 339
50573, 507
39749, 8
65624, 369
50774, 169
50367, 716
47350, 671
47669, 537
56769, 632
4671, 45
43176, 682
59982, 869
59627, 847
54801, 637
54829, 803
28227, 283
5723, 97
57647, 75
43559, 863
46293, 426
12812, 850
65316, 469
74166, 683
40677, 392
32121, 72
63978, 660
66164, 788
42595, 24
25337, 824
50313, 724
64661, 592
76127, 335
54132, 17
21441, 756
55167, 170
49989, 430
30751, 366
10859, 671
47876, 906
8895, 306
10794, 835
64732, 449
76386, 894
70012, 346
14102, 347
31422, 330
56183, 776
55139, 879
66435, 654
33720, 816
39552, 915
63381, 930
64861, 52
46656, 90
68896, 611
42850, 215
18553, 128
3759, 924
44339, 411
26795, 186
40572, 952
5739, 149
16892, 58
75603, 965
59701, 882
34466, 559
46397, 130
66629, 348
7910, 760
48359, 999
25660, 555
76418, 385
37559, 244
32043, 939
50803, 723
29451, 247
28059, 655
78199, 423
64268, 22
5243, 378
33471, 624
49865, 148
71257, 480
493, 874
160, 54
78755, 57
15621, 920
60188, 437
46601, 220
23241, 780
9387, 908
69503, 937
38025, 686
54619, 565
65052, 801
44333, 742
65526, 45
62704, 284
16514, 388
53861, 76
53913, 144
7201, 556
11225, 84
21124, 827
24752, 830
79882, 792
19717, 936
24819, 666
4501, 408
57471, 984
57404, 794
42154, 860
70041, 278
23070, 711
10952, 566
22188, 944
10095, 459
72851, 622
52468, 771
53213, 22
30597, 838
65234, 671
9520, 185
54853, 469
15331, 106
7577, 651
20180, 869
16509, 763
9031, 672
5901, 101
58232, 936
8485, 765
59958, 256
22711, 255
42146, 84
42711, 510
54407, 399
56568, 90
74192, 584
49697, 628
18504, 920
7152, 720
10962, 406
73616, 908
61677, 462
15140, 886
74756, 679
21446, 489
69111, 403
13470, 417
3387, 450
67386, 501
18389, 578
43696, 260
16949, 177
25880, 436
43012, 294
70549, 882
29745, 436
62294, 157
14016, 24
63243, 872
62015, 581
40860, 757
59570, 571
15998, 920
67399, 67
41307, 879
58776, 807
49840, 343
18569, 745
51972, 618
17659, 242
61995, 929
69214, 156
64807, 196
25933, 861
73954, 806
41895, 873
10521, 318
46770, 698
58055, 456
39975, 901
50871, 967
11207, 610
23514, 958
23722, 839
55809, 890
13522, 5
61918, 640
72335, 599
23775, 620
61602, 737
560, 732
79949, 628
66782, 799
14607, 238
34497, 486
36516, 670
67993, 676
26786, 802
35532, 331
60150, 251
3292, 523
39686, 367
36586, 550
70266, 409
74035, 969
48987, 996
57831, 347
70913, 491
8986, 380
40486, 97
58875, 334
27288, 249
23432, 810
36521, 472
62425, 655
55934, 676
72361, 287
54072, 998
49694, 893
3285, 312
76447, 141
29410, 222
5059, 566
73308, 401
40349, 569
8812, 145
33162, 742
39282, 450
8839, 942
58011, 182
58032, 851
63869, 491
5042, 427
49520, 25
7491, 108
69470, 507
40106, 230
6650, 967
34724, 872
51529, 843
3305, 346
31192, 356
43841, 28
27560, 218
6355, 721
33635, 218
4913, 256
55075, 426
47954, 74
15645, 443
19097, 254
66375, 718
29590, 543
23445, 263
53151, 946
2341, 515
43721, 204
53011, 386
5949, 854
60533, 355
12685, 15
44139, 317
59564, 650
75334, 344
78499, 814
68800, 623
56686, 40
27957, 123
52150, 556
67768, 238
37299, 222
17148, 582
51552, 26
13041, 173
66716, 898
55336, 716
8554, 954
16531, 330
30937, 883
64857, 642
41297, 567
39884, 248
2083, 450
6003, 82
24477, 678
70909, 216
37317, 251
19501, 606
34295, 715
53729, 261
48943, 103
61498, 460
32428, 66
27979, 212
77207, 489
15629, 242
46215, 628
44184, 566
7590, 364
73784, 118
26275, 609
39072, 324
1028, 519
68927, 326
30175, 955
5786, 187
44319, 146
17424, 778
69681, 61
34165, 540
70534, 934
10234, 106
18791, 545
68703, 55
74921, 323
70094, 857
39454, 699
5932, 542
9181, 77
25213, 67
35560, 100
63911, 278
24483, 151
63609, 288
39926, 30
51386, 915
53038, 346
22015, 376
50762, 481
37333, 942
20119, 215
24578, 742
27641, 562
25493, 102
4857, 99
15169, 247
76201, 802
60775, 39
47802, 363
15448, 355
6892, 424
33331, 478
27468, 761
40821, 154
965, 982
45567, 658
75950, 301
35791, 825
10932, 587
31580, 10
60586, 504
74, 582
1963, 764
35171, 416
77837, 981
25739, 959
49109, 202
3777, 579
29902, 4
71442, 697
3362, 917
12375, 305
53711, 373
67301, 898
46310, 145
5774, 500
52126, 783
36552, 804
47456, 435
65218, 45
22014, 247
22273, 531
29479, 928
53104, 821
25520, 993
32238, 878
74760, 253
69870, 111
15112, 986
29608, 748
48441, 358
77993, 496
53838, 357
79903, 856
75119, 36
59002, 125
17546, 11
18703, 776
21970, 117
29993, 196
32895, 409
67490, 703
54402, 407
37274, 685
25891, 201
21203, 617
986, 187
36390, 339
68878, 402
10369, 681
43310, 183
46781, 996
77427, 616
19844, 38
52434, 813
35153, 610
48274, 210
12388, 186
41868, 401
18726, 680
13548, 298
22652, 721
30923, 590
60083, 713
55735, 209
9877, 352
65999, 183
73809, 269
38574, 721
54082, 172
31351, 667
61356, 68
38814, 42
28149, 657
28041, 358
51530, 50
77470, 711
55813, 116
60508, 283
52609, 959
30283, 272
15772, 386
53541, 981
18586, 886
17780, 134
33534, 533
43971, 93
70190, 936
8982, 536
15713, 691
73587, 192
64670, 39
16499, 805
19965, 757
28176, 159
67224, 947
76832, 118
17980, 86
20341, 397
56410, 242
29551, 964
78667, 231
16519, 777
28014, 865
63123, 401
8376, 840
28103, 104
29836, 844
47214, 23
66913, 208
65577, 590
17360, 594
67859, 455
68121, 651
5521, 16
708, 448
56305, 380
37065, 797
8017, 345
19490, 521
41735, 782
17376, 82
66456, 531
14074, 132
31798, 923
77147, 791
40440, 773
53713, 325
38903, 415
64377, 569
72319, 541
29111, 319
60639, 507
57761, 432
61286, 673
8126, 832
62943, 407
3632, 557
60200, 913
45085, 978
74640, 850
12513, 153
13642, 567
71969, 529
24500, 495
6353, 291
30776, 619
36529, 829
78844, 512
27721, 1
6223, 970
26226, 396
74543, 301
18227, 545
58624, 783
31548, 843
46992, 448
58796, 146
40884, 904
48598, 551
36656, 857
12302, 331
12266, 937
75700, 573
55242, 435
60859, 434
19555, 141
55527, 788
50110, 521
27355, 403
16733, 451
60609, 307
71473, 808
38294, 340
49494, 499
71380, 148
13686, 683
19391, 350
74222, 309
62091, 701
73800, 807
65983, 238
34230, 141
57380, 434
52423, 662
7944, 552
24054, 978
38704, 262
75597, 27
78273, 11
7293, 591
21298, 692
46026, 270
14088, 459
23012, 305
28511, 960
67852, 214
74874, 230
4328, 537
30782, 391
21175, 951
17555, 465
646, 850
24303, 160
54840, 101
39917, 546
21478, 442
26076, 413
8142, 323
4051, 159
72723, 541
40809, 360
4810, 920
28857, 991
46382, 862
59768, 78
44044, 920
11379, 598
26074, 813
21796, 687
30905, 952
54319, 754
49336, 699
69269, 865
28407, 906
75724, 796
39817, 303
6653, 698
8398, 690
73076, 794
67095, 978
7108, 670
77085, 388
57376, 646
18462, 432
7181, 804
19847, 578
12222, 735
29109, 277
10625, 385
68451, 938
8465, 75
57397, 170
12223, 158
51682, 621
52488, 130
14477, 163
67185, 881
5122, 138
34798, 202
37784, 447
65051, 151
58615, 95
9221, 401
46454, 394
11416, 552
15547, 822
32711, 206
54989, 45
43084, 688
41511, 556
10180, 428
5447, 944
36839, 694
58018, 478
11020, 815
6575, 396
6567, 508
7733, 673
66725, 201
35271, 188
62490, 704
51056, 795
15896, 209
18282, 777
76951, 334
28874, 59
57068, 452
53790, 176
22574, 228
59147, 865
52622, 642
48831, 439
33683, 103
14934, 245
28173, 841
28045, 610
36475, 811
70999, 762
24726, 316
18811, 782
43321, 563
63385, 625
61490, 356
74852, 417
64003, 375
47474, 671
30154, 185
62971, 927
43000, 221
69615, 462
76695, 218
18733, 185
31332, 582
22358, 646
48205, 226
60215, 77
41522, 124
28873, 708
65623, 609
78444, 532
77488, 83
78008, 394
48527, 745
11103, 545
14086, 989
42104, 242
13359, 143
39688, 639
24990, 540
71483, 484
72758, 301
65185, 962
50351, 899
76731, 349
10963, 723
9970, 474
46428, 729
57356, 369
58790, 673
42114, 349
17061, 95
22339, 875
34879, 126
45010, 517
13770, 336
57304, 254
70497, 286
58783, 251
58920, 974
67964, 473
6606, 706
10957, 957
43680, 250
20915, 504
55498, 834
29811, 184
45750, 728
32805, 101
16922, 773
39391, 276
42029, 946
4940, 493
16977, 833
33854, 227
31333, 745
65041, 34
40488, 532
9957, 225
5672, 610
45954, 991
9729, 537
33575, 448
37168, 287
48184, 483
16854, 246
12022, 320
70408, 123
69443, 865
47364, 364
77796, 406
4540, 267
52149, 321
14465, 178
3384, 208
1168, 840
8037, 984
14985, 521
78748, 977
72249, 651
27850, 688
18725, 317
9097, 146
70370, 868
30629, 776
24514, 132
4760, 890
28259, 355
7565, 836
33609, 239
3705, 78
11173, 445
28107, 902
21809, 739
42624, 407
2928, 363
26879, 179
78158, 229
20969, 972
34512, 672
69233, 471
68472, 402
25808, 788
9117, 130
61042, 862
647, 440
50097, 610
75159, 862
21595, 574
64005, 702
2725, 469
31105, 92
31297, 716
33951, 284
18606, 702
12189, 191
11748, 330
7272, 182
14994, 188
32057, 191
29116, 552
50728, 630
24158, 270
48509, 239
36445, 278
9534, 54
41263, 610
8170, 626
59239, 768
79176, 175
21249, 677
73520, 288
78949, 549
53174, 154
75738, 367
71275, 892
67838, 818
30452, 974
44111, 48
20136, 106
53012, 826
42742, 506
23295, 613
6304, 326
49184, 547
65071, 573
48282, 165
30241, 170
78466, 640
23931, 721
24499, 295
77293, 186
42502, 96
10623, 941
31977, 72
1702, 97
48599, 719
55610, 286
32808, 368
57400, 853
23090, 899
7757, 783
79480, 468
34493, 644
4047, 321
39257, 138
8246, 783
11419, 558
2144, 766
59856, 974
45632, 442
40558, 203
37717, 709
46253, 139
50569, 553
74495, 97
74126, 124
130, 739
41874, 56
67868, 103
52413, 402
1526, 305
13675, 48
34180, 215
52259, 971
23189, 532
43390, 318
23780, 968
41733, 627
59228, 254
38102, 927
9564, 495
35645, 340
33558, 198
1738, 147
18257, 459
60321, 757
73797, 157
35457, 337
17609, 873
40797, 187
6822, 498
3543, 541
51436, 415
9502, 738
20127, 42
473, 896
5714, 361
49975, 303
17024, 727
51450, 254
18432, 658
10372, 329
24388, 721
37234, 483
76347, 154
12908, 846
17591, 423
14196, 405
78437, 369
75005, 97
30287, 542
15263, 194
11725, 742
66021, 239
2041, 429
72946, 80
53108, 84
69034, 575
14193, 508
71866, 531
34652, 581
44260, 152
46855, 258
51104, 863
20705, 50
1412, 379
49601, 939
36207, 385
27860, 276
36156, 994
18568, 136
57812, 876
29071, 341
55595, 144
45169, 39
6644, 563
35602, 292
20568, 452
70661, 283
17630, 766
29364, 396
24047, 233
7558, 754
25153, 12
33933, 253
63106, 592
53264, 403
10383, 462
41732, 917
41300, 709
64752, 774
57002, 794
10524, 43
35661, 580
49090, 623
72684, 16
35779, 254
29717, 376
16811, 841
70222, 695
32059, 474
60164, 543
39880, 960
42996, 131
703, 968
50461, 523
28048, 623
50845, 185
35468, 655
77037, 427
31474, 177
18250, 394
30356, 779
15766, 417
63935, 46
28499, 418
62516, 102
4036, 777
20020, 440
39803, 991
31637, 720
40629, 842
6227, 91
38612, 487
70503, 684
74796, 298
38680, 614
78941, 912
46067, 749
54719, 954
46328, 257
4153, 960
54870, 528
20046, 623
74590, 843
23246, 531
21600, 458
11808, 420
6309, 589
20973, 646
27604, 472
37668, 261
36638, 824
27950, 113
2621, 760
58147, 454
12195, 804
26060, 380
1746, 893
76318, 18
59249, 249
64579, 720
45544, 306
26480, 933
78776, 828
13570, 109
69942, 808
8758, 720
63163, 381
52556, 226
21071, 890
46643, 821
23932, 244
5517, 716
50205, 748
2532, 280
18960, 821
35109, 884
43277, 573
5332, 269
61206, 80
27633, 706
50504, 183
29965, 556
76073, 801
46282, 251
34315, 481
57980, 956
63433, 231
18022, 267
41847, 375
61599, 454
20307, 459
17963, 742
64247, 854
28082, 893
3838, 636
67055, 415
37870, 988
15570, 904
72599, 729
66663, 998
49387, 74
27885, 168
24422, 621
45040, 697
40716, 386
12502, 680
7773, 589
23573, 560
37067, 644
11679, 725
16210, 261
55138, 51
62527, 965
13517, 296
33721, 403
45130, 229
39620, 394
1510, 485
74219, 288
34911, 646
55946, 37
4487, 275
67160, 90
60624, 709
61888, 380
78587, 648
18974, 456
73389, 28
76523, 470
635, 493
15699, 380
72455, 765
52040, 809
71277, 729
56253, 227
34529, 565
55085, 164
319, 100
37960, 493
2699, 230
14190, 846
37019, 452
2052, 850
27054, 511
33649, 401
67756, 578
66546, 521
25243, 30
67530, 790
9428, 620
58933, 430
27865, 276
79231, 103
54825, 848
59376, 288
27318, 780
66092, 213
69359, 603
574, 989
60038, 506
18263, 713
76103, 776
50444, 186
40897, 161
37447, 904
14185, 658
25603, 927
14692, 385
2369, 749
23108, 199
44564, 272
75701, 129
47604, 188
60679, 127
56800, 791
74534, 164
17581, 83
70451, 350
78151, 964
21996, 409
52411, 533
46227, 154
9591, 192
77198, 321
4834, 946
71678, 121
61077, 855
25316, 998
34636, 49
70618, 913
10544, 484
50911, 130
58061, 170
4414, 890
45956, 652
63414, 120
19568, 543
15456, 653
43326, 133
45477, 949
61172, 276
6813, 487
9901, 790
28578, 259
46305, 525
79703, 383
60788, 585
77302, 700
66128, 540
38895, 204
31242, 932
71026, 681
68630, 328
64605, 424
71682, 75
39110, 139
16722, 464
56616, 164
78024, 40
21310, 914
6175, 631
61924, 478
19559, 159
76130, 319
74853, 714
7450, 352
14829, 674
41772, 342
9735, 482
19797, 893
69052, 227
52826, 181
40032, 621
49187, 850
56377, 95
75961, 981
78409, 280
2077, 860
52948, 486
44674, 266
4897, 39
8338, 320
37012, 283
47127, 991
26875, 249
23337, 188
9272, 134
63843, 21
13716, 240
34309, 685
53332, 162
30786, 376
24, 65
2741, 683
66062, 311
20344, 422
5931, 212
68074, 795
74124, 804
14390, 621
46164, 50
36136, 776
3186, 671
43716, 207
75728, 331
47986, 556
63584, 363
61503, 423
41171, 718
21479, 948
75425, 40
57096, 680
61673, 260
6703, 783
5188, 527
37926, 782
58136, 412
38334, 12
15744, 707
75025, 187
46492, 794
57072, 980
29241, 252
33718, 796
18188, 303
79982, 392
12682, 732
45974, 250
16385, 478
28433, 701
73398, 247
18304, 49
6302, 685
5389, 977
22644, 154
10602, 608
63912, 696
30280, 459
4299, 689
6165, 281
1534, 944
53500, 784
78722, 551
56331, 481
11196, 147
73284, 736
65498, 38
7576, 533
67897, 39
45297, 149
29113, 630
3134, 259
222, 384
75937, 989
37930, 204
33849, 677
69138, 339
56063, 750
11993, 500
42904, 13
39458, 529
69445, 933
52026, 602
60470, 756
67258, 393
77204, 652
44616, 184
26028, 841
19038, 412
8135, 527
28293, 292
17266, 76
23758, 164
36653, 458
10652, 607
8922, 80
27395, 323
6557, 761
11464, 372
67517, 19
32605, 929
71100, 395
66155, 288
50973, 586
13963, 739
60701, 501
17666, 567
53082, 764
60807, 63
4347, 117
54845, 452
4010, 122
38712, 858
1535, 997
17616, 121
18120, 959
74004, 23
79889, 175
67550, 763
66209, 85
62857, 712
67903, 901
50765, 315
8244, 568
4411, 633
3601, 601
27582, 823
8181, 353
2190, 616
50475, 760
69150, 744
51515, 375
10033, 242
61151, 763
53384, 562
43515, 651
67445, 531
46885, 424
64520, 808
46057, 159
46108, 886
58759, 336
48416, 713
53430, 383
9165, 896
40813, 455
21815, 449
71939, 648
44102, 263
15381, 200
41394, 913
36125, 926
59589, 236
25504, 779
31296, 760
73344, 406
35383, 971
31234, 63
22041, 570
72920, 573
21589, 328
14623, 13
48714, 225
64951, 239
59967, 928
18384, 748
53106, 620
7604, 399
7651, 638
63215, 40
24091, 522
46101, 734
16065, 109
49817, 261
7299, 432
41086, 332
67893, 76
77869, 43
37809, 353
29456, 110
50770, 374
15597, 594
69691, 947
59458, 138
72471, 835
47873, 3
51054, 812
35808, 478
56041, 373
28040, 440
51499, 242
37589, 741
42851, 497
14862, 655
43213, 75
43374, 813
11074, 826
60420, 593
11572, 653
40346, 707
69021, 409
34937, 751
20251, 695
61298, 186
19736, 352
45562, 232
41714, 513
59163, 905
42080, 246
1923, 84
23468, 318
9680, 992
9229, 722
18502, 238
26300, 934
77585, 168
11587, 621
37814, 267
38956, 49
75175, 765
76802, 141
36452, 546
29339, 787
28245, 256
58603, 835
16905, 726
72734, 680
72529, 861
12914, 562
40573, 817
74802, 138
1096, 588
23853, 400
18768, 805
53166, 495
33831, 516
16222, 803
23024, 597
61615, 888
10154, 704
16452, 988
36429, 279
9911, 158
43032, 441
3116, 247
17875, 232
40856, 232
9664, 922
20982, 860
23606, 907
72566, 440
54797, 282
53076, 618
40665, 1
74734, 645
43959, 455
77990, 263
16243, 585
66142, 78
76087, 448
64420, 392
40557, 363
45779, 49
35667, 44
15822, 641
11284, 95
23512, 954
64599, 17
7379, 489
20417, 659
67843, 300
42339, 55
40878, 355
21847, 709
56820, 610
76219, 909
78410, 728
23730, 421
1431, 959
79633, 438
38746, 549
18011, 108
14646, 343
57869, 608
46394, 517
55165, 585
74616, 280
7718, 333
26789, 705
21153, 506
47508, 701
14159, 465
32724, 618
11611, 246
77463, 645
3395, 217
74643, 365
37084, 369
43990, 22
38303, 289
26396, 811
63805, 998
72879, 196
74330, 161
16935, 78
19437, 775
42455, 328
75467, 199
31524, 518
10734, 930
72441, 780
12499, 223
4195, 159
12922, 438
30145, 301
56132, 885
76794, 126
69752, 884
61128, 973
62737, 87
9448, 229
35291, 79
55276, 163
75761, 311
71540, 910
3464, 168
45615, 738
60367, 176
68455, 485
17853, 483
5839, 43
10443, 752
40842, 474
1128, 410
2949, 369
21417, 682
34918, 891
32988, 316
32210, 829
22116, 889
75049, 812
42555, 567
18516, 594
74113, 443
28443, 104
60623, 48
23692, 455
46719, 286
54614, 839
53175, 699
45265, 968
78599, 107
2509, 438
26542, 69
57771, 412
42243, 2
722, 246
56267, 579
22435, 104
70293, 188
75560, 179
62921, 677
65910, 12
9385, 865
31556, 496
18365, 971
35091, 840
45878, 471
8296, 202
75463, 967
29068, 813
68519, 587
52695, 168
23646, 687
34146, 114
7833, 199
57268, 531
74544, 0
53604, 393
38360, 819
63426, 618
70032, 582
73668, 62
58237, 450
30158, 607
27556, 298
52902, 845
54257, 800
26722, 979
15011, 939
44320, 337
46372, 716
8369, 301
28029, 304
43560, 53
44546, 383
52639, 792
15630, 440
57836, 916
52229, 54
52517, 157
26318, 529
26362, 373
61981, 260
25559, 196
12840, 860
67468, 550
14226, 787
38247, 1
59311, 676
47189, 567
45894, 255
24065, 742
48526, 566
40288, 76
69287, 575
45015, 958
62862, 496
57237, 513
59839, 789
31863, 500
75319, 193
60261, 52
39152, 359
39252, 178
61489, 569
15080, 208
53696, 157
2609, 56
12941, 389
4912, 665
37859, 353
37466, 846
23957, 395
65464, 198
70169, 380
7401, 604
20814, 138
11271, 660
22699, 638
10460, 608
3668, 630
72662, 347
70425, 725
39219, 118
73468, 431
49889, 117
44216, 400
46760, 444
24141, 243
45668, 329
40741, 886
18411, 571
15975, 768
61377, 627
36383, 177
79088, 79
58388, 318
19210, 176
51412, 804
65242, 354
6060, 72
592, 706
49550, 753
59038, 825
51318, 599
33886, 220
28418, 512
72210, 943
65156, 587
49876, 434
58516, 176
43891, 591
57392, 738
66100, 229
16202, 600
57190, 701
35068, 704
17574, 523
40317, 776
42372, 231
67119, 500
43198, 126
64306, 773
42537, 264
21108, 101
14283, 190
59636, 897
21321, 275
40345, 988
16322, 782
54202, 242
45437, 58
12364, 24
32518, 417
63529, 305
12577, 598
18172, 27
56031, 171
35391, 253
41632, 70
50262, 490
8270, 413
62925, 696
31930, 189
25433, 256
50521, 631
58137, 873
62221, 549
23269, 395
69869, 712
57059, 219
50242, 953
59523, 340
73302, 129
43775, 229
49904, 285
48021, 379
24599, 695
62422, 175
22635, 711
30644, 653
9510, 768
69146, 480
31693, 177
27274, 996
68632, 934
24976, 522
26814, 667
36945, 149
27918, 768
52643, 501
75988, 479
4710, 670
45291, 692
74056, 216
71280, 322
60998, 821
74507, 358
55184, 41
75078, 824
62992, 792
61958, 65
20207, 442
31514, 183
28491, 956
18202, 953
25608, 537
39967, 855
8666, 477
13397, 584
17018, 866
48741, 542
61807, 508
40684, 4
11092, 298
76572, 231
57161, 486
43809, 945
64722, 49
76184, 210
45336, 139
45889, 52
79020, 982
30214, 443
15726, 640
43893, 328
26052, 896
55709, 910
23089, 917
58655, 875
42639, 166
76861, 732
15343, 604
11009, 49
13243, 558
11676, 709
9968, 119
33205, 659
40449, 334
49412, 828
76057, 338
71654, 324
21090, 222
28617, 922
30940, 596
28924, 18
48448, 303
45798, 642
34255, 269
48841, 897
67057, 734
24931, 617
3112, 433
66713, 520
10036, 453
18267, 868
4390, 925
29885, 932
12339, 880
27177, 547
18948, 674
79087, 769
21505, 401
66963, 849
33939, 348
19515, 91
54948, 141
6391, 47
67696, 782
38033, 380
36211, 765
3083, 160
35333, 333
24030, 404
64390, 697
8354, 154
38891, 73
52062, 255
65458, 872
15914, 140
79429, 545
67765, 994
5140, 349
53293, 8
3841, 169
63379, 792
74319, 503
22617, 233
66582, 59
42322, 136
49252, 658
40964, 301
44076, 543
19264, 813
47658, 140
73179, 324
36369, 494
76925, 703
55975, 169
53615, 661
70746, 476
46445, 696
6283, 330
528, 328
15229, 105
57189, 601
53452, 935
66517, 337
12299, 9
17009, 285
8845, 739
54664, 294
26768, 583
5184, 257
60524, 603
76774, 715
16707, 72
66365, 879
37146, 223
73198, 330
30872, 536
40667, 863
73957, 240
77545, 714
21674, 147
3449, 906
77487, 398
11377, 883
21951, 51
15299, 622
55701, 77
54792, 217
10066, 854
29599, 107
67653, 37
3008, 966
40615, 47
8031, 716
38210, 984
34678, 185
74285, 525
18771, 71
65241, 407
41563, 249
32186, 341
55602, 676
28598, 131
48519, 7
45879, 451
74848, 446
58657, 329
9721, 52
35135, 854
2115, 526
40977, 507
41253, 265
2544, 433
68877, 73
12890, 698
57703, 617
16240, 191
35809, 877
31599, 705
61345, 121
76766, 942
6374, 182
77141, 985
72933, 491
74234, 772
15489, 572
43419, 824
73091, 948
46482, 918
23095, 761
12317, 679
63983, 517
64519, 525
31182, 49
34324, 503
53674, 365
63212, 790
64444, 817
30246, 38
65695, 398
74529, 527
30736, 829
11799, 800
58263, 173
64148, 725
77619, 791
13492, 120
74387, 930
3722, 419
61542, 46
24326, 349
39965, 720
20690, 885
60076, 731
2325, 39
29539, 424
43642, 899
67171, 220
1306, 629
38620, 547
9194, 805
32194, 360
3667, 450
32226, 389
63435, 851
15812, 207
17779, 217
28172, 532
47448, 158
65349, 967
47328, 134
78182, 676
20951, 287
73821, 760
19043, 863
27347, 333
19328, 727
43834, 392
61156, 845
62143, 62
12642, 664
14971, 409
31319, 181
78204, 301
4803, 677
38592, 897
62095, 163
3271, 653
5012, 800
41991, 60
60758, 505
18730, 379
68742, 712
20440, 798
39137, 119
53556, 58
52200, 519
21748, 467
73903, 176
55869, 136
54177, 738
9125, 735
23719, 490
28587, 30
39042, 612
77942, 67
79834, 633
29821, 641
15445, 257
23947, 134
65177, 286
55858, 96
7862, 131
16423, 856
13309, 627
6129, 420
26821, 957
35669, 742
11982, 352
75428, 849
60344, 796
47890, 719
65858, 224
56464, 311
39560, 753
45460, 128
4955, 179
39038, 24
32726, 477
42135, 966
72123, 5
56176, 69
17927, 94
71801, 674
34215, 487
26922, 714
22973, 464
22602, 259
40236, 984
75010, 405
57745, 252
15026, 133
52748, 484
46021, 953
31665, 509
4521, 504
59534, 985
64937, 780
24915, 948
29730, 250
44107, 899
53301, 48
25847, 752
16585, 111
56392, 491
11338, 888
57881, 152
51064, 591
58193, 156
71368, 97
74362, 890
18224, 805
2610, 733
57681, 167
71475, 906
77927, 402
8101, 68
31829, 287
32854, 815
78450, 394
27139, 713
60569, 936
27667, 494
34901, 957
38181, 983
27670, 123
44621, 969
70005, 232
58853, 11
51686, 81
2873, 782
71592, 0
19938, 926
65871, 865
13396, 749
50436, 912
48674, 939
6883, 654
56338, 47
19403, 284
36063, 406
79674, 456
64167, 463
46322, 167
48003, 53
34945, 738
32184, 699
72482, 254
6743, 268
72591, 678
60174, 856
20826, 288
7385, 555
71987, 749
65700, 412
7775, 296
26036, 152
52487, 209
65882, 958
46846, 469
20961, 132
5863, 237
72844, 178
43589, 22
14046, 323
63542, 13
61470, 618
38915, 815
70684, 398
43153, 833
74337, 630
49303, 229
15056, 51
79640, 383
39959, 591
55718, 464
22068, 386
50997, 27
31928, 913
77433, 689
21239, 629
6438, 862
64962, 319
20813, 47
52529, 643
69789, 303
74147, 20
10642, 970
36353, 664
8267, 116
9065, 347
71384, 403
22648, 704
45932, 362
32447, 706
23513, 205
19420, 811
25806, 786
39062, 669
59045, 334
74001, 364
19798, 384
36172, 265
18693, 836
46056, 310
62759, 677
47937, 946
50415, 925
36823, 553
13897, 759
32278, 40
73737, 291
25415, 519
24267, 444
43457, 361
17953, 269
74931, 836
62903, 529
57211, 241
11765, 981
1495, 487
8749, 123
65351, 79
39343, 510
12976, 276
69178, 517
45222, 371
2347, 625
21807, 936
78576, 46
5224, 962
68386, 949
61057, 738
6964, 207
44915, 904
9197, 170
140, 432
5364, 298
54298, 416
41777, 5
59669, 775
1196, 121
72331, 750
62332, 834
14799, 133
17741, 815
77393, 678
72956, 370
76076, 395
20454, 829
72636, 585
1855, 722
43598, 418
6712, 815
44756, 48
65320, 287
64196, 538
15540, 495
70078, 708
14706, 482
9027, 486
2899, 500
5206, 302
28846, 688
67447, 404
58916, 941
71634, 878
38289, 955
3540, 702
22596, 253
56554, 168
51767, 983
12272, 266
13431, 987
36879, 292
17075, 475
59050, 440
458, 258
50113, 451
25210, 730
2495, 247
41963, 279
5410, 938
52041, 449
39122, 288
68497, 883
65129, 633
19451, 727
16551, 168
49297, 300
37666, 687
73707, 367
62889, 871
25793, 956
44790, 980
46545, 869
71686, 125
48029, 900
41813, 366
9232, 770
51079, 762
59859, 388
79668, 586
11470, 358
27383, 376
34049, 223
44249, 302
40309, 502
11316, 703
22765, 104
58373, 76
72926, 809
48913, 44
40868, 698
46782, 38
68756, 866
52327, 964
12477, 591
35417, 488
46550, 375
51334, 717
26116, 140
71921, 867
17517, 793
77132, 4
10188, 58
72459, 293
20007, 38
27164, 386
58160, 869
66637, 931
76618, 383
23673, 760
65431, 650
71203, 534
8235, 189
2300, 386
44416, 908
34648, 525
36237, 122
63150, 280
56344, 525
48070, 229
6553, 562
11794, 577
42616, 369
45691, 270
7160, 803
21268, 665
11062, 779
30255, 218
45389, 797
17317, 459
50131, 166
64371, 920
75348, 395
36010, 628
40419, 502
11012, 28
26654, 826
33988, 73
40925, 372
12487, 776
59251, 218
10370, 935
23202, 33
51122, 893
62691, 555
62232, 36
76260, 531
44191, 559
79490, 934
32806, 563
22523, 528
16324, 66
56429, 234
563, 829
44731, 524
76945, 601
59710, 745
45456, 387
54721, 919
52796, 446
1500, 585
67994, 73
60467, 529
10718, 898
65542, 733
53275, 313
41040, 348
64546, 449
4040, 86
58313, 270
51289, 874
65752, 161
38555, 294
19235, 295
44566, 167
20494, 285
28317, 291
23968, 470
45295, 112
9707, 910
54998, 187
15690, 977
22656, 962
50001, 962
53362, 559
17584, 716
6422, 861
20847, 907
22906, 39
18088, 683
41411, 999
26426, 272
10313, 822
67191, 166
30657, 324
23920, 968
13216, 753
53036, 871
14830, 760
43018, 304
73933, 701
63995, 462
11234, 779
50026, 524
37430, 343
29406, 680
73722, 251
32999, 556
75271, 524
40050, 762
19169, 84
73483, 406
68688, 262
48757, 305
28267, 778
53531, 303
12678, 92
1982, 86
5948, 23
49180, 651
20241, 748
78536, 143
41798, 905
62633, 74
3589, 408
4574, 545
63450, 587
75670, 146
31322, 795
21173, 731
33612, 684
33104, 884
51013, 102
77607, 594
35469, 497
27647, 617
65724, 961
40717, 223
74615, 799
79479, 295
46178, 135
52840, 179
53750, 86
16405, 519
34099, 724
65183, 570
25110, 974
38639, 488
75643, 880
1629, 453
20168, 125
28878, 676
53109, 791
11733, 715
76512, 833
53665, 185
50499, 475
29303, 942
46353, 89
37722, 94
66726, 117
27125, 833
13414, 697
44323, 900
67194, 747
36701, 275
26740, 848
78809, 370
41859, 131
56883, 625
79560, 688
74318, 369
10655, 297
21258, 397
69655, 23
2726, 569
37804, 994
41265, 418
31820, 179
10656, 869
37830, 991
11600, 790
10725, 16
65026, 409
46764, 217
78383, 585
4461, 818
55891, 684
52972, 234
10847, 230
1190, 546
70949, 324
53667, 575
65507, 206
45479, 954
67552, 874
68931, 317
61757, 50
75667, 917
65665, 769
42407, 760
8714, 619
76944, 375
15627, 335
68033, 202
32658, 809
54006, 949
50661, 523
64645, 684
65224, 735
3416, 807
6171, 809
56901, 784
2836, 208
27249, 224
40984, 452
51465, 259
43960, 296
66950, 469
73890, 661
18464, 861
42808, 272
51330, 408
53847, 462
5083, 1
55280, 914
23461, 180
50627, 276
64138, 316
74499, 392
44444, 202
48307, 706
63814, 406
13212, 766
75486, 624
59789, 23
22581, 68
57937, 685
76880, 917
14516, 933
57935, 528
31724, 497
55061, 162
66721, 418
38602, 639
32227, 278
41135, 483
58227, 992
4470, 806
2120, 164
19305, 236
25412, 425
58605, 347
58156, 331
68766, 802
26385, 779
31233, 300
41621, 319
46233, 208
42033, 328
14452, 267
19431, 706
8137, 204
51773, 663
36297, 493
23649, 661
18026, 567
5835, 14
30555, 870
7355, 283
63721, 922
43787, 993
64541, 387
46897, 982
13849, 601
26744, 292
40503, 697
5035, 505
31777, 528
11778, 63
13360, 605
23588, 66
15303, 935
11331, 296
59954, 918
46638, 338
13592, 592
7110, 865
40877, 83
51490, 613
14457, 178
77352, 997
15273, 189
6946, 326
34904, 99
79209, 291
74051, 362
53300, 463
5360, 176
5137, 370
77704, 870
77582, 1000
63937, 167
52050, 751
54434, 838
4093, 28
75569, 51
32993, 770
32573, 646
20174, 790
31628, 507
26438, 350
51926, 327
25454, 706
123, 427
26283, 78
24008, 873
44087, 418
62023, 115
25465, 222
60287, 566
38453, 20
17479, 335
1234, 996
43236, 387
12009, 520
55579, 536
13093, 36
56391, 274
5726, 631
53333, 999
32074, 369
49654, 354
29399, 161
64041, 594
66200, 366
5483, 787
45621, 248
58311, 73
41760, 675
54121, 409
53785, 499
45055, 834
17888, 913
43072, 31
49371, 824
72274, 416
56993, 322
61216, 483
50544, 628
37800, 118
12894, 936
7676, 142
42935, 64
70299, 27
47404, 786
43309, 720
75402, 956
7834, 634
22834, 517
66051, 618
77724, 714
61772, 890
53298, 570
30272, 631
36918, 555
46529, 80
11486, 380
78201, 590
14511, 607
72413, 540
36116, 843
38048, 456
9468, 398
35768, 69
423, 132
23086, 964
50755, 193
66467, 234
62115, 60
74012, 832
57415, 692
74405, 617
53199, 0
67749, 600
13416, 361
11481, 384
50348, 47
76933, 9
13490, 27
15029, 720
64396, 937
17340, 906
31726, 503
17835, 339
41836, 745
42305, 768
6073, 104
67410, 717
28717, 448
27086, 201
761, 576
4445, 895
11677, 326
46695, 285
77416, 714
69915, 778
56248, 300
38534, 700
1956, 944
55116, 734
62026, 338
43445, 497
68371, 793
33050, 300
47210, 468
59285, 117
23885, 296
69072, 697
7791, 473
41845, 159
56804, 265
65517, 328
19067, 142
79425, 101
17162, 881
27471, 146
27665, 946
51354, 383
37789, 460
6959, 60
39242, 340
62505, 22
46646, 721
4398, 689
35807, 189
52138, 678
35888, 340
65088, 726
24968, 291
35303, 0
79129, 712
37145, 397
33694, 417
30323, 611
33343, 251
23516, 333
13591, 562
77335, 263
27063, 555
28214, 773
49958, 233
10587, 568
649, 925
77497, 197
13166, 835
34381, 29
75070, 293
63190, 950
33655, 176
9699, 856
48917, 672
52617, 880
69454, 676
59422, 318
4129, 374
57863, 45
903, 982
75708, 646
35964, 836
15473, 891
741, 892
38992, 548
46188, 962
56682, 282
26629, 574
61068, 798
58977, 850
58196, 83
79289, 359
10207, 260
77194, 914
42989, 788
46808, 517
41285, 390
55363, 399
5833, 541
41654, 560
52875, 168
6267, 221
72805, 226
37518, 453
60837, 320
21453, 722
51240, 410
28044, 987
69958, 6
15408, 963
28301, 927
46411, 996
62895, 284
55445, 956
30619, 721
52606, 207
5706, 148
3593, 718
24428, 285
21633, 299
73927, 969
32536, 34
38498, 129
22289, 783
33776, 252
32337, 919
18874, 21
22624, 462
59517, 600
61441, 276
19150, 776
42941, 777
51320, 653
821, 445
74264, 29
4224, 273
73330, 201
42236, 789
59015, 569
23579, 120
13256, 192
30043, 682
7074, 401
70664, 745
37426, 386
65609, 122
31769, 339
60332, 989
66160, 736
21504, 779
47239, 615
13368, 363
3909, 324
62459, 184
62190, 783
44479, 138
57567, 511
41748, 946
73316, 535
62890, 748
44758, 663
29313, 340
12823, 264
61326, 793
17033, 274
17019, 836
43568, 513
73961, 148
33271, 475
26714, 451
74052, 536
43313, 573
62711, 841
51489, 557
990, 845
67105, 547
77224, 355
23784, 953
38888, 874
46436, 836
18706, 693
55371, 297
56803, 375
59950, 487
71193, 822
18320, 875
63961, 33
54655, 846
16349, 960
22376, 402
10912, 284
27903, 8
56215, 69
43225, 778
59064, 366
9267, 500
71560, 949
6437, 770
7364, 143
53419, 808
62671, 816
24531, 484
55641, 905
68238, 689
55211, 306
24790, 910
13688, 738
41584, 882
72130, 31
23138, 995
1564, 126
75948, 994
22074, 998
71789, 668
64047, 186
73218, 937
15534, 178
17035, 80
34910, 608
10792, 704
2125, 649
7067, 261
69959, 274
6856, 625
7799, 332
54175, 970
22163, 122
15648, 703
75602, 246
69682, 983
35578, 20
38315, 724
72349, 511
6262, 859
36631, 740
33583, 456
36138, 866
78684, 627
12639, 871
20378, 30
29841, 865
59690, 199
29121, 901
21435, 556
64610, 814
79083, 906
59483, 37
41544, 662
38020, 398
56432, 238
69544, 439
46413, 361
62354, 80
48892, 321
28209, 610
65339, 254
19168, 515
71895, 493
59124, 307
78314, 316
33362, 660
54833, 712
51447, 22
65929, 652
43371, 546
30209, 949
11934, 843
12290, 716
6483, 449
69719, 363
22805, 402
78055, 232
5855, 741
14199, 712
33515, 680
14443, 469
25218, 432
4433, 531
44979, 21
26290, 893
69135, 36
40362, 922
57742, 137
68684, 584
47319, 350
59027, 889
18484, 975
53092, 242
12329, 177
19802, 63
28711, 373
9579, 579
40541, 807
18750, 24
75608, 396
36372, 767
4628, 990
31217, 321
57655, 692
4950, 155
55248, 114
22780, 131
28405, 65
57263, 999
9969, 155
19973, 138
3624, 416
27100, 587
67856, 62
36628, 893
29218, 276
72264, 340
26585, 614
25345, 430
47394, 579
65046, 779
53093, 476
50721, 360
52226, 152
3802, 475
18330, 900
26913, 855
62219, 508
17268, 167
77772, 959
78975, 552
79603, 230
39523, 49
11870, 137
10800, 477
11487, 502
50115, 374
59975, 573
22447, 449
31792, 169
16233, 796
5929, 305
14563, 222
37647, 269
56936, 84
78688, 39
39318, 639
17701, 44
36462, 463
61343, 734
77375, 728
77442, 52
56669, 205
43088, 130
4771, 698
59991, 502
66856, 794
23778, 552
4633, 973
61457, 109
17522, 548
44748, 43
19479, 958
79327, 921
17683, 701
40907, 575
23456, 580
37320, 430
43826, 291
63467, 193
28038, 928
3089, 123
14215, 369
76643, 939
78418, 639
45966, 606
21457, 780
63934, 620
61031, 980
30173, 670
65735, 202
66960, 492
35694, 182
57117, 848
39474, 973
34842, 375
46997, 631
44, 695
18446, 315
68533, 25
44797, 925
76916, 43
42663, 629
28967, 116
18147, 734
65407, 232
32708, 403
71194, 173
67628, 994
6110, 105
73248, 470
9108, 998
68096, 210
28516, 915
79886, 944
53343, 355
40171, 522
34211, 529
72875, 874
44478, 449
59193, 895
43684, 73
68077, 245
72954, 742
36830, 619
51957, 197
2484, 568
72422, 665
8943, 453
17298, 297
31602, 374
66695, 707
48610, 945
47822, 855
756, 370
47363, 151
15643, 142
12060, 975
6077, 586
26222, 564
68254, 481
43446, 361
63909, 853
62784, 135
43603, 505
33327, 369
64206, 962
22913, 821
36567, 409
26225, 819
58983, 148
78864, 300
78398, 723
34338, 486
64471, 764
45946, 891
7719, 62
42781, 273
13013, 861
59725, 372
39119, 287
22569, 657
48020, 52
5645, 62
10437, 401
14040, 89
38217, 909
21974, 512
32158, 804
61697, 593
70535, 691
63587, 665
60451, 530
72890, 505
4612, 704
61635, 676
41832, 319
55012, 149
37831, 144
10278, 681
42069, 31
28260, 992
59814, 504
58114, 130
14596, 570
7924, 504
24817, 205
50286, 102
76753, 143
69510, 251
36166, 835
19506, 998
68017, 287
24864, 490
2434, 444
68874, 525
3639, 125
6887, 969
79986, 701
63622, 219
76071, 841
2943, 840
9392, 641
70413, 887
23290, 30
59837, 51
24386, 461
58709, 77
79839, 457
48487, 231
6871, 695
43040, 777
14684, 52
39796, 771
61320, 13
31451, 21
49139, 371
43132, 567
20529, 706
44258, 95
40213, 9
36036, 985
73479, 586
56181, 696
77030, 175
10132, 823
57680, 330
63599, 343
55224, 347
65581, 452
26414, 583
25381, 683
68577, 206
59901, 42
9438, 580
57619, 459
63186, 539
27442, 454
65428, 883
72860, 927
36799, 552
45184, 485
38779, 33
4873, 706
53770, 537
60381, 823
16074, 540
79729, 713
79357, 567
63888, 420
30194, 943
75235, 551
54056, 685
1503, 59
6556, 799
26909, 541
77612, 967
55733, 785
32156, 565
11812, 258
68118, 496
278, 441
71110, 34
23064, 970
55368, 150
32152, 899
28955, 660
64256, 574
47897, 809
66881, 642
23742, 371
53966, 993
66108, 7
19861, 35
31084, 121
15271, 620
2960, 276
70240, 547
76670, 123
23907, 597
78631, 483
22626, 917
19052, 810
64521, 496
62078, 387
60345, 744
45766, 329
12326, 204
11774, 244
25220, 80
4304, 425
52160, 301
17459, 195
63586, 309
24953, 859
74984, 536
14342, 752
67409, 412
10880, 46
62917, 772
57766, 50
21016, 277
15832, 179
63054, 437
67873, 318
37464, 432
713, 345
64279, 692
9214, 196
58811, 288
72870, 385
22886, 193
3994, 421
47546, 481
41329, 687
30092, 659
75561, 999
16107, 303
37223, 92
42506, 72
48650, 623
67712, 519
58869, 464
41957, 524
52965, 203
79851, 899
8824, 499
34437, 228
63035, 329
36271, 429
16342, 596
76372, 820
22943, 87
65139, 700
2044, 203
8955, 546
34575, 13
79880, 475
59755, 162
3839, 591
67667, 685
59297, 127
74841, 329
27046, 944
22279, 777
5581, 643
48182, 226
60722, 848
55950, 866
30250, 682
40208, 438
22160, 863
69653, 546
63716, 481
76021, 717
34886, 739
21060, 7
26624, 998
19785, 46
18867, 814
8371, 89
41386, 634
27719, 968
55811, 245
26257, 727
55398, 724
76959, 662
64325, 527
66301, 187
54985, 866
48056, 451
10479, 799
22150, 797
28965, 556
36977, 73
25631, 676
21879, 507
26032, 240
12335, 36
1637, 366
14790, 734
74904, 559
23352, 510
24974, 5
72146, 757
709, 189
66858, 233
2, 573
21709, 495
79273, 332
51414, 647
9328, 451
24918, 742
19597, 816
6475, 774
43367, 392
17450, 447
14514, 367
55940, 947
30561, 978
77472, 965
18552, 347
50648, 368
56462, 30
68880, 251
17328, 331
3862, 115
40697, 876
9157, 604
55037, 218
18463, 0
76194, 804
6409, 546
67131, 559
54113, 625
74394, 530
917, 30
23410, 441
66764, 748
65628, 355
6758, 482
30824, 163
64340, 354
78660, 954
65997, 560
55053, 806
72864, 376
36979, 96
64402, 390
62373, 385
58460, 770
67612, 149
77440, 303
44543, 32
23067, 820
55055, 817
16623, 229
30866, 626
54102, 802
61915, 420
10007, 623
54625, 623
14350, 222
7756, 510
59851, 910
65729, 775
56008, 950
22982, 649
78089, 501
41429, 134
15219, 804
55900, 24
9653, 985
10804, 632
67049, 75
1565, 995
22445, 382
69993, 337
42117, 883
53107, 484
38084, 896
35540, 210
33487, 488
22910, 422
35625, 189
21252, 609
57668, 190
77154, 916
7476, 314
29006, 876
10346, 596
69659, 576
12289, 419
58510, 281
60320, 549
58316, 120
72314, 629
49551, 507
61910, 500
16012, 435
9218, 543
58549, 481
33505, 897
9481, 218
47252, 683
62791, 880
75550, 358
34341, 699
61209, 343
73515, 390
61982, 884
71217, 437
62166, 968
58805, 11
67477, 307
42294, 358
41281, 707
78562, 338
79770, 350
31811, 640
38928, 283
14018, 929
52216, 340
36199, 264
79359, 409
53401, 920
42988, 579
71984, 295
37566, 174
65892, 528
58823, 939
67382, 147
53222, 622
2143, 58
60297, 533
33191, 127
6725, 186
54702, 258
68028, 73
46974, 51
39466, 613
71788, 376
48551, 981
73546, 127
614, 277
69367, 635
75258, 815
15811, 648
73237, 441
38304, 322
26676, 652
3315, 59
31618, 846
42507, 107
10895, 992
71575, 327
66362, 310
15930, 306
55715, 654
74163, 187
46084, 684
43591, 552
6203, 778
40801, 171
11237, 503
20872, 18
39436, 440
9185, 232
34787, 39
30844, 588
12760, 0
10552, 957
11161, 720
67006, 219
21597, 996
38713, 748
472, 221
24920, 928
68127, 712
3729, 370
63816, 72
3783, 764
25094, 986
74123, 796
75932, 377
57914, 468
69702, 622
4807, 735
75814, 135
36720, 316
20583, 335
22948, 30
57188, 18
31008, 765
31207, 642
75703, 547
17496, 516
57389, 90
49296, 618
34619, 767
47629, 715
66042, 367
73173, 768
68372, 710
76729, 695
15723, 212
5395, 759
18109, 251
14695, 599
79030, 679
14903, 550
66515, 526
73725, 47
55552, 178
18465, 200
10757, 965
27565, 450
33340, 745
22823, 418
77508, 844
64986, 731
33785, 398
78796, 463
46115, 289
12592, 443
60312, 825
13863, 272
36829, 704
41140, 758
42942, 840
10750, 22
15488, 994
7078, 618
2768, 831
72528, 121
6316, 999
37619, 398
75866, 225
33152, 851
6722, 142
58712, 609
40904, 886
78123, 790
859, 241
27025, 174
67164, 184
24224, 888
39902, 706
65842, 36
25390, 143
18933, 681
38668, 668
23769, 971
25246, 105
14741, 91
68842, 449
7519, 621
52881, 329
4204, 56
58777, 258
33451, 419
59807, 672
3559, 150
53512, 193
55861, 82
10541, 420
50470, 183
20920, 429
31793, 724
59486, 229
51758, 804
20908, 153
43835, 442
18699, 278
77747, 947
2486, 561
50305, 764
11530, 240
48517, 125
60588, 711
13325, 571
7256, 606
79181, 92
25599, 142
11355, 32
60593, 563
16906, 290
29835, 285
31436, 946
35458, 85
66250, 228
7395, 156
23221, 990
71266, 96
50719, 921
5402, 672
68586, 113
5312, 48
5712, 664
55047, 468
59593, 660
54305, 771
23898, 691
75609, 99
253, 423
71168, 2
65094, 978
29587, 922
12673, 953
39449, 376
50224, 264
57809, 899
1605, 417
29847, 752
43431, 449
69749, 326
9383, 920
46307, 474
11018, 78
57302, 594
19786, 471
71702, 637
68517, 875
76133, 60
59551, 729
3155, 668
32456, 326
743, 23
59061, 906
76658, 571
36629, 181
49369, 33
59751, 962
17277, 706
65694, 541
5080, 761
17442, 812
55917, 205
5354, 627
55361, 151
22235, 180
36733, 200
78988, 611
74028, 7
4583, 341
50614, 938
71134, 397
36746, 671
31927, 670
27238, 642
68375, 18
11193, 461
22296, 923
8080, 466
2313, 726
33336, 492
76484, 252
5317, 574
60047, 780
15771, 335
25317, 590
61240, 315
47025, 204
19483, 903
66994, 950
30089, 789
72617, 656
46488, 469
62871, 326
38925, 973
23542, 80
74962, 468
48449, 183
71084, 686
13201, 747
57481, 267
46628, 305
60160, 194
25245, 963
4107, 812
10675, 886
27166, 713
32423, 893
33023, 199
35150, 218
35268, 531
15204, 362
13929, 895
70632, 211
46367, 47
24822, 238
8278, 245
32997, 696
44800, 548
40097, 315
2282, 510
21401, 506
52333, 289
29947, 558
74205, 843
7259, 820
25478, 130
74353, 843
35001, 538
61536, 259
62860, 384
51111, 209
55551, 197
9182, 203
19815, 292
37024, 550
42086, 980
51311, 466
60595, 639
72028, 963
9789, 942
66281, 208
36000, 729
45681, 479
35174, 572
73564, 24
6420, 690
46314, 611
63954, 417
16152, 479
43290, 275
23540, 950
69414, 945
3064, 77
77827, 111
42979, 251
73121, 260
71694, 875
24308, 179
17523, 536
13234, 96
25274, 273
7655, 153
11402, 809
9903, 339
14327, 594
3347, 473
11687, 151
74864, 121
2460, 139
22042, 745
23491, 502
47087, 574
10525, 880
26669, 693
60987, 415
57708, 276
60233, 734
36747, 147
11313, 348
34578, 5
11624, 333
52354, 975
46552, 183
44754, 685
18950, 880
29037, 996
35557, 281
74335, 858
14161, 943
3455, 356
68622, 953
32674, 857
27794, 386
36203, 221
20496, 841
30181, 521
50101, 497
19454, 918
19381, 402
64662, 514
60938, 668
36950, 927
26183, 269
2093, 10
48778, 475
21475, 266
65252, 833
11370, 623
53916, 621
5617, 966
31290, 324
38465, 985
47652, 846
39867, 533
16159, 210
44947, 866
23662, 958
24967, 465
59075, 616
2673, 57
75796, 732
76889, 843
78777, 679
61475, 863
75238, 795
22107, 124
58422, 82
32056, 801
36520, 335
59698, 17
61074, 788
40708, 621
20865, 849
18819, 391
10713, 504
39002, 922
31690, 108
78160, 231
30927, 564
70579, 616
21354, 61
25872, 467
6234, 218
52623, 555
40840, 801
54772, 843
18404, 73
71890, 13
16249, 918
28445, 206
36603, 768
58028, 571
58979, 556
52451, 289
2242, 209
55396, 609
53237, 257
18133, 771
10119, 58
62379, 791
70564, 725
754, 632
8431, 438
45535, 560
60914, 835
73852, 714
63604, 723
16137, 794
11478, 87
44281, 578
21551, 765
77778, 976
26230, 728
22628, 81
7803, 930
62687, 472
61371, 385
64648, 735
11898, 459
50051, 309
68396, 666
58443, 418
75967, 993
78720, 869
12505, 455
67479, 554
2570, 153
15572, 717
12278, 626
7477, 375
17971, 305
42251, 651
61066, 685
62118, 95
10748, 68
23084, 309
56388, 285
20821, 44
5909, 129
52241, 79
14302, 655
61520, 297
818, 969
71273, 222
5847, 327
64891, 77
76525, 839
74752, 248
46854, 244
11100, 777
14108, 377
11547, 323
19690, 143
11005, 201
14765, 237
700, 178
22310, 872
42078, 231
11947, 235
78188, 197
12556, 257
27351, 993
6358, 46
21937, 246
77280, 961
60471, 417
73884, 773
14504, 297
25282, 686
30258, 372
73497, 737
78252, 312
47662, 246
75763, 322
4088, 91
66557, 122
1119, 661
16506, 295
34545, 73
64373, 683
16566, 161
26286, 216
55938, 743
40206, 548
43701, 382
44848, 433
77536, 253
41717, 279
56075, 971
78999, 328
69910, 293
5424, 981
49110, 72
53314, 517
58051, 579
30579, 48
44930, 167
44971, 607
78703, 762
62311, 550
63744, 86
36512, 525
56333, 242
64492, 253
39561, 436
4712, 263
57062, 896
34864, 508
65513, 297
57798, 948
70, 774
8960, 599
23123, 646
49231, 770
62745, 589
41003, 336
12581, 920
63681, 628
34873, 748
50778, 711
58724, 529
30127, 588
14441, 283
20023, 860
75420, 83
67634, 683
74301, 357
77976, 230
54538, 912
74088, 90
15487, 625
12007, 277
67622, 571
33157, 906
7100, 93
58904, 953
14076, 256
37854, 732
4460, 791
55907, 660
34548, 634
16413, 554
14582, 296
67124, 315
3020, 606
24849, 626
20622, 533
16858, 489
60887, 387
407, 341
49794, 171
26660, 33
54609, 308
19436, 490
76499, 537
36699, 340
38419, 809
44982, 60
14724, 642
57487, 47
68594, 201
52203, 821
68618, 802
51488, 78
35017, 788
549, 20
58716, 277
35053, 749
46477, 940
44035, 546
40890, 771
9825, 987
74399, 368
21419, 945
20789, 482
29606, 963
49703, 150
64447, 445
18872, 100
73197, 140
7031, 978
15377, 236
38151, 991
60341, 97
58439, 741
41523, 927
48630, 974
47606, 997
25503, 858
46100, 798
17545, 912
55744, 719
49070, 447
21269, 635
13453, 375
34943, 946
12010, 682
73822, 422
61309, 472
47808, 738
49985, 850
44753, 466
34562, 209
54378, 815
59794, 965
57009, 847
39215, 713
46679, 436
63607, 784
24118, 565
13171, 405
51863, 139
52142, 654
18412, 77
26310, 621
24628, 245
17934, 923
55362, 527
33055, 423
44926, 116
20548, 610
25665, 145
53150, 391
26264, 279
7128, 47
37307, 901
20151, 487
25107, 524
76421, 27
25558, 293
72384, 364
79728, 37
36260, 816
64133, 724
7503, 595
23994, 334
71995, 511
23691, 35
43143, 58
45542, 119
3187, 741
33608, 795
7671, 937
12517, 195
22515, 944
4581, 940
36722, 21
37451, 371
46724, 882
72036, 389
45981, 563
23309, 848
3233, 803
19452, 665
70015, 526
5872, 523
43623, 540
43979, 133
7829, 979
11279, 587
24219, 369
25926, 394
32676, 391
54686, 55
40080, 330
1715, 23
49759, 59
2087, 182
61685, 600
11840, 122
77765, 866
40591, 215
20681, 390
17062, 680
20216, 302
69393, 672
47261, 199
1305, 1
34747, 106
8147, 393
17083, 578
69068, 291
9732, 656
11457, 259
69179, 414
32470, 754
20172, 34
30897, 534
27778, 391
63108, 115
54703, 485
17966, 356
38645, 77
55145, 59
79271, 469
59781, 692
69944, 82
9937, 8
14495, 57
73727, 595
28872, 388
37643, 559
78149, 698
36393, 421
57875, 562
65840, 443
1261, 488
5636, 325
50493, 813
16522, 16
31590, 799
74472, 724
71793, 430
49672, 277
23209, 140
73813, 548
62793, 513
63236, 182
28404, 856
49670, 885
23371, 264
45404, 303
40086, 550
79256, 649
16232, 88
39850, 195
60764, 264
49193, 663
29053, 429
57040, 798
69967, 422
19261, 255
46884, 859
56355, 901
65378, 133
63565, 721
21493, 489
24598, 43
19473, 65
4161, 830
48859, 468
21295, 312
29801, 504
32094, 327
66838, 730
67222, 536
8283, 39
57128, 90
47450, 733
59078, 26
39773, 939
42425, 971
12379, 489
10345, 363
21626, 831
3538, 469
40862, 369
56403, 345
36848, 188
61815, 915
41400, 391
3864, 713
23654, 896
65352, 445
30116, 766
71292, 748
21178, 494
31491, 120
38935, 863
26969, 648
21164, 249
34367, 252
34507, 683
24911, 585
38052, 642
6466, 189
68291, 495
37367, 261
35382, 491
6718, 866
59143, 477
35219, 205
31892, 718
45566, 146
29486, 857
22527, 962
31467, 838
31016, 680
59466, 189
75481, 830
22918, 138
74261, 947
76381, 451
51372, 286
56506, 541
25529, 365
52174, 689
43178, 335
24492, 57
72001, 650
33159, 513
51927, 97
29791, 107
32046, 784
50688, 270
21410, 841
6737, 584
1229, 792
19543, 408
48501, 586
19008, 11
63206, 297
4820, 239
52817, 474
64776, 106
2846, 115
35495, 28
44679, 443
8746, 192
60368, 330
79526, 644
29126, 73
79259, 755
18890, 280
46982, 759
38331, 784
59511, 800
18994, 135
48951, 246
28709, 940
75767, 641
14308, 99
56470, 257
49324, 503
42690, 613
71033, 803
70093, 343
50735, 926
75843, 978
8490, 432
38544, 819
60556, 114
42888, 235
55708, 672
43387, 552
53118, 163
6521, 32
58616, 281
37631, 392
53555, 356
2501, 428
73164, 597
46020, 864
40233, 873
34236, 428
49189, 194
61448, 128
79766, 148
68677, 230
70623, 3
16451, 408
67473, 209
59525, 282
17977, 808
1420, 789
11602, 384
51955, 798
31423, 544
46002, 49
33679, 522
5063, 956
23308, 901
39445, 273
77998, 926
16234, 378
36804, 462
12512, 240
5552, 707
51742, 641
8383, 128
34339, 267
15234, 990
31733, 133
66386, 573
65415, 806
53980, 65
76188, 766
30391, 257
15775, 306
50869, 798
39539, 770
61399, 871
20735, 124
20618, 101
1487, 233
76047, 609
34839, 259
39191, 265
78494, 602
29105, 432
2692, 363
65437, 684
62013, 394
36228, 276
22324, 512
3631, 37
63665, 97
64472, 735
44517, 963
51754, 115
63852, 353
6577, 369
34100, 108
43384, 305
70941, 806
40635, 214
34697, 727
11790, 595
25226, 652
39785, 529
65032, 764
28319, 618
2405, 470
60042, 766
36675, 965
78416, 943
50710, 555
30342, 626
35343, 485
69980, 609
74144, 815
47257, 15
16907, 87
23845, 981
10821, 390
55304, 132
52297, 148
71503, 676
68886, 841
5238, 9
12025, 143
43735, 236
70710, 544
10123, 270
58206, 361
58494, 535
29689, 56
62008, 928
31552, 653
54387, 979
13920, 187
38021, 889
49511, 581
20762, 703
15498, 233
39964, 901
12630, 3
79688, 101
5082, 731
48697, 267
30429, 482
32039, 824
37779, 608
66242, 497
4160, 266
24257, 612
17725, 316
19283, 859
28461, 50
39374, 803
37594, 964
53904, 927
28729, 302
51731, 757
70474, 864
45339, 384
58778, 609
42790, 791
38135, 84
50316, 715
8091, 969
45220, 838
57248, 223
25231, 972
66111, 561
9983, 353
23711, 606
17820, 880
49191, 675
60314, 319
33954, 50
73321, 438
66177, 930
5542, 51
39379, 735
9030, 472
51456, 564
76237, 886
32182, 763
36302, 337
44967, 960
1081, 57
26869, 675
42897, 787
69514, 991
71837, 203
55972, 918
17528, 229
61136, 364
69997, 716
20213, 997
45296, 762
78797, 561
45300, 368
2332, 619
39267, 909
31786, 705
26297, 76
70720, 454
2814, 167
5920, 179
42667, 644
42389, 227
54078, 326
44127, 440
20294, 642
65586, 125
34261, 190
79243, 415
20308, 887
58179, 332
47097, 740
38883, 811
42036, 80
29591, 824
50016, 14
21985, 59
36914, 413
53231, 852
17983, 669
53005, 336
61269, 630
60077, 750
30689, 646
18762, 677
32395, 340
12156, 189
53526, 912
70631, 884
31028, 116
7574, 84
1887, 942
66977, 753
19157, 492
21416, 515
808, 147
64614, 555
67582, 150
7629, 765
4292, 555
55472, 819
16624, 333
51616, 579
60601, 259
79464, 472
71357, 925
10237, 848
18299, 955
22127, 188
34861, 589
9556, 765
72988, 267
36424, 165
43582, 327
9887, 151
65646, 337
31592, 65
24305, 158
22547, 290
43863, 891
26541, 695
66943, 129
79228, 594
15257, 713
2113, 989
19943, 593
42665, 653
25434, 403
2748, 748
53354, 607
54368, 811
27822, 865
3041, 806
35390, 256
47574, 866
16242, 849
34039, 270
25302, 909
65125, 563
23776, 871
74344, 91
55106, 511
75638, 768
52053, 935
71940, 159
49866, 806
11729, 653
26070, 191
44952, 570
71947, 740
3754, 965
19047, 104
50473, 402
52274, 774
25749, 253
77855, 177
18755, 515
19589, 247
2839, 859
1684, 88
68082, 689
19893, 245
36456, 480
14642, 804
64249, 236
77600, 788
14825, 978
13447, 748
24057, 405
33278, 764
8148, 900
54891, 624
56484, 780
57194, 533
75494, 188
68086, 544
11395, 820
64295, 271
26382, 555
72611, 490
11503, 67
34422, 903
26743, 800
62165, 774
30066, 201
70442, 912
66387, 182
77435, 421
42578, 729
6881, 390
28099, 364
30211, 749
76208, 182
51411, 978
41390, 159
28018, 715
44745, 800
586, 370
28614, 977
6500, 483
12727, 537
33146, 959
30639, 906
21305, 997
74901, 358
32814, 378
16095, 898
65354, 788
59117, 51
38820, 137
70997, 275
33002, 901
7387, 1000
6366, 245
27607, 332
59624, 203
3769, 217
72837, 350
44844, 354
55049, 185
1060, 647
7399, 266
22146, 356
50758, 693
8333, 497
54766, 983
67213, 824
45520, 329
50062, 422
43904, 815
40691, 937
63270, 811
13713, 258
75362, 165
62640, 269
61991, 955
56947, 437
1425, 547
11766, 190
30873, 850
39555, 954
62439, 816
78560, 610
78062, 483
61863, 840
17672, 261
6678, 113
50998, 660
77641, 242
36142, 633
19672, 117
1820, 600
64975, 530
74964, 165
10088, 560
42140, 247
58917, 831
37153, 849
34458, 827
75048, 565
3814, 392
51720, 242
73748, 148
67248, 41
44580, 355
72785, 532
62915, 267
78474, 795
15868, 718
46176, 442
18017, 163
30845, 939
21725, 86
75439, 869
15805, 470
66865, 218
36581, 155
75530, 493
60278, 441
7214, 965
4822, 265
33767, 978
40383, 939
56777, 455
62478, 729
19880, 540
38110, 654
39548, 764
66578, 311
35283, 168
29000, 637
72220, 199
44970, 762
20626, 878
15295, 122
79221, 769
6469, 487
62555, 880
57401, 25
65982, 530
31983, 201
17451, 242
57581, 873
72679, 814
48623, 883
15615, 859
3097, 882
31306, 683
4134, 284
50167, 318
14101, 94
78967, 961
59482, 204
72757, 607
3450, 663
73385, 927
54483, 630
1553, 623
6123, 65
70064, 148
29644, 734
15307, 740
44351, 572
16628, 402
22947, 946
16866, 520
60674, 911
4230, 350
17909, 569
71127, 770
8604, 844
46694, 768
13989, 659
31518, 28
28795, 382
7567, 995
18057, 236
11298, 556
25902, 720
29440, 166
23511, 125
22745, 958
45191, 338
72951, 778
31727, 645
56780, 417
13019, 249
16073, 583
53064, 445
48807, 15
50272, 498
74246, 266
58612, 560
8724, 775
75757, 597
40941, 526
78666, 595
73069, 808
60920, 514
24869, 896
7872, 386
3648, 496
49783, 606
35114, 37
47744, 217
11852, 394
27752, 238
68940, 493
66295, 235
73476, 935
41339, 771
16254, 822
41486, 407
39579, 468
37783, 710
23846, 40
5187, 104
63111, 44
45410, 510
19072, 915
39808, 424
53097, 364
22646, 608
38527, 806
59904, 978
59655, 748
32097, 523
75480, 51
71417, 720
41103, 218
42234, 216
25455, 809
35643, 185
43244, 504
4818, 49
37929, 787
46447, 38
5578, 567
18928, 472
41727, 402
40232, 370
28070, 443
21477, 405
4372, 455
62464, 892
4162, 746
65857, 438
32260, 928
48941, 294
13130, 64
51932, 368
42723, 533
17026, 643
54230, 214
16898, 62
10006, 472
70159, 574
3092, 79
77274, 544
40083, 113
23644, 836
14762, 69
39554, 250
3665, 511
45687, 880
35786, 237
56071, 552
40590, 61
21758, 54
1876, 348
8346, 390
11809, 780
24694, 63
6975, 207
12717, 844
76798, 265
911, 641
64889, 264
39700, 557
73435, 842
12117, 328
8742, 525
15220, 659
6939, 976
17611, 680
74274, 624
78689, 14
60192, 1000
23356, 604
50270, 128
62440, 703
29959, 236
55846, 814
17552, 986
37154, 390
75707, 714
60879, 49
2156, 612
19319, 609
17389, 356
72346, 817
70727, 646
41137, 988
65611, 502
27889, 932
15017, 352
68930, 216
10630, 370
15910, 279
28155, 598
71625, 524
12722, 273
73771, 45
10508, 415
61119, 272
13551, 164
32585, 741
27431, 287
16657, 360
8980, 611
38691, 519
2971, 258
1588, 686
40379, 337
26270, 295
36551, 228
55151, 100
32503, 888
5875, 1000
34305, 486
6770, 565
23495, 290
25830, 121
62324, 145
5903, 65
24966, 467
66320, 258
70991, 680
18888, 503
53948, 12
8662, 728
33717, 897
45076, 602
73089, 937
66707, 158
27241, 728
54115, 272
23096, 418
73518, 530
76163, 473
51834, 746
39591, 83
72076, 965
29723, 507
73774, 503
70643, 251
57544, 751
75339, 100
29920, 121
5347, 260
20367, 169
9466, 925
44784, 143
43104, 875
26059, 852
31438, 431
70118, 112
12086, 536
68832, 524
1614, 997
54151, 798
37675, 356
35377, 740
57255, 149
50037, 9
2642, 100
50756, 103
42675, 130
7786, 42
40141, 971
3846, 584
61177, 287
47710, 34
26204, 954
38767, 989
23061, 649
49124, 334
64897, 471
27131, 418
66022, 748
27385, 411
67192, 611
71114, 934
39169, 199
25897, 450
63941, 42
49708, 194
34066, 132
16457, 896
51644, 183
40143, 874
60349, 518
38085, 46
31300, 427
12158, 99
9724, 655
73801, 974
59056, 528
76677, 982
75710, 498
49307, 879
64387, 654
63184, 473
34235, 410
68562, 630
42688, 309
70324, 570
48085, 138
15259, 683
994, 348
25541, 364
4218, 681
53127, 468
22894, 214
66327, 124
41279, 318
61405, 172
41091, 583
72451, 632
25038, 248
41114, 134
66855, 847
34933, 384
74542, 462
41526, 103
42870, 700
21375, 891
14503, 611
29317, 677
53119, 799
56293, 564
59289, 443
34761, 393
22293, 15
26827, 860
57036, 364
60256, 362
50691, 466
7966, 885
31053, 163
47638, 696
78271, 421
74762, 485
79319, 724
2017, 217
25678, 160
35926, 977
56991, 496
77699, 645
8798, 5
47023, 947
31445, 84
55915, 354
28386, 250
62485, 799
45962, 253
46672, 408
73196, 509
28982, 497
30551, 728
29474, 107
19057, 455
41866, 815
65146, 517
23132, 375
7375, 463
11846, 909
56023, 508
73250, 864
2868, 559
68773, 38
35317, 119
9070, 369
44986, 353
1433, 179
44585, 272
47888, 386
10394, 770
69755, 922
58855, 625
23345, 51
76732, 882
52114, 750
76716, 53
63327, 504
28296, 878
787, 587
6952, 994
78332, 514
8402, 847
55258, 658
6345, 352
59746, 205
20842, 122
7443, 365
59464, 746
64988, 934
43968, 58
56522, 882
39126, 39
60093, 988
30476, 950
20967, 802
63738, 609
7879, 346
13996, 462
70905, 675
1455, 91
41998, 393
21081, 915
22390, 55
77189, 598
42877, 956
46670, 499
77533, 420
21821, 877
6248, 809
50786, 30
38981, 88
67485, 521
53001, 357
10760, 358
44125, 354
55495, 404
61562, 131
1830, 657
1099, 43
57015, 361
61292, 556
45335, 256
7505, 71
64232, 999
71670, 804
9005, 83
1494, 880
22887, 706
54554, 587
64488, 723
11662, 293
40999, 256
54487, 197
33254, 960
21241, 407
75941, 987
9888, 770
76200, 272
43708, 431
45416, 645
62006, 242
1723, 238
4704, 105
30470, 145
39030, 985
35149, 81
52154, 657
40748, 114
52314, 849
13250, 727
24505, 342
41109, 67
2336, 848
1062, 429
44716, 601
19386, 997
76974, 924
4048, 104
28003, 170
27410, 426
53112, 228
4265, 234
27114, 329
10665, 681
40485, 445
76493, 87
3551, 463
51780, 360
74116, 553
1531, 741
79937, 287
33204, 756
56232, 260
7218, 582
6458, 368
1730, 854
74492, 826
66593, 974
30245, 675
73888, 344
65280, 11
40656, 971
50158, 686
2668, 243
77195, 54
7673, 77
41712, 625
48069, 485
26219, 646
57345, 237
37626, 975
11017, 522
48705, 727
8825, 282
45837, 701
50384, 648
59271, 327
58762, 977
21015, 586
48619, 705
55573, 214
31684, 628
68315, 796
38414, 715
28384, 801
49848, 903
62682, 543
15719, 634
34489, 159
14917, 852
39251, 343
15342, 268
12185, 285
49780, 103
13841, 696
34978, 272
71093, 10
45446, 621
76764, 863
34358, 755
62552, 813
8674, 466
64100, 790
53926, 689
41860, 183
64774, 11
2364, 95
55664, 220
5324, 248
17273, 58
16348, 126
34751, 3
45205, 38
51168, 785
63076, 325
60410, 598
79618, 814
70185, 62
11257, 692
11155, 416
18740, 113
4350, 719
8770, 364
55847, 633
1962, 346
49869, 336
72088, 393
41776, 476
20094, 664
36160, 339
167, 67
9519, 936
48123, 483
32678, 799
36233, 307
13098, 561
77795, 548
30517, 754
46154, 29
54860, 94
23124, 363
66195, 323
31453, 305
67369, 185
79400, 637
55289, 716
53004, 806
42794, 324
23282, 467
10413, 949
65845, 607
49767, 73
59740, 728
57224, 706
50102, 537
33727, 288
19013, 562
69506, 168
67097, 260
56728, 387
29658, 606
39990, 963
13648, 822
77630, 998
23779, 198
36060, 0
37861, 622
22145, 41
65505, 153
47011, 700
75631, 51
9198, 541
266, 308
32924, 42
19360, 337
74347, 647
57864, 55
47219, 318
37526, 205
4034, 649
54415, 204
54639, 735
2177, 479
62201, 212
50354, 889
70312, 594
52764, 692
79440, 662
70328, 102
12037, 857
10903, 182
52798, 5
44263, 546
14547, 83
61038, 269
60206, 953
32670, 512
27113, 123
71853, 21
1660, 446
60109, 178
69843, 227
42010, 274
5768, 876
38777, 732
23927, 723
17490, 307
8502, 996
47246, 396
3518, 407
13241, 317
66552, 432
6551, 424
51558, 617
59779, 166
26681, 915
71066, 70
76895, 826
32369, 224
277, 282
15641, 829
72501, 680
1980, 238
70728, 277
56636, 510
35581, 949
39703, 325
56050, 714
11561, 460
16418, 244
44861, 464
15090, 824
33091, 714
61094, 574
39881, 110
68748, 578
48947, 499
72788, 153
38169, 23
7417, 778
54798, 672
71297, 926
26592, 971
11165, 314
71147, 65
73565, 21
75997, 724
4413, 671
22584, 185
54134, 965
26558, 827
55632, 253
12367, 878
12032, 206
7339, 174
72114, 146
3007, 701
21984, 724
8365, 259
68552, 504
44906, 560
40031, 462
65391, 101
44490, 169
27467, 906
41031, 897
59012, 534
39025, 375
8021, 755
66533, 678
37075, 700
72632, 277
26168, 745
12716, 471
35615, 821
72315, 833
43357, 491
70382, 720
56433, 665
24903, 241
72833, 672
15700, 761
39766, 491
49929, 253
48811, 869
78355, 761
45179, 198
24616, 235
58536, 170
50808, 438
39114, 320
45173, 117
28589, 608
76558, 898
37855, 14
31655, 211
30780, 808
66510, 9
6510, 84
63422, 160
19179, 593
34451, 134
59399, 743
42541, 985
61417, 592
70716, 30
31824, 293
75129, 838
43746, 604
71238, 448
21224, 376
74838, 59
30002, 671
1491, 827
42100, 774
14810, 329
49255, 168
71830, 222
32938, 918
59440, 373
73472, 556
69552, 39
12616, 907
12012, 927
43074, 617
30141, 696
10106, 690
15075, 355
21350, 592
623, 115
35102, 332
79314, 872
42759, 122
54532, 648
70571, 963
67610, 597
47882, 570
47715, 778
23171, 642
41357, 486
16833, 57
33032, 497
33639, 706
8482, 770
22674, 646
39999, 694
41387, 527
9183, 573
27756, 360
22292, 698
29055, 872
78563, 125
41533, 668
33983, 129
68306, 125
18926, 198
1304, 818
12308, 761
79270, 336
49054, 746
41800, 276
39559, 545
66687, 415
74309, 19
36710, 197
69557, 836
5429, 157
62282, 754
26947, 620
74851, 481
74649, 685
36061, 835
63374, 719
12508, 912
40353, 695
23857, 14
35430, 911
33972, 283
75842, 436
12805, 180
75352, 41
62220, 110
68869, 531
13364, 1000
5265, 639
60958, 705
47480, 975
34991, 719
22803, 983
2145, 813
15010, 36
59865, 997
21615, 261
70926, 76
54529, 767
77541, 748
34101, 422
44242, 399
72353, 469
57433, 95
116, 594
74468, 95
65447, 537
73823, 453
31439, 470
10978, 26
75363, 526
56340, 850
55959, 949
22475, 172
26971, 685
37781, 451
4591, 821
36729, 878
3517, 563
11836, 710
49590, 246
3438, 148
40926, 690
5346, 639
15658, 836
14567, 800
38971, 597
7337, 134
27870, 61
12113, 86
65379, 651
52861, 984
40696, 350
47789, 2
37550, 559
66492, 940
60605, 929
59445, 700
50030, 349
27211, 812
22673, 145
79946, 200
75637, 837
7182, 67
15469, 305
46852, 331
24945, 84
32913, 995
17998, 259
31597, 441
18281, 34
51185, 972
37535, 850
1735, 501
35697, 598
55030, 953
31656, 380
40329, 695
63699, 756
72945, 452
60963, 306
15669, 871
23925, 834
43363, 19
42835, 816
35416, 861
14153, 697
77437, 340
77192, 440
52191, 295
21341, 98
72292, 425
2599, 120
58340, 549
41314, 200
58596, 932
50152, 696
37552, 380
42542, 683
18663, 259
56004, 665
38277, 58
42514, 475
33598, 648
32127, 720
10991, 192
58507, 328
58827, 961
22908, 571
79459, 551
55820, 653
33448, 184
24064, 739
32646, 644
12137, 705
482, 988
16859, 396
39077, 216
42490, 140
16773, 28
625, 589
3001, 271
72579, 797
37531, 648
49638, 723
17280, 475
49546, 854
65083, 648
15375, 156
54599, 336
40456, 887
43970, 799
78112, 890
41725, 686
41446, 77
43228, 604
13079, 715
49204, 839
42959, 806
44988, 598
30815, 640
4018, 858
63194, 360
25624, 243
65085, 484
12559, 219
71039, 424
68053, 597
60225, 153
52956, 595
45247, 756
49495, 473
735, 891
12020, 411
54447, 549
47278, 200
1065, 824
62770, 140
11646, 702
4481, 364
76845, 634
1497, 867
75107, 608
65712, 2
67121, 205
12901, 628
7656, 970
75845, 909
30474, 68
73783, 651
78320, 992
1600, 845
43171, 36
37947, 450
40038, 408
22213, 807
50566, 516
11834, 122
69938, 919
36873, 128
50148, 369
41490, 489
22611, 930
61198, 611
60099, 773
14127, 884
34505, 966
79646, 115
46718, 717
55383, 261
78109, 372
39514, 494
24394, 395
15393, 296
19012, 850
15200, 309
48023, 163
57989, 151
71774, 679
15352, 105
30133, 132
61526, 26
61081, 202
54045, 520
39929, 221
34310, 656
62261, 731
4673, 730
30850, 188
47436, 212
67298, 739
38097, 232
536, 598
44222, 0
73377, 389
62335, 59
56443, 774
27145, 47
51219, 748
30390, 0
42207, 502
19323, 778
17372, 634
18441, 864
69128, 351
48074, 76
62299, 915
77636, 522
23861, 61
33183, 342
39321, 721
52774, 415
52490, 637
65123, 222
32793, 260
65154, 812
51101, 140
47645, 827
38627, 191
27901, 74
37646, 705
33255, 531
26713, 204
7115, 869
24004, 881
12672, 932
16912, 117
28182, 172
55867, 550
62809, 856
1076, 632
60631, 565
68977, 232
6211, 453
14023, 711
5378, 36
64713, 793
79791, 578
14449, 140
37058, 287
47773, 680
17935, 308
30381, 222
52597, 57
24479, 898
45188, 947
68243, 816
58873, 688
15676, 218
79917, 338
44855, 850
13624, 640
42631, 914
35878, 778
54523, 935
76295, 838
7273, 737
45693, 639
48126, 706
32861, 508
73299, 871
79678, 710
54615, 919
72141, 357
37659, 972
43535, 804
65117, 969
65539, 515
79477, 595
5689, 296
47072, 426
58950, 823
79672, 545
25443, 120
23532, 563
14699, 665
49797, 875
65907, 768
56490, 554
39409, 14
27977, 895
17921, 853
43271, 432
801, 164
31014, 777
52458, 40
9269, 110
68364, 776
76400, 701
78832, 498
61205, 734
20535, 567
24740, 358
34837, 139
317, 204
58937, 768
55360, 4
17178, 106
5957, 495
54209, 276
9779, 279
527, 914
31565, 765
69286, 921
13409, 933
59074, 463
78272, 728
32202, 138
4480, 642
5199, 909
10536, 516
2153, 438
61067, 826
5814, 525
62025, 862
7350, 862
16772, 579
6538, 535
69189, 743
22025, 161
18208, 258
35700, 174
23243, 183
52228, 854
48652, 540
72597, 799
35443, 919
67823, 494
3622, 153
37362, 927
36069, 781
60228, 769
77449, 953
34088, 972
26929, 390
16352, 745
62919, 70
56649, 718
70194, 961
32939, 789
60513, 391
32247, 514
6157, 984
29240, 239
17785, 944
20060, 594
70036, 461
60881, 148
55621, 778
4927, 661
18328, 344
52641, 311
13301, 439
10860, 828
79783, 969
51158, 547
79043, 2
16025, 791
33874, 990
79869, 338
63691, 667
45209, 852
16381, 778
4228, 645
16116, 892
10046, 669
57075, 626
23977, 766
5838, 993
2103, 85
30331, 845
4133, 928
19077, 425
70120, 588
79657, 67
68126, 5
12257, 135
30310, 997
14677, 750
18961, 387
53981, 681
21640, 678
26983, 524
37115, 853
7424, 487
67080, 904
42549, 197
73831, 33
74444, 770
67135, 816
17865, 973
73686, 205
32979, 334
44995, 491
12242, 573
68068, 238
3459, 435
54909, 387
34645, 364
27026, 559
35448, 421
24940, 258
71755, 485
39583, 812
46144, 900
50454, 56
23327, 705
25418, 167
65831, 300
78830, 485
51689, 444
51485, 938
54059, 445
38822, 32
27342, 924
19113, 308
5887, 131
25944, 138
33427, 115
51904, 435
57797, 922
26725, 760
22629, 660
77975, 48
44367, 426
3293, 479
71986, 715
28793, 145
66554, 562
20215, 106
106, 260
1217, 745
22416, 355
15298, 483
33066, 592
73781, 902
3834, 613
50212, 499
68603, 868
6472, 726
36871, 346
7329, 840
1365, 660
33732, 841
65754, 610
63515, 295
38457, 275
20812, 455
25958, 848
73693, 757
52582, 959
55228, 819
13552, 447
38608, 634
16089, 939
64735, 186
62987, 964
29759, 736
29331, 153
17410, 375
57314, 631
12867, 991
715, 67
15596, 842
14740, 746
69876, 27
17094, 337
38703, 866
26903, 481
26806, 623
65255, 828
17799, 54
3609, 872
22099, 594
64712, 710
21855, 871
24172, 826
58573, 694
4249, 820
27792, 965
58654, 123
14780, 276
20740, 100
37656, 720
40807, 184
30612, 368
30598, 728
79408, 514
42957, 181
62573, 412
26756, 830
66349, 941
41178, 588
53586, 328
29477, 570
77527, 413
18308, 352
17484, 390
55974, 88
15250, 844
7861, 266
37292, 54
66462, 153
7497, 833
39281, 283
13792, 572
74416, 838
30605, 215
16572, 861
1149, 845
34035, 624
2515, 86
22542, 929
64453, 765
45307, 108
49611, 883
11989, 825
61803, 285
60223, 776
63648, 763
33283, 329
17129, 474
22369, 26
54883, 529
33881, 22
78821, 65
4707, 853
12588, 862
76383, 356
77892, 886
62325, 351
37638, 447
44512, 113
46925, 810
66993, 772
36473, 583
62556, 937
33155, 619
59316, 955
17369, 592
52832, 126
40539, 286
56478, 51
10330, 377
78120, 450
27971, 519
15935, 218
48839, 520
33188, 700
44827, 567
1064, 129
63094, 241
22786, 403
28360, 648
56294, 279
11367, 300
900, 374
998, 66
7465, 561
18278, 429
15120, 216
19497, 115
7863, 619
28074, 230
25387, 281
4975, 561
67094, 586
43792, 664
73578, 939
4266, 75
40983, 901
75346, 133
35290, 355
54531, 417
64097, 298
72543, 762
35192, 153
61689, 858
10405, 860
24096, 525
59641, 258
9338, 111
51931, 871
47881, 361
65533, 616
12016, 947
57061, 264
20683, 150
23536, 461
67541, 58
34679, 908
79078, 462
19116, 138
78198, 382
36113, 995
15252, 952
67045, 879
62037, 108
23379, 119
73606, 274
62746, 139
15045, 97
15109, 979
75037, 441
2340, 923
70097, 84
7093, 326
10579, 743
5141, 721
44606, 182
15790, 394
4348, 55
11531, 801
60988, 677
26575, 908
48439, 374
10344, 460
65583, 876
8653, 115
1981, 388
76430, 219
15873, 952
23551, 402
40153, 614
4622, 545
47939, 598
1554, 568
46639, 373
42444, 924
15740, 167
14392, 401
38859, 186
19331, 875
45864, 336
16941, 361
54661, 589
67666, 586
67052, 734
61278, 192
67848, 394
15994, 847
52361, 595
2715, 585
27053, 418
22767, 4
76867, 411
11449, 183
32332, 309
71207, 377
73047, 230
58633, 105
6839, 588
48758, 696
58444, 519
57327, 851
64772, 645
42900, 137
37478, 641
58162, 835
12918, 404
76998, 754
4332, 114
60353, 554
16406, 544
24136, 225
65200, 729
32970, 212
69405, 594
48251, 687
32129, 729
40034, 456
14756, 895
38300, 708
64092, 13
71343, 922
20528, 182
928, 662
24688, 383
68772, 205
34228, 626
3499, 88
8577, 356
57940, 229
66927, 472
64517, 791
21061, 718
53177, 362
42108, 625
63990, 569
57819, 940
14988, 219
4158, 220
12869, 353
6911, 182
46391, 997
29824, 268
68217, 287
28653, 237
6287, 97
19204, 942
79219, 947
77133, 355
55381, 771
62336, 998
60771, 963
69444, 378
21759, 764
33463, 333
10996, 682
2069, 790
7648, 307
72228, 299
40854, 532
1848, 565
63908, 623
29891, 293
42674, 312
40679, 630
71360, 607
61317, 255
27730, 770
9874, 683
3535, 76
75053, 672
51439, 820
13194, 791
43534, 922
25393, 915
10908, 370
51774, 581
27569, 249
19829, 592
9782, 201
48691, 493
48374, 88
32462, 295
24269, 283
32346, 389
69042, 462
56775, 121
1486, 87
41594, 7
8547, 593
14506, 406
75540, 658
59590, 248
41642, 145
46249, 453
11508, 388
42116, 994
68975, 81
57723, 282
43737, 623
55183, 345
19160, 692
7157, 349
77929, 101
15739, 486
62666, 874
48945, 614
17802, 534
79681, 766
56966, 94
17713, 711
34855, 196
71287, 739
53128, 926
13215, 955
72241, 559
6045, 503
54377, 770
77683, 208
69016, 546
37151, 15
27287, 731
32384, 392
40381, 633
348, 28
77781, 56
31270, 616
57523, 58
44156, 940
43204, 791
61581, 294
28496, 817
62587, 898
2787, 551
71040, 517
27232, 791
31555, 999
49354, 907
48905, 68
59150, 585
4200, 823
33102, 256
52091, 142
17634, 467
30022, 548
34344, 566
63701, 512
9865, 691
10943, 260
4588, 840
38272, 992
30442, 780
76038, 236
79699, 215
40865, 221
14049, 904
57146, 79
44808, 548
24512, 126
79741, 945
66451, 514
71850, 95
27339, 245
62106, 201
11805, 859
72714, 270
47752, 706
68100, 329
60100, 654
55810, 164
16395, 823
33959, 812
79184, 804
14299, 496
56634, 994
74295, 725
73723, 504
58007, 123
24021, 546
47330, 327
38968, 163
50667, 816
33353, 78
58031, 953
32746, 224
1986, 311
26514, 17
54846, 866
8138, 332
49453, 743
61169, 271
20055, 786
22993, 630
46734, 859
27718, 134
72365, 694
8818, 39
3819, 196
79551, 597
43646, 275
74667, 965
36248, 826
10064, 524
35587, 514
60462, 786
43886, 298
79502, 788
16, 265
57840, 639
65401, 537
23162, 271
9750, 333
56724, 4
46386, 980
52116, 280
42351, 545
44723, 655
76107, 112
17137, 686
54600, 194
46947, 6
9404, 696
71815, 865
42936, 229
49327, 380
77243, 40
15336, 67
53849, 638
26882, 478
54973, 340
51178, 870
19288, 302
1253, 567
44515, 634
48828, 130
15969, 212
43443, 602
37519, 550
74738, 45
58112, 293
31257, 580
28316, 519
6018, 418
50795, 589
12561, 127
19198, 541
68470, 350
19521, 420
38131, 655
22768, 273
5615, 499
13926, 782
35685, 81
70008, 656
14784, 608
26628, 243
44880, 250
12027, 897
23888, 987
29093, 181
61987, 499
35658, 377
41822, 146
66758, 724
44701, 284
72324, 894
41699, 701
17466, 170
53782, 640
52211, 70
28438, 969
23057, 333
33052, 671
24156, 78
43956, 877
30071, 453
45180, 368
76423, 646
54556, 310
53253, 555
40872, 213
51670, 222
14770, 307
7269, 266
64078, 823
57218, 9
65596, 200
57099, 174
7274, 117
60523, 719
36076, 674
66402, 163
71891, 246
17842, 918
17339, 786
29378, 180
20058, 799
63727, 680
67108, 608
4656, 932
76185, 44
75714, 873
14615, 492
48178, 292
46571, 320
4817, 580
29285, 586
54318, 34
58581, 587
58739, 895
47483, 592
53087, 305
69639, 709
74857, 210
41187, 532
1805, 301
6152, 253
4961, 133
53348, 813
49974, 751
51852, 984
23315, 625
71405, 486
16768, 696
75404, 562
19238, 29
35917, 824
5139, 482
56680, 185
68336, 161
5568, 118
14136, 727
37549, 718
34022, 637
43924, 493
37221, 718
15837, 918
79546, 367
77278, 320
28453, 188
12985, 934
76229, 294
58574, 99
27528, 880
11796, 704
66730, 56
52662, 966
35912, 754
43823, 421
25557, 12
44823, 561
40565, 816
50392, 299
29517, 503
629, 619
47998, 376
13245, 369
12873, 655
20416, 32
1590, 495
364, 967
13012, 539
21508, 754
61651, 798
68257, 852
22079, 976
45706, 323
22057, 746
76498, 182
75128, 669
59684, 432
58448, 987
39484, 576
6844, 780
63068, 944
3135, 863
60412, 889
52168, 611
65188, 442
37701, 977
30694, 926
75397, 150
58157, 500
60105, 323
13942, 642
63260, 864
35048, 107
21378, 283
48554, 350
47071, 723
73235, 126
6429, 261
67315, 529
65814, 578
26379, 194
28697, 666
34939, 188
78414, 430
13159, 273
66497, 626
47157, 285
32096, 216
27159, 904
33147, 781
78381, 711
48580, 219
78787, 973
36561, 957
30752, 608
41370, 553
13421, 903
19453, 863
28270, 594
54236, 126
23118, 687
54315, 83
42125, 717
27231, 193
31678, 562
34743, 243
74664, 947
23167, 303
76934, 291
78503, 142
6043, 910
28334, 343
61072, 905
44464, 802
54499, 436
71051, 739
16147, 901
33293, 517
29829, 993
16410, 308
26531, 501
50185, 136
18126, 288
48351, 144
67664, 709
53686, 978
31196, 330
40394, 332
34093, 391
68296, 993
17493, 807
2433, 43
64566, 385
54371, 547
6764, 144
62514, 334
29864, 959
44160, 830
41311, 887
10334, 660
63637, 184
74412, 409
32359, 541
36121, 726
47174, 715
38792, 161
49586, 118
64129, 777
47797, 911
63080, 898
37997, 784
52066, 804
27751, 91
51172, 634
53347, 283
43583, 816
77450, 679
63118, 591
26843, 714
33181, 489
76868, 527
45945, 491
46130, 233
14714, 874
34480, 271
17218, 14
73040, 942
32499, 163
56482, 586
35357, 362
50028, 656
1681, 516
38332, 406
57347, 917
41372, 509
62145, 122
58039, 30
31911, 241
68538, 519
68395, 145
13757, 480
75759, 893
44620, 472
50357, 598
63574, 912
55914, 806
65585, 489
7294, 629
44837, 821
29967, 374
7989, 273
39456, 335
52082, 236
45095, 903
47007, 771
76831, 51
35845, 287
39309, 168
73199, 40
61507, 122
79557, 307
26547, 645
13020, 294
58889, 203
25817, 25
21482, 638
28281, 554
32732, 287
10949, 96
60422, 226
7984, 943
20810, 846
22962, 787
25875, 476
30048, 318
79481, 412
2752, 979
48564, 725
31933, 662
60111, 173
42755, 810
33397, 221
9358, 976
17111, 272
36610, 552
74363, 846
8129, 868
23255, 410
59508, 52
21049, 540
68125, 236
49359, 950
43536, 86
52081, 228
4935, 599
27262, 43
59793, 321
54076, 451
40421, 809
78309, 9
72205, 732
58552, 842
47185, 984
34521, 341
22529, 686
19513, 1
25672, 446
76265, 532
62164, 943
1079, 420
76297, 109
30633, 709
24964, 790
15714, 674
10357, 382
50724, 740
16187, 876
15065, 626
31169, 262
47535, 512
57916, 924
66089, 40
34953, 775
79931, 683
56988, 731
23823, 145
43471, 124
65632, 25
73622, 779
54053, 558
7051, 796
13998, 110
8551, 860
5186, 769
52710, 729
26667, 229
70459, 505
1235, 938
47065, 162
15403, 12
28523, 499
16327, 193
39413, 429
67567, 689
49919, 115
22462, 652
1857, 711
40056, 474
67992, 387
75003, 561
60727, 921
46853, 525
77419, 196
61693, 696
23332, 232
52289, 454
45080, 618
14150, 176
75204, 449
38042, 803
48299, 352
21238, 539
28184, 221
5401, 241
34993, 978
51524, 432
75058, 81
23950, 308
75601, 511
9756, 603
24506, 637
2288, 473
47592, 977
72405, 567
17158, 710
77684, 231
52938, 815
6625, 396
60296, 631
45183, 773
57510, 900
44498, 715
37787, 889
65897, 135
59180, 906
41320, 381
24584, 634
32392, 633
58134, 233
19688, 848
35206, 970
67679, 961
11895, 206
18646, 353
1803, 389
38059, 615
41948, 422
78372, 536
59288, 175
12965, 831
10018, 975
35672, 224
50197, 222
2287, 624
74719, 13
79463, 810
45104, 330
76192, 919
41296, 921
34671, 320
62961, 875
4658, 236
71015, 274
32672, 637
72056, 917
12981, 373
22735, 499
35244, 147
77474, 397
56945, 948
41731, 369
36182, 171
30168, 310
64623, 546
8463, 710
2845, 77
73692, 790
35038, 479
28315, 369
47005, 471
41292, 430
4278, 191
42196, 579
8248, 351
13649, 870
40343, 682
48309, 559
54754, 673
38727, 690
12280, 203
24859, 670
72929, 161
61223, 155
58110, 25
31151, 738
74173, 355
63160, 96
1467, 523
7602, 422
65556, 572
29119, 63
63767, 161
71914, 187
15524, 167
46850, 647
12108, 476
14124, 438
71679, 635
32765, 299
69141, 645
43570, 570
29377, 437
38202, 820
79197, 242
36050, 5
59836, 176
79175, 243
31575, 954
8712, 192
70117, 183
64821, 478
35012, 526
58608, 978
74459, 32
13584, 784
64708, 337
5098, 92
4032, 913
70836, 752
49181, 743
1268, 331
5625, 932
77408, 96
79482, 334
57632, 894
54063, 76
23864, 386
9356, 659
78804, 706
29555, 596
63226, 189
14140, 959
62739, 612
29732, 53
45928, 545
55214, 238
78767, 882
12333, 743
56453, 868
12459, 519
55453, 70
39650, 323
13515, 877
8804, 468
28309, 23
41942, 694
12635, 990
36323, 724
33168, 715
27137, 833
56606, 757
72883, 649
34057, 821
53885, 830
53192, 348
78607, 90
268, 801
47691, 149
11272, 750
45684, 404
24759, 502
52604, 380
12062, 120
12525, 622
35432, 455
41589, 484
38064, 361
57932, 895
11837, 38
68402, 472
43561, 660
48453, 549
5417, 660
43167, 86
73171, 354
58782, 68
52122, 138
12654, 490
22317, 392
8935, 979
25800, 349
53479, 389
25811, 216
60617, 525
33051, 490
15442, 245
59291, 593
9972, 883
55660, 587
26100, 858
9706, 985
55747, 424
45610, 288
60544, 257
47696, 938
73563, 77
76278, 836
68292, 374
46753, 781
18749, 329
53507, 779
22048, 168
12715, 190
74420, 982
30373, 528
49349, 947
28151, 403
45938, 34
26068, 916
69017, 880
40005, 2
33566, 988
28391, 524
59750, 599
54448, 315
9090, 851
14417, 83
53155, 272
5864, 200
51068, 669
11991, 977
29090, 946
52125, 564
66783, 419
59610, 262
46250, 405
25121, 346
7143, 126
10820, 863
34859, 852
48193, 603
61950, 855
32213, 615
15502, 217
47856, 216
20221, 587
43017, 85
41229, 391
21607, 806
59028, 473
28591, 627
64266, 233
17152, 489
61253, 672
13405, 660
6333, 436
48782, 469
21146, 773
23768, 611
68337, 857
57908, 724
4879, 498
6608, 534
35579, 113
4037, 310
45450, 228
30642, 299
62884, 325
4711, 708
25582, 602
49446, 745
31139, 527
18998, 651
34207, 448
61173, 528
11855, 387
28256, 825
2892, 432
17359, 314
50929, 127
64600, 97
62748, 482
18918, 280
26715, 974
64342, 435
13719, 779
4039, 226
38284, 677
37170, 379
31254, 368
31742, 27
35039, 853
78643, 639
72045, 720
16218, 925
72775, 602
36565, 744
55487, 885
35335, 746
51340, 424
35015, 40
28540, 372
54064, 475
18608, 21
27373, 508
44713, 551
38355, 442
4331, 89
1959, 819
74654, 881
38010, 300
64790, 606
44520, 843
21761, 31
555, 562
39198, 700
25901, 291
77074, 356
22132, 796
31127, 789
76340, 772
9584, 378
69763, 492
2105, 700
15605, 15
73638, 715
66633, 391
11002, 340
21625, 201
40465, 88
41797, 420
29270, 962
20112, 281
6534, 399
13766, 677
39233, 706
57474, 776
35347, 739
46421, 753
24768, 56
19740, 597
60755, 864
46339, 972
40650, 27
69054, 359
1938, 818
61601, 892
26443, 596
50558, 688
24352, 218
3567, 515
30540, 514
7348, 660
37867, 273
41954, 371
21781, 216
72382, 110
13298, 432
77546, 750
27115, 269
48154, 780
18746, 736
29822, 83
57455, 311
27764, 227
24863, 411
463, 549
64353, 168
584, 349
2227, 49
8871, 62
13936, 664
74477, 742
57582, 608
43820, 298
38424, 604
24228, 48
65853, 672
33220, 899
19871, 225
2187, 118
66908, 542
31194, 371
30918, 816
49117, 549
37372, 393
71842, 768
62127, 73
55418, 569
48043, 908
6505, 451
60073, 606
16420, 862
44465, 390
41683, 230
31612, 696
19911, 333
48343, 234
61942, 864
58508, 5
12905, 406
36358, 450
65025, 445
43044, 669
57153, 964
4303, 641
16027, 620
51911, 500
27022, 12
11108, 151
24023, 418
78469, 736
30640, 262
44702, 267
69340, 187
64151, 665
23948, 498
7697, 539
55285, 462
24348, 318
42684, 164
41694, 687
27381, 723
51842, 257
56434, 325
77259, 809
77079, 35
20269, 250
33194, 972
3764, 458
31525, 500
36557, 302
55843, 90
60257, 45
29088, 652
14272, 413
63501, 891
27443, 316
18774, 380
53342, 893
56440, 169
5701, 952
11172, 758
70062, 451
37297, 924
36762, 167
2302, 895
18999, 253
56971, 326
76207, 709
29429, 972
74629, 380
19704, 118
10759, 876
79066, 165
57977, 142
34746, 864
78947, 416
5603, 675
12779, 691
4118, 643
73504, 240
48322, 909
11785, 622
18262, 158
70947, 195
73016, 965
27810, 618
9853, 14
63321, 22
68796, 803
64227, 970
69427, 194
62577, 962
18277, 429
17627, 280
75106, 296
30378, 46
21693, 465
59059, 48
51734, 871
36299, 771
47288, 17
13692, 273
28422, 984
35901, 409
70865, 685
65954, 453
42107, 136
10235, 569
40364, 999
34428, 852
38299, 767
48615, 564
74682, 115
51839, 805
66780, 800
14595, 868
2290, 548
58915, 384
25288, 274
47978, 447
35130, 9
41321, 875
56436, 52
831, 267
29278, 625
31285, 979
45682, 496
3032, 273
33879, 243
30216, 471
24901, 262
41106, 850
57091, 1
43629, 920
37444, 27
46624, 257
38038, 560
45522, 811
5384, 148
41669, 288
29335, 332
10983, 210
79150, 888
1316, 183
41938, 516
20542, 911
69661, 285
33128, 489
64979, 569
72841, 928
55628, 472
24969, 371
50537, 903
56450, 760
74558, 730
18460, 357
21585, 64
26309, 952
8750, 292
56409, 515
35136, 144
75544, 217
50825, 120
2815, 940
43158, 855
20714, 830
77265, 381
40504, 951
13348, 375
20777, 639
76155, 868
64533, 321
23231, 469
30376, 829
10120, 206
31697, 943
51998, 813
3613, 481
71078, 646
15622, 418
42964, 398
2897, 48
74182, 799
43336, 814
60902, 17
7070, 262
48494, 708
49814, 178
5290, 354
29750, 716
46916, 317
44060, 3
55063, 927
49280, 203
18387, 619
8193, 500
25355, 392
7219, 625
5404, 561
66962, 323
15405, 823
64908, 579
17348, 816
40068, 288
45637, 148
14104, 151
2188, 845
43283, 194
74530, 550
79532, 69
79807, 669
78145, 946
56116, 882
69148, 723
39958, 897
12671, 418
76445, 935
12115, 294
8741, 18
58837, 345
40367, 363
65640, 638
9741, 121
73443, 533
43305, 920
70467, 92
3205, 956
29159, 386
31721, 957
63812, 309
20510, 9
76735, 767
59381, 902
21183, 757
77836, 274
13473, 533
37780, 578
38182, 263
70206, 785
67878, 647
32444, 375
46786, 446
5281, 696
74539, 291
64552, 539
241, 982
29611, 739
34518, 329
61349, 604
60741, 724
2456, 719
66310, 875
60035, 903
17923, 731
46075, 177
13407, 930
41878, 558
76059, 557
69825, 85
38365, 918
29125, 42
54211, 265
37162, 554
35454, 977
57758, 245
38333, 44
56271, 808
16317, 802
23015, 438
62597, 308
55191, 928
16443, 41
55679, 982
2618, 926
37250, 560
22793, 342
40196, 895
30254, 765
28203, 11
35991, 790
37610, 547
26539, 427
27599, 623
63203, 507
32583, 258
30901, 592
39097, 818
78393, 322
44245, 115
39160, 489
76402, 986
36591, 816
8585, 406
66897, 726
26136, 948
44886, 208
6917, 267
2447, 61
1232, 745
24893, 36
30185, 616
50670, 868
37970, 567
74440, 154
31551, 693
15519, 242
31674, 384
52888, 918
77979, 882
55875, 126
51706, 1000
43998, 70
76812, 864
67033, 501
51280, 567
4613, 385
11905, 655
67968, 463
6435, 294
49669, 194
57845, 911
45373, 530
66416, 658
52457, 526
13768, 485
14631, 37
78265, 535
33465, 754
23169, 14
47942, 438
39755, 697
8351, 847
75393, 675
55002, 844
9945, 915
9904, 590
39273, 146
52667, 940
20844, 313
24382, 30
57691, 968
21973, 709
54145, 906
50813, 746
23640, 754
11540, 318
35935, 206
44959, 848
33081, 790
44172, 436
79226, 987
78882, 6
48851, 160
52242, 329
55739, 655
74661, 99
57759, 921
11406, 664
43619, 112
11658, 731
78589, 579
2422, 495
60905, 300
22837, 35
23045, 182
50355, 252
30641, 310
30681, 252
19970, 79
492, 248
38741, 779
15425, 96
6984, 500
3908, 59
28295, 325
71647, 950
70189, 260
26914, 469
16101, 894
12919, 901
59821, 832
67075, 717
47628, 722
8975, 840
11231, 862
42293, 493
36780, 24
41177, 846
16257, 356
34062, 713
5499, 339
48620, 292
15869, 421
53874, 94
49803, 951
59216, 74
16092, 911
7795, 20
19657, 748
75832, 607
41751, 278
21930, 940
35444, 707
62798, 257
71566, 358
18655, 314
61576, 772
71716, 384
51202, 467
6009, 555
43807, 65
70455, 479
77267, 627
44154, 157
44626, 661
76725, 545
36757, 115
55633, 165
24671, 836
79622, 944
32822, 847
6092, 874
53824, 54
10146, 419
276, 311
36827, 313
2863, 330
24339, 364
52575, 572
77816, 131
27163, 611
6517, 154
40584, 159
359, 5
70930, 313
70706, 790
10133, 833
26594, 723
77272, 151
63499, 780
42543, 95
551, 398
30755, 650
74146, 451
63708, 22
37857, 194
58285, 147
36613, 537
60118, 391
73457, 180
57698, 447
61856, 299
12203, 186
44683, 486
78245, 229
61782, 127
19524, 388
29913, 242
28844, 879
34869, 237
6277, 353
50862, 739
50294, 941
40689, 223
68064, 714
75015, 652
65502, 96
41609, 167
78473, 689
71215, 444
9449, 230
57284, 700
780, 438
620, 829
1011, 865
65186, 614
41072, 809
22610, 379
48775, 447
37844, 795
71013, 203
4690, 916
8602, 975
71813, 954
39982, 638
72794, 206
72163, 219
43597, 995
47265, 101
4536, 457
45594, 589
42318, 958
57348, 647
62920, 584
869, 431
62209, 442
52709, 510
62210, 629
40858, 54
65521, 59
31360, 160
24930, 221
35628, 223
42452, 4
59625, 98
54299, 898
25542, 949
69922, 962
58529, 715
55435, 172
71747, 420
36598, 329
70151, 907
9089, 964
33214, 821
6351, 409
8113, 142
37108, 129
74177, 306
62213, 898
7898, 472
41739, 747
52977, 950
60525, 986
58857, 317
38002, 790
77100, 169
44505, 206
66130, 688
46756, 904
13169, 733
11817, 273
67746, 689
5638, 650
56536, 208
33775, 321
14355, 313
1308, 196
47228, 165
7916, 890
71037, 739
25705, 619
72248, 113
74535, 981
72470, 957
31874, 399
51922, 413
53877, 835
42880, 378
49200, 143
71298, 157
23854, 278
13959, 157
39285, 181
8613, 732
5497, 917
47395, 436
13977, 325
11828, 631
75448, 536
22147, 757
3602, 925
5061, 437
78995, 74
28306, 188
31679, 969
35306, 446
35122, 904
35498, 98
18014, 740
79789, 536
73323, 991
22951, 291
50797, 617
73245, 964
16605, 624
2000, 387
61502, 311
18061, 200
71758, 331
26503, 492
78858, 309
69920, 833
45471, 875
8815, 860
67460, 309
66392, 736
24762, 72
37254, 14
39336, 808
30510, 213
22272, 954
69235, 536
43662, 891
28814, 497
66049, 662
3637, 512
19489, 531
10165, 60
42628, 242
48633, 106
76394, 348
70801, 633
55485, 786
15608, 987
8567, 970
38080, 797
5908, 961
62097, 67
68190, 535
51166, 391
41988, 193
41639, 46
17703, 538
9265, 784
5753, 990
1399, 117
58567, 428
5469, 515
62443, 442
69069, 68
36895, 701
30030, 438
40316, 281
13096, 949
70251, 8
62007, 264
62975, 162
9202, 723
38078, 70
23031, 93
32876, 923
71241, 297
32586, 61
39536, 524
1490, 464
75666, 444
7171, 68
57600, 361
32144, 727
35546, 975
5809, 122
171, 480
13419, 855
60496, 869
19001, 591
69807, 646
54946, 225
10020, 577
13599, 55
8177, 177
12050, 414
49988, 22
62599, 850
43749, 749
25554, 434
62778, 492
48258, 971
65908, 377
2259, 373
64274, 619
19146, 641
79323, 980
23852, 826
24519, 468
44735, 872
18228, 563
4187, 146
27315, 692
13491, 948
25290, 1000
49720, 223
33431, 126
20914, 876
3513, 987
52265, 736
68430, 729
15862, 873
1485, 915
37149, 481
12766, 456
36038, 718
14430, 325
23381, 103
29909, 41
47713, 687
20817, 449
57802, 362
64127, 503
69815, 421
39557, 233
36510, 20
61277, 942
60732, 204
3549, 807
6838, 871
40734, 523
55112, 842
47396, 128
21643, 412
63981, 292
14826, 229
62637, 35
48058, 47
26436, 914
59435, 605
16227, 187
39505, 133
19572, 336
57129, 375
27615, 7
49977, 220
57103, 76
43495, 689
52262, 112
43219, 763
73352, 23
8520, 550
56919, 291
60778, 577
67000, 894
14039, 75
59663, 520
44175, 760
10662, 636
70974, 575
32568, 320
59248, 67
4725, 675
36046, 458
62562, 885
1409, 979
59187, 423
27246, 912
50, 859
64987, 96
68193, 563
17801, 341
52729, 911
51006, 67
38754, 139
46661, 1000
15243, 731
38593, 942
41966, 543
35642, 462
44614, 450
42707, 368
24566, 14
75723, 366
75766, 155
2773, 361
23757, 677
67138, 808
58625, 414
13009, 181
26388, 652
63436, 210
33770, 125
57034, 930
76056, 241
37607, 218
37698, 727
44402, 24
56168, 57
13500, 641
32790, 571
13617, 361
67026, 347
5622, 126
45699, 744
58321, 958
63897, 264
21720, 228
39208, 283
62117, 499
15999, 120
55243, 807
16144, 9
14364, 769
72867, 594
50327, 703
44153, 781
60767, 617
47720, 708
41803, 297
17651, 647
50408, 334
47965, 83
50484, 889
3719, 276
4427, 329
55460, 111
44494, 900
56421, 631
30162, 392
64703, 584
47061, 380
50988, 876
73568, 334
9873, 172
41692, 750
10922, 33
50901, 423
50222, 100
77665, 665
25650, 517
39146, 988
32083, 119
63616, 445
45275, 748
5784, 805
70454, 486
67281, 451
56058, 623
78636, 225
74977, 416
65532, 178
77391, 974
13279, 873
40598, 29
35218, 31
1339, 690
66920, 908
64352, 281
73983, 964
61906, 536
47467, 595
54452, 860
11975, 739
41368, 921
11769, 341
6166, 519
59987, 954
77142, 413
37322, 483
78751, 450
31725, 553
7932, 206
19050, 330
73913, 425
9646, 640
71315, 912
53495, 186
29982, 682
9163, 939
29523, 997
41222, 688
58766, 803
29979, 96
34981, 641
13495, 710
70323, 57
63982, 443
79510, 201
54168, 871
23304, 56
52793, 416
63562, 465
52863, 866
23847, 214
57414, 708
20311, 188
53832, 265
39966, 177
34290, 756
11842, 539
69323, 615
65722, 855
57878, 722
73669, 986
18704, 544
37271, 291
20443, 345
8726, 505
32180, 615
59819, 850
45139, 552
36500, 609
48983, 8
64142, 977
49505, 444
51543, 981
28610, 894
67872, 147
51273, 509
76947, 774
79405, 721
46461, 844
5970, 951
23360, 933
40835, 49
29057, 184
61407, 860
35726, 138
78827, 293
45590, 306
42545, 924
25410, 353
22320, 231
51385, 530
2393, 382
64438, 143
37504, 148
28255, 16
33698, 788
53929, 554
33143, 929
54742, 865
20208, 53
6928, 351
16895, 288
49976, 617
26677, 567
61928, 18
32948, 401
23939, 548
53292, 998
47755, 288
22434, 790
61940, 893
4668, 801
14512, 213
48549, 243
14174, 248
51425, 150
79376, 299
55428, 643
51975, 374
24468, 441
6083, 296
44799, 143
70763, 223
65256, 388
52799, 155
56125, 228
64131, 533
33402, 680
63737, 844
59999, 898
70832, 603
65815, 853
23104, 710
39443, 925
18144, 776
62767, 351
30366, 132
38120, 674
61604, 447
19254, 320
21947, 18
29048, 443
22530, 760
42715, 420
61135, 132
75007, 683
15750, 621
53653, 912
73043, 176
11008, 361
70524, 218
74628, 39
30420, 356
73856, 360
27081, 300
68072, 915
73654, 356
15163, 695
66781, 83
23416, 479
74167, 242
54542, 486
47988, 353
24880, 208
56001, 622
47672, 82
65119, 282
54254, 903
45965, 397
72397, 287
2467, 711
8670, 209
51599, 628
71568, 346
7913, 636
21676, 274
45200, 275
40896, 797
75200, 460
15612, 327
51891, 344
2872, 795
35345, 721
37308, 197
67294, 16
60002, 84
61985, 922
32721, 780
40933, 738
58175, 229
23247, 482
61025, 128
6508, 51
66886, 590
77947, 140
15391, 965
54895, 152
72705, 288
37718, 600
18834, 73
13195, 969
31482, 279
37945, 206
57827, 305
70153, 699
27179, 992
59479, 756
12034, 779
41969, 513
22595, 419
55661, 392
30223, 963
16449, 355
30054, 852
50387, 133
34335, 404
64015, 49
59942, 922
60740, 396
7585, 920
42830, 681
61000, 871
71819, 915
5105, 50
77918, 183
2312, 773
55591, 197
41986, 404
39640, 752
59342, 570
56869, 767
77304, 198
15955, 763
7484, 616
18535, 7
38849, 836
16204, 942
64945, 904
3876, 196
48647, 629
51421, 212
38066, 107
59827, 518
21327, 495
29552, 92
28065, 211
55922, 14
51910, 370
76031, 779
19282, 673
51778, 33
4886, 381
67413, 753
56755, 163
34960, 612
63734, 209
79629, 516
32679, 527
27187, 225
35199, 865
26810, 532
55259, 50
24276, 865
26139, 359
12562, 453
30972, 670
46809, 130
35209, 407
70672, 720
57246, 174
5489, 135
13534, 265
66555, 291
13556, 555
56759, 616
79725, 452
65160, 360
10515, 172
79241, 295
55536, 284
41579, 756
48482, 807
24300, 350
67769, 329
23763, 646
34029, 478
47100, 435
40261, 995
52653, 213
9673, 543
17754, 872
48857, 65
57473, 991
41469, 620
28218, 141
56622, 649
26316, 1000
5546, 3
20541, 327
64020, 5
29350, 54
41833, 456
37190, 326
23504, 84
65655, 425
39757, 917
1547, 462
77076, 7
41064, 884
55178, 12
41217, 948
52743, 350
70021, 822
49693, 986
78235, 540
38831, 307
62368, 913
57923, 220
38946, 294
69377, 336
23740, 729
8020, 910
10424, 987
2430, 369
32751, 812
60435, 527
12547, 358
21853, 381
5725, 386
45939, 380
41099, 28
40512, 467
11737, 355
39735, 437
40587, 626
27204, 756
36564, 579
74449, 13
79486, 779
8874, 184
58642, 778
20952, 100
38493, 581
71618, 252
34649, 104
24072, 805
49598, 62
16018, 443
39033, 821
75921, 890
23469, 199
63044, 646
28332, 538
27329, 180
12972, 425
16287, 724
1540, 277
31073, 260
67727, 643
60638, 348
73901, 357
42652, 962
59389, 398
23806, 743
65245, 424
25500, 366
13232, 937
12815, 434
48729, 474
16529, 599
15961, 491
71106, 120
66733, 282
32862, 896
31226, 846
1913, 690
39368, 488
71604, 258
79307, 526
69081, 777
65483, 766
42866, 488
61557, 3
76515, 556
23206, 609
64474, 573
4933, 451
10901, 457
46346, 117
31076, 667
37471, 966
33219, 622
33276, 204
41478, 371
20704, 74
47132, 162
51918, 982
32159, 59
26735, 795
21767, 20
63420, 121
64297, 354
48565, 470
63487, 597
65118, 294
67003, 837
25664, 765
54822, 841
9355, 885
59331, 69
22904, 802
6734, 665
7156, 1000
3493, 641
40069, 131
32105, 972
75974, 464
29039, 234
71883, 68
10765, 275
23621, 658
40832, 361
79984, 134
49394, 755
444, 719
12408, 370
19969, 108
69484, 437
76887, 140
43982, 630
77396, 779
72623, 634
71978, 288
52698, 632
33326, 850
35711, 719
68098, 630
74647, 717
36326, 403
54085, 103
17161, 224
49175, 832
22055, 707
22362, 641
40614, 965
16131, 949
57142, 112
53091, 283
33056, 647
10121, 717
18426, 485
46371, 472
45753, 410
50243, 788
47880, 2
25376, 520
76872, 709
7382, 443
59109, 814
37240, 598
38826, 403
26134, 753
52628, 103
45369, 669
18130, 767
78457, 239
37953, 441
3942, 496
59352, 230
61854, 895
41746, 195
67656, 888
39367, 993
65719, 126
49241, 732
29357, 558
70319, 753
51234, 370
33279, 785
33924, 98
61534, 461
30050, 560
23848, 380
69167, 250
10653, 278
11454, 687
63956, 57
72478, 699
59171, 806
49226, 212
30227, 450
10501, 585
34064, 662
27013, 874
71376, 764
56866, 740
69027, 636
76641, 125
41366, 0
77670, 792
41381, 693
74651, 231
11037, 415
35021, 350
22716, 902
70263, 676
69972, 902
62873, 649
39027, 588
10284, 162
13377, 358
54864, 36
48216, 496
62815, 177
13656, 378
5925, 129
31850, 288
79118, 101
3168, 358
68769, 559
2264, 865
79137, 291
42894, 216
76788, 452
3236, 996
43993, 796
25783, 385
60140, 472
61404, 997
32273, 962
5647, 17
67476, 318
5955, 271
10329, 947
75517, 911
10458, 395
73111, 954
54622, 661
20505, 385
34267, 525
32155, 344
25281, 879
67036, 84
72457, 728
58082, 101
39031, 706
61433, 307
51829, 544
29075, 918
57144, 371
2920, 542
14531, 376
63913, 30
56569, 634
7076, 783
46274, 842
79710, 77
31795, 92
46344, 907
44276, 709
52111, 975
22181, 558
399, 454
8890, 696
29896, 609
51570, 29
33991, 104
3596, 879
27545, 966
79007, 397
22168, 356
61510, 650
38234, 553
47175, 110
68176, 850
52848, 494
11734, 177
42461, 155
66737, 733
26261, 775
14672, 241
41648, 662
66650, 817
39617, 911
2245, 207
22517, 715
77161, 559
7470, 301
4058, 32
30539, 899
3673, 838
74100, 305
30978, 187
78738, 448
64415, 950
42986, 133
48016, 3
27802, 33
42120, 258
16504, 465
76095, 456
8951, 665
56913, 398
66655, 867
70209, 403
31315, 539
15554, 585
50050, 459
66744, 855
60994, 791
29008, 162
43524, 953
7422, 517
8210, 177
54743, 27
32271, 142
67365, 851
56519, 882
8330, 364
72927, 967
67625, 109
7618, 649
69628, 325
7376, 864
79661, 71
20603, 303
9532, 880
28266, 215
8959, 881
10838, 73
17519, 2
79638, 506
22194, 759
9723, 437
22940, 626
72304, 129
50066, 675
68891, 881
73417, 326
49357, 438
78743, 816
69281, 485
66970, 575
9281, 855
8864, 866
7999, 682
12875, 61
40582, 589
76775, 438
18290, 940
14843, 284
63210, 352
74698, 685
55384, 342
29614, 823
72458, 939
57330, 555
69394, 255
28501, 91
61858, 114
62497, 113
51538, 565
12123, 12
63119, 100
74711, 497
46730, 90
52950, 567
43973, 248
14600, 132
64679, 151
29998, 210
32766, 522
76217, 765
29773, 835
68556, 157
15176, 372
27913, 592
57295, 240
62129, 380
21993, 460
44269, 678
26641, 836
79748, 818
55910, 87
27915, 319
16186, 273
24776, 829
1321, 628
28105, 856
73042, 103
72767, 845
69665, 176
855, 909
62012, 484
55807, 67
39978, 624
60959, 522
17227, 666
52707, 956
57098, 674
59442, 134
30665, 929
45430, 157
79431, 283
21979, 431
56700, 369
20348, 300
68828, 982
48621, 390
53320, 214
15840, 346
47123, 238
47222, 358
79268, 236
20878, 199
61830, 180
54526, 698
14542, 570
44767, 7
20552, 982
69275, 213
66704, 311
51597, 666
67731, 331
27590, 657
77729, 845
22900, 787
58275, 404
40686, 501
414, 931
13701, 527
34302, 972
43648, 695
44131, 90
75815, 250
6669, 515
11592, 565
2263, 752
33060, 604
22565, 67
34917, 82
75437, 59
12006, 570
50004, 627
11690, 498
498, 479
73467, 871
57312, 491
73240, 428
7544, 859
52140, 536
68247, 326
1496, 890
48477, 540
3663, 491
71138, 627
46648, 668
41373, 222
72881, 626
5251, 48
73824, 331
18731, 53
34209, 429
53138, 294
11339, 482
8227, 340
33935, 820
74467, 548
18369, 677
61532, 375
4260, 405
26724, 868
252, 144
44938, 472
60791, 90
21237, 869
37682, 668
59225, 830
15792, 745
10175, 729
33969, 977
53185, 128
6261, 490
55470, 942
5673, 906
9725, 644
28380, 526
59552, 958
66989, 113
75223, 19
1151, 354
34322, 643
61306, 994
74689, 871
39638, 546
5709, 703
40142, 556
8561, 890
30999, 627
20296, 669
2464, 563
65261, 31
53676, 715
36316, 466
69979, 238
64910, 768
48144, 197
57899, 898
72039, 931
18370, 957
19171, 412
40029, 777
26285, 261
61655, 134
75177, 726
61540, 648
79305, 571
45709, 618
79752, 385
43291, 394
41535, 823
66837, 409
26030, 841
8681, 229
36967, 164
29718, 677
47355, 233
33493, 844
8642, 633
68234, 571
56550, 949
63151, 175
58213, 44
62244, 972
10091, 18
53727, 594
58140, 887
39941, 772
70018, 78
38242, 391
16891, 167
12804, 254
10163, 464
77818, 839
18713, 59
65211, 462
63090, 733
17646, 220
15701, 217
3084, 445
41618, 157
51553, 62
47748, 275
15207, 657
21501, 62
22420, 389
68490, 869
53780, 435
14410, 54
28759, 478
50031, 819
11937, 719
3284, 163
12219, 582
44138, 964
76915, 587
79491, 538
9839, 832
57251, 266
4735, 396
1240, 231
65604, 306
64632, 224
68510, 517
34642, 435
39853, 498
57459, 806
78833, 728
1656, 45
53767, 181
677, 463
44807, 714
59033, 668
11013, 998
22748, 347
70956, 268
69210, 302
27451, 189
63555, 361
60217, 772
36784, 247
1215, 275
13059, 403
52426, 235
39809, 489
67915, 418
52903, 188
42045, 728
16918, 435
14234, 139
28302, 946
25125, 62
19003, 993
62445, 81
46873, 293
71080, 472
14538, 799
71187, 452
60835, 323
28700, 116
8114, 567
27050, 797
72716, 157
78592, 742
248, 417
1809, 84
24635, 94
68456, 637
47259, 951
73186, 911
73495, 182
74850, 778
5403, 53
70541, 492
28655, 9
32480, 318
77640, 515
64147, 957
19340, 605
5084, 173
60096, 814
74573, 326
24337, 414
1545, 812
58089, 274
61462, 108
28235, 264
72450, 39
6298, 298
36590, 780
66755, 622
58934, 370
26886, 511
910, 85
11119, 230
68701, 39
29921, 642
42446, 57
32265, 907
11507, 660
45907, 705
60316, 113
42477, 633
69228, 679
75032, 657
45913, 235
69735, 974
22928, 260
47213, 343
45441, 956
50976, 127
34085, 108
17637, 517
21447, 583
33380, 551
75373, 661
22182, 89
28687, 319
79417, 111
77236, 280
57979, 821
76012, 144
45223, 307
60900, 535
39071, 928
28272, 810
71112, 575
4746, 992
65819, 789
28677, 562
28471, 889
21871, 531
71610, 367
50530, 575
5368, 565
78573, 424
42333, 710
60324, 517
29597, 229
63794, 121
6276, 239
66249, 920
65308, 691
8343, 176
42704, 327
249, 214
73871, 625
67728, 515
76696, 28
61444, 602
67371, 301
47453, 508
45069, 258
42719, 118
73970, 168
78375, 688
10917, 503
28783, 214
75343, 167
15619, 706
43614, 979
74156, 828
17626, 740
34974, 541
50579, 579
33802, 820
71570, 323
19671, 368
70730, 811
3611, 676
58587, 894
20889, 261
51512, 985
38745, 836
47408, 252
14467, 685
32376, 764
67623, 640
24808, 562
49826, 517
64102, 786
61350, 382
33009, 322
44670, 642
78725, 441
63462, 123
58874, 652
36749, 264
36290, 174
28819, 28
57722, 213
42786, 958
37023, 864
57166, 199
32560, 347
44130, 747
18101, 85
26123, 855
4899, 807
43624, 795
73733, 291
3985, 220
24038, 211
2429, 133
61648, 258
55443, 437
14263, 794
46999, 877
6592, 553
40695, 659
75054, 678
10871, 904
71522, 362
60827, 777
4262, 687
38200, 65
51784, 675
30996, 169
798, 63
64606, 676
71779, 303
712, 728
13621, 941
73261, 454
21373, 980
58829, 665
49065, 984
71118, 771
4457, 412
2927, 963
49679, 671
24771, 181
35640, 425
68105, 715
29956, 346
32402, 693
13744, 520
15684, 207
36486, 319
19216, 923
58389, 98
21716, 920
12089, 207
74620, 211
66052, 867
54369, 914
49846, 461
16294, 90
7320, 469
52187, 701
3378, 631
77557, 219
40320, 506
28775, 64
42736, 658
5264, 831
19997, 127
12085, 65
34331, 53
10139, 60
32066, 718
19090, 381
44246, 331
39255, 676
79568, 961
46228, 900
23544, 587
76061, 993
67177, 127
24132, 844
3961, 855
28769, 662
14913, 540
28741, 453
50757, 247
45581, 744
30263, 243
12124, 932
71974, 203
37379, 962
51113, 806
26780, 957
10495, 235
70224, 962
3364, 294
19409, 478
20475, 375
46883, 659
78028, 50
41604, 88
44116, 140
44893, 838
27279, 736
12052, 359
32363, 490
5072, 354
37738, 850
3382, 99
75268, 880
30684, 378
65922, 954
69364, 588
11292, 715
33375, 391
72362, 754
25447, 136
6450, 816
8433, 163
63729, 750
11354, 190
61661, 494
40899, 323
23483, 608
4568, 83
1237, 886
39006, 740
33893, 754
2355, 423
60751, 653
39607, 906
15201, 434
25475, 68
21772, 960
5400, 411
58974, 774
72688, 628
51375, 136
22914, 961
63931, 988
68671, 489
2431, 88
8167, 499
15422, 770
15258, 634
24173, 709
30705, 548
60976, 764
68420, 229
15731, 850
9766, 167
49921, 9
33523, 57
54663, 203
23213, 811
32930, 8
27271, 343
76612, 775
32309, 10
28069, 18
17174, 627
77851, 606
63788, 533
77797, 229
18137, 189
73099, 612
25211, 599
48745, 508
659, 931
28085, 18
51222, 963
4618, 270
73544, 151
26675, 676
2146, 300
25071, 392
29816, 922
28620, 462
27909, 293
46877, 860
48168, 105
79698, 882
33024, 485
63591, 957
65228, 857
20949, 958
17788, 668
70769, 138
60286, 847
60855, 956
32314, 740
37268, 853
70939, 508
71887, 577
46757, 372
43860, 271
240, 279
24440, 856
16432, 309
23554, 396
3766, 963
9258, 644
48222, 701
74504, 271
77369, 22
40294, 81
31203, 556
35243, 477
79050, 141
40280, 828
2795, 188
42861, 539
63725, 517
56814, 160
19753, 410
14898, 894
46039, 452
2750, 938
41574, 125
58999, 542
44133, 86
70944, 403
11039, 716
18438, 596
68120, 761
51290, 195
66135, 451
16718, 187
65201, 751
16224, 370
76809, 14
68779, 526
18672, 227
25801, 336
7884, 977
25761, 300
49270, 885
71356, 549
20582, 546
65567, 311
45999, 727
68215, 949
35536, 462
12608, 709
30104, 69
52544, 264
54131, 329
77726, 904
15022, 190
78300, 552
32517, 555
63777, 766
33994, 198
22892, 216
18198, 30
59146, 162
1413, 296
54111, 379
52175, 995
10035, 491
6478, 398
53331, 960
65917, 958
53101, 564
10374, 652
71908, 647
20564, 788
22872, 344
54957, 167
33650, 300
63415, 906
14447, 701
9619, 862
25967, 519
33634, 333
19603, 545
4140, 744
70042, 959
59603, 134
34905, 232
9009, 370
54223, 25
73746, 787
79739, 30
64728, 109
23696, 946
36539, 807
64411, 570
33281, 305
45847, 70
69642, 892
6674, 962
46776, 130
11158, 82
52697, 943
61565, 11
64926, 171
21093, 417
41055, 267
78826, 391
11435, 885
64884, 417
59167, 305
57906, 81
42793, 682
30588, 196
58905, 364
72399, 165
67205, 374
76726, 662
78318, 544
35980, 641
10661, 569
43420, 342
31851, 51
29639, 296
33304, 450
8382, 471
71316, 527
13962, 882
55958, 192
66753, 704
52171, 228
43383, 317
51994, 968
19472, 590
52416, 603
70186, 684
56807, 268
60461, 38
46539, 746
7102, 107
58506, 959
45115, 638
43373, 980
75289, 202
73260, 865
46851, 986
73594, 370
9759, 627
35670, 909
51756, 921
48998, 842
27203, 259
24534, 111
28343, 981
52323, 41
44677, 199
46866, 907
24856, 860
7662, 176
17663, 58
24750, 848
48244, 265
60202, 228
47726, 487
64286, 315
46468, 987
68989, 872
48440, 496
5557, 845
10333, 869
65612, 276
26497, 893
23365, 900
62962, 92
44300, 195
21755, 443
67808, 304
42352, 592
50035, 569
77239, 992
62121, 203
6944, 200
45979, 78
36483, 792
32922, 271
1813, 500
19232, 586
52044, 643
33127, 809
62541, 832
37792, 304
77995, 842
55247, 437
34547, 766
22396, 103
44065, 869
5795, 425
65034, 169
67017, 449
7428, 736
51423, 79
72098, 346
41295, 258
88, 91
60325, 594
53246, 565
16642, 784
68816, 699
59888, 644
15463, 802
56167, 846
50220, 731
78981, 438
41371, 91
12118, 664
20158, 311
72681, 134
58279, 688
79370, 505
4947, 940
38687, 868
53537, 500
42519, 288
78187, 342
4166, 79
1070, 709
45529, 939
67115, 802
69832, 929
10512, 218
6921, 394
59430, 203
21932, 636
17652, 137
64695, 609
31261, 255
77877, 781
28611, 495
70979, 405
71202, 501
31711, 8
7606, 894
45119, 13
46173, 317
31035, 168
44703, 842
38347, 247
18807, 672
57780, 206
49185, 356
61170, 489
46548, 142
79412, 114
24682, 102
74002, 276
31111, 242
7964, 905
43288, 414
53125, 545
62138, 100
23475, 839
65663, 547
28829, 270
36118, 598
27420, 188
33494, 727
44591, 851
21707, 934
27155, 843
35040, 711
72013, 221
57226, 953
3033, 535
55898, 436
16323, 616
30608, 433
28776, 597
9308, 617
5028, 101
59722, 623
76342, 534
25645, 868
37009, 690
24924, 978
28192, 489
50586, 60
13622, 772
26397, 66
70481, 57
69268, 696
8211, 133
7908, 312
29417, 488
31826, 282
17696, 735
4606, 929
8372, 629
72068, 830
61828, 235
48541, 92
50802, 12
19002, 436
76482, 21
34782, 997
16695, 843
70134, 754
37191, 62
76162, 435
56428, 246
22277, 446
63001, 1
2871, 432
74776, 384
29645, 80
4764, 191
17588, 706
63449, 45
61611, 659
68926, 519
6098, 178
41231, 367
52387, 657
77694, 847
52982, 398
7764, 383
29962, 411
24742, 743
78037, 779
9186, 596
66264, 709
28287, 414
33985, 166
63785, 372
77679, 545
75372, 829
29059, 415
73883, 33
51765, 461
78081, 228
39744, 417
37257, 548
38098, 541
67658, 287
36778, 530
1763, 770
39221, 404
40070, 477
43763, 203
21631, 691
31531, 365
57591, 621
56225, 248
41220, 472
19527, 157
7516, 288
5067, 55
28027, 351
20054, 313
57783, 16
15940, 365
48962, 478
2579, 656
72643, 497
37713, 591
26540, 179
70339, 834
67976, 28
55771, 565
62789, 956
27475, 929
13575, 652
14904, 945
67811, 518
62493, 241
6291, 392
71550, 860
71759, 451
41269, 5
3101, 492
11980, 141
45159, 443
49214, 39
49756, 212
73762, 584
42566, 697
3962, 79
55929, 199
26326, 718
25318, 127
36325, 816
49059, 640
28399, 420
45454, 407
3349, 715
16487, 1000
55956, 953
55172, 12
70562, 962
59823, 508
63992, 377
35783, 471
24334, 817
76489, 805
69329, 525
19099, 555
73387, 276
429, 517
22567, 1
61109, 671
8876, 812
65321, 112
22720, 607
47200, 703
77930, 666
55574, 463
14676, 534
23311, 646
191, 124
76816, 780
31470, 231
26915, 770
60636, 79
51680, 198
13433, 574
23910, 0
41784, 223
49096, 365
16963, 100
43883, 297
52436, 503
72865, 985
50394, 151
56302, 394
77220, 808
50923, 352
2861, 873
28657, 433
73559, 559
17198, 898
17390, 107
42030, 418
79234, 300
26336, 352
16126, 891
22474, 249
65570, 886
39265, 637
43800, 555
45926, 402
32771, 691
50179, 898
48925, 914
49423, 244
7316, 713
16417, 636
49421, 767
47010, 357
24272, 7
23034, 500
51641, 562
78721, 635
49309, 428
77919, 0
63884, 762
27031, 816
42601, 341
48412, 362
75629, 438
4041, 44
3068, 130
38232, 128
18906, 904
9339, 696
42649, 444
70546, 214
8086, 550
69714, 447
10415, 259
29936, 29
78324, 940
68461, 535
26619, 261
76434, 349
78614, 83
66219, 367
75925, 452
79438, 137
41573, 513
75682, 117
56057, 978
26891, 445
67015, 601
69363, 950
40387, 625
63719, 136
14712, 658
72296, 308
57118, 146
64301, 628
37440, 350
34390, 865
57155, 155
3443, 571
41041, 959
79489, 459
67256, 767
38208, 837
22981, 25
18029, 39
52937, 472
3481, 501
29641, 556
15289, 357
76842, 75
70824, 602
28935, 738
42126, 69
61192, 687
11629, 508
19350, 432
11899, 79
64504, 9
43053, 968
42494, 894
34887, 70
3736, 843
34560, 4
9136, 125
62096, 930
5440, 238
57879, 816
48030, 736
61265, 16
9354, 985
21032, 151
76017, 942
25623, 675
25354, 817
69754, 292
73273, 23
41973, 416
16672, 867
15228, 210
20909, 111
21810, 195
51708, 395
43665, 578
19525, 77
68079, 131
2906, 935
34526, 324
64873, 244
39274, 114
69301, 527
74356, 707
65763, 647
40323, 886
20638, 750
60762, 43
69636, 293
37188, 746
75452, 863
7645, 315
16825, 402
65867, 999
13168, 361
58000, 359
38913, 833
6503, 322
57918, 634
6696, 111
21070, 457
54165, 286
64229, 439
74231, 351
36697, 417
21351, 331
71397, 241
23821, 871
35151, 778
73931, 510
47679, 161
20600, 458
27357, 454
24431, 45
61588, 982
42589, 293
78847, 480
8531, 721
79186, 406
57666, 995
30016, 390
35981, 43
41767, 80
55965, 919
46252, 628
37532, 163
47921, 150
42943, 719
79034, 716
59037, 333
74961, 548
60337, 227
71216, 917
52166, 739
47000, 578
42280, 208
32289, 329
42450, 55
4119, 925
52418, 737
72666, 986
12328, 950
67707, 929
6589, 84
35424, 195
717, 708
74565, 846
67062, 227
34702, 750
4519, 958
62329, 793
59343, 425
12816, 694
53842, 120
45745, 448
44872, 350
28006, 160
74704, 710
8498, 139
42910, 846
37533, 514
10877, 651
23891, 175
8415, 505
50645, 995
17742, 772
4901, 325
59820, 367
19767, 72
74097, 936
17650, 774
75575, 365
34251, 522
13769, 636
14285, 720
34097, 733
21771, 916
15946, 890
35535, 85
75116, 0
51307, 222
68366, 622
68547, 15
34694, 670
9715, 847
46970, 492
46387, 73
27350, 793
63541, 428
57195, 218
55142, 772
63466, 597
35320, 460
23841, 232
34105, 625
51077, 268
13486, 222
69700, 704
20731, 851
456, 180
42457, 711
11920, 965
47807, 146
21169, 406
54245, 213
29605, 809
32035, 672
214, 174
28392, 428
23157, 656
1063, 12
13094, 507
39585, 197
46015, 383
33706, 835
4216, 631
28649, 334
40922, 950
25064, 557
18849, 832
76892, 121
26415, 180
65423, 881
17803, 715
54726, 891
61028, 722
74331, 89
68550, 715
10506, 76
58103, 232
54771, 507
62503, 359
1044, 883
22747, 676
35415, 417
2140, 910
26033, 825
12934, 885
20807, 49
15663, 271
27215, 856
66670, 82
44453, 374
65465, 776
636, 652
11283, 970
73830, 403
38966, 772
21367, 949
37424, 504
15057, 788
36184, 985
75375, 347
3504, 875
39910, 424
77633, 918
38875, 247
75808, 835
27685, 459
56064, 29
41814, 299
77026, 436
15197, 775
69531, 855
20433, 801
42618, 84
7835, 990
72536, 593
906, 63
50128, 597
41812, 35
6561, 185
72421, 163
16160, 671
30748, 0
32303, 357
60129, 502
48345, 279
23225, 792
37881, 853
3311, 321
3016, 178
28476, 945
37983, 963
66561, 681
41471, 22
17959, 282
12485, 281
43958, 278
1633, 444
34126, 178
61049, 538
56343, 778
4149, 243
64909, 524
31815, 241
53741, 783
66786, 956
36655, 285
28339, 899
21140, 906
28092, 62
69813, 470
6385, 378
42105, 888
21243, 993
40633, 214
45060, 141
18142, 404
28428, 798
34024, 935
77104, 201
30871, 455
18334, 680
53243, 695
62346, 880
74929, 435
65020, 397
76251, 724
4273, 181
7886, 574
76534, 232
65651, 507
28575, 24
14309, 139
9361, 697
48059, 809
69551, 861
73493, 718
45801, 268
34114, 486
79694, 407
56895, 207
37483, 38
59101, 318
25100, 343
15053, 935
15635, 42
61897, 154
72746, 12
13254, 217
40429, 127
17604, 213
55484, 441
79404, 660
78884, 57
66800, 264
39270, 310
60284, 600
38813, 684
76294, 940
58120, 761
41, 564
50734, 831
24133, 406
7005, 673
70587, 745
23537, 483
50904, 281
36097, 354
42681, 603
12419, 752
27754, 592
33602, 893
39652, 621
23439, 605
76139, 935
74324, 933
29363, 520
79899, 356
4264, 926
58079, 253
54720, 11
10825, 512
25868, 608
72830, 496
71730, 821
44189, 250
46744, 102
2185, 231
52469, 902
23626, 681
20613, 244
71179, 521
9878, 779
79761, 886
21274, 918
1603, 131
14321, 632
59623, 877
42362, 777
29368, 928
61946, 5
45252, 676
61184, 831
37742, 62
32200, 947
13545, 17
29091, 861
19570, 503
43705, 964
52996, 690
74313, 183
8304, 815
39190, 325
42237, 781
70735, 282
9570, 116
42187, 456
32385, 268
47530, 7
28688, 78
60951, 273
66959, 39
75503, 345
51605, 734
61955, 798
73988, 259
78740, 311
57754, 447
49062, 578
51639, 793
76150, 523
50135, 348
12527, 71
20793, 469
66740, 982
49830, 818
12122, 456
33291, 584
13958, 762
49625, 505
61117, 630
78079, 808
59356, 873
41664, 371
12473, 639
18929, 674
59467, 525
61023, 558
26622, 600
17895, 547
19485, 478
75589, 956
20540, 590
24135, 257
20833, 133
29164, 703
9023, 831
40948, 358
6195, 676
50689, 600
1722, 770
53124, 735
4312, 401
6707, 418
69274, 46
83, 631
76338, 54
25994, 197
75360, 422
36133, 525
68263, 696
78990, 892
40113, 782
62214, 430
44021, 695
25339, 1000
32070, 908
25490, 987
58787, 547
33950, 699
30931, 184
52871, 592
25280, 829
60120, 366
26002, 198
53501, 273
46580, 360
2031, 355
50663, 132
1005, 539
36431, 592
6383, 764
45650, 926
21204, 114
46134, 420
27040, 33
63165, 755
39328, 613
1859, 404
24556, 966
24250, 530
58178, 172
15523, 639
10325, 240
19632, 727
16003, 818
49874, 376
21960, 444
69375, 555
71526, 688
18449, 948
8268, 658
65031, 452
19280, 67
28939, 131
26522, 540
74172, 917
39037, 552
36331, 433
49398, 122
17673, 329
77716, 641
22875, 930
69704, 44
19329, 912
26291, 929
24563, 773
26320, 858
21189, 857
9675, 86
7349, 86
7713, 289
20606, 201
16456, 446
20791, 695
45170, 365
62614, 613
74252, 183
79293, 665
40798, 643
25485, 683
51803, 331
52502, 454
39731, 645
55113, 217
70902, 179
68700, 747
25842, 108
67697, 770
30455, 732
58754, 681
20455, 736
27958, 354
60510, 517
64309, 50
41437, 214
11811, 860
30678, 288
31125, 247
4644, 854
16762, 117
35914, 528
8944, 238
74085, 264
26405, 801
53250, 173
71688, 887
78732, 442
46340, 424
72924, 755
77965, 331
59412, 731
56292, 659
56788, 117
52443, 977
40819, 434
73796, 931
27038, 880
54148, 531
9571, 900
37990, 725
71480, 566
72857, 557
6282, 18
49119, 245
46207, 31
78955, 400
56106, 978
9188, 314
58648, 686
70320, 82
31366, 77
18913, 346
14533, 367
5996, 224
612, 184
62973, 426
63189, 770
8807, 627
42642, 414
54070, 251
47351, 238
78807, 906
65932, 980
12309, 999
72698, 564
54811, 553
12902, 570
6125, 558
51642, 340
9530, 152
75846, 141
48096, 486
72845, 392
75160, 435
37448, 561
47316, 615
41890, 265
13484, 386
59853, 232
42043, 556
4015, 993
18604, 645
55329, 620
41492, 724
16290, 516
77771, 963
34050, 6
43394, 385
70181, 291
37768, 455
41671, 521
65877, 230
53023, 355
18193, 999
41861, 387
13120, 218
31312, 365
53462, 611
72363, 423
78387, 961
59365, 744
7050, 249
76032, 788
23980, 962
72109, 459
70289, 548
24465, 786
38325, 179
22022, 520
14155, 235
39416, 280
1619, 337
78344, 930
25140, 687
23965, 604
63493, 267
51344, 898
18161, 867
2791, 888
14050, 663
46942, 382
33736, 361
58831, 364
22258, 392
34808, 43
71163, 922
56398, 351
36032, 307
52525, 535
58261, 497
58812, 664
63034, 48
11268, 226
4196, 802
71809, 931
40594, 5
43224, 600
53888, 583
61829, 146
48090, 700
25050, 635
9280, 402
76399, 882
4977, 87
20477, 333
23527, 622
8467, 983
9014, 305
5697, 184
62661, 427
72691, 384
39791, 507
57996, 65
26082, 666
27286, 783
45312, 287
43159, 253
45099, 802
69651, 201
687, 664
49264, 731
66500, 214
49828, 527
34561, 832
32865, 730
48024, 491
64107, 856
17883, 204
26201, 763
5599, 819
12422, 927
76697, 836
41396, 670
66163, 422
49079, 199
56707, 974
23672, 154
33625, 779
14228, 535
34609, 267
17986, 0
72871, 840
24502, 246
31060, 582
39874, 8
13957, 403
68460, 707
52270, 96
52934, 151
23151, 526
16194, 464
7891, 691
41906, 463
45204, 628
71957, 279
9137, 428
21362, 884
8133, 81
11096, 45
79015, 826
39892, 805
79062, 721
63195, 441
56274, 291
48104, 431
60329, 797
4677, 592
54061, 631
47067, 988
58337, 349
15248, 281
69171, 160
55516, 777
48227, 376
74122, 424
71599, 19
15097, 198
55392, 205
72544, 104
11410, 840
55785, 920
64028, 267
47164, 330
21219, 998
21147, 883
49867, 522
77177, 16
67981, 998
72229, 67
19522, 830
77841, 120
77615, 135
3411, 638
73158, 147
54147, 837
35456, 345
79924, 207
62728, 578
37917, 615
60226, 111
10315, 750
77156, 711
65399, 864
1223, 359
46591, 632
54052, 808
3178, 1
5527, 692
64757, 534
6995, 889
37025, 34
17649, 320
4070, 218
5326, 694
79961, 924
13697, 132
45217, 729
19594, 600
47096, 870
13104, 69
13676, 198
251, 279
4599, 424
54645, 76
39394, 351
2733, 342
24787, 27
5694, 646
44782, 34
6535, 107
23216, 694
74397, 729
35824, 531
55067, 837
49997, 430
34725, 283
42419, 697
48822, 924
36756, 54
63745, 410
17284, 496
54514, 659
21333, 323
18333, 501
42083, 723
8446, 290
73599, 561
924, 119
14628, 119
47665, 428
65851, 796
72464, 748
42965, 620
32017, 469
14085, 968
68761, 596
13866, 615
59930, 210
79245, 19
70462, 148
65054, 695
10298, 218
59922, 510
69556, 743
24620, 742
49686, 678
73194, 219
25062, 457
46298, 849
65765, 538
44097, 529
26192, 458
5507, 948
37670, 584
12933, 99
60055, 126
73522, 60
20300, 33
58740, 965
33824, 450
78806, 287
45852, 227
73573, 522
9568, 710
77286, 480
58640, 518
72690, 429
14119, 786
58509, 216
14055, 41
40760, 589
17512, 179
52716, 455
66801, 298
1459, 618
15913, 86
1384, 171
47865, 254
33234, 240
33195, 241
28680, 184
53019, 284
15706, 568
65124, 532
38714, 395
71855, 447
65001, 317
19649, 44
76694, 399
20932, 926
8657, 49
15433, 827
39649, 108
42823, 137
8002, 869
9341, 740
35359, 353
32903, 246
73438, 415
35183, 269
47615, 324
6527, 787
14581, 605
7802, 375
33936, 593
5924, 963
13062, 30
43021, 963
37445, 992
4968, 769
13855, 331
70437, 310
68318, 341
73701, 490
32832, 40
45208, 123
46465, 400
1176, 627
28402, 496
76324, 943
43464, 863
19186, 254
67833, 664
15952, 891
55274, 782
44128, 690
24043, 956
1351, 193
12983, 616
22443, 555
78017, 733
40678, 82
72835, 484
35585, 47
285, 707
1107, 944
57872, 869
20903, 908
6176, 428
66590, 513
31932, 485
76851, 81
27290, 892
2636, 968
46262, 380
17288, 835
3095, 155
41514, 872
69812, 436
73648, 156
57048, 657
64911, 347
67797, 318
59529, 67
66034, 320
34835, 756
73689, 150
57715, 543
55851, 670
56097, 532
12254, 866
22722, 102
52828, 114
37398, 733
11528, 827
5911, 553
34742, 94
13225, 465
73315, 259
22679, 59
70204, 422
25948, 558
40098, 52
74925, 706
10384, 91
6181, 831
76592, 432
38346, 695
67438, 646
6987, 888
13400, 352
63358, 991
44165, 183
39263, 94
71991, 648
9492, 435
17633, 993
72692, 6
16827, 905
43521, 274
25108, 994
72564, 789
25697, 181
53692, 41
29656, 699
21206, 464
66811, 129
78069, 689
39040, 65
75993, 827
70548, 21
7615, 899
9625, 556
3103, 918
42899, 679
45305, 754
65565, 930
24667, 824
41299, 790
10055, 794
3201, 111
23796, 18
11605, 321
30305, 473
79267, 487
10049, 654
10612, 480
21402, 243
43180, 793
43138, 437
16925, 646
27960, 115
34577, 204
39508, 574
10726, 124
47093, 608
18594, 818
24260, 462
20277, 754
9047, 24
1202, 151
28190, 20
9916, 626
15515, 129
40986, 567
68950, 622
40919, 523
63254, 50
38252, 967
36416, 770
46096, 813
5409, 81
57208, 352
59571, 789
46001, 689
8822, 340
33645, 283
4421, 276
61768, 130
16264, 78
50466, 290
3965, 45
73343, 298
58078, 691
47871, 619
59181, 336
75727, 798
58745, 0
54565, 1000
63866, 591
35527, 971
34686, 725
64866, 246
32757, 877
2329, 558
35078, 809
24978, 331
56579, 375
77874, 63
16789, 281
16662, 798
52645, 271
6044, 287
25227, 536
27557, 96
37954, 459
28233, 120
8628, 983
72238, 848
39977, 843
65710, 724
63613, 345
65497, 991
60305, 37
6623, 161
55999, 750
39885, 111
46415, 629
77631, 992
31291, 234
28282, 175
1078, 242
56867, 900
57942, 141
40048, 10
10885, 538
6242, 785
17326, 688
38546, 448
17746, 148
27218, 425
4986, 788
15835, 847
78260, 773
21844, 540
21637, 683
36062, 4
6661, 498
27310, 664
26301, 180
71930, 20
58975, 547
22170, 599
8759, 735
75415, 795
18813, 826
48296, 653
25699, 961
2930, 389
21486, 577
64152, 775
23660, 820
59660, 735
20387, 959
59191, 249
72798, 485
51898, 935
65187, 248
73412, 20
67655, 337
19874, 184
39586, 326
50144, 847
40805, 569
70964, 307
3669, 349
42241, 379
51358, 544
62052, 669
376, 48
15457, 743
34496, 370
6977, 677
22728, 687
74054, 315
23997, 431
52025, 334
61073, 295
52003, 98
26194, 913
9482, 190
11675, 148
17837, 433
20974, 288
30042, 206
15024, 283
69727, 898
25474, 418
43162, 806
36773, 91
35329, 196
16244, 86
10893, 208
30503, 762
40096, 417
3399, 745
2684, 464
60452, 121
77861, 834
42398, 427
22548, 611
61048, 788
30049, 899
70500, 381
8939, 989
47341, 602
74298, 708
75770, 908
37015, 845
26200, 64
25343, 615
65801, 793
61437, 553
58500, 882
56809, 529
20084, 991
7383, 841
66769, 964
73331, 46
41472, 463
13257, 976
52335, 726
71852, 788
26266, 287
10301, 915
45071, 312
41580, 605
884, 626
54793, 638
63217, 314
21790, 941
4605, 664
43217, 755
55374, 272
75706, 522
17876, 693
24897, 486
62738, 534
28820, 359
65343, 394
24295, 82
17212, 903
78791, 758
58197, 972
67908, 79
71637, 423
71043, 313
4882, 505
28325, 559
55031, 428
44794, 541
44932, 797
40470, 565
42499, 649
64086, 955
79744, 843
65793, 97
27169, 982
31245, 258
58304, 644
16279, 446
30855, 462
73136, 487
36295, 611
48300, 751
77671, 593
17413, 648
1179, 446
42896, 941
73138, 502
44420, 804
34611, 675
5142, 412
5017, 845
55269, 402
25276, 474
78504, 668
20442, 725
58187, 577
18567, 432
71518, 682
17270, 102
60288, 76
61051, 988
47274, 789
17263, 463
1227, 136
40117, 622
16621, 483
66438, 776
3608, 545
60735, 358
9543, 335
8844, 469
35944, 742
51199, 644
11775, 384
73480, 985
2780, 632
45207, 166
27720, 950
55762, 158
64865, 591
72682, 26
75977, 922
79947, 865
31779, 70
20, 188
46399, 49
6610, 111
69147, 332
34473, 927
40445, 724
63004, 358
46146, 727
36692, 790
50400, 158
47262, 342
39249, 253
41598, 309
50855, 995
31539, 640
6048, 809
3870, 43
69280, 521
60952, 546
11519, 456
25130, 163
9924, 166
76908, 687
56574, 2
75547, 776
72317, 204
51544, 939
38595, 13
32340, 748
9483, 837
14247, 146
69351, 131
10022, 185
33556, 719
13831, 479
3704, 334
77506, 900
14555, 664
7822, 771
36258, 683
44236, 553
50600, 221
31845, 773
17967, 711
69524, 614
28864, 955
10992, 259
57152, 978
22685, 40
71166, 578
20219, 275
26218, 392
31104, 329
72103, 11
59364, 408
60542, 140
19840, 847
34752, 371
42173, 173
43640, 379
23538, 956
49636, 109
69020, 345
44204, 70
5155, 664
37726, 3
48284, 299
46918, 353
28159, 22
73433, 880
49757, 653
70508, 249
5234, 811
62035, 350
50613, 345
24586, 923
53496, 266
58902, 147
50006, 257
51738, 359
9266, 668
59378, 583
78903, 284
2439, 798
27497, 853
61718, 498
13801, 270
462, 746
53958, 609
72545, 4
36345, 239
64063, 683
74785, 733
56062, 91
59388, 56
70295, 755
55703, 476
36272, 262
7765, 883
13793, 846
40259, 517
79524, 417
63589, 729
28562, 581
19004, 754
13028, 956
22280, 280
13819, 523
28276, 492
32128, 760
77058, 468
58801, 375
34588, 578
5335, 177
11427, 301
7289, 664
30079, 467
11911, 401
46045, 396
35046, 222
24703, 685
65276, 161
32826, 352
69415, 460
66511, 239
21610, 66
28805, 612
25993, 428
10250, 396
59775, 213
28097, 644
2476, 342
78189, 365
44391, 516
53642, 256
16441, 742
35121, 433
5145, 274
52210, 52
35451, 422
37904, 68
7642, 172
72359, 194
6051, 300
34190, 606
70217, 96
36227, 427
62616, 467
2211, 135
11628, 692
22737, 115
64445, 499
74141, 82
33420, 464
46466, 832
17170, 467
46962, 605
14911, 515
3996, 288
49490, 655
33054, 794
51942, 548
76274, 307
55249, 528
63904, 570
70056, 348
79258, 373
64959, 115
25126, 553
66917, 310
61812, 34
51308, 748
19591, 530
70714, 698
66411, 210
67107, 785
33063, 715
22180, 578
39396, 539
1674, 694
52299, 905
75250, 744
18469, 435
70218, 682
74029, 1000
74884, 96
67578, 307
36402, 203
7098, 771
72252, 582
43760, 566
36716, 175
76322, 487
10677, 581
51299, 436
41641, 899
70304, 424
65958, 281
75158, 484
30982, 998
66152, 272
52129, 429
36170, 642
20823, 110
16310, 965
28374, 581
25754, 706
53048, 126
78909, 50
26766, 954
36492, 887
16839, 787
1904, 45
28728, 389
73580, 628
59499, 988
44012, 964
36364, 807
4102, 777
67789, 919
54003, 442
65111, 79
79010, 663
75340, 314
62230, 422
45626, 396
62705, 963
68670, 163
10771, 448
36548, 85
5031, 201
37833, 0
29743, 76
36206, 499
12773, 188
72724, 131
48731, 690
12661, 731
23480, 398
2994, 678
46820, 887
79199, 325
8223, 291
36202, 461
4425, 122
45933, 599
16316, 644
30418, 221
10390, 481
75634, 112
51603, 548
61775, 344
47551, 77
54930, 546
66260, 739
59363, 511
74994, 198
48196, 642
8428, 128
75864, 516
70002, 508
45701, 195
75802, 812
24885, 914
42428, 904
3573, 214
30431, 506
60440, 918
10435, 575
4547, 253
53364, 153
40792, 230
38771, 622
41929, 621
52376, 413
34192, 918
75781, 247
46582, 803
41050, 375
66188, 832
78506, 388
58310, 625
9204, 33
40101, 222
4616, 955
41181, 389
21277, 425
2159, 319
8755, 808
15232, 263
8024, 486
37301, 900
64597, 171
16543, 37
77554, 341
11391, 581
2827, 286
41203, 572
52527, 528
49760, 319
48659, 777
31651, 921
11780, 103
47026, 630
21890, 839
37692, 598
52428, 19
3748, 368
69398, 498
63535, 362
6467, 715
47336, 647
61040, 711
52145, 988
65474, 217
31788, 251
47401, 582
52693, 11
28075, 30
45731, 204
61227, 896
66138, 34
52176, 483
21205, 265
14069, 821
48392, 908
78119, 286
39877, 19
19574, 473
58327, 129
12859, 822
25006, 936
33553, 414
9309, 437
13361, 793
17582, 634
56090, 246
67383, 254
56929, 920
71719, 713
65925, 35
697, 305
59308, 764
24587, 815
15688, 596
45022, 408
70256, 661
30122, 667
10878, 751
55577, 417
35797, 129
67771, 684
62570, 500
30153, 500
62333, 615
2248, 786
79171, 599
17767, 566
47057, 822
36925, 570
41154, 42
74055, 745
77258, 735
44600, 586
2170, 222
1067, 436
53208, 502
4797, 584
42181, 476
29683, 943
685, 557
65748, 658
50431, 248
64329, 857
21950, 297
32554, 129
24460, 113
58073, 394
60856, 29
7785, 926
26249, 545
1001, 605
55159, 974
46243, 923
39802, 47
75094, 30
70596, 952
35173, 642
58043, 935
77333, 172
13663, 120
24090, 213
2588, 760
50500, 308
27653, 719
28791, 363
7750, 366
73512, 749
73393, 984
27711, 466
75776, 280
51651, 319
79410, 420
18814, 597
30875, 341
74193, 641
70604, 831
10791, 765
43644, 722
50060, 750
14663, 89
7855, 701
51950, 805
33632, 237
10768, 21
54925, 729
28734, 417
11829, 561
45293, 193
60472, 234
9966, 281
53164, 610
48232, 772
40111, 48
8574, 43
74735, 68
56933, 64
14483, 843
34709, 831
38739, 870
25821, 668
65992, 116
58154, 72
36365, 68
52279, 366
56262, 468
13633, 750
19940, 744
59834, 82
17709, 6
33746, 537
12144, 108
44212, 656
19277, 207
67587, 393
43698, 644
600, 468
8166, 230
79539, 550
41873, 797
72024, 89
40547, 242
56639, 585
62123, 638
39725, 627
22561, 288
50459, 705
45912, 779
42577, 902
1811, 555
53794, 151
41039, 965
66461, 719
27593, 751
2644, 181
46615, 443
72367, 562
1148, 158
59994, 460
19964, 654
20030, 246
14571, 463
10149, 534
16584, 138
27872, 645
72961, 612
62409, 195
61559, 351
5097, 186
56079, 467
65216, 106
55556, 269
32175, 225
39356, 30
9907, 343
14728, 3
55419, 954
9760, 259
77811, 680
9359, 757
47198, 199
27000, 836
66978, 564
16937, 389
9386, 510
42453, 434
16485, 534
58404, 256
24641, 13
44211, 305
52599, 218
16615, 318
60382, 454
30988, 183
36084, 404
16007, 805
8903, 76
35367, 96
36351, 385
63753, 285
18674, 783
71823, 796
25174, 135
71073, 339
30649, 555
70753, 770
38342, 813
36606, 324
3072, 16
8161, 141
15081, 824
19755, 146
56405, 236
1424, 709
10021, 653
25745, 435
63798, 887
2363, 613
40212, 773
27306, 621
50897, 96
36813, 556
68313, 56
29328, 86
13860, 48
3544, 268
25883, 168
139, 166
52110, 18
37711, 586
1437, 160
10711, 569
47027, 810
65294, 485
66574, 281
37265, 873
68123, 816
60175, 586
4838, 539
48802, 947
28561, 762
26020, 755
57448, 649
25703, 126
78991, 396
48443, 474
5321, 227
34637, 57
65126, 368
1696, 848
38125, 135
53666, 950
1536, 228
18037, 43
66818, 767
29256, 769
14673, 370
67051, 731
15040, 34
60972, 788
58706, 169
39643, 962
33810, 947
73545, 522
21527, 817
13643, 388
19481, 905
34176, 562
68273, 640
31959, 351
57939, 89
62732, 616
60333, 604
54156, 302
60708, 56
68727, 440
10423, 163
1274, 917
50681, 386
26927, 673
20405, 214
45761, 78
36052, 779
18864, 216
45850, 934
67396, 379
34756, 428
76345, 313
75114, 173
68128, 433
4750, 865
70202, 59
38695, 273
56357, 909
77045, 515
79484, 128
34669, 770
63851, 267
78773, 226
59300, 929
43838, 706
9979, 685
54675, 524
44210, 275
20816, 695
40974, 41
69392, 75
25385, 127
71137, 600
55186, 35
21458, 988
5467, 836
648, 889
78943, 830
37278, 252
9728, 695
49914, 576
9563, 189
76189, 141
14693, 127
19541, 949
20362, 87
45048, 646
4572, 201
70784, 443
52970, 539
27412, 603
27019, 304
75985, 367
72432, 204
69568, 121
72675, 999
35266, 796
58128, 953
66337, 722
75394, 532
2319, 599
1507, 669
9245, 653
50854, 529
35318, 813
27307, 374
13122, 705
3731, 558
75261, 326
63942, 273
31735, 23
32688, 223
65024, 90
15938, 317
9933, 502
15600, 548
44649, 393
2191, 315
77494, 757
33153, 938
60243, 101
1453, 767
46795, 498
68012, 633
10751, 253
76196, 928
34380, 857
60668, 156
11526, 266
42289, 740
69311, 319
8513, 190
24245, 146
27689, 936
78238, 658
33708, 75
21377, 805
69246, 163
64061, 177
42376, 258
69811, 407
75456, 692
48028, 423
38594, 937
40181, 255
6320, 618
56605, 925
62092, 317
779, 676
30131, 322
58958, 27
48734, 86
33040, 775
20862, 198
60361, 248
17101, 892
36612, 806
16142, 280
42680, 885
4284, 554
7291, 313
13572, 909
30344, 445
69413, 722
28813, 315
13255, 770
33876, 555
69741, 441
51802, 889
18472, 910
1381, 125
8550, 74
46378, 480
56915, 221
51183, 965
9417, 269
44372, 214
28492, 694
67196, 577
8143, 900
65355, 643
11745, 431
23893, 880
74665, 763
62679, 564
23689, 978
13278, 187
28900, 790
4344, 610
5370, 953
63845, 253
63370, 644
51058, 972
47875, 536
48017, 46
37753, 526
49250, 614
19278, 416
6214, 257
75347, 920
51368, 955
29304, 870
77928, 232
6501, 286
53365, 101
69125, 376
45884, 554
20858, 220
5783, 627
57667, 364
66966, 126
73576, 162
73413, 141
13754, 608
6868, 396
38336, 382
18218, 674
32404, 939
75275, 674
68165, 704
63265, 193
36887, 16
71153, 194
78148, 234
39319, 116
69152, 713
46501, 566
27346, 938
73525, 964
10867, 767
12259, 805
21516, 311
25940, 994
51887, 249
75410, 0
15418, 631
70490, 34
38057, 50
77589, 958
77967, 85
46620, 53
11441, 197
61330, 317
36051, 375
78500, 696
3212, 139
3397, 575
44583, 391
9241, 620
56961, 194
31483, 559
22998, 203
6153, 555
41432, 190
57500, 67
53618, 109
68295, 194
24147, 750
42202, 729
53993, 485
28583, 757
58885, 562
16059, 365
72581, 978
12330, 836
61904, 799
33048, 954
44660, 985
47256, 514
23457, 988
3301, 655
62645, 725
32764, 626
42576, 508
49285, 860
67084, 796
73974, 832
25086, 751
35465, 807
64700, 598
55542, 18
57657, 337
33301, 775
28736, 264
23363, 165
3444, 244
30044, 416
9153, 941
7161, 494
25722, 701
42637, 288
58354, 833
36627, 594
48640, 925
66180, 286
53290, 374
18082, 359
70361, 220
59306, 110
72302, 947
55081, 982
67586, 783
62543, 458
45248, 298
21923, 522
73132, 888
7275, 17
59735, 85
7255, 488
32856, 958
13969, 874
70214, 313
13432, 63
25953, 972
30338, 219
19700, 582
51461, 437
18067, 861
52065, 378
33618, 640
47636, 408
37284, 636
22614, 18
65818, 636
6005, 73
37863, 353
43542, 312
43847, 462
71303, 72
63827, 228
11680, 777
42348, 519
64423, 350
56931, 204
22496, 366
72415, 261
15039, 82
49616, 351
30720, 76
15059, 304
60427, 602
78068, 187
21389, 477
53047, 674
20907, 52
20804, 922
70128, 341
54367, 994
11302, 990
18350, 100
67419, 546
27881, 210
57052, 636
17434, 103
70942, 452
66608, 687
4789, 680
37185, 671
15749, 573
63780, 27
42683, 59
7096, 18
5966, 810
12632, 164
79730, 210
38406, 812
56983, 28
31103, 903
73687, 899
1846, 719
4717, 344
1250, 241
67220, 791
9772, 979
15027, 914
52099, 119
1319, 590
59558, 758
54939, 614
10303, 529
15958, 443
15078, 345
57393, 368
30949, 690
15631, 249
64029, 137
42337, 408
40938, 445
43442, 693
78812, 871
1787, 591
43433, 425
63573, 979
7667, 801
59148, 31
53799, 483
15745, 153
41858, 603
5651, 226
62960, 274
78045, 195
50931, 501
44225, 418
77887, 85
41476, 673
53341, 988
23731, 196
8347, 651
22743, 653
58212, 798
43566, 532
6862, 150
50697, 831
68806, 150
77461, 952
57078, 946
71378, 96
71556, 517
63401, 995
50402, 358
21002, 538
1398, 268
33550, 810
39786, 37
14141, 327
15831, 1
11197, 348
22582, 534
15581, 449
43418, 632
48847, 656
12332, 261
48708, 301
65007, 749
55989, 122
9963, 219
61826, 542
24540, 985
59733, 197
19883, 36
18220, 525
61676, 841
52159, 615
32824, 16
49108, 187
68458, 126
5530, 56
6130, 612
21653, 928
71587, 772
1985, 814
11036, 747
38354, 642
25747, 826
43936, 798
71412, 80
34544, 708
67161, 795
78159, 890
15048, 43
25221, 365
20226, 390
22335, 141
64849, 44
14019, 325
26308, 466
59357, 100
28588, 961
66530, 163
12699, 589
7262, 181
41920, 671
66842, 329
24749, 700
14209, 874
61898, 421
26876, 222
17239, 796
35624, 100
38866, 152
43761, 535
45730, 910
23060, 490
36256, 393
28994, 111
40019, 882
70611, 778
39516, 536
28907, 29
19593, 101
77395, 344
13808, 670
5095, 586
13072, 898
67985, 163
37400, 369
32072, 9
4499, 934
32779, 487
29729, 762
57221, 777
78744, 66
3230, 331
73979, 186
69736, 295
14872, 141
74759, 403
64787, 384
19095, 120
45508, 792
5716, 154
71338, 594
32241, 80
2269, 954
46596, 464
60597, 743
73932, 787
5537, 831
36377, 894
36639, 480
65244, 43
29647, 855
29165, 417
53677, 265
56523, 528
23146, 877
51685, 857
13030, 280
79211, 407
11452, 384
29932, 972
66484, 328
5800, 561
4971, 533
31768, 487
79133, 41
70976, 224
65127, 735
5825, 526
18284, 328
64378, 534
79350, 335
30363, 152
47763, 999
42546, 770
52577, 143
70989, 407
43435, 177
14391, 980
7570, 508
22470, 152
54495, 23
50821, 605
39246, 675
23185, 578
68744, 349
8393, 348
64675, 370
19366, 10
54847, 855
57926, 672
41616, 330
17238, 265
70338, 977
64137, 903
11250, 481
51800, 614
25496, 262
45603, 228
19054, 475
43842, 852
13907, 605
12826, 591
1161, 823
33385, 947
66367, 991
49995, 180
59721, 731
54626, 541
56618, 3
37174, 417
50926, 333
49173, 742
12999, 839
6251, 140
25565, 991
77657, 49
24772, 108
72966, 347
29433, 535
13756, 542
79704, 263
24781, 536
59784, 498
8881, 307
5700, 746
63051, 188
78347, 520
51051, 331
37806, 170
62840, 317
42603, 901
1314, 14
71735, 763
54573, 829
46819, 704
69766, 311
77428, 756
59812, 461
15316, 449
41058, 318
60698, 464
33799, 825
1829, 840
29895, 978
73999, 898
75219, 920
44801, 918
39642, 138
27065, 924
24870, 360
70982, 175
3336, 286
16823, 447
49167, 302
67828, 629
38096, 590
2808, 78
41075, 485
10307, 111
68303, 651
45904, 653
71766, 16
52352, 764
49472, 670
31021, 17
5620, 50
39896, 337
17087, 881
1017, 518
33452, 336
57170, 252
36217, 271
42859, 730
74194, 135
48065, 944
35156, 832
28036, 472
69489, 47
66161, 849
22802, 116
64619, 372
16471, 367
26432, 942
54352, 206
2048, 438
3029, 646
8044, 946
28140, 425
6536, 140
56987, 63
14916, 357
56641, 503
75712, 363
39604, 750
52735, 567
16026, 233
75433, 779
57408, 740
37305, 934
55766, 208
29386, 61
16732, 899
54876, 897
26838, 428
13269, 169
72116, 489
12912, 142
2535, 665
29933, 660
54398, 943
15810, 924
74963, 542
71714, 905
64051, 615
47285, 337
27626, 448
28607, 774
44388, 548
64804, 417
78873, 554
24110, 706
10365, 668
43769, 949
1566, 210
21270, 317
48047, 721
65112, 560
4542, 937
79368, 859
19648, 113
65435, 818
61111, 505
32512, 1000
32649, 552
76064, 565
61291, 839
47324, 21
60156, 232
18701, 846
26949, 496
65690, 329
73655, 653
47943, 970
41959, 525
45041, 489
46432, 26
71884, 774
53999, 756
2066, 350
42437, 97
32426, 233
72371, 70
4925, 804
69325, 511
18930, 217
2681, 219
15369, 29
39201, 767
13088, 471
73280, 239
24319, 265
53639, 802
32339, 694
2165, 841
31338, 716
31943, 536
56702, 981
10797, 310
72165, 781
19102, 184
19115, 312
20157, 730
68776, 177
8887, 275
34641, 887
45033, 406
33097, 172
51947, 1000
74991, 248
16308, 587
57173, 831
18030, 690
46592, 121
62402, 557
41968, 336
6375, 15
11762, 613
46363, 163
58534, 848
72334, 35
73297, 46
77896, 890
57884, 203
61714, 966
3893, 115
77981, 737
67703, 155
16286, 933
76378, 819
60937, 469
53205, 78
34925, 839
6816, 916
29319, 961
47428, 728
3968, 7
36693, 733
51659, 606
36196, 521
56272, 135
18506, 872
1592, 465
6915, 443
44208, 826
55555, 235
67882, 356
53650, 664
28723, 280
11915, 433
13800, 800
34680, 945
37032, 511
27242, 981
50548, 925
24923, 277
56238, 914
7414, 283
59274, 574
62227, 93
23751, 663
49284, 299
28216, 168
29703, 213
42326, 693
3571, 144
11386, 112
26256, 745
56836, 888
59531, 637
30914, 246
32513, 975
3800, 243
69779, 401
1156, 894
42702, 980
64879, 845
38719, 799
58254, 629
46417, 79
75749, 671
38140, 358
24480, 278
75893, 999
341, 19
25224, 513
24833, 874
74451, 289
66623, 956
56864, 980
76116, 390
69895, 71
49718, 219
47195, 61
2401, 816
5216, 207
22007, 450
63634, 601
56862, 823
7663, 350
58555, 263
60178, 416
69580, 530
24249, 431
76478, 605
66703, 443
23196, 239
42131, 264
53115, 661
4907, 723
19295, 28
69471, 278
68080, 963
30000, 179
37470, 933
36025, 46
10263, 962
23006, 833
2559, 818
51217, 971
43261, 608
45203, 369
51331, 877
54359, 728
17047, 201
35375, 819
53053, 575
23988, 485
11751, 757
21171, 269
18043, 592
12224, 966
39822, 115
16909, 163
25036, 417
67159, 192
56021, 971
76645, 719
49365, 990
74149, 215
9083, 292
62481, 669
28678, 966
2900, 414
55611, 935
62361, 541
74290, 692
8867, 363
56774, 368
11277, 143
20459, 598
19777, 455
373, 64
58478, 731
45264, 648
33346, 468
71170, 518
47915, 707
78, 635
35920, 138
16133, 463
61062, 247
25715, 840
63063, 309
40935, 470
25067, 663
68463, 627
48520, 753
34151, 771
23102, 800
3809, 823
6259, 255
49355, 331
12600, 306
17150, 670
2173, 308
12677, 308
39952, 996
14851, 672
59964, 847
24143, 525
46087, 129
5849, 76
73896, 602
14089, 521
24424, 987
78808, 910
26627, 524
77973, 710
39044, 137
2437, 736
48082, 718
13075, 159
18457, 483
59349, 846
31853, 871
18358, 192
58457, 766
26262, 432
72124, 807
64738, 436
69962, 431
11262, 67
44727, 901
43058, 945
7119, 790
72404, 598
70526, 449
72394, 744
77271, 681
10789, 642
60091, 165
70501, 142
6893, 490
49580, 405
76749, 673
78351, 112
9288, 647
12178, 57
59697, 165
51835, 833
30186, 272
74648, 846
67935, 441
16275, 640
16467, 569
48083, 75
35413, 760
5798, 516
25835, 750
57530, 333
19226, 713
57217, 811
41997, 148
43025, 651
21946, 965
61590, 138
50658, 491
1685, 25
67471, 48
6600, 642
49923, 849
4381, 499
36739, 549
54067, 446
32181, 874
27668, 228
66117, 594
31819, 183
63045, 68
10065, 876
370, 487
42101, 844
19846, 752
69579, 221
5975, 193
59339, 641
927, 682
76483, 387
40450, 592
4802, 720
78477, 168
35597, 912
30464, 229
74007, 1
54953, 928
57823, 951
67272, 295
53576, 287
32163, 588
16609, 720
76829, 191
67972, 607
64386, 398
45891, 530
23087, 262
79888, 33
73128, 473
7386, 6
9400, 17
17748, 815
40157, 785
42182, 538
79282, 885
23297, 6
68135, 437
45601, 939
45345, 318
22706, 108
48792, 646
50653, 24
70973, 546
78706, 452
70771, 56
75867, 450
24926, 579
192, 267
67405, 329
73829, 469
46081, 570
50033, 76
10681, 681
43473, 208
49849, 424
401, 716
37838, 545
20605, 205
48313, 398
78480, 338
13399, 433
14494, 430
1611, 999
20230, 762
74877, 914
59156, 140
35062, 50
33920, 160
30715, 730
65432, 503
20424, 562
5782, 987
77590, 396
15434, 892
62934, 365
52706, 668
79283, 198
20547, 842
42219, 178
26210, 658
61717, 499
63065, 363
25286, 763
19028, 498
33479, 649
55680, 99
76404, 487
8781, 722
71600, 417
53547, 858
62216, 879
48593, 369
7052, 911
3884, 8
72524, 992
61210, 520
23305, 423
27178, 168
40214, 977
21702, 778
36111, 985
47066, 302
1033, 602
76253, 898
2524, 721
63949, 281
78780, 354
17168, 165
62270, 125
11233, 678
66132, 579
15686, 846
57804, 756
16371, 182
4490, 884
61953, 180
2403, 854
44282, 965
55802, 258
73914, 382
16635, 992
78993, 741
16819, 599
37224, 975
19631, 545
79750, 475
22050, 442
66166, 524
3286, 925
45112, 232
27003, 219
26767, 111
57948, 567
12993, 153
7191, 312
41397, 671
56521, 786
65591, 141
67785, 853
48981, 372
26695, 584
77245, 368
2784, 797
4945, 30
8663, 6
14147, 129
19562, 32
70297, 326
26902, 665
36563, 665
77719, 812
52035, 128
31314, 624
1222, 498
5551, 608
26700, 577
76070, 722
18019, 121
41005, 669
67863, 680
24217, 882
51464, 864
4896, 631
26322, 518
63421, 328
17781, 958
30353, 496
53256, 872
53223, 875
51135, 74
71746, 765
35890, 971
62649, 334
75746, 817
11847, 512
65128, 89
48877, 534
77667, 64
3717, 347
28341, 446
48680, 411
74567, 877
12384, 683
76016, 865
9589, 523
16067, 427
45032, 192
4043, 968
35013, 311
35731, 257
30693, 714
73731, 368
23183, 402
10493, 986
10467, 897
58862, 458
43214, 598
2926, 110
12121, 625
18322, 7
40908, 117
62506, 74
29236, 556
68081, 802
58465, 886
53742, 479
25810, 334
49946, 374
43803, 739
23578, 972
68491, 997
17929, 419
28500, 694
42984, 978
57451, 807
47425, 967
12275, 273
34986, 218
10411, 203
49192, 983
2214, 194
7603, 953
20588, 286
9491, 909
49142, 176
76672, 175
78336, 200
51993, 967
61678, 986
74154, 559
42544, 835
10669, 57
53690, 556
62019, 262
61101, 727
73153, 756
2512, 962
3422, 303
6348, 808
50168, 440
24252, 606
35525, 757
42130, 244
25177, 702
3674, 597
21557, 690
49945, 522
44940, 17
5985, 577
18952, 215
52214, 55
50385, 827
53490, 735
7184, 301
54399, 497
48183, 829
66339, 276
78296, 400
73085, 88
62265, 653
40571, 317
59211, 478
56562, 723
76120, 207
9508, 817
12775, 943
36418, 342
33144, 824
3866, 566
4324, 56
47104, 405
50957, 50
67227, 559
13813, 981
42063, 121
67770, 57
28079, 689
76348, 702
63377, 420
2388, 805
14233, 986
21845, 154
45549, 993
18629, 280
74725, 779
26672, 949
31994, 919
42907, 392
20041, 891
76244, 284
44964, 138
27340, 230
47537, 901
2948, 596
74577, 818
7587, 585
27813, 641
45106, 810
101, 292
30451, 572
29619, 652
16037, 468
35285, 797
21990, 440
78588, 812
22167, 799
43289, 753
5112, 619
14833, 549
30834, 517
74520, 701
6863, 325
22247, 694
25119, 161
63671, 761
63967, 695
46983, 183
41276, 32
33169, 788
37237, 540
27804, 319
46072, 105
32391, 227
27016, 988
61903, 794
61310, 931
17370, 786
67461, 319
40035, 884
68390, 686
72526, 241
47660, 405
38673, 452
27911, 86
79235, 787
3501, 50
79173, 489
13925, 347
36906, 298
2081, 357
12229, 710
18215, 134
45226, 289
41056, 311
78258, 750
68163, 546
17146, 465
32357, 264
68087, 26
29595, 715
40871, 804
76719, 479
23918, 509
32828, 4
53670, 797
30606, 49
57064, 327
47447, 724
43504, 281
3840, 217
61613, 312
23198, 576
1171, 676
53622, 570
63275, 680
61030, 216
30109, 645
58887, 530
47692, 830
841, 831
5994, 214
6978, 821
28139, 510
63997, 840
12667, 513
75627, 909
29142, 577
9923, 480
26495, 716
38618, 551
38960, 129
2454, 712
21658, 536
60219, 564
38794, 727
11314, 571
29627, 320
68865, 384
74279, 788
52979, 305
75684, 567
25378, 820
46261, 746
26873, 348
26496, 386
72774, 885
72588, 534
52456, 453
41987, 831
64964, 999
68242, 923
48119, 163
54999, 257
63451, 129
31536, 711
25483, 676
59941, 894
18226, 261
45016, 452
9565, 792
78338, 479
56120, 895
37248, 593
24329, 228
29004, 15
9323, 887
3677, 884
2475, 254
62530, 365
21977, 795
11445, 208
43113, 964
59120, 161
50779, 348
15095, 916
63197, 525
32563, 193
62362, 272
65142, 692
35970, 881
46880, 946
70572, 784
38244, 236
50863, 126
122, 276
29216, 243
63463, 618
75981, 505
62761, 885
34633, 459
16916, 30
9012, 228
23759, 226
64983, 537
28733, 204
7281, 763
76195, 734
69947, 272
51601, 270
38864, 426
22863, 269
32915, 398
56487, 368
38036, 807
49608, 718
12518, 757
16105, 667
69994, 813
36067, 278
4891, 496
78454, 110
46737, 405
34297, 48
76352, 152
29450, 619
52924, 151
14689, 626
18367, 227
950, 751
61589, 416
5195, 342
6344, 324
11174, 82
44558, 398
32541, 258
69376, 497
21860, 295
39432, 567
30523, 55
11140, 962
63509, 762
56449, 847
71761, 196
53494, 942
76676, 797
77530, 437
66289, 557
27167, 475
58262, 695
19066, 780
43255, 58
31448, 361
28637, 699
63624, 159
10745, 130
48568, 110
48709, 238
36164, 327
5571, 752
40524, 718
51133, 379
39807, 523
4242, 846
20566, 625
27550, 228
44598, 92
48809, 172
4697, 898
3878, 146
28868, 447
58556, 804
38086, 196
34475, 881
16920, 669
27184, 610
25701, 953
5750, 767
46158, 8
53350, 726
31248, 342
2499, 809
31812, 386
51763, 49
13751, 309
42798, 908
40205, 563
72326, 320
65680, 871
57231, 703
43881, 134
66807, 400
3445, 193
10327, 518
79287, 225
15587, 377
8105, 68
8834, 997
75583, 498
1672, 395
70674, 233
70717, 53
65323, 704
10371, 734
18809, 157
5717, 996
20748, 699
48536, 8
40336, 595
47429, 36
63743, 432
25223, 671
25684, 728
50559, 464
66793, 40
60277, 59
15148, 355
7619, 610
45485, 590
3939, 1000
49810, 585
59718, 676
74291, 708
67702, 83
70248, 706
40755, 933
4504, 477
10028, 586
16591, 99
45606, 503
23669, 923
77001, 123
72393, 776
39261, 58
60534, 925
3701, 533
47119, 236
21193, 857
6390, 400
53355, 716
45628, 604
31699, 846
29506, 379
18656, 771
75632, 152
37216, 701
52874, 747
36549, 465
8413, 89
13777, 753
5032, 441
58476, 894
37995, 145
41808, 465
53942, 837
43227, 676
79932, 412
43333, 337
42797, 195
14923, 844
51353, 368
49450, 978
36659, 331
75047, 380
53498, 431
18041, 686
53763, 984
72823, 553
45378, 557
58071, 66
885, 625
36956, 624
56156, 761
43892, 446
37300, 807
12743, 71
6636, 134
32831, 939
28416, 431
59299, 674
43079, 674
62081, 703
65904, 872
70436, 248
46657, 383
10373, 227
70613, 173
8357, 83
74075, 40
5013, 255
27479, 113
18684, 664
3244, 1000
9296, 765
10965, 875
55204, 488
13859, 415
29716, 207
580, 250
8836, 77
36337, 189
11177, 604
6381, 618
64667, 388
49015, 9
14918, 572
57679, 226
78086, 341
46524, 135
64672, 241
26626, 408
55951, 658
31051, 643
73608, 106
5463, 394
18787, 650
15158, 601
62381, 31
44903, 818
62929, 980
30435, 898
56345, 162
14606, 725
13991, 485
31776, 57
30911, 118
40704, 299
10143, 68
459, 783
56890, 111
13410, 380
55855, 587
40118, 142
48373, 828
72423, 543
53835, 762
2417, 810
29398, 439
64315, 112
17896, 225
42903, 88
14219, 993
40535, 650
40542, 954
39060, 101
50704, 91
34712, 808
69928, 941
20330, 311
22651, 734
28945, 733
58818, 399
12482, 920
27112, 16
68042, 544
38311, 476
35137, 78
6973, 347
60728, 800
14227, 42
445, 693
72915, 165
14352, 53
26614, 226
36998, 426
12134, 684
57303, 954
36370, 264
70401, 990
71173, 277
46288, 756
65314, 88
25440, 869
42434, 959
57434, 47
20439, 394
68418, 468
31273, 797
41680, 672
19633, 836
74893, 495
48743, 897
11194, 64
65468, 409
76420, 562
72071, 787
28153, 110
77886, 675
28130, 541
8541, 671
30284, 905
42328, 422
60656, 614
36414, 618
52807, 972
2252, 72
17499, 996
26610, 762
8707, 531
62617, 245
13001, 952
69703, 62
3895, 471
60098, 702
23900, 87
73912, 546
65781, 87
12987, 848
27313, 791
7241, 582
23404, 96
4376, 508
26940, 812
60897, 402
60102, 557
10683, 373
12969, 175
54008, 192
30942, 985
62099, 582
38564, 661
3294, 423
21444, 119
21935, 726
79909, 118
65462, 200
5020, 861
49801, 869
79712, 745
28712, 501
20067, 875
54606, 615
52247, 202
53739, 459
22326, 803
28088, 29
42505, 33
69952, 14
68788, 443
72983, 540
32496, 902
27787, 285
48458, 422
66845, 66
17693, 186
25540, 983
4025, 403
19644, 958
2985, 420
29954, 166
52687, 16
68511, 891
20787, 593
77953, 523
15747, 283
12340, 562
17070, 354
56092, 656
18889, 734
42306, 84
31560, 570
53844, 720
31396, 241
4250, 321
28916, 824
18274, 201
19820, 641
38329, 968
64089, 262
4257, 473
16500, 176
33287, 938
70625, 528
53592, 289
23020, 540
29144, 280
8100, 692
35776, 278
8521, 656
21664, 919
40335, 269
17351, 922
66981, 813
43441, 170
49155, 231
29772, 799
7043, 419
74546, 312
76063, 570
12580, 680
43116, 96
45211, 59
27654, 44
79094, 619
70100, 11
10601, 609
50469, 469
599, 715
32528, 574
46168, 815
63447, 474
15537, 674
31642, 271
20598, 864
15395, 178
6564, 664
16553, 366
8562, 119
77159, 667
49640, 782
41167, 289
35014, 254
46048, 591
57507, 623
64868, 269
62000, 979
24948, 146
51566, 663
13867, 940
13461, 449
41509, 328
3473, 511
42200, 8
36996, 596
19427, 478
35108, 451
75844, 488
48669, 549
62184, 900
64185, 168
12190, 274
42252, 593
39819, 373
57608, 487
65713, 306
68236, 173
9936, 465
2135, 756
7942, 838
36718, 688
30374, 127
455, 835
20354, 670
64954, 583
48108, 299
45468, 711
1106, 510
39739, 272
64842, 911
33043, 911
45724, 385
25522, 477
79504, 291
70035, 341
665, 286
52708, 690
77229, 858
53089, 175
71659, 97
32380, 250
53772, 447
16051, 10
63892, 641
59089, 463
68770, 871
69858, 364
74502, 311
32022, 760
22662, 369
11997, 393
47587, 652
8581, 345
65329, 561
59025, 423
76069, 550
36809, 293
50322, 883
77635, 847
16473, 4
42035, 944
9635, 506
30034, 713
62881, 744
46650, 203
10807, 700
1192, 370
33516, 771
43797, 475
50820, 172
72902, 806
29176, 453
74031, 648
50039, 286
65040, 377
49789, 127
66747, 779
24585, 81
8292, 404
29881, 175
46958, 606
59335, 652
68910, 624
12048, 793
68590, 59
35410, 662
40589, 648
20057, 873
48876, 72
58334, 198
33366, 700
17608, 188
4291, 814
59408, 655
8353, 829
22307, 601
15181, 261
69783, 159
24486, 286
44615, 589
79390, 546
19966, 821
60372, 735
54769, 764
67190, 709
44786, 692
41528, 946
17441, 209
5596, 93
70967, 66
62442, 84
71708, 975
44684, 730
8128, 973
67300, 37
54915, 266
44707, 257
12331, 862
49635, 195
40597, 172
18342, 172
29423, 413
37524, 896
25419, 783
69617, 898
16647, 812
71954, 660
5878, 464
15459, 51
75774, 324
15188, 521
19225, 363
68715, 429
66318, 470
2777, 2
4155, 687
22941, 703
32580, 988
4451, 345
4624, 855
53439, 360
15972, 619
56256, 467
41980, 645
47084, 714
66729, 506
29387, 909
72508, 839
13753, 298
79070, 266
64337, 660
36239, 170
60347, 671
77865, 799
70363, 865
58747, 63
24482, 351
68277, 848
78534, 726
14345, 492
30961, 71
61791, 949
69903, 253
26083, 531
17831, 786
20979, 730
17037, 230
18885, 743
21838, 991
60842, 127
43412, 484
28340, 586
58795, 991
38632, 743
13988, 261
12069, 306
41548, 908
2351, 61
27869, 55
48475, 827
2400, 735
8291, 456
19822, 223
56746, 980
38218, 417
21489, 198
5813, 726
64958, 534
26519, 53
52306, 632
37996, 392
64057, 236
45426, 585
9041, 630
75386, 411
56316, 497
3391, 533
27629, 884
79388, 157
43347, 370
52013, 435
37324, 110
77984, 752
39085, 947
12349, 802
22643, 646
4635, 22
72747, 206
5167, 285
56384, 284
54744, 516
9516, 307
76309, 260
19106, 218
28631, 446
52294, 838
19602, 821
39779, 562
26428, 874
21500, 513
65095, 548
54761, 446
14864, 672
7593, 640
35011, 686
64489, 272
52232, 875
57355, 7
77093, 461
29300, 956
16458, 431
21619, 400
48926, 997
16743, 307
5601, 756
25010, 505
71301, 539
44739, 479
74304, 424
59087, 982
76969, 57
24548, 132
54904, 807
63526, 113
70345, 26
48347, 74
77989, 268
28906, 166
34710, 123
45012, 149
17058, 659
32587, 553
71308, 48
67085, 105
28171, 162
19369, 565
2707, 29
70879, 414
72598, 65
45697, 778
40263, 289
77481, 702
4430, 755
11147, 318
13073, 666
69894, 395
26005, 115
23717, 321
24546, 410
73558, 393
15720, 253
55667, 926
77295, 532
61335, 668
24997, 459
56852, 103
68, 850
58728, 959
43767, 214
60558, 780
28882, 334
50715, 321
486, 705
74728, 754
74151, 962
48052, 570
75090, 841
39187, 734
21949, 306
10463, 639
45561, 888
14532, 73
19932, 198
65098, 560
55103, 269
26815, 735
34596, 264
47681, 156
77830, 197
31085, 274
10887, 22
64795, 484
5867, 206
40732, 515
9373, 48
45215, 524
51132, 486
11055, 952
44859, 746
70362, 73
77531, 721
59565, 351
13811, 288
16602, 281
41647, 120
61852, 506
41149, 362
1679, 802
18519, 328
49330, 319
6980, 506
42588, 634
32709, 197
63500, 653
33726, 772
72381, 171
28565, 910
60627, 181
3079, 380
61034, 948
75552, 114
10288, 735
64593, 916
6147, 787
27646, 34
74260, 560
48591, 773
59005, 177
60752, 383
75693, 825
9327, 659
23581, 561
13133, 541
67373, 741
72090, 123
59385, 539
49918, 496
74160, 162
65206, 254
49677, 440
52503, 566
56772, 357
33384, 444
27518, 661
53941, 394
15732, 358
42579, 787
32102, 179
19382, 781
29066, 846
21920, 696
44501, 229
3983, 935
65309, 98
39984, 560
78451, 809
16492, 401
76460, 584
26655, 909
3154, 940
24886, 658
61870, 385
47914, 672
36437, 240
21201, 340
71544, 462
38988, 274
12046, 977
52317, 433
33467, 424
46313, 839
24672, 125
12233, 141
47904, 534
33068, 238
22814, 350
14636, 830
61794, 995
16973, 217
4053, 374
28640, 841
66282, 305
15327, 398
46140, 773
52052, 266
23205, 312
57538, 888
9155, 59
39074, 816
22859, 706
297, 221
59387, 230
5973, 564
30906, 375
17510, 856
67699, 670
73326, 368
72240, 892
1178, 1
49435, 782
2729, 17
44075, 219
56604, 983
26602, 175
66849, 756
8197, 933
38768, 774
73384, 378
2489, 132
76596, 654
52358, 910
34952, 79
70970, 896
51367, 998
60676, 297
25300, 185
39988, 936
53646, 816
4522, 436
42383, 929
43, 906
34031, 966
19139, 508
2200, 511
35337, 310
57476, 767
16706, 154
77420, 406
59626, 519
34600, 590
74067, 339
36972, 515
57097, 553
69835, 501
56199, 485
14521, 115
34084, 225
43479, 816
61505, 557
36064, 257
19791, 413
5799, 982
65689, 701
479, 28
63188, 399
53749, 76
21786, 441
28186, 446
29578, 251
12871, 338
16794, 264
25057, 339
55805, 941
70129, 60
66179, 928
41614, 613
15018, 647
27024, 86
12411, 503
22401, 890
8084, 536
33006, 507
61398, 411
73586, 779
47569, 617
29687, 774
7708, 810
28229, 734
2945, 481
74303, 309
43082, 600
49061, 872
26169, 735
47596, 382
18976, 828
52507, 427
74947, 651
33943, 555
35467, 972
38827, 843
38316, 798
53614, 630
29175, 35
3659, 155
22924, 514
51821, 338
69822, 876
79719, 676
63760, 273
25308, 615
73210, 971
42620, 827
4007, 279
43740, 720
66447, 112
12655, 545
50123, 536
61988, 34
413, 146
14007, 705
72812, 568
17230, 931
73855, 213
75046, 415
98, 969
73842, 753
14875, 460
76541, 217
78288, 333
16755, 574
4227, 595
21681, 503
10844, 850
26289, 937
45770, 142
46041, 920
871, 124
10336, 13
7517, 843
70215, 476
41226, 642
44912, 393
79555, 562
66091, 131
62945, 723
7554, 227
69795, 900
49768, 95
25263, 592
27403, 569
58348, 558
15156, 233
21568, 914
56930, 646
4290, 802
68790, 182
60244, 938
23642, 542
10849, 697
786, 755
1468, 713
25133, 988
43660, 520
55011, 126
6607, 487
3067, 849
72661, 377
56204, 437
5327, 860
31417, 481
63074, 616
31410, 567
24996, 478
53149, 280
61237, 472
54561, 392
53319, 485
46512, 414
28337, 58
10605, 816
45771, 75
21648, 422
78719, 566
50718, 669
14641, 56
62944, 16
72764, 802
11474, 782
78200, 212
61954, 488
47376, 569
60581, 393
117, 230
49682, 981
33714, 314
18368, 520
64650, 478
1718, 393
16614, 726
41707, 665
21967, 448
26853, 528
32521, 547
33741, 607
41423, 460
43417, 98
63630, 832
75469, 937
23912, 770
1346, 61
58743, 644
18605, 931
69838, 24
57276, 455
57964, 625
44001, 896
73802, 388
62352, 791
72715, 214
53366, 922
79423, 846
54869, 821
32848, 303
67630, 696
30632, 647
51519, 925
69983, 315
18823, 61
22543, 868
54727, 678
17902, 109
51047, 86
35485, 735
45359, 68
21250, 757
2513, 624
29330, 280
69472, 15
37588, 170
3818, 563
57787, 425
45604, 130
37832, 805
66278, 239
17252, 491
32178, 492
15387, 853
49257, 942
52162, 944
33961, 576
12866, 811
32795, 153
36448, 903
76441, 795
2538, 529
66394, 168
55065, 102
61257, 580
71388, 687
5514, 501
15782, 918
54634, 833
7684, 849
30303, 602
77966, 152
19203, 200
65257, 725
77190, 688
67753, 377
21414, 165
10115, 744
24393, 277
9101, 884
36545, 445
42102, 457
443, 380
65673, 214
5938, 912
31397, 567
43937, 840
25043, 77
30367, 431
47811, 718
44261, 600
65971, 194
33215, 216
41082, 805
77401, 785
41608, 855
18995, 363
51261, 893
8721, 366
71474, 640
11736, 217
37758, 988
65417, 314
75245, 39
19622, 882
8480, 433
52178, 711
10078, 142
8703, 703
50217, 946
62593, 495
55134, 224
23361, 221
45877, 347
6873, 832
8693, 474
41146, 644
28704, 749
34900, 297
58687, 585
37849, 745
20560, 833
63102, 223
65613, 752
71821, 649
49116, 415
35356, 994
71102, 272
12296, 819
43447, 431
74666, 554
7453, 319
61263, 9
49932, 711
63355, 596
36106, 320
79582, 256
65633, 959
32449, 973
75216, 508
34219, 867
78552, 628
14490, 166
28897, 375
74801, 859
60443, 517
47608, 644
74987, 771
42708, 317
77381, 312
64326, 287
72102, 52
14485, 622
8946, 616
30804, 92
15203, 617
40909, 416
40009, 253
72135, 185
77762, 371
72259, 407
12979, 892
13154, 801
66669, 932
39236, 144
56732, 396
6295, 700
74986, 300
46364, 331
71471, 409
7955, 799
71516, 892
15046, 858
74039, 45
64143, 915
10070, 644
26125, 882
45197, 311
6756, 974
2196, 348
49107, 172
46312, 100
45121, 669
74057, 973
68065, 27
23093, 92
31794, 318
49086, 314
52088, 392
52220, 936
40940, 220
72696, 751
66992, 246
35666, 634
47835, 416
24476, 993
22388, 844
73978, 884
34823, 675
68152, 664
78365, 293
62800, 195
65495, 881
38240, 660
14965, 166
50173, 915
44497, 574
68838, 452
13092, 472
23657, 636
74876, 817
2686, 200
69209, 150
21880, 153
62309, 829
37561, 219
52266, 581
4976, 319
69733, 646
73699, 585
5486, 946
2869, 275
12680, 901
13167, 128
65975, 316
71240, 110
28904, 552
12954, 709
78367, 560
75801, 884
52845, 188
44437, 680
35844, 461
45505, 554
63772, 223
79018, 724
9765, 570
46172, 351
31171, 447
74101, 339
21208, 465
71626, 694
14374, 211
59197, 803
8634, 8
41343, 914
76597, 96
48585, 254
74269, 559
51771, 448
65132, 866
35882, 980
69161, 735
39464, 223
1392, 297
5727, 126
74909, 781
46706, 14
28713, 197
13244, 825
6546, 827
41144, 568
16554, 703
12519, 264
7817, 539
2270, 754
58528, 196
25020, 211
70673, 868
44613, 668
59714, 43
45274, 691
55021, 824
38540, 991
25803, 833
67329, 378
90, 261
62016, 16
60719, 479
58072, 915
54638, 362
69218, 133
51736, 401
4046, 733
40130, 437
34187, 925
31961, 361
25022, 426
45704, 193
27077, 925
64659, 178
79210, 305
9987, 405
24398, 305
13446, 358
72391, 444
52287, 418
13619, 631
40507, 218
54666, 732
5644, 618
6962, 844
43042, 347
46515, 805
154, 164
3352, 593
60582, 663
2063, 897
70602, 448
43245, 32
76629, 985
10819, 421
71371, 578
19728, 388
78371, 456
55205, 94
71104, 19
6074, 456
40115, 310
34385, 882
12015, 499
8252, 396
72576, 899
20267, 126
23725, 610
60103, 863
19275, 972
72424, 99
42396, 116
78057, 317
53026, 338
31215, 174
1320, 404
25139, 319
56584, 16
47995, 298
42772, 25
71335, 129
3519, 788
57511, 74
26867, 129
47919, 196
60429, 563
76646, 311
62788, 918
53513, 465
362, 604
64693, 531
33829, 944
5513, 355
2016, 569
57186, 933
29475, 35
53083, 869
799, 865
18485, 217
27947, 251
8984, 207
18269, 626
42777, 754
77310, 777
78116, 775
40090, 385
69425, 642
78284, 357
37339, 936
3555, 712
53457, 433
66127, 70
3984, 531
58513, 606
65049, 583
16735, 155
36269, 202
48670, 637
14277, 829
33120, 750
37112, 240
67238, 990
8122, 50
21825, 222
41941, 768
65698, 503
5728, 397
21028, 321
49278, 762
65659, 628
58893, 48
30578, 952
59763, 971
24737, 346
4449, 516
49295, 461
2142, 733
6988, 825
60662, 723
34999, 107
36349, 198
26719, 35
34664, 320
8032, 617
18612, 495
23710, 882
64970, 899
70126, 133
29340, 883
76562, 833
68608, 477
47583, 567
58246, 357
72246, 129
41879, 348
60392, 361
76459, 828
26550, 689
75329, 682
42765, 208
75024, 582
15599, 639
75284, 778
50207, 302
38902, 714
51930, 365
56084, 139
44682, 418
12143, 750
51337, 694
49557, 16
18562, 303
43537, 342
24100, 797
57847, 982
65230, 904
30789, 343
48038, 690
23478, 186
64034, 428
42527, 530
37242, 722
24331, 731
62811, 48
49179, 759
35515, 320
17658, 663
78121, 419
68464, 602
42208, 433
48135, 363
30053, 529
75383, 669
37119, 861
16548, 371
30669, 239
62287, 460
37798, 855
71184, 226
2974, 962
11810, 684
34419, 340
70856, 339
19695, 883
43033, 0
78292, 541
14365, 494
40653, 768
75754, 900
78377, 209
62193, 623
1621, 487
1623, 104
52524, 612
46290, 852
7498, 263
45772, 953
44826, 489
74872, 185
55188, 480
34082, 292
68543, 989
69585, 606
5359, 710
37056, 864
74903, 423
18298, 217
40943, 398
11015, 104
19547, 727
72739, 496
72200, 386
56992, 690
14962, 480
52243, 51
12930, 72
33363, 209
20987, 491
50492, 108
76450, 226
22484, 553
60493, 929
12701, 131
29813, 458
54397, 495
61873, 279
8047, 13
9890, 140
51204, 272
20648, 877
13385, 118
67267, 852
8673, 562
40296, 78
9263, 424
55854, 835
8913, 101
37211, 232
15119, 511
40645, 495
16297, 533
7978, 361
66766, 311
54433, 582
53818, 487
61610, 139
2844, 463
8846, 327
37068, 260
20652, 342
7556, 131
72061, 958
77510, 255
43497, 705
76508, 384
45007, 305
63052, 788
5472, 917
45934, 975
67178, 796
43627, 822
15436, 559
67100, 147
46366, 194
12362, 741
68347, 633
25416, 740
29461, 642
24148, 352
52215, 37
68526, 135
3055, 741
71076, 767
41408, 819
73363, 355
57786, 358
4131, 358
15202, 713
57340, 369
78822, 653
3177, 50
62136, 523
13805, 308
75310, 25
2592, 258
77646, 970
36346, 6
5239, 14
25196, 471
33172, 714
5896, 402
54896, 999
75080, 534
58963, 720
50359, 969
26037, 863
59887, 620
20185, 790
47547, 799
20332, 524
336, 146
31091, 953
76660, 249
70833, 370
6213, 23
74609, 893
1242, 485
5386, 916
13349, 356
4650, 905
66689, 576
4493, 345
53215, 940
18712, 878
49859, 439
17151, 622
53921, 375
5304, 464
79325, 161
76036, 332
2638, 227
20244, 71
66830, 548
65278, 646
3012, 374
47001, 585
46007, 234
68095, 30
41433, 861
4560, 891
8796, 752
3981, 266
29682, 318
69581, 405
58438, 497
33330, 640
59275, 453
3417, 587
12658, 142
1662, 111
20922, 625
38918, 259
68826, 902
54191, 191
58568, 215
38734, 251
62936, 971
63611, 860
70788, 455
38922, 828
24058, 235
53760, 26
20972, 936
42260, 594
24342, 46
8813, 288
8115, 136
29182, 278
54320, 870
12205, 896
34404, 115
21159, 753
46287, 338
44846, 778
35420, 995
48662, 659
40149, 266
47625, 358
57225, 398
75328, 845
45439, 622
34490, 192
4514, 343
20052, 157
25598, 853
32700, 268
63576, 836
63619, 693
1478, 728
13081, 771
22399, 437
836, 952
554, 358
35441, 152
56957, 613
57743, 828
23547, 378
14475, 604
29744, 650
55553, 972
49533, 285
10990, 413
66035, 174
23787, 661
37936, 941
20710, 419
30700, 400
56956, 818
77300, 165
77680, 564
46246, 78
74855, 80
43035, 859
73556, 59
13181, 254
6670, 86
4063, 476
105, 674
43610, 217
62119, 197
28210, 121
59314, 718
7504, 33
5485, 887
35160, 407
29842, 789
19212, 1000
37111, 323
6932, 671
34150, 985
38611, 305
4256, 143
14432, 903
29865, 560
5559, 21
13728, 581
73080, 527
48752, 411
62359, 261
40599, 825
16995, 77
41273, 111
74788, 963
38428, 448
42473, 641
8483, 6
5162, 398
61925, 314
25879, 303
44235, 531
19201, 912
61750, 493
21323, 205
43052, 44
27770, 253
75862, 733
54261, 479
35147, 38
71446, 238
25628, 40
51249, 902
62180, 152
71393, 793
31562, 436
45833, 831
19536, 868
79054, 573
2328, 476
37499, 974
63885, 629
34319, 399
25556, 197
26021, 106
42431, 85
61053, 396
73036, 776
18903, 664
56697, 246
48128, 644
68200, 268
42862, 818
20741, 984
59900, 935
47810, 721
34478, 887
23395, 424
1126, 461
38907, 690
75305, 947
25429, 497
64718, 403
21849, 942
37762, 161
2011, 487
9796, 631
76898, 7
36019, 458
46792, 830
60688, 677
40724, 991
73242, 480
34956, 339
20921, 402
17347, 822
4164, 99
38107, 386
73658, 447
5963, 364
70886, 682
11856, 852
58472, 366
12232, 160
13525, 309
24751, 937
46017, 701
75912, 555
11329, 448
38436, 717
2106, 265
18456, 536
77757, 135
28953, 311
14569, 765
70542, 666
30928, 924
39657, 816
5094, 373
21355, 384
43808, 446
11731, 288
70201, 109
38369, 237
57230, 151
65670, 730
75686, 953
37752, 364
34291, 919
1647, 409
64589, 57
59677, 721
71116, 89
54497, 81
79511, 30
31521, 567
66857, 20
48150, 107
61390, 352
79379, 815
14637, 25
35827, 171
75736, 365
34132, 620
200, 912
21896, 653
22379, 258
19804, 118
72175, 508
77491, 564
36018, 870
55596, 667
30892, 883
5291, 47
29733, 318
23705, 802
44883, 681
9427, 378
29396, 502
44652, 124
1058, 378
41983, 837
24647, 157
21941, 89
71467, 664
1506, 321
39393, 667
28613, 113
2765, 676
41586, 182
12462, 430
38901, 586
56520, 398
3849, 694
48873, 757
18072, 663
73244, 97
26403, 980
50235, 752
2193, 87
46933, 617
6086, 811
21914, 536
10559, 797
43962, 131
18579, 466
43925, 941
43251, 211
17105, 139
77831, 987
57343, 331
34334, 712
75330, 569
5683, 108
79935, 79
26417, 392
2065, 296
76955, 611
66847, 811
57384, 791
9588, 13
14329, 928
37076, 879
35075, 102
73060, 195
14797, 580
78490, 3
22923, 693
50680, 523
14373, 715
13774, 306
77654, 892
3440, 331
47494, 822
26400, 348
6825, 816
25113, 567
66369, 660
49320, 285
22698, 730
56303, 716
17823, 444
75205, 17
34030, 105
71074, 64
41169, 218
78582, 823
15917, 19
23016, 463
53905, 380
56369, 618
50824, 430
29222, 518
34369, 73
64419, 632
29676, 128
67597, 160
55212, 250
79706, 435
11779, 578
12657, 504
61461, 628
22963, 123
48132, 528
10251, 582
19685, 723
64585, 585
25726, 814
63020, 520
35580, 296
43723, 854
21899, 563
13603, 975
74351, 764
64512, 438
78913, 326
6632, 184
41101, 387
44115, 848
22658, 101
50833, 550
23984, 981
78577, 14
8456, 437
63211, 892
9553, 695
73786, 497
40278, 576
34796, 153
25943, 576
56620, 211
13553, 555
157, 838
19243, 716
31429, 128
13184, 933
33769, 149
22831, 294
8074, 822
32841, 779
56035, 594
68383, 538
63283, 551
36735, 388
74523, 333
18279, 351
38788, 34
44630, 502
13795, 203
36582, 920
29208, 750
57456, 916
5430, 792
65804, 152
12187, 697
64815, 55
30535, 113
35549, 306
78370, 4
70473, 623
79980, 148
53740, 26
13731, 583
63397, 641
66775, 332
48878, 264
66419, 912
56180, 575
34704, 460
71772, 973
25000, 931
39304, 947
1586, 83
11394, 834
10353, 475
30986, 825
9336, 588
20430, 531
50622, 545
66859, 600
15527, 202
79492, 82
63125, 115
810, 532
70659, 10
56323, 499
33368, 981
69038, 842
11214, 114
10177, 28
9639, 824
19748, 124
69085, 764
43381, 516
28735, 777
47003, 221
27394, 546
8280, 584
63963, 996
53792, 543
7021, 54
47910, 586
26493, 616
33644, 985
45495, 353
53387, 392
5292, 189
56946, 964
19434, 385
44496, 17
1897, 272
17194, 423
54249, 211
74747, 697
57116, 669
71387, 171
44737, 466
24410, 336
8767, 955
28943, 248
66643, 370
31587, 684
1726, 612
43195, 878
56744, 468
31663, 296
30395, 378
48631, 521
14718, 251
51495, 739
38991, 569
56667, 717
15712, 323
51201, 882
8390, 614
26488, 71
61822, 456
58165, 708
40059, 123
48771, 632
6192, 15
38832, 182
58538, 819
5357, 353
47981, 749
44280, 135
34412, 799
35558, 526
62225, 474
17463, 578
1201, 4
59691, 241
79103, 776
52998, 178
29107, 635
23339, 211
35986, 580
55849, 593
48451, 533
62094, 339
53870, 971
35785, 351
2778, 753
9572, 393
51790, 566
30405, 732
79158, 222
60152, 759
32611, 927
26696, 300
34388, 437
9847, 70
21588, 354
41353, 521
24746, 819
18169, 873
57570, 605
39300, 469
38604, 885
77014, 22
12953, 730
49298, 57
59891, 343
70496, 423
54384, 35
41718, 907
3547, 884
2626, 334
18471, 797
22195, 966
4890, 896
11347, 314
5180, 973
28478, 796
62724, 861
70660, 72
9597, 874
47573, 401
75734, 41
62189, 434
79969, 844
62103, 711
22992, 689
60612, 518
15069, 188
30554, 450
34566, 0
26885, 509
4100, 792
72035, 116
65134, 915
74866, 29
5069, 307
78681, 733
69932, 218
34121, 705
73922, 69
49388, 27
71057, 281
5287, 724
57792, 462
37689, 159
18530, 741
39180, 924
76109, 538
49941, 211
23058, 878
24005, 992
59377, 39
35620, 338
8589, 497
39154, 795
68872, 235
55734, 238
7144, 634
42060, 159
41903, 357
6502, 514
3234, 392
32842, 691
39329, 64
15014, 727
19922, 600
25173, 125
61207, 662
47106, 13
18478, 176
72012, 366
19418, 283
48884, 511
38947, 150
41949, 535
26521, 975
27429, 309
50020, 317
46613, 485
22049, 164
42027, 19
12607, 979
57675, 862
41871, 915
62202, 852
69389, 521
30100, 910
21547, 144
50628, 735
6252, 960
75251, 382
64611, 877
24634, 438
26631, 524
70515, 359
5138, 929
70551, 497
10710, 584
76050, 622
65674, 569
43722, 168
75166, 858
45814, 733
26733, 90
21177, 562
37515, 275
58183, 657
1669, 171
30326, 675
33687, 497
22979, 888
48197, 835
59134, 932
47325, 9
13038, 804
51729, 994
68232, 436
39382, 401
55777, 154
18240, 831
42360, 812
66372, 17
6016, 314
37671, 611
47828, 811
74140, 815
4325, 619
61585, 371
28866, 123
48022, 176
76746, 244
48666, 978
21364, 594
55328, 405
57543, 496
49504, 126
20178, 197
11961, 107
64093, 185
32543, 209
12946, 702
44272, 186
72560, 863
27987, 805
76778, 153
5770, 480
61348, 676
71433, 621
7951, 183
11206, 460
67340, 9
11614, 830
10265, 838
54271, 91
32288, 758
39346, 277
51637, 406
18923, 658
50864, 90
57549, 125
68884, 850
59079, 89
12989, 984
43875, 157
71389, 134
27069, 320
17551, 661
69173, 34
42540, 930
21669, 763
35838, 897
3495, 363
5355, 964
13285, 326
68056, 981
58779, 551
67726, 707
50708, 97
23101, 337
76152, 786
34791, 634
34573, 55
75011, 530
5459, 898
33389, 733
5837, 662
31683, 251
50442, 233
2958, 859
67807, 806
43250, 27
57542, 674
12526, 415
6271, 23
58406, 243
31753, 22
52004, 497
5807, 610
39188, 332
78244, 207
17209, 295
51120, 289
57856, 565
46939, 548
50034, 685
68109, 949
36904, 649
12183, 295
30756, 577
8730, 763
67970, 530
46122, 61
69662, 718
11825, 900
16387, 610
44104, 269
34201, 913
11887, 873
8146, 543
58102, 425
58312, 457
49853, 778
26851, 258
75492, 982
45365, 112
70484, 82
62028, 693
75984, 336
35983, 308
45344, 372
20254, 458
2708, 993
58722, 853
56471, 460
71710, 907
9092, 532
53165, 748
30933, 591
52483, 850
21431, 745
64366, 568
52339, 780
20196, 262
31766, 668
22604, 964
13299, 684
17334, 983
634, 459
3428, 79
73415, 804
34429, 320
57851, 442
34287, 676
49936, 453
60115, 656
43382, 22
18801, 256
14058, 770
50395, 414
14137, 508
13272, 319
23484, 740
993, 293
63579, 540
68805, 712
75537, 657
9412, 377
48051, 462
38029, 161
75487, 884
28117, 672
37141, 615
45676, 240
25017, 648
53876, 749
57379, 409
6035, 877
77111, 249
1504, 221
4665, 463
31364, 222
11716, 195
35817, 272
8274, 989
28908, 853
21450, 949
74569, 257
48286, 991
32047, 389
55370, 50
615, 961
73507, 532
29764, 468
33725, 145
34598, 726
79198, 427
8488, 478
70101, 514
78463, 842
21347, 335
31262, 854
73078, 21
73759, 511
42448, 372
75830, 444
4748, 534
45669, 882
40562, 263
69760, 296
9485, 146
25257, 206
46444, 229
60153, 89
74892, 518
36169, 236
44158, 618
58617, 711
67670, 210
11345, 877
9154, 829
73050, 136
31236, 85
23641, 622
29610, 782
40464, 817
19652, 848
30656, 427
33166, 769
35437, 778
7633, 275
35623, 167
3653, 527
50741, 142
49714, 703
22346, 131
57550, 432
41681, 787
38764, 534
29566, 820
34764, 1000
40619, 245
33877, 549
60326, 454
55828, 250
74225, 453
73665, 111
61836, 580
26296, 1
27840, 429
63600, 277
69244, 170
41565, 488
6023, 354
37803, 909
63689, 366
76496, 9
8889, 554
24278, 140
72784, 434
50188, 165
22697, 527
38290, 172
53480, 163
78709, 530
51080, 737
58346, 982
71030, 875
44913, 489
20689, 898
23240, 206
30727, 867
71668, 560
27658, 136
25570, 400
14650, 526
53726, 232
61230, 107
69227, 42
62853, 83
29818, 716
30544, 778
78849, 694
77593, 899
20343, 141
51224, 711
12531, 807
42612, 630
40275, 821
30266, 55
72443, 881
38582, 624
78175, 433
39788, 664
61354, 575
5274, 376
21599, 686
79989, 532
21413, 950
13718, 389
18090, 722
29143, 430
39209, 508
69289, 595
37105, 740
65574, 774
22860, 472
34470, 820
34413, 897
35264, 869
62385, 512
43879, 999
39156, 661
65615, 449
50716, 566
74920, 658
56676, 440
28179, 109
57748, 675
61261, 324
11978, 667
78340, 83
34102, 755
5520, 183
4431, 668
42271, 148
73643, 313
70332, 26
6078, 245
48699, 754
36919, 730
18291, 693
78900, 788
18031, 62
14200, 66
8689, 254
62537, 445
39541, 619
4354, 569
62787, 105
27012, 917
78468, 578
8320, 450
58677, 313
72316, 115
13668, 792
37775, 829
28015, 358
78240, 844
10837, 0
53493, 134
56796, 832
47570, 441
49024, 793
12314, 687
78997, 668
61202, 179
55196, 965
38873, 620
71460, 810
31954, 780
29421, 342
9049, 540
28363, 113
41026, 625
13814, 20
20328, 703
13747, 563
30798, 700
40478, 784
3076, 59
48329, 459
14501, 242
54551, 362
62754, 186
58462, 694
67032, 472
73595, 279
65675, 452
70903, 9
67627, 973
79266, 595
36535, 736
37116, 945
28104, 562
8203, 730
50254, 225
4880, 943
35322, 763
28616, 591
35942, 922
36868, 892
8904, 505
56061, 97
3482, 629
52576, 613
25900, 856
44544, 765
23322, 432
61315, 450
68537, 906
51699, 247
53386, 877
28257, 800
74473, 570
60649, 373
50972, 245
64042, 275
17279, 771
36689, 569
21722, 232
30147, 730
19389, 986
27753, 392
25869, 167
17029, 725
66840, 621
28781, 360
40123, 686
53986, 977
74485, 754
40412, 587
28505, 842
42634, 646
14370, 486
65889, 741
4125, 813
1720, 666
17762, 382
13422, 568
24167, 940
73785, 578
13830, 317
44572, 697
57643, 721
79188, 618
42418, 552
57267, 991
28860, 554
43338, 932
14271, 898
60810, 917
51379, 471
24960, 679
66143, 524
64332, 384
44931, 844
65015, 909
7034, 62
11681, 274
40568, 213
58673, 314
40675, 176
67233, 475
23479, 406
2530, 650
73640, 434
73708, 856
13273, 675
46318, 648
44922, 116
51373, 669
50219, 574
37473, 21
66612, 830
62489, 422
5242, 916
8766, 508
39908, 378
74108, 940
51817, 500
51607, 950
921, 327
4685, 761
7727, 92
64723, 386
11664, 979
72294, 644
14982, 844
8652, 969
66252, 442
505, 985
7986, 722
42216, 336
37484, 65
46404, 597
16598, 570
35073, 957
32176, 645
63434, 474
51584, 420
74373, 243
55727, 662
4050, 654
34718, 146
78624, 860
36670, 662
22051, 363
72854, 760
72634, 171
18476, 930
1066, 647
23051, 138
36680, 614
8831, 442
74489, 462
75508, 526
9738, 690
68382, 221
50611, 946
68173, 914
26243, 793
42908, 963
18248, 392
47464, 955
45155, 0
3193, 471
27430, 787
54732, 750
78922, 557
29928, 58
31353, 753
70149, 494
6190, 712
70195, 895
2148, 71
5183, 603
65718, 110
34450, 941
33098, 117
42816, 911
32735, 86
78626, 627
49642, 884
76987, 188
15509, 155
42669, 740
61239, 712
7717, 764
38201, 800
14905, 607
60123, 143
8716, 997
47377, 797
68062, 146
991, 526
46655, 216
18861, 899
7479, 392
68637, 430
71833, 500
33675, 918
10127, 464
24350, 976
8186, 435
8799, 679
54906, 176
14664, 25
8068, 351
76024, 264
45830, 643
73519, 204
68213, 322
44594, 366
56628, 111
48407, 121
64399, 831
2356, 8
77086, 302
6708, 650
46315, 624
78315, 232
69924, 766
4863, 587
12879, 699
54747, 810
56326, 160
22969, 598
26935, 847
75026, 134
45863, 107
22970, 672
59886, 569
19333, 709
70630, 769
74945, 348
864, 817
14312, 819
63019, 615
51326, 638
4345, 731
68912, 18
37395, 125
49857, 1000
60249, 985
46654, 698
4419, 768
23175, 916
52550, 913
53173, 609
72638, 123
20189, 72
79533, 698
18166, 609
8194, 549
24549, 177
53014, 828
69724, 868
73375, 550
60572, 212
79131, 14
73814, 449
41907, 377
69689, 416
65259, 166
13905, 337
5416, 255
45937, 728
26178, 774
25141, 170
59924, 330
45914, 58
66105, 745
13395, 542
46616, 594
15088, 804
61381, 714
13042, 343
50369, 467
33755, 46
35759, 684
38108, 543
32498, 514
44308, 373
76398, 667
54136, 861
7357, 286
53274, 779
26650, 851
7496, 7
76327, 449
20110, 834
14341, 656
58842, 154
67513, 178
69234, 118
12778, 640
33685, 625
21784, 59
6182, 629
61003, 5
34402, 351
11860, 130
9403, 929
63960, 332
31190, 681
45675, 636
21911, 306
76259, 361
15664, 668
55316, 88
31737, 378
24299, 383
21363, 395
18692, 697
61754, 659
19432, 247
42934, 288
38164, 322
14761, 603
16546, 171
5492, 679
33614, 632
71209, 375
35939, 801
42472, 405
16994, 32
57830, 727
20310, 531
58181, 392
26117, 961
37269, 163
53635, 510
48843, 550
38310, 364
53065, 707
8477, 357
5504, 17
56969, 688
68820, 852
66444, 341
50906, 613
64262, 732
50181, 475
1819, 855
77260, 222
35576, 743
62684, 367
53965, 455
21651, 234
75006, 482
18204, 91
24253, 386
41063, 597
56709, 726
1216, 877
13466, 249
53434, 928
29817, 145
61327, 8
73255, 313
78551, 402
48648, 588
30397, 155
4715, 320
8926, 324
79952, 865
59925, 343
33949, 885
76827, 871
47412, 831
15722, 174
53538, 368
63200, 691
5131, 772
29498, 247
16378, 937
18645, 759
76877, 841
7931, 387
53352, 603
55943, 943
28568, 341
25908, 708
51711, 494
79566, 626
71031, 471
23849, 505
66767, 892
29950, 553
59229, 2
13485, 428
65869, 656
35608, 890
430, 685
43041, 293
77705, 561
16982, 544
52415, 682
54265, 345
50659, 378
47926, 708
46005, 996
29963, 665
43024, 247
3280, 521
36489, 274
78485, 568
837, 866
18596, 210
37282, 290
69026, 732
58399, 363
30765, 172
37261, 955
63692, 467
39875, 691
8931, 893
36304, 255
1203, 876
38039, 657
7117, 422
5051, 836
50861, 328
50543, 366
77645, 561
21117, 111
29673, 916
75440, 389
8444, 651
18259, 878
23869, 444
8736, 763
33099, 995
58207, 228
42733, 105
66170, 24
14035, 827
35057, 107
67514, 599
55998, 76
2857, 254
42480, 774
4186, 71
76917, 380
19370, 313
60880, 389
52421, 144
79768, 101
65226, 469
75642, 312
32600, 465
58723, 502
4941, 44
37229, 830
50056, 220
1899, 710
1245, 535
12960, 107
13893, 757
22680, 1000
13066, 456
72356, 261
77733, 191
42635, 366
48474, 936
7941, 689
2126, 933
15115, 840
47064, 108
13637, 95
10700, 321
5718, 137
28804, 775
19766, 823
77257, 731
5857, 660
45832, 332
49508, 196
6476, 6
63008, 519
19664, 369
58816, 465
43151, 138
6443, 482
54854, 975
32033, 445
47572, 697
49603, 150
1652, 196
47042, 23
55883, 469
57450, 677
31873, 80
44521, 388
70426, 895
24437, 445
7276, 884
32192, 183
61973, 237
27825, 394
53918, 504
37008, 544
28570, 940
62087, 611
39592, 864
55006, 348
65086, 895
3114, 770
29669, 771
13950, 144
38063, 139
53176, 459
25694, 340
44072, 707
63868, 951
28747, 683
59796, 665
21645, 892
70465, 639
76652, 285
20350, 608
44056, 66
15264, 831
11061, 742
34767, 13
64914, 504
23237, 886
44838, 453
74746, 189
44285, 838
52567, 503
63329, 424
63246, 987
48498, 35
38876, 423
25919, 194
44771, 817
40841, 376
78908, 198
16013, 780
19318, 7
64674, 277
65918, 386
50576, 48
44725, 75
29009, 618
48772, 77
3959, 756
77730, 83
37195, 332
56725, 893
65263, 442
72873, 566
65555, 819
11509, 538
44182, 811
56278, 525
66832, 925
62765, 256
13680, 40
69388, 414
38548, 687
37721, 337
43872, 230
41288, 313
75176, 369
25266, 818
23168, 780
22562, 404
58996, 311
27673, 405
60514, 857
44414, 790
50076, 124
75019, 612
44841, 136
20962, 0
72912, 896
47621, 87
18238, 648
36963, 567
41066, 467
55293, 385
77921, 815
23331, 812
50525, 242
21287, 418
12621, 333
35022, 784
14157, 654
48730, 382
18871, 728
73314, 323
22281, 880
28001, 534
62568, 410
38614, 401
2583, 93
11230, 400
55091, 456
14421, 868
16511, 882
31929, 664
14832, 463
22528, 913
50281, 959
78669, 707
19042, 505
67234, 222
54198, 879
54856, 471
69262, 609
34992, 556
55420, 691
24913, 271
34860, 592
25233, 293
5558, 151
67956, 213
274, 51
32778, 0
62414, 973
26094, 929
48422, 291
30238, 153
53931, 888
45958, 276
4884, 125
32683, 683
77452, 504
66076, 736
42093, 184
30222, 123
51970, 250
11046, 785
3928, 362
7983, 7
18183, 8
27219, 582
52484, 866
15916, 846
38374, 226
59702, 104
75168, 715
32223, 802
34821, 936
51712, 525
63387, 96
69407, 692
686, 739
30375, 795
18802, 482
24965, 228
73167, 850
24778, 320
50346, 851
61592, 822
32852, 356
32991, 875
19045, 838
10202, 492
49543, 641
37441, 147
44706, 181
19856, 92
48175, 639
73926, 228
55016, 879
44578, 811
58584, 308
10031, 909
35613, 67
72898, 389
42630, 509
18459, 996
29127, 810
70693, 892
73293, 616
7877, 83
48389, 112
1401, 635
67060, 783
31649, 687
43095, 496
7189, 889
258, 59
1267, 474
59675, 43
20409, 508
30696, 513
26232, 559
61952, 570
71680, 940
21494, 28
1269, 509
72925, 534
24611, 104
65079, 912
56798, 848
38119, 372
33379, 633
30478, 315
61459, 909
62657, 951
41979, 372
5081, 146
78389, 331
20846, 832
28925, 520
26158, 101
40818, 229
7555, 827
41885, 689
34831, 971
71586, 600
35388, 735
15685, 180
58278, 596
75317, 388
58173, 380
25386, 541
49276, 968
2236, 949
60117, 380
13689, 506
54278, 411
26984, 455
76517, 791
797, 494
3432, 50
44366, 623
25756, 296
51594, 624
52797, 557
60723, 829
68959, 225
54241, 255
32123, 673
47118, 165
71952, 223
55586, 691
68656, 37
68953, 210
34964, 884
35568, 686
65933, 103
20861, 578
20827, 404
67572, 204
73230, 405
14300, 555
23165, 302
34924, 515
8690, 446
50921, 319
48155, 154
29460, 511
75039, 335
32567, 376
6965, 166
6055, 535
72791, 148
61624, 247
32167, 606
60384, 37
56793, 723
27868, 142
19260, 593
50112, 709
6272, 266
33121, 997
32533, 50
26138, 509
28457, 81
67046, 828
42722, 334
57669, 609
25661, 305
25396, 110
59400, 6
12103, 102
17338, 504
7566, 492
16516, 713
3598, 967
53302, 521
36538, 339
49323, 814
42533, 584
67469, 775
21279, 217
69530, 72
59639, 973
5560, 416
73764, 480
42041, 354
75719, 437
22407, 304
61171, 142
47357, 892
71354, 402
39271, 162
79833, 922
9855, 881
71976, 658
10433, 579
47960, 640
64158, 154
38411, 704
55358, 608
67389, 815
30643, 138
2712, 124
49436, 332
31301, 735
78261, 915
51559, 374
52271, 678
62086, 62
12806, 105
71569, 458
9986, 506
17195, 415
30515, 321
69273, 26
17456, 443
64349, 796
62388, 887
7482, 225
20211, 13
4611, 143
68150, 892
78343, 150
61143, 771
72048, 223
42767, 850
51265, 186
34161, 151
48406, 757
75052, 786
63580, 630
29528, 158
1791, 965
34172, 637
66900, 826
38187, 344
76590, 583
38706, 408
7680, 688
79022, 454
3737, 734
69197, 813
74207, 972
72016, 731
17494, 225
49971, 919
70642, 591
45102, 404
74722, 797
34387, 853
13139, 909
78366, 780
11256, 217
17417, 822
14428, 37
21805, 612
61412, 44
34248, 651
59496, 659
61501, 905
33527, 519
58400, 804
46272, 312
41811, 218
18474, 487
66008, 429
31934, 134
6511, 267
42743, 413
48167, 622
2506, 329
53830, 829
79454, 189
79060, 279
67126, 740
1714, 194
33029, 867
16692, 70
2894, 32
52916, 647
9821, 942
44811, 197
43304, 38
2571, 337
27092, 196
78207, 49
25812, 559
60634, 533
28286, 977
64922, 281
39861, 806
29777, 956
15943, 818
32618, 511
3874, 824
69523, 634
53269, 703
50011, 275
34257, 285
48523, 255
29373, 38
74518, 656
60782, 191
69502, 835
68546, 452
2378, 416
17873, 279
23604, 121
38726, 374
25760, 381
14382, 719
15954, 578
61331, 409
32977, 430
68509, 65
22327, 847
54240, 728
64499, 400
53090, 211
29134, 551
1869, 945
46022, 33
59351, 399
43092, 639
45491, 569
4318, 80
53979, 503
64716, 162
26590, 318
54429, 169
14008, 883
40132, 532
24373, 885
7035, 535
36833, 846
67613, 152
16425, 937
1446, 902
53214, 416
13424, 219
21, 808
64398, 653
45729, 165
59077, 244
453, 234
18803, 360
28660, 482
56350, 742
1979, 690
22473, 634
64547, 699
63922, 268
65870, 586
55990, 30
75186, 316
35133, 36
57791, 445
57514, 676
35870, 101
77235, 411
76717, 965
3929, 733
13946, 841
25289, 479
68241, 340
55388, 485
26231, 332
21497, 573
70681, 447
38709, 34
67143, 548
67166, 945
18640, 719
13660, 616
1322, 889
31914, 75
32452, 845
34266, 93
11324, 624
2411, 942
41487, 511
51197, 911
23638, 665
29081, 139
70335, 666
64287, 692
12263, 744
38130, 977
12490, 673
57141, 863
47785, 636
53829, 98
73147, 397
32277, 88
11090, 913
46934, 817
63635, 345
76936, 395
7849, 431
52264, 270
50255, 442
29548, 92
15564, 916
67411, 235
74676, 949
63025, 406
34357, 613
27581, 350
4686, 324
49509, 830
15963, 662
67153, 376
17827, 380
28923, 849
64773, 964
54270, 792
76101, 810
63085, 207
28147, 973
29489, 773
50204, 972
20396, 874
8352, 801
23488, 328
26327, 26
38735, 454
49854, 426
22352, 155
46395, 335
23825, 822
63413, 596
48246, 2
69937, 37
31835, 709
27777, 124
15249, 305
44063, 889
26247, 147
8226, 1
42560, 461
59708, 941
66297, 274
2904, 610
13601, 192
5185, 773
37554, 737
32029, 181
44934, 909
4214, 356
32190, 860
53002, 397
34723, 482
2721, 82
18818, 400
21339, 233
55193, 786
62774, 652
4355, 815
62039, 342
50457, 179
34241, 561
34104, 47
38700, 20
34565, 172
46739, 473
42813, 814
65249, 829
33105, 324
54112, 897
79605, 304
49519, 722
38523, 183
66682, 557
37704, 959
71975, 53
16068, 552
15344, 657
149, 793
28840, 851
47611, 347
44686, 241
65566, 967
24673, 457
11555, 176
75926, 301
25195, 536
2849, 569
56656, 65
57281, 527
52508, 985
71224, 402
37795, 790
77178, 769
52626, 225
26816, 837
70843, 296
173, 911
60694, 110
12883, 784
45168, 470
64457, 411
61300, 130
8082, 589
38585, 403
64459, 959
19471, 979
26159, 947
25046, 566
40164, 83
18355, 899
77347, 973
55041, 19
9858, 322
4827, 937
40159, 962
34484, 144
44596, 680
19429, 572
32599, 653
65529, 614
41188, 968
5536, 76
16725, 452
15031, 841
16712, 726
57885, 499
29664, 387
53135, 744
57714, 901
14787, 657
38996, 320
17671, 406
54657, 628
8188, 952
61780, 946
53027, 124
75963, 584
65208, 200
6489, 291
54242, 154
48664, 804
52538, 401
75673, 755
33752, 750
7943, 846
40814, 420
60398, 291
44581, 156
77542, 30
63540, 463
52732, 7
38041, 727
16654, 742
64482, 768
21077, 439
79643, 992
17521, 754
4004, 620
10667, 12
50440, 260
27370, 386
14549, 282
27768, 872
22585, 542
22667, 973
38105, 88
16897, 816
52383, 200
18040, 1000
46761, 845
21556, 190
37981, 925
65756, 650
55107, 45
64805, 615
48025, 473
62958, 713
47267, 422
67659, 404
35475, 261
55461, 716
3257, 626
52283, 625
75272, 344
3528, 6
8321, 768
62018, 888
30152, 857
16022, 137
44648, 330
65602, 732
42384, 974
70928, 229
33922, 377
76771, 714
45391, 770
11185, 954
51263, 789
22404, 161
72826, 128
39095, 955
6477, 907
27374, 587
67449, 231
50495, 682
46458, 510
47845, 439
46385, 242
6241, 482
78040, 986
6576, 627
26751, 991
26933, 329
31305, 615
54874, 498
43273, 256
15759, 575
38965, 350
60383, 632
2703, 798
19582, 507
30306, 37
5190, 771
76547, 596
4319, 417
23444, 632
74350, 429
25802, 994
78910, 837
3211, 707
39239, 685
56077, 255
39713, 326
13155, 674
77334, 528
9397, 970
74265, 43
2377, 932
48340, 321
63968, 959
78783, 837
27651, 450
63088, 593
12163, 90
64027, 545
20975, 443
51969, 300
67483, 367
43764, 388
52190, 353
35258, 401
52030, 921
26108, 458
48130, 814
48681, 562
73013, 483
55042, 594
35049, 565
67269, 970
44083, 599
69526, 380
23396, 687
27520, 292
51215, 310
49102, 381
62217, 267
68013, 841
21644, 461
66973, 577
66159, 320
26566, 297
18466, 906
4852, 113
78596, 982
44412, 779
32063, 56
14897, 265
41148, 526
46120, 644
804, 963
9332, 303
18450, 647
408, 709
33997, 816
33918, 140
44813, 666
29995, 804
13455, 844
71000, 322
47848, 465
13610, 67
47451, 456
41512, 897
1379, 509
42232, 97
50729, 869
48221, 40
46402, 103
55423, 986
25980, 300
29141, 470
17933, 941
18186, 139
74454, 478
31328, 839
41324, 784
21632, 232
58971, 663
34708, 682
56394, 270
46275, 142
41376, 177
27922, 305
48862, 460
3690, 169
38373, 87
45728, 987
58292, 529
64653, 77
36572, 527
47244, 763
47781, 447
38071, 619
47062, 446
25659, 721
43343, 617
41095, 950
15009, 153
51526, 883
71959, 635
60866, 998
36397, 96
10199, 876
27278, 931
23497, 827
16321, 453
39289, 866
32985, 887
12005, 370
52303, 899
17244, 272
18086, 423
55385, 354
17042, 55
76787, 300
51036, 998
13210, 972
31913, 819
38588, 399
20819, 535
22089, 230
8139, 971
71021, 789
77005, 927
31373, 297
26904, 933
34790, 209
14755, 387
35123, 113
15038, 971
70558, 875
41452, 404
15694, 751
25825, 411
59787, 766
38412, 357
3203, 280
51905, 192
45190, 765
63690, 823
14005, 922
22980, 971
57027, 9
79579, 723
78741, 41
25833, 697
22482, 848
67853, 84
59521, 676
58838, 313
51959, 387
70726, 483
64993, 787
74699, 726
19677, 607
7066, 616
19531, 883
63998, 497
66420, 213
13367, 655
68694, 587
16729, 774
28695, 906
2632, 727
40480, 695
54461, 817
56827, 601
13742, 14
2128, 158
57925, 967
26825, 701
56130, 486
43954, 452
56249, 629
32433, 152
35569, 839
32299, 439
79999, 109
3179, 371
22479, 316
41804, 149
978, 415
66795, 396
62980, 101
37138, 272
8751, 989
49389, 136
59409, 56
59685, 994
10584, 261
29444, 402
67745, 393
68839, 841
59780, 598
66662, 724
16650, 480
28780, 380
72276, 636
53519, 870
77400, 832
18004, 58
29325, 632
5343, 25
47407, 802
76893, 632
28887, 841
29106, 249
40318, 578
9694, 989
55533, 418
53719, 474
79336, 852
78598, 835
69759, 657
44750, 955
54780, 787
23385, 891
15767, 68
60768, 896
27803, 824
7472, 559
77350, 38
11040, 938
44459, 35
45185, 552
29712, 390
20291, 1000
69272, 367
64032, 671
28740, 670
13938, 876
57418, 670
17394, 317
4174, 688
2308, 214
58684, 996
35577, 441
47886, 54
68970, 605
39602, 471
2502, 604
64924, 598
52450, 155
20596, 414
49151, 543
37053, 377
8355, 348
73206, 128
64734, 49
77964, 127
14601, 318
34194, 793
17930, 138
49701, 179
42752, 533
4949, 683
30010, 341
67860, 682
11667, 57
5323, 865
50545, 796
77097, 205
65784, 622
41421, 851
41904, 949
22485, 957
23021, 400
53923, 119
39021, 964
37291, 469
70058, 814
57880, 452
23440, 609
12155, 735
41572, 273
12324, 494
9535, 660
57889, 72
66082, 885
26430, 651
62561, 161
77534, 441
55489, 233
74768, 400
69788, 605
12204, 255
27771, 132
19967, 100
44751, 562
59657, 119
15006, 347
14861, 275
18212, 32
75930, 540
62468, 722
24074, 98
47291, 435
2858, 433
41044, 634
39189, 996
30837, 122
15671, 291
62951, 698
18173, 383
79717, 125
77144, 300
60343, 400
22460, 206
32118, 145
66875, 578
19888, 632
63597, 808
74655, 47
65347, 930
48855, 653
58276, 912
281, 402
42606, 583
31040, 231
10226, 516
28941, 248
53373, 994
74423, 239
16559, 198
67201, 288
32689, 454
2150, 224
20590, 331
44599, 1000
70121, 433
36320, 830
78655, 274
47426, 150
66503, 213
61577, 160
22917, 326
692, 893
8023, 406
79205, 968
44787, 904
41527, 799
7169, 884
368, 944
43411, 717
2023, 269
2297, 834
11709, 920
40672, 98
72535, 817
7338, 965
33594, 611
33500, 821
49461, 434
65780, 179
73843, 497
3780, 536
62134, 519
61877, 739
17199, 526
54430, 134
11344, 273
71042, 181
43314, 821
53640, 906
7617, 384
22531, 144
19600, 600
77126, 272
79494, 446
43329, 220
2089, 538
6148, 768
33888, 523
23022, 524
5584, 463
67855, 431
27202, 591
61228, 568
39970, 828
8564, 822
54379, 501
71379, 681
15577, 551
10350, 576
58980, 96
56459, 464
73114, 534
1839, 752
12218, 46
63170, 140
11095, 251
39608, 24
54807, 157
75562, 487
68196, 830
61518, 401
24195, 264
42292, 5
67487, 701
56660, 612
10744, 466
79366, 557
66079, 118
61587, 544
19706, 266
54643, 249
31456, 325
42013, 197
37495, 252
74983, 131
45036, 296
68199, 246
29901, 153
13764, 557
10472, 614
72504, 537
4702, 416
14773, 952
29063, 631
27769, 606
24683, 502
14860, 416
53226, 311
16219, 980
66711, 227
60883, 276
79998, 737
11754, 572
62924, 277
22783, 730
25217, 643
10985, 936
8862, 373
46109, 138
23520, 580
4965, 12
52250, 876
44602, 89
54749, 955
61347, 927
71115, 432
13007, 375
77511, 163
25131, 830
15441, 575
72230, 105
33660, 388
24666, 388
52611, 785
11305, 128
73543, 778
43815, 691
27692, 359
44537, 70
57921, 642
11213, 849
13794, 266
38840, 118
17844, 75
50526, 529
50349, 540
51589, 202
26170, 156
33345, 292
25451, 55
63943, 743
69740, 447
74402, 44
42075, 711
24285, 23
14828, 62
46208, 730
49063, 46
65376, 58
9473, 394
48961, 333
73787, 674
78964, 115
74653, 483
2503, 484
31317, 327
22915, 388
68723, 563
66621, 836
18122, 192
73915, 355
22300, 465
73761, 204
61299, 793
22386, 168
3695, 242
29524, 680
33109, 217
78907, 322
24414, 997
16587, 336
29231, 612
45008, 528
19599, 165
47089, 16
3269, 33
29341, 45
42731, 853
67498, 852
52705, 424
66087, 261
26571, 610
49463, 343
11883, 400
9239, 594
77246, 268
58727, 108
21210, 846
22612, 183
12043, 496
6562, 759
20888, 416
6898, 4
75803, 498
9642, 289
794, 5
66368, 490
70798, 81
32713, 262
45818, 578
5509, 735
46218, 676
44307, 981
55925, 816
7196, 560
70888, 43
47434, 399
7811, 146
11167, 896
68271, 82
70575, 264
65740, 424
75742, 237
75998, 86
17467, 217
30434, 809
13463, 559
13289, 664
28807, 739
24343, 882
71248, 872
66772, 211
48613, 681
66588, 490
18352, 234
39135, 744
38707, 274
67923, 101
76522, 733
36798, 565
15841, 810
28593, 727
79787, 833
2168, 729
37986, 273
16879, 441
33595, 963
52461, 571
66531, 695
64960, 725
8727, 267
79090, 4
49674, 604
78642, 789
16593, 560
36669, 489
38521, 404
150, 323
6857, 513
14151, 350
24919, 258
7044, 916
15345, 399
48431, 527
59145, 652
28240, 242
12938, 274
39815, 495
69558, 999
49064, 220
46886, 395
34540, 54
69765, 894
34328, 347
27098, 961
30006, 243
33813, 456
6253, 207
68564, 32
16124, 100
65070, 235
63858, 220
579, 660
69097, 685
48318, 439
64989, 55
41990, 449
41359, 140
14679, 122
61167, 148
72901, 440
39946, 28
57682, 272
61079, 165
73001, 355
59039, 123
55808, 491
26689, 341
66358, 571
71332, 802
44919, 759
29352, 444
68214, 887
52702, 301
16782, 646
56551, 223
7301, 7
59907, 538
74377, 441
1108, 302
31756, 387
13274, 435
4782, 122
38195, 251
16093, 260
78262, 155
67505, 4
49104, 645
48657, 709
21052, 752
18986, 419
28910, 855
37091, 336
41702, 425
65333, 525
4373, 790
41275, 444
28622, 868
54745, 111
57308, 291
74354, 848
52431, 736
37522, 258
47296, 327
76824, 731
48688, 242
23736, 28
49569, 450
28090, 76
47703, 479
66509, 68
66272, 121
25668, 553
74787, 237
43466, 284
54862, 213
12736, 269
64886, 531
77140, 732
61249, 243
72957, 788
27029, 427
20877, 641
40898, 855
44760, 945
23187, 288
72820, 690
55105, 157
46283, 484
26122, 748
4956, 458
34128, 645
19519, 44
35299, 394
76912, 125
11462, 422
7449, 772
11204, 943
63311, 771
40784, 490
62233, 20
65319, 962
41185, 641
33518, 267
3505, 641
7669, 563
24073, 949
60703, 342
66779, 634
53120, 153
46019, 717
47109, 214
58763, 985
47902, 189
42516, 431
1105, 134
63655, 696
41407, 388
37573, 166
55892, 106
1941, 882
40004, 413
47068, 40
45165, 852
7860, 587
53976, 159
62623, 189
63703, 432
44759, 762
79816, 588
18315, 696
77150, 854
51286, 174
57512, 899
62417, 595
45498, 549
52782, 879
9063, 383
11789, 171
76635, 242
17720, 48
50781, 919
37725, 252
76480, 394
45137, 506
70063, 451
26171, 262
43036, 255
54770, 94
38176, 519
759, 962
62578, 680
60221, 213
53590, 634
20786, 668
66677, 878
57334, 173
26304, 174
63877, 207
60151, 326
3189, 571
60495, 555
38250, 132
41164, 682
57288, 885
68587, 964
9982, 568
73753, 247
28808, 403
70845, 64
72398, 514
48162, 827
39534, 425
69205, 480
79561, 298
79977, 87
43295, 353
59566, 281
54739, 377
70176, 144
15268, 329
75302, 765
10712, 338
39729, 395
50451, 114
9178, 367
64188, 711
52068, 584
26164, 458
58377, 603
65913, 74
38099, 483
26546, 651
75446, 606
52760, 764
57121, 161
21573, 715
19727, 118
16130, 387
49488, 114
13763, 668
73757, 627
57035, 894
45249, 586
4736, 687
68794, 778
23505, 744
15727, 810
26671, 226
44338, 612
45997, 845
13320, 307
65968, 604
55831, 964
20246, 429
46330, 711
6877, 393
56955, 697
53110, 104
78965, 145
76747, 371
42353, 899
48265, 677
14394, 21
5484, 630
20692, 896
37633, 47
63779, 583
49211, 243
10671, 82
37233, 551
65599, 316
33903, 512
13845, 746
18624, 734
33697, 642
58240, 241
60251, 247
58450, 410
37625, 279
40008, 620
74288, 820
35217, 769
65654, 290
16041, 603
11011, 979
70357, 94
57520, 822
67875, 442
13549, 361
7319, 554
79138, 572
13267, 325
51715, 7
5824, 300
78479, 528
44864, 191
29021, 235
25899, 999
51913, 76
22494, 262
52365, 126
56544, 221
74789, 546
53171, 415
41978, 956
34051, 549
21469, 159
63366, 507
3466, 404
29168, 50
15042, 160
59152, 200
15313, 413
14589, 347
62586, 807
70395, 496
53080, 697
26314, 63
18005, 336
35818, 36
24150, 488
44910, 591
43745, 187
14766, 950
14385, 692
71340, 162
73617, 270
70146, 927
18078, 561
50819, 200
14110, 612
47543, 108
6852, 281
70499, 757
56739, 913
57690, 177
46860, 981
19039, 418
31219, 145
15982, 856
33934, 200
57293, 347
43346, 114
14310, 958
37416, 20
58622, 545
37128, 818
33848, 991
69239, 291
14245, 59
69126, 390
12511, 798
35523, 392
9657, 311
56846, 210
69770, 888
6731, 208
63179, 884
6075, 778
24907, 15
41046, 993
11128, 532
61707, 466
58691, 540
30352, 69
45157, 448
64082, 997
35675, 510
16174, 666
19825, 660
32437, 710
30312, 200
24739, 197
68782, 915
69605, 219
14488, 787
30745, 461
57417, 892
58095, 448
76871, 220
4281, 960
35994, 205
38583, 271
6224, 730
10953, 718
65324, 846
52169, 376
16727, 795
70870, 103
33497, 72
59579, 732
13498, 543
60397, 512
52444, 437
67849, 287
48931, 124
52983, 97
9396, 515
19367, 582
35862, 709
28351, 44
48871, 481
13953, 273
15985, 141
52941, 187
78236, 299
41726, 80
34610, 436
43517, 940
50959, 481
7965, 602
36412, 124
50338, 127
52326, 553
19738, 264
46064, 951
40125, 561
30313, 887
19654, 53
74161, 10
31702, 412
50585, 475
22104, 812
53737, 918
17665, 288
24573, 129
6174, 298
9238, 643
45908, 934
60364, 845
4744, 929
43448, 714
65838, 8
63871, 591
26907, 887
43230, 824
63253, 249
49222, 712
70091, 187
32644, 768
25190, 53
20965, 438
8011, 290
7007, 65
15839, 566
31710, 89
38378, 600
74109, 693
65214, 406
44582, 691
63027, 184
8683, 687
18761, 728
9074, 504
55303, 640
9042, 191
26793, 612
15116, 178
47155, 28
55019, 833
77602, 966
75564, 256
34038, 500
2002, 315
48866, 842
5554, 999
23071, 119
64001, 341
1996, 955
48816, 560
7135, 30
54272, 494
72856, 527
20166, 986
41151, 890
32729, 477
61084, 12
17407, 466
78883, 977
61256, 833
62726, 130
14546, 814
41485, 288
37001, 925
31901, 927
77062, 563
18097, 575
70264, 796
71611, 431
66364, 188
38666, 909
6955, 501
14291, 603
76657, 27
66956, 231
32857, 417
60463, 279
21466, 807
25836, 704
12440, 332
43241, 429
5293, 918
43592, 571
48552, 972
1622, 533
58247, 109
3751, 558
48317, 215
19200, 490
4515, 793
60195, 38
10126, 305
30013, 0
14079, 110
9792, 987
38189, 572
17889, 380
65967, 926
24366, 388
70359, 482
23254, 350
31938, 534
27715, 885
51886, 879
71931, 483
70257, 309
45050, 738
48235, 570
70756, 648
1297, 150
14424, 149
16960, 858
31601, 84
12951, 791
27180, 450
21311, 671
5150, 104
25127, 629
18860, 557
10166, 680
62735, 576
12949, 585
44009, 163
76507, 480
18581, 202
14727, 998
75194, 473
44740, 962
68255, 484
34819, 328
58386, 381
9313, 178
8149, 833
66283, 681
43545, 534
78591, 208
59233, 61
76818, 979
6971, 633
46014, 644
77881, 465
121, 464
57239, 809
42531, 784
73950, 828
44770, 379
15535, 308
76353, 179
3530, 196
11700, 129
51503, 518
27034, 222
48960, 339
51458, 286
36684, 937
79922, 50
17988, 314
32133, 928
68174, 519
22219, 702
17838, 921
73660, 907
71190, 3
21819, 865
18044, 795
66685, 659
30432, 744
15724, 8
17908, 554
24935, 841
6454, 738
49627, 418
36946, 369
26858, 482
22976, 665
40247, 933
57299, 587
58849, 551
51025, 196
41577, 935
70175, 624
72759, 290
6184, 379
530, 471
73388, 138
9111, 803
26653, 621
4302, 823
66911, 774
24277, 443
68454, 263
19565, 354
67998, 129
31523, 258
30830, 441
56501, 963
68394, 273
7464, 268
11179, 508
18894, 489
40074, 194
14454, 107
54178, 286
55127, 522
49134, 391
26389, 29
16481, 482
13824, 134
62029, 580
34757, 103
42325, 434
74814, 750
2693, 385
21718, 90
62429, 656
26152, 7
63900, 89
17850, 440
75873, 480
63082, 515
8331, 1000
6549, 125
23197, 890
73673, 757
22365, 368
3752, 647
68957, 351
34300, 683
52540, 436
72338, 400
45774, 657
77745, 132
68499, 245
23001, 916
73620, 778
21014, 699
48060, 748
36547, 437
12258, 392
70310, 440
55317, 45
72750, 766
25814, 488
5226, 559
66624, 138
58307, 541
31407, 967
40371, 954
28213, 330
42185, 171
71225, 985
69898, 162
71290, 475
22355, 319
46680, 216
18503, 700
50489, 596
18102, 268
10068, 334
42233, 678
47378, 899
49615, 451
17010, 66
68384, 906
29681, 988
7787, 132
28056, 654
70110, 809
21980, 781
2333, 128
56965, 104
35120, 176
24697, 512
31486, 198
37371, 356
23438, 937
27635, 398
64537, 483
78312, 505
8743, 386
40712, 553
61272, 695
34597, 547
59945, 448
73636, 871
77152, 261
971, 839
50165, 517
41576, 113
64198, 983
13928, 459
25991, 917
68599, 136
69708, 440
9004, 511
20473, 525
29138, 992
49698, 494
73863, 828
67417, 356
44148, 221
43067, 562
38616, 164
48098, 151
46561, 471
49485, 729
22684, 446
40399, 513
68579, 602
11529, 524
21099, 566
12931, 129
79992, 942
23261, 847
58473, 787
6177, 902
47179, 511
65686, 160
44278, 254
79460, 229
49792, 191
19009, 847
24716, 4
43529, 487
70492, 282
65656, 627
51592, 810
20462, 186
70758, 587
69313, 464
47461, 625
11582, 162
53415, 458
49567, 758
5275, 958
12225, 394
31890, 24
29560, 879
18549, 640
3419, 94
33113, 576
43499, 633
13542, 22
47177, 15
32215, 970
39895, 657
9669, 324
69883, 699
29624, 375
78691, 54
41461, 737
45629, 134
25260, 913
67450, 850
39469, 456
45893, 382
36089, 123
48358, 362
24404, 621
13809, 833
388, 125
34195, 375
52999, 166
10153, 699
8915, 268
57444, 36
70177, 179
10029, 942
68613, 711
40759, 366
45198, 291
53360, 336
64303, 67
30457, 546
50024, 318
58551, 100
79375, 867
69226, 88
74879, 192
71306, 338
48342, 39
20697, 75
13702, 933
60867, 277
5039, 120
7463, 910
25604, 768
13854, 919
40203, 572
32839, 32
4060, 442
29087, 156
8646, 981
34073, 819
62303, 192
21411, 77
27448, 616
8855, 545
26993, 158
50418, 316
4851, 413
20366, 783
78282, 694
42564, 744
18116, 952
44968, 561
31675, 269
2130, 713
36960, 682
6969, 297
50572, 161
42660, 488
11417, 532
12157, 121
58286, 58
6145, 920
15872, 682
52515, 612
3582, 104
9086, 320
11931, 726
10664, 115
42819, 610
46264, 66
33792, 815
28073, 256
48854, 235
36322, 466
23313, 325
39529, 936
12781, 534
51260, 51
52074, 510
49156, 973
45128, 878
78774, 466
61063, 19
64720, 13
58994, 734
35792, 134
72021, 162
76288, 580
13227, 205
70884, 406
43989, 531
69818, 129
11091, 174
67422, 338
43550, 221
26097, 474
61161, 570
77332, 134
30925, 811
76239, 329
9052, 565
56872, 13
30155, 50
37653, 608
14213, 979
50476, 944
39743, 875
13965, 954
40771, 517
48103, 163
12386, 872
23693, 388
65342, 818
58330, 240
22366, 661
56419, 594
79024, 940
48312, 396
77788, 136
46141, 957
10118, 774
17570, 196
52005, 317
20042, 388
66098, 176
21382, 23
1094, 915
35389, 943
27636, 535
48920, 549
38518, 438
2212, 750
61983, 58
78352, 135
6107, 129
51116, 199
44633, 842
15127, 438
29708, 399
27510, 909
46258, 160
29945, 885
22269, 452
42938, 208
9490, 693
79264, 709
58680, 981
36388, 234
41837, 688
38091, 805
60644, 456
35865, 847
37408, 990
18314, 875
7134, 350
43890, 696
44342, 536
52240, 746
78022, 698
30183, 661
35798, 252
39915, 134
68578, 144
16719, 753
22270, 413
40795, 850
66182, 783
57261, 550
50737, 714
78953, 522
91, 426
31633, 142
246, 886
32224, 727
16538, 433
54899, 540
1695, 154
76147, 102
58518, 944
39992, 958
34865, 92
38194, 620
65768, 469
68969, 870
68085, 981
58953, 305
8990, 486
27542, 205
25361, 564
44252, 226
12360, 263
6404, 940
3619, 508
48281, 310
75184, 855
20800, 481
75156, 323
6771, 52
15748, 501
3492, 373
8154, 426
16751, 353
73806, 133
42874, 296
52007, 156
72702, 683
70236, 283
51587, 161
40351, 324
38550, 765
45103, 434
76491, 86
31424, 162
22354, 377
75879, 541
21282, 44
16032, 78
22035, 941
9870, 496
54960, 576
50370, 675
68893, 466
58580, 858
21420, 17
73328, 498
30740, 346
64673, 885
20081, 436
19954, 322
43481, 125
1426, 60
35552, 52
28720, 284
29503, 468
12008, 360
59273, 576
37325, 809
15536, 228
28632, 761
65776, 246
48842, 269
75513, 422
13528, 198
59577, 507
38271, 688
1405, 833
9362, 861
37497, 113
39960, 27
22437, 138
50880, 750
24436, 293
162, 858
45989, 945
74601, 485
13673, 805
14562, 420
73886, 420
17399, 204
25056, 890
64627, 987
56101, 461
8385, 999
731, 370
52978, 798
23967, 520
52753, 65
26468, 749
36941, 985
40326, 586
52038, 380
18804, 964
17000, 525
64725, 177
50174, 169
24280, 140
25394, 563
32272, 221
64292, 575
41338, 960
14743, 105
4167, 374
12365, 333
16138, 142
5792, 411
7993, 627
74131, 171
72658, 666
55652, 885
8178, 297
14643, 175
20142, 410
45813, 261
49471, 669
64404, 135
73396, 836
42193, 683
72282, 541
47618, 134
49790, 882
56757, 669
25939, 461
19250, 416
65619, 351
55955, 570
48820, 984
47254, 931
29337, 734
32274, 522
20019, 793
17621, 919
72069, 924
28823, 1000
49864, 973
28432, 659
42701, 472
57762, 267
513, 224
69930, 967
49539, 107
59110, 768
40995, 122
428, 80
37476, 395
8038, 934
18181, 373
38466, 54
15871, 623
50410, 130
56977, 148
78876, 838
67650, 341
8956, 212
28782, 835
75185, 694
30436, 174
76978, 620
37731, 646
4849, 668
3743, 806
3995, 871
34040, 808
28544, 85
21246, 750
22934, 605
176, 108
11121, 595
57181, 195
238, 668
25236, 931
33011, 209
40966, 623
60931, 623
22621, 887
4843, 62
36916, 542
60346, 97
17763, 942
79530, 625
40528, 308
25543, 535
56217, 604
35047, 839
10743, 55
50888, 746
79968, 643
28524, 799
79926, 862
59770, 94
62420, 878
8134, 747
58318, 230
55322, 286
40934, 215
73337, 353
25992, 376
3456, 82
22640, 129
72736, 129
42225, 728
74783, 430
14648, 952
34488, 731
65232, 314
48742, 211
76710, 231
29700, 713
15784, 845
23611, 951
64202, 963
70809, 738
46609, 930
62520, 234
21086, 548
29914, 457
3304, 252
65562, 301
77748, 568
79217, 602
27526, 983
40014, 623
65334, 977
41436, 455
37396, 122
25305, 225
4072, 770
36403, 230
13270, 938
45325, 741
3307, 442
25716, 912
77320, 108
9454, 737
9139, 975
27800, 914
51739, 274
5523, 763
3024, 644
69009, 221
53527, 597
2648, 533
65090, 35
53471, 780
74270, 453
23859, 567
72888, 944
65286, 667
16592, 724
19073, 688
62405, 569
70300, 735
35716, 359
79956, 776
6525, 358
53296, 943
38008, 219
78715, 43
29497, 651
9700, 773
13636, 706
58825, 890
62636, 358
44853, 977
47114, 882
33178, 83
33590, 436
47883, 165
49773, 996
12765, 246
69225, 727
55425, 961
46699, 921
41596, 456
72730, 242
63820, 218
71198, 251
50999, 550
69095, 928
74531, 96
16296, 293
36611, 84
70678, 293
10730, 851
32893, 684
26207, 125
64704, 343
26477, 13
14221, 764
67892, 138
5014, 579
9142, 535
4254, 679
27332, 781
127, 778
77232, 16
42338, 418
14525, 540
21075, 254
27352, 385
23543, 168
76358, 779
5721, 464
7688, 431
10855, 708
58125, 171
6150, 146
42847, 484
49868, 887
27298, 669
72792, 954
34595, 237
7789, 617
56840, 244
72651, 929
74547, 625
6183, 849
48845, 654
28683, 311
58839, 126
49645, 560
26601, 751
54095, 492
28710, 622
58531, 519
54485, 137
64156, 509
65222, 380
4902, 653
33729, 807
68899, 830
52471, 291
40457, 617
68060, 4
8969, 954
43047, 788
64505, 942
43656, 970
71268, 590
13927, 826
6742, 122
14553, 884
9169, 861
26018, 499
47585, 379
74612, 760
7083, 884
14061, 22
68160, 675
13178, 348
13156, 815
65372, 397
51924, 241
10818, 487
56932, 605
39996, 161
59667, 27
27905, 626
2744, 680
14423, 541
46240, 291
37243, 898
14369, 840
19120, 565
27572, 159
24814, 720
2267, 143
22564, 104
8439, 641
51713, 981
24780, 367
2556, 723
59165, 385
44176, 831
64525, 128
12714, 478
57936, 97
17254, 62
77583, 310
41175, 765
31830, 442
37865, 133
35601, 727
35584, 65
655, 741
46905, 469
328, 85
32749, 774
9444, 257
33498, 646
68282, 65
77845, 627
1552, 865
79422, 133
68051, 178
60507, 233
30387, 748
62942, 248
76886, 361
43689, 317
45237, 120
19876, 174
67987, 284
32440, 732
73768, 769
56530, 148
65069, 557
49019, 101
54559, 320
75753, 423
26860, 109
20434, 863
14387, 41
14011, 410
35814, 829
7475, 293
60710, 758
45664, 249
46256, 848
43001, 633
62072, 137
59070, 807
47004, 552
66255, 953
3458, 469
65841, 203
35826, 225
54043, 289
66196, 532
12948, 61
54650, 313
6633, 283
22874, 528
13541, 828
18239, 895
50090, 379
55051, 299
63557, 679
57179, 858
37961, 480
4824, 425
71514, 423
146, 402
65082, 84
14634, 352
53989, 518
38638, 225
56111, 631
79172, 89
39400, 893
57163, 84
54510, 937
11390, 791
52475, 660
41650, 879
71351, 427
3239, 500
59946, 639
59431, 633
77094, 276
12610, 856
38062, 370
53509, 559
66626, 249
28669, 775
75472, 324
49178, 234
21884, 267
29911, 726
21328, 681
30979, 591
59562, 646
26710, 560
2380, 274
56621, 583
79658, 485
21168, 182
68335, 269
63456, 191
17483, 286
2317, 826
2222, 834
56795, 676
39545, 375
47031, 269
61091, 225
68018, 693
50885, 882
40039, 385
64429, 543
8545, 9
57087, 498
38456, 936
13469, 854
29097, 769
26791, 116
75633, 605
36197, 151
57290, 821
4416, 704
45515, 406
18249, 940
28274, 432
46733, 229
41245, 964
36490, 972
68466, 264
50836, 879
46625, 481
63439, 211
5930, 60
66157, 592
50334, 360
73514, 816
60603, 779
1584, 190
4002, 560
48735, 734
53294, 698
45856, 65
4009, 381
40408, 594
74346, 974
15193, 544
56632, 244
15452, 134
49431, 260
42476, 443
14195, 588
23680, 103
893, 185
38961, 603
37144, 689
31155, 657
63799, 907
71211, 40
42220, 645
18620, 143
54416, 72
21337, 368
55623, 655
70839, 307
69321, 339
63552, 800
32487, 382
3405, 218
65634, 561
17180, 384
42810, 844
78558, 149
2039, 770
54707, 326
60049, 43
56741, 309
31025, 158
44047, 764
17428, 389
19800, 306
36519, 670
65062, 912
988, 799
32208, 82
33216, 606
3905, 580
2254, 322
37979, 503
45872, 448
25262, 286
14972, 707
52573, 460
65171, 851
26678, 814
47411, 779
19461, 518
49047, 854
51380, 819
78487, 146
23966, 463
2816, 882
44136, 509
43585, 701
13313, 849
49991, 373
14955, 460
36400, 227
65970, 575
1700, 882
49049, 57
35565, 645
55794, 670
1415, 546
35682, 126
72816, 141
53488, 296
43921, 313
20250, 804
10277, 987
8850, 620
72683, 77
19811, 558
44043, 755
7147, 229
71067, 454
2281, 627
44762, 121
74314, 748
1788, 77
50477, 682
69429, 204
13870, 813
32491, 873
36651, 348
39302, 647
75790, 477
2999, 83
9958, 388
32350, 349
23587, 587
38380, 271
55463, 556
71331, 11
59878, 733
64374, 283
71782, 81
20073, 81
17216, 60
11223, 79
27594, 730
74457, 293
67760, 359
12346, 194
1604, 108
17090, 17
45994, 801
44288, 955
75150, 450
44365, 619
46856, 107
33673, 595
54927, 79
61859, 672
31696, 366
56538, 416
6128, 235
52885, 655
39334, 354
29915, 123
32296, 689
62375, 126
7532, 851
79161, 138
24232, 206
42569, 627
40609, 739
8054, 394
56558, 160
41341, 384
7573, 791
76425, 629
2253, 306
40481, 786
56327, 11
42378, 313
54388, 841
52433, 965
30364, 628
11877, 969
7871, 741
43758, 138
42422, 180
68873, 844
35715, 620
58511, 964
22499, 594
58634, 611
25763, 529
34656, 837
41204, 7
42928, 299
7892, 64
2988, 573
60633, 771
17160, 577
72379, 448
1515, 823
16113, 609
48759, 505
50775, 404
56346, 849
74813, 952
75792, 700
36742, 300
75471, 938
10754, 870
44792, 63
4597, 50
41252, 892
11992, 6
74733, 797
43617, 187
58821, 744
43812, 18
39167, 905
34603, 510
2709, 794
29299, 746
50817, 567
47472, 345
9283, 27
48624, 701
57484, 64
2234, 669
53593, 532
78029, 264
66199, 895
5322, 10
59838, 393
33864, 736
39769, 887
22971, 242
11397, 368
34896, 638
31762, 512
52572, 441
78431, 416
43843, 904
18945, 924
71889, 425
29177, 924
24197, 804
64691, 19
11473, 559
73322, 634
33731, 354
45842, 709
11800, 669
48531, 438
795, 441
64808, 880
7658, 86
67813, 200
32197, 375
28888, 719
67906, 986
15227, 881
55197, 414
260, 411
76487, 379
20339, 1
43754, 719
59863, 395
73662, 291
54287, 869
54264, 991
10777, 297
59968, 277
20662, 29
66244, 290
14065, 548
63596, 306
24453, 956
57616, 462
5340, 434
45266, 588
60693, 999
13906, 655
10185, 301
75441, 614
65473, 737
8127, 135
56379, 888
75002, 180
46500, 524
48225, 973
14096, 681
40211, 950
7088, 796
26347, 819
3844, 196
9793, 594
52312, 776
26730, 159
68487, 0
41761, 762
27690, 573
28944, 254
48190, 505
24114, 379
2231, 308
32302, 207
23576, 382
43370, 955
47794, 708
58998, 57
44951, 849
1638, 825
27212, 901
30951, 861
3816, 844
45277, 782
67288, 300
60620, 126
6028, 415
64464, 811
41977, 629
70790, 112
64936, 745
53836, 621
67348, 280
42623, 707
13710, 269
76241, 451
62913, 773
54552, 804
11088, 319
65136, 787
72737, 271
15044, 248
65461, 596
7168, 545
10453, 185
61469, 245
67876, 306
31989, 229
46716, 940
76565, 711
36593, 822
5607, 579
39506, 126
45269, 586
57654, 877
31229, 263
8974, 94
22111, 757
59528, 297
25988, 451
3141, 15
32931, 151
49888, 86
37599, 714
7113, 372
30279, 621
21995, 192
42327, 242
2471, 714
22681, 403
61098, 817
43257, 417
49770, 49
45349, 160
64957, 251
3675, 921
42058, 791
64783, 732
78550, 998
14813, 437
43669, 497
2305, 117
573, 596
14823, 653
6558, 865
54963, 185
33267, 320
20372, 277
78752, 856
62777, 265
73538, 852
44788, 596
21679, 912
37710, 385
46306, 940
2205, 599
21705, 674
44836, 203
1865, 748
2092, 340
3784, 49
50057, 647
47534, 73
3013, 567
52574, 559
64726, 959
54128, 160
26311, 352
76341, 654
71259, 463
16369, 833
51184, 12
62844, 736
11075, 871
34113, 753
70649, 930
46365, 501
22359, 216
70863, 415
65246, 961
29013, 620
79329, 671
41161, 878
37201, 765
79779, 208
69836, 319
49963, 237
72000, 775
1992, 349
29463, 410
22483, 197
79127, 345
41124, 571
79836, 965
11686, 314
68144, 69
51256, 747
44625, 509
30443, 498
33658, 767
79017, 31
31065, 180
568, 980
38113, 44
26000, 837
79951, 815
60535, 767
49589, 523
28068, 821
17384, 182
24678, 311
44518, 107
28886, 249
63684, 364
58467, 660
75810, 233
32823, 467
25487, 195
71420, 973
35140, 920
4575, 332
11490, 298
76801, 550
36291, 146
17067, 587
21135, 725
36265, 819
36338, 147
77714, 127
42295, 723
39264, 449
72192, 584
66595, 314
60861, 832
51517, 782
12353, 747
34660, 810
8924, 958
78549, 183
44840, 834
68159, 335
24591, 320
9995, 7
71079, 371
76435, 906
19996, 42
32050, 20
54635, 567
26239, 443
74048, 930
33610, 514
49525, 314
57395, 179
34106, 29
45457, 93
20513, 657
47804, 282
21535, 503
27440, 307
73263, 946
53385, 247
69644, 616
36212, 419
57994, 984
45941, 357
75311, 98
325, 903
23517, 519
24312, 435
63886, 349
16182, 235
76426, 549
52008, 694
59693, 339
7869, 620
69203, 327
8973, 786
71896, 37
19037, 473
12824, 618
30802, 556
10168, 443
62804, 878
12587, 683
16703, 423
25441, 74
68971, 803
45318, 812
24063, 34
28050, 349
5654, 84
17397, 468
64010, 479
51668, 511
4562, 557
75502, 962
6200, 415
32472, 343
40581, 915
45156, 153
45696, 790
18585, 146
30449, 170
32136, 586
23993, 4
34068, 95
35896, 908
70552, 470
69302, 176
16461, 725
71621, 542
37252, 466
43055, 690
45418, 595
47008, 398
63953, 617
41312, 217
19592, 746
37807, 930
60113, 568
5889, 419
21329, 517
31707, 40
31202, 641
75220, 233
31268, 103
40197, 27
51156, 6
32078, 201
70563, 662
27201, 711
5713, 298
24621, 309
767, 816
15015, 244
47460, 945
6532, 42
79148, 243
44299, 215
35074, 154
56499, 874
36012, 322
26917, 763
32593, 275
50593, 863
44491, 926
60374, 322
10958, 623
10450, 218
11962, 192
42617, 207
53450, 908
30992, 411
66636, 733
34456, 504
41022, 43
20109, 747
30177, 659
10243, 945
43049, 631
42151, 835
58912, 357
14220, 357
26912, 793
21873, 935
61165, 925
73862, 934
15589, 853
59374, 249
45394, 317
37359, 2
23714, 657
38772, 25
11787, 884
55833, 627
76750, 436
21757, 555
61694, 503
76446, 478
32756, 129
10833, 915
47414, 403
9731, 118
4639, 99
77577, 447
45554, 400
55200, 595
15474, 383
67106, 288
78781, 286
9048, 966
76891, 636
33377, 627
37799, 942
24259, 242
39985, 861
11315, 168
67581, 148
20287, 195
74169, 89
44881, 263
12747, 383
46046, 372
55056, 643
67939, 554
7622, 304
53371, 899
51015, 629
33677, 912
22696, 543
13594, 606
64683, 899
25341, 355
53569, 207
31313, 628
12907, 905
57594, 365
66061, 924
48835, 871
46623, 286
4537, 694
47761, 665
38959, 438
6376, 580
69533, 823
7592, 131
42385, 133
63833, 652
51270, 342
22024, 203
19083, 266
20593, 930
44510, 917
54911, 920
17712, 279
69417, 170
7783, 942
15742, 580
72112, 563
56466, 821
26895, 745
1908, 265
69304, 501
31096, 137
32378, 359
19642, 5
74155, 445
43238, 373
16238, 200
38573, 650
65451, 947
75620, 33
28066, 96
12537, 317
40894, 247
76833, 573
38166, 331
65678, 115
42557, 177
68473, 643
49808, 823
66835, 443
59911, 332
59227, 463
50124, 180
8665, 877
77429, 793
31682, 480
54034, 235
13679, 19
32725, 616
31394, 206
23259, 593
55473, 564
2490, 397
13975, 448
76856, 104
34852, 40
9627, 28
21234, 109
24702, 652
63991, 397
74899, 81
53327, 503
64669, 190
21275, 602
52894, 500
37823, 956
12721, 258
57631, 289
22984, 371
32266, 291
12966, 273
3526, 263
61432, 124
6030, 746
32516, 749
36008, 412
10485, 361
12994, 676
19732, 782
7520, 34
48955, 535
56609, 63
70353, 129
18373, 70
41382, 583
45667, 86
43528, 536
50386, 658
30148, 321
8090, 942
71307, 617
53041, 927
63453, 914
48994, 554
49515, 237
70731, 718
60399, 782
20572, 619
67197, 376
6095, 255
52661, 355
23041, 652
44639, 922
76191, 900
40303, 794
79528, 915
77240, 454
23959, 682
54623, 283
1783, 251
57056, 224
29793, 347
63354, 548
37635, 164
61455, 960
8688, 888
23597, 995
32073, 434
46780, 635
2381, 249
71205, 9
9574, 991
50166, 657
38578, 203
45306, 931
27580, 107
70438, 265
64717, 437
52955, 958
59407, 479
66581, 389
61242, 558
57670, 357
29156, 699
10729, 825
70020, 221
65571, 564
39593, 334
70700, 854
50994, 993
46186, 236
9278, 148
40067, 772
46765, 781
35800, 96
31967, 38
49684, 149
17172, 796
14480, 679
43456, 527
19793, 737
95, 837
69305, 531
54604, 663
19974, 530
71469, 461
10717, 738
54028, 540
67605, 662
39724, 904
79189, 844
1311, 209
47120, 195
53114, 7
19030, 720
45084, 531
44975, 807
68329, 613
64096, 84
77193, 187
24265, 643
46093, 917
2759, 280
39567, 642
21372, 929
4559, 265
66414, 166
12705, 767
45824, 903
18028, 46
62993, 65
40802, 322
50815, 215
2342, 490
19681, 802
71849, 123
10475, 661
35061, 817
64157, 316
42831, 879
66431, 52
67651, 38
23373, 271
54194, 34
64835, 96
946, 827
15571, 956
50025, 434
76620, 256
1252, 357
37805, 543
50244, 887
78013, 976
26826, 701
27921, 792
34623, 722
32024, 767
28280, 40
71629, 431
219, 190
6799, 411
68124, 629
51760, 168
844, 639
29438, 211
44436, 913
20520, 488
12337, 559
31570, 671
15374, 650
5553, 500
55408, 749
45303, 421
20658, 662
19193, 815
23856, 674
32881, 853
39067, 975
25450, 109
11916, 818
29133, 390
58378, 517
18442, 80
12153, 131
64218, 408
19892, 803
40825, 589
40913, 238
5071, 390
36852, 919
76761, 841
36405, 171
38845, 475
68244, 942
43207, 645
6614, 480
16764, 486
47831, 586
30557, 1
60280, 445
26572, 316
40806, 286
49727, 502
66516, 226
22008, 50
69433, 375
51724, 534
45427, 871
23970, 892
29471, 88
54309, 190
23115, 484
32691, 195
50201, 53
18722, 116
3964, 172
41932, 959
11626, 942
78233, 279
47805, 431
54594, 729
43395, 345
19821, 827
64860, 126
38999, 886
58152, 652
233, 270
77125, 974
51415, 44
64351, 625
42275, 239
34750, 281
22952, 79
3465, 519
51567, 649
62583, 247
32282, 994
68073, 145
47024, 971
7599, 184
73776, 42
29234, 804
64759, 469
34081, 890
16273, 485
30773, 973
2391, 287
48446, 491
4825, 309
52256, 459
809, 647
75658, 462
60678, 15
17778, 814
46292, 306
73994, 435
17711, 569
27117, 104
44656, 931
36872, 905
60176, 982
26354, 457
61893, 577
35339, 59
3093, 109
32707, 87
3237, 650
63834, 932
33676, 394
30995, 782
1239, 678
20728, 873
6786, 125
33117, 701
60479, 186
24270, 410
64059, 107
10740, 855
1654, 976
44619, 385
12072, 810
65077, 754
23973, 57
16503, 883
59260, 779
48795, 654
58191, 469
18203, 558
10324, 178
48336, 848
4780, 100
55994, 712
3744, 428
18089, 346
67930, 670
7661, 323
22710, 487
52958, 935
63762, 60
38188, 526
49060, 432
5460, 402
47178, 956
16873, 542
38104, 831
8509, 832
65002, 373
31576, 283
65229, 4
10093, 915
20822, 579
12528, 380
33199, 271
11738, 107
27056, 259
16632, 899
78279, 848
40970, 565
52117, 196
69613, 185
35331, 236
43606, 170
55523, 427
42017, 226
21013, 341
19152, 396
71628, 390
46618, 641
3224, 959
30989, 5
76841, 554
4832, 935
60274, 848
19601, 494
56494, 324
74180, 291
58076, 310
61362, 924
13564, 970
38375, 934
53819, 886
45278, 144
60562, 709
21994, 555
48936, 639
58153, 70
48718, 379
71661, 843
12838, 878
12822, 291
24381, 910
47704, 827
40018, 730
75069, 299
33466, 143
71524, 403
34853, 713
38012, 550
70410, 92
53299, 602
38545, 464
21733, 922
30666, 918
5550, 447
29715, 684
41570, 587
69810, 47
30094, 711
6628, 648
26926, 970
10834, 30
2796, 907
53894, 290
10428, 173
46876, 462
21231, 12
43811, 323
38600, 603
9974, 129
34528, 233
40180, 559
56448, 945
33702, 983
13362, 480
15973, 103
44174, 937
437, 331
8985, 914
19447, 99
36083, 325
35631, 142
48636, 291
44290, 614
76520, 779
74556, 848
40230, 14
67637, 545
59535, 848
46937, 404
39450, 478
24034, 592
7442, 378
57478, 931
41549, 144
6886, 524
79883, 937
8424, 476
66172, 613
75479, 660
72171, 932
20746, 867
43743, 449
63654, 145
78836, 686
67921, 68
7679, 908
33095, 676
36662, 724
37050, 985
593, 495
45780, 618
27148, 343
6831, 656
23844, 609
9908, 211
39777, 612
30583, 95
57502, 974
16956, 67
16155, 484
53581, 890
39742, 494
62610, 558
43299, 26
67312, 485
6042, 503
2141, 990
71989, 477
27362, 341
72333, 768
42950, 656
72668, 431
67598, 797
11666, 788
34903, 190
54888, 568
68634, 34
26147, 948
79548, 224
10548, 304
33101, 679
13611, 333
14508, 159
57695, 64
44240, 963
32631, 951
54449, 728
48563, 458
53468, 59
24589, 318
16442, 985
27316, 76
4084, 10
20940, 951
74911, 687
2316, 793
29293, 829
74581, 235
46238, 120
59798, 879
2020, 130
48668, 119
74345, 246
61797, 742
70573, 773
28686, 940
55073, 809
24122, 163
61220, 763
31905, 143
73372, 458
8491, 468
19909, 372
25311, 271
37331, 967
69854, 995
23716, 407
69820, 999
49614, 828
77065, 768
32221, 779
20140, 699
11373, 797
44547, 246
61715, 494
17851, 325
65165, 257
54892, 706
63516, 476
39333, 244
61108, 180
7398, 127
76269, 192
73675, 861
5244, 299
69401, 181
40516, 965
62521, 513
36883, 416
37010, 677
66896, 87
54540, 380
54489, 754
11910, 274
16966, 400
32606, 747
76092, 792
71956, 7
63603, 551
12554, 192
66373, 317
78801, 254
55604, 616
2527, 155
20708, 566
64762, 252
21731, 605
14931, 591
43380, 6
37862, 793
72473, 56
42051, 561
55020, 936
26687, 251
27969, 95
79413, 209
52974, 140
36882, 805
26329, 453
18686, 980
51247, 459
22638, 152
41613, 648
49578, 509
46741, 682
67034, 721
51035, 422
48609, 914
72041, 477
74300, 82
18080, 496
39584, 526
5899, 987
74422, 782
71588, 577
27118, 117
76211, 922
17504, 925
19056, 770
9058, 6
62659, 811
29857, 553
47318, 313
17891, 137
69067, 776
58, 854
1841, 154
43779, 670
64283, 707
39294, 606
62794, 171
36333, 730
59048, 747
62289, 680
42399, 775
49345, 936
43944, 215
23405, 278
59909, 267
52800, 255
25753, 635
1818, 240
22374, 771
69713, 485
78460, 768
50532, 479
53052, 517
25120, 672
33930, 789
52549, 139
25377, 750
13314, 120
73453, 534
21221, 899
67250, 371
24070, 580
44612, 331
6034, 170
50763, 431
73137, 710
41922, 188
46827, 789
74339, 429
79299, 544
9423, 587
69848, 980
76835, 542
71999, 83
30099, 52
72840, 94
28742, 354
6664, 972
65767, 972
67168, 609
78232, 706
78441, 845
11831, 50
8075, 153
43676, 938
57480, 559
46523, 658
32291, 406
20239, 995
78583, 237
27492, 649
38716, 744
58486, 205
15420, 355
19512, 588
76664, 485
48260, 735
21728, 409
50297, 911
18518, 293
41388, 121
64687, 123
53322, 120
8416, 820
77768, 303
12521, 139
35636, 29
2353, 319
69537, 212
26466, 858
20671, 490
9507, 155
78193, 588
35794, 401
40016, 362
61225, 80
9681, 190
41136, 176
54248, 51
12904, 544
65677, 435
7380, 687
57692, 883
47490, 942
42081, 902
67420, 116
18767, 567
47301, 918
45548, 356
47110, 284
39916, 131
36834, 734
70273, 54
55885, 32
8108, 784
77501, 72
53261, 629
56034, 841
38641, 441
10434, 41
42262, 17
56877, 893
28605, 699
20255, 683
16426, 715
75969, 711
48332, 692
43117, 11
45132, 474
9007, 782
65935, 321
75018, 741
4878, 281
15834, 821
34638, 100
49730, 84
45611, 461
51109, 641
24078, 58
60186, 959
23961, 70
50058, 193
35851, 569
23143, 465
72150, 619
50919, 15
41195, 578
54678, 712
8558, 572
38395, 153
65178, 985
66790, 825
79809, 798
14978, 182
78323, 730
26324, 573
51940, 601
57271, 882
12693, 222
65757, 901
5516, 900
31730, 817
3199, 588
35719, 965
50150, 225
67683, 277
64618, 832
69794, 706
55137, 937
109, 628
22378, 476
45783, 405
20261, 664
30618, 229
52370, 343
63208, 309
71502, 585
79737, 949
34653, 538
25585, 757
43287, 196
3982, 860
26323, 554
68445, 909
61702, 162
58498, 224
28921, 217
27099, 308
66194, 40
3621, 514
52473, 274
47864, 383
18051, 897
53735, 850
15874, 596
14198, 81
957, 439
46401, 455
65761, 332
23460, 282
3873, 290
46185, 166
70308, 736
7535, 632
69403, 405
56313, 767
57344, 506
72245, 505
658, 101
68682, 358
12019, 528
32949, 863
11705, 51
8220, 501
21473, 973
74515, 800
15195, 163
12273, 435
19754, 890
26016, 416
75144, 41
2843, 762
70937, 365
78898, 621
26536, 807
36807, 370
48398, 62
76317, 739
63073, 844
67149, 38
79132, 996
9175, 288
23878, 336
2292, 470
35897, 584
28454, 381
65682, 310
3210, 209
47381, 304
66698, 289
58577, 641
35743, 163
1499, 445
65017, 727
31299, 430
20693, 643
52090, 731
7636, 414
10883, 640
36360, 887
25938, 245
74479, 325
74718, 362
43709, 274
12614, 471
49202, 663
18475, 553
51478, 257
10627, 63
16120, 214
64215, 845
67019, 207
63105, 409
59060, 880
48933, 267
42650, 939
66796, 62
28212, 440
64026, 878
57162, 979
22381, 384
42463, 370
33640, 110
46659, 204
26640, 12
60817, 416
16010, 110
23366, 608
7632, 516
21826, 408
24936, 608
48063, 775
20702, 873
8323, 241
9620, 507
3121, 248
19882, 706
16787, 821
45453, 441
57829, 780
17302, 710
73110, 834
53235, 591
66068, 692
48250, 622
31344, 945
25771, 126
62163, 99
41206, 251
63917, 495
20425, 352
61268, 786
12550, 857
42596, 872
17291, 476
4341, 710
32995, 992
22084, 42
21601, 616
64284, 5
6371, 945
43160, 377
65350, 667
53180, 691
32079, 870
59359, 740
2812, 463
17040, 380
45749, 379
5539, 84
74364, 891
22038, 864
23471, 674
36251, 556
49498, 511
27727, 983
58268, 291
834, 52
6008, 601
24853, 866
64244, 321
60253, 480
79058, 728
47162, 572
4092, 496
24341, 916
67299, 346
8619, 37
59841, 704
38973, 351
29810, 485
49815, 470
11660, 300
40155, 918
6436, 63
22018, 406
73574, 951
55689, 706
49576, 964
3158, 914
75401, 733
60739, 445
29230, 701
33406, 825
9314, 928
48849, 117
38937, 721
20744, 121
68707, 592
14680, 35
60521, 698
77971, 76
36218, 475
22632, 761
16745, 745
22173, 359
26551, 9
40114, 832
11471, 712
66868, 195
48755, 772
16791, 397
73499, 205
51830, 922
64502, 63
10323, 41
75558, 626
13391, 820
59527, 810
1073, 393
28419, 492
39427, 588
34662, 202
69685, 306
26472, 255
73163, 633
62313, 7
2398, 627
34888, 348
59459, 378
56865, 42
20176, 874
74267, 600
878, 956
7313, 954
59337, 214
64727, 361
63650, 397
43717, 769
42615, 892
46085, 882
36892, 381
76882, 379
67776, 74
64431, 545
31382, 776
61397, 850
72506, 229
34400, 830
76145, 223
14929, 25
63304, 365
3142, 275
51814, 961
43899, 362
4005, 72
26844, 113
36907, 915
40084, 217
26605, 28
9820, 533
63036, 842
59833, 152
31931, 551
20537, 810
44428, 388
76308, 353
47562, 826
67594, 546
69438, 490
21922, 607
1465, 839
67368, 73
23215, 387
54988, 9
59333, 852
42447, 486
17120, 734
3917, 265
8979, 964
57886, 735
70198, 559
13114, 153
3699, 289
55682, 761
25215, 552
73459, 510
76675, 90
25145, 626
26078, 423
64949, 484
72131, 109
69679, 632
67635, 563
21151, 831
78788, 520
50987, 474
45623, 380
2824, 773
67474, 946
6855, 18
19016, 198
17632, 759
29187, 888
9929, 622
5506, 455
44617, 710
20336, 566
26697, 24
74998, 787
26088, 319
10462, 138
10890, 45
72388, 694
39932, 368
51059, 407
47643, 142
37841, 964
6905, 346
4984, 914
58058, 579
58046, 831
43061, 976
46487, 699
47957, 751
68720, 206
38451, 183
32825, 647
49483, 855
2519, 860
55665, 408
46080, 971
29149, 712
23201, 843
7685, 656
53420, 932
59520, 976
7392, 422
59195, 827
77550, 99
57428, 641
46998, 418
49999, 684
39512, 387
0, 845
10484, 619
6851, 353
43821, 801
22958, 154
28135, 26
31356, 767
26523, 302
1680, 346
13567, 199
4751, 951
23756, 260
61436, 742
11597, 869
38413, 983
28559, 534
52627, 62
47717, 146
32407, 957
15074, 400
71851, 574
76814, 560
5935, 129
46783, 126
40210, 903
47650, 576
14747, 739
72993, 969
21739, 295
31388, 663
68222, 232
64613, 282
41956, 539
66114, 716
53934, 883
48675, 123
16799, 693
675, 126
42124, 335
21622, 18
4397, 889
13040, 984
24399, 438
62345, 831
41463, 940
32095, 466
48581, 933
60948, 520
29981, 590
11263, 950
78840, 740
37644, 576
79419, 299
54722, 980
28609, 738
25175, 43
62304, 878
15510, 802
25230, 183
3053, 467
60193, 224
7235, 316
71288, 763
78065, 134
77858, 440
67021, 285
70482, 498
32285, 401
19185, 456
45082, 402
16306, 809
44774, 970
10222, 602
64182, 821
63337, 90
47916, 760
73067, 956
54267, 200
52336, 932
24417, 886
12311, 309
34159, 898
49165, 317
42258, 411
57014, 799
39847, 490
35993, 438
65896, 726
53773, 898
71295, 433
10674, 138
15446, 526
913, 355
25199, 194
25822, 9
52923, 193
16771, 713
21983, 755
78050, 838
51556, 436
64070, 628
71324, 286
30964, 347
14376, 597
44448, 205
78106, 682
47345, 267
78421, 763
79260, 89
15741, 504
53606, 281
76769, 589
3393, 409
52280, 747
447, 342
34083, 924
57067, 263
41499, 299
63996, 858
70115, 950
32935, 666
59202, 664
71949, 938
3251, 382
2953, 891
39399, 138
57489, 370
60939, 919
27064, 636
74784, 473
19051, 307
23447, 197
66527, 609
1098, 965
6109, 572
35688, 486
13193, 267
65491, 515
68192, 220
75788, 130
46463, 917
67898, 891
55816, 741
25069, 590
64714, 523
66558, 171
8039, 767
30565, 441
32379, 568
48904, 103
37152, 347
8612, 172
78901, 676
20315, 610
53822, 685
33663, 115
79332, 45
14912, 275
20273, 174
79675, 505
12102, 867
60819, 443
48146, 138
31616, 901
9071, 811
477, 648
39831, 504
28581, 963
71448, 530
38963, 337
24706, 965
29361, 994
68757, 762
2239, 572
71358, 741
39618, 317
20012, 71
78863, 974
11296, 843
51532, 395
77424, 397
14053, 363
49443, 127
30831, 319
65056, 595
42740, 511
48776, 313
50512, 906
14963, 722
9478, 492
70846, 949
24658, 90
24943, 916
37811, 263
11183, 866
65727, 929
375, 130
35518, 571
32506, 891
46304, 84
45484, 56
41180, 879
7483, 554
61408, 790
42005, 902
627, 108
49245, 107
17549, 615
76015, 914
53817, 610
23807, 383
73486, 793
47614, 387
65934, 351
42884, 413
8414, 791
33357, 410
7807, 529
33774, 52
76709, 511
62678, 365
28750, 697
753, 884
8514, 281
38146, 669
22191, 248
41623, 320
59808, 441
12476, 208
51005, 520
74510, 352
36855, 591
76981, 288
41524, 465
13294, 397
78464, 593
41163, 419
39402, 552
2727, 662
8802, 328
11073, 967
32911, 191
23572, 237
51028, 6
14305, 657
32535, 836
9592, 288
24263, 455
62727, 20
11685, 479
66762, 432
8012, 997
2545, 639
3241, 823
69914, 367
13415, 365
66519, 130
35537, 572
1774, 630
77020, 231
23074, 170
67433, 509
40757, 232
52366, 425
51494, 785
30878, 138
2508, 408
3948, 521
69880, 820
79185, 450
7406, 94
13172, 506
71728, 320
9391, 220
30354, 79
72899, 457
64682, 866
49707, 874
12568, 299
57462, 597
36054, 907
71646, 39
19770, 281
42497, 61
28415, 951
41259, 354
18353, 189
65978, 627
37270, 418
51034, 65
6170, 755
2832, 611
776, 418
54196, 106
21572, 277
19620, 531
76048, 746
25291, 5
63993, 330
1187, 61
4384, 889
79321, 165
21357, 822
1362, 879
46362, 120
32219, 121
39254, 622
58428, 669
79121, 629
59375, 13
62600, 186
24816, 764
41918, 461
65671, 808
68996, 254
39280, 715
33929, 192
34494, 739
1429, 334
32851, 562
1053, 765
24717, 213
61110, 951
23695, 316
7702, 41
58698, 166
5627, 165
35583, 268
24728, 695
78771, 890
65687, 468
41857, 744
15062, 154
23829, 821
41332, 398
33151, 439
38452, 422
64612, 175
50485, 668
42402, 738
66428, 40
4966, 889
15167, 563
40661, 181
16740, 131
58208, 300
54553, 780
75739, 540
508, 5
60366, 773
74659, 983
71439, 604
33474, 517
67545, 628
25550, 244
10727, 335
13280, 672
34771, 509
66961, 768
52654, 730
44331, 62
46090, 738
22139, 161
78517, 470
17818, 896
24107, 561
49447, 571
11023, 593
54183, 394
73209, 854
74145, 523
9808, 132
51933, 474
74898, 827
54244, 298
24372, 282
58931, 273
12491, 160
29254, 638
5002, 489
28999, 39
62606, 214
27300, 453
15628, 927
66234, 404
12839, 105
11127, 18
12435, 554
35113, 893
34204, 300
79487, 892
4932, 481
40923, 868
51751, 625
61388, 579
56838, 713
2361, 343
76763, 553
66634, 553
43145, 220
27245, 57
15709, 748
53970, 590
75357, 362
55658, 784
1464, 507
14598, 130
43102, 765
39806, 95
9458, 424
75493, 854
15125, 824
77779, 164
60024, 376
1004, 788
61691, 113
79760, 531
36745, 302
8377, 426
33823, 904
45276, 301
49209, 669
7584, 4
13164, 29
22123, 505
50927, 810
26501, 392
64437, 52
20092, 3
9918, 723
67448, 688
23928, 199
66789, 812
19567, 846
71558, 38
79796, 44
2334, 780
10012, 571
74823, 263
38697, 210
6880, 712
17997, 514
15743, 807
27354, 910
52621, 262
24994, 328
66955, 696
45588, 14
24862, 326
20206, 797
10977, 448
37623, 685
50237, 506
72247, 297
35164, 510
14415, 354
55653, 16
13968, 676
72778, 160
70782, 376
50633, 133
28356, 816
20545, 520
6618, 557
73492, 171
67125, 315
33405, 129
21004, 898
48903, 74
17250, 212
53952, 296
14883, 201
37187, 30
70452, 569
36531, 647
28180, 157
68011, 429
54164, 692
45640, 289
49267, 422
55270, 861
27637, 821
20871, 836
56825, 505
59355, 804
59600, 892
3163, 740
63428, 377
40254, 499
66241, 529
53400, 419
69049, 410
77013, 939
78380, 801
37915, 787
26433, 321
50427, 30
72907, 187
25947, 161
28346, 950
8493, 237
20661, 646
35069, 294
29775, 56
6752, 397
22563, 531
57236, 618
3735, 140
71131, 514
70107, 318
29731, 137
54575, 70
25222, 588
74680, 734
40033, 431
25486, 814
12176, 296
26942, 180
16305, 693
64122, 754
1618, 223
2929, 799
5465, 795
54259, 988
49772, 169
71966, 941
3451, 364
64318, 727
3403, 603
9737, 149
74256, 994
22, 806
43026, 581
55764, 114
27814, 986
57313, 243
68565, 213
41284, 54
68582, 466
49811, 684
58074, 638
46557, 612
62263, 746
79080, 165
14604, 808
74538, 549
41415, 111
45930, 428
18106, 777
60980, 914
18537, 94
4978, 84
45726, 310
39047, 306
43714, 478
61454, 513
39100, 528
4684, 516
72585, 116
15104, 215
2014, 278
626, 72
25192, 521
46544, 702
19190, 167
35924, 879
29640, 766
55429, 492
26958, 318
68035, 186
30398, 297
73465, 508
13392, 614
61195, 1000
21824, 15
23413, 649
31898, 203
24713, 201
69853, 53
44624, 947
69121, 46
53694, 602
8095, 805
79163, 440
46210, 730
8221, 59
33070, 429
79639, 967
29968, 728
46755, 97
27369, 781
36075, 435
26752, 296
67681, 423
72970, 465
72011, 920
25996, 543
66465, 961
44814, 492
58008, 478
38805, 609
79214, 363
58166, 984
54057, 647
29504, 793
19413, 930
44923, 313
16818, 405
77171, 304
70379, 751
27887, 525
26127, 598
61899, 922
29834, 41
67158, 617
9626, 99
3049, 98
42706, 924
10498, 967
52222, 697
63301, 968
14225, 750
77213, 555
47541, 506
66841, 478
31919, 855
48846, 111
16808, 845
51177, 998
45657, 668
60927, 156
57720, 83
38508, 361
6930, 146
77321, 700
31066, 705
78465, 481
22071, 611
36366, 934
699, 996
17682, 21
45792, 647
74831, 299
50441, 925
74411, 435
48506, 53
69412, 782
56582, 545
31667, 617
5490, 951
72802, 647
68484, 362
17727, 454
74179, 354
72799, 304
30276, 225
70911, 560
57853, 144
75403, 250
78566, 702
52100, 837
6113, 332
59116, 477
22546, 394
9815, 495
64421, 19
75161, 712
72615, 659
24060, 260
41721, 538
59246, 44
79284, 512
34374, 383
17269, 260
67349, 243
59645, 835
78802, 367
9150, 481
25714, 691
27292, 1000
10335, 395
54080, 54
79396, 386
40045, 195
33394, 615
45042, 755
23713, 352
21097, 922
7560, 124
48773, 992
70077, 30
67520, 25
30563, 315
18362, 310
56223, 840
76151, 972
23819, 781
57705, 384
15319, 52
24560, 56
34554, 933
25501, 495
35378, 334
16781, 195
65915, 528
2581, 618
32794, 992
35087, 16
38416, 980
58035, 189
47754, 193
14413, 360
71513, 599
12109, 68
17474, 132
39301, 798
4323, 624
56370, 144
52812, 160
8479, 804
39611, 869
32442, 220
73162, 633
51921, 719
35354, 968
29323, 242
1858, 765
23249, 846
72703, 839
72709, 505
14524, 587
30078, 494
896, 779
18588, 494
55181, 96
32253, 284
42558, 714
31623, 607
17032, 272
75083, 530
32620, 548
13933, 68
42374, 71
54711, 996
74426, 832
50508, 215
44103, 133
74591, 611
77731, 667
56786, 413
32364, 387
24764, 84
47501, 607
49860, 309
63205, 804
79718, 996
28087, 544
67029, 1000
45722, 28
43711, 724
25671, 933
46681, 300
66898, 211
50540, 728
43378, 359
14605, 363
28188, 86
18012, 699
42395, 574
76390, 33
34691, 584
72017, 801
58215, 94
4382, 29
49587, 772
30623, 484
54504, 19
53154, 640
35111, 200
71061, 854
33242, 883
1160, 535
48237, 885
34564, 448
33878, 532
39894, 393
19988, 55
66404, 435
18488, 810
49340, 271
53580, 15
68585, 52
40015, 178
50588, 875
43060, 652
43710, 30
74127, 716
18376, 425
79614, 727
50211, 356
35634, 595
10875, 626
41349, 516
77242, 771
31271, 859
64099, 744
53912, 408
69093, 137
26595, 467
50330, 346
13536, 709
17011, 646
66660, 951
30293, 976
79895, 908
63735, 254
74658, 687
20623, 528
57988, 262
33203, 665
42605, 273
23989, 769
76733, 98
43854, 482
61620, 806
58016, 664
61603, 667
54817, 308
68666, 108
1885, 557
52674, 899
79027, 119
29826, 641
59786, 973
53567, 428
21955, 280
11399, 828
35769, 698
18007, 821
48231, 210
74392, 329
50827, 525
46350, 66
56017, 417
38348, 240
60803, 961
78012, 172
15182, 599
71826, 759
36942, 100
33001, 330
64355, 681
50233, 399
44990, 431
64317, 788
60786, 871
5865, 689
7866, 817
49343, 314
66452, 777
38144, 809
48727, 124
6666, 621
1907, 526
26963, 429
31101, 316
25029, 508
57084, 214
54547, 0
38835, 344
47037, 985
65444, 900
39073, 935
64118, 226
61394, 245
71572, 168
3709, 927
74071, 797
7011, 59
27449, 788
26406, 755
28390, 475
27660, 933
52784, 50
66331, 928
30625, 280
50626, 790
63751, 548
54012, 552
74541, 80
1860, 745
46941, 491
49111, 570
72949, 51
74386, 374
76323, 379
59043, 582
64777, 85
39674, 243
69002, 562
6496, 328
51073, 215
12584, 807
64230, 138
4404, 403
63153, 687
53762, 782
32051, 8
8787, 608
72173, 489
27961, 352
58474, 330
13080, 122
32398, 350
12073, 369
38773, 920
1476, 81
65430, 569
51857, 478
18832, 786
71438, 969
68178, 650
999, 615
58789, 345
76096, 159
21915, 751
19579, 303
36524, 427
54640, 45
60851, 306
74014, 153
37338, 151
12783, 305
64976, 74
60512, 655
18958, 331
78242, 763
39381, 268
13979, 509
29991, 882
24708, 689
65055, 390
1045, 560
5703, 943
79543, 835
8209, 608
954, 177
76579, 535
60141, 831
1761, 833
27823, 950
24315, 592
18723, 894
63310, 583
60953, 672
57555, 72
48787, 826
64328, 189
67355, 220
30600, 357
53483, 144
4714, 453
19294, 588
73249, 385
17149, 643
78694, 236
46847, 564
21330, 825
32627, 423
51174, 987
71658, 560
16812, 310
29146, 997
37343, 554
33077, 857
43853, 816
60417, 568
33514, 785
61699, 986
40384, 983
74910, 627
69604, 901
63706, 175
71765, 917
3853, 661
56083, 326
71232, 228
11059, 981
30471, 35
52814, 829
8345, 664
40207, 594
63984, 318
19675, 331
28748, 457
25995, 770
52773, 535
48249, 508
68437, 969
63585, 908
14456, 113
71322, 514
78374, 632
32642, 653
52969, 431
16281, 376
51203, 819
75516, 344
15655, 54
62348, 279
57934, 725
38031, 396
69948, 671
8213, 620
78574, 319
8676, 917
17100, 719
3943, 778
60179, 834
60691, 746
76847, 532
6940, 681
10107, 306
12955, 504
64194, 916
47952, 727
52819, 444
78334, 121
69926, 187
69255, 251
45256, 30
33112, 605
58070, 737
8678, 650
10321, 718
29022, 844
54500, 315
51645, 222
36702, 483
48788, 866
20610, 935
25109, 676
36306, 357
71272, 805
65037, 910
51769, 68
27152, 10
27782, 221
27071, 366
26765, 431
27366, 930
64405, 90
73795, 275
67129, 519
46675, 755
6306, 926
35854, 340
57663, 757
553, 323
19093, 626
57871, 22
1083, 584
54576, 310
77603, 679
43802, 781
16386, 112
32475, 379
44201, 185
17375, 248
43791, 5
58704, 819
10762, 454
16039, 171
45921, 684
68956, 204
50928, 283
36791, 773
29521, 407
39165, 9
37103, 664
64724, 15
29637, 699
71072, 191
28152, 102
71787, 240
12001, 870
53559, 75
44206, 904
25492, 642
21554, 987
79821, 902
55492, 511
40105, 477
65807, 914
37231, 303
73473, 36
64033, 586
71346, 275
39907, 205
21130, 289
22816, 312
78083, 664
32789, 194
54757, 656
56133, 902
61238, 932
23, 561
28584, 746
36990, 702
8929, 289
45124, 807
21627, 552
30774, 727
77658, 385
37080, 392
5337, 919
41367, 881
68743, 82
60520, 735
44327, 955
14395, 985
4197, 579
62667, 551
56032, 377
33562, 469
3138, 404
56172, 699
32844, 854
4734, 133
53307, 371
2479, 619
42134, 344
31789, 600
9906, 159
45290, 441
40428, 692
15346, 844
57238, 175
66360, 345
72461, 210
48125, 90
12405, 125
45711, 26
7159, 400
31347, 671
68503, 951
28093, 336
39979, 305
64058, 400
71095, 995
33087, 131
5518, 537
516, 176
28577, 147
31767, 677
23094, 660
74944, 929
16140, 244
7878, 586
40822, 984
51824, 787
47439, 87
28549, 338
41441, 906
2732, 160
29739, 211
56009, 789
70528, 257
69839, 572
22268, 825
51086, 509
53469, 4
71923, 611
6462, 410
11010, 225
16541, 662
64643, 342
1701, 510
14811, 657
11873, 77
14250, 218
50390, 207
18337, 124
5503, 582
44306, 81
54913, 901
23934, 514
32270, 844
44569, 3
76429, 910
54468, 253
10886, 748
36949, 229
73651, 703
54590, 382
3733, 837
71909, 50
61641, 826
50214, 932
28658, 253
54790, 566
17201, 682
47825, 304
35379, 560
40564, 417
76564, 335
76410, 951
72846, 531
46931, 407
9233, 568
70847, 757
23398, 680
1140, 34
65903, 870
54534, 446
45727, 224
44869, 1
73550, 761
37907, 593
24692, 42
56567, 853
9984, 633
62628, 183
55399, 208
2073, 52
77102, 683
11105, 65
9915, 107
25848, 342
56142, 297
57775, 964
12255, 583
19355, 626
15893, 733
66165, 14
68778, 147
77672, 410
76033, 176
37641, 90
20625, 140
40739, 120
43208, 757
24722, 132
63846, 341
36533, 26
75919, 155
25630, 81
44924, 73
79514, 31
70826, 984
39424, 748
7057, 684
36047, 591
44636, 671
24059, 523
22425, 837
72179, 701
24046, 621
46988, 270
51610, 261
39305, 588
47661, 151
52966, 172
37878, 294
14251, 728
19968, 824
2885, 283
63167, 612
65414, 709
1636, 701
54354, 524
73602, 94
57020, 112
53678, 157
61219, 313
56572, 921
72904, 593
50983, 733
65737, 624
50685, 681
64923, 969
60908, 272
13306, 105
77389, 31
37756, 135
25757, 569
55264, 89
17344, 841
32972, 995
7429, 290
28207, 705
67871, 946
66332, 296
47815, 462
72234, 516
12777, 705
19311, 903
30731, 457
6087, 255
62342, 639
9228, 708
46919, 966
28208, 797
62823, 472
40154, 131
931, 711
189, 125
31831, 323
27477, 408
21072, 86
13125, 393
4850, 596
60408, 136
59491, 929
48704, 891
25755, 454
3312, 94
79398, 895
22461, 628
6782, 903
68740, 342
35077, 66
22715, 581
25750, 854
5294, 513
76870, 593
24504, 411
34270, 806
77031, 90
46875, 792
54597, 172
32883, 14
38292, 287
11630, 520
70554, 121
77478, 26
56850, 39
75783, 750
8026, 227
46560, 87
52959, 629
42214, 929
40559, 373
27445, 520
56143, 562
6829, 967
16267, 830
31023, 630
10134, 822
46242, 974
78404, 346
6713, 909
76903, 60
18779, 769
47081, 204
63813, 309
19678, 771
67535, 667
62680, 409
72052, 63
27790, 346
69259, 376
51508, 43
29898, 574
61384, 541
50192, 730
10404, 640
6292, 513
13488, 814
5811, 793
32361, 43
49734, 532
65960, 630
71936, 526
20381, 480
8290, 417
44375, 327
23760, 734
68350, 479
1361, 76
37937, 951
65783, 417
57107, 852
20686, 423
64883, 316
51663, 819
30838, 179
21580, 950
53329, 815
12668, 828
31972, 526
42400, 148
24552, 309
36838, 678
15798, 704
9442, 782
5277, 843
34838, 455
60431, 957
34707, 99
78693, 811
1847, 218
51309, 93
69771, 874
58803, 797
38661, 166
27154, 297
52777, 929
7457, 897
7954, 26
30189, 957
75640, 680
16463, 328
72340, 865
58363, 684
70817, 276
44488, 861
69827, 82
49103, 145
11278, 247
43741, 673
6173, 715
60725, 442
62173, 202
71445, 530
48472, 27
13896, 291
79987, 151
3009, 518
24283, 846
15754, 75
10051, 484
36163, 972
75124, 324
45717, 663
67546, 109
32980, 529
15225, 898
11052, 867
44752, 435
55903, 110
13825, 766
52750, 415
15247, 371
69572, 287
2412, 444
45795, 578
26637, 976
6938, 622
3562, 554
11642, 568
14788, 518
24076, 322
34605, 313
18397, 31
75423, 312
51360, 879
73342, 940
12249, 505
8882, 296
47843, 433
6750, 805
53890, 668
53783, 248
75825, 149
13834, 65
25572, 400
16972, 340
8841, 178
31827, 789
34074, 368
43516, 256
13374, 191
4178, 530
32792, 836
75934, 185
47277, 436
39392, 102
22691, 672
65658, 235
54395, 109
69191, 354
66237, 212
13483, 914
18285, 752
15989, 306
77926, 309
35095, 563
69799, 399
58755, 53
28362, 76
20451, 938
58614, 145
40612, 529
52301, 866
32420, 239
4625, 43
58133, 521
67936, 923
20649, 35
39237, 108
39241, 198
54584, 442
54432, 184
8121, 946
63022, 21
39826, 970
10477, 732
70950, 336
64940, 282
45951, 562
35524, 241
6194, 686
44007, 523
70689, 142
40425, 160
30771, 966
26811, 932
41583, 277
61383, 188
26454, 456
67832, 665
48703, 569
40752, 103
4994, 750
4675, 498
12076, 468
46627, 511
3122, 205
1768, 427
27437, 740
19537, 445
55963, 165
18544, 772
60718, 661
77403, 218
30970, 562
52763, 129
6313, 659
44122, 990
28867, 561
8609, 974
31329, 513
17664, 387
7321, 622
45476, 284
1541, 987
4655, 91
9418, 181
42875, 978
60973, 76
6269, 688
18878, 793
50398, 461
47059, 577
61168, 662
58317, 562
57976, 422
41750, 203
15578, 531
21008, 833
4636, 174
78156, 863
74979, 188
59762, 471
13329, 117
44953, 261
44688, 564
9708, 605
689, 602
32137, 45
16850, 980
71641, 165
31940, 400
70029, 718
49943, 800
48437, 773
67087, 931
68449, 405
43500, 111
15086, 367
8297, 463
11084, 41
47229, 503
2268, 535
13101, 48
74971, 260
53449, 320
74532, 644
27854, 565
36045, 733
15383, 294
33080, 971
50636, 808
17887, 602
68408, 986
41996, 103
74221, 192
60745, 413
61095, 899
29345, 493
16625, 374
40052, 41
58861, 94
34871, 483
8590, 601
66361, 305
58425, 21
24606, 641
73810, 732
53476, 153
75135, 200
19393, 972
75649, 429
59686, 174
22153, 282
22380, 655
78078, 423
31352, 340
38235, 890
52489, 274
32596, 477
15887, 646
61075, 947
26524, 779
41420, 499
68709, 627
70294, 606
76099, 619
29199, 180
2860, 480
60684, 106
50642, 20
11150, 505
6999, 650
40973, 36
46311, 270
67803, 373
59478, 800
41679, 596
20325, 310
20327, 291
79302, 754
57537, 442
24686, 193
68129, 998
55886, 938
38613, 145
51826, 507
40436, 709
60094, 838
8888, 491
18778, 11
9127, 201
23347, 202
39088, 635
56157, 63
46825, 342
27577, 845
68446, 654
29533, 382
50423, 290
59108, 228
58696, 278
78249, 834
36930, 977
54353, 173
1007, 609
1404, 354
33531, 536
4561, 721
35418, 270
79627, 247
15827, 926
14539, 293
75061, 760
54002, 504
17492, 991
56849, 932
41235, 155
57342, 559
43942, 948
45525, 808
77149, 84
58401, 893
32355, 70
63605, 591
5843, 710
19809, 951
15548, 817
59632, 256
31231, 371
75476, 919
79101, 16
79942, 620
43824, 713
74638, 225
9399, 362
31050, 214
35023, 193
74369, 250
46881, 403
27758, 457
35902, 473
17587, 297
46055, 282
5711, 687
47707, 651
69964, 66
58260, 785
3172, 215
29485, 844
2346, 396
37882, 574
65618, 134
2793, 734
79690, 705
2967, 438
51768, 459
64574, 733
15371, 475
77205, 799
34202, 427
73634, 40
79310, 822
67928, 143
9693, 549
72753, 177
32827, 69
69306, 955
51766, 407
15198, 272
8848, 485
61515, 371
59234, 859
59629, 630
5461, 154
78091, 459
16816, 355
18626, 452
49195, 319
49934, 569
75227, 515
44449, 216
12842, 715
37239, 677
37548, 263
57883, 77
49363, 452
55326, 683
36379, 860
12707, 940
46738, 521
18732, 814
51271, 690
74896, 523
47990, 108
44605, 682
15562, 103
27843, 650
62331, 889
31814, 906
43766, 480
49402, 639
24715, 335
4987, 64
27302, 707
16649, 848
73526, 896
68494, 946
77444, 74
76325, 75
3502, 183
17723, 973
10096, 754
19808, 221
65942, 329
42940, 1000
45838, 941
24925, 593
60813, 150
2596, 204
35215, 774
848, 96
43434, 90
9902, 784
17316, 471
34002, 310
7455, 339
17784, 728
33016, 244
79600, 311
11122, 316
71922, 757
21379, 196
71784, 454
49358, 291
9152, 659
49429, 185
49314, 231
49362, 709
51483, 827
15962, 657
79801, 534
58402, 61
62105, 230
69400, 254
74410, 540
40640, 697
71798, 412
58361, 680
27853, 333
70793, 562
19448, 162
15160, 115
60299, 120
57383, 561
79653, 811
21255, 702
49658, 675
31915, 291
36743, 336
24841, 188
75035, 818
50725, 574
56457, 236
37555, 881
22778, 662
7808, 859
46508, 826
20131, 673
22666, 829
79288, 900
14343, 165
36737, 210
21157, 683
55740, 106
14691, 547
65362, 801
35438, 535
14311, 331
17231, 441
15990, 88
46804, 187
65238, 669
39172, 533
66418, 728
12698, 662
78839, 899
47749, 330
25805, 937
18038, 523
22424, 754
38605, 119
60754, 287
78036, 28
64050, 526
1275, 197
30206, 893
66437, 366
53134, 23
11343, 522
50420, 742
76885, 365
2802, 888
39151, 623
42150, 145
23599, 687
208, 744
54947, 940
8809, 845
60993, 302
62305, 184
73381, 267
42913, 72
30072, 416
13292, 730
7242, 255
55082, 651
25683, 579
3662, 242
69571, 493
21307, 969
51799, 335
28767, 469
46972, 240
54676, 560
7012, 13
40476, 419
79794, 618
19031, 155
1034, 452
10719, 787
16931, 730
53201, 900
36937, 831
1323, 207
63325, 515
24934, 699
48388, 812
38531, 826
29585, 391
63709, 502
60030, 144
51986, 793
25508, 726
46729, 573
49395, 60
75887, 218
27153, 352
63162, 327
23026, 466
20152, 786
45379, 310
24160, 682
30097, 902
20770, 720
47627, 825
68858, 752
15903, 46
45635, 346
9260, 927
79182, 686
32816, 909
57944, 628
47599, 717
17173, 523
75398, 896
51968, 507
26690, 811
37041, 139
35831, 431
21012, 9
65429, 968
66953, 85
33750, 574
38251, 280
61919, 780
79802, 887
10311, 793
60989, 92
70280, 73
62522, 392
1849, 330
54878, 370
42460, 447
75192, 263
54997, 116
53240, 8
6228, 553
18658, 743
12889, 873
77291, 253
69545, 414
47816, 739
20794, 299
40145, 247
45025, 511
51316, 510
7292, 700
25405, 81
18381, 139
72755, 568
60840, 960
57858, 905
26646, 492
60423, 575
72226, 307
46389, 944
44218, 576
69764, 286
32252, 330
19188, 589
14618, 223
58949, 417
51695, 179
28835, 477
18679, 226
34830, 195
36642, 978
63643, 319
45488, 392
47299, 610
30742, 447
62176, 730
59970, 25
46893, 929
24340, 291
22260, 621
15335, 162
6440, 98
2013, 853
27198, 811
6672, 251
4952, 588
66344, 184
78594, 135
74498, 545
45888, 408
43678, 533
61186, 930
49709, 857
3235, 932
42034, 291
74436, 158
24496, 97
47983, 899
70655, 964
52357, 912
46788, 360
10738, 525
68259, 793
76924, 383
94, 66
18489, 626
29172, 929
25618, 215
79344, 360
43965, 637
13512, 127
582, 943
66738, 743
20295, 521
22655, 379
53008, 952
11753, 820
9297, 688
30295, 199
79190, 805
48672, 732
36619, 429
46948, 382
67792, 971
66176, 815
66489, 959
49344, 542
35092, 737
16589, 546
33703, 4
6560, 840
33126, 858
25425, 214
48444, 69
9743, 709
54680, 944
74551, 324
54184, 731
32388, 949
48535, 794
45673, 410
36314, 74
77151, 887
9898, 418
41246, 349
40104, 406
10397, 98
14286, 878
51321, 171
10599, 70
59138, 733
69706, 766
39138, 944
22231, 407
20544, 722
30699, 442
9930, 505
37943, 389
23085, 111
62108, 536
72372, 175
10842, 95
26474, 701
54001, 142
39176, 815
55736, 266
28485, 978
42369, 225
66070, 938
4593, 529
26813, 80
33866, 869
11188, 822
70610, 486
73046, 490
16082, 735
14937, 364
71455, 583
54491, 448
49259, 79
54071, 496
19475, 823
50154, 28
47041, 618
39063, 361
32758, 47
10098, 361
18805, 102
34784, 166
3102, 218
34580, 76
55510, 986
66869, 617
46105, 935
32934, 118
78176, 181
27515, 43
77575, 795
34572, 422
29250, 673
36139, 701
75811, 558
44020, 634
25728, 19
68895, 630
77758, 210
9348, 433
28236, 64
8880, 931
32356, 544
69115, 397
75983, 158
41504, 166
36774, 273
50515, 228
6907, 178
24881, 128
63101, 984
51493, 581
10156, 291
48553, 633
11409, 803
45129, 350
79808, 262
13437, 789
61759, 747
40012, 397
27299, 766
74856, 235
6326, 424
62319, 444
77822, 271
5589, 430
18882, 78
26564, 596
23326, 881
16943, 795
46721, 88
22657, 312
54562, 590
44018, 212
65149, 714
71683, 589
70193, 363
43091, 683
24633, 106
73000, 519
19396, 540
67163, 735
69260, 311
50963, 133
806, 731
1246, 455
17537, 795
65173, 951
27931, 24
46217, 631
26348, 686
44519, 52
9206, 805
43048, 319
64668, 962
67909, 545
22955, 429
72928, 496
24152, 960
8473, 220
13618, 260
65370, 132
21662, 55
77909, 302
25272, 712
53846, 663
1421, 449
61104, 407
16507, 263
15908, 464
18887, 777
11323, 456
35852, 15
5029, 164
46029, 731
65846, 183
14979, 521
54454, 513
52077, 618
20145, 470
59421, 946
31082, 314
35254, 573
69349, 803
68760, 586
50578, 941
67772, 39
58314, 805
3868, 626
66424, 231
71511, 60
63971, 906
75262, 552
52783, 647
9862, 346
67147, 148
32459, 107
8537, 493
35501, 300
46749, 644
40828, 598
29096, 56
26750, 302
53313, 905
31749, 664
43730, 631
2132, 466
8466, 427
66601, 880
23177, 138
65522, 50
62024, 812
3151, 177
12650, 354
24170, 897
79740, 577
61271, 983
28842, 74
38183, 61
61945, 138
14507, 765
70996, 788
75257, 643
1815, 790
50857, 263
36042, 201
52152, 963
8791, 704
35995, 406
54631, 936
2986, 220
55246, 361
69297, 168
34179, 926
33344, 265
30260, 834
49438, 291
13723, 959
79576, 81
16622, 706
25566, 871
56213, 788
46964, 644
79850, 774
77676, 357
20880, 232
16723, 339
44086, 507
72373, 40
78555, 147
60128, 257
73808, 304
41207, 24
60640, 74
61374, 898
15429, 747
43222, 18
30562, 110
11612, 0
39670, 658
3879, 252
33978, 512
62276, 359
56493, 560
63084, 415
9441, 662
6616, 545
30123, 787
76275, 451
45026, 670
25646, 394
42210, 865
67262, 941
19596, 572
25436, 511
72271, 938
31935, 868
46434, 981
16728, 780
14446, 200
63154, 600
69264, 180
55152, 421
26014, 897
21084, 598
33035, 552
37386, 948
4035, 325
34460, 350
30468, 283
57275, 855
70880, 275
12814, 298
68866, 769
10863, 796
70525, 183
52942, 427
65684, 513
65664, 320
53084, 147
62054, 915
30480, 842
76264, 97
30176, 691
54804, 650
19158, 994
71590, 62
61976, 988
51128, 106
55232, 391
15506, 235
39942, 733
13650, 936
7328, 911
72694, 382
36903, 85
19639, 100
41937, 911
29464, 112
72342, 549
17099, 376
40240, 551
13228, 484
55685, 659
7907, 152
60338, 5
35921, 541
27171, 649
21770, 875
45767, 380
12764, 334
14333, 871
76603, 464
6530, 838
44989, 343
38297, 706
66121, 409
75445, 947
47445, 8
69006, 448
21289, 685
36920, 808
54302, 446
69409, 123
77042, 646
36844, 406
5135, 796
76578, 144
36860, 483
66080, 395
56418, 111
18783, 910
17430, 800
24105, 663
48243, 350
20659, 754
31773, 434
73920, 551
51569, 272
3852, 843
12520, 546
1209, 86
46197, 892
25844, 283
18810, 896
10802, 514
61083, 212
71386, 844
64424, 538
48646, 509
75241, 152
41755, 945
15543, 965
28143, 537
1317, 555
33413, 863
46581, 708
8692, 919
42789, 87
78221, 657
33958, 590
79180, 739
15061, 861
21909, 580
12690, 497
7420, 231
47163, 804
35653, 76
63520, 509
72401, 281
69112, 599
12538, 859
46135, 607
6569, 785
49078, 68
64236, 21
20266, 693
78893, 751
9158, 456
36216, 307
9022, 941
70647, 354
35559, 67
33797, 887
59073, 53
1661, 234
41129, 636
49916, 383
62408, 477
78426, 356
37090, 776
3460, 310
66604, 339
35665, 763
68954, 208
67136, 996
62967, 933
17220, 788
34256, 168
54163, 248
16929, 227
60537, 303
39973, 589
76138, 998
66861, 341
69519, 609
73083, 30
39351, 558
20499, 881
14239, 511
68417, 754
64544, 709
51632, 638
55236, 607
10116, 624
23265, 843
24071, 807
51619, 782
14924, 960
47906, 589
75203, 162
63528, 19
8088, 149
43269, 631
27426, 598
8709, 247
23446, 932
17262, 5
7332, 947
63363, 253
18470, 862
74481, 201
9465, 922
27360, 542
32058, 184
17990, 31
75586, 408
52535, 288
67331, 246
77187, 208
13016, 702
63841, 191
71631, 718
51341, 662
79517, 294
5732, 252
71135, 786
44247, 636
42917, 561
78243, 822
70291, 461
52185, 120
75839, 613
18287, 65
48596, 588
57102, 720
79842, 248
13235, 262
25656, 475
20286, 930
20093, 497
20956, 206
27269, 865
10930, 233
31001, 198
29622, 415
66047, 580
27937, 410
32684, 791
32486, 206
53988, 215
65039, 124
43298, 145
60060, 534
73133, 890
68453, 725
64749, 895
51032, 459
70675, 21
768, 514
5289, 138
20122, 76
19659, 273
59947, 295
31086, 1
6662, 371
69182, 242
56779, 782
14763, 124
53707, 431
70440, 479
70316, 827
73127, 655
31969, 614
16711, 193
37109, 955
55054, 619
55291, 362
28615, 579
20771, 584
8762, 910
22554, 403
17557, 2
65110, 768
19931, 685
49041, 512
31325, 743
77467, 660
11919, 598
11068, 994
52420, 158
77651, 976
3992, 634
63784, 499
64528, 664
62323, 167
76661, 409
78178, 405
33208, 88
21005, 67
15217, 867
45364, 870
17431, 251
27894, 430
28580, 344
44100, 100
75211, 425
65595, 343
32559, 23
65004, 641
59223, 445
57223, 210
37707, 241
37273, 576
67011, 499
61022, 501
4640, 69
32497, 384
28335, 948
10616, 437
17707, 883
36508, 808
20767, 527
40361, 420
3188, 98
56657, 63
56726, 892
14499, 203
44943, 31
70775, 823
2809, 405
61415, 458
35132, 538
12622, 716
14746, 293
27217, 210
59831, 394
41093, 414
58122, 438
29580, 158
62456, 201
64350, 210
19195, 639
42826, 625
9777, 907
58718, 808
15795, 101
51410, 935
42814, 266
45301, 699
3467, 308
15388, 27
73744, 875
12014, 508
17330, 814
37214, 289
75650, 594
60594, 298
38752, 352
3775, 401
79738, 384
8790, 141
19035, 768
42914, 412
68894, 480
72377, 661
14880, 510
4241, 845
64791, 959
71892, 755
46664, 671
79822, 790
18932, 487
36198, 372
14674, 20
30762, 161
76392, 140
49240, 843
26478, 565
31821, 843
65952, 460
48673, 26
33179, 359
60894, 550
33509, 546
50905, 826
18327, 949
35813, 129
2473, 930
1863, 224
56145, 638
38431, 168
53871, 158
24498, 798
53482, 49
30347, 698
30301, 310
14145, 627
4528, 265
19906, 689
70799, 96
78728, 917
25313, 865
36006, 470
51482, 900
20025, 659
44259, 912
997, 835
3694, 294
8073, 546
70598, 676
55944, 309
46040, 111
7581, 165
67458, 295
57806, 390
53557, 516
14701, 414
49098, 481
49532, 591
71440, 131
29155, 149
6523, 5
30403, 653
26994, 896
10015, 147
24036, 952
44010, 184
16135, 805
79972, 348
78810, 590
46023, 361
26630, 454
32086, 617
58150, 322
30191, 473
67068, 737
30658, 627
5649, 772
60010, 657
44343, 98
73605, 705
14705, 524
4888, 463
12535, 431
60560, 732
18697, 453
50563, 608
24770, 723
77131, 786
46590, 467
24711, 369
49228, 769
3314, 406
18691, 909
9526, 676
32847, 984
44483, 144
58941, 478
47985, 849
77364, 811
3541, 323
75490, 446
74214, 896
76863, 59
38807, 223
4752, 643
61645, 180
44666, 45
68492, 648
61366, 519
48220, 792
67643, 869
55525, 27
52866, 492
23443, 596
42147, 844
31957, 366
51441, 421
5708, 738
46281, 16
35950, 640
22294, 52
51126, 793
77766, 834
60131, 348
71487, 733
64368, 63
69758, 195
30763, 926
1670, 396
1247, 975
33000, 863
59345, 804
8342, 463
29975, 591
78212, 51
56067, 499
65440, 729
28263, 338
43388, 87
47241, 59
65950, 3
51549, 194
53075, 565
23226, 553
44395, 531
14012, 515
34389, 524
31855, 731
77114, 661
51371, 50
20047, 93
57513, 65
58850, 893
7711, 972
31011, 860
61820, 354
44726, 528
38371, 315
10672, 415
44217, 20
28320, 836
2742, 685
32967, 39
30014, 331
42188, 729
67539, 630
19297, 688
64743, 596
9116, 42
26448, 742
61959, 872
1293, 15
20885, 7
14835, 442
49912, 261
56250, 33
78679, 417
47045, 397
71731, 393
64348, 716
20729, 831
4887, 962
14527, 32
68591, 541
70247, 995
31435, 646
72288, 863
67462, 559
45526, 276
7695, 671
44384, 642
32727, 612
65456, 429
32120, 945
75823, 104
71613, 736
57839, 734
67896, 988
50238, 602
76233, 320
72793, 82
46061, 287
22653, 686
79901, 162
5858, 448
2295, 905
54880, 148
41315, 83
56602, 432
55818, 255
39953, 854
69143, 295
72689, 783
48011, 421
33372, 762
74695, 201
25367, 404
3734, 869
38083, 605
54629, 652
31949, 155
1873, 574
76970, 256
68447, 275
78092, 164
62603, 820
24554, 100
7626, 75
29338, 901
26726, 526
48075, 545
57323, 871
58770, 703
41582, 181
40061, 240
40782, 701
23489, 233
28701, 364
41495, 267
3670, 975
64316, 216
72257, 945
28938, 587
57396, 935
54404, 36
31004, 788
44423, 324
63083, 573
71583, 198
25013, 797
54779, 69
46901, 79
50187, 746
55569, 676
15595, 753
2719, 976
683, 803
43334, 687
33605, 552
53834, 224
75297, 110
11484, 635
43546, 116
72974, 630
68857, 734
30232, 529
4915, 51
51917, 588
10364, 409
64030, 77
53029, 299
54587, 895
37856, 177
5731, 630
27684, 227
23827, 389
50000, 779
18103, 425
1313, 407
55366, 101
51867, 548
79565, 158
47038, 247
56593, 310
45843, 87
36188, 570
21309, 476
73058, 332
68789, 401
57716, 26
44359, 995
381, 552
31320, 382
52061, 381
44507, 33
73877, 311
45793, 894
66273, 951
9487, 853
8795, 806
15611, 479
12634, 505
16579, 782
60781, 159
5882, 287
77749, 577
55548, 418
27199, 171
26140, 655
41507, 106
67140, 282
28071, 828
74461, 659
52103, 525
20632, 615
25769, 838
57949, 885
60652, 586
49582, 150
77916, 622
58394, 111
20808, 629
21048, 655
22753, 243
25841, 932
23748, 777
25970, 919
54423, 608
26371, 402
29904, 435
54942, 127
35004, 358
74213, 353
53932, 580
17782, 363
43794, 741
52204, 818
77344, 895
59846, 22
18909, 816
68500, 713
25380, 606
41782, 603
54601, 509
51342, 769
40789, 303
55068, 660
12770, 441
40664, 512
2655, 260
62426, 614
35737, 775
63173, 587
69748, 653
47124, 827
46957, 449
58908, 433
25950, 567
42548, 453
24116, 281
23858, 783
66168, 811
55702, 573
11886, 271
19368, 396
71319, 177
53217, 71
52367, 1000
45820, 867
26161, 263
1995, 447
65834, 146
39320, 932
45108, 643
43140, 401
60136, 763
21115, 209
42157, 478
14678, 86
8240, 130
54073, 537
39846, 336
75217, 557
23828, 849
48335, 314
14004, 832
74312, 966
15947, 135
42802, 699
35233, 970
65202, 756
8937, 806
79590, 646
20519, 745
25706, 166
36713, 595
60670, 114
12893, 173
79340, 316
69846, 690
15323, 567
8298, 467
17446, 518
67279, 8
36847, 752
75337, 140
41934, 559
2059, 596
41038, 612
53211, 870
9885, 613
25651, 996
79558, 459
40644, 28
6697, 843
41825, 555
76702, 602
14759, 738
59009, 332
39029, 28
50019, 472
13580, 879
36759, 737
58139, 516
30559, 641
76754, 479
30704, 365
17225, 668
31349, 737
52305, 858
71126, 827
47016, 10
24144, 616
34758, 868
24112, 872
75298, 7
1364, 750
31323, 23
5666, 338
33053, 201
2585, 639
10772, 406
59447, 175
67638, 622
63425, 710
47224, 229
27205, 125
15079, 998
31941, 798
12998, 254
10691, 404
38977, 877
46725, 222
4171, 192
65303, 480
21829, 669
21215, 713
18231, 831
10778, 112
34282, 586
76759, 895
39410, 253
11333, 977
34218, 497
12974, 743
36923, 398
13402, 358
52491, 34
75543, 225
78405, 365
41024, 114
56703, 634
77398, 521
67053, 322
10913, 719
49339, 616
50111, 120
79656, 567
74257, 498
69241, 463
15484, 280
63057, 630
74589, 144
33762, 450
62783, 554
11767, 483
76052, 654
40220, 645
74050, 371
17940, 983
40292, 94
78146, 202
2349, 151
62186, 328
39131, 783
52555, 868
29470, 771
12971, 96
46536, 48
62070, 5
64556, 354
51301, 239
10220, 852
15443, 868
59390, 782
13869, 958
16936, 939
14734, 875
26338, 985
15070, 407
24062, 844
29064, 101
35752, 257
8000, 691
39746, 524
47648, 544
51958, 740
37657, 532
26375, 573
63469, 482
59436, 160
48076, 165
61153, 484
8476, 189
11408, 264
39205, 316
35572, 586
18638, 495
78337, 292
37312, 575
44640, 553
9803, 593
56329, 564
58957, 927
64721, 949
11538, 1
22717, 42
14298, 491
40728, 10
79382, 784
56287, 524
19387, 260
7823, 487
60198, 982
62841, 501
32754, 102
10608, 1000
51655, 239
7323, 40
69606, 118
54481, 401
21850, 137
17855, 981
69464, 243
37427, 462
46769, 711
42780, 658
51481, 331
66208, 632
29007, 615
69678, 464
3185, 550
9525, 173
56706, 494
58371, 891
62198, 915
12, 333
11968, 586
22134, 161
57970, 411
62752, 331
20776, 286
20759, 631
49972, 170
73289, 334
14510, 297
40718, 816
52664, 101
12417, 244
32119, 377
5693, 855
40327, 702
37107, 152
76615, 693
71247, 973
23753, 122
21511, 695
30792, 956
61379, 689
23386, 756
65879, 490
49160, 912
47567, 534
18963, 47
19290, 13
33525, 222
14017, 96
17022, 163
67428, 635
74673, 501
35972, 356
39903, 575
8512, 835
39115, 81
50275, 862
2995, 329
44055, 144
45700, 900
19680, 570
55300, 32
25499, 738
65888, 820
66186, 512
43362, 212
3470, 750
59761, 888
8123, 636
7195, 817
38282, 594
7812, 134
22909, 643
5036, 915
20667, 373
75030, 665
22817, 992
15437, 462
8733, 339
55199, 990
29946, 343
61614, 307
31460, 542
14973, 78
52432, 876
69258, 414
56242, 676
31937, 155
57210, 231
6207, 192
43771, 584
36992, 558
9944, 697
2590, 547
41992, 647
52201, 719
77479, 274
9893, 52
52237, 701
48068, 850
26328, 973
5231, 176
6967, 792
32124, 745
16550, 738
38515, 337
63289, 873
58091, 605
62647, 417
387, 969
57518, 486
33268, 356
34585, 991
59085, 985
21865, 648
16415, 510
49634, 272
63736, 670
40306, 226
16146, 519
66895, 425
31716, 628
30164, 643
29273, 434
1198, 161
55201, 400
481, 624
47712, 719
16753, 332
31939, 299
47498, 630
46326, 364
52425, 343
2678, 626
77071, 193
51313, 309
60974, 123
79927, 24
53130, 433
63219, 60
45840, 691
40875, 905
75199, 743
27535, 374
62905, 591
55147, 776
75716, 870
47358, 171
38196, 921
43951, 718
13888, 398
60425, 676
314, 793
15787, 508
49157, 216
59929, 550
15212, 758
7770, 454
32652, 123
24982, 15
48780, 338
58683, 34
55942, 805
31583, 870
50985, 879
3011, 697
29380, 925
48375, 842
75201, 614
78486, 187
60166, 345
47779, 540
4314, 256
54783, 389
338, 409
13631, 591
1844, 838
6673, 465
56473, 32
66571, 565
59951, 970
42321, 976
62507, 795
34940, 681
70430, 878
57338, 644
70872, 53
36235, 641
5100, 314
78353, 613
13848, 26
18244, 564
57974, 818
9538, 13
9549, 343
33510, 197
19033, 535
47424, 492
15146, 858
43109, 175
28222, 750
43858, 240
65806, 76
496, 948
47519, 592
16016, 377
66122, 476
48423, 369
50389, 883
62147, 312
39816, 76
28629, 585
75807, 658
76388, 232
63237, 822
58832, 878
2934, 158
53145, 54
44905, 750
74446, 775
5778, 223
48590, 150
20470, 490
28834, 873
5870, 19
57900, 732
34549, 213
62766, 567
63989, 42
51227, 690
21715, 877
5501, 635
32471, 415
28590, 70
13187, 885
54281, 576
55961, 267
44095, 931
59129, 266
72776, 832
42568, 542
57346, 44
25527, 262
18247, 44
27643, 259
7222, 322
33322, 311
42170, 575
24376, 777
6817, 229
27926, 547
65995, 470
58896, 174
75744, 915
23314, 152
1810, 413
34498, 860
79071, 888
67821, 291
32425, 120
35205, 954
52997, 808
72300, 82
75180, 570
23222, 276
46541, 772
28187, 201
3357, 373
46762, 92
74829, 215
54453, 1000
11255, 123
54756, 96
27297, 806
4156, 288
33873, 146
60432, 347
52364, 710
1474, 636
34789, 427
55077, 72
28061, 603
65172, 539
76606, 105
2311, 687
74488, 328
65510, 667
20574, 2
60841, 186
41251, 125
71403, 777
19377, 124
9586, 389
59668, 732
51627, 326
47849, 881
40030, 343
39316, 645
63227, 307
63372, 942
58188, 501
24785, 174
25641, 966
12567, 411
76137, 696
62370, 2
30775, 911
44607, 486
48909, 321
67070, 173
1069, 651
48739, 316
54024, 49
41795, 343
59949, 195
8610, 979
24174, 47
32728, 182
35158, 901
22006, 424
71792, 246
729, 823
74859, 775
36103, 500
38923, 766
6167, 658
47171, 202
72444, 698
66712, 351
74017, 933
51787, 601
16486, 10
34036, 429
20027, 123
6219, 141
11176, 622
18892, 482
16846, 985
33459, 794
20408, 313
71870, 351
15717, 327
46049, 429
19705, 885
55617, 909
16626, 827
12142, 840
55052, 44
56072, 637
76513, 313
1892, 736
31689, 12
12811, 281
10721, 300
36957, 243
59584, 90
29939, 536
57461, 91
63281, 791
77649, 969
33049, 968
40745, 879
2989, 592
63593, 230
38683, 907
31147, 744
20653, 519
15246, 498
38295, 997
64190, 43
26764, 923
966, 532
18572, 701
19065, 360
26796, 54
70916, 855
48934, 988
54273, 369
72942, 171
22885, 382
34802, 605
11824, 661
74834, 6
71732, 860
15996, 134
32635, 350
70568, 724
49809, 598
16056, 242
1989, 437
7753, 182
54370, 397
37130, 995
22263, 669
50629, 172
62112, 641
2219, 999
20841, 233
16336, 98
40576, 748
10023, 183
48247, 472
69013, 456
33115, 438
70842, 666
47832, 568
74178, 625
69881, 915
46412, 880
11134, 25
32114, 6
32548, 993
2667, 666
68046, 270
55758, 87
11058, 611
10510, 644
77535, 972
43306, 935
55239, 647
74753, 200
57351, 612
35279, 950
1560, 183
20021, 491
70498, 696
36801, 348
50843, 937
57350, 66
28962, 687
21233, 100
34094, 159
32352, 712
114, 976
15475, 873
20415, 454
24580, 106
20280, 818
42451, 926
19189, 569
1040, 519
13049, 527
60191, 543
66321, 1
49667, 625
15451, 493
43780, 309
61323, 141
77002, 311
55824, 370
13048, 175
63598, 250
4957, 287
71265, 699
69802, 886
1505, 342
1024, 856
66475, 825
23770, 710
58880, 675
38065, 301
41924, 247
25782, 227
46278, 752
63262, 183
45366, 260
24744, 298
68817, 451
19788, 652
57724, 81
76752, 283
20144, 815
17996, 95
62625, 607
23414, 561
26179, 189
54206, 528
40579, 523
12920, 540
68852, 142
50261, 777
12093, 959
39673, 865
19018, 78
57947, 942
60673, 296
15226, 321
5719, 384
2374, 746
17678, 595
51813, 760
78585, 125
41142, 928
79061, 158
33613, 458
35678, 94
35481, 334
50231, 975
7842, 970
10432, 160
29051, 555
58836, 906
34054, 507
9340, 202
37902, 201
78497, 673
28918, 485
74385, 257
36543, 515
10279, 923
15126, 74
50156, 798
77046, 668
78304, 150
27488, 797
58590, 720
26972, 169
26483, 633
27500, 543
43718, 370
43144, 689
60548, 815
59772, 847
26823, 156
48461, 735
44390, 769
48522, 724
77825, 252
36615, 363
69155, 974
66393, 977
29678, 971
62978, 571
70732, 411
61913, 623
76113, 512
1852, 564
39446, 607
41781, 857
12463, 33
58660, 552
68941, 31
14057, 12
3375, 316
73956, 754
48583, 507
60359, 883
18296, 96
47280, 744
7660, 251
55700, 584
66081, 121
78475, 936
34849, 705
65240, 437
72360, 555
26047, 809
77974, 207
49933, 235
48499, 106
5262, 133
50668, 849
56905, 522
53233, 924
12441, 756
66603, 558
3078, 936
25843, 340
71741, 431
69800, 27
11365, 331
47019, 736
69001, 846
5170, 827
17931, 672
21019, 722
32677, 258
62870, 856
76705, 886
30917, 108
52962, 794
66291, 794
43476, 488
20522, 952
75038, 142
74965, 484
10569, 111
56251, 498
2677, 801
64036, 501
33818, 682
43869, 501
14307, 970
79520, 870
45473, 721
9099, 189
67590, 521
59815, 675
39370, 703
78429, 40
28772, 394
46270, 964
50714, 414
5959, 766
18754, 962
5765, 857
63575, 322
4954, 740
25717, 812
40631, 437
3480, 209
48080, 251
22538, 692
68251, 216
57125, 520
44413, 255
5593, 895
6093, 52
46070, 829
887, 819
77581, 658
1597, 988
6318, 974
30615, 629
71816, 333
27592, 775
5881, 4
15561, 121
20281, 519
25051, 135
16590, 455
29984, 992
51696, 768
8649, 710
3826, 990
19605, 388
67705, 762
9497, 980
24368, 307
60006, 706
64169, 973
24088, 755
47528, 111
45744, 678
29343, 431
59205, 841
51690, 688
79278, 392
51087, 972
19578, 779
65706, 666
18377, 742
7094, 631
77358, 576
63677, 30
59501, 380
8492, 883
17311, 41
62990, 187
31484, 198
76502, 495
29457, 152
61472, 947
41462, 329
42784, 799
64132, 712
44381, 589
35489, 522
1965, 879
57283, 160
67527, 390
71768, 389
69462, 25
76035, 464
31121, 961
5943, 194
28378, 242
65289, 298
31760, 279
45494, 805
71132, 823
78275, 504
54558, 546
51870, 146
26184, 528
73057, 17
68645, 788
78481, 729
68387, 470
47173, 89
76228, 727
8778, 555
28330, 759
61145, 308
9846, 204
70446, 741
10161, 401
16911, 678
12030, 796
25427, 5
34996, 303
68897, 730
57547, 879
53422, 643
37410, 864
56716, 747
5065, 508
48365, 264
49842, 983
35344, 327
12421, 269
23795, 163
4926, 826
18399, 275
42091, 39
67020, 36
64968, 726
50974, 432
1393, 394
29094, 876
38116, 615
58130, 278
55706, 401
17409, 453
61961, 122
67967, 492
68689, 944
45739, 673
70392, 418
34630, 258
70158, 370
71533, 68
70421, 529
41170, 800
60553, 767
72352, 76
13970, 368
5794, 937
25912, 618
47571, 5
22065, 746
9562, 237
16382, 910
50712, 426
60921, 556
28920, 84
41248, 301
2938, 868
48323, 897
58751, 982
70250, 484
12096, 841
3300, 504
78348, 439
29749, 898
226, 338
14339, 21
50312, 436
24011, 688
74701, 596
5543, 360
72818, 313
40165, 922
6293, 67
27679, 143
44724, 851
37129, 858
22398, 588
65750, 823
6736, 364
9932, 272
19509, 396
34148, 721
77586, 178
24705, 934
20155, 572
18157, 989
62279, 657
37463, 395
29501, 690
18415, 748
73174, 935
23643, 703
62066, 872
36707, 783
1110, 407
53745, 223
49813, 45
71006, 662
78392, 708
10649, 383
29321, 738
31175, 463
45422, 171
23754, 644
30492, 543
7905, 503
6370, 938
6039, 374
15556, 306
48467, 443
30738, 306
51536, 34
58252, 600
64060, 393
15623, 139
44253, 825
75992, 873
27227, 295
6239, 926
1919, 440
67305, 475
64291, 816
71856, 399
63847, 178
32687, 768
51667, 234
13312, 162
67874, 826
32965, 273
46611, 16
33852, 718
45254, 782
54159, 142
57515, 836
39641, 840
26166, 908
42961, 631
66866, 58
70119, 955
10643, 614
6724, 173
28298, 373
57751, 773
29047, 910
8370, 172
32886, 548
7881, 949
41674, 545
56330, 88
74378, 579
49641, 30
67009, 731
47039, 850
73234, 934
61283, 55
72216, 786
49092, 617
25422, 632
4672, 686
55219, 943
51593, 433
38819, 947
22337, 447
73745, 323
5758, 84
67943, 45
62669, 326
25563, 665
65427, 183
33691, 292
76773, 635
68641, 29
11104, 892
9191, 958
7437, 187
79201, 958
76571, 794
30170, 534
59099, 9
45114, 807
22466, 534
68424, 610
60276, 53
25735, 412
61528, 830
19084, 234
14682, 423
20993, 411
63923, 473
7607, 357
27722, 168
22794, 986
67711, 2
79892, 289
70739, 720
2769, 992
1639, 389
10553, 858
15333, 847
10926, 721
40025, 382
67455, 988
51244, 816
16832, 883
21537, 187
56938, 201
44091, 975
40992, 618
45000, 328
18255, 735
53305, 827
56469, 68
32477, 284
35819, 617
48588, 813
77399, 741
59972, 559
69529, 414
21095, 128
17380, 632
68583, 467
35965, 44
79948, 4
62502, 687
42390, 439
8765, 237
74809, 461
10151, 720
57227, 377
34997, 172
73119, 556
36959, 789
31818, 125
15399, 488
30806, 115
56103, 651
72810, 73
32160, 781
31267, 501
10961, 975
50746, 503
67740, 625
44123, 953
21127, 270
42822, 697
39292, 232
74668, 69
29095, 826
67735, 629
47536, 734
66565, 104
47595, 563
13275, 494
39058, 938
76369, 532
26395, 422
49776, 798
31275, 18
25679, 171
1145, 456
54386, 921
39490, 351
18956, 83
22758, 166
14066, 907
20059, 440
78717, 47
50693, 297
38162, 791
9587, 565
70656, 134
31622, 696
50258, 228
75791, 449
19211, 572
52946, 102
55411, 363
47635, 16
68795, 583
14243, 422
54824, 494
48133, 222
27498, 389
63284, 804
5565, 202
20290, 268
45320, 825
65551, 214
17922, 52
22488, 159
79262, 926
22387, 630
20578, 649
59854, 687
71684, 264
35633, 269
49291, 138
54326, 316
20293, 909
43215, 528
14885, 663
13036, 621
8576, 125
47220, 567
12080, 542
15885, 16
20040, 445
7260, 734
17840, 219
40002, 466
70808, 263
76712, 131
9767, 998
5171, 1000
46531, 595
56435, 173
47626, 530
62177, 671
10291, 428
38223, 874
63854, 302
27386, 15
57325, 638
31838, 682
66396, 480
15368, 875
846, 141
51783, 418
18968, 891
78305, 621
59088, 894
1282, 64
14412, 509
77674, 885
52570, 520
25469, 281
23798, 136
39109, 698
18283, 904
40269, 613
66836, 901
68441, 267
69488, 551
71096, 939
58589, 169
21235, 223
66697, 438
75654, 765
46294, 439
5044, 446
49554, 301
2866, 652
10047, 568
51009, 710
65627, 326
54885, 8
67887, 91
53229, 333
27862, 226
72051, 993
61460, 92
48685, 897
35409, 239
73751, 109
621, 166
17342, 551
7010, 512
46828, 117
19221, 93
22729, 163
11446, 122
76226, 140
6120, 123
41345, 778
64406, 767
26120, 940
47138, 163
8300, 612
49898, 945
64088, 624
7940, 384
29500, 356
78093, 666
55710, 649
22502, 789
37086, 195
51557, 583
60232, 279
64381, 447
38520, 354
73516, 506
39901, 280
66033, 388
29294, 777
26956, 761
49083, 83
51310, 501
79855, 950
43168, 297
24328, 204
6057, 152
25149, 383
31216, 112
26113, 729
74677, 98
78259, 18
71291, 30
74890, 818
56978, 526
42796, 920
3402, 980
5225, 340
58987, 901
48337, 563
75911, 159
18734, 553
76914, 237
76389, 987
2088, 840
66054, 914
13684, 3
38660, 220
25907, 641
53484, 684
54667, 20
36126, 191
5915, 639
22926, 683
67156, 662
63126, 75
43016, 746
28010, 579
74522, 441
42230, 889
68063, 459
51812, 7
44467, 60
14033, 737
68840, 341
34762, 697
38423, 458
40307, 255
27408, 777
46429, 190
59933, 755
24185, 425
5453, 420
25068, 693
34186, 900
48195, 633
48679, 102
11465, 283
2390, 772
61984, 84
19192, 31
7194, 456
77755, 619
41540, 108
57826, 894
79303, 824
7211, 558
50251, 650
38263, 732
13143, 866
5594, 8
19946, 776
43635, 855
18554, 885
58569, 531
18742, 552
13645, 968
6382, 223
7390, 79
14164, 972
28495, 880
45836, 993
2682, 999
75475, 498
11216, 25
62401, 515
25861, 622
16136, 247
65762, 216
72510, 36
46768, 520
50435, 826
51945, 282
67056, 228
45915, 264
34055, 322
46457, 328
72480, 434
2373, 858
71128, 531
21502, 542
66409, 67
65749, 31
44715, 175
10343, 563
45568, 750
27353, 53
14192, 545
47780, 117
11659, 751
51816, 373
46946, 512
71707, 672
42741, 517
27335, 444
71054, 472
31573, 28
73818, 580
43991, 171
27974, 507
43885, 867
19715, 303
57466, 568
67861, 726
9381, 941
79316, 749
66805, 900
17185, 394
60439, 906
8062, 657
71555, 310
14820, 774
6805, 726
30676, 302
79297, 603
36434, 44
1522, 688
35770, 210
71501, 667
28181, 992
48595, 206
19488, 685
54192, 505
36392, 617
42812, 108
77484, 814
37819, 454
73118, 499
40341, 155
74606, 563
54015, 442
6578, 857
38780, 840
78015, 699
23342, 730
74045, 259
43080, 554
1402, 615
6106, 858
51345, 247
23195, 105
74694, 649
20970, 363
42296, 627
31140, 249
19684, 67
27247, 679
75966, 110
77000, 172
30922, 150
77112, 225
48280, 302
66450, 857
60224, 78
52249, 769
60925, 329
23802, 251
2516, 882
53938, 151
23608, 663
30144, 137
65283, 519
71796, 247
54047, 99
29425, 234
50790, 847
27524, 844
57321, 837
39048, 350
40638, 333
18326, 655
49444, 41
76783, 305
34352, 316
67004, 548
30425, 742
79735, 812
45413, 710
3843, 136
13956, 193
29301, 799
23590, 672
19935, 814
397, 617
20743, 427
77338, 833
72079, 847
30529, 253
40017, 1
49265, 1000
55406, 416
78104, 447
42676, 645
30760, 352
525, 790
50240, 73
60064, 253
78763, 591
55535, 34
68714, 529
37002, 25
70330, 730
64863, 935
63009, 826
41201, 928
17253, 779
49779, 888
78676, 966
53148, 319
39451, 694
16557, 36
17215, 148
60626, 659
20756, 623
78714, 332
46773, 209
39197, 954
21392, 496
22148, 343
61439, 25
29183, 568
54137, 928
2781, 415
48996, 61
36240, 820
67404, 83
66459, 400
23816, 384
12640, 406
77625, 786
71508, 449
59666, 343
9110, 749
55599, 278
23952, 733
67534, 356
29846, 234
4713, 437
16149, 695
31316, 813
50514, 152
52636, 860
74044, 771
13145, 127
27880, 478
38815, 866
22882, 441
27104, 816
1998, 208
830, 463
37720, 252
35707, 379
12903, 528
43543, 643
20853, 604
27358, 854
842, 13
66268, 377
74526, 593
9207, 731
44560, 840
46036, 35
67255, 730
3746, 479
52135, 366
24324, 563
52453, 736
73404, 281
3848, 591
25146, 376
13110, 774
31849, 257
64510, 101
36748, 165
44530, 917
38916, 377
74062, 762
79973, 214
54374, 293
3760, 836
67092, 906
1386, 511
54751, 958
77943, 550
56802, 772
25968, 667
434, 197
11891, 630
12208, 517
77099, 483
59213, 272
39140, 377
34574, 478
31858, 158
60216, 599
9679, 540
62297, 461
41926, 21
39366, 556
16948, 748
38789, 673
3503, 224
33038, 12
11497, 673
50107, 753
25059, 417
27280, 709
41401, 381
2679, 649
55141, 760
48502, 858
76822, 605
62513, 496
8808, 737
75869, 764
60236, 129
54471, 555
74390, 205
32734, 167
42562, 334
38880, 623
34635, 30
68209, 734
6288, 354
71141, 615
17952, 724
58094, 745
72729, 852
49419, 85
30208, 735
72351, 662
21267, 471
75444, 790
68104, 94
777, 998
51604, 368
33046, 311
68548, 333
69658, 769
68380, 249
52207, 588
20393, 74
21510, 864
9910, 384
78928, 107
11467, 676
77650, 103
66570, 217
34863, 914
5780, 8
20034, 303
74215, 901
26707, 36
33021, 27
7597, 400
65012, 787
47677, 117
7378, 309
41143, 672
75259, 616
51535, 236
78648, 369
24891, 444
19549, 992
45622, 28
32149, 314
22905, 396
74845, 580
13482, 512
64049, 949
44516, 846
32791, 594
69104, 868
15979, 216
62526, 532
73148, 370
13881, 869
10523, 920
6319, 59
20431, 268
54389, 785
35821, 514
42311, 356
51939, 136
65937, 464
30900, 70
55594, 878
58729, 304
23349, 224
819, 977
4964, 377
38236, 493
7435, 381
20495, 499
34156, 950
47850, 885
8276, 848
4191, 753
15929, 636
50631, 743
73257, 32
33239, 947
35913, 610
76972, 119
23707, 613
2207, 987
46149, 167
18772, 688
19444, 587
59753, 968
47307, 111
10921, 243
61312, 147
4969, 700
16890, 900
77873, 572
13108, 289
57760, 661
37404, 162
75408, 159
23767, 952
2444, 7
38278, 146
34425, 337
30407, 931
40431, 21
6566, 615
63944, 25
38732, 280
33900, 705
21894, 165
71396, 955
6255, 227
15064, 121
1471, 650
43725, 300
23976, 56
48972, 201
52380, 36
21646, 129
1528, 273
37605, 171
45598, 654
23739, 930
25264, 821
1648, 29
13321, 525
20258, 406
64007, 161
28357, 153
20536, 643
73919, 578
40222, 685
13521, 221
6099, 290
47929, 408
37988, 28
52412, 213
23556, 1
60552, 115
52886, 460
8511, 270
49628, 929
2817, 248
10490, 717
53935, 119
34405, 152
66787, 439
14711, 472
3329, 629
26197, 225
5011, 949
40392, 944
76703, 997
37598, 474
48316, 414
78616, 993
8234, 916
31235, 585
10556, 972
45232, 614
2426, 486
78718, 96
2241, 410
66227, 649
2996, 394
73958, 873
49559, 895
43093, 765
60689, 256
75189, 858
77237, 891
54588, 570
9270, 236
56885, 685
8368, 321
63149, 800
27805, 704
32921, 753
25689, 403
69660, 771
23037, 314
78250, 577
20784, 799
70507, 287
42754, 23
12129, 486
16736, 612
48746, 896
1853, 580
22522, 188
28401, 861
75246, 708
56226, 774
41416, 222
74706, 538
9447, 644
68378, 45
3976, 781
22133, 444
7761, 962
78449, 394
70011, 320
74974, 387
25896, 423
51492, 199
16558, 954
67237, 595
46119, 979
16641, 808
44904, 947
19716, 561
37253, 641
15349, 519
15471, 692
57094, 0
13785, 469
45910, 948
57623, 523
76014, 473
44576, 868
49777, 667
7616, 262
3150, 532
61713, 920
52754, 183
33306, 845
76964, 879
55926, 571
63378, 710
72938, 595
36183, 845
24890, 858
14902, 776
59346, 654
77690, 732
63864, 142
8360, 175
61552, 276
42553, 99
18955, 496
21370, 895
48767, 887
37562, 644
10492, 669
47972, 784
44355, 724
45639, 866
52400, 593
34666, 107
21217, 72
3926, 980
53062, 347
19714, 627
65667, 229
58715, 910
10850, 727
16510, 323
35024, 707
22983, 177
25435, 379
61848, 137
24056, 513
47335, 343
64017, 955
72376, 400
2438, 777
64389, 557
69338, 958
22124, 726
9147, 687
43037, 119
75943, 268
60362, 127
14262, 644
72640, 676
28930, 489
17027, 337
27649, 322
63676, 311
38479, 28
18310, 694
40881, 13
51469, 944
45900, 821
27882, 599
78966, 265
25, 316
70283, 281
17343, 592
49158, 944
17069, 214
14914, 650
29229, 93
45826, 427
55559, 851
31714, 431
50596, 648
25851, 529
27061, 588
58171, 140
61941, 625
30926, 302
37079, 813
22763, 216
62801, 728
3680, 682
57183, 720
66672, 572
56967, 946
61103, 684
5128, 981
37853, 296
49802, 483
48269, 353
74745, 2
66683, 143
27846, 998
10256, 369
11862, 536
2323, 210
66664, 562
53787, 817
64802, 861
49841, 275
56136, 557
33061, 48
62149, 213
74743, 941
27191, 749
58921, 140
70702, 850
8568, 597
27664, 400
35825, 469
76077, 60
63538, 670
61389, 560
67193, 589
9098, 134
23279, 758
58758, 599
4892, 770
71785, 183
47069, 650
58985, 421
62413, 13
28801, 567
27975, 742
31109, 722
33062, 28
72769, 756
11251, 874
75771, 656
58296, 507
16902, 493
49653, 984
68935, 787
63104, 848
42909, 205
18962, 340
17350, 47
40403, 966
22781, 399
30226, 808
78556, 57
24157, 821
78152, 882
41690, 228
5773, 871
52000, 608
77068, 373
32836, 402
23917, 295
61442, 294
33506, 161
51551, 816
50920, 45
10708, 843
65540, 344
10576, 150
26043, 417
38156, 756
44163, 620
50556, 47
6519, 145
37639, 114
56722, 582
7002, 346
5178, 258
64357, 52
77048, 799
64465, 695
16886, 533
27097, 281
67444, 123
76168, 563
10011, 880
1021, 12
73982, 756
9866, 165
44609, 223
49144, 167
29447, 657
79612, 288
65268, 986
41668, 526
23323, 85
51892, 462
57032, 4
43777, 280
6080, 132
18825, 680
63891, 211
78629, 87
62473, 179
7474, 506
67739, 949
60090, 602
27531, 895
27999, 770
34779, 194
78823, 707
12530, 100
16153, 806
40281, 43
18237, 17
52113, 206
39330, 757
76178, 369
24947, 725
66699, 565
6947, 962
45600, 358
35399, 558
48540, 771
69223, 450
46062, 164
61690, 493
38306, 59
46439, 729
45465, 61
37071, 953
4525, 503
68143, 808
61659, 715
22101, 376
32151, 675
61687, 702
62315, 568
50509, 587
42647, 233
76034, 504
75813, 300
71402, 85
46595, 944
74497, 151
77668, 534
11120, 232
54857, 867
78224, 387
61582, 510
64025, 925
26015, 916
9370, 837
60836, 600
53907, 725
60389, 63
2798, 84
68083, 278
46236, 245
37502, 852
77392, 227
60375, 626
22397, 142
75453, 854
48967, 788
41633, 549
69695, 673
45519, 18
62275, 353
70074, 415
72677, 341
8450, 965
3483, 105
28586, 292
56773, 749
2107, 828
56563, 947
68474, 809
47133, 637
5650, 151
74754, 762
76431, 33
49287, 807
40733, 549
33519, 685
22034, 123
891, 2
62539, 919
40072, 904
68198, 786
50759, 855
66799, 427
32629, 246
45546, 692
1617, 993
30645, 614
23655, 246
69456, 84
5363, 112
38179, 50
7914, 326
64567, 487
74656, 793
59990, 281
61553, 499
5906, 636
71523, 282
67446, 655
5313, 349
40175, 581
9351, 335
72344, 407
39784, 293
24087, 418
46574, 649
67231, 141
40642, 137
50092, 277
45239, 913
34893, 811
51701, 254
49894, 628
11657, 682
45616, 682
55697, 76
20523, 898
37609, 830
60671, 45
41659, 852
38800, 909
48515, 321
17541, 73
71770, 488
50652, 895
3318, 261
14584, 146
33977, 923
34646, 484
69641, 823
60975, 786
74880, 986
48026, 414
49373, 879
22578, 277
37537, 701
58104, 153
19267, 223
38154, 91
11157, 32
32638, 465
5303, 836
49622, 985
12091, 54
6350, 492
23771, 848
77028, 915
28189, 683
67941, 466
63695, 108
10826, 176
49738, 171
47384, 621
67524, 951
66046, 525
67802, 648
11269, 396
77017, 456
42269, 351
14054, 980
59411, 60
34005, 735
20980, 778
61827, 957
70288, 721
14367, 888
15553, 234
62056, 75
78099, 950
76161, 59
2315, 672
3557, 415
16834, 1
67120, 545
75655, 514
67415, 800
74021, 79
37289, 492
37624, 147
17485, 770
16168, 532
3952, 201
71223, 394
24956, 288
52663, 303
49778, 468
48185, 304
1336, 86
65159, 331
41225, 5
1354, 722
5090, 319
35659, 277
13494, 673
11440, 61
24442, 40
55497, 296
58918, 696
2977, 521
16050, 82
37189, 996
63838, 238
136, 613
68365, 537
41027, 50
43014, 262
12718, 240
18775, 825
49762, 43
12786, 44
45467, 805
6071, 248
39185, 547
70584, 609
20398, 854
59494, 919
78053, 784
35225, 39
40499, 712
17849, 291
25363, 687
13892, 666
69137, 441
12024, 960
51252, 793
8792, 577
31264, 791
42580, 749
72212, 46
35741, 497
38121, 206
60942, 694
74644, 495
9020, 601
57204, 315
6460, 387
4869, 626
41770, 805
20397, 363
38410, 566
32942, 49
23688, 429
8136, 714
60660, 969
49454, 610
19092, 221
32222, 745
62515, 618
73116, 376
7854, 178
76119, 510
17862, 957
27375, 563
73533, 111
58282, 665
47036, 758
60446, 279
25617, 146
20120, 52
66228, 68
48655, 996
50121, 407
58809, 659
29615, 254
34092, 397
9554, 275
79594, 638
62758, 364
70626, 651
67662, 176
29283, 588
63704, 770
22063, 245
35660, 385
61288, 955
30132, 256
57260, 198
53010, 377
41186, 880
46576, 987
56152, 402
8546, 364
44155, 125
50087, 985
67481, 383
151, 144
29420, 911
4358, 351
34820, 626
16052, 370
18769, 332
39435, 925
27319, 545
65873, 931
38693, 547
79437, 945
49100, 136
47427, 881
9897, 576
39610, 135
46546, 633
53546, 240
45268, 711
51398, 289
37845, 54
48589, 147
76344, 215
9705, 905
13131, 110
60607, 12
63388, 46
41480, 258
4502, 404
30082, 889
16807, 652
62686, 275
39563, 5
78987, 957
65648, 992
71704, 541
5121, 999
66481, 992
64825, 315
62630, 188
25185, 214
38905, 965
62, 100
24441, 255
43265, 361
30702, 594
7123, 586
71430, 781
10894, 461
62395, 45
58464, 298
6507, 814
26105, 857
43699, 708
14919, 646
7830, 653
968, 317
15682, 985
51864, 389
70859, 712
61789, 670
37387, 808
68807, 380
2119, 880
41539, 877
10823, 188
53774, 20
26809, 170
33197, 781
18793, 43
25456, 615
74690, 994
426, 369
67611, 59
12643, 849
25965, 784
2408, 529
31971, 610
45911, 791
45246, 378
17292, 138
46642, 33
29101, 746
28307, 342
58050, 39
33470, 139
590, 590
10815, 974
34354, 377
68327, 275
74366, 86
14849, 996
12191, 767
28889, 930
73706, 265
19933, 114
13258, 27
55699, 342
79608, 145
16422, 660
70136, 839
16594, 318
14158, 778
69467, 887
59104, 759
51973, 688
33084, 150
68669, 699
33017, 520
26069, 885
17954, 981
69071, 687
35646, 518
77610, 768
76593, 10
55539, 245
39804, 211
69739, 481
58575, 794
41834, 282
12053, 963
71409, 315
12832, 146
12802, 64
7458, 211
27842, 356
33636, 724
40021, 707
35196, 398
72067, 47
18513, 870
58881, 799
8405, 49
5007, 629
77075, 14
61314, 153
51899, 508
6010, 918
52108, 867
77663, 9
75657, 491
280, 130
18413, 668
69961, 463
21543, 362
79240, 734
42014, 84
16289, 465
47711, 255
66000, 57
72626, 936
33480, 936
68224, 861
65951, 133
43220, 344
30278, 982
2477, 6
28205, 207
26013, 310
58022, 650
28512, 43
77599, 382
67844, 202
66298, 683
46722, 39
29510, 344
3935, 733
76776, 754
66191, 64
62688, 0
43776, 217
1286, 829
71365, 81
7821, 143
46984, 242
30327, 615
50777, 488
59029, 809
32588, 258
30345, 519
8457, 540
51776, 748
70116, 887
45090, 559
5940, 768
51861, 678
67482, 284
62174, 380
20796, 693
16638, 628
41685, 37
13033, 87
76085, 132
6550, 284
57707, 717
74508, 250
37958, 652
42439, 56
47310, 7
77223, 915
33868, 316
18098, 110
14237, 927
5777, 579
79592, 677
70770, 417
12637, 548
72395, 843
32873, 154
74389, 524
63488, 917
57920, 764
28745, 648
58326, 924
70509, 189
52694, 187
67748, 170
69475, 286
10351, 871
42804, 1
37489, 766
21240, 51
51117, 586
71082, 691
49251, 156
12834, 614
47088, 813
7681, 808
79762, 477
33110, 180
78335, 842
8680, 275
39526, 203
74509, 751
38636, 77
38072, 787
39852, 677
14805, 794
33241, 630
21227, 466
77596, 672
37306, 801
65019, 211
28854, 660
10586, 176
54123, 243
71778, 311
63367, 593
50307, 261
17433, 482
38834, 569
1580, 157
55458, 470
53221, 404
63945, 568
39957, 14
74294, 44
58375, 621
34353, 925
60602, 440
60159, 381
36352, 622
70238, 703
12244, 476
12571, 49
47639, 141
40505, 520
26706, 553
33735, 168
26221, 813
46211, 932
70510, 599
32297, 263
64494, 952
60043, 595
6543, 978
33260, 469
24412, 124
29657, 185
68231, 226
61938, 20
57753, 121
65900, 880
47821, 473
13532, 58
61566, 899
59938, 790
26599, 411
41211, 311
51145, 944
38698, 51
23523, 866
46519, 922
39492, 575
45321, 929
54897, 570
67642, 83
43129, 626
33185, 935
13128, 82
59547, 44
51078, 362
60957, 830
23955, 771
8919, 736
61986, 211
34224, 611
68690, 857
7359, 617
25143, 273
79716, 614
76666, 801
34086, 340
30253, 509
25637, 132
40508, 469
44945, 5
43579, 773
57546, 460
24675, 113
19858, 321
49987, 881
7129, 489
37494, 115
40928, 193
1797, 990
56430, 581
20913, 612
54215, 593
78349, 676
68559, 503
21795, 626
55865, 887
56110, 28
70075, 630
1894, 715
12145, 540
1911, 466
50421, 573
25348, 479
19984, 664
15172, 418
48077, 390
39805, 445
17119, 491
10229, 74
17122, 689
67916, 182
1587, 529
75126, 550
71023, 984
66169, 886
26234, 818
12780, 381
28232, 833
40648, 321
23137, 247
61631, 373
54313, 654
12516, 596
76782, 37
26708, 682
22489, 33
2851, 329
65284, 552
386, 744
15315, 99
51043, 166
31488, 979
57337, 200
46113, 623
77852, 398
3875, 194
37927, 44
20868, 180
9304, 288
8858, 799
29436, 169
38471, 475
37074, 547
66822, 862
73715, 514
52342, 697
52161, 640
59506, 927
37772, 788
23552, 772
66102, 190
40787, 145
69060, 722
21981, 278
22842, 991
14175, 200
40043, 689
26471, 101
71902, 857
20302, 118
21101, 670
51255, 142
79601, 538
44650, 469
47641, 349
78815, 938
37850, 742
11368, 748
67777, 192
59656, 109
58099, 608
77490, 295
9938, 269
21531, 982
64304, 280
66217, 452
57963, 706
73287, 601
33237, 24
68352, 885
71983, 832
6384, 232
15594, 269
51275, 696
16857, 57
6040, 311
10761, 206
39015, 240
62814, 869
56903, 579
10393, 35
7992, 672
33696, 994
18589, 860
6310, 450
2981, 806
41823, 972
70475, 520
79792, 209
5049, 875
2910, 393
72411, 499
53933, 474
47400, 800
1276, 772
9769, 995
34200, 995
17353, 764
20070, 983
14530, 159
8775, 690
29395, 46
3359, 166
20866, 768
20581, 679
55286, 192
75902, 217
4749, 9
32069, 652
5720, 964
4659, 579
5456, 906
31950, 205
69717, 48
56902, 184
21192, 546
7132, 992
12757, 900
66754, 784
55017, 408
34482, 873
59801, 137
14852, 468
75681, 73
36783, 844
65279, 779
25293, 934
71734, 604
56390, 819
48275, 739
7800, 431
77547, 970
57007, 166
53534, 350
69136, 569
37922, 430
41319, 644
43844, 407
14721, 3
68230, 827
13737, 152
56288, 496
10970, 773
60926, 82
62528, 78
53850, 300
15656, 5
22185, 900
79584, 991
12555, 779
5377, 156
75641, 204
7158, 109
164, 787
69940, 525
57943, 751
30813, 200
24718, 342
20892, 463
42144, 192
20082, 516
19380, 540
46818, 427
46952, 93
28937, 518
53078, 911
19699, 739
67421, 104
37542, 964
5222, 392
60488, 37
64812, 884
34184, 530
38082, 137
55720, 587
53644, 407
30990, 203
37403, 229
27209, 444
77606, 812
42879, 952
46063, 583
77986, 585
60657, 72
20056, 876
71964, 614
52988, 900
79575, 852
27334, 915
65909, 920
24882, 664
39365, 976
78467, 686
20464, 871
2964, 898
40916, 522
63441, 221
59575, 895
36031, 499
47782, 972
995, 276
860, 151
48053, 695
25181, 495
18673, 288
45046, 507
34856, 816
28764, 480
40510, 703
73848, 646
5846, 41
18221, 108
18782, 852
52670, 302
75281, 487
36644, 211
44447, 758
77660, 631
25729, 747
1111, 423
35789, 148
44424, 853
44916, 288
9595, 200
66381, 976
64701, 652
36528, 998
47647, 646
49824, 751
65383, 911
28283, 331
20115, 777
21957, 325
57088, 701
5487, 111
1434, 643
64890, 399
56109, 872
64647, 378
30077, 462
54715, 807
19048, 581
3537, 893
25122, 280
65189, 136
46622, 102
32887, 934
58454, 383
24684, 123
24583, 593
69397, 978
53340, 647
42259, 215
1512, 64
64620, 687
21936, 678
18891, 665
28778, 286
56504, 171
41628, 320
21512, 262
52143, 622
22236, 367
7741, 300
29157, 896
21381, 538
43470, 712
42987, 506
45887, 571
31408, 79
78298, 583
10255, 550
11879, 316
63015, 341
58320, 791
76760, 276
42795, 668
44965, 940
26549, 594
56454, 915
30021, 708
36794, 270
54446, 528
54401, 166
17309, 162
53472, 596
42975, 658
54107, 784
37496, 344
27767, 927
47180, 415
39144, 800
23455, 379
67969, 71
50426, 399
68660, 148
28754, 144
10449, 174
14453, 472
41209, 663
4288, 192
24766, 891
2754, 925
47973, 31
18219, 608
51296, 922
16726, 875
4130, 186
41012, 99
24508, 943
41899, 115
52510, 429
2736, 824
60393, 119
13945, 355
64083, 292
37313, 509
10090, 396
5655, 598
73353, 926
62729, 440
5902, 734
69970, 953
5397, 798
51669, 465
19665, 947
63003, 343
52056, 698
63666, 67
47851, 339
67013, 66
65442, 889
35725, 120
52027, 385
30939, 760
27650, 965
4768, 898
30507, 123
59391, 514
61920, 824
17859, 972
31166, 93
78902, 476
36230, 115
33400, 885
40578, 406
6284, 441
65927, 264
75422, 187
21021, 735
4524, 351
67905, 75
24164, 958
32113, 89
78540, 561
18677, 433
63169, 28
50932, 784
19422, 299
31244, 949
65920, 703
12545, 506
9590, 782
2396, 154
77422, 685
34234, 816
60231, 629
27848, 972
14296, 505
9755, 170
23704, 364
11180, 872
42462, 87
14344, 220
18359, 575
50570, 194
74228, 350
69512, 610
50612, 53
18763, 990
66073, 660
22871, 790
20171, 890
34246, 770
40102, 266
70835, 857
74906, 777
26087, 18
53218, 373
59476, 972
73948, 701
47295, 874
65617, 991
60815, 162
74352, 871
34304, 569
27603, 422
15695, 494
23741, 933
61860, 500
19779, 324
36755, 94
39962, 370
78141, 7
27036, 664
45006, 799
51575, 968
23286, 451
19253, 579
45195, 167
57525, 691
35767, 836
39760, 537
61036, 798
68134, 310
54550, 577
61627, 49
54765, 439
21459, 688
38841, 60
68728, 954
61879, 542
7515, 960
77367, 69
77662, 648
21114, 15
62706, 604
24139, 229
14258, 811
73449, 902
43880, 994
55296, 35
10205, 88
52390, 880
60619, 969
23582, 307
34985, 919
73682, 418
60541, 864
78196, 234
23873, 707
20739, 316
3182, 197
68979, 573
64543, 695
68307, 430
3626, 894
63064, 159
45131, 826
62461, 196
26199, 610
28389, 942
75320, 693
26657, 642
1218, 81
17536, 373
35574, 761
57008, 781
38760, 75
55519, 371
56894, 65
25776, 844
47738, 523
4064, 95
19896, 105
33794, 522
73366, 886
50098, 515
3258, 10
943, 253
3993, 333
24595, 192
14653, 241
64495, 518
2631, 115
29041, 165
77556, 422
49739, 947
41649, 48
6622, 685
49282, 957
17257, 967
68459, 678
65397, 31
57233, 251
40075, 3
46106, 998
77643, 242
14359, 993
13662, 394
75635, 868
24481, 894
47033, 343
47343, 769
16372, 154
13851, 289
49069, 52
6041, 235
37262, 134
19390, 834
78520, 573
63290, 388
63476, 898
44925, 270
49571, 734
79272, 183
47431, 807
25438, 245
62353, 744
70343, 190
33870, 837
79432, 412
17415, 905
68855, 132
61658, 253
78070, 368
47063, 967
55603, 267
76231, 760
5247, 375
40119, 578
53708, 67
35948, 323
79456, 425
2573, 538
17008, 239
57968, 116
66551, 526
65158, 384
4357, 244
58216, 485
71014, 604
62222, 178
31442, 491
60862, 938
25216, 243
64356, 900
19625, 794
62983, 389
58559, 373
31392, 157
43407, 181
35190, 977
25615, 900
70033, 914
12737, 499
45817, 517
66681, 124
76840, 177
25021, 927
67585, 608
77595, 829
41917, 121
78154, 230
12728, 338
17926, 994
22492, 483
13690, 671
14474, 351
77329, 749
5995, 192
10507, 523
8928, 468
11750, 156
4543, 137
3298, 612
49426, 756
9960, 653
67558, 437
10538, 993
39086, 270
75979, 574
42744, 835
2878, 521
55723, 579
37829, 4
66518, 390
12455, 678
49959, 141
55225, 729
68284, 900
27998, 321
37460, 641
3256, 691
33938, 272
79819, 795
37442, 831
48189, 822
58118, 958
52785, 119
71219, 398
13330, 465
32597, 139
24644, 263
21472, 429
27415, 960
15004, 435
75013, 915
76711, 780
1041, 137
36671, 476
42839, 225
63142, 614
24472, 7
71685, 687
79298, 194
61478, 406
48402, 619
62223, 521
65449, 497
75951, 89
33825, 217
43507, 356
53704, 438
10217, 880
53721, 88
4868, 313
60599, 684
5421, 211
16165, 535
66874, 738
22688, 229
16817, 984
30298, 479
8828, 466
70887, 665
69985, 680
27237, 146
38679, 60
11892, 943
55282, 91
12066, 838
31541, 923
51322, 893
7162, 609
637, 27
19641, 832
22056, 768
72604, 348
49877, 461
50567, 332
62900, 4
45088, 77
29725, 87
48015, 772
21546, 377
74786, 734
61796, 235
6853, 572
46938, 571
15241, 710
21161, 955
5737, 280
45308, 23
33624, 955
70233, 689
2442, 513
6582, 681
4830, 877
37629, 577
16166, 944
42720, 89
25365, 959
77820, 515
34091, 791
17594, 674
43376, 731
2152, 923
5223, 592
43796, 719
69861, 481
20925, 79
21666, 218
30204, 525
39918, 379
60551, 30
34834, 781
65416, 562
60630, 270
42000, 384
56003, 215
57377, 343
44831, 783
17845, 98
14611, 778
19202, 169
47777, 555
19231, 233
20227, 199
35083, 743
65310, 377
55531, 775
25633, 958
7509, 127
15034, 983
23472, 910
61279, 930
40378, 934
43089, 477
64692, 175
48587, 762
46219, 642
62660, 741
74006, 525
78917, 148
76961, 862
42257, 24
76240, 405
38526, 286
46011, 115
51845, 945
8962, 83
6890, 514
58068, 903
56664, 441
3052, 383
56121, 628
72996, 920
42487, 207
48547, 872
75198, 15
19108, 765
52893, 355
45462, 404
59709, 709
23229, 681
52272, 474
61790, 646
74600, 767
35010, 843
40857, 575
41691, 668
49962, 80
33551, 448
76902, 247
37613, 678
50878, 137
77309, 306
18936, 536
35739, 973
52669, 74
14398, 690
26848, 870
30458, 711
25914, 843
37311, 897
12850, 717
68413, 426
38312, 170
4259, 906
40312, 201
14760, 869
51382, 556
65155, 410
78535, 6
41002, 853
58429, 279
16666, 17
79032, 346
64898, 590
25746, 566
8757, 527
57133, 99
5510, 747
67096, 756
70423, 491
14451, 984
30268, 982
1821, 360
6986, 894
57294, 255
48460, 217
38852, 989
63293, 375
18003, 283
27210, 414
39016, 357
46442, 193
53627, 402
8036, 34
72494, 219
68824, 346
5707, 742
59313, 52
59, 993
52808, 353
62532, 286
32954, 437
71854, 159
59071, 726
78287, 692
26484, 699
66284, 431
12762, 859
16104, 353
26148, 628
3389, 202
77157, 912
69386, 115
49232, 179
41280, 245
24553, 671
20001, 545
76587, 26
19407, 494
74413, 582
382, 872
64568, 432
68851, 579
24415, 404
32401, 311
38239, 893
28020, 57
69627, 898
5512, 426
11243, 345
29265, 863
28932, 221
18264, 173
41482, 144
43496, 109
56066, 568
12240, 732
31265, 700
5454, 570
24699, 192
53406, 662
63278, 784
41830, 574
979, 763
9123, 937
49838, 46
67459, 119
63893, 640
82, 999
23971, 484
42858, 53
3953, 100
7407, 920
79536, 775
2330, 137
67465, 420
17323, 545
28134, 937
8195, 175
51902, 7
59041, 509
68090, 907
10013, 485
8472, 182
75688, 934
35742, 361
69592, 298
2209, 155
73183, 608
20557, 679
77655, 235
33309, 423
50257, 372
19175, 822
63055, 434
25237, 475
76781, 129
69809, 452
56652, 881
70615, 78
38810, 25
662, 73
61311, 134
7393, 364
33495, 895
7091, 542
61019, 968
33692, 820
50892, 228
65318, 241
59222, 5
57999, 31
9414, 366
48629, 521
75461, 812
12404, 360
50256, 856
19435, 462
67725, 164
74202, 423
37611, 587
57388, 223
4463, 48
46816, 607
7960, 388
59287, 16
78952, 348
2067, 332
59324, 563
11192, 300
17356, 476
44870, 482
79393, 793
18924, 4
16006, 820
51571, 129
16885, 127
53043, 607
51702, 583
31839, 723
52398, 511
8811, 546
11341, 717
68207, 443
75896, 563
29581, 475
25074, 369
21172, 887
64375, 720
70040, 698
76600, 291
55126, 741
63985, 590
36714, 489
18124, 470
26065, 135
26504, 102
55451, 368
25055, 88
17868, 199
53977, 702
73967, 527
46989, 11
27406, 623
74414, 492
39625, 625
26563, 253
36620, 60
39669, 867
4946, 403
70403, 126
69631, 467
58100, 296
27775, 51
2158, 420
11954, 562
58909, 524
56666, 620
36100, 729
30691, 379
76653, 128
8422, 41
70820, 794
8592, 802
71791, 930
4472, 719
8243, 5
21109, 821
12160, 197
77264, 14
37246, 104
8823, 383
16151, 459
13039, 162
43078, 848
5954, 961
74707, 336
7518, 475
35234, 197
13982, 407
47009, 18
44523, 459
36555, 790
1077, 872
7548, 516
12900, 890
10967, 433
72887, 90
34848, 594
79116, 900
60208, 361
28354, 201
7204, 172
71465, 605
55376, 670
27687, 678
30903, 370
33076, 665
45662, 58
1037, 224
65898, 380
20774, 552
54411, 848
27507, 245
33160, 610
21848, 271
77218, 240
14149, 233
37932, 298
11996, 296
1164, 209
22968, 63
10085, 143
29653, 541
9719, 336
41017, 770
38159, 650
37824, 595
55969, 74
77006, 845
22190, 772
46373, 764
33182, 43
20758, 464
18836, 968
72301, 223
29542, 448
47014, 555
14640, 738
40493, 169
11383, 549
71927, 451
42922, 847
26344, 245
75755, 709
25898, 527
47517, 115
23193, 479
33637, 491
13980, 190
52926, 166
28727, 225
34946, 259
63127, 508
36595, 662
25545, 509
44357, 428
45764, 476
40424, 673
4695, 896
49662, 341
10888, 20
75579, 183
23277, 488
16129, 130
6920, 495
31341, 919
39575, 870
7546, 69
3335, 0
37508, 314
16480, 109
64554, 292
32305, 555
14807, 881
25183, 22
44215, 553
55306, 349
50250, 532
27835, 450
65075, 534
67289, 534
70767, 960
29194, 335
47500, 524
65472, 131
59782, 181
69578, 523
77087, 507
17969, 52
16203, 849
39139, 453
64358, 169
24652, 398
9045, 140
36583, 913
30316, 80
56465, 901
55901, 717
5115, 978
66078, 476
770, 167
10567, 31
9670, 662
71839, 416
12161, 76
63161, 724
49599, 276
66853, 186
27891, 211
62799, 130
72060, 936
54648, 351
3890, 714
7683, 247
19006, 156
77273, 917
76617, 641
53658, 168
11977, 569
3975, 857
28064, 308
53515, 463
61116, 857
1716, 764
57018, 404
57862, 285
26049, 913
2366, 659
47327, 239
29900, 281
33915, 648
68419, 287
10714, 379
20984, 685
67295, 830
66556, 623
20248, 829
68561, 441
46077, 799
24222, 152
72722, 465
37030, 511
69099, 196
44909, 761
125, 456
65130, 359
17824, 888
65167, 557
59112, 391
74993, 806
56128, 138
6702, 126
56371, 269
25796, 559
7511, 366
67591, 477
571, 580
55537, 238
3132, 925
72773, 268
70180, 611
45317, 85
16986, 646
48505, 594
45097, 753
78814, 991
77059, 651
73946, 451
15012, 846
29964, 851
39794, 312
45658, 669
66069, 311
43907, 464
48716, 848
40338, 421
44335, 174
70284, 382
41709, 126
39951, 507
57381, 114
3999, 341
36607, 816
24289, 277
50393, 976
3266, 999
9851, 700
7233, 189
34935, 579
55308, 954
27540, 950
19162, 87
73329, 68
57859, 890
5850, 464
2716, 694
18508, 846
79916, 319
21663, 993
24975, 76
42011, 907
34826, 531
8275, 1000
18987, 959
38123, 330
29702, 430
19129, 276
70133, 360
27899, 826
51108, 219
12857, 670
3327, 301
56095, 131
2303, 739
42632, 485
28514, 106
16475, 478
62723, 341
438, 711
54775, 933
24298, 642
47139, 833
51124, 288
69186, 668
63326, 412
73541, 946
60873, 464
47842, 622
30769, 533
27983, 431
20466, 489
65598, 923
32211, 541
76, 614
40044, 184
70803, 183
6624, 11
51991, 242
64899, 429
76874, 648
25489, 584
63906, 269
57874, 38
31787, 678
64108, 138
70945, 557
63543, 327
6732, 518
14657, 516
22140, 760
41546, 717
35477, 472
66236, 450
29505, 140
16188, 273
46929, 662
58037, 453
22214, 533
59760, 472
78424, 352
72224, 334
55393, 479
16389, 604
73037, 576
36679, 757
72815, 459
466, 910
21611, 447
21788, 635
64694, 862
70761, 821
33599, 461
12843, 370
29621, 687
5390, 358
42511, 114
65023, 214
60828, 806
76282, 558
29940, 725
75556, 370
26460, 860
62371, 964
41764, 44
8400, 472
59057, 59
41734, 331
43137, 502
72010, 487
18736, 479
12926, 508
74598, 805
64481, 621
55356, 534
40668, 365
42927, 671
20191, 312
39587, 507
12748, 360
57198, 328
26182, 657
59724, 429
27042, 998
19914, 550
57718, 852
17691, 446
56265, 219
72374, 30
17821, 287
99, 90
9999, 752
41831, 779
64542, 538
62394, 595
6066, 100
51474, 96
17689, 88
7164, 165
9569, 924
54219, 993
27898, 26
20204, 372
77908, 727
3113, 897
23674, 143
42340, 530
852, 832
65772, 943
18717, 977
53712, 694
79457, 915
38396, 403
68898, 380
24933, 953
8819, 68
8356, 770
68536, 181
27638, 748
49201, 406
49687, 521
9223, 665
18447, 465
24912, 986
34878, 101
72918, 267
44183, 412
25813, 235
10537, 278
68299, 529
54413, 423
24602, 809
7439, 303
2076, 125
48131, 557
26908, 12
3392, 962
31723, 501
33473, 850
48410, 631
52231, 702
47496, 472
17095, 712
45555, 145
17481, 662
58272, 224
71089, 619
17396, 236
61150, 282
29557, 991
4627, 612
7217, 367
30987, 947
24979, 770
17880, 111
72806, 902
78724, 156
54522, 549
56730, 515
27301, 143
12691, 919
38393, 668
39972, 717
56781, 309
59505, 120
29680, 525
6367, 668
46751, 384
10232, 595
55666, 676
27527, 471
76298, 948
17021, 98
2032, 797
20604, 543
9641, 30
63712, 301
40109, 726
7506, 747
14863, 944
51545, 622
57201, 190
78825, 286
55650, 221
1628, 613
61193, 874
10274, 70
18826, 232
35321, 780
35178, 860
53060, 662
50650, 267
1570, 877
1930, 229
39108, 57
34851, 46
25999, 28
21777, 246
52858, 625
67508, 319
65035, 73
70813, 25
4716, 293
51827, 5
78970, 857
12467, 434
7883, 455
58781, 5
5106, 784
12589, 798
33284, 305
61594, 727
67063, 894
52235, 644
9596, 835
49294, 280
74191, 29
27391, 895
73582, 364
2563, 483
15329, 849
36646, 422
72546, 367
26544, 507
26447, 424
69833, 522
27826, 378
70309, 471
13741, 657
71794, 53
15087, 844
23278, 701
21408, 613
12304, 496
58690, 136
61076, 589
49503, 69
56054, 817
21345, 476
43932, 910
47242, 720
54329, 468
55506, 656
58093, 419
44407, 516
72728, 490
65103, 552
36027, 789
19362, 913
63198, 600
13293, 79
40879, 456
29525, 878
64536, 470
17276, 170
55261, 905
48938, 39
202, 30
11723, 468
20703, 801
71912, 739
58976, 932
29659, 290
59119, 134
62484, 696
47145, 677
22291, 946
69008, 312
71069, 139
65620, 451
14995, 656
49269, 775
67361, 456
56648, 352
52747, 817
22141, 153
57277, 273
66174, 88
57468, 548
36681, 656
15778, 188
50523, 136
3900, 755
46791, 780
48159, 688
40218, 193
74120, 632
30404, 486
72239, 202
9688, 824
20086, 572
27427, 83
56491, 848
40279, 612
63299, 426
25862, 364
54410, 482
69517, 7
38967, 55
70055, 291
19293, 309
58267, 266
60201, 66
57814, 568
79476, 75
14587, 238
35256, 460
16756, 891
18046, 789
3550, 807
39332, 162
57280, 988
48086, 516
14854, 236
34359, 318
14427, 120
47322, 941
41435, 790
10356, 602
11815, 154
62548, 805
42493, 85
21137, 791
42297, 663
10517, 128
66919, 572
68746, 264
7165, 63
58202, 73
6088, 307
1403, 458
57651, 3
22040, 658
53631, 467
29697, 805
54075, 656
16162, 338
51572, 971
9303, 648
38615, 362
34947, 734
23039, 969
51092, 554
40740, 557
54458, 498
13762, 540
79441, 823
11641, 234
55985, 135
75146, 207
77015, 422
9909, 270
23430, 476
59791, 379
71233, 147
64277, 185
15415, 568
74797, 304
64161, 575
60820, 632
16830, 838
73619, 509
49032, 63
26096, 959
78131, 106
16438, 479
32896, 253
56269, 129
39117, 477
73222, 566
37029, 99
5019, 125
29238, 145
27126, 703
64850, 371
30101, 65
46333, 679
44942, 541
56617, 243
40223, 119
79000, 349
48217, 876
76899, 989
71052, 862
69047, 579
64085, 382
59244, 527
18325, 859
40662, 257
77124, 250
63058, 153
61213, 341
70698, 290
6260, 663
4765, 910
4909, 698
24944, 150
34926, 0
34307, 555
70885, 482
20999, 193
55742, 630
33367, 393
60498, 38
33748, 165
37760, 561
74837, 552
75605, 415
30749, 869
51452, 844
62988, 944
56708, 129
53194, 760
36708, 235
54339, 955
40847, 153
65315, 627
877, 890
79334, 528
2161, 187
874, 594
55791, 131
41881, 816
21396, 925
40889, 212
70679, 668
64839, 424
47575, 860
69447, 386
26883, 686
1115, 138
29897, 874
70150, 869
44972, 879
67342, 824
59230, 256
24865, 716
46220, 639
4871, 794
42401, 168
10326, 26
32928, 906
51149, 945
18647, 182
51232, 120
59569, 948
48713, 260
54681, 770
44364, 664
17694, 543
15131, 815
64234, 243
19516, 819
21665, 621
37860, 668
52325, 44
5220, 62
38559, 332
55845, 218
70882, 850
44057, 724
37159, 465
21383, 928
40945, 190
38576, 621
12492, 411
13147, 281
28837, 498
70178, 87
42303, 511
55648, 345
66829, 559
10141, 374
77022, 91
12377, 391
44124, 436
8394, 23
14990, 152
37, 871
79213, 61
64403, 879
6900, 631
14694, 32
46044, 130
6218, 537
79192, 198
57606, 307
68647, 31
7973, 772
7104, 785
72967, 501
65962, 635
23880, 438
46224, 485
66594, 663
58725, 453
44819, 301
15101, 175
58707, 575
76992, 46
535, 940
29514, 708
2338, 948
20559, 278
63601, 549
34424, 89
28086, 880
63344, 407
3664, 901
74679, 534
44492, 978
19222, 988
55694, 465
49712, 556
30879, 156
6301, 43
52920, 138
24574, 766
73971, 886
47290, 144
69406, 475
19373, 62
57449, 933
61847, 279
79449, 117
46950, 908
22785, 312
48869, 880
75321, 177
61527, 28
61672, 906
24212, 955
10173, 447
57100, 565
65679, 632
62293, 685
29880, 189
38643, 493
14715, 336
28242, 173
1725, 23
68442, 729
21272, 121
11152, 24
21426, 821
12481, 835
41481, 613
38688, 686
14881, 643
29434, 240
21468, 576
49455, 842
55737, 517
47270, 525
67615, 29
29892, 84
11026, 716
20383, 108
56198, 397
45500, 620
18002, 986
53522, 883
44911, 395
55978, 101
38730, 684
51037, 371
26964, 450
49950, 540
61395, 873
61805, 484
69257, 138
50873, 584
69245, 971
38285, 120
29424, 805
60177, 257
7410, 550
36943, 571
49072, 688
16029, 851
65486, 645
21301, 76
33883, 46
72530, 246
15432, 979
27343, 440
47207, 234
7232, 708
44610, 968
65850, 478
23079, 199
52846, 753
36361, 463
73333, 826
37661, 761
22207, 196
70086, 501
28539, 898
30388, 214
2690, 328
44303, 387
39578, 623
68752, 789
34027, 48
9160, 692
43451, 839
47969, 84
56123, 232
32084, 202
5015, 513
22861, 589
37429, 632
74059, 316
64782, 155
68258, 782
49460, 145
44781, 880
16207, 926
22772, 375
78687, 580
18546, 243
51608, 889
17272, 548
29755, 24
62713, 498
57259, 265
27213, 168
48331, 715
31554, 651
18135, 191
72600, 287
34249, 937
46073, 989
64436, 850
63757, 444
72072, 544
16214, 712
51808, 498
60394, 775
20419, 425
19397, 60
40855, 50
5064, 914
33838, 420
12711, 665
9006, 369
75929, 494
65661, 55
52830, 186
70935, 479
77305, 938
7987, 221
73607, 220
7423, 224
6641, 507
20901, 377
29823, 506
79411, 518
35836, 176
24946, 700
62291, 931
52583, 784
37222, 792
3260, 184
53621, 879
8671, 690
47866, 389
23564, 344
60001, 126
47365, 725
58015, 241
53854, 979
41465, 615
15858, 896
4592, 914
1003, 906
12344, 539
15186, 886
51282, 450
41120, 363
31002, 863
13219, 182
56362, 799
25084, 924
9085, 946
74618, 321
16595, 953
24243, 420
48164, 51
76216, 486
42670, 203
7653, 756
9363, 974
29292, 158
42066, 343
26427, 349
75760, 257
37777, 577
19122, 356
76448, 549
58537, 139
59680, 359
50722, 80
42458, 231
28311, 298
9113, 142
30637, 969
47329, 78
60753, 626
72389, 829
5088, 673
38335, 178
47884, 550
35766, 765
11274, 961
52744, 540
6324, 776
55768, 295
71757, 992
31677, 957
22010, 435
41880, 715
3421, 380
35499, 784
61747, 256
74276, 340
39463, 903
19270, 582
43995, 1
31197, 267
55421, 676
33668, 767
40152, 525
9067, 524
31672, 439
14827, 454
6448, 279
25198, 260
69442, 641
54426, 18
76468, 187
44239, 330
55546, 740
74935, 16
60799, 629
60643, 802
66543, 138
21874, 488
49577, 642
11711, 741
67510, 549
62779, 723
22736, 429
16970, 73
4274, 174
62828, 988
56195, 90
11422, 572
5369, 131
49804, 23
37810, 198
78730, 425
65360, 597
4024, 697
34922, 901
58209, 26
52157, 754
11047, 52
31186, 934
37702, 573
57207, 356
8503, 579
4020, 854
79625, 7
63561, 456
27952, 586
20990, 154
24732, 781
26748, 115
43520, 484
19224, 845
45976, 738
18997, 42
74675, 590
28974, 277
68252, 601
72911, 233
43915, 397
32639, 631
9084, 107
42085, 510
6647, 953
21020, 403
77559, 300
77807, 25
21346, 600
31490, 720
18973, 745
31673, 688
54916, 424
9121, 579
23921, 44
12509, 723
14273, 910
44476, 36
40400, 224
76362, 178
76411, 263
12928, 448
42375, 244
11721, 391
14575, 73
68250, 256
52042, 112
16990, 176
35610, 420
27060, 371
66483, 925
54813, 598
63642, 545
31926, 604
8407, 420
59196, 7
9312, 107
35155, 909
54579, 787
28557, 257
61052, 510
16118, 275
70595, 453
73429, 459
63636, 100
41059, 4
21827, 492
32474, 212
58903, 252
63697, 778
64189, 826
6100, 287
73985, 619
40283, 980
7778, 378
17408, 586
54980, 39
75584, 61
15297, 702
30281, 414
28667, 477
31791, 899
54293, 50
49754, 963
38168, 590
60545, 105
3584, 730
37102, 151
39438, 361
54083, 420
2163, 363
37480, 978
34553, 286
77356, 437
58431, 260
19126, 571
33771, 78
63429, 472
44689, 581
68530, 479
42145, 354
45003, 697
22598, 672
74771, 187
27491, 891
54596, 484
73220, 14
40595, 452
7674, 53
54524, 813
66641, 564
10135, 774
62816, 427
56203, 192
3797, 569
53282, 149
78621, 928
14621, 11
52537, 268
73991, 222
8859, 581
73611, 644
56192, 420
19136, 794
33025, 353
5458, 647
29327, 699
36275, 758
43908, 15
78308, 182
9813, 624
74954, 40
56710, 585
43489, 988
35732, 837
17866, 40
59516, 247
17936, 109
75945, 306
34269, 657
63590, 27
51209, 903
12373, 500
40845, 27
77687, 925
53356, 324
7418, 247
757, 163
17159, 578
52308, 567
57585, 220
75940, 791
13882, 503
39327, 228
581, 665
1188, 437
72590, 638
13259, 981
38674, 843
7365, 570
72645, 976
25446, 75
11348, 780
34836, 863
23981, 290
29776, 680
65057, 409
12307, 30
12882, 54
34876, 740
8040, 312
13061, 525
24834, 965
62638, 766
71488, 797
1990, 443
49031, 762
27128, 573
10223, 169
48362, 873
59426, 534
65470, 120
51893, 576
3181, 657
58123, 325
39998, 28
49043, 717
11974, 296
4772, 691
67688, 294
67633, 453
62390, 315
558, 745
6321, 769
61234, 855
21655, 242
19828, 171
72177, 647
6488, 960
67589, 896
20095, 77
3471, 996
23493, 414
47788, 773
13898, 167
31744, 474
36625, 16
2101, 106
43010, 663
55688, 686
49132, 66
12237, 799
16215, 677
39256, 330
49168, 487
6626, 967
2941, 177
25634, 372
38623, 779
58351, 148
35259, 567
67694, 813
22257, 100
8008, 326
50538, 777
54182, 613
2604, 975
46476, 928
40991, 229
6169, 597
68486, 70
9696, 866
50893, 279
29831, 646
60482, 905
25159, 506
37474, 974
51914, 406
43462, 409
67225, 860
38352, 546
69153, 91
6396, 254
78150, 915
72502, 863
4389, 694
26424, 172
7571, 564
76595, 854
39090, 55
59704, 701
68103, 958
15517, 415
57407, 600
32943, 39
31463, 692
62634, 928
35472, 905
69485, 910
63765, 791
42757, 765
38761, 346
28011, 11
61078, 460
2997, 551
57216, 988
69477, 188
46235, 485
28225, 547
18115, 780
19507, 33
27706, 570
54566, 261
53991, 480
33014, 692
29628, 259
34804, 571
76625, 283
16180, 807
20118, 376
23687, 81
46452, 555
77110, 650
10948, 547
48378, 151
24640, 29
40714, 804
48774, 791
54929, 777
4454, 938
56173, 73
67176, 626
62564, 110
11770, 488
52186, 126
59484, 485
58042, 984
40194, 469
41193, 991
35066, 863
51664, 86
21997, 655
45017, 898
68576, 126
22995, 61
14857, 223
31185, 456
50702, 320
52820, 313
3536, 804
32455, 781
16433, 561
69279, 781
65151, 83
13577, 234
69671, 132
6968, 522
7700, 580
9598, 146
37712, 287
37354, 306
3240, 157
70644, 203
2462, 87
51451, 428
57649, 249
25674, 914
7611, 975
15495, 803
69293, 801
20887, 212
14688, 710
24837, 620
48882, 663
28716, 495
10419, 175
44816, 923
18372, 632
38394, 735
21353, 978
30448, 372
25759, 476
16429, 294
19302, 825
51422, 277
53906, 322
8063, 117
66774, 113
7037, 304
44432, 831
74686, 830
7494, 341
42064, 164
64953, 272
21999, 412
2549, 278
17700, 708
59269, 434
55464, 946
13665, 516
5406, 693
15851, 109
22950, 339
37667, 225
43200, 207
27185, 805
27253, 330
15707, 918
71738, 694
26931, 754
40375, 834
61122, 500
78937, 120
68649, 420
52585, 231
3109, 899
78102, 355
59030, 634
9831, 607
66231, 279
20487, 372
69624, 144
71158, 98
3488, 399
42769, 461
7768, 934
15925, 195
57962, 899
10101, 180
26462, 948
11921, 482
38584, 251
76238, 273
30459, 519
31176, 500
51170, 526
28132, 473
47202, 391
47769, 920
75231, 310
33187, 479
39515, 107
70605, 908
66825, 78
47194, 233
77526, 798
43260, 756
76054, 273
52829, 463
55342, 849
38975, 861
25612, 282
33719, 102
9315, 782
30595, 682
53536, 194
67680, 971
19623, 735
50184, 162
5249, 570
3426, 697
610, 476
44949, 529
32959, 281
12782, 562
66482, 99
65736, 147
78749, 592
66504, 605
72721, 307
23394, 468
42286, 335
18714, 726
5215, 156
49281, 756
75639, 763
48715, 683
52478, 143
15479, 984
2940, 195
12683, 720
47941, 802
53937, 945
237, 222
62399, 963
1625, 310
18184, 320
59105, 220
43613, 400
55390, 270
17371, 772
1482, 833
12445, 350
71289, 869
24696, 107
18068, 265
4539, 304
5349, 860
37167, 639
65863, 852
60906, 826
1509, 542
51623, 456
3741, 997
78662, 135
52020, 568
53489, 556
68008, 790
30025, 2
65488, 562
63159, 307
54708, 997
35508, 437
68947, 473
35203, 983
65210, 62
44268, 458
78346, 611
48091, 501
26771, 727
29370, 386
45671, 812
18390, 129
38050, 352
23567, 854
67012, 490
71597, 982
77047, 409
16070, 645
34444, 74
74381, 185
64430, 329
79669, 184
22183, 188
5443, 113
45990, 320
59026, 279
71406, 747
27223, 545
67526, 256
77792, 764
75071, 207
67879, 867
77570, 968
40268, 860
39782, 845
11000, 6
63577, 684
22288, 656
43666, 195
20037, 664
73612, 518
35381, 232
61843, 102
49619, 187
75213, 922
8046, 426
33073, 73
22114, 136
11109, 624
47111, 396
39347, 169
70076, 111
76859, 971
69100, 30
75171, 384
52340, 416
26077, 621
56082, 723
55382, 776
1008, 129
14942, 443
72647, 363
15879, 393
1916, 489
74464, 957
63062, 897
78408, 841
23940, 899
20441, 95
64563, 920
9056, 149
51671, 263
23258, 419
62063, 438
39558, 92
46467, 751
1752, 782
17607, 114
79117, 457
74158, 38
20621, 427
36832, 832
5000, 568
4122, 121
73630, 905
15105, 480
35365, 371
23548, 293
21672, 708
10010, 636
47485, 736
55220, 569
7533, 758
38177, 233
17264, 213
42882, 75
2877, 833
23268, 654
28167, 386
56124, 185
78766, 490
4091, 445
36947, 607
49663, 26
22076, 486
52733, 435
75022, 203
16633, 798
73975, 36
37016, 265
13868, 521
66125, 960
55817, 37
50008, 625
40095, 902
24456, 34
26035, 594
1699, 10
21532, 760
512, 685
78005, 942
31593, 179
74135, 859
12785, 236
43437, 530
73059, 633
21593, 604
32341, 947
2036, 223
11913, 904
11715, 289
68507, 978
61621, 656
68871, 194
17687, 332
3971, 637
5159, 119
67309, 319
34698, 63
75614, 96
8894, 444
47154, 257
31559, 517
57648, 333
11288, 758
28249, 646
68369, 744
69941, 519
77552, 949
55253, 131
65358, 677
35340, 811
77743, 440
31390, 181
32203, 170
1463, 622
39949, 210
49973, 120
72958, 602
62500, 967
16856, 777
52273, 350
52405, 153
16017, 504
11458, 97
58459, 960
25467, 665
57613, 524
27627, 422
38203, 119
27677, 509
35116, 857
75300, 682
16588, 828
32527, 6
55349, 395
30888, 850
51246, 961
56115, 404
58445, 890
16216, 271
61890, 650
72184, 409
73448, 575
56424, 611
42878, 870
58080, 846
33490, 592
25228, 646
2322, 24
60843, 84
16887, 955
2551, 699
59937, 156
64219, 995
31676, 634
30265, 914
22510, 830
65553, 519
32232, 599
2054, 309
48380, 322
13240, 580
41364, 605
54866, 289
7553, 955
62524, 917
11567, 337
13915, 662
39340, 773
7213, 870
68833, 781
37985, 725
30007, 673
37791, 27
54987, 161
23032, 354
41558, 934
37734, 528
4865, 602
31124, 128
24134, 293
18241, 503
17527, 739
28926, 949
61840, 94
62605, 300
78656, 89
76363, 861
4391, 193
50331, 648
50605, 317
38405, 724
76528, 290
62363, 792
42495, 250
22405, 992
4339, 972
70009, 488
78627, 627
39455, 34
3724, 745
10181, 129
11732, 265
74249, 656
64184, 871
59533, 703
9717, 235
45388, 120
60477, 465
43681, 336
4564, 277
22471, 283
64513, 855
55538, 148
52177, 895
22956, 981
19070, 454
31752, 500
6688, 706
49544, 613
74069, 738
63016, 644
16212, 554
69127, 365
1228, 109
75174, 127
72614, 816
5580, 639
25568, 247
15139, 61
46660, 420
69731, 566
25526, 471
43922, 847
34420, 472
43276, 67
3612, 478
70031, 449
67437, 945
76022, 388
32553, 279
64364, 857
78073, 301
8033, 922
77455, 253
70140, 621
16512, 217
63317, 68
46845, 133
72523, 290
12279, 701
32906, 973
46606, 244
41852, 939
58048, 729
36862, 219
21843, 530
8645, 987
72231, 704
70932, 472
72, 185
57130, 26
50353, 943
65733, 671
74792, 949
24665, 424
5871, 909
74781, 826
63554, 290
35101, 381
71282, 448
7623, 654
55060, 64
66617, 622
31621, 3
53523, 509
35016, 72
29403, 419
51749, 778
31026, 239
43903, 491
23826, 512
739, 138
16048, 660
22158, 261
72348, 538
14099, 478
64527, 768
57843, 237
66486, 295
23923, 432
45663, 915
39372, 280
51908, 668
449, 582
36082, 994
19701, 898
72156, 206
69817, 729
11356, 977
66173, 612
37759, 394
46676, 124
27578, 646
19953, 235
13264, 632
54674, 355
25734, 901
9475, 662
24821, 823
38070, 129
24432, 284
54671, 818
52463, 10
21158, 730
33976, 523
10639, 638
70470, 818
34260, 450
42002, 308
72771, 846
5261, 131
47221, 367
40185, 521
6132, 326
69350, 315
2275, 528
35649, 732
30835, 177
35129, 6
26694, 936
48414, 963
1059, 99
6352, 284
67851, 628
74018, 437
26570, 871
33800, 833
72337, 648
79224, 343
37193, 730
3484, 948
75659, 42
40054, 541
57300, 333
76736, 573
35412, 771
33897, 329
35864, 48
54670, 931
60148, 775
54246, 366
36174, 899
59257, 571
74636, 257
35436, 967
17108, 623
56383, 140
3712, 927
30770, 105
31924, 104
62433, 849
56589, 382
53816, 81
2485, 183
44535, 154
34347, 566
78886, 66
52949, 452
32820, 904
64095, 555
56989, 476
7240, 19
58466, 546
6431, 37
73264, 582
20137, 925
24791, 455
32179, 201
59960, 235
56861, 205
58993, 666
76086, 67
74828, 285
16878, 345
55904, 633
64934, 965
78137, 113
75236, 355
46612, 151
24274, 934
25007, 827
65657, 401
28387, 960
61391, 566
47077, 351
3143, 384
1682, 683
78165, 823
29359, 123
75123, 452
36204, 732
44052, 128
49748, 590
30867, 306
45919, 150
6998, 172
70922, 56
8217, 676
11264, 859
51378, 547
41921, 526
9501, 912
62480, 387
34667, 687
59825, 904
73484, 857
38274, 808
74336, 466
54482, 215
32800, 684
13343, 461
64209, 190
43576, 162
71650, 983
55887, 41
77185, 834
2737, 116
13315, 994
28856, 652
68440, 235
18286, 958
42341, 949
76807, 146
76366, 799
3720, 162
42867, 194
21685, 924
57701, 667
20010, 845
45563, 70
17051, 984
68001, 241
12807, 669
64550, 473
467, 29
14583, 6
24929, 81
30120, 508
54984, 793
16205, 382
14616, 916
68685, 127
38580, 757
30985, 81
28300, 400
31440, 962
74040, 0
68570, 650
61477, 173
74955, 129
60039, 418
79065, 181
44944, 469
22577, 10
44895, 448
67592, 320
55513, 268
22826, 853
13099, 813
36088, 811
28067, 380
69576, 318
56415, 708
16388, 40
6205, 524
68725, 292
13051, 371
69935, 616
68138, 230
38696, 303
79854, 757
66388, 392
61264, 247
12681, 239
61548, 35
11896, 743
26745, 588
34734, 586
30908, 950
57369, 119
73452, 446
34682, 945
63207, 442
77221, 729
2278, 53
19826, 108
57729, 144
22592, 617
28215, 901
36190, 217
3046, 395
37530, 846
18483, 324
36040, 766
58785, 115
73025, 609
66141, 811
27364, 804
76279, 25
73939, 590
17498, 993
79012, 443
2505, 281
9578, 345
10442, 165
12573, 870
57495, 663
36249, 789
64562, 59
55654, 565
12403, 476
35701, 936
56086, 509
44528, 155
50506, 494
18905, 486
38249, 128
54007, 645
19379, 744
44746, 672
33861, 445
50017, 53
74727, 823
2734, 764
57987, 419
1529, 957
30205, 765
52869, 461
40863, 700
56964, 739
79849, 449
61965, 276
1369, 826
32871, 530
57803, 743
41655, 208
27533, 749
55878, 964
40407, 845
27847, 583
14926, 909
13115, 540
57552, 106
14270, 170
5631, 68
16942, 42
51460, 183
47297, 279
14878, 663
20400, 952
36243, 638
40830, 906
28144, 206
28546, 956
61180, 89
16748, 35
49077, 638
6076, 628
46553, 948
178, 962
12210, 487
9050, 926
79339, 670
79033, 509
9896, 683
28269, 893
66248, 136
32742, 3
23270, 999
15337, 703
75894, 93
74951, 974
77266, 516
32344, 81
58214, 840
59276, 9
6029, 9
15187, 183
74696, 489
75076, 417
75127, 121
51402, 557
36826, 749
20195, 795
1910, 614
78401, 20
16758, 496
36647, 146
36447, 504
18939, 921
65946, 369
64705, 118
64972, 858
11006, 694
39259, 85
3439, 336
78084, 68
9541, 730
56373, 252
55982, 456
15348, 40
65371, 896
55033, 28
736, 553
76128, 284
60012, 162
53099, 882
13251, 20
73882, 349
39940, 455
75853, 697
66575, 219
71075, 990
59810, 127
20008, 677
60234, 460
53186, 755
58434, 174
3697, 448
55911, 63
41131, 36
347, 905
53502, 471
45024, 793
68302, 154
34703, 468
48577, 138
26968, 84
5652, 715
59267, 967
5986, 29
57065, 346
78940, 184
7489, 853
11946, 844
22093, 926
1132, 376
78683, 952
26960, 174
69276, 621
40628, 490
61276, 299
28154, 935
53697, 490
18158, 572
27632, 52
18631, 491
79711, 136
37852, 634
24196, 907
77357, 720
74025, 236
35626, 806
68843, 376
52634, 431
53570, 221
75955, 108
70052, 705
45346, 375
38953, 300
4402, 172
34441, 931
73799, 405
65419, 101
79940, 73
79157, 446
36368, 569
28294, 916
25421, 240
24457, 79
2998, 338
66007, 605
68024, 757
52213, 454
30414, 905
17228, 780
120, 871
6432, 390
48641, 471
3094, 175
63143, 855
58151, 6
50230, 601
56949, 390
44704, 139
79840, 739
20642, 841
29529, 759
37510, 638
32237, 425
65798, 917
18164, 9
55767, 486
55203, 143
45785, 998
57677, 996
37097, 328
71045, 645
24406, 607
24459, 93
12495, 85
72551, 311
41762, 462
9195, 884
29889, 130
29922, 958
57892, 411
52236, 386
71447, 236
42205, 862
67066, 99
16737, 42
42171, 204
74815, 560
72029, 279
24089, 941
57713, 654
68623, 387
57202, 24
5952, 343
10728, 255
63781, 949
1153, 252
66813, 515
13563, 252
63457, 58
32386, 422
5598, 685
39477, 166
41771, 921
34259, 136
38653, 777
20761, 671
19165, 344
32434, 109
48456, 220
51628, 452
17564, 677
69588, 97
35918, 825
26238, 512
54224, 388
20345, 334
72164, 583
18461, 124
28055, 218
40265, 252
53508, 844
18433, 460
66314, 115
11610, 517
17275, 354
12803, 925
24695, 159
56516, 917
62997, 339
19384, 560
56704, 797
15793, 711
31293, 939
38444, 463
32315, 836
76174, 709
4258, 29
9133, 516
40020, 337
68148, 785
71582, 755
72080, 482
55351, 246
31644, 184
28076, 622
6249, 33
63331, 555
54799, 336
72790, 227
16979, 448
9829, 665
50950, 592
47468, 273
31418, 220
52806, 650
28022, 324
2057, 694
35547, 940
65921, 238
53725, 813
69842, 15
18206, 52
48728, 408
79385, 157
11670, 909
10268, 9
17524, 726
9079, 447
46361, 135
72004, 632
39418, 849
43724, 465
73461, 6
38275, 638
32608, 394
7628, 464
9365, 54
17439, 219
68221, 141
36015, 477
34464, 579
49723, 401
28971, 677
15598, 739
38665, 886
79954, 619
59261, 914
39605, 391
51357, 971
20271, 575
56467, 667
57306, 153
11246, 294
42223, 866
61233, 404
77777, 472
77828, 63
59326, 460
58023, 16
40853, 578
11586, 390
76105, 849
38909, 899
12368, 596
22996, 612
77119, 726
2104, 884
54618, 833
41391, 878
67430, 718
68496, 332
52603, 332
61376, 35
70301, 330
40799, 65
53284, 444
19303, 614
9057, 836
40409, 494
76123, 138
53601, 848
58477, 436
59568, 487
28865, 521
645, 676
24261, 422
60391, 169
2493, 834
68925, 313
67774, 655
26360, 905
5752, 641
15209, 834
28312, 18
45527, 645
74315, 834
48542, 792
40775, 945
68531, 39
33370, 293
30719, 332
25770, 464
38343, 34
75918, 213
35541, 694
48864, 301
15773, 677
10783, 295
16851, 608
57928, 602
24995, 646
34342, 454
61134, 633
28949, 312
69495, 574
37382, 275
60526, 669
78161, 168
36513, 76
35722, 423
52624, 358
56141, 824
56851, 413
24989, 541
15649, 991
23264, 221
16268, 969
69778, 508
26187, 675
60814, 411
3569, 221
66457, 626
73335, 934
36772, 416
17329, 294
20838, 112
73104, 445
5904, 975
64014, 183
44293, 987
21096, 767
25453, 406
17548, 85
75617, 908
5466, 484
6774, 385
73019, 36
39295, 677
26731, 2
67511, 840
49379, 636
2157, 834
18896, 337
594, 586
72194, 865
34780, 229
66048, 870
55986, 356
33253, 624
20356, 218
37615, 979
40443, 370
79814, 352
30832, 510
27645, 889
822, 818
65852, 86
12054, 490
10040, 87
39781, 401
12800, 557
19112, 522
38650, 471
33167, 290
75301, 929
12173, 65
72817, 467
42890, 225
1448, 611
5675, 296
39909, 152
6499, 929
37446, 554
59173, 129
54051, 710
57150, 953
60904, 881
46451, 25
65837, 753
76826, 814
6314, 621
37727, 974
10519, 60
10297, 721
6804, 184
27702, 405
31980, 942
497, 411
51531, 112
34486, 544
56615, 272
42714, 816
19544, 334
65820, 6
68567, 849
65331, 526
299, 488
32919, 440
13765, 706
6872, 60
15567, 535
66473, 276
25089, 606
33116, 685
34149, 469
17235, 850
4923, 49
66675, 592
42323, 647
9162, 824
7525, 879
3246, 539
3216, 840
40287, 520
12599, 867
42128, 16
66667, 502
50142, 404
12306, 57
1219, 486
73812, 946
41334, 149
73281, 291
51831, 845
61017, 613
21895, 388
73816, 39
38952, 937
32519, 273
69331, 748
8049, 497
3514, 507
72207, 405
67730, 864
48915, 333
58418, 913
15978, 684
36332, 1000
43050, 841
6378, 87
74348, 911
48370, 358
37360, 494
60315, 499
27380, 92
18815, 75
23866, 987
53000, 468
77898, 390
70142, 174
34283, 948
69906, 92
37491, 886
12855, 653
10687, 760
57686, 241
55558, 997
37782, 922
53994, 400
30337, 367
74819, 664
55424, 913
74820, 458
74617, 103
17063, 57
22811, 883
16989, 521
74669, 172
44311, 964
34801, 265
49858, 888
11393, 890
37179, 190
39646, 199
3442, 330
76442, 889
24364, 918
55770, 534
72193, 860
48099, 145
40630, 760
55009, 694
15267, 70
36677, 40
55880, 632
8052, 609
38361, 201
76706, 678
33906, 712
62396, 230
70980, 36
71531, 423
26656, 30
75695, 595
12110, 851
41232, 513
49819, 952
9503, 729
16193, 635
70059, 49
34316, 473
7397, 68
19923, 639
1895, 364
38843, 831
18374, 495
17065, 868
51193, 721
47793, 988
40053, 529
4080, 570
49293, 305
45707, 292
70340, 777
64538, 367
2788, 953
49008, 817
66573, 305
7771, 725
51516, 216
29849, 223
938, 515
27143, 801
68887, 996
39961, 410
27444, 132
29748, 50
16921, 53
10368, 786
51631, 432
68161, 622
73420, 416
23111, 309
46066, 37
78044, 393
36234, 534
72748, 5
32383, 967
18570, 595
65357, 768
66017, 175
57424, 898
20078, 786
68963, 858
25859, 26
45501, 874
29128, 790
24336, 686
64023, 530
63711, 975
54314, 348
69546, 311
49081, 354
46585, 548
30041, 292
43115, 736
58650, 242
14782, 599
17267, 551
22409, 435
37697, 614
31974, 66
62416, 647
24733, 637
17825, 765
10480, 273
78615, 92
60712, 549
4059, 393
49386, 970
11615, 693
3568, 824
56505, 14
51048, 686
79835, 292
71739, 576
66592, 242
79616, 480
62432, 981
55517, 909
206, 738
74700, 792
2354, 144
21110, 335
45715, 962
36822, 942
46450, 593
52632, 847
46012, 160
78020, 275
67842, 692
7809, 551
59640, 263
22248, 548
41993, 151
11163, 895
30304, 64
28533, 551
29941, 267
31107, 213
75234, 766
71926, 637
55522, 144
50070, 234
60792, 239
37472, 143
3198, 783
42513, 152
35161, 310
75611, 663
73251, 652
25652, 259
1727, 394
25105, 665
22164, 627
34492, 789
68399, 202
6419, 412
47085, 266
4842, 759
15951, 996
64601, 649
39655, 725
45251, 628
39913, 386
14803, 629
102, 794
9187, 602
65805, 568
55185, 385
50315, 88
60808, 250
63522, 928
12438, 739
46133, 153
19058, 46
10269, 512
72273, 995
35846, 6
39576, 934
12179, 165
13205, 862
1546, 204
43845, 453
51241, 853
75164, 977
5018, 364
16535, 826
18575, 530
15659, 986
76335, 155
40134, 721
71167, 242
37200, 680
27986, 220
56762, 870
31058, 671
73670, 902
32292, 246
24256, 723
26537, 361
45778, 762
8989, 580
76941, 511
34393, 512
58054, 86
55746, 875
36162, 917
58437, 162
72697, 434
53955, 151
26073, 393
18178, 42
5736, 86
59373, 50
57635, 701
16335, 137
2680, 787
68290, 834
77703, 523
69513, 493
59687, 792
58897, 788
22880, 741
30219, 66
41911, 2
61071, 396
15849, 549
67609, 631
60546, 799
71103, 399
66674, 243
13533, 462
15799, 342
39064, 615
19156, 500
20461, 187
41783, 864
50917, 272
66988, 732
77353, 452
40946, 70
56789, 460
22452, 927
43429, 944
46637, 190
17800, 820
11704, 237
51162, 731
31669, 625
30369, 98
72047, 549
19869, 141
74614, 801
46969, 500
63465, 584
21778, 88
4081, 991
28851, 316
7836, 651
58671, 82
17894, 589
50300, 415
22590, 645
72167, 288
78043, 524
49182, 239
16072, 379
74197, 182
63485, 826
76249, 259
19197, 136
577, 837
60529, 510
5888, 822
50481, 315
13393, 965
19148, 333
59892, 421
64581, 849
29938, 780
47736, 757
17589, 865
57464, 291
66916, 358
51513, 554
43416, 581
30602, 302
51554, 70
55781, 489
33711, 692
4229, 23
60922, 609
61427, 118
11190, 151
29986, 961
36695, 454
49028, 915
4990, 557
52859, 434
29439, 765
13889, 303
79011, 764
22246, 326
14047, 439
62902, 98
77038, 239
67673, 1
58701, 500
3954, 309
63836, 242
51245, 284
11069, 837
15223, 128
33312, 691
69596, 732
23378, 849
18623, 435
18081, 801
27048, 973
46349, 497
46903, 282
60448, 83
14029, 169
36678, 415
46031, 71
25458, 267
72386, 245
17071, 505
59194, 325
5618, 316
31891, 873
68951, 24
22507, 465
4862, 666
10830, 256
66041, 314
20373, 64
58149, 831
74822, 548
23130, 244
73766, 693
42679, 892
61175, 642
65636, 442
71886, 419
49057, 249
2443, 772
25271, 828
53330, 666
9661, 944
24007, 429
69865, 520
55347, 895
37393, 637
72483, 510
16549, 682
76605, 973
38718, 375
71795, 578
21712, 654
13252, 39
78001, 642
49833, 292
38525, 620
17833, 587
16903, 652
2034, 436
2797, 446
13458, 165
36016, 829
71426, 708
75628, 453
9344, 956
30959, 252
73253, 982
73500, 6
49562, 251
72244, 592
61178, 705
60857, 600
39250, 43
49445, 806
22587, 322
10594, 694
11056, 259
46943, 937
46342, 330
68393, 212
60949, 918
22809, 101
69984, 532
61561, 308
27631, 282
5500, 246
56414, 680
12391, 240
73953, 781
21802, 832
63384, 334
30270, 486
5393, 100
559, 845
33184, 90
1933, 418
41875, 352
34513, 428
66370, 918
65260, 405
16731, 719
49456, 886
9785, 478
57789, 770
25295, 466
50889, 133
64066, 532
21325, 30
58372, 314
79200, 622
44514, 97
10190, 845
11053, 375
11557, 24
48887, 497
36724, 540
56117, 753
58306, 753
45182, 209
68825, 140
37895, 204
16042, 120
27743, 772
55312, 547
33240, 514
68642, 343
75095, 963
40410, 993
59540, 503
40001, 266
25267, 85
30210, 176
899, 122
18346, 411
45332, 961
8896, 977
19459, 410
69248, 422
22824, 963
21917, 213
69309, 937
5684, 979
7054, 407
55819, 184
73485, 855
5270, 1000
71489, 355
11411, 356
165, 354
5981, 101
11539, 384
52752, 607
14950, 384
52260, 123
14001, 528
42930, 406
63014, 784
18444, 164
70006, 778
13726, 859
10401, 605
17188, 364
61711, 881
69202, 56
64710, 234
32626, 567
38427, 617
71990, 686
1616, 188
18009, 181
43612, 69
76414, 851
60409, 741
55466, 141
78278, 508
54068, 460
96, 974
48490, 893
65716, 278
10061, 221
76467, 463
53122, 145
65269, 689
39405, 20
49510, 422
74407, 987
5110, 676
5473, 243
29713, 230
31327, 266
3820, 846
8460, 733
12251, 691
50809, 65
78772, 986
12924, 180
44134, 504
64308, 863
2758, 95
66548, 928
30262, 688
44318, 664
50407, 65
64362, 752
24018, 283
17265, 890
36005, 41
61440, 876
15733, 185
50948, 997
42442, 194
77165, 474
16192, 660
44791, 54
3270, 938
38624, 796
68629, 786
42520, 279
60538, 100
71299, 700
73791, 381
9615, 721
47150, 873
14554, 366
18598, 371
42179, 196
64846, 840
53609, 412
20701, 647
64549, 926
10192, 437
55964, 236
34467, 167
8897, 344
56361, 453
9107, 124
31146, 327
62240, 853
72430, 568
73691, 258
18114, 784
2121, 671
37622, 321
44418, 440
14960, 735
65862, 175
19209, 131
65720, 647
53357, 726
44431, 907
3847, 388
32240, 345
32171, 500
63244, 449
58451, 8
11773, 601
12731, 359
24868, 330
50079, 702
43316, 486
79006, 526
12652, 26
74780, 336
23008, 505
78052, 928
49722, 440
25401, 962
49147, 374
72693, 843
62991, 774
55069, 508
20946, 468
34061, 636
53572, 231
49954, 163
33821, 321
16412, 419
10543, 909
56208, 395
28365, 585
4705, 861
23052, 667
32785, 209
19739, 420
64715, 793
35931, 284
7001, 5
17897, 580
62040, 208
17690, 257
19710, 528
32154, 125
26085, 536
77609, 756
79296, 615
16668, 925
51837, 374
51674, 920
72813, 404
10000, 836
59615, 536
73077, 514
36152, 734
6079, 397
61007, 451
51630, 210
14163, 453
59303, 307
25597, 710
37581, 96
14594, 776
6492, 715
76186, 384
52907, 697
79237, 988
35816, 355
50010, 937
17206, 376
64803, 266
5073, 212
12082, 779
10673, 311
66293, 623
64434, 927
65919, 216
47999, 881
38321, 278
48484, 188
57076, 16
37469, 761
62133, 821
20149, 776
2870, 791
56339, 310
33441, 712
25579, 505
17405, 39
37544, 681
63752, 741
76904, 458
2008, 753
9954, 368
34754, 710
29654, 647
22884, 856
70668, 23
49899, 646
69028, 988
42291, 551
48115, 787
50422, 380
26832, 504
29547, 38
65525, 42
2024, 253
62511, 947
25148, 110
49741, 220
15047, 459
43105, 351
17352, 674
61516, 633
51144, 806
73626, 863
49784, 992
36117, 252
8489, 95
42071, 76
79613, 257
3778, 672
11613, 72
76965, 298
39287, 692
15293, 530
33422, 759
70680, 347
14667, 884
72325, 12
60772, 183
73018, 347
35695, 992
69098, 162
13935, 63
52870, 22
53042, 791
46352, 955
23930, 505
37435, 174
22486, 704
37425, 506
23728, 414
62744, 764
74536, 269
60870, 272
30537, 711
43332, 756
73160, 200
74919, 72
5245, 662
28824, 432
31778, 594
39488, 485
1508, 41
48582, 546
44061, 882
76767, 237
30833, 936
54685, 22
29507, 176
71267, 716
24367, 569
12479, 661
64500, 556
29227, 263
75286, 157
8672, 573
56234, 417
61647, 622
78650, 221
32524, 528
25299, 686
30061, 318
75318, 852
25710, 77
10502, 771
63842, 577
20674, 910
5634, 720
40967, 216
14211, 91
39767, 110
43046, 188
54180, 584
59730, 643
4321, 476
475, 790
1301, 350
24041, 731
78391, 848
9712, 503
31083, 20
26562, 200
43007, 319
9377, 558
53545, 14
78742, 762
17210, 422
73105, 852
26319, 134
64977, 41
6026, 267
17392, 593
40603, 486
75442, 881
71443, 75
72532, 710
31759, 309
55540, 986
26543, 65
64900, 10
28990, 513
15632, 270
34736, 264
49523, 794
32467, 131
17139, 149
30394, 280
46960, 877
64763, 395
79008, 689
28894, 289
78605, 386
19730, 539
68429, 482
19107, 240
4106, 597
26067, 341
75588, 912
55195, 540
57629, 56
59849, 267
29568, 490
63918, 267
43345, 887
12136, 473
3152, 476
20881, 838
75548, 440
43548, 531
66887, 684
68917, 598
73858, 286
50447, 303
21812, 423
12407, 869
33911, 729
69877, 447
35738, 550
72364, 858
1256, 259
40726, 724
69188, 319
38949, 178
25085, 569
48203, 224
54568, 386
22883, 633
63047, 62
60913, 721
65138, 820
24537, 52
451, 686
77756, 182
77812, 723
62419, 135
56295, 119
52373, 222
7889, 86
64931, 754
977, 79
11966, 452
44937, 74
48270, 952
1935, 870
47168, 6
22249, 478
53851, 794
8516, 36
49425, 849
34018, 77
41887, 100
24769, 378
29953, 45
73517, 529
31326, 826
43608, 513
79687, 348
58485, 690
55339, 84
54759, 848
55039, 806
9996, 236
4308, 423
28810, 329
42994, 881
36469, 981
48276, 333
46843, 408
34198, 784
44398, 223
5118, 357
69353, 737
49258, 660
70249, 310
49458, 592
9780, 280
9286, 246
70745, 743
51186, 829
79128, 324
47399, 493
45816, 715
23294, 985
33258, 79
13420, 746
7247, 549
61639, 726
43799, 240
3232, 819
43943, 918
46833, 204
32110, 98
52756, 194
59679, 25
1026, 239
22402, 346
12997, 673
54467, 780
9884, 292
15808, 589
7124, 411
30947, 836
60229, 44
79081, 821
34824, 584
40369, 287
10322, 539
53985, 499
65878, 386
35893, 640
11396, 891
20939, 969
14779, 108
71047, 983
27505, 716
53796, 873
53454, 685
69254, 724
19827, 498
55669, 76
50877, 115
77917, 76
10361, 627
57069, 569
28409, 217
16716, 434
36877, 275
57405, 190
41711, 444
1924, 589
78564, 992
68168, 375
44810, 566
15157, 458
27688, 660
63878, 568
33786, 758
41897, 652
42570, 305
13413, 112
54665, 199
29828, 706
2029, 79
45475, 440
5815, 1
46617, 92
35298, 51
47433, 465
12105, 927
13310, 777
56112, 154
74259, 640
70712, 764
70352, 184
64927, 7
77924, 740
79647, 151
9714, 25
67278, 165
72120, 817
56512, 448
38136, 891
78890, 965
31178, 202
12059, 181
72672, 739
73561, 175
44651, 250
22465, 757
62672, 267
57164, 425
50289, 963
68980, 196
7537, 594
25096, 93
9436, 241
66044, 844
30660, 531
44854, 241
24151, 493
57235, 272
21800, 549
64664, 625
51097, 117
21764, 187
45853, 744
21883, 26
40543, 20
7353, 477
17641, 540
53085, 728
75861, 278
39890, 513
79047, 650
20905, 710
8494, 910
36975, 397
6470, 444
39125, 688
23433, 965
65836, 794
42898, 537
6845, 723
64733, 29
29651, 358
5900, 71
35401, 814
64000, 704
51948, 355
62498, 5
3603, 89
54290, 790
43677, 465
24612, 257
7079, 968
31945, 727
27228, 856
29769, 3
2220, 120
51463, 488
54201, 677
313, 37
77736, 644
48895, 656
71004, 777
31561, 576
61316, 807
43887, 795
27586, 560
33376, 245
15491, 743
42213, 582
21278, 123
60528, 556
43790, 514
70975, 222
74327, 876
64685, 285
79041, 779
32539, 194
27216, 887
62663, 967
28933, 892
70862, 325
34506, 191
58744, 707
46247, 894
55439, 44
62262, 74
57016, 960
76639, 545
72603, 887
17006, 381
24547, 222
31842, 778
40006, 864
19315, 746
76850, 392
61851, 327
33600, 293
7373, 223
56939, 608
74662, 218
61684, 60
15736, 370
66445, 692
28763, 198
31154, 382
853, 143
6563, 232
12828, 652
75009, 375
43637, 569
59952, 616
41892, 763
8701, 531
17708, 135
32671, 611
30134, 36
33202, 888
41521, 786
21358, 826
2455, 784
37225, 418
9334, 486
59966, 914
76351, 857
7022, 847
66036, 237
10338, 512
23076, 102
40824, 566
29030, 678
12228, 699
9665, 709
72253, 132
58895, 467
52659, 533
25512, 137
19336, 811
87, 499
1439, 23
59580, 486
24140, 742
27576, 434
71863, 899
60066, 310
72965, 768
42248, 662
47577, 268
62438, 890
32636, 900
60642, 181
63406, 562
64008, 607
17714, 691
75956, 565
45609, 780
8190, 526
49114, 114
25193, 699
58788, 151
23364, 253
63905, 912
38193, 889
14561, 479
21483, 930
67050, 355
44255, 454
71763, 944
40518, 512
62652, 212
72606, 16
9134, 682
16189, 521
68598, 553
17730, 556
65984, 509
17731, 899
22234, 63
46142, 606
43258, 91
78819, 130
19745, 554
57044, 617
56264, 408
52890, 74
68434, 503
77279, 663
53990, 135
56696, 88
74721, 476
21209, 96
25707, 483
57704, 714
63606, 352
71756, 295
52494, 815
59992, 463
19915, 587
27525, 207
6733, 741
27359, 730
42088, 956
10113, 977
16278, 547
12576, 856
29397, 430
19242, 849
59757, 626
26444, 447
6801, 378
9394, 275
78087, 139
20660, 298
59242, 355
26836, 490
72219, 553
40339, 2
32106, 324
34070, 296
7058, 880
53103, 972
45916, 37
59083, 294
21657, 423
31857, 855
25324, 783
27766, 809
37461, 691
73819, 335
29808, 983
13186, 914
37417, 488
159, 17
45403, 607
7694, 868
41255, 76
2757, 511
8118, 761
20843, 65
65220, 642
10897, 896
25482, 601
7490, 181
12358, 320
26481, 854
44856, 375
76920, 306
26267, 464
72555, 968
67391, 81
60304, 188
76926, 821
36632, 522
5259, 999
53717, 198
53866, 637
70901, 659
64278, 89
28109, 544
71180, 203
60491, 704
66471, 526
2685, 864
10403, 293
34523, 94
52666, 926
76167, 117
68936, 635
62032, 161
30450, 969
55380, 63
10409, 230
78865, 679
79588, 82
44993, 782
24568, 657
351, 176
75570, 453
41646, 877
60865, 299
38287, 361
2603, 840
54126, 5
1583, 823
43344, 478
18841, 800
44772, 87
41999, 539
49752, 71
26557, 558
48999, 562
55117, 35
78561, 112
53764, 971
70665, 187
29789, 684
7831, 967
38722, 341
2110, 422
78231, 440
18877, 609
14952, 832
58319, 9
11981, 808
48156, 50
57982, 782
34663, 266
44981, 287
35517, 506
58601, 48
73362, 650
34533, 19
72968, 806
35600, 390
40354, 147
55756, 187
43107, 970
10799, 237
59149, 547
79154, 23
23603, 592
31805, 141
43487, 185
61755, 46
25798, 27
22110, 899
8295, 855
18678, 732
68741, 665
71971, 948
53776, 626
66765, 26
77130, 309
6487, 638
60263, 174
40649, 11
66684, 489
69687, 911
41606, 771
12494, 994
65204, 740
66357, 600
12523, 116
16704, 539
57368, 474
57297, 394
40998, 959
48919, 274
66748, 45
20525, 407
55403, 266
56997, 997
27457, 477
66746, 990
15823, 624
52459, 678
73562, 304
11585, 189
37843, 407
8438, 460
75485, 241
24067, 297
8658, 571
26390, 370
356, 375
73185, 26
66479, 139
69046, 224
51815, 292
58066, 83
30129, 164
37587, 878
1953, 694
50374, 430
70957, 607
72322, 786
16370, 299
14103, 504
36281, 991
21919, 86
15379, 616
42985, 440
26294, 247
8094, 54
68426, 270
43408, 181
50169, 615
70577, 221
64109, 925
57361, 22
21065, 964
58376, 436
77346, 773
74842, 819
22591, 45
16952, 31
75470, 309
40549, 146
71254, 116
50021, 314
58530, 988
66544, 317
29570, 730
40284, 953
45334, 44
76266, 103
8704, 555
56179, 640
18251, 501
75824, 775
11295, 793
49673, 271
71424, 38
8948, 27
61364, 858
45153, 864
8445, 540
60933, 463
31532, 44
73427, 615
24466, 57
72539, 138
37655, 11
35211, 176
59513, 92
69904, 193
50249, 40
13700, 421
73560, 268
57138, 707
37957, 365
55344, 687
2015, 653
74982, 352
16996, 279
17197, 80
28517, 919
27222, 10
59700, 236
23653, 523
58230, 56
44109, 661
31214, 66
54382, 532
21969, 7
72057, 164
26910, 776
31900, 514
9830, 346
19768, 41
49411, 329
74230, 911
30166, 993
13137, 580
60354, 345
22512, 948
76849, 323
38634, 237
30624, 552
75999, 594
33416, 66
30590, 511
23376, 985
9166, 174
14107, 392
24013, 331
40274, 776
55305, 238
44185, 40
7469, 106
70274, 969
38474, 339
8539, 968
4028, 608
43278, 40
33387, 480
18084, 191
64982, 668
61258, 48
48429, 636
2324, 568
14888, 526
15877, 32
9988, 274
22232, 681
3738, 216
44036, 866
16064, 27
71906, 139
51181, 702
37690, 720
29217, 719
68431, 642
52600, 132
73383, 439
10218, 149
27733, 327
29358, 328
30224, 916
43871, 518
17337, 583
59885, 380
56039, 969
64572, 945
17098, 787
47671, 199
36094, 356
55909, 109
18753, 327
19296, 394
42978, 768
78229, 816
11943, 312
68010, 190
63969, 722
29758, 990
25696, 459
75663, 684
4169, 48
77282, 912
8247, 914
39866, 2
70633, 954
39623, 552
69344, 590
56040, 706
56197, 242
31990, 202
12744, 78
70961, 614
50474, 603
52964, 390
21281, 314
46605, 650
52184, 233
61578, 739
72139, 32
14509, 212
72742, 865
79242, 466
52268, 869
39682, 495
13861, 129
45367, 648
74311, 767
64622, 35
17363, 169
71245, 186
14264, 321
45573, 922
60262, 206
15206, 843
27579, 366
45514, 278
30902, 602
35713, 22
63758, 689
36580, 666
47018, 8
58645, 671
41098, 346
4394, 388
1806, 478
11795, 442
16831, 925
16820, 30
59252, 129
36658, 338
556, 569
29115, 91
26709, 415
720, 37
51843, 125
29225, 688
48018, 433
24120, 742
64571, 84
24622, 462
16258, 823
54962, 642
48465, 918
64103, 489
50494, 226
12063, 74
59800, 713
32435, 73
60441, 957
28784, 115
75563, 50
48530, 747
24818, 456
53030, 904
71182, 530
66521, 254
7634, 860
64769, 110
5828, 22
79509, 673
44611, 860
43444, 842
4948, 488
8575, 477
66831, 535
6307, 631
21861, 332
47911, 515
7370, 554
37031, 393
74308, 972
44658, 538
48385, 133
76286, 247
12923, 288
18574, 654
8299, 102
67102, 345
14142, 187
36705, 331
54517, 45
20426, 460
62818, 500
40170, 38
66850, 351
71750, 204
5797, 375
23561, 9
27173, 270
62308, 211
49920, 344
42155, 554
23163, 675
67387, 625
39540, 906
29518, 677
73309, 223
4202, 697
53429, 583
37676, 292
61183, 409
78445, 442
75868, 156
25279, 792
25762, 494
66113, 479
38586, 863
5626, 575
6405, 400
41575, 611
47192, 788
54956, 987
2890, 103
41326, 329
39889, 723
24251, 607
11300, 90
69599, 152
76234, 857
5123, 383
28998, 236
17955, 941
19223, 15
14599, 951
66564, 193
30819, 15
62740, 226
58259, 192
32304, 951
11375, 539
77959, 421
18951, 897
31253, 81
18059, 207
9326, 124
31188, 154
45054, 504
3845, 988
26584, 728
71183, 913
69144, 790
49068, 100
62050, 59
32201, 109
60965, 307
65996, 319
62245, 797
57412, 611
24177, 116
3946, 74
26666, 974
6498, 35
20421, 961
21083, 343
205, 81
65485, 438
676, 138
29163, 355
74250, 612
71353, 193
79105, 129
69040, 307
17388, 250
41402, 767
75698, 434
5829, 229
48045, 180
64553, 15
15431, 500
40959, 478
54443, 624
3252, 157
76440, 987
56285, 531
7536, 573
6612, 702
77312, 570
36989, 667
48079, 983
55208, 303
15675, 976
2184, 986
41625, 276
61626, 559
24952, 118
71917, 582
69416, 979
18838, 892
35366, 275
49938, 732
3865, 776
69263, 514
51872, 644
38801, 328
50656, 395
48153, 909
55168, 166
29290, 56
13691, 327
1347, 167
22977, 493
71764, 302
61977, 684
74216, 96
4980, 604
39120, 834
56751, 393
40446, 962
1807, 747
11926, 462
13443, 404
22243, 910
937, 318
6053, 706
64112, 808
29626, 475
66676, 589
15041, 460
16331, 536
43633, 12
55987, 742
37654, 981
50216, 662
30200, 450
42278, 585
7015, 984
53006, 572
23569, 95
39004, 350
47342, 252
40811, 648
26896, 599
23902, 970
58651, 190
46483, 430
4600, 552
26364, 35
24878, 216
10889, 872
18153, 283
9242, 430
705, 437
41383, 103
34627, 280
71727, 575
16399, 746
14946, 165
19712, 973
40876, 727
6332, 104
78983, 233
55933, 802
54016, 717
44849, 890
31739, 294
68344, 228
23055, 516
51424, 563
19015, 622
7739, 191
7212, 98
79858, 66
24854, 253
62559, 964
60517, 413
35176, 988
29032, 569
63948, 439
74730, 43
27458, 371
47020, 912
63267, 932
15028, 622
19124, 177
73851, 780
48035, 297
77626, 339
5793, 421
7036, 438
26855, 437
38900, 825
28254, 284
74128, 211
57367, 295
15894, 16
72310, 524
5353, 663
59443, 213
30549, 940
75122, 209
76869, 570
74380, 98
75336, 161
49415, 293
75499, 743
26824, 111
66585, 194
34522, 124
78360, 139
2597, 443
54380, 700
29655, 207
12355, 647
23601, 898
31141, 593
21836, 114
16391, 256
30392, 613
41466, 720
41893, 471
65940, 4
11153, 919
68457, 651
51735, 416
45517, 732
22391, 89
40761, 28
7605, 695
53895, 309
74865, 228
67599, 98
24736, 912
49561, 834
61421, 545
4831, 66
41362, 941
41497, 6
26898, 560
53054, 211
16360, 940
64496, 160
4151, 340
71675, 180
1394, 175
75270, 497
71235, 104
13682, 556
65205, 327
17454, 13
28484, 237
30685, 194
78639, 912
45163, 1000
79493, 399
73779, 707
34538, 969
24557, 979
42664, 349
37748, 186
31466, 433
33475, 61
8515, 28
79465, 909
10595, 571
76206, 955
39547, 762
76089, 976
60717, 767
53691, 691
22637, 756
65182, 39
62203, 95
76058, 982
77969, 412
34615, 236
14544, 148
42121, 171
52824, 139
64950, 398
42163, 8
56723, 451
56334, 951
51707, 345
49306, 770
918, 642
5352, 793
36497, 642
60706, 587
306, 527
71185, 532
4458, 821
54486, 516
12133, 242
25819, 566
48798, 26
48325, 673
3910, 661
52094, 76
4566, 359
59976, 276
40389, 261
66243, 342
26045, 464
63513, 424
3310, 136
1817, 299
11545, 985
14114, 809
60844, 400
33020, 257
62154, 276
62760, 201
56317, 829
66520, 624
64154, 61
36148, 764
77292, 584
14281, 471
28265, 639
52712, 236
74740, 341
75412, 929
16927, 310
63796, 998
17096, 464
33303, 663
25708, 311
16951, 81
67134, 275
30261, 642
46708, 530
30339, 456
53551, 410
48048, 365
64905, 3
35868, 81
9745, 551
37256, 409
37235, 856
69801, 52
41061, 674
30758, 174
10468, 756
18065, 63
63347, 328
18194, 634
62677, 811
37345, 149
61884, 559
5754, 683
65699, 555
72664, 55
41309, 573
23698, 331
23199, 870
26868, 619
26141, 622
40773, 132
8041, 833
5201, 514
22019, 572
32448, 853
28219, 637
29413, 304
9343, 119
33538, 329
71771, 384
21436, 866
76218, 541
21144, 714
59462, 586
79874, 261
4478, 505
30477, 271
46634, 407
56206, 661
34301, 785
72487, 186
3043, 425
21875, 403
27322, 324
17219, 396
13816, 190
42312, 975
42403, 966
74627, 362
61971, 819
45158, 401
56968, 846
72162, 926
27176, 129
18615, 63
16196, 450
59707, 724
5916, 934
53992, 39
53795, 392
3941, 406
63809, 745
46533, 428
42052, 76
35718, 485
49301, 549
68362, 828
28024, 693
77539, 331
56196, 740
52182, 382
38553, 426
15844, 313
63166, 50
8780, 748
55279, 397
70049, 986
58973, 346
77713, 626
45340, 187
38821, 735
44377, 52
61221, 844
9390, 77
16829, 717
24293, 682
49818, 205
76656, 198
23743, 511
66821, 719
14578, 624
41658, 521
58280, 169
49169, 19
31801, 531
23056, 784
55321, 85
44302, 424
12758, 96
47927, 796
29652, 128
64896, 206
12719, 995
11655, 869
