6855, 618
8333, 267
49917, 850
33074, 117
15785, 781
43802, 416
34343, 200
3881, 142
743, 885
30134, 627
23196, 603
14662, 995
42367, 487
48486, 456
42672, 835
33530, 544
14424, 86
10379, 224
29052, 36
10900, 319
9959, 828
10311, 71
7754, 295
19009, 165
10472, 853
13730, 603
30038, 469
192, 177
34233, 2
3568, 538
6262, 282
16275, 592
12862, 881
36956, 521
25871, 939
1837, 125
28654, 592
10588, 771
40350, 195
43904, 928
41739, 411
14014, 929
26243, 249
9367, 115
19191, 846
3300, 872
1465, 110
20847, 403
37098, 62
18134, 730
47599, 711
13796, 806
35798, 902
3023, 739
13800, 519
33198, 149
43872, 294
3257, 946
23774, 106
45417, 461
9383, 318
28021, 205
46121, 428
7536, 407
25270, 618
11275, 184
9648, 817
28062, 387
41861, 3
36878, 99
38825, 400
508, 477
44888, 311
14550, 460
19274, 89
30756, 809
42212, 611
33672, 153
46492, 577
24955, 499
39638, 547
38421, 377
48274, 175
8766, 166
42162, 446
41496, 128
46877, 371
45731, 413
26265, 759
25366, 664
10944, 956
33423, 559
17298, 838
13447, 237
6937, 408
36839, 561
13622, 486
21070, 746
36122, 937
42189, 110
47304, 908
46731, 181
4815, 194
19438, 779
2685, 657
2281, 458
27433, 797
23550, 180
46325, 449
19800, 760
984, 248
16509, 652
33809, 475
37128, 337
33722, 625
17073, 381
29570, 818
4472, 889
15581, 950
44318, 905
32941, 966
49821, 48
23994, 595
28866, 926
39244, 529
3953, 591
1749, 322
29683, 467
8460, 905
17797, 62
9404, 707
41488, 995
41893, 390
45800, 470
5262, 866
6433, 153
12680, 817
48023, 267
46943, 321
25331, 828
33547, 687
26778, 622
18673, 783
36952, 597
9942, 284
34230, 889
18053, 943
4504, 870
36658, 37
20527, 76
32030, 202
11182, 641
30037, 197
24335, 230
5285, 81
15217, 96
12122, 83
48085, 433
35616, 123
17966, 454
12594, 391
45315, 566
44283, 750
10698, 496
12923, 937
37357, 895
43726, 817
45936, 638
14163, 456
32392, 67
20911, 359
7310, 167
5176, 587
9387, 610
48843, 953
27943, 995
9199, 303
29746, 616
23599, 287
10960, 658
32378, 588
7062, 489
1109, 722
6971, 352
44305, 507
8604, 912
9341, 222
18603, 838
13855, 595
8342, 137
22718, 140
22405, 979
2765, 23
23144, 262
16470, 496
13317, 891
21998, 232
39118, 853
49031, 34
31783, 862
48124, 72
32826, 87
2854, 827
10382, 579
45997, 605
45857, 863
27115, 382
7412, 364
49813, 833
27213, 682
48157, 38
40973, 739
44229, 619
27447, 863
49115, 950
6257, 364
2806, 303
22817, 637
44653, 306
28755, 937
2959, 354
3054, 16
21948, 555
24771, 889
39271, 385
29191, 997
11942, 66
28592, 947
42846, 891
32335, 949
43580, 683
39620, 641
643, 930
11123, 451
16127, 122
8970, 788
2653, 864
19012, 402
10365, 74
10872, 144
24720, 268
3937, 144
11593, 584
45430, 921
12431, 945
7863, 405
20596, 709
42019, 719
25917, 766
14992, 789
23751, 633
6583, 1000
14962, 316
27132, 123
16676, 457
11342, 687
19346, 153
31031, 454
2552, 591
2602, 454
44435, 458
48556, 997
48897, 978
42395, 919
22155, 121
49269, 799
9908, 182
20714, 219
32246, 418
9439, 778
43730, 412
26003, 166
38702, 567
14088, 578
43947, 61
39095, 242
14562, 311
19179, 534
37927, 407
3130, 523
45651, 105
6297, 855
21095, 723
28123, 330
37592, 898
32760, 714
4267, 993
72, 795
28398, 302
14920, 421
43100, 682
15632, 492
18471, 145
26075, 279
18417, 46
2668, 292
41020, 774
5549, 404
43256, 637
48220, 382
14338, 252
35439, 956
20234, 363
9623, 651
38119, 721
8304, 926
2950, 825
29046, 293
49899, 927
39111, 400
38415, 96
1370, 600
18628, 159
45328, 629
32735, 104
43407, 846
19951, 918
16368, 990
5270, 216
5175, 762
34388, 106
35437, 733
4220, 230
49266, 163
34813, 360
12354, 758
11514, 601
9607, 13
15418, 371
8790, 380
33553, 654
878, 277
26116, 17
26953, 900
4126, 805
26615, 473
30247, 21
42577, 970
10779, 242
24860, 423
48215, 662
18338, 833
30539, 208
35444, 897
16621, 738
45693, 484
7288, 792
839, 897
30491, 124
22557, 149
29690, 297
36844, 791
38366, 401
32105, 118
41657, 815
33903, 328
20859, 177
43944, 659
17980, 264
739, 726
38219, 373
19228, 149
41246, 89
33714, 192
25105, 826
13752, 251
8851, 669
49323, 164
43786, 851
17538, 66
15614, 426
30356, 532
42441, 530
27704, 868
44195, 495
44065, 488
29928, 6
40900, 422
4941, 279
47461, 444
20528, 934
40349, 809
14080, 256
15626, 212
37395, 59
29240, 827
30933, 290
33814, 869
18394, 865
35005, 622
36799, 241
38407, 465
1970, 863
40382, 974
4854, 78
38641, 175
25589, 456
11671, 126
5742, 328
34207, 913
18515, 363
17972, 677
37216, 445
2252, 15
25949, 528
45104, 542
25227, 882
22102, 633
943, 434
30993, 759
46171, 76
41854, 886
23349, 487
48100, 316
44079, 493
31614, 805
8921, 44
37039, 471
7772, 258
26563, 486
4637, 361
15535, 758
45241, 120
13912, 182
14827, 425
47806, 483
19265, 502
1916, 296
18017, 88
18493, 374
30965, 475
13751, 766
32451, 10
18236, 571
24005, 640
30042, 556
27063, 59
9892, 570
8025, 616
6815, 980
1492, 785
47656, 116
44606, 172
45738, 228
22015, 326
22677, 493
18760, 522
16930, 945
5451, 90
44333, 37
16531, 541
37618, 579
11793, 531
22148, 914
13325, 336
4011, 225
9550, 5
19778, 88
48842, 724
23448, 912
16808, 626
22428, 257
22711, 181
24650, 220
33261, 601
20785, 623
30071, 104
34872, 593
7995, 456
38612, 137
37857, 589
35457, 38
17647, 859
1379, 751
24928, 303
2808, 180
39662, 395
16588, 838
4021, 973
37936, 192
517, 493
35155, 24
8641, 233
19795, 630
39144, 174
11701, 879
14459, 706
44194, 327
42414, 315
30982, 98
29260, 590
15815, 402
41618, 112
42844, 775
26357, 633
39730, 636
11707, 919
34102, 282
13354, 411
20598, 856
35308, 982
8558, 638
40354, 807
26915, 36
1182, 282
49324, 230
32674, 690
12505, 265
38391, 628
16944, 114
12104, 323
28, 233
46889, 848
5891, 830
34562, 121
10634, 614
20163, 19
21174, 649
18445, 424
36883, 879
47730, 369
38506, 603
3999, 693
41680, 908
8488, 314
38430, 662
28140, 398
21410, 25
29643, 635
38089, 364
42226, 615
32844, 94
1347, 567
11242, 669
33333, 124
13353, 527
28460, 246
18244, 960
9137, 299
44072, 502
38003, 96
19601, 971
40207, 229
38162, 409
22922, 844
18351, 896
11245, 532
22352, 322
23873, 462
44104, 428
3250, 539
39162, 397
28905, 4
15499, 57
26772, 375
47403, 119
12229, 872
35574, 66
49220, 627
3029, 324
30855, 397
14062, 467
30251, 256
1359, 84
20692, 867
39987, 567
4650, 515
21694, 519
42949, 712
5976, 919
30276, 580
2393, 725
33235, 66
6223, 849
42770, 398
32124, 719
29393, 408
9861, 32
43069, 8
29264, 246
2166, 624
24825, 153
11499, 209
37387, 584
16659, 833
47321, 761
41612, 723
10591, 957
25689, 677
17491, 137
7887, 646
22360, 62
37545, 738
10391, 558
18004, 413
24948, 622
28384, 409
39526, 611
18731, 857
47881, 142
36599, 996
45007, 456
13305, 525
36160, 263
30719, 207
29778, 339
33411, 920
28813, 547
21482, 91
5406, 364
26353, 109
2129, 225
5854, 497
40078, 708
41262, 712
34489, 530
26371, 84
9988, 317
10436, 42
23201, 157
22512, 969
41312, 701
34111, 572
17505, 749
47380, 430
7174, 705
28463, 854
47627, 999
7577, 916
15737, 283
19500, 351
5668, 655
37853, 655
18804, 230
32544, 282
37022, 204
40720, 911
14990, 505
47430, 526
16033, 675
14081, 949
5783, 112
17023, 607
38445, 61
1031, 535
25665, 177
11711, 231
11345, 454
3437, 967
35765, 439
7937, 180
22182, 952
38086, 238
1337, 320
18564, 960
27738, 961
3883, 812
1059, 24
43858, 360
40796, 587
47226, 837
51, 277
42229, 844
39073, 29
21557, 605
20762, 474
31391, 809
41563, 186
18283, 239
12449, 407
43155, 803
45274, 799
6489, 128
39376, 77
3005, 288
1911, 373
12875, 859
1121, 123
30977, 8
46841, 228
48044, 43
32924, 674
32894, 409
5650, 859
11129, 378
13024, 763
37424, 687
38761, 458
31171, 576
44792, 735
5658, 724
6275, 252
463, 228
42418, 754
26486, 28
43380, 305
45211, 796
38071, 53
41156, 278
34673, 608
3009, 652
16787, 522
40299, 446
10781, 743
422, 282
26523, 898
1325, 157
19683, 804
4536, 783
35984, 575
21664, 192
5077, 647
39641, 915
30058, 147
9904, 804
49891, 420
29970, 683
3422, 5
47268, 272
5131, 188
9502, 392
41033, 422
29864, 954
4330, 619
4895, 134
24113, 614
41755, 718
4749, 234
42555, 474
2046, 881
42843, 612
40686, 153
5029, 808
6954, 327
21808, 270
27450, 517
2996, 420
28710, 50
20804, 495
17918, 224
42002, 289
46447, 242
12658, 785
20088, 628
7196, 742
25578, 822
22841, 395
24428, 199
17457, 172
30287, 968
1252, 87
4535, 163
22921, 553
1872, 456
7889, 543
2938, 335
22764, 740
17266, 904
39736, 364
1971, 431
29933, 451
45527, 704
22142, 478
17122, 267
39178, 559
6668, 710
4722, 468
1896, 462
1053, 322
36463, 854
11327, 799
12183, 322
27373, 557
46958, 569
40985, 899
26091, 747
43788, 984
8919, 764
48239, 961
1070, 785
43070, 269
49894, 832
15471, 883
27432, 111
400, 382
17397, 307
3096, 261
15062, 130
24055, 952
1209, 936
11736, 273
4290, 167
32576, 838
44361, 113
18931, 26
26703, 415
24107, 425
19328, 827
34028, 82
7159, 897
6787, 595
39504, 932
11912, 316
38824, 544
29950, 164
20192, 942
1562, 29
39913, 233
36918, 666
24688, 350
41147, 289
32651, 521
27056, 590
11582, 664
43428, 258
35897, 149
36695, 978
9608, 816
18411, 831
37705, 168
19002, 551
46023, 964
5721, 865
8312, 631
15457, 571
33045, 804
2585, 156
48189, 352
43813, 593
2618, 243
44753, 536
31040, 473
288, 145
3637, 280
1842, 774
18365, 360
43720, 887
40481, 12
19916, 787
19108, 442
39186, 581
24266, 797
48077, 388
16076, 306
40289, 153
2726, 328
49029, 193
31220, 257
25271, 524
17801, 867
28274, 514
10278, 958
46468, 42
14921, 451
41369, 673
15527, 873
20200, 358
30686, 40
45290, 248
22441, 856
2349, 707
32099, 530
24537, 630
10429, 291
44490, 912
5223, 735
43937, 177
12690, 263
33316, 695
6066, 52
16829, 629
34284, 179
2601, 881
22665, 423
24538, 275
43109, 534
23219, 969
35011, 569
16080, 784
37893, 334
47029, 775
5514, 449
46794, 264
35493, 240
10077, 333
26936, 595
20450, 346
13662, 129
36713, 736
14968, 668
42036, 695
12854, 195
15143, 818
16810, 932
44678, 488
22485, 49
45563, 664
24501, 172
46748, 484
38416, 768
41477, 227
568, 127
14560, 662
3294, 316
45917, 749
16495, 859
40287, 453
13973, 146
4687, 388
36602, 396
29608, 504
3580, 198
8017, 249
16328, 391
18401, 576
49997, 306
9167, 791
36196, 741
42490, 916
39170, 26
37052, 537
32452, 630
18444, 370
46481, 194
30525, 166
43775, 695
27727, 407
47417, 894
25776, 468
43887, 843
49127, 666
356, 678
10118, 522
46625, 981
10203, 573
31152, 970
42126, 404
10848, 366
31975, 170
16929, 846
13844, 18
40052, 500
5095, 679
3665, 796
673, 562
23092, 831
792, 629
18687, 205
5651, 450
36319, 30
10637, 523
3471, 52
14293, 895
26372, 449
18798, 634
23113, 966
23373, 665
34485, 214
39584, 269
31430, 833
48488, 691
41805, 832
22069, 173
11217, 289
4515, 344
47424, 297
17504, 697
44208, 321
32717, 894
26730, 724
15434, 158
33792, 93
6314, 866
20380, 569
29631, 748
8195, 461
43291, 829
38021, 540
35710, 146
49960, 12
6665, 746
3336, 751
26495, 428
4184, 144
13967, 506
12741, 219
32166, 589
20419, 846
18619, 418
39893, 415
48733, 71
7007, 59
24610, 525
23543, 801
8495, 208
5240, 452
23844, 859
20329, 499
1555, 482
25391, 740
6623, 564
1670, 608
26303, 631
45267, 903
28669, 871
33616, 705
6283, 530
49264, 186
14344, 527
49767, 598
2560, 71
18513, 85
26057, 840
16582, 928
41584, 4
21766, 99
12435, 100
25348, 669
41523, 353
2613, 730
533, 199
17796, 900
38439, 454
1789, 362
37121, 669
11303, 985
19603, 716
9570, 774
44505, 427
18991, 479
44163, 227
28360, 247
9661, 323
30409, 5
10983, 342
34424, 43
41901, 373
24723, 746
591, 694
37477, 146
27126, 902
35069, 396
11633, 355
18166, 281
23305, 27
23052, 793
1931, 475
19427, 902
30005, 501
45729, 306
17366, 261
25992, 531
5821, 976
13064, 212
28732, 646
7472, 715
2021, 179
31390, 990
39445, 125
37276, 148
34569, 813
34203, 544
42288, 875
24922, 994
16794, 114
29185, 740
33173, 473
30751, 310
49050, 705
34820, 737
1195, 819
33584, 585
7640, 23
11509, 960
46333, 906
19653, 3
5073, 69
45098, 50
17459, 238
45055, 129
40215, 565
25500, 744
16333, 130
20968, 187
38496, 116
30869, 899
928, 251
48540, 13
9831, 145
20858, 464
24571, 616
31480, 965
39346, 505
13790, 528
15298, 689
4878, 47
40449, 445
13640, 212
15439, 6
8977, 787
21955, 331
18174, 194
34611, 539
21218, 988
16799, 1
13615, 355
35727, 904
29836, 420
45334, 655
39756, 79
13504, 484
20683, 77
26469, 449
5231, 963
13315, 318
39571, 131
49703, 452
16876, 446
1741, 993
20619, 746
6877, 691
15515, 161
11640, 110
19881, 430
13543, 393
38719, 417
15945, 843
35361, 868
11243, 119
23256, 189
44214, 617
6175, 45
33688, 388
30095, 578
28965, 663
20974, 173
2057, 506
21847, 287
13476, 15
11735, 982
29603, 873
5107, 528
9067, 573
21223, 371
39861, 607
44405, 724
42090, 874
8536, 877
41108, 215
29189, 549
47908, 970
28951, 325
19736, 32
5402, 203
40128, 279
35852, 712
32837, 33
19200, 930
18911, 359
23791, 305
10280, 35
29821, 221
18789, 518
9368, 217
25595, 1000
46137, 80
39838, 319
22586, 616
34026, 769
22455, 236
33159, 388
3302, 899
11819, 11
42554, 188
165, 454
47992, 349
16709, 587
16316, 157
12326, 854
29984, 164
25053, 362
21733, 374
18430, 135
8580, 816
44947, 422
39163, 493
45062, 748
35944, 329
34380, 444
20933, 259
31718, 906
40979, 129
2149, 597
11146, 17
8010, 880
9863, 451
41825, 896
46533, 575
13350, 280
7366, 973
34622, 324
38004, 320
11780, 448
38129, 406
27545, 554
26934, 858
28587, 719
10856, 683
27187, 175
7568, 497
31081, 330
48311, 761
10919, 457
9686, 27
33861, 83
43656, 939
17602, 673
20438, 299
26449, 682
46382, 760
1724, 42
13867, 803
44172, 205
38933, 708
13370, 33
19996, 542
49849, 615
27421, 126
37287, 533
21838, 671
30217, 435
13079, 28
31461, 739
21760, 964
34382, 306
11277, 25
18779, 382
38374, 536
44353, 812
29786, 494
44058, 782
41791, 21
24307, 591
22582, 718
2672, 320
9841, 89
28908, 731
42818, 542
18610, 634
48599, 733
3720, 199
7349, 39
33209, 443
6447, 638
41832, 419
31284, 386
34900, 875
31574, 919
15235, 917
41902, 971
644, 299
44866, 181
49383, 51
26607, 693
4529, 670
19282, 431
8964, 353
23180, 300
25774, 578
8568, 699
23664, 23
22649, 29
7107, 585
15218, 113
34678, 409
42714, 377
28644, 642
22766, 877
2013, 638
4792, 128
25085, 715
40154, 213
41387, 963
7100, 958
47091, 456
7593, 841
46489, 30
35161, 841
24663, 213
31088, 52
49025, 665
49843, 674
1282, 249
4271, 130
34223, 718
43279, 326
45901, 548
24006, 826
29573, 991
32145, 534
32349, 151
23560, 231
5013, 822
13335, 190
30905, 328
18209, 996
48340, 95
10007, 572
8395, 839
32116, 115
42297, 9
46946, 855
24057, 422
15081, 530
32006, 318
6120, 593
30978, 29
30347, 960
19313, 902
48693, 404
42202, 442
42146, 953
8929, 281
36134, 478
4731, 838
31545, 745
43360, 932
13557, 885
21597, 894
10162, 92
25921, 43
36761, 51
48643, 781
29246, 550
18635, 464
21138, 5
25537, 51
41500, 462
6470, 387
37303, 425
17524, 465
11932, 537
44788, 371
28128, 800
20325, 500
5327, 779
32566, 628
13551, 48
44421, 571
10623, 691
6268, 9
20255, 860
38085, 251
43083, 997
2703, 405
4060, 120
49846, 510
2728, 462
29614, 40
46765, 508
22146, 999
7508, 12
16899, 407
12865, 467
29987, 338
7290, 955
29591, 382
35962, 953
34293, 94
45778, 680
41521, 827
12525, 346
7712, 534
47323, 812
48425, 627
35098, 372
38045, 784
35692, 899
26648, 264
40879, 920
7771, 417
9799, 261
6180, 711
33665, 586
12310, 893
23501, 77
3737, 422
43768, 418
7883, 113
22781, 718
20965, 35
40930, 463
45557, 716
18623, 678
41790, 668
33058, 416
44419, 363
124, 540
6520, 121
38873, 104
31678, 361
16434, 857
30362, 645
46389, 973
9960, 726
18043, 82
27178, 327
30770, 962
46288, 676
44271, 929
22825, 818
4642, 883
31199, 310
22992, 310
49534, 211
23698, 881
1324, 185
12971, 251
48546, 202
41743, 890
22071, 898
9712, 95
40692, 495
37917, 673
7405, 198
11860, 814
40325, 420
35894, 559
31268, 327
3158, 549
48984, 550
1680, 720
24142, 582
18696, 308
9282, 614
6951, 24
45719, 918
1076, 433
3284, 342
15670, 287
30002, 346
6435, 486
26241, 626
43821, 315
26481, 715
25643, 213
26135, 834
13924, 169
34271, 715
8788, 354
47731, 627
10565, 398
13408, 571
22092, 447
46235, 111
38355, 244
30690, 692
36041, 927
16179, 8
46012, 48
27352, 895
4467, 696
7471, 445
15944, 920
35824, 993
47360, 186
31305, 723
23925, 452
29553, 386
42153, 422
36759, 716
10798, 520
9844, 55
45663, 24
33522, 773
33166, 940
34268, 233
13923, 553
2280, 809
554, 60
4777, 160
25123, 326
39024, 795
34665, 508
3816, 775
4532, 34
16533, 957
31583, 350
1397, 212
28764, 153
16631, 259
275, 118
21328, 135
10537, 431
25057, 960
22785, 8
14242, 923
34436, 217
22019, 181
36419, 492
48582, 605
23711, 76
1803, 813
30196, 691
31563, 102
34437, 572
27054, 827
8088, 444
32853, 665
10800, 118
13214, 423
39045, 290
11668, 501
11469, 211
607, 817
26698, 129
26924, 815
20016, 386
35128, 746
1573, 144
32756, 72
43127, 944
18120, 480
2619, 969
47902, 843
21478, 147
30594, 308
21854, 681
24106, 999
35957, 234
28258, 1
36791, 669
39917, 243
48944, 631
9024, 111
5936, 750
20801, 81
45471, 999
12723, 632
10687, 333
44157, 2
47912, 906
45458, 873
49746, 985
30966, 748
11432, 99
43494, 285
37110, 135
19854, 193
8157, 443
44573, 253
30477, 375
16469, 414
48534, 586
25644, 258
2629, 349
40297, 681
37553, 710
2282, 140
11380, 759
38773, 146
23769, 642
27398, 356
47851, 263
11284, 108
34003, 262
485, 267
33748, 774
16032, 152
36155, 275
35061, 721
31901, 869
49129, 643
18316, 383
13979, 202
38613, 453
43496, 742
7295, 976
45278, 807
27032, 954
42357, 79
24041, 147
16502, 423
13152, 978
18027, 679
12503, 205
27615, 866
4440, 35
39151, 776
31655, 658
17685, 161
26569, 983
40598, 591
17613, 685
39330, 491
47453, 319
20314, 731
27299, 619
27455, 988
9070, 291
40091, 301
7364, 949
37411, 903
15624, 807
31191, 911
19173, 959
23467, 840
32704, 603
12484, 355
43523, 79
37448, 941
37325, 297
34975, 574
6264, 855
44264, 788
14535, 11
5288, 605
10962, 33
3696, 383
17946, 88
10945, 184
34685, 801
26584, 988
24532, 485
6532, 121
35555, 918
13422, 602
48160, 428
17067, 309
17991, 86
5504, 362
19014, 157
30237, 19
42045, 139
26516, 468
26052, 988
13301, 860
3053, 44
1828, 58
1423, 792
35797, 292
615, 74
19375, 519
23303, 110
13799, 707
47981, 919
35123, 258
43896, 927
42058, 230
39027, 612
43492, 844
40177, 800
49789, 160
1281, 621
10205, 84
19501, 52
23161, 88
21883, 793
21423, 367
7991, 207
37763, 441
40281, 725
5033, 388
20286, 418
13326, 156
47898, 72
32621, 457
8447, 210
21754, 149
64, 727
48245, 515
21959, 237
24388, 23
9595, 143
12942, 598
565, 888
15323, 176
7353, 903
30813, 860
19223, 359
25165, 157
3084, 54
30901, 762
40219, 277
16604, 828
11562, 812
10202, 297
3122, 600
25472, 879
13244, 278
14401, 744
15585, 766
31079, 188
28421, 333
8209, 121
9555, 770
32815, 66
17334, 812
40440, 391
28213, 97
41957, 427
30242, 37
16440, 979
37165, 76
2841, 850
18252, 98
23013, 506
31294, 413
41435, 403
45323, 311
33664, 735
47498, 540
784, 285
29507, 108
10494, 932
21899, 121
15517, 566
8892, 534
23647, 321
9719, 487
17005, 175
24707, 976
1439, 641
14945, 766
3350, 277
12605, 123
23671, 523
29169, 36
13782, 931
35685, 467
48289, 804
25199, 288
1481, 10
15107, 270
24434, 336
17168, 574
39143, 898
7725, 536
35231, 525
44328, 699
3711, 419
33917, 386
31028, 137
49700, 151
29294, 607
49969, 569
42277, 96
27996, 751
12135, 363
25947, 159
40848, 966
37408, 410
4138, 20
26672, 61
20057, 980
37733, 895
2230, 629
26635, 835
46954, 672
38688, 964
31987, 760
4782, 779
24553, 446
4605, 392
38285, 352
13736, 400
2957, 586
32409, 914
37761, 800
17325, 212
11135, 686
47938, 838
15121, 509
42029, 779
39352, 704
33110, 1000
8592, 91
10835, 332
10514, 544
34130, 285
13566, 194
34571, 528
28978, 687
22691, 778
15269, 431
19722, 284
9478, 692
18250, 329
42798, 831
13320, 358
9655, 231
28134, 421
12277, 331
6500, 64
40714, 817
6228, 625
1671, 157
15812, 606
42984, 108
33273, 934
41600, 547
36064, 400
3034, 560
47550, 152
28239, 92
35412, 675
20541, 920
35807, 283
7891, 593
747, 134
8116, 249
39460, 451
39936, 441
36005, 687
9452, 523
17208, 329
9018, 312
38908, 234
32002, 666
33889, 801
15115, 405
10027, 847
2082, 774
5661, 198
2981, 254
20662, 216
5321, 690
31327, 904
12772, 743
32630, 539
15877, 398
23623, 334
7983, 368
19153, 741
42225, 878
21995, 990
49434, 524
45811, 669
8286, 650
18476, 855
37956, 471
13568, 21
40486, 464
47514, 680
28598, 145
46726, 628
42616, 159
34396, 255
10970, 71
22767, 606
44213, 62
11870, 64
43466, 535
5152, 134
5615, 192
27332, 212
7674, 906
40501, 963
534, 265
8099, 228
14803, 147
30314, 321
16627, 535
40966, 1
1802, 115
23198, 715
9180, 439
42339, 247
17684, 87
7223, 831
346, 874
23172, 223
18307, 914
13010, 408
35791, 186
19434, 480
26403, 550
41123, 341
7493, 865
45655, 871
31811, 416
580, 400
7765, 999
47978, 632
11251, 604
34057, 994
15190, 553
7571, 298
37651, 17
43327, 874
28334, 813
7892, 562
10763, 814
3097, 755
46029, 508
21635, 211
43247, 145
47479, 642
45637, 0
1895, 581
20970, 525
15817, 434
44836, 422
1301, 288
3904, 143
19312, 18
47293, 370
498, 326
6301, 90
20085, 230
41200, 820
10816, 412
37113, 883
2049, 991
18102, 131
37170, 39
32827, 189
26277, 731
8948, 509
17338, 684
28118, 831
22121, 359
8105, 25
2087, 949
6441, 643
22108, 640
36636, 891
28342, 364
40771, 644
2967, 887
42569, 61
34585, 671
18439, 455
33524, 490
22567, 34
28197, 603
44332, 209
46221, 946
31929, 507
18703, 511
18162, 871
45657, 435
14467, 787
3998, 977
7517, 304
39819, 793
7687, 70
21793, 110
19797, 3
40516, 533
34964, 563
14549, 986
21047, 677
43452, 401
38494, 137
28178, 663
24039, 939
22708, 721
2626, 168
39574, 47
30040, 358
25193, 447
46268, 607
5050, 955
26826, 218
43242, 421
31047, 771
41338, 112
25586, 196
23955, 592
22958, 780
49962, 84
20439, 394
3827, 567
6867, 911
7155, 845
29920, 78
10303, 591
33927, 175
15153, 690
39389, 488
41599, 854
7628, 862
42500, 742
41770, 655
4983, 85
47356, 603
24968, 266
38073, 465
18972, 681
29141, 143
43319, 973
46978, 71
24211, 896
25903, 898
6259, 421
38699, 88
3840, 919
13713, 335
28027, 154
30865, 750
16591, 935
35565, 176
31599, 383
29576, 891
26012, 180
26969, 185
26653, 425
33181, 638
2056, 747
25645, 78
31395, 383
38224, 483
37041, 824
47270, 402
39273, 351
17265, 225
34082, 75
14153, 620
48497, 606
29841, 860
49000, 207
20600, 264
44755, 243
36919, 127
7170, 379
28580, 883
19551, 819
29417, 474
49745, 348
18247, 282
675, 983
46165, 818
17816, 584
46678, 372
47685, 503
42983, 992
35494, 298
45312, 249
6932, 780
34721, 240
1231, 193
35919, 103
4477, 817
10342, 762
16141, 45
37939, 825
2116, 396
38428, 85
6053, 871
37297, 872
48592, 292
417, 12
23266, 929
23948, 96
20720, 618
42287, 172
9708, 149
43846, 51
38245, 184
7266, 775
46410, 283
43654, 810
21228, 243
44867, 174
45052, 932
30618, 322
41653, 565
1278, 525
14609, 889
12066, 326
49810, 363
18122, 918
18849, 233
16090, 114
10459, 436
22599, 26
6503, 858
24314, 358
7185, 586
5700, 27
13771, 546
45363, 52
13805, 218
3758, 687
34929, 416
28590, 52
35543, 774
21172, 149
36840, 500
46118, 113
14592, 47
18232, 262
28066, 34
2305, 703
7361, 975
38749, 627
8482, 735
20400, 931
43927, 709
24938, 719
9299, 920
34221, 548
16920, 813
1641, 789
40661, 214
7865, 929
32738, 385
29001, 176
16629, 11
38519, 607
13585, 287
5366, 405
13770, 15
682, 338
31753, 774
36164, 843
21017, 975
25603, 925
31458, 515
2969, 358
38723, 362
15649, 524
32274, 224
38728, 670
5572, 116
18533, 125
11492, 868
40991, 282
523, 329
22531, 381
32640, 364
38339, 527
46844, 773
40429, 634
46499, 99
4165, 276
6365, 853
17409, 374
43744, 889
34781, 777
37324, 259
40889, 293
6717, 782
38007, 342
25098, 297
46211, 655
37597, 899
33475, 634
21972, 854
13394, 622
42902, 303
2821, 810
28628, 237
20093, 486
34989, 821
20278, 660
3356, 724
43901, 886
42565, 271
42333, 75
49245, 150
6508, 604
46976, 455
40083, 777
39709, 828
44156, 417
31542, 171
20032, 834
20853, 174
39650, 28
31828, 931
47178, 325
26172, 296
29995, 782
14278, 218
34435, 791
48229, 248
1886, 142
48724, 292
47911, 882
29976, 39
7293, 432
14489, 986
2426, 667
23225, 941
32013, 685
49880, 700
16155, 563
43320, 51
15131, 848
42351, 394
49042, 711
16658, 212
36531, 481
3909, 986
23867, 283
10947, 145
37708, 375
34002, 45
2491, 480
46190, 574
24052, 951
1352, 520
2029, 984
40596, 21
21584, 496
38225, 661
37630, 267
44108, 506
48087, 220
35948, 944
28012, 339
46111, 458
2759, 758
29090, 70
23083, 332
29075, 652
3026, 553
30935, 746
24392, 638
2874, 973
1736, 48
41867, 158
30077, 987
34049, 100
40294, 174
4421, 661
28848, 1000
21718, 520
450, 571
11455, 452
38171, 795
4834, 756
17992, 947
14584, 419
48430, 110
44268, 73
15528, 294
28453, 566
42999, 320
43798, 135
21571, 525
24710, 861
1699, 424
20650, 507
6357, 586
2123, 717
25468, 773
1703, 129
15356, 4
3924, 135
39245, 343
3377, 623
37299, 377
27261, 820
39648, 734
6408, 239
47196, 589
2815, 2
10707, 75
43220, 953
13793, 446
33068, 246
14821, 395
2898, 999
20980, 305
49897, 419
17718, 261
4101, 768
1603, 358
11442, 46
38558, 63
9838, 188
18129, 705
40392, 547
32264, 15
20778, 529
38433, 551
28204, 476
31091, 47
20946, 703
17286, 232
2986, 63
3557, 802
25738, 24
13097, 572
18812, 817
19172, 345
16208, 160
27892, 586
23372, 819
29495, 590
49080, 654
30887, 88
3547, 146
31249, 990
537, 215
49757, 327
39484, 122
39528, 126
46375, 418
4844, 984
37774, 605
10042, 907
3042, 877
24044, 625
40119, 59
16618, 660
44730, 335
1797, 663
10304, 26
15620, 718
32592, 807
17267, 116
27525, 957
10680, 65
22011, 730
48434, 751
39316, 245
9443, 251
39378, 702
18488, 302
11248, 148
3180, 289
5267, 38
1394, 641
35531, 848
48620, 54
49319, 96
39441, 265
28345, 366
15543, 858
8112, 755
24943, 110
45879, 398
37376, 91
32148, 725
41711, 430
39180, 476
5752, 303
3090, 209
15425, 520
32801, 495
8474, 707
45791, 450
17346, 78
3041, 321
9789, 121
41359, 967
39674, 676
11017, 61
19718, 973
22305, 71
41169, 92
36742, 316
26442, 115
21060, 729
29648, 685
46929, 850
25314, 631
1692, 969
20104, 916
2639, 5
49489, 539
22964, 505
39250, 794
20764, 240
26917, 627
17902, 832
360, 950
33538, 901
1038, 353
27845, 641
26811, 98
33320, 869
22522, 174
17068, 481
13430, 757
35757, 424
24083, 886
32240, 905
39179, 165
2999, 670
33218, 801
41077, 51
6034, 588
32865, 466
34998, 943
23270, 83
29198, 858
4652, 894
26916, 323
32612, 468
10159, 291
20209, 450
7367, 919
7759, 77
21397, 673
4877, 69
46620, 348
15064, 397
306, 822
13645, 190
31469, 413
38367, 64
1515, 21
46276, 791
19123, 640
2766, 587
27772, 540
18083, 288
43348, 203
37698, 983
4385, 210
43044, 72
22251, 589
20230, 469
49346, 372
10097, 440
40193, 44
40975, 138
44760, 971
27399, 790
36882, 35
31667, 67
20808, 152
45248, 133
29528, 677
18413, 143
20423, 33
5545, 746
81, 393
36448, 199
14644, 636
41131, 230
21469, 960
29268, 648
3729, 230
17384, 562
3510, 919
29272, 29
28600, 295
15579, 962
24748, 325
26479, 313
37740, 389
38249, 457
25800, 755
29960, 314
3656, 307
45120, 161
28642, 422
45245, 666
10147, 890
7225, 797
38736, 968
30685, 82
16370, 477
38420, 452
20845, 691
31475, 258
11728, 540
837, 253
10523, 196
24242, 587
11057, 467
27510, 191
44556, 457
37114, 502
10148, 575
17009, 869
36913, 600
34046, 174
45548, 640
13336, 513
16292, 489
17567, 953
17157, 924
19849, 401
30086, 279
43534, 828
14989, 207
18292, 312
32816, 211
19279, 380
42956, 392
14020, 298
41349, 152
47910, 665
24384, 519
34879, 413
9821, 236
49687, 508
49587, 442
4723, 498
43149, 18
19961, 546
36231, 663
6166, 267
45275, 509
37139, 210
43101, 228
1477, 794
46886, 360
48033, 697
44115, 202
17431, 831
43145, 807
46266, 958
44763, 356
14032, 872
9733, 914
41984, 413
19791, 163
36779, 334
32813, 745
28647, 732
41044, 104
30639, 599
1891, 386
34463, 541
6546, 16
9275, 990
1328, 790
18774, 656
17345, 369
9279, 40
21976, 629
26390, 575
32959, 56
21675, 939
33025, 177
27834, 560
33864, 271
18249, 335
39452, 179
37434, 642
1016, 828
36443, 501
39624, 584
19116, 62
27584, 402
9223, 228
4153, 500
2546, 520
1128, 12
20601, 956
28709, 551
48631, 849
7682, 297
23333, 131
40902, 298
15132, 544
6968, 189
48221, 440
42206, 753
19205, 672
13360, 64
27331, 301
49869, 416
16129, 336
41843, 434
32258, 651
20765, 191
42988, 548
20505, 899
17110, 884
5440, 804
16991, 626
30549, 111
14214, 191
24253, 588
23177, 738
47412, 365
17737, 484
12346, 180
49106, 169
11196, 283
11298, 662
24263, 826
27081, 596
17126, 561
9046, 979
42721, 814
49330, 814
17598, 740
26714, 313
11650, 728
353, 262
17484, 389
6137, 887
41084, 540
1382, 7
23135, 384
5812, 197
28686, 947
7906, 907
16026, 894
19726, 221
45435, 338
552, 578
13508, 392
35693, 63
8736, 723
6707, 661
91, 395
41634, 839
16914, 602
49693, 19
7137, 571
30046, 493
49998, 164
39412, 307
22376, 398
40623, 620
17482, 423
11875, 860
43477, 912
42138, 650
18951, 451
13565, 811
21297, 845
47548, 531
21874, 928
44846, 400
5222, 454
34317, 599
31257, 35
12597, 46
25135, 680
24091, 785
24097, 923
31806, 796
5773, 759
261, 834
43153, 354
34959, 451
46811, 819
12409, 87
10291, 297
27205, 505
43731, 633
20011, 246
39748, 153
2062, 732
39783, 157
16875, 449
22055, 649
23592, 236
22033, 371
42650, 778
44988, 121
43245, 702
46921, 786
36818, 619
44775, 129
47679, 635
35264, 934
3718, 163
35475, 980
16834, 847
830, 534
1104, 400
7665, 464
6591, 413
44215, 517
16015, 443
16630, 247
36830, 464
22912, 17
20655, 945
20731, 39
8047, 698
38793, 31
28596, 475
20203, 252
23602, 885
29320, 305
44519, 992
24156, 843
39438, 396
14447, 594
15466, 578
27524, 866
7052, 733
6985, 886
10673, 461
18167, 465
226, 937
18479, 599
28625, 959
10870, 232
20403, 397
24514, 376
21936, 816
8437, 228
13879, 613
5930, 249
33988, 652
2849, 365
16753, 998
7676, 16
36011, 517
32228, 696
6752, 711
10204, 547
32712, 25
4807, 379
636, 455
25965, 422
30571, 688
9081, 390
22846, 307
17049, 740
48348, 161
43193, 481
36612, 968
18800, 524
12188, 224
40733, 554
2490, 369
9197, 234
26603, 868
36337, 650
20721, 785
44550, 712
37709, 639
46759, 516
2991, 208
36876, 755
20743, 980
29810, 864
16590, 557
17095, 223
2636, 565
29244, 165
22433, 29
39098, 706
30829, 762
27333, 119
3237, 343
27311, 467
36504, 107
12644, 506
40333, 572
17111, 248
49232, 926
13259, 694
35878, 880
45218, 132
42936, 262
2189, 577
7131, 306
37107, 109
45379, 740
6158, 812
48173, 248
13171, 690
10268, 399
3033, 660
3861, 322
46755, 583
43515, 437
27362, 304
323, 381
41635, 627
13882, 770
34686, 647
31394, 711
40756, 519
38321, 574
36038, 520
24721, 447
31360, 252
26437, 473
15898, 437
19171, 99
21666, 305
19962, 555
48448, 424
49157, 682
10038, 525
17611, 526
49011, 280
34965, 961
36888, 504
31437, 239
24099, 435
28220, 760
49336, 47
38473, 544
19574, 86
37656, 655
4315, 26
48187, 119
41534, 177
29527, 920
4604, 128
49873, 411
29107, 904
43331, 651
21859, 744
5224, 373
32956, 498
32390, 77
49788, 230
12286, 929
3044, 996
20622, 906
48420, 784
44527, 759
33732, 262
32420, 794
48446, 895
35082, 680
40375, 706
41092, 179
32559, 389
44860, 526
17828, 964
13683, 293
14625, 162
20109, 649
11947, 256
11396, 537
44931, 864
11997, 349
29431, 167
6451, 30
19207, 213
12914, 214
14451, 525
15365, 58
31336, 885
18416, 95
17987, 962
44578, 549
16378, 442
14746, 481
41089, 289
17494, 580
16633, 630
34005, 739
17081, 463
36625, 839
47171, 549
48537, 984
47953, 199
11568, 587
36386, 538
14636, 311
19528, 710
13254, 970
49131, 265
12060, 414
17134, 930
270, 345
10982, 884
24958, 736
37754, 158
7992, 106
47001, 482
36824, 768
6754, 135
34898, 773
48359, 929
27456, 963
19629, 221
37690, 851
33096, 307
43536, 317
34659, 994
46420, 817
12924, 478
40523, 513
20696, 4
34736, 916
9755, 381
46062, 619
45128, 664
29382, 916
45629, 680
2872, 63
4875, 717
38642, 649
40532, 230
28533, 724
936, 428
8747, 30
29394, 357
6518, 649
17487, 905
667, 213
19016, 178
12391, 581
1563, 393
1264, 679
10704, 875
19486, 427
24630, 987
32793, 444
47853, 625
46547, 491
21308, 345
7292, 882
48380, 707
12238, 329
8638, 476
7862, 62
10519, 457
13618, 421
7618, 41
41579, 733
36102, 555
17380, 275
46705, 688
37585, 660
33287, 516
38997, 590
48864, 374
45790, 177
25592, 511
35474, 273
6622, 884
15378, 363
29156, 133
20297, 818
30267, 786
8522, 30
23381, 674
14574, 21
22853, 962
25421, 527
12049, 43
48334, 501
41310, 83
36037, 354
16990, 444
21025, 989
18305, 720
40776, 54
23050, 430
39331, 618
26531, 363
32659, 449
22330, 121
40185, 464
33577, 262
31, 804
32056, 964
18921, 943
40936, 216
21338, 415
42611, 639
23389, 760
47475, 773
13506, 566
48310, 557
927, 767
21143, 362
49412, 391
12372, 821
21978, 774
47146, 982
11346, 975
27470, 329
33282, 179
38061, 839
4861, 444
11684, 832
33424, 579
29469, 448
1189, 608
46714, 803
28976, 561
41182, 169
27438, 45
3768, 614
5795, 430
42427, 7
20198, 294
1348, 525
28359, 104
36367, 173
34409, 742
15787, 461
38772, 339
26053, 854
25842, 775
45966, 303
13091, 373
41481, 472
1342, 900
10636, 26
31788, 469
7429, 82
36080, 398
15258, 889
16871, 809
5646, 214
39351, 406
11618, 490
4540, 151
29848, 102
10105, 649
40510, 722
11644, 53
30502, 617
32195, 876
15935, 219
17584, 208
31815, 159
28643, 347
33119, 800
23029, 522
38876, 27
17506, 465
7898, 238
46027, 208
11974, 930
29206, 149
35331, 547
46164, 239
19728, 497
43513, 590
32085, 220
31528, 444
46508, 964
7254, 86
7727, 982
35922, 326
30192, 169
20443, 867
6803, 997
23626, 841
29175, 523
47801, 572
18557, 184
23411, 494
18888, 843
21155, 70
30612, 138
4880, 175
4906, 882
7616, 382
28315, 442
21942, 829
624, 655
28641, 733
45066, 919
12953, 645
6796, 409
47500, 56
4717, 107
17448, 354
5310, 383
15652, 750
13198, 137
362, 60
37767, 521
2084, 330
25138, 717
26238, 1000
7958, 436
41775, 23
49310, 731
13674, 538
27965, 483
18682, 244
44306, 831
6892, 465
1285, 604
9009, 395
17373, 583
5581, 409
23394, 803
13221, 28
48150, 280
34835, 782
6909, 169
42522, 794
31551, 730
12109, 154
21040, 162
46347, 334
24280, 918
14961, 364
6978, 905
8684, 829
13232, 671
44379, 907
18301, 318
10529, 94
18918, 847
12167, 77
29827, 837
31423, 385
16309, 28
11192, 630
41329, 684
6296, 210
23420, 154
20657, 676
21619, 425
40430, 924
28771, 718
5367, 70
49646, 686
37930, 857
27670, 992
49393, 531
5927, 308
29215, 209
42916, 908
44804, 532
20848, 991
46335, 27
20049, 763
21242, 572
45550, 871
32990, 322
8595, 787
6065, 920
13603, 112
37464, 83
47943, 977
40938, 668
13132, 965
34627, 93
42318, 706
11864, 584
11504, 27
832, 280
41031, 230
28367, 492
19429, 398
7546, 101
880, 985
12434, 548
23760, 753
44967, 174
10538, 105
49978, 145
21497, 49
2168, 645
18959, 644
38943, 123
49226, 627
7437, 653
35117, 336
36613, 139
33641, 652
3046, 297
39879, 138
45318, 734
2809, 64
39387, 944
25404, 823
26182, 6
18062, 239
41285, 600
24671, 123
47383, 831
20421, 76
43048, 413
12056, 310
32500, 934
779, 911
26107, 151
862, 41
39959, 517
38289, 896
23086, 758
21185, 795
7252, 83
12319, 727
3901, 602
17638, 877
17350, 240
28210, 734
35327, 669
612, 652
25257, 945
7314, 654
35319, 458
14100, 391
48016, 332
8225, 57
18806, 54
37945, 749
23770, 513
36772, 115
36907, 931
19923, 61
35813, 619
39524, 329
18145, 566
15459, 229
18050, 411
18098, 916
42105, 932
8905, 561
35943, 472
8711, 936
42950, 800
24786, 82
32421, 196
9850, 709
2207, 160
15573, 556
33429, 9
44530, 112
2493, 6
42534, 368
22786, 196
29368, 111
23861, 550
38764, 222
11066, 131
42286, 851
26846, 212
48501, 703
30570, 997
3529, 876
44680, 215
23193, 109
34120, 427
21790, 948
7108, 641
38063, 205
26504, 990
37410, 662
32540, 872
28622, 432
22670, 605
49688, 623
42568, 490
10142, 371
27956, 253
28455, 664
37473, 501
4428, 378
24092, 583
41542, 816
22829, 65
47051, 993
35604, 287
26959, 556
40303, 426
9927, 997
18846, 423
14355, 927
27934, 740
21045, 11
18495, 923
36387, 838
13836, 423
22158, 809
35666, 815
6367, 290
44599, 276
36723, 37
12291, 861
39008, 966
4742, 979
14671, 556
12622, 927
12640, 643
48500, 229
22114, 649
16811, 887
28276, 557
32741, 850
9057, 996
49488, 605
28715, 773
33886, 190
41891, 679
16498, 2
36877, 819
32724, 246
20869, 887
23208, 935
1385, 432
34794, 111
44938, 384
45249, 354
47367, 145
23476, 833
41018, 713
46824, 304
3903, 913
38074, 49
33862, 437
21364, 667
15458, 675
15419, 362
11253, 316
25398, 469
20335, 610
28483, 622
38204, 812
33196, 647
31952, 447
45638, 68
2284, 333
25741, 536
24826, 371
47063, 933
8985, 901
40362, 516
34014, 294
15896, 805
8389, 18
17280, 211
13300, 449
16421, 800
20752, 111
22741, 332
39518, 713
6584, 357
11941, 857
4954, 237
11840, 505
15057, 484
31097, 229
12029, 381
30212, 465
7986, 442
3497, 107
2817, 760
1384, 803
25534, 215
3223, 608
43772, 6
6749, 899
12482, 326
21187, 802
36409, 66
8624, 398
12810, 842
23123, 40
47472, 924
11549, 412
7498, 205
23088, 998
22282, 821
21534, 723
48347, 956
48807, 396
37766, 493
49660, 283
16680, 687
23033, 761
44982, 447
32285, 484
36553, 100
16948, 560
36154, 425
49236, 576
19558, 272
410, 280
40270, 407
33476, 965
16376, 292
11741, 900
15047, 563
12533, 567
28100, 897
30863, 293
41213, 706
49948, 105
16784, 619
6326, 596
32087, 711
21248, 693
26153, 861
40458, 973
45137, 353
9748, 932
32317, 466
47756, 761
15363, 130
45960, 161
38454, 148
20944, 218
44041, 321
40286, 404
36922, 365
41046, 484
4961, 612
9488, 752
49039, 419
9159, 458
26237, 983
19215, 973
7285, 345
20315, 399
34610, 38
11660, 878
18612, 363
49500, 711
2731, 187
36872, 880
35851, 228
1960, 650
47717, 223
31998, 693
7916, 820
43703, 783
48937, 891
27071, 212
4632, 689
26543, 637
13416, 192
34732, 953
19224, 378
37716, 714
45747, 4
35924, 278
1865, 948
21800, 435
40099, 618
13916, 95
47043, 616
46606, 750
35938, 611
41474, 166
30084, 70
687, 728
12048, 342
22972, 614
11271, 413
16641, 443
13115, 803
7921, 95
33456, 576
34031, 193
897, 522
46574, 736
31361, 704
3013, 540
18052, 337
8973, 104
10481, 662
14635, 40
36256, 281
12820, 28
21349, 585
22925, 537
23168, 399
47311, 787
25796, 728
18739, 905
22086, 565
3304, 477
8540, 107
47248, 746
9704, 177
1830, 815
29930, 372
7542, 91
15592, 36
49358, 64
8290, 573
29063, 357
9419, 596
45477, 268
19705, 778
39410, 540
16550, 265
25251, 769
18898, 177
20838, 577
27955, 85
4123, 814
24196, 893
23763, 634
33724, 126
33378, 387
34451, 346
8616, 400
22187, 697
29076, 807
1890, 319
27114, 822
26491, 438
44600, 596
12747, 776
41155, 47
29265, 850
31642, 589
245, 361
25649, 813
43753, 282
30323, 79
21717, 679
28649, 335
10846, 169
14145, 842
44174, 153
30740, 912
3875, 766
7972, 508
10753, 806
44942, 237
38774, 818
39368, 7
4868, 358
44008, 930
26461, 378
24364, 999
404, 817
19968, 825
4366, 375
44695, 614
11988, 13
22953, 436
31908, 408
46766, 715
3168, 339
2443, 742
24079, 89
46798, 621
35682, 620
36290, 593
10380, 423
46640, 339
32752, 200
29423, 211
292, 349
11349, 457
7882, 495
37642, 380
1610, 520
11089, 705
38130, 934
18649, 347
15680, 241
26891, 282
5846, 510
6771, 552
11178, 812
21099, 722
41013, 723
38570, 281
34361, 672
2871, 685
2336, 574
49522, 377
28766, 241
29818, 602
22872, 297
4422, 129
1374, 582
5123, 710
8598, 203
44831, 513
37172, 725
33718, 820
37714, 653
20824, 625
34826, 516
25131, 420
19871, 802
20823, 131
46262, 623
35584, 466
47989, 274
23738, 745
37099, 817
17143, 638
32237, 211
17860, 507
4812, 651
14348, 654
11638, 630
35345, 255
10150, 581
6760, 686
9351, 500
23383, 653
39405, 888
40870, 382
11174, 311
25647, 55
5793, 567
1658, 584
42499, 841
10622, 239
26402, 313
1818, 270
16844, 388
986, 907
25097, 75
19337, 233
49785, 279
18907, 204
40699, 617
49866, 140
9732, 646
16815, 220
6753, 298
12186, 267
25080, 856
20030, 918
43181, 188
13971, 986
27605, 210
39685, 449
43505, 916
21374, 425
5114, 233
20969, 860
12744, 218
29358, 212
38531, 561
3702, 52
13604, 308
49631, 639
320, 265
24639, 81
9322, 704
29947, 796
25232, 129
6250, 395
44949, 451
24652, 65
16272, 870
28874, 808
11828, 908
40551, 431
21332, 379
553, 843
29798, 457
3910, 298
38333, 986
13875, 753
5385, 694
34942, 943
4033, 443
28623, 577
23395, 451
6454, 433
14595, 157
28024, 499
4603, 437
7728, 552
18604, 857
33197, 193
44561, 356
43170, 732
6799, 888
6087, 467
43386, 863
24716, 268
24257, 645
32661, 915
31265, 830
35527, 753
23364, 928
9208, 209
17742, 555
15309, 79
47540, 972
48953, 898
2700, 93
44231, 523
9269, 406
34053, 629
20533, 35
44995, 46
25061, 412
37909, 99
30207, 46
47464, 908
15658, 392
11105, 396
42864, 196
4813, 421
8902, 584
46711, 507
30997, 489
30772, 119
42636, 587
44543, 405
5331, 353
40624, 863
46401, 68
16215, 300
6178, 684
31711, 855
27190, 73
15565, 320
746, 273
20727, 388
23849, 962
22270, 683
16123, 25
18350, 192
38248, 74
5134, 747
26801, 1000
32018, 917
22348, 40
4490, 697
13880, 53
45782, 449
13026, 530
16118, 548
10839, 804
22776, 140
33808, 703
22446, 295
420, 304
31517, 255
9286, 983
13495, 817
46815, 658
20540, 109
7734, 848
23281, 870
24861, 509
26248, 805
30619, 341
28348, 165
13593, 433
27163, 957
34289, 731
9242, 979
37334, 832
11376, 963
17674, 209
967, 216
25526, 765
23644, 671
20035, 561
35784, 61
9537, 846
2001, 116
46744, 573
43411, 275
46553, 427
2395, 591
14870, 12
42155, 816
13292, 155
4666, 260
5135, 102
36014, 206
24618, 914
38353, 777
31406, 266
21485, 422
12814, 558
20125, 759
20431, 498
24289, 888
27502, 798
23294, 422
6012, 761
18772, 576
38586, 644
30705, 419
21729, 711
35532, 468
14197, 900
23589, 790
44619, 311
19846, 630
11398, 822
35454, 902
39075, 792
28290, 9
660, 891
25864, 957
49086, 417
45962, 602
29449, 421
4578, 184
1602, 980
21027, 726
21950, 650
1176, 465
499, 977
767, 242
23739, 637
17930, 543
16843, 521
5330, 741
14229, 516
4866, 512
43141, 847
43447, 958
2410, 86
28335, 341
34496, 212
19619, 841
21165, 156
20699, 255
39065, 730
11199, 58
12241, 401
1531, 195
34232, 870
37031, 94
33217, 204
40114, 983
7302, 863
8656, 670
10609, 236
6173, 539
30424, 586
42475, 373
24154, 521
6794, 601
11262, 944
49152, 152
37502, 46
479, 648
47065, 859
38645, 626
17226, 398
36284, 990
18457, 885
28827, 408
28578, 335
15788, 914
19093, 554
37240, 997
45483, 886
47448, 879
287, 568
13524, 17
65, 558
34847, 853
28247, 753
1921, 458
28775, 974
43782, 447
24643, 196
25624, 517
22306, 25
6846, 709
41315, 365
32919, 264
26231, 895
14939, 643
5196, 439
5388, 401
9491, 639
46520, 493
22247, 634
37667, 499
5279, 905
43189, 915
32949, 611
30810, 168
25357, 61
11795, 43
12976, 521
423, 768
32045, 886
34012, 35
3815, 416
41336, 656
7435, 228
7700, 128
36583, 804
42898, 408
1841, 252
40907, 958
49591, 781
19230, 390
20433, 500
15148, 66
20024, 971
733, 158
44591, 206
11579, 87
26111, 634
19909, 306
49381, 494
973, 963
31762, 239
14226, 755
19939, 624
22073, 176
14475, 336
35090, 224
11437, 487
42564, 777
37253, 102
24925, 310
47748, 818
1620, 133
8485, 701
27465, 137
1963, 697
18392, 0
16979, 117
12432, 102
49676, 692
15837, 155
27718, 138
8734, 283
49074, 128
12428, 122
2275, 995
25141, 871
27655, 77
45656, 786
19369, 479
7357, 347
24400, 511
6993, 340
20733, 477
13012, 843
39923, 595
22632, 699
43196, 210
10196, 577
31322, 329
21404, 353
19992, 554
10819, 157
32694, 732
34471, 144
40980, 956
45294, 843
13509, 211
27321, 58
17923, 735
38549, 77
4189, 660
44303, 246
12087, 46
2449, 669
698, 404
9921, 584
28861, 31
30667, 920
14691, 313
21487, 95
36236, 294
44173, 70
44509, 610
9178, 574
2717, 621
25489, 388
38987, 923
38976, 702
692, 222
27010, 441
21849, 856
30940, 945
37519, 14
145, 225
46840, 394
33681, 870
34934, 759
3553, 900
49267, 571
25957, 143
36153, 165
12393, 251
29718, 587
48203, 998
20827, 176
4390, 773
12064, 842
49911, 351
21583, 353
38838, 349
35346, 49
45457, 199
2034, 709
6556, 185
20613, 206
37797, 76
48079, 419
40960, 336
32014, 690
33467, 237
37999, 936
12813, 46
18374, 359
6055, 655
34262, 889
11517, 541
40732, 372
36597, 613
4201, 320
41295, 919
13330, 335
4439, 235
20256, 391
34251, 126
34947, 885
31060, 476
15331, 778
34265, 564
25431, 981
10259, 465
10039, 438
18462, 910
19618, 874
434, 584
33633, 986
48325, 733
43965, 737
49243, 188
38108, 824
3285, 11
48387, 842
14683, 389
29403, 17
19302, 840
17682, 360
28602, 251
26718, 523
20048, 985
15195, 476
44529, 36
33317, 895
19363, 50
10061, 349
8817, 243
7340, 601
13525, 850
10613, 297
30290, 313
16203, 672
17428, 494
34618, 381
34683, 425
6781, 30
17434, 138
43092, 497
7322, 28
2175, 903
30283, 915
23618, 457
44655, 389
20249, 995
34400, 118
42166, 451
29213, 68
40799, 710
19540, 544
9003, 195
28020, 701
38331, 736
40625, 79
41125, 849
39513, 573
31737, 844
22489, 872
15689, 483
2543, 273
46470, 661
32120, 948
28891, 752
37807, 907
9002, 519
33184, 28
9244, 894
30120, 926
11596, 759
12224, 749
44733, 23
4888, 410
16142, 402
20907, 476
45634, 115
18861, 146
10547, 563
30244, 476
10366, 300
25298, 221
11055, 359
30762, 100
49597, 491
29854, 900
35606, 22
22965, 670
8401, 555
17714, 216
17956, 630
14490, 235
17035, 98
4333, 363
22930, 968
15663, 1
49993, 834
45544, 752
29880, 822
22642, 850
5265, 124
16974, 799
27953, 514
49981, 41
47409, 211
9061, 843
6977, 939
11307, 642
45487, 953
15289, 801
25002, 367
5679, 753
9699, 244
4662, 357
42674, 354
15061, 932
47864, 836
39047, 409
10628, 145
36508, 774
31963, 45
30514, 260
32084, 26
786, 2
26561, 641
37702, 685
11131, 801
29204, 34
38880, 249
35500, 637
48757, 654
41620, 122
42958, 705
13848, 72
6805, 132
1974, 694
7960, 2
20053, 799
24322, 603
28933, 119
27604, 558
29800, 418
9065, 452
46646, 263
32336, 848
16214, 20
8726, 455
31427, 474
23402, 637
38432, 723
37975, 541
24734, 258
28044, 962
39589, 827
11403, 646
38120, 258
38706, 518
4307, 669
30987, 706
24946, 386
14924, 365
23130, 389
26671, 194
13502, 818
30453, 288
24515, 236
21620, 657
7702, 498
23502, 672
28776, 50
49852, 60
25163, 100
29701, 218
22013, 467
46696, 69
18514, 171
37054, 803
7086, 111
21416, 261
28255, 911
49289, 58
25951, 530
39993, 857
32556, 313
16971, 536
37550, 337
45027, 204
1836, 301
11697, 692
5676, 351
35877, 906
8134, 43
30227, 937
1158, 661
27967, 461
36454, 64
26145, 815
8907, 915
17048, 599
41463, 98
29680, 210
14988, 873
13049, 548
26595, 52
10473, 39
16169, 610
16267, 679
9766, 491
46781, 193
48713, 506
48676, 944
48829, 642
18181, 819
17153, 187
42615, 943
22131, 566
16197, 924
40340, 981
3759, 463
31162, 972
1679, 146
37447, 492
14195, 624
28141, 842
26016, 639
37117, 405
9283, 517
48517, 536
30849, 985
5386, 193
15604, 946
48402, 312
39772, 936
13019, 163
4127, 145
12366, 926
45841, 148
15040, 176
16769, 473
27652, 145
8859, 493
4100, 969
39167, 516
23026, 345
22351, 864
47781, 716
23288, 654
40484, 700
24378, 200
14659, 40
9860, 81
25423, 329
28927, 888
3240, 254
13737, 498
21005, 734
22568, 536
33968, 606
49199, 58
39968, 384
4700, 784
33321, 296
17227, 357
26922, 748
33909, 886
885, 591
17411, 33
11665, 622
7912, 432
44808, 693
46720, 590
501, 377
8089, 359
20821, 766
27013, 299
21065, 650
34405, 426
18998, 598
34100, 254
11113, 572
16162, 567
26280, 97
2536, 499
34597, 180
14311, 947
10474, 261
12819, 899
10242, 313
38283, 87
26899, 345
45023, 356
37266, 511
9545, 959
31991, 435
36099, 234
29663, 922
27592, 689
25101, 385
20044, 703
27520, 322
17861, 534
10241, 85
17051, 639
2313, 340
4386, 312
27403, 729
40445, 512
3578, 465
26841, 292
3262, 718
3608, 12
23950, 359
43457, 349
31236, 767
8087, 524
23067, 814
14619, 110
44628, 539
8608, 671
28034, 497
47394, 138
21813, 468
25886, 992
15510, 299
9518, 541
11753, 960
26647, 917
441, 468
1804, 429
49720, 75
11009, 751
28818, 219
16837, 917
20128, 743
255, 168
15738, 38
18202, 791
1943, 253
22589, 892
44275, 649
14858, 744
28454, 421
33614, 607
12965, 885
437, 589
45945, 492
13569, 540
47923, 264
8837, 456
37305, 42
49858, 337
30470, 110
41540, 457
3017, 388
20413, 912
24268, 882
2261, 323
23604, 416
4912, 745
45531, 132
41055, 517
21547, 490
38427, 611
19409, 191
15575, 270
31491, 982
13403, 202
38740, 587
38124, 626
34971, 30
21603, 806
9415, 604
14851, 816
9899, 454
40759, 982
19288, 557
3591, 393
31255, 281
38777, 767
23761, 582
11823, 346
49184, 188
7769, 683
39627, 93
22353, 936
19855, 344
11132, 641
16463, 870
6827, 119
2951, 15
37243, 210
26944, 42
511, 79
17871, 21
36434, 292
32803, 660
42359, 101
23657, 259
19479, 968
29980, 957
39706, 38
5892, 320
45776, 462
13452, 685
25486, 631
22627, 492
462, 761
5404, 690
21625, 850
29499, 645
25485, 738
3398, 501
19281, 639
35397, 531
16727, 645
35618, 972
39407, 387
5183, 610
3569, 278
49769, 890
3014, 30
1758, 165
44739, 332
9974, 646
33803, 106
44704, 889
23511, 378
19721, 266
15076, 147
5580, 756
48038, 431
32283, 759
45648, 168
47096, 410
30626, 849
2778, 993
25999, 6
44959, 410
33141, 37
27496, 188
14043, 376
28408, 452
18183, 616
35367, 830
26399, 214
31854, 348
1082, 158
17862, 649
18367, 282
24740, 759
48985, 288
2350, 785
43469, 182
25413, 204
20082, 543
6076, 563
49955, 238
39534, 817
31723, 556
24168, 130
37074, 961
44404, 54
18491, 234
2594, 720
40851, 282
11607, 421
31340, 852
3879, 907
38605, 108
47012, 11
19957, 848
26639, 598
1327, 577
6814, 342
11046, 878
296, 534
37608, 769
43635, 55
43471, 101
44946, 676
36405, 684
30392, 926
31314, 920
21195, 675
10552, 722
24493, 874
17406, 482
24207, 267
14142, 776
20545, 622
30693, 617
29675, 388
3098, 324
37453, 197
7654, 490
48144, 683
23544, 568
38768, 505
30794, 667
2571, 495
36993, 332
5410, 503
10247, 228
23006, 49
26400, 445
14373, 45
23106, 835
3486, 650
37518, 493
25043, 264
35695, 87
39400, 452
42273, 371
36325, 810
1588, 51
12081, 632
16892, 556
10825, 373
31052, 54
12798, 814
32629, 408
21231, 420
12259, 397
556, 919
2739, 573
24660, 629
32967, 786
10244, 340
31865, 338
24539, 378
15385, 64
35077, 99
30910, 831
13484, 549
3373, 629
5944, 320
5808, 632
15594, 798
25164, 377
48231, 640
21537, 73
3075, 518
5467, 410
44971, 963
28203, 721
21735, 410
45793, 402
17940, 743
20635, 613
12765, 571
28699, 313
35623, 169
21764, 215
30546, 361
13547, 837
21725, 821
22832, 328
10145, 726
19330, 913
8045, 764
42933, 560
18676, 586
48721, 184
16932, 811
40626, 838
11824, 485
39128, 766
4741, 36
42805, 645
12472, 193
14948, 496
23615, 239
4890, 273
48153, 554
3841, 96
17527, 366
16231, 557
39813, 757
33915, 738
13606, 573
48137, 375
29902, 263
31262, 48
34979, 886
3290, 460
31297, 689
546, 981
45194, 207
32749, 176
46090, 58
34159, 605
24356, 404
9855, 858
24718, 441
37222, 473
1034, 940
5110, 817
40084, 572
1217, 765
46779, 204
3203, 711
18708, 594
38001, 21
1717, 198
30461, 90
1857, 513
2300, 116
17710, 141
17475, 38
45332, 713
15972, 190
1711, 968
31226, 81
36649, 181
15820, 519
10192, 157
12450, 6
29504, 149
29519, 180
48280, 670
32642, 51
23275, 865
44709, 333
39864, 300
10495, 509
26937, 557
32928, 219
31146, 540
33124, 256
26927, 6
11203, 226
26050, 679
217, 651
14843, 661
43215, 832
3038, 955
14428, 70
469, 730
38543, 176
20691, 414
47552, 33
35774, 699
14236, 467
17490, 459
4524, 466
190, 986
24294, 193
43835, 297
20447, 163
2593, 848
17846, 630
26080, 551
22168, 851
36924, 578
31879, 510
13638, 396
6095, 920
20763, 902
30047, 551
29616, 947
2557, 929
40535, 649
43325, 222
43565, 963
8966, 206
23216, 148
21730, 700
36953, 751
41368, 519
14333, 206
3474, 660
38267, 421
41545, 11
29015, 910
16165, 850
19437, 856
47533, 344
14198, 266
41357, 747
38354, 199
15688, 839
17618, 394
47034, 627
43892, 937
48912, 287
2326, 34
46094, 285
8781, 224
25285, 149
40288, 952
21520, 432
8793, 178
34921, 896
8847, 85
44532, 558
49096, 139
46116, 242
204, 581
22032, 445
16511, 256
36546, 501
28624, 405
116, 688
28071, 988
43375, 890
27095, 630
22365, 253
4675, 451
48003, 494
11675, 281
31174, 794
9326, 405
12028, 388
42519, 755
31505, 40
4931, 133
8034, 570
30830, 264
172, 748
44170, 431
30736, 442
28697, 9
35767, 405
35491, 798
16219, 714
44667, 511
17688, 925
13828, 676
25538, 814
9444, 309
15051, 726
19804, 413
33826, 898
6710, 191
38757, 850
45330, 110
16347, 181
49984, 445
12573, 108
5625, 282
17819, 513
27589, 484
45502, 689
12531, 570
16339, 30
47834, 401
662, 583
35588, 458
31201, 193
42924, 494
4925, 932
44670, 306
3030, 374
2437, 675
4559, 377
12031, 57
30723, 961
44891, 844
25806, 73
16161, 682
23416, 832
48088, 720
48848, 39
43675, 443
22469, 82
45775, 94
7485, 150
35250, 846
22904, 848
32101, 443
16827, 744
7483, 136
19971, 490
10883, 260
30706, 254
4316, 464
36143, 903
49017, 634
31721, 538
12778, 242
44833, 677
3286, 353
39010, 871
22836, 728
21476, 974
35704, 585
10813, 39
42327, 13
16020, 32
6835, 198
18056, 372
31556, 587
36556, 394
8086, 760
6416, 989
42948, 991
16951, 454
41431, 370
27430, 861
25985, 419
19622, 186
39469, 335
8914, 798
35291, 17
9349, 68
34905, 394
12400, 729
4213, 972
30388, 534
35536, 315
25994, 28
2992, 502
38721, 297
42299, 665
43341, 277
26294, 479
13665, 654
3508, 468
30734, 979
7907, 410
28041, 554
6182, 828
4774, 984
5953, 203
40836, 462
38865, 945
9274, 482
1127, 506
32434, 432
20681, 677
4725, 661
20854, 381
42384, 469
34917, 867
43081, 484
25313, 206
38397, 383
45882, 400
25751, 613
12223, 94
19319, 843
3440, 342
20046, 284
40915, 798
45143, 618
12242, 185
49988, 862
26853, 667
42669, 961
45765, 349
2968, 562
46635, 270
6878, 171
45968, 443
14377, 957
27206, 248
29261, 912
36802, 82
958, 271
34263, 864
44779, 461
46058, 337
41284, 501
46324, 186
25188, 567
46329, 553
34695, 853
16778, 936
30116, 123
40817, 924
31964, 88
34866, 210
41866, 404
24157, 441
42305, 106
26247, 171
15919, 756
11729, 334
10533, 751
36916, 777
22908, 354
36068, 26
31376, 790
17623, 834
47511, 350
47362, 423
15931, 603
49547, 763
27117, 280
13636, 20
26832, 476
7217, 7
17887, 536
1832, 135
30448, 740
40197, 616
38264, 740
32296, 265
19714, 325
14860, 718
49626, 736
28475, 811
11801, 541
13392, 550
13208, 713
5922, 105
14216, 872
13728, 883
37182, 529
34460, 466
6011, 804
14663, 203
26112, 688
13676, 123
40831, 710
42547, 352
29754, 518
4787, 77
18633, 177
49774, 166
12489, 490
7632, 961
3177, 258
19454, 307
2328, 883
37856, 523
20557, 211
3796, 91
25008, 698
19448, 380
32908, 633
47517, 544
15232, 424
30143, 100
48328, 358
202, 723
75, 859
140, 187
4920, 60
39109, 203
43400, 833
17221, 393
31605, 355
34311, 396
5229, 471
47880, 93
35461, 736
25470, 294
32233, 922
22835, 383
23650, 141
36486, 994
6953, 860
28568, 345
30219, 623
2066, 673
36118, 278
21283, 616
15164, 482
11287, 414
36350, 485
39660, 633
47066, 78
35187, 626
21734, 947
49656, 500
7853, 340
20455, 452
47590, 382
41747, 779
12897, 728
40839, 151
23230, 591
37929, 66
7362, 679
32496, 451
29771, 603
20558, 892
43355, 592
39908, 408
33221, 830
12550, 776
18549, 163
41720, 157
31578, 93
24982, 711
36915, 204
18239, 968
46418, 257
33353, 992
35104, 800
8872, 973
38703, 856
7227, 261
44939, 72
33599, 716
38617, 818
19665, 381
47619, 288
35163, 314
26674, 687
43990, 595
16779, 768
21568, 965
24077, 215
36406, 896
4572, 256
25791, 844
45017, 637
48287, 571
33907, 106
49312, 656
28714, 3
32058, 359
19799, 648
28514, 424
28081, 82
1516, 155
24867, 421
19052, 66
9958, 908
20143, 365
40901, 145
28370, 800
42652, 427
12614, 597
12274, 861
17363, 253
43464, 577
49890, 312
33778, 681
11936, 791
41301, 356
13303, 589
7431, 914
24927, 156
20495, 676
23255, 693
10332, 304
4259, 160
15007, 253
4235, 477
49755, 948
1503, 750
2461, 758
25697, 902
35348, 206
1915, 936
11821, 315
232, 812
12281, 792
15341, 856
49087, 547
5826, 175
22961, 708
37548, 775
11625, 208
37768, 742
2456, 2
14125, 957
8440, 785
37030, 528
21330, 468
35008, 687
32757, 105
43398, 73
41649, 738
44801, 193
43363, 166
32128, 732
17098, 720
24090, 314
25062, 319
33949, 995
8908, 90
32586, 883
47931, 902
29503, 368
41752, 863
6211, 952
7384, 994
2167, 111
27894, 678
48742, 176
30384, 44
8185, 999
32733, 353
41010, 162
17076, 126
7087, 889
28763, 688
24345, 26
131, 26
6356, 725
37326, 336
18470, 186
26868, 300
42136, 392
24383, 388
15408, 83
19991, 965
48015, 685
49073, 398
16204, 653
48811, 558
26813, 333
15003, 882
44858, 262
17472, 796
26186, 390
45411, 907
32649, 110
21647, 650
33227, 50
40073, 542
36800, 881
4288, 292
15293, 136
7720, 213
39257, 72
21203, 502
15662, 265
34360, 152
29927, 408
45354, 439
47186, 734
48545, 385
47882, 117
36809, 434
732, 927
22233, 849
36880, 522
1690, 844
23222, 690
16607, 913
166, 109
5346, 148
20145, 2
2076, 242
34017, 575
28292, 823
33741, 796
25511, 571
6853, 635
6432, 268
27911, 452
37783, 893
4092, 303
625, 203
4615, 28
28943, 97
29074, 263
7178, 306
11791, 398
42302, 471
25026, 266
39074, 122
44266, 113
23451, 978
12837, 157
27820, 186
32700, 414
28234, 210
34925, 484
8231, 595
28474, 280
33921, 309
23587, 204
37124, 596
29463, 76
43422, 400
9519, 994
16874, 861
4436, 77
26572, 557
42171, 130
18930, 427
3687, 642
47067, 607
15204, 55
25872, 189
45665, 573
36627, 286
33717, 74
46045, 906
39302, 378
34039, 823
39690, 309
1986, 259
40385, 556
18152, 156
49844, 571
1855, 361
199, 830
17840, 609
34765, 158
28302, 37
12995, 190
29689, 102
31281, 366
37933, 858
23958, 396
26028, 219
27149, 699
24880, 339
48894, 925
21387, 246
3660, 843
15547, 421
22258, 307
18759, 401
40607, 436
49465, 739
33657, 336
23374, 2
39594, 493
34199, 55
13281, 593
46603, 225
46608, 931
18891, 527
17922, 954
45499, 907
512, 797
34629, 417
27661, 245
20374, 811
5087, 278
48315, 747
26121, 553
5885, 752
471, 138
35840, 17
27378, 897
9451, 609
4984, 357
39848, 444
15437, 164
18452, 21
20092, 606
12470, 140
15335, 902
28989, 301
26749, 23
19669, 307
42591, 549
1967, 206
34256, 354
28759, 431
17701, 260
49584, 6
21295, 801
11916, 360
31137, 392
16036, 476
39598, 855
32721, 205
8003, 294
5837, 896
39332, 999
49906, 380
44100, 492
14608, 187
37728, 650
5178, 814
13577, 548
27259, 580
28226, 115
21329, 654
11011, 877
28909, 204
21828, 633
41124, 394
15387, 708
37118, 172
25671, 875
19047, 165
5193, 904
4860, 61
4562, 611
33201, 832
29314, 365
16444, 333
41193, 74
45219, 9
13726, 622
49803, 794
20359, 621
5293, 230
29055, 377
5875, 515
34321, 18
34594, 293
49507, 740
45766, 812
43674, 202
41822, 639
1051, 882
20364, 247
29186, 135
36703, 200
6167, 485
20067, 327
14326, 986
2750, 383
37294, 43
32682, 248
35708, 61
13212, 78
15849, 494
6272, 412
30846, 857
42081, 717
3890, 457
16869, 5
31334, 388
38438, 486
8949, 63
21184, 993
2521, 141
17722, 919
21816, 992
21891, 689
44985, 516
7432, 925
45885, 16
6463, 967
14675, 891
34201, 278
6581, 729
44255, 509
28626, 57
23408, 606
27789, 669
16527, 126
14892, 638
6984, 965
45356, 523
25801, 72
16552, 607
6600, 101
38467, 876
3346, 633
40425, 274
21159, 461
21312, 178
11213, 339
16252, 389
21426, 28
23927, 330
41223, 677
24795, 253
13806, 291
24228, 667
42483, 14
26513, 890
41382, 943
18944, 180
22196, 203
21630, 984
33607, 641
24463, 750
142, 158
30696, 743
20037, 149
7864, 507
8238, 340
19546, 616
48877, 385
9503, 856
4696, 764
8370, 814
42425, 307
30018, 739
32301, 979
10840, 156
39792, 568
36747, 677
33318, 284
48317, 946
49293, 221
139, 233
22605, 661
3985, 234
22694, 556
41128, 494
26047, 661
33733, 814
20530, 302
30853, 551
32302, 810
16278, 861
46363, 87
5634, 372
14415, 299
4669, 593
5674, 134
8237, 216
20406, 118
39680, 387
41949, 546
8046, 517
41417, 807
46710, 198
33870, 533
32254, 235
43622, 974
10952, 711
10989, 930
29753, 191
19747, 97
4105, 198
10531, 614
31214, 719
21522, 963
25089, 947
34561, 575
29205, 337
49185, 372
47791, 445
34335, 775
8587, 848
29731, 13
25371, 493
27610, 838
23095, 588
26768, 610
44388, 227
45969, 415
5522, 269
19492, 350
9047, 474
18758, 741
17627, 815
47225, 1000
41746, 558
10625, 428
1040, 714
46011, 80
49098, 462
26358, 94
27583, 466
25826, 672
8878, 244
15085, 309
25721, 194
22472, 337
30303, 838
35119, 335
1298, 680
39087, 526
21142, 158
7851, 833
14704, 251
41408, 249
9021, 492
44924, 504
20353, 217
12852, 873
43702, 482
23530, 76
48672, 272
4258, 864
48222, 43
42856, 181
3186, 88
7587, 976
28322, 374
33115, 873
38064, 392
7603, 708
14580, 844
20165, 798
4353, 869
9397, 416
26559, 191
28145, 432
17752, 735
23951, 953
43004, 794
25122, 216
42556, 247
31018, 280
33143, 604
2532, 764
41395, 80
2573, 956
7849, 319
44126, 883
1119, 115
10499, 444
21342, 473
47340, 18
22391, 768
26095, 960
21633, 641
25151, 943
35467, 975
33572, 476
2810, 672
22112, 771
34146, 218
22115, 262
26379, 612
39520, 102
1737, 4
7641, 635
47286, 895
10194, 865
46949, 873
45280, 242
18996, 20
4538, 45
13560, 590
10484, 426
44050, 652
14166, 881
28216, 642
1776, 716
38742, 818
11522, 895
30374, 434
32641, 520
41856, 795
41645, 637
31821, 488
36450, 675
30024, 134
18186, 18
46985, 206
17149, 548
8051, 696
4222, 578
41629, 65
35033, 829
26699, 167
20651, 523
23472, 573
16412, 678
33268, 692
22091, 43
48970, 282
1087, 317
41290, 576
12289, 248
48064, 355
27922, 800
29324, 919
20964, 517
49486, 115
16021, 115
7943, 945
41816, 854
45374, 155
3057, 400
6208, 792
42957, 349
20473, 572
32126, 459
19411, 831
7457, 57
1052, 549
18949, 611
20532, 699
31596, 507
31974, 213
3922, 228
49753, 21
999, 966
45511, 838
14055, 737
37721, 667
45799, 632
32829, 828
24801, 760
14526, 426
37443, 168
19275, 428
42811, 606
30631, 32
48879, 502
24930, 878
44038, 947
16206, 772
3330, 992
30126, 292
36559, 694
17814, 25
23728, 389
13088, 351
12314, 763
37316, 825
4879, 365
14527, 800
12068, 126
9814, 155
44222, 796
652, 134
2061, 960
17483, 71
38571, 725
21301, 830
34, 634
25701, 388
2132, 848
44969, 574
25948, 359
17195, 652
47676, 277
9059, 521
7249, 625
8546, 575
11580, 481
22479, 763
37134, 473
25307, 485
12163, 668
32484, 425
12938, 850
12579, 333
27050, 692
39782, 619
15818, 980
3117, 387
243, 106
34401, 588
43682, 190
3876, 18
35990, 703
44897, 499
19869, 257
11223, 795
20561, 224
1955, 409
4109, 708
37921, 170
4250, 195
504, 720
14828, 848
22907, 655
27186, 494
5045, 440
23012, 473
10526, 668
23582, 857
49582, 11
20573, 636
36208, 653
21474, 160
9628, 696
43528, 421
39790, 508
15295, 272
19610, 41
3584, 707
18552, 376
45442, 368
35635, 103
32382, 943
30353, 50
34292, 777
39002, 112
4142, 828
5607, 317
9930, 67
27929, 735
20608, 194
33100, 340
27679, 672
32685, 455
33129, 220
1651, 9
29280, 71
32825, 496
45292, 80
13249, 124
17435, 527
29166, 525
8288, 848
49198, 425
20466, 875
19567, 279
13114, 268
10836, 881
7515, 906
28924, 744
1085, 16
16177, 25
35650, 891
1376, 307
19236, 630
45319, 170
38569, 58
14916, 506
2154, 319
42993, 611
23653, 518
28154, 265
18560, 377
25790, 442
31668, 298
5803, 107
42757, 623
44633, 879
45405, 976
27848, 829
35991, 6
25577, 295
27913, 205
5248, 935
17236, 522
23672, 599
36375, 400
312, 915
17758, 889
8458, 738
30703, 388
17232, 48
14688, 187
14709, 687
24866, 71
9876, 251
16087, 70
10855, 842
10647, 140
38556, 878
3451, 587
5460, 295
48353, 434
40666, 285
20779, 376
35498, 502
37598, 649
39990, 198
42066, 202
30265, 536
24040, 768
49863, 610
4659, 595
16085, 487
864, 100
48182, 741
44291, 220
37420, 350
37401, 922
18928, 905
17175, 291
45871, 848
5924, 276
27784, 677
47765, 967
814, 91
2786, 432
8160, 22
16786, 452
31916, 271
45314, 109
30160, 828
34202, 693
16949, 573
14015, 859
28670, 851
30839, 681
34222, 825
8750, 55
36241, 917
15052, 309
39030, 903
44764, 196
31372, 105
33994, 83
21400, 281
8158, 707
24791, 170
18833, 770
22607, 439
1936, 74
43834, 851
5849, 387
29289, 784
35590, 413
1073, 285
27597, 47
36510, 552
2824, 151
44585, 6
38709, 744
36426, 887
12541, 872
12232, 415
23825, 701
17982, 29
4590, 488
2559, 844
19701, 827
32358, 197
34242, 607
5423, 648
38655, 976
4228, 483
43454, 869
42656, 351
10156, 494
8610, 215
25533, 544
4303, 382
40401, 676
45496, 273
9013, 357
47252, 654
28224, 394
1946, 281
12949, 929
32646, 723
11605, 591
17896, 296
33770, 62
46089, 683
19090, 810
31748, 126
27639, 822
43106, 631
17217, 84
1618, 361
10994, 414
41201, 711
39724, 715
23885, 356
30868, 947
27973, 177
22283, 496
31046, 164
9716, 579
29630, 945
9193, 213
4136, 364
33312, 152
41298, 405
3149, 913
27108, 577
45941, 183
39869, 513
22499, 104
69, 142
7967, 447
35211, 242
44340, 969
21850, 132
33794, 388
43970, 769
13352, 827
22253, 382
35622, 118
15916, 133
8663, 56
29534, 383
46963, 850
40335, 668
13630, 559
8341, 850
31523, 210
25535, 16
13166, 843
46127, 209
2630, 246
48594, 312
25828, 206
3747, 494
32061, 97
16478, 524
167, 930
7379, 516
44181, 98
40273, 718
36566, 417
32977, 596
17304, 146
8911, 84
33336, 20
41623, 988
20653, 8
48265, 341
1390, 15
47462, 851
44440, 732
28440, 245
14430, 36
26217, 550
33558, 194
13725, 24
1361, 676
29606, 911
16188, 85
1288, 79
17539, 197
18118, 470
31434, 709
31833, 385
23206, 274
16004, 647
40525, 702
2463, 161
24957, 114
6235, 311
20939, 828
30711, 331
9041, 332
17405, 146
26271, 697
1197, 98
22867, 795
46817, 429
29489, 928
11507, 773
37703, 761
305, 420
39149, 131
30617, 486
20153, 648
48303, 908
46431, 976
20642, 122
26264, 958
8981, 48
1517, 754
15750, 209
1619, 210
48930, 703
8903, 932
28214, 718
15448, 58
21003, 612
37392, 575
36033, 404
33375, 65
31017, 828
18900, 960
13889, 977
27905, 631
4775, 310
41838, 56
26758, 595
39510, 281
32932, 878
22987, 601
21926, 474
34494, 960
30526, 987
8957, 540
43418, 837
23410, 725
24269, 613
36043, 106
11187, 868
23935, 397
40446, 728
49179, 686
19102, 917
39119, 740
40308, 520
34527, 271
3790, 367
10206, 775
28491, 396
34865, 616
10138, 330
21163, 113
24766, 309
42826, 3
27951, 313
32269, 993
21669, 291
34855, 469
45509, 343
45322, 206
47382, 867
40540, 343
13135, 417
49194, 411
32876, 196
18320, 264
1888, 148
25946, 835
49138, 202
46366, 426
35552, 201
562, 566
12713, 218
21272, 904
49961, 172
26942, 115
25847, 115
24966, 533
22906, 691
11452, 478
13526, 17
29465, 480
2633, 626
30418, 800
34056, 322
15102, 858
21653, 91
21566, 141
40761, 838
45391, 677
37600, 721
45983, 238
1613, 47
29729, 862
47130, 135
38491, 691
32021, 913
32723, 311
35045, 734
15239, 223
38481, 594
24130, 423
49602, 891
26851, 606
28656, 213
8557, 392
8613, 615
13710, 874
25377, 857
15151, 853
25969, 402
35891, 327
555, 714
44474, 318
17268, 701
12674, 605
969, 607
23155, 343
28747, 361
32369, 906
4225, 912
38068, 970
37552, 360
36060, 782
17240, 712
2248, 518
25445, 200
9465, 747
8745, 539
34170, 769
24337, 838
29371, 872
21590, 556
22107, 188
4663, 267
1033, 767
42803, 682
24606, 956
31679, 547
36815, 493
26108, 435
16068, 818
9091, 455
32985, 791
28919, 734
23683, 362
20181, 632
33929, 217
5191, 485
4738, 873
5394, 942
12118, 423
11411, 225
9088, 397
40911, 31
10927, 919
30091, 740
12593, 858
43693, 273
15701, 98
13773, 170
48823, 217
25430, 369
35686, 971
13470, 968
171, 522
30689, 433
30412, 605
11305, 343
12867, 154
604, 204
35422, 188
47505, 918
4938, 875
38900, 161
23116, 707
24334, 73
39071, 336
26855, 693
32356, 326
21279, 134
25380, 314
49079, 746
47649, 465
28839, 237
30541, 34
42617, 699
25983, 732
29813, 390
1010, 759
34658, 522
13766, 104
31936, 174
17657, 792
43934, 699
28410, 385
12033, 93
39962, 87
18370, 316
28819, 310
8165, 395
2247, 839
43940, 545
21325, 116
44481, 17
47087, 922
39259, 603
13389, 956
11357, 211
19392, 724
34888, 556
43046, 298
31094, 903
7672, 656
20158, 719
45148, 849
43968, 888
21614, 239
35654, 995
41334, 717
6064, 772
17970, 816
46826, 205
38487, 230
22966, 139
29071, 589
11632, 69
41339, 512
36532, 43
49853, 204
32481, 144
37203, 120
31197, 521
2144, 351
40589, 139
17725, 907
1907, 771
13556, 187
31953, 688
15374, 524
43915, 372
8390, 562
11794, 830
19303, 972
42974, 193
35091, 547
28215, 370
17581, 757
21817, 867
31209, 869
9657, 479
13904, 105
34413, 903
43504, 214
24450, 882
6041, 984
11393, 665
13319, 54
31159, 715
35847, 366
37611, 576
9888, 847
8182, 709
36981, 374
12580, 150
37090, 586
33359, 542
2764, 657
2663, 119
35947, 84
29803, 359
3270, 503
9126, 0
34535, 645
27294, 577
31041, 126
26001, 321
42272, 287
47650, 774
15447, 156
36594, 343
34526, 326
5760, 913
10746, 867
25096, 120
21309, 596
16792, 144
7421, 241
35389, 97
42371, 862
43994, 268
25406, 22
4857, 30
5570, 113
25236, 100
21987, 986
49823, 989
7040, 461
8679, 449
24850, 410
30411, 856
12546, 947
26632, 389
30428, 290
16830, 817
5561, 53
14779, 267
37265, 279
39779, 185
20786, 39
22179, 771
38789, 173
15600, 766
42942, 44
24355, 720
13841, 379
7512, 674
28205, 193
48867, 413
44518, 455
33082, 0
49557, 706
45801, 31
17412, 440
6976, 659
29794, 25
9218, 707
8076, 708
6285, 167
24339, 390
574, 14
25052, 416
29540, 624
1084, 970
38099, 847
42563, 391
39822, 23
48392, 99
44540, 563
49230, 153
28356, 594
28499, 417
8671, 296
36590, 453
5536, 270
20942, 945
9787, 519
46106, 762
16005, 131
19819, 426
28050, 407
18223, 916
46659, 687
40634, 571
8011, 28
44645, 576
26702, 767
15987, 993
826, 481
17003, 133
9834, 621
38620, 334
17187, 795
4322, 658
24806, 712
24713, 3
17393, 571
10946, 146
7806, 41
41985, 439
23107, 58
10437, 415
16429, 411
39929, 894
17785, 320
39409, 535
4607, 534
22288, 767
9391, 334
38058, 601
49974, 971
17150, 841
45357, 880
30492, 753
15082, 481
14847, 730
6726, 895
25990, 332
9579, 837
34689, 346
5164, 408
26568, 959
33376, 504
16431, 283
24992, 72
8657, 64
13599, 522
10814, 554
38146, 24
16101, 946
46444, 833
21401, 430
25631, 486
10095, 464
23963, 939
43711, 126
7737, 639
34988, 743
18388, 451
24772, 481
37942, 118
29861, 429
30437, 254
33674, 903
4569, 678
46079, 671
28555, 186
5987, 683
17599, 518
5217, 347
29148, 933
15104, 278
38814, 832
32583, 926
27330, 188
35587, 715
33310, 265
34169, 768
48557, 306
36254, 780
12785, 643
339, 73
46637, 46
2940, 511
43848, 831
31139, 910
35417, 801
19449, 371
14539, 819
7321, 501
25286, 665
7704, 609
45931, 548
31872, 247
17653, 689
12647, 202
29907, 416
32299, 214
41036, 94
13507, 11
36771, 187
22503, 934
14923, 502
23929, 900
34868, 335
38180, 142
14600, 587
7375, 930
3094, 723
45403, 375
27173, 434
18801, 235
27961, 750
33383, 595
28935, 346
41127, 348
6967, 686
807, 303
4407, 1
41888, 66
38654, 520
13913, 603
39044, 300
8277, 429
24692, 440
37699, 999
35374, 97
22541, 251
31519, 538
5354, 28
19127, 240
22298, 263
25729, 594
48763, 409
49368, 102
4630, 713
24199, 596
25779, 294
11048, 830
26420, 717
2041, 991
8217, 963
30068, 916
22063, 125
37057, 645
15130, 947
11394, 406
39874, 426
42598, 636
4427, 665
35844, 391
13797, 308
18700, 906
44597, 890
41655, 494
33500, 775
31588, 540
14176, 365
19570, 889
21356, 689
30630, 522
44492, 336
31253, 141
49841, 537
49957, 890
16126, 235
40920, 677
2151, 142
27177, 323
19482, 906
709, 267
46753, 891
25687, 546
112, 284
8930, 349
30729, 783
9943, 248
17787, 401
31085, 383
46238, 460
14976, 135
11337, 490
14915, 470
44503, 316
1881, 762
11043, 303
45974, 601
25418, 706
21495, 791
17167, 233
22653, 111
2914, 335
37946, 938
26337, 670
35324, 859
5804, 218
15487, 157
24126, 673
20852, 750
26078, 469
37850, 320
5543, 337
19154, 523
45705, 819
25235, 531
35832, 95
38534, 241
17136, 196
42181, 250
24101, 807
38601, 651
37115, 713
10859, 365
43035, 949
36137, 585
19568, 232
22725, 114
9324, 626
34219, 988
10592, 837
43793, 64
39625, 167
46662, 936
18854, 344
4120, 595
21209, 928
17700, 611
1639, 187
34637, 147
3545, 862
13816, 490
3321, 164
602, 896
8493, 263
15312, 706
25321, 96
17706, 550
22811, 829
20241, 418
32477, 804
30624, 640
30165, 321
39858, 863
26809, 211
38539, 173
40514, 476
11611, 727
1964, 58
16694, 83
1145, 950
26848, 502
45700, 803
38153, 901
32431, 998
43721, 907
5605, 850
7019, 928
36801, 851
21672, 688
46044, 878
2710, 540
3921, 947
35289, 183
10580, 555
24895, 184
33067, 988
10188, 670
4627, 871
36414, 77
10070, 653
15485, 88
26625, 108
38956, 235
47250, 736
29152, 886
16342, 530
12746, 72
15150, 924
29386, 209
12888, 981
1230, 85
26098, 1000
46254, 6
17569, 264
41388, 505
13258, 231
8311, 891
37329, 580
40041, 136
38133, 486
1861, 332
43317, 480
26972, 945
27039, 541
4944, 966
47855, 423
41731, 150
28023, 127
1077, 490
37900, 313
11959, 579
23465, 679
47207, 101
26565, 65
13575, 887
19365, 151
22193, 337
5232, 474
11862, 772
43087, 876
34500, 990
15324, 312
39824, 573
9817, 282
8322, 315
10281, 639
2711, 74
46697, 583
24862, 930
17753, 185
4046, 987
13991, 253
35040, 268
9008, 943
33919, 170
19535, 937
8262, 348
40993, 878
32282, 263
13176, 607
44950, 514
1696, 617
43061, 922
18876, 489
8425, 895
38542, 754
4999, 274
30216, 774
49261, 581
12583, 402
45667, 912
38337, 124
24233, 404
43567, 550
48795, 89
2939, 935
35100, 519
43845, 366
49639, 146
15952, 503
43742, 650
27944, 441
25633, 278
35158, 614
7505, 234
23485, 503
5252, 690
38319, 161
18328, 228
25175, 744
26464, 83
8107, 248
25854, 46
45606, 735
44025, 640
26289, 608
4640, 549
2487, 439
46767, 845
41621, 851
34030, 728
37341, 695
38650, 535
47565, 404
18958, 639
23977, 53
24336, 949
37969, 406
36252, 926
23704, 440
4091, 515
29681, 120
39797, 793
13574, 41
41014, 167
33194, 399
45227, 980
48171, 950
33753, 379
3124, 185
34688, 84
32174, 709
47269, 471
2439, 392
29735, 930
10820, 907
36567, 727
21506, 561
6919, 730
25599, 247
1920, 141
1153, 266
3826, 635
31946, 490
3176, 143
39664, 921
28393, 733
38266, 571
2519, 292
30909, 985
44036, 122
567, 611
43415, 374
1653, 297
9394, 478
30680, 73
47048, 50
36090, 13
14954, 942
32067, 36
19623, 102
38593, 715
30184, 304
41204, 850
9060, 321
9645, 9
15288, 961
40685, 394
22655, 579
14400, 817
41673, 485
22664, 959
17188, 4
25330, 479
49134, 850
37219, 214
6430, 171
32767, 881
21851, 630
21719, 302
20478, 297
28914, 62
35620, 646
23069, 389
33754, 585
4846, 841
23625, 944
18519, 277
20079, 418
33950, 704
20565, 99
3188, 598
10751, 597
48977, 133
3588, 333
15011, 427
42104, 619
48438, 912
4950, 951
16773, 483
6324, 50
4823, 518
3430, 503
13410, 10
30821, 777
31006, 254
2822, 254
13869, 319
29788, 453
22945, 374
31059, 863
21286, 778
7047, 702
33573, 74
19006, 47
47573, 571
33050, 940
25698, 559
7030, 538
32807, 786
20587, 56
31465, 553
14800, 384
18717, 699
42122, 60
42393, 561
46685, 319
32696, 830
1870, 859
30778, 219
26666, 925
44825, 219
35689, 136
35541, 813
11934, 60
25217, 494
11485, 692
27474, 465
33660, 625
41274, 274
27731, 284
21088, 21
34027, 342
41906, 241
44092, 73
19895, 357
47439, 625
870, 713
29379, 957
46007, 670
1144, 728
48316, 121
4328, 54
32372, 956
37923, 6
6054, 691
34309, 623
33425, 590
36575, 937
5269, 835
27804, 622
20189, 893
11955, 924
35260, 196
5686, 555
6273, 51
4870, 813
1704, 627
17124, 221
3986, 84
4380, 809
26096, 313
22838, 362
21395, 121
2267, 829
25432, 534
44740, 485
6, 24
21388, 894
26066, 187
13083, 760
8243, 131
37166, 358
47764, 726
48354, 62
34827, 937
45529, 656
3870, 477
40677, 343
29316, 222
1752, 32
49765, 877
47140, 58
33080, 731
28402, 997
297, 772
35218, 424
43955, 796
45221, 0
5647, 549
7157, 663
10134, 399
25242, 606
1848, 953
221, 581
21662, 176
42510, 730
48505, 684
20555, 100
45183, 29
41163, 645
11889, 330
42722, 464
2723, 104
31319, 859
21561, 167
26323, 293
20841, 569
597, 507
35222, 927
29857, 418
17255, 464
35549, 571
45833, 309
4978, 820
15245, 637
26410, 884
42274, 791
2366, 797
18330, 545
19232, 302
28316, 522
21954, 617
49078, 267
23821, 563
2375, 734
20384, 28
5642, 428
25203, 299
32979, 840
3498, 648
4304, 226
14107, 890
38385, 295
39737, 586
11933, 696
28028, 836
31321, 936
15249, 730
28705, 764
25082, 216
36855, 253
34036, 300
34502, 793
24634, 101
10887, 346
9916, 916
33975, 89
44152, 865
44620, 451
18035, 920
40312, 274
44987, 190
27793, 995
42869, 244
2297, 445
26548, 711
31924, 958
28324, 931
5616, 60
22477, 173
4770, 812
13731, 625
11168, 717
15036, 121
36198, 997
28801, 574
6798, 275
11775, 948
4799, 645
28496, 183
41306, 801
36302, 716
29921, 372
30574, 47
33460, 95
34067, 79
13813, 122
20503, 126
35099, 138
36843, 440
25484, 380
27171, 439
8632, 957
33939, 307
22547, 542
13933, 271
32828, 207
13753, 356
24899, 741
20492, 975
30599, 726
27687, 838
17473, 59
23847, 358
49683, 237
16838, 106
27714, 366
28611, 71
2702, 96
8204, 765
40278, 829
26716, 29
19817, 270
22999, 893
29585, 278
34588, 179
34277, 264
40460, 283
35846, 430
46810, 794
46769, 676
48543, 854
46670, 554
44370, 731
42787, 449
42915, 884
44408, 865
22077, 191
37330, 930
40565, 759
8951, 899
47374, 777
18095, 758
42745, 893
8779, 174
21052, 206
10420, 627
17838, 99
41194, 100
14814, 857
24124, 943
46386, 442
24492, 413
17201, 941
49545, 599
45840, 911
36092, 197
22532, 677
47175, 394
13393, 402
24986, 447
43171, 88
20799, 698
19556, 99
9164, 179
43250, 304
3003, 139
17246, 264
47274, 111
32784, 592
14791, 622
37926, 189
34151, 860
46947, 886
29893, 753
3853, 847
38964, 663
14421, 623
291, 508
10043, 304
16336, 443
9453, 967
6347, 12
20409, 779
18161, 449
29286, 624
20777, 792
10047, 148
24310, 171
20440, 391
3839, 526
6842, 707
46669, 483
33192, 687
43390, 772
35889, 918
29066, 10
1631, 867
25815, 92
19298, 172
20107, 28
6810, 831
18224, 810
35637, 669
36592, 750
1751, 988
49921, 985
17468, 266
18677, 954
31280, 829
10482, 870
30218, 731
3778, 398
18114, 778
770, 238
43074, 688
6210, 436
32424, 616
49380, 218
35286, 999
49649, 735
11902, 635
30559, 434
15396, 116
29304, 26
14403, 886
32313, 43
12342, 1
48762, 565
39666, 790
10596, 845
43241, 714
20131, 549
38941, 620
27070, 652
39907, 432
35310, 249
47642, 757
10371, 201
19463, 362
45480, 809
19848, 609
34845, 67
17807, 815
12133, 258
39201, 924
3604, 24
49726, 671
32368, 471
7135, 14
29844, 297
34536, 73
36466, 447
37576, 653
17523, 571
14397, 396
12734, 698
28030, 487
7424, 760
2427, 851
48722, 116
35364, 171
24595, 875
10157, 841
19113, 727
11669, 916
42310, 882
14500, 729
48613, 589
8241, 270
5810, 90
15004, 986
7669, 435
21067, 312
37533, 711
49408, 797
9464, 809
11954, 907
22496, 454
13697, 399
13541, 572
40896, 688
35224, 77
1814, 995
35810, 889
6906, 353
45507, 390
14913, 428
38565, 32
46147, 593
12459, 742
40360, 652
14700, 756
24497, 717
47502, 662
6988, 358
48410, 807
38382, 765
20453, 808
16337, 555
5377, 966
5227, 536
1238, 812
14591, 579
28340, 701
48607, 587
39970, 836
32789, 606
29475, 121
45110, 960
30119, 78
18019, 603
31625, 146
31264, 333
19859, 653
17042, 866
24270, 459
39219, 109
31907, 22
46065, 476
35176, 429
1138, 661
10224, 653
10208, 871
36814, 536
30443, 122
29858, 98
21758, 980
48653, 625
12552, 777
45515, 840
30870, 388
33296, 127
42424, 229
35032, 261
7209, 696
42889, 329
17803, 378
13831, 994
25006, 713
25205, 557
44615, 446
46822, 188
46220, 921
31136, 786
30049, 945
29306, 960
44138, 540
6599, 255
36923, 161
19577, 70
436, 916
31496, 207
29340, 389
14299, 257
13993, 925
26562, 862
41340, 484
4246, 77
17389, 3
11166, 204
7751, 596
37606, 700
31455, 191
42389, 374
11515, 219
48021, 12
4377, 534
11578, 970
9747, 196
38112, 370
505, 805
22101, 236
17008, 460
25699, 751
47568, 840
24446, 680
36485, 80
41778, 299
7868, 352
19837, 723
39732, 744
22171, 608
45566, 237
7731, 606
44443, 570
32879, 365
11148, 773
18755, 832
12718, 94
19807, 170
15095, 107
24817, 960
10967, 165
38191, 744
28888, 936
17998, 236
14928, 308
12442, 110
45341, 614
32405, 922
26133, 112
10449, 723
45614, 789
47455, 564
6567, 494
8505, 470
25614, 966
3072, 937
9459, 598
7698, 284
39784, 648
31435, 4
33835, 490
48235, 916
38465, 519
21927, 989
36135, 821
23961, 420
6706, 327
37398, 630
26887, 914
3307, 682
5015, 85
32963, 695
47562, 993
14450, 369
33991, 77
13765, 530
39770, 492
2616, 71
23041, 629
47125, 613
49126, 971
44496, 858
46485, 848
43566, 705
44053, 708
21549, 990
21824, 279
29530, 586
14151, 654
14728, 366
907, 258
39145, 592
17516, 967
46033, 216
33790, 276
12707, 847
121, 739
6154, 646
27817, 511
19774, 667
8326, 831
3425, 392
17204, 847
45035, 604
18887, 411
24848, 552
36685, 555
3825, 361
153, 640
7269, 355
8856, 593
9373, 392
5900, 971
28621, 740
37677, 647
14878, 583
5358, 723
22779, 693
42912, 880
8541, 517
9213, 967
31732, 571
36948, 493
46270, 204
39568, 403
31357, 734
12869, 80
43763, 119
3105, 67
31838, 429
9114, 997
33542, 907
44629, 667
31225, 490
212, 411
48913, 332
13444, 525
32150, 898
47157, 318
10733, 327
47375, 611
13642, 890
35113, 429
44005, 998
16460, 815
46149, 589
26661, 599
11906, 938
27272, 825
37275, 372
25612, 715
20346, 541
34806, 820
30060, 558
38953, 412
30079, 848
47585, 494
22684, 841
44042, 882
15203, 344
2482, 530
15473, 407
19183, 408
46644, 73
20480, 175
42939, 169
47886, 184
22364, 590
3645, 2
34996, 325
31635, 799
44455, 845
48163, 667
7826, 813
37278, 380
39157, 557
7677, 302
45755, 784
28025, 598
11319, 3
44746, 496
17480, 89
46144, 376
40575, 594
36963, 264
13708, 502
48815, 822
44352, 553
40364, 333
17037, 437
29745, 276
35890, 507
47062, 940
8146, 115
36497, 176
31884, 440
20206, 38
42184, 562
31451, 418
36958, 804
16016, 338
27034, 325
2438, 914
3862, 557
9543, 263
9401, 734
31707, 335
37058, 856
22881, 999
41724, 752
48294, 553
26560, 302
19213, 357
22257, 845
41024, 43
18395, 60
15243, 445
16516, 212
34819, 10
39349, 843
17425, 208
28427, 839
4178, 446
47098, 189
8816, 409
22858, 664
8224, 155
30186, 245
49438, 871
18820, 540
6640, 744
29057, 789
13293, 797
36344, 492
7371, 588
8222, 663
20618, 258
36477, 466
32594, 563
34461, 67
33740, 299
15213, 492
97, 57
3979, 848
13558, 487
11758, 584
26490, 802
23057, 924
16031, 541
36927, 334
49714, 279
31835, 323
36368, 342
2356, 362
9469, 214
34532, 423
33193, 616
22331, 208
35621, 5
14983, 811
10066, 954
33331, 915
26196, 910
46263, 959
9001, 736
49590, 262
2271, 232
48554, 379
5101, 707
23010, 33
27575, 914
22001, 553
15244, 161
29426, 108
30497, 779
27375, 473
23789, 161
15567, 722
20151, 795
9307, 84
28109, 295
27577, 826
14518, 410
40760, 92
44434, 887
43792, 469
46139, 727
17452, 103
9209, 269
41275, 535
13463, 74
47112, 215
25144, 763
45743, 440
5693, 778
47402, 705
40752, 18
16686, 379
32818, 739
17269, 421
37047, 858
35373, 398
30189, 623
19658, 267
49612, 577
41625, 73
26707, 806
48803, 503
42893, 793
13230, 410
43577, 604
9293, 101
37887, 748
5397, 749
44903, 405
2587, 744
15456, 393
11544, 420
9513, 305
16673, 776
45484, 908
13155, 273
49786, 724
24296, 295
24495, 971
5357, 872
31400, 325
38349, 485
25450, 864
1784, 220
36479, 746
46623, 54
22932, 362
40953, 527
31330, 567
29029, 87
41559, 102
37251, 375
40710, 507
2421, 287
5521, 520
19677, 478
37096, 131
29079, 392
34452, 503
1080, 737
39414, 542
35501, 952
9934, 878
10361, 356
9944, 853
7884, 647
34474, 104
28332, 829
19990, 326
36899, 911
31320, 121
45549, 907
42368, 909
23319, 208
94, 526
47660, 679
33813, 907
29649, 567
6280, 68
7016, 326
11489, 943
15465, 545
45182, 325
28151, 900
27859, 995
21640, 727
23735, 882
28685, 962
23457, 393
26439, 90
23146, 200
25344, 266
30848, 581
35803, 353
39928, 20
10044, 420
18830, 656
24421, 573
35980, 995
25685, 509
32366, 737
28936, 210
16885, 751
48099, 449
49742, 734
19682, 437
29283, 292
17378, 811
12808, 88
17330, 6
18234, 754
5727, 644
36156, 593
37987, 826
40001, 194
43662, 843
42630, 601
38247, 951
35233, 84
26993, 898
13663, 316
8151, 396
27198, 570
14918, 914
6213, 764
18678, 670
28437, 431
25160, 225
33742, 848
2073, 542
27675, 12
2320, 663
24051, 27
10343, 365
742, 529
11501, 610
19276, 388
9481, 332
827, 278
18256, 452
40740, 909
29820, 708
46117, 127
10801, 332
31050, 475
42495, 243
49161, 897
4592, 975
17542, 670
14218, 170
27754, 58
9156, 265
9566, 148
15582, 487
7035, 112
45492, 569
21244, 82
25987, 850
29512, 183
46797, 65
923, 207
48352, 457
23273, 422
21767, 747
4078, 285
9654, 569
48627, 589
18955, 972
25059, 308
24293, 767
277, 163
42566, 809
6183, 731
48191, 763
3142, 300
7369, 918
9816, 661
33012, 765
46336, 976
47101, 169
46341, 27
37028, 298
25913, 872
46021, 721
7475, 514
10393, 139
47316, 157
27651, 959
3592, 272
23674, 394
37846, 956
48665, 968
10853, 101
37640, 879
47645, 519
28285, 318
33395, 340
8393, 773
4094, 728
15704, 323
1688, 575
14453, 948
1240, 397
11585, 393
38934, 665
48769, 287
48551, 109
45004, 399
25076, 336
28804, 750
6088, 745
1710, 141
1151, 247
1853, 327
29056, 788
22246, 922
6304, 419
18915, 47
12316, 801
34097, 914
13074, 554
16574, 300
10877, 683
40314, 902
12993, 538
38811, 229
4265, 899
36736, 716
21280, 243
32845, 216
3636, 675
38769, 926
17764, 119
37175, 794
4437, 520
9749, 89
13700, 306
45978, 215
9410, 792
8749, 983
26519, 69
30201, 5
10561, 346
6063, 176
46093, 384
9531, 272
27937, 2
4103, 998
49110, 987
34011, 33
20475, 501
29062, 575
45424, 159
674, 849
49419, 169
21912, 574
47416, 375
24020, 115
42049, 721
18747, 176
25733, 586
45708, 163
1036, 90
26325, 983
11290, 987
12463, 558
31967, 107
31841, 562
34364, 994
42700, 179
49204, 252
28554, 80
5603, 275
10777, 408
27806, 957
28972, 137
32229, 242
42720, 114
16425, 641
5882, 223
38983, 715
42409, 838
5284, 215
20937, 717
34726, 273
44770, 610
14111, 214
2302, 368
20943, 588
43900, 268
32715, 707
14396, 982
17683, 382
17874, 635
35720, 302
26194, 431
14610, 339
9903, 206
40739, 34
8667, 635
1859, 551
42463, 157
19908, 855
33758, 106
11415, 486
47504, 547
5457, 579
28834, 521
24620, 637
41933, 445
40391, 760
31312, 672
28494, 162
1794, 858
33220, 734
7011, 894
43851, 621
27771, 178
1486, 218
6310, 405
48216, 795
33007, 76
2145, 613
8408, 517
20938, 455
30406, 203
13625, 832
6664, 889
36807, 716
34420, 565
11379, 2
44839, 917
31867, 549
47577, 93
45988, 630
26977, 888
4720, 878
17041, 136
13658, 251
49702, 601
32238, 601
4894, 288
2513, 83
13510, 299
48355, 587
26126, 615
31384, 407
11352, 764
45217, 619
218, 641
13812, 577
32394, 9
13614, 199
27765, 847
17520, 23
37880, 743
31619, 577
42977, 201
40142, 132
24485, 444
23578, 37
45470, 588
15275, 748
27218, 851
21082, 570
30325, 747
29365, 805
14911, 720
3154, 210
49159, 17
46475, 576
44979, 759
12896, 650
31036, 19
34639, 530
5160, 325
37858, 569
44974, 288
30089, 622
31656, 354
13969, 486
12198, 371
8686, 349
44375, 451
21167, 384
13241, 749
47722, 823
15353, 988
6221, 270
25502, 453
143, 590
43911, 185
11950, 544
13694, 942
24790, 571
16706, 989
24141, 413
38583, 372
14660, 744
27012, 373
32471, 627
28394, 217
31364, 717
4185, 742
45666, 840
26368, 238
2323, 950
18745, 912
42857, 541
26823, 711
46179, 590
42978, 472
11627, 132
29437, 32
36580, 997
1266, 265
15308, 313
19430, 872
20747, 927
43610, 360
17660, 68
42588, 867
10626, 990
17233, 348
44373, 387
42256, 626
20303, 69
5542, 718
13661, 363
47589, 511
10463, 270
37735, 825
44261, 646
6568, 888
17642, 873
2554, 77
14754, 653
1834, 835
12025, 595
16009, 165
14930, 841
35764, 105
23298, 561
47653, 823
41829, 478
18925, 309
6459, 177
17458, 868
22250, 536
1157, 694
31957, 80
550, 338
18909, 988
18537, 842
49104, 313
32539, 172
6278, 830
11077, 88
18442, 405
11873, 0
25650, 978
28170, 727
31533, 404
25067, 255
44626, 639
44366, 100
4028, 807
11946, 930
6086, 109
17220, 985
46460, 177
28717, 191
1880, 395
3715, 352
12292, 346
47092, 627
1021, 193
43439, 381
42985, 8
39362, 944
39860, 508
43740, 350
47825, 329
20127, 504
31274, 260
41586, 273
42390, 3
35452, 101
10911, 724
23519, 640
5839, 304
34365, 641
20973, 34
38079, 607
23954, 303
10633, 586
2767, 356
24864, 51
36605, 843
28269, 769
23723, 715
20586, 94
6281, 75
6576, 507
35242, 507
13455, 720
12760, 54
47231, 269
3218, 692
7813, 979
11583, 480
30588, 116
8067, 7
17426, 633
41162, 14
38177, 482
29892, 398
47965, 137
25566, 906
38206, 522
28565, 562
40778, 775
29159, 260
38942, 14
28379, 57
5915, 499
25672, 849
27113, 146
1065, 398
11726, 332
25410, 608
4889, 906
25702, 720
38270, 651
7839, 865
20627, 899
23661, 862
36049, 399
37435, 94
30039, 382
13716, 343
11267, 592
23058, 43
33969, 220
34393, 724
31416, 455
42216, 43
14075, 268
45351, 395
45722, 638
8916, 265
17600, 556
45429, 954
24026, 583
36360, 596
41449, 602
27638, 585
21645, 298
587, 59
28748, 271
17275, 744
23455, 979
19584, 22
5556, 755
43472, 596
26363, 371
31337, 254
11813, 297
19600, 993
15431, 440
15383, 968
43012, 29
10325, 57
34048, 263
24412, 344
285, 822
14891, 928
12868, 391
4446, 619
23801, 433
33437, 725
44706, 532
46592, 316
46153, 270
19644, 625
7106, 606
46512, 197
24833, 458
42583, 840
16008, 664
8130, 416
23350, 234
13446, 754
17568, 360
40748, 840
19284, 40
4435, 558
20948, 258
13777, 949
1500, 165
25124, 551
33729, 815
25923, 681
35288, 522
16242, 698
34069, 262
8551, 695
26537, 168
25440, 803
3643, 930
10783, 246
46055, 384
47007, 345
37176, 72
36647, 433
47376, 465
47310, 148
19648, 774
20280, 250
3197, 477
46689, 119
39643, 273
13162, 328
22890, 46
13185, 374
42474, 33
30818, 579
6699, 591
36039, 365
47133, 605
22265, 518
42156, 378
36131, 564
31175, 149
23292, 332
20332, 337
42040, 669
27669, 412
7231, 811
37125, 241
10644, 585
31122, 691
32115, 256
28612, 839
36678, 758
36026, 324
25626, 183
37981, 355
11374, 9
34576, 615
22080, 973
22096, 657
1660, 877
13926, 829
21156, 343
43709, 130
48833, 191
36706, 205
43200, 589
4711, 809
48483, 935
3008, 461
22291, 263
31685, 17
30932, 912
14747, 460
22816, 790
25095, 465
22295, 62
20263, 561
547, 129
16456, 229
43009, 686
16548, 946
42645, 15
21741, 150
5879, 884
4606, 322
22262, 802
13941, 153
30235, 746
11318, 635
24129, 677
84, 41
26734, 373
358, 792
14391, 734
24262, 177
2327, 648
33656, 478
35911, 518
10935, 201
10399, 254
34982, 899
5249, 884
8681, 167
25972, 117
38979, 419
8315, 14
40160, 529
21221, 986
32090, 310
23912, 230
35031, 999
3697, 840
28952, 357
42507, 923
15409, 715
43176, 453
32819, 914
6779, 720
42452, 547
32072, 336
19647, 673
43041, 442
40719, 40
1655, 86
4445, 175
42738, 705
7491, 288
36185, 562
13148, 578
38666, 311
26733, 583
24208, 0
43529, 14
38961, 10
22276, 586
44745, 290
24087, 562
1839, 738
23263, 730
12300, 553
45051, 290
27088, 412
33504, 681
47701, 687
28016, 510
45613, 1000
8678, 31
42046, 884
38852, 971
18421, 298
43749, 635
22319, 814
31058, 752
49931, 915
8933, 641
37815, 244
47327, 14
30435, 861
24105, 566
29164, 867
12383, 416
2828, 479
43718, 875
29587, 125
35198, 927
45949, 737
10385, 506
45072, 448
37842, 133
15174, 782
49403, 104
16381, 99
5074, 679
4568, 115
35183, 821
10667, 718
47050, 113
48365, 244
38159, 442
31301, 134
20454, 124
45329, 301
7541, 518
21409, 859
32083, 284
32445, 567
33494, 934
41700, 23
29775, 839
14471, 739
8104, 791
21710, 347
43640, 764
49967, 357
14573, 837
19632, 802
2517, 307
1934, 290
39840, 631
33894, 664
36598, 981
36085, 740
7077, 0
25065, 709
5776, 149
26434, 238
12268, 228
49472, 540
44315, 531
37833, 275
28064, 860
17798, 853
8596, 764
2203, 215
43987, 236
49208, 262
34441, 339
49395, 639
43252, 316
31789, 675
13936, 467
47414, 70
74, 745
3481, 432
28218, 578
1987, 525
39419, 801
47906, 946
49684, 791
4396, 361
4907, 342
7881, 186
16353, 600
26304, 31
33486, 870
49075, 209
6866, 929
6709, 346
49301, 597
20063, 610
32622, 784
1707, 216
29145, 302
18902, 226
35402, 358
1165, 668
13779, 304
19614, 198
39171, 848
49589, 202
11852, 29
43828, 872
32810, 1
34657, 519
4414, 620
30590, 665
7230, 943
34550, 918
21992, 942
17296, 222
32136, 95
41377, 38
5858, 284
38669, 113
22292, 414
16415, 111
49363, 532
44350, 912
21069, 206
49710, 937
11338, 416
43548, 293
7854, 281
15490, 19
25247, 362
35015, 664
37111, 78
14068, 480
8169, 443
32952, 425
41151, 925
9557, 891
10394, 679
18920, 564
36727, 308
21812, 679
49483, 612
5311, 174
11908, 596
16153, 767
23730, 534
41320, 311
25812, 432
3808, 876
20219, 253
16651, 393
39089, 231
1429, 262
40894, 588
12495, 140
47572, 518
41164, 171
4745, 320
43123, 540
1480, 826
4480, 937
9589, 207
19342, 317
28666, 911
18097, 402
911, 844
7430, 345
21632, 339
19253, 840
29298, 654
46216, 183
33349, 271
4350, 282
21801, 594
45583, 733
18360, 931
45397, 607
32848, 637
26735, 577
13304, 298
22700, 89
28281, 308
44551, 353
38186, 989
16365, 537
27881, 742
10821, 702
11981, 894
37544, 410
41065, 683
17526, 152
5590, 403
46858, 781
24576, 842
47229, 824
24782, 866
48995, 384
20716, 374
49848, 475
28369, 989
42494, 812
44800, 975
24369, 646
49114, 64
20002, 314
25397, 437
39371, 495
2299, 467
37736, 4
33212, 734
41220, 190
16685, 686
32442, 565
26382, 185
29692, 700
34139, 541
888, 344
44743, 67
33459, 885
45935, 859
17033, 205
19087, 349
2244, 371
31592, 595
17498, 666
9556, 641
35072, 831
26232, 976
22939, 776
2048, 907
36560, 449
5071, 424
29563, 335
36199, 971
27632, 615
15929, 886
4299, 633
14284, 693
10172, 933
16288, 644
40722, 617
12561, 295
44784, 277
2176, 140
15141, 646
27800, 831
12284, 727
1206, 665
13840, 599
719, 681
26649, 459
16835, 16
45626, 515
44099, 839
48240, 961
5948, 168
2674, 1
43627, 24
25564, 471
13932, 768
5813, 120
29901, 252
37862, 483
22591, 587
2948, 975
2762, 78
23117, 763
3859, 160
30296, 28
23195, 384
44158, 428
48834, 557
9508, 875
5970, 954
31095, 445
17792, 494
26507, 78
38157, 453
10334, 637
9321, 735
1101, 306
36873, 805
1771, 740
43263, 937
7132, 962
27027, 676
43861, 125
41555, 283
22025, 765
6849, 517
18038, 356
29322, 321
47085, 632
39083, 429
21191, 970
2180, 339
6551, 385
12549, 306
8149, 246
36702, 395
47867, 14
7453, 3
32776, 216
2510, 897
46750, 298
3206, 389
31260, 843
27682, 808
17258, 541
20395, 145
36385, 950
42932, 305
27260, 244
30970, 501
46829, 461
7722, 6
24690, 155
37069, 323
22935, 393
13897, 485
49625, 494
45454, 479
8472, 112
1303, 737
41487, 717
19856, 930
6869, 621
4132, 670
20262, 522
3314, 767
40107, 442
47925, 857
45413, 978
6222, 986
4448, 909
42909, 334
8191, 915
45466, 383
5984, 306
41738, 428
44391, 906
8802, 1
25100, 364
34755, 62
41833, 282
5857, 403
22857, 166
43776, 370
43649, 318
861, 189
787, 932
33783, 981
27355, 495
7201, 850
33661, 318
42518, 139
18443, 715
44276, 185
41526, 793
20875, 222
26795, 375
2608, 618
48195, 735
35567, 303
20967, 30
5378, 239
39035, 702
25491, 872
19534, 841
22621, 27
44907, 686
11951, 524
9256, 977
24648, 852
12340, 632
42592, 873
39304, 792
10721, 988
5157, 351
29737, 197
49727, 659
31589, 681
26930, 292
46057, 361
28265, 170
42561, 668
2580, 358
20685, 414
39278, 365
14750, 630
35393, 959
49391, 294
10383, 495
14588, 651
42403, 260
8597, 312
49761, 951
14296, 878
11541, 969
19559, 430
44506, 762
41807, 48
46749, 844
19536, 223
13829, 960
7115, 939
9948, 148
41381, 465
12378, 771
13823, 567
24147, 522
32509, 676
16636, 525
14528, 883
487, 78
35487, 144
8154, 955
41374, 286
37692, 305
30194, 464
40681, 869
1442, 109
26626, 438
45303, 576
6390, 264
26996, 702
26067, 898
22601, 953
35740, 918
6354, 486
5371, 136
7330, 853
28173, 862
950, 214
34257, 857
14986, 944
26256, 522
16052, 977
665, 956
5040, 490
11601, 190
3989, 293
8928, 406
10921, 757
16569, 458
18555, 351
23585, 599
283, 969
18304, 844
25316, 423
33702, 979
809, 751
22369, 92
8340, 472
42276, 669
46718, 411
37517, 833
28076, 241
37422, 481
14386, 318
49359, 837
47097, 592
4780, 277
25147, 106
13491, 687
42338, 400
29719, 551
15120, 922
43102, 996
19086, 681
564, 415
35609, 723
10549, 907
29916, 896
12364, 3
39101, 206
40882, 196
11796, 114
36641, 691
21079, 865
32064, 136
29622, 842
16924, 476
18631, 224
476, 836
26781, 240
4283, 997
11170, 801
17026, 913
38168, 517
13466, 388
39525, 790
19592, 751
35520, 194
23369, 106
21373, 286
16987, 815
12695, 54
3092, 502
13067, 353
9062, 910
16561, 915
6596, 533
10852, 858
9102, 19
46880, 204
25178, 270
41464, 755
8614, 881
1514, 142
31822, 892
34518, 49
1086, 692
34020, 942
24063, 112
40138, 124
44489, 91
22658, 676
32242, 86
1387, 606
9588, 45
5526, 148
47527, 211
40737, 770
35103, 426
9255, 28
8881, 398
20041, 199
28653, 858
539, 731
40865, 28
7193, 993
29151, 928
3504, 808
32354, 429
16216, 982
28871, 454
7591, 360
47736, 438
1180, 212
4037, 845
26675, 141
48455, 530
6460, 600
28406, 670
17247, 164
35149, 685
9644, 715
5200, 991
18212, 246
11401, 987
17882, 136
41099, 807
14330, 859
44966, 290
21314, 421
39938, 768
37199, 242
6656, 96
15123, 722
40550, 522
11384, 289
2051, 936
8338, 611
28938, 442
1117, 164
2351, 341
34890, 99
1746, 701
8115, 137
14306, 957
46133, 888
41396, 357
8812, 495
2291, 375
21134, 777
43886, 527
48005, 321
25340, 738
9740, 16
18485, 390
40595, 362
23035, 120
5476, 299
39947, 71
10536, 413
24685, 449
17509, 192
39548, 874
515, 720
44647, 734
42317, 708
13434, 546
15453, 697
12246, 507
45533, 8
29487, 245
44127, 263
5935, 353
25795, 815
39707, 547
8619, 826
42043, 286
6092, 843
48514, 351
25237, 323
27263, 987
2839, 439
9333, 549
1509, 533
5428, 91
18815, 602
16158, 547
26255, 903
16788, 765
20183, 718
24423, 541
41399, 420
32485, 523
18548, 822
34195, 42
9507, 552
20058, 221
19615, 342
26923, 968
11106, 24
36484, 777
46814, 3
34412, 588
20981, 855
17108, 196
45875, 915
45839, 79
975, 613
47391, 372
46392, 694
42064, 690
35779, 953
4956, 362
24007, 158
34541, 791
23842, 760
10934, 521
36280, 539
38019, 179
46066, 487
42706, 840
23794, 77
26570, 687
23360, 117
20795, 300
43658, 9
24831, 233
18685, 566
20624, 584
7507, 260
18158, 389
4206, 386
8866, 53
13450, 174
6384, 862
29945, 893
15871, 451
14594, 105
29516, 949
28869, 997
18968, 641
49176, 818
29332, 698
11227, 918
29548, 84
4022, 104
24456, 136
27631, 65
4976, 548
21819, 446
7398, 143
6844, 143
47218, 851
48609, 48
40192, 339
32132, 792
18358, 109
30187, 69
18497, 76
4833, 2
19401, 965
21713, 695
48058, 975
8166, 1000
40854, 602
41103, 653
39048, 917
39595, 12
24264, 813
16307, 691
41904, 840
46833, 313
24567, 266
27735, 874
49094, 101
35648, 957
34434, 323
35935, 101
1817, 767
46493, 89
42830, 441
28266, 172
46323, 754
33387, 169
31332, 683
9424, 893
17101, 566
34196, 301
6845, 764
25813, 749
25931, 395
37337, 836
30994, 617
45982, 327
26089, 923
28273, 189
25898, 430
24812, 328
43855, 267
14006, 377
22185, 885
14789, 896
24059, 529
43967, 474
16586, 699
28326, 285
37892, 294
26134, 282
28573, 687
28599, 893
32158, 428
11391, 307
46599, 216
12510, 647
16074, 993
17995, 7
39054, 335
33130, 529
17056, 58
36018, 138
45770, 765
30331, 140
26270, 680
16650, 780
29825, 913
49205, 964
17083, 997
31224, 587
23323, 296
25189, 847
2212, 893
1564, 32
49439, 63
24034, 864
18906, 563
29281, 495
27519, 813
15381, 493
25565, 864
26968, 314
30896, 572
12235, 878
25483, 898
24667, 772
38075, 636
5692, 29
19162, 774
42755, 632
34803, 453
26165, 533
42377, 748
15210, 840
46909, 681
46010, 302
15412, 883
45728, 693
1069, 867
7116, 803
4826, 786
21458, 664
19745, 970
30052, 144
17720, 641
6007, 293
37131, 183
33631, 864
8829, 317
5842, 228
16294, 552
48008, 231
1884, 859
33738, 676
3990, 816
33343, 54
15281, 785
18697, 375
15319, 683
30535, 767
17289, 205
48622, 163
24045, 1
19691, 398
41028, 924
49963, 784
12770, 775
13090, 375
28241, 90
29611, 968
45186, 79
36202, 698
37726, 650
24832, 260
35571, 172
36211, 708
48875, 87
47726, 148
39031, 134
25183, 822
9433, 199
35109, 103
41228, 21
11049, 988
44093, 201
22716, 466
44237, 313
22278, 866
22770, 996
13702, 375
44930, 613
38743, 327
7331, 62
39383, 992
11144, 590
3444, 217
36457, 643
22993, 715
36297, 317
627, 463
8979, 116
19696, 670
17449, 530
20018, 421
43213, 512
7623, 997
2485, 638
1257, 990
49685, 472
24054, 589
44635, 245
34615, 789
48663, 182
46591, 860
1526, 396
2908, 274
47182, 272
17013, 458
17043, 865
5568, 150
36382, 468
28428, 814
10187, 638
47491, 469
28399, 787
12206, 916
7835, 942
3829, 793
3866, 793
22224, 423
40773, 61
24505, 486
31703, 912
8414, 812
24111, 49
31288, 342
12053, 860
5599, 391
2796, 114
32468, 257
14444, 967
29999, 18
13735, 635
35088, 264
32068, 800
35472, 131
30021, 539
40867, 157
49930, 649
11119, 692
1078, 124
30714, 868
33962, 973
37689, 362
13874, 245
27453, 442
11510, 281
30387, 472
5639, 162
36182, 263
38193, 292
10102, 67
13690, 775
42083, 124
19285, 885
2692, 138
21034, 378
2134, 281
22395, 742
25233, 478
4438, 299
45955, 274
14835, 409
33857, 842
5785, 599
28468, 345
27300, 888
2092, 602
1801, 325
49100, 195
2241, 310
8941, 884
30825, 858
44035, 903
32720, 841
45282, 5
13334, 404
9938, 50
30059, 584
29331, 404
39890, 675
38674, 215
45240, 890
30262, 117
42702, 441
1332, 80
2338, 851
38637, 868
39899, 309
28567, 183
23642, 508
40587, 454
47, 169
44853, 620
40922, 99
48201, 140
6071, 279
12961, 49
17502, 843
42457, 526
4019, 641
16820, 704
18265, 167
3671, 960
49137, 947
45673, 526
9961, 907
18046, 829
43748, 304
12219, 855
35221, 460
20429, 928
2234, 343
570, 361
42151, 367
37679, 408
30097, 56
11157, 78
4155, 79
9669, 159
44418, 76
2956, 383
20512, 274
3850, 296
47513, 919
43995, 366
3340, 472
6820, 733
7636, 671
48435, 49
34276, 833
1887, 528
20977, 62
25005, 82
1731, 325
44378, 314
19461, 920
34209, 401
2010, 631
46524, 230
42485, 408
22914, 705
13448, 339
10305, 933
8521, 822
17314, 67
18596, 71
17273, 823
18589, 835
11354, 131
19471, 247
4478, 380
31457, 972
1951, 402
18967, 518
19350, 86
10293, 752
39804, 345
4783, 689
48396, 910
14877, 147
8761, 407
27868, 116
43895, 806
6277, 707
24577, 693
9253, 822
17949, 815
20001, 623
24182, 848
46648, 976
10067, 710
38158, 399
9670, 678
25991, 53
40945, 578
42728, 939
26798, 92
35867, 911
42780, 347
6899, 0
31481, 482
29541, 488
17074, 368
31020, 191
29824, 357
31025, 484
5567, 743
26743, 94
881, 940
6692, 311
48656, 371
28795, 461
12779, 842
10566, 252
35939, 870
25253, 909
14995, 451
35019, 94
7874, 5
7273, 812
46680, 840
22809, 733
25301, 607
1225, 972
48411, 935
45921, 896
47617, 434
9541, 106
12412, 586
9637, 828
48297, 72
26644, 529
7092, 454
2660, 339
41309, 168
36526, 256
8320, 549
46650, 244
22207, 761
8987, 645
19400, 292
19892, 833
38660, 86
2094, 217
6399, 196
29297, 834
45551, 125
1289, 14
46770, 295
16056, 778
32345, 432
29822, 829
45727, 741
43599, 727
5356, 100
47116, 301
26077, 393
20807, 90
17192, 544
35658, 649
37076, 882
6859, 330
20956, 661
47018, 874
40965, 864
13639, 531
1173, 32
45233, 124
42782, 935
16718, 906
25771, 475
28662, 57
23812, 832
49410, 678
32446, 437
340, 397
42930, 236
7982, 279
2333, 495
33204, 853
17300, 921
31093, 702
22669, 318
33819, 925
15503, 572
27634, 611
9063, 679
48635, 49
37561, 199
46565, 262
11383, 684
41568, 681
41150, 173
26287, 487
26190, 88
25838, 974
27376, 287
31658, 465
39420, 949
49297, 545
41423, 68
2899, 138
22403, 586
43264, 262
3312, 747
6676, 468
13705, 538
20420, 570
36914, 380
18188, 576
6519, 269
4229, 472
10400, 576
31271, 364
41057, 886
22588, 406
25066, 478
26950, 337
6468, 199
6497, 886
1695, 848
9350, 497
27816, 311
3777, 17
976, 312
43774, 667
45889, 696
6349, 778
31502, 116
11000, 733
32986, 583
31981, 176
29942, 218
42394, 176
26405, 578
26670, 406
30372, 248
16982, 224
31463, 244
39605, 478
19150, 910
4347, 209
15829, 843
29797, 459
6571, 4
31639, 191
7046, 507
18960, 17
32945, 791
6333, 157
17571, 829
8122, 700
2541, 530
28752, 283
40703, 351
35510, 532
45937, 67
36008, 538
15986, 667
15774, 721
44273, 974
27275, 597
15137, 70
16182, 791
11114, 512
26043, 553
9796, 301
17784, 651
6105, 834
33627, 429
47025, 555
8947, 183
39440, 555
9176, 763
25708, 656
7236, 91
44246, 972
44467, 277
3675, 85
34423, 561
39828, 967
43670, 620
15553, 838
29744, 658
16664, 787
11241, 568
12356, 204
38568, 744
9659, 71
16198, 330
17698, 492
44399, 716
34099, 297
7814, 248
17717, 20
40529, 13
48244, 735
48964, 99
34381, 710
29176, 107
41172, 760
2115, 702
18314, 3
46482, 130
4237, 907
7327, 380
17466, 780
14389, 186
41970, 58
43537, 177
40476, 934
48251, 748
29926, 852
45771, 103
5827, 337
15589, 879
35029, 856
32577, 701
13888, 475
45578, 18
43402, 404
3184, 838
13407, 767
41947, 426
29180, 489
18436, 810
12359, 985
30153, 110
36496, 60
22218, 944
37346, 541
10745, 696
14685, 573
39538, 918
35403, 268
13769, 139
12857, 212
6417, 240
5186, 68
10479, 517
23924, 813
9630, 582
4098, 104
8508, 607
29883, 213
40291, 17
32320, 480
27448, 492
40543, 58
41597, 493
48462, 239
17200, 634
47521, 744
5518, 625
543, 660
38299, 526
35134, 34
9184, 601
32207, 247
24352, 935
37338, 320
19406, 45
40645, 162
47289, 23
5989, 573
14319, 28
7696, 29
35059, 884
14931, 373
48698, 86
19576, 273
30554, 129
24085, 598
24230, 643
26991, 854
49140, 343
39777, 946
23229, 74
36562, 320
17116, 642
15852, 209
42895, 890
5006, 989
23090, 658
34792, 688
35736, 611
23014, 182
30682, 908
26161, 911
29583, 606
27658, 304
43277, 986
25369, 999
47687, 661
25666, 517
44991, 710
47372, 353
15909, 504
15302, 174
46694, 415
17853, 948
34909, 694
17158, 927
8585, 26
29233, 270
23393, 444
39156, 383
44288, 749
14230, 862
38875, 813
36343, 957
36822, 160
8555, 409
12190, 301
8327, 742
6069, 862
38311, 753
18683, 960
29174, 446
20780, 475
23203, 118
41982, 476
47582, 60
13970, 610
35595, 973
37725, 817
1229, 122
42030, 856
27417, 525
27278, 955
45140, 531
15685, 636
34926, 353
7318, 196
24494, 662
6812, 484
45995, 975
22064, 734
20135, 627
14031, 727
7750, 164
29389, 803
46647, 589
11662, 682
30603, 784
2256, 63
20185, 932
36213, 72
26512, 317
8665, 451
43905, 874
14074, 349
31126, 949
30824, 59
32075, 952
25925, 534
45054, 774
39263, 631
35204, 600
37536, 842
1873, 195
11691, 919
40043, 667
10115, 91
41325, 724
15753, 704
6220, 485
5769, 262
49271, 144
23818, 192
15048, 465
17469, 564
23365, 714
19941, 447
17365, 731
43922, 535
13944, 951
12217, 183
46584, 462
24731, 496
40791, 682
24975, 375
34254, 992
46888, 665
34407, 711
6093, 132
2433, 93
34172, 336
8479, 58
18208, 786
7089, 881
3797, 733
24096, 554
47776, 132
7988, 824
39521, 916
44876, 524
35201, 211
5047, 444
7608, 341
31889, 971
49968, 697
8915, 511
18641, 658
38044, 230
41697, 180
36146, 997
19092, 56
42259, 346
36471, 596
30475, 709
45093, 249
27629, 533
8804, 111
14035, 902
47102, 38
14273, 475
21414, 142
13548, 806
46830, 974
23675, 670
1260, 733
19642, 264
6525, 874
34648, 489
35612, 731
13803, 246
25734, 883
47158, 667
48170, 219
6554, 426
8328, 238
24198, 401
9079, 524
8060, 792
38359, 258
43362, 883
49862, 734
16510, 104
2428, 860
49763, 899
37003, 169
34703, 990
33762, 239
41316, 483
14027, 545
11058, 542
34972, 834
1827, 335
5594, 727
7847, 881
43766, 518
12880, 575
41554, 753
678, 626
45224, 355
34353, 234
15159, 314
9941, 118
43692, 620
35755, 663
11335, 793
1012, 690
25521, 163
32689, 939
6329, 147
42698, 865
37809, 997
1547, 967
18272, 671
34945, 85
5591, 984
17679, 90
44197, 965
30062, 624
30269, 547
151, 736
6828, 920
45372, 693
14249, 897
43833, 937
10, 459
44346, 317
8731, 420
35756, 398
29179, 158
6801, 412
27984, 485
30922, 253
25956, 879
8799, 569
39374, 132
10228, 474
31995, 293
44623, 536
5465, 864
10722, 842
14852, 236
12454, 170
31600, 145
23233, 169
4952, 851
47986, 71
8176, 272
44463, 631
45164, 448
48378, 76
38125, 368
39545, 947
7821, 246
36781, 237
2611, 349
7976, 152
29948, 311
21429, 586
38111, 719
9618, 152
22139, 91
26097, 647
32051, 321
24953, 34
47156, 150
33140, 727
2518, 543
7920, 183
19845, 176
25953, 635
36977, 778
2308, 129
13988, 863
44365, 680
29171, 33
37644, 833
408, 168
38720, 505
3327, 523
27368, 48
5617, 280
16555, 80
28382, 748
7441, 162
39248, 366
27038, 840
28875, 4
16095, 674
24439, 718
13578, 835
19147, 358
41062, 243
8523, 994
4484, 988
43787, 194
39028, 615
42013, 725
1993, 134
8880, 821
2143, 535
43814, 137
8071, 967
24432, 148
36381, 637
15226, 27
34706, 41
31764, 430
34378, 953
11356, 345
11542, 933
9144, 280
41216, 629
2273, 51
19660, 46
45874, 849
24590, 555
26521, 151
41983, 59
15607, 949
27721, 953
44420, 777
16139, 948
46355, 606
752, 996
18293, 338
7825, 133
14672, 126
23352, 262
46214, 659
36200, 597
23125, 318
20404, 129
25323, 495
15665, 615
28245, 645
1567, 427
48093, 194
27404, 846
23732, 159
14130, 918
13886, 402
15441, 4
14895, 99
38131, 415
15811, 284
4131, 383
1097, 945
15692, 215
30355, 41
2486, 770
28192, 17
17936, 929
9532, 521
37727, 545
11395, 373
24856, 388
40056, 693
43065, 627
20117, 680
44267, 592
28740, 942
46617, 336
47294, 764
39491, 283
37248, 70
10239, 503
4160, 739
26076, 116
43885, 962
10434, 685
32961, 690
42739, 505
21238, 659
21525, 416
2974, 21
25055, 740
7761, 167
1756, 916
21123, 221
34487, 362
22449, 302
38113, 414
28157, 999
30198, 365
5996, 913
31198, 661
41978, 950
43734, 262
22264, 660
30785, 110
41492, 104
33628, 652
6930, 226
39318, 306
17536, 738
32365, 911
41687, 780
11907, 864
27156, 593
761, 816
41938, 654
17303, 90
28388, 604
30326, 679
49705, 1000
38269, 496
23162, 301
32027, 957
35660, 85
33869, 201
35429, 654
37823, 132
35116, 702
2179, 279
35481, 488
20350, 779
21550, 844
25187, 62
42493, 478
26509, 380
40431, 874
42885, 69
21814, 459
43533, 574
31370, 363
27356, 672
16938, 202
12850, 845
1339, 41
48413, 298
43877, 911
46587, 452
13016, 733
49238, 68
35434, 866
43459, 999
3538, 605
43694, 353
33884, 737
38066, 444
23346, 90
3734, 8
22061, 659
29889, 791
19898, 105
12002, 282
25669, 502
41814, 446
29276, 138
31138, 727
34799, 948
37399, 158
9032, 798
32023, 31
17512, 487
36741, 247
24863, 870
36573, 65
17907, 966
18942, 308
40344, 633
41834, 983
11145, 348
9354, 445
21569, 857
41221, 302
13390, 289
29010, 207
22021, 957
17691, 730
24840, 817
8742, 868
48266, 429
46940, 309
25017, 499
46005, 49
16654, 674
8247, 592
27181, 601
25651, 933
10838, 22
21628, 102
22117, 259
30270, 403
39937, 725
13425, 157
1661, 947
20133, 583
34477, 457
28188, 801
44011, 219
43572, 446
24568, 365
26149, 403
16073, 308
876, 975
10154, 142
40811, 473
40683, 801
41165, 440
8018, 96
12861, 679
41870, 568
16544, 119
11635, 748
43314, 812
12578, 762
1654, 955
2503, 604
21980, 539
27599, 297
725, 90
37232, 713
44422, 312
45624, 634
18924, 578
19809, 185
38993, 185
19311, 607
7509, 517
38891, 504
4079, 925
45850, 266
14481, 998
33341, 349
33075, 677
10690, 473
39998, 36
28907, 580
16682, 208
26630, 973
16489, 959
9048, 369
26618, 354
14352, 706
35352, 178
20399, 157
23752, 905
4676, 204
38096, 736
15270, 448
47609, 502
43025, 645
36689, 1000
9856, 31
31438, 484
42675, 201
25785, 271
39049, 333
48941, 160
37527, 455
45176, 6
29112, 55
28949, 957
36892, 527
43581, 418
48427, 993
16740, 969
13324, 209
17917, 855
41624, 886
35502, 603
26061, 700
33136, 208
30012, 681
43751, 753
25713, 754
11804, 247
18766, 432
44131, 445
42820, 436
17655, 12
25740, 735
31877, 961
35189, 651
44239, 824
6265, 792
7705, 685
36552, 676
18617, 991
46289, 827
5949, 232
28235, 961
17654, 298
21946, 618
12239, 93
1170, 535
16130, 22
37004, 797
48940, 812
26160, 428
24329, 471
49668, 174
16299, 698
9737, 518
4373, 24
20620, 500
7417, 913
45156, 923
9665, 820
20633, 279
34861, 498
1450, 919
20397, 61
2888, 615
46914, 970
21281, 68
49348, 954
42312, 473
10360, 188
20846, 153
22197, 900
30213, 418
32732, 655
26892, 869
45827, 867
38364, 97
26592, 533
5449, 206
38029, 518
21787, 504
28539, 783
16617, 257
8325, 422
20019, 26
19273, 2
29932, 611
5237, 370
32671, 329
9917, 244
28341, 700
3309, 410
12250, 70
41762, 865
12035, 489
37235, 548
39355, 9
44469, 423
31837, 665
9399, 69
29550, 693
1662, 743
31790, 109
6176, 289
26833, 627
45310, 256
43984, 880
22667, 267
20084, 598
38187, 150
41940, 568
32429, 530
48001, 477
43053, 91
1415, 306
29273, 266
49933, 153
5660, 499
46124, 479
15220, 863
25206, 974
8245, 258
42574, 525
29321, 87
46282, 374
8234, 288
42703, 368
29571, 795
6152, 666
46227, 791
46539, 159
38238, 608
49174, 793
23105, 300
28498, 867
40929, 104
24447, 67
31440, 911
28373, 234
4364, 550
9594, 417
46050, 557
11721, 500
36260, 77
12474, 584
39794, 996
15598, 464
34938, 849
20544, 997
17462, 111
29115, 4
2224, 38
8904, 60
36449, 779
44783, 382
45151, 883
39191, 955
12886, 454
429, 623
46843, 248
46441, 102
31534, 908
26982, 813
43342, 89
16505, 43
18724, 20
22641, 129
3236, 680
8184, 121
3954, 387
41661, 597
10298, 524
34411, 255
38786, 306
25374, 261
1210, 565
4087, 522
49379, 118
41986, 569
11082, 775
1149, 396
28159, 235
13435, 451
30371, 296
5286, 521
42167, 201
4609, 469
27036, 646
31510, 714
18987, 785
3215, 438
41398, 807
17184, 193
24135, 922
9494, 103
13772, 468
37745, 857
23778, 535
31436, 454
33215, 802
15149, 735
45813, 768
48143, 702
30596, 815
28294, 479
33887, 158
3856, 490
40032, 57
35814, 550
31371, 658
16007, 474
11853, 200
46115, 125
30035, 738
21791, 194
42582, 485
37144, 317
10084, 291
37418, 469
42402, 985
3025, 12
43685, 171
35140, 641
8294, 698
21582, 318
26746, 554
30405, 992
14261, 43
38460, 631
32047, 417
28419, 508
38147, 322
15977, 682
13717, 973
18590, 710
14702, 10
21210, 181
17704, 346
48151, 145
21503, 538
8096, 962
26783, 124
12822, 43
5219, 512
34578, 151
43678, 163
3848, 725
13411, 314
6239, 506
16737, 859
7246, 812
19628, 793
17015, 880
12633, 185
48212, 382
48493, 602
20051, 685
11893, 160
14029, 451
19082, 346
31195, 639
33987, 977
696, 606
28585, 541
39855, 772
33162, 232
31601, 319
7409, 48
37479, 855
36305, 836
25130, 624
34620, 850
41365, 614
36502, 659
25250, 830
2494, 912
15655, 844
2012, 57
3559, 650
42028, 883
18509, 912
38169, 346
14374, 673
8145, 724
47047, 537
15021, 870
45806, 718
3658, 585
5643, 801
28873, 874
34537, 674
21007, 457
8922, 876
15789, 465
8696, 176
1133, 418
25311, 375
36959, 408
35160, 449
35295, 564
6605, 924
49772, 9
10440, 380
34660, 493
32350, 929
15083, 713
13404, 926
39617, 96
700, 32
26137, 643
11177, 691
30434, 476
46930, 187
13424, 510
35357, 243
1284, 720
31550, 877
49728, 265
35169, 557
45205, 579
48366, 735
21564, 464
2404, 860
38276, 482
44691, 477
24711, 342
4408, 969
45944, 34
13804, 633
42380, 410
34924, 500
33612, 272
17667, 745
40792, 983
37567, 512
21442, 888
28372, 94
28548, 47
48965, 909
32904, 50
47089, 215
39882, 879
20767, 684
386, 239
47037, 21
19259, 940
23341, 663
22618, 215
25952, 720
28526, 300
46901, 923
21391, 228
4772, 856
13591, 743
41630, 226
45739, 18
11683, 37
18230, 801
42067, 170
47296, 865
35653, 309
14383, 249
41837, 149
1445, 122
43671, 869
9728, 345
38226, 232
7053, 843
9928, 660
41594, 322
10218, 574
13414, 780
12797, 819
18520, 932
17447, 844
45149, 239
1027, 928
27371, 803
18796, 86
17806, 196
46724, 552
385, 694
5088, 217
16880, 243
1023, 832
31659, 894
10091, 411
39655, 954
12932, 81
17626, 979
1885, 24
32898, 301
39256, 406
12424, 776
40762, 291
44040, 876
12780, 984
22374, 361
27879, 869
11466, 559
5895, 675
44854, 242
31308, 726
39121, 50
8815, 672
16084, 643
41115, 502
44654, 197
16643, 457
12464, 370
40012, 415
3382, 674
23725, 323
20254, 52
19122, 958
15978, 315
9427, 892
45768, 407
37621, 122
27135, 461
10008, 801
17278, 220
330, 156
35173, 129
23254, 284
21845, 682
15436, 304
27396, 790
19019, 769
45669, 299
22342, 863
16399, 630
32684, 552
20896, 84
22629, 182
30576, 179
8660, 860
17017, 122
30754, 576
46791, 960
5540, 723
38346, 487
41874, 32
43945, 151
42827, 647
13901, 510
545, 248
20631, 466
19595, 568
16457, 879
44999, 23
18611, 737
49143, 318
32521, 604
46723, 96
10608, 788
37938, 809
2201, 967
12872, 578
46437, 879
48051, 38
26751, 367
23734, 38
1632, 564
2156, 202
13137, 497
44342, 452
4917, 979
36283, 543
1904, 157
495, 418
14547, 293
10805, 135
4927, 103
36578, 68
785, 213
30657, 69
2586, 613
32870, 99
35026, 166
25153, 951
34322, 742
38923, 259
15937, 736
16323, 424
35528, 624
27033, 698
17332, 843
31087, 939
16075, 734
18874, 985
49210, 240
17943, 539
10074, 715
41421, 802
28136, 266
38762, 370
35107, 703
43827, 581
44464, 546
31210, 668
22028, 3
10796, 174
8357, 92
3500, 935
42316, 476
7829, 403
47859, 144
42690, 537
20036, 382
2411, 374
12296, 13
13937, 168
18802, 7
35449, 987
34760, 172
26665, 632
37813, 36
47543, 195
23923, 43
15653, 665
35425, 191
38950, 408
15182, 670
10620, 213
29457, 496
47127, 469
17444, 762
42832, 95
31532, 496
8216, 836
22217, 269
37531, 259
49732, 863
24427, 637
30967, 170
49247, 129
32701, 969
11594, 395
39607, 312
11254, 457
22886, 572
36633, 49
19394, 997
49344, 440
35855, 258
47681, 108
32106, 842
961, 593
13267, 14
9215, 200
40044, 738
36116, 809
874, 857
7127, 686
31482, 46
10439, 933
49870, 539
14304, 945
39328, 531
4974, 983
1846, 778
5126, 494
32427, 764
45672, 860
41836, 405
5144, 238
13721, 465
7926, 558
31522, 784
31637, 889
23480, 577
15925, 434
25159, 880
27640, 481
25974, 759
9486, 756
15524, 711
35632, 749
5275, 237
34776, 890
31768, 994
31914, 174
22980, 987
3991, 694
38925, 86
1286, 195
4041, 5
4729, 239
12067, 144
47261, 774
41264, 381
15991, 936
9678, 23
28466, 787
30174, 726
40166, 885
36249, 38
40990, 0
47203, 101
17831, 355
42341, 431
43723, 2
24783, 350
12150, 942
28429, 680
21746, 878
26689, 598
36514, 932
17113, 97
28093, 775
49868, 937
10108, 566
6629, 822
4591, 961
34889, 446
37924, 532
7893, 76
44968, 4
16601, 943
45498, 336
1204, 84
10871, 87
3944, 836
9039, 420
30679, 546
20543, 486
48659, 82
24794, 211
11919, 847
10271, 56
22608, 800
41416, 220
49318, 57
40784, 812
29453, 9
49573, 448
34614, 878
41569, 559
7647, 469
24855, 554
21276, 49
92, 333
28956, 9
9441, 802
1545, 86
48958, 251
16357, 695
2678, 245
258, 126
48922, 722
44609, 540
8141, 421
22090, 73
18438, 398
47019, 280
12540, 937
37512, 232
45971, 316
42014, 46
44965, 116
44795, 653
14455, 450
27580, 729
28900, 622
33241, 322
9886, 399
27860, 277
48567, 818
25352, 791
22205, 492
36894, 186
3558, 302
42244, 240
20422, 523
10968, 813
16854, 500
29427, 314
30768, 383
19494, 700
901, 379
10405, 846
1083, 173
23120, 237
2635, 296
43902, 298
38060, 862
18553, 490
34670, 549
37463, 341
7692, 15
20101, 856
3984, 73
11851, 955
6202, 18
18287, 920
2882, 652
29256, 48
14781, 599
17645, 371
42796, 851
41821, 944
16226, 493
13189, 15
30306, 891
36551, 715
10165, 190
29760, 727
11038, 970
23345, 504
21548, 542
14529, 85
8129, 511
6045, 683
25705, 668
43657, 28
14568, 225
8215, 149
38137, 955
45792, 159
49663, 150
29847, 909
27707, 68
5439, 33
10309, 752
10732, 987
20020, 299
32223, 324
16529, 376
38202, 103
18784, 989
12910, 737
45659, 10
36206, 863
2770, 227
33210, 82
39673, 860
44799, 827
23228, 192
23149, 627
4916, 447
4065, 391
3611, 296
28719, 865
18914, 784
39068, 191
48450, 260
12106, 134
194, 669
21530, 757
28438, 61
5038, 640
20504, 137
6413, 870
18974, 442
46407, 599
9432, 959
36165, 190
16688, 886
29549, 284
47005, 481
44296, 932
1495, 100
25326, 430
5120, 958
11626, 749
8028, 272
3703, 167
36920, 520
34723, 770
43368, 871
22622, 204
28730, 101
27183, 859
31286, 796
21872, 708
35665, 842
39502, 496
31119, 284
12260, 860
18207, 487
28586, 663
29177, 155
10198, 142
48012, 527
21960, 469
3083, 586
29546, 121
38043, 489
12042, 479
20468, 753
29370, 796
20730, 161
18225, 78
25297, 746
18144, 207
37017, 549
3461, 12
30565, 522
4502, 707
24879, 11
33863, 103
42007, 48
634, 908
20722, 298
43960, 320
38178, 838
42407, 939
23673, 220
11068, 300
30137, 25
31233, 471
33083, 737
21036, 408
4519, 585
38482, 329
13068, 580
19264, 261
22464, 697
15015, 195
15049, 748
48819, 709
22105, 784
8248, 247
39050, 702
39085, 194
7459, 215
12935, 378
49311, 777
21313, 65
36176, 518
38203, 795
3908, 35
4063, 171
15650, 296
22871, 946
48248, 67
18281, 603
39859, 333
387, 9
42419, 958
37885, 672
5405, 517
23687, 54
48513, 142
4107, 743
8615, 817
19587, 458
48228, 382
33554, 434
26664, 983
49563, 643
41135, 391
3528, 204
30044, 653
8682, 416
40148, 158
35853, 239
25688, 812
33047, 274
19888, 359
43201, 729
11019, 916
39587, 911
22636, 63
37647, 947
27243, 932
39411, 549
35809, 107
27392, 267
4090, 572
38478, 23
30318, 388
31739, 728
37409, 804
6051, 188
3369, 887
26181, 94
15917, 961
33912, 971
26643, 850
16580, 220
44657, 871
39122, 367
1250, 687
9395, 500
44019, 472
32224, 737
34501, 677
7281, 749
41373, 57
40926, 514
47551, 682
6316, 829
10107, 485
29105, 666
11460, 661
9900, 981
11995, 19
47302, 764
38656, 309
8125, 819
48256, 167
31709, 8
40266, 679
17661, 685
33011, 883
11409, 2
18398, 555
48018, 625
3010, 447
2785, 435
32234, 930
3565, 957
9593, 800
3987, 31
29395, 891
17295, 337
5515, 941
22458, 563
24472, 176
21043, 889
18113, 957
6574, 947
25093, 265
29013, 866
42207, 847
48971, 115
5485, 425
16683, 131
6569, 842
10362, 605
38170, 500
13255, 499
19944, 903
4002, 381
13291, 27
21274, 132
45643, 559
10688, 121
31900, 400
9729, 232
38697, 350
40492, 606
2217, 872
32707, 83
35388, 691
23771, 526
39935, 659
5848, 661
7189, 608
40332, 373
44558, 402
21773, 608
9722, 524
32679, 237
23112, 886
5582, 812
44121, 529
26318, 917
11976, 518
25372, 627
27385, 959
23049, 635
7963, 432
4069, 489
3541, 149
25555, 418
19770, 462
39386, 172
9964, 61
32775, 458
38485, 133
14, 230
31673, 596
17757, 833
24094, 487
17880, 352
48126, 682
22062, 825
25264, 315
17057, 421
28029, 930
6428, 37
20713, 397
12436, 488
47532, 790
42123, 73
18480, 928
34354, 378
18039, 648
8040, 642
8186, 136
39979, 4
3802, 147
14256, 707
4199, 529
12204, 180
44548, 393
28311, 112
12142, 307
46991, 70
18148, 893
42345, 212
22431, 398
2070, 666
12572, 18
16471, 384
9506, 884
44417, 350
15273, 455
31269, 393
45097, 644
37581, 712
32935, 213
45388, 347
46120, 504
46028, 421
13927, 468
27040, 372
35269, 499
1709, 215
17374, 168
9725, 786
26710, 567
13677, 434
45101, 933
11292, 165
8518, 406
38097, 432
39333, 499
43663, 788
33125, 658
16818, 608
35023, 569
41348, 77
45928, 505
9803, 58
8434, 508
33541, 716
49026, 737
11231, 508
38167, 907
44141, 722
13311, 95
28762, 897
7691, 89
9142, 483
1118, 629
14738, 400
42552, 818
42982, 133
15796, 375
5636, 652
26036, 965
10445, 705
10034, 606
16359, 604
20759, 585
31743, 645
17636, 350
41593, 579
15254, 446
25009, 216
35910, 232
49659, 464
38546, 297
6912, 297
35559, 164
24929, 605
27537, 128
45870, 878
49209, 283
41691, 356
37506, 153
85, 853
43008, 788
29108, 277
7449, 888
49407, 751
8789, 713
12631, 467
11479, 579
12077, 320
28857, 527
17768, 547
43373, 760
10652, 675
22647, 401
14315, 833
3411, 861
15043, 65
16051, 838
21898, 630
4495, 330
1164, 32
23712, 986
24149, 363
40612, 822
8314, 614
17592, 342
27407, 238
177, 263
43484, 577
24405, 527
12497, 474
45759, 853
40730, 55
22977, 298
46855, 837
6457, 998
33386, 643
14834, 788
30936, 293
21502, 445
4518, 977
49187, 63
2576, 908
45252, 395
49615, 96
19967, 139
18415, 280
12003, 259
24382, 578
22983, 752
49585, 596
32399, 362
5106, 56
19355, 970
37285, 133
33935, 107
2447, 582
1211, 347
20218, 834
26517, 208
11676, 705
14365, 304
23178, 806
6530, 349
24829, 889
34328, 339
34885, 821
27869, 920
48337, 41
27554, 656
5258, 864
35748, 651
9551, 642
46774, 817
12321, 742
27507, 823
48135, 822
1405, 774
6058, 413
34479, 295
3878, 413
42285, 168
11448, 164
33283, 865
32413, 969
10292, 533
16806, 177
6431, 866
16028, 722
12168, 479
31441, 532
14191, 576
6902, 277
688, 277
29367, 138
46192, 797
42637, 730
21818, 352
18732, 418
44742, 330
2478, 954
38607, 949
4434, 264
11533, 648
40230, 877
2023, 22
19697, 1000
20269, 112
29288, 298
21299, 881
22929, 540
49402, 435
42951, 297
37469, 626
5578, 762
39687, 807
4496, 368
34157, 793
35931, 737
46691, 555
1414, 638
21975, 437
13342, 92
31203, 155
2355, 438
655, 611
47173, 566
23429, 769
21526, 916
12453, 177
6203, 495
10515, 699
41969, 307
3682, 328
22406, 891
34958, 902
39796, 1
9364, 109
8309, 838
43110, 448
25415, 627
4476, 277
24300, 337
26272, 421
7119, 449
10573, 533
23610, 754
2122, 480
20595, 512
5318, 489
799, 894
24624, 116
28506, 158
24670, 118
15114, 69
24153, 55
3925, 779
22876, 567
40795, 551
21991, 383
47224, 76
40663, 588
32927, 183
3129, 931
2390, 422
34667, 25
31405, 510
48694, 830
13260, 153
8400, 177
30164, 150
31562, 658
24238, 834
38775, 136
18752, 527
28640, 952
43819, 433
19755, 760
41098, 979
14375, 81
22534, 46
3050, 602
10152, 566
3623, 973
4668, 405
44182, 348
13006, 431
5899, 764
49083, 489
41136, 438
48028, 869
39789, 239
44234, 390
2507, 551
45300, 292
11818, 987
27277, 7
13443, 93
26391, 196
7589, 126
47426, 697
9457, 251
41260, 506
6401, 419
783, 595
47405, 137
47879, 933
4550, 527
30858, 514
19841, 372
4762, 481
39653, 396
630, 742
6748, 205
25031, 514
19927, 89
3735, 46
41106, 357
40727, 879
23061, 886
5586, 677
26138, 347
44460, 866
6201, 153
1319, 530
11185, 436
20955, 573
47770, 3
15329, 692
29982, 94
917, 128
17090, 233
2078, 550
9227, 822
25545, 477
37786, 998
46704, 186
44827, 314
38179, 484
43873, 810
35530, 776
49409, 574
30159, 514
4403, 853
31148, 293
28961, 670
30472, 72
42261, 856
24646, 986
40729, 835
34564, 58
46851, 667
7044, 372
25310, 449
13376, 523
23995, 957
9204, 458
16096, 338
46868, 307
6693, 173
44344, 231
44829, 946
30598, 59
29964, 544
22576, 391
20154, 248
24519, 48
2650, 564
43750, 596
21700, 209
21445, 156
45071, 797
11991, 321
21466, 292
2363, 63
28646, 465
8560, 311
40805, 401
23917, 412
48341, 201
23293, 673
21122, 134
34742, 88
11764, 942
37051, 729
21105, 198
19229, 131
29863, 223
49814, 894
45301, 961
33285, 661
46299, 862
31992, 35
22967, 335
15698, 317
40216, 731
8960, 181
23005, 882
20546, 939
23289, 672
26908, 409
23415, 456
5207, 291
18080, 379
11370, 484
19396, 593
27381, 531
10701, 156
25265, 5
18743, 634
41177, 282
35994, 539
33515, 584
11036, 545
6811, 555
22426, 658
36869, 28
1431, 613
31765, 291
41117, 13
24776, 107
27908, 524
6507, 62
23320, 754
20914, 171
31348, 247
32200, 598
34415, 948
18797, 646
43574, 210
8260, 606
26202, 929
32992, 398
28461, 720
7745, 805
14314, 518
1697, 946
41959, 264
10368, 584
7229, 434
8082, 33
21651, 164
1630, 798
2661, 763
14959, 424
43741, 284
21455, 726
20728, 407
46380, 1
25718, 540
44928, 237
48813, 133
36101, 866
6127, 858
42400, 621
29131, 446
9150, 360
49608, 28
33491, 909
8834, 95
30148, 527
22178, 917
39978, 919
8490, 118
4029, 457
5003, 233
12607, 455
44122, 395
48293, 349
26894, 235
1140, 564
18890, 924
31462, 916
4586, 294
25345, 384
29979, 252
11041, 244
9925, 499
41827, 602
10659, 899
15236, 974
15278, 859
32763, 246
15228, 872
32995, 220
28179, 252
29699, 917
6657, 385
35800, 183
8280, 259
32355, 357
9549, 558
21815, 861
11208, 615
10507, 481
9468, 607
40009, 873
40862, 525
15859, 572
14460, 406
14149, 893
33474, 629
16160, 22
22325, 891
14132, 90
25479, 684
17827, 305
18551, 660
23515, 323
13629, 271
48405, 391
27048, 158
4514, 987
40353, 484
19851, 967
35899, 264
44059, 513
10457, 928
2745, 999
29613, 865
34366, 673
19189, 883
14042, 364
9786, 201
35080, 701
2289, 586
27077, 372
48994, 142
5905, 382
16833, 424
39977, 590
24245, 962
48976, 266
48206, 497
40847, 983
20549, 453
22206, 389
38754, 24
12034, 932
19707, 594
43071, 700
23591, 346
46099, 776
38809, 389
33157, 147
32905, 156
3996, 621
1755, 358
3867, 312
38804, 771
48600, 862
29026, 825
9883, 723
47038, 343
47848, 719
22147, 167
17973, 862
34883, 572
15819, 610
34115, 587
37529, 53
25748, 851
22612, 517
27413, 483
47359, 977
11587, 356
8898, 201
43078, 581
42532, 31
15460, 576
27146, 676
12737, 938
30876, 493
28416, 402
34275, 377
20589, 378
9539, 279
30346, 183
7454, 3
5011, 155
36664, 5
26755, 866
45414, 233
38459, 57
44568, 146
1627, 179
34708, 252
33532, 553
48445, 181
9499, 450
32403, 685
22659, 182
38664, 138
4372, 966
28077, 468
34591, 79
39007, 761
45173, 328
46265, 849
27515, 150
7022, 159
30357, 626
25820, 585
14565, 795
17530, 523
44431, 576
30897, 24
11239, 557
4768, 64
21411, 169
40247, 752
36910, 934
11648, 473
2963, 961
39060, 787
31179, 466
13545, 882
17522, 229
34138, 697
44741, 466
26450, 49
44826, 560
5928, 765
32342, 20
3252, 545
42973, 287
41272, 600
49857, 669
20444, 171
15157, 788
30633, 98
27480, 358
39267, 39
15996, 30
46702, 15
6288, 12
45230, 955
20525, 407
31826, 548
14049, 942
4453, 107
28015, 751
24917, 868
3527, 188
35566, 411
4008, 736
47053, 399
45370, 337
32266, 524
43850, 628
18135, 300
40917, 26
27768, 83
11763, 170
47108, 548
47496, 572
1795, 44
46951, 634
17474, 705
40072, 118
16178, 992
38995, 250
28060, 799
8646, 312
40414, 858
35902, 471
3213, 899
19830, 188
46910, 920
39435, 101
5959, 190
38309, 931
44024, 402
44062, 131
35048, 873
33752, 692
29425, 481
48883, 68
7461, 420
3516, 68
29181, 853
7656, 810
10974, 942
24210, 41
35735, 720
20449, 953
24931, 881
38788, 895
38829, 853
12847, 591
9812, 882
6382, 45
41280, 820
14537, 159
33785, 800
31611, 970
32530, 663
9553, 664
25559, 799
37627, 401
11410, 97
6617, 591
11865, 931
10341, 33
45392, 67
24414, 341
27752, 712
18591, 904
23957, 163
19832, 235
46756, 406
29484, 910
45953, 978
30490, 509
38038, 74
1440, 127
15173, 887
20155, 303
7947, 345
24484, 955
2008, 52
18884, 839
3194, 71
46452, 814
39436, 750
492, 156
34191, 364
9762, 873
20430, 216
27568, 360
5498, 61
16257, 6
22174, 195
37782, 943
3981, 955
47915, 142
25158, 938
49147, 707
44113, 585
20176, 562
25118, 692
30151, 710
36259, 384
41927, 757
9548, 724
12681, 550
9901, 465
25824, 585
7743, 802
12727, 492
4423, 731
39247, 568
34429, 642
24361, 89
44376, 789
1572, 268
17145, 162
12156, 547
18009, 755
17769, 737
13621, 348
43038, 402
44105, 398
29220, 48
24215, 942
40267, 421
9605, 656
32443, 262
41173, 651
35790, 63
23620, 322
43207, 416
32909, 594
17650, 161
9447, 327
38306, 353
47198, 779
26088, 531
38745, 775
24226, 995
46692, 705
31160, 512
17852, 34
42765, 666
33374, 482
9677, 885
46610, 918
819, 269
31147, 931
2416, 834
33382, 445
10190, 866
49508, 601
46732, 668
36944, 362
11024, 847
45617, 822
40614, 484
2922, 897
11056, 251
1020, 84
15638, 866
38830, 594
31409, 168
22954, 621
175, 662
22138, 674
39665, 557
17238, 219
19495, 343
18299, 181
9045, 153
34661, 593
40881, 24
43977, 987
14772, 558
1577, 885
7895, 535
48673, 649
32814, 155
6115, 11
7562, 185
5180, 580
37660, 409
21080, 380
12616, 861
30597, 552
20113, 470
21918, 611
41289, 731
48550, 484
46296, 343
42692, 453
1773, 604
33844, 380
14292, 268
25396, 608
8590, 212
48684, 338
40454, 873
3525, 306
21515, 711
18481, 496
31187, 134
26727, 752
47445, 619
43842, 998
20484, 142
29937, 21
7878, 180
16897, 15
33233, 486
3401, 324
16873, 703
26162, 309
5417, 694
11913, 9
42160, 192
34733, 461
42806, 940
46923, 370
42253, 480
29163, 962
584, 891
27351, 151
27829, 536
12958, 765
38477, 441
33028, 885
9285, 276
44545, 175
7010, 124
11093, 428
1160, 919
7350, 840
19637, 702
26882, 757
47235, 290
10023, 950
8061, 222
22880, 719
47335, 257
11545, 154
18578, 361
32004, 342
2037, 416
24425, 724
43011, 366
847, 941
16783, 230
44794, 632
35678, 818
4056, 656
9418, 722
2539, 812
8212, 357
9652, 437
4921, 13
39886, 141
29050, 368
43554, 803
25567, 716
34245, 512
29259, 781
28469, 97
34546, 22
27558, 437
5308, 157
19588, 672
11255, 21
15286, 193
13853, 189
37998, 990
16363, 502
24188, 510
37136, 834
32772, 825
33531, 288
49670, 121
26339, 186
15886, 809
18195, 574
21382, 442
42824, 885
38855, 46
15801, 845
21680, 728
48878, 588
378, 18
46391, 952
4039, 802
42356, 474
17416, 736
48771, 63
19318, 617
41919, 689
19882, 543
39004, 905
47199, 352
40668, 288
41437, 590
19948, 401
17781, 25
30697, 814
18344, 176
28853, 480
13333, 366
3961, 703
19051, 762
43077, 946
42243, 272
25845, 297
8135, 845
3642, 125
44048, 112
22241, 402
41968, 672
6963, 964
16770, 135
36220, 280
23003, 729
24467, 771
21921, 288
36103, 198
2392, 81
43072, 840
34279, 761
49528, 283
45605, 59
31985, 747
48963, 694
10294, 98
40368, 415
9202, 276
20265, 476
42685, 980
257, 73
23302, 788
780, 113
44272, 783
43230, 960
30020, 744
49830, 150
1483, 482
10427, 731
42472, 83
18842, 965
6279, 647
48923, 422
37826, 595
33561, 141
20890, 508
42850, 261
4842, 247
27364, 306
12499, 726
49259, 792
27166, 906
43899, 624
19327, 908
24380, 655
9723, 294
40654, 205
40168, 604
39099, 286
4598, 98
23306, 517
7104, 953
5459, 864
4209, 590
37143, 714
12396, 101
16492, 982
2064, 644
31454, 941
40664, 848
40793, 273
6136, 473
15175, 366
18021, 374
24775, 208
19891, 923
30455, 851
26601, 460
35432, 24
49049, 928
39335, 342
44220, 933
39550, 779
22167, 646
158, 892
16290, 223
3390, 199
30294, 327
37617, 466
32053, 567
4419, 360
40388, 46
48113, 595
7662, 849
1636, 122
5456, 79
919, 234
2553, 967
29023, 150
31310, 860
30532, 295
22427, 144
5904, 406
43871, 622
27493, 317
31053, 825
12414, 966
22501, 855
1476, 782
33059, 177
3983, 25
33256, 187
8635, 513
31038, 762
35537, 303
42587, 50
36171, 187
16789, 538
3273, 219
22059, 187
1201, 839
48960, 971
31010, 613
13131, 228
43185, 95
37426, 896
49561, 550
36380, 282
38150, 786
38375, 373
2788, 342
28002, 216
2378, 77
46721, 973
23552, 512
15187, 153
14036, 130
37695, 515
37283, 654
43765, 434
44407, 454
52, 344
21236, 187
42814, 434
849, 720
37406, 848
12973, 326
46041, 833
3111, 610
42945, 276
2793, 160
27258, 45
10014, 319
39809, 70
15357, 987
44954, 154
34296, 141
13210, 703
17004, 295
31564, 520
5595, 115
668, 857
2298, 926
23759, 527
30984, 353
25929, 576
42145, 569
20975, 727
43679, 690
7064, 914
36834, 988
40846, 904
35796, 329
6669, 759
23497, 90
38715, 640
16414, 493
35617, 571
18403, 153
48037, 376
16793, 197
9372, 974
4292, 593
10140, 107
36429, 475
23194, 78
35404, 500
42913, 797
11147, 798
22552, 261
28310, 370
40601, 680
45192, 13
23969, 438
2555, 822
38144, 4
9288, 134
7840, 50
35301, 741
35579, 91
21164, 249
15105, 238
40872, 500
48516, 434
5422, 604
4821, 543
19883, 707
43413, 606
45610, 206
42074, 324
12419, 793
5743, 729
22212, 460
38014, 284
2200, 480
10823, 611
7204, 717
5447, 746
44807, 406
19187, 261
15868, 601
31688, 879
13150, 440
24121, 416
25562, 637
9400, 87
1449, 178
31922, 61
30128, 696
46740, 342
35915, 583
21837, 35
37959, 638
46812, 984
41719, 955
10822, 129
3526, 627
6802, 253
30914, 397
38181, 901
13966, 9
19157, 718
47957, 329
16681, 132
43982, 379
37711, 974
35385, 704
45077, 152
18912, 290
8753, 250
19423, 243
36618, 384
19853, 29
19357, 776
32304, 828
7283, 742
35203, 720
12154, 584
48840, 495
44411, 244
27192, 726
36348, 38
17372, 40
26338, 640
9563, 992
9195, 594
5923, 401
16841, 757
41094, 536
46430, 770
14485, 915
49339, 657
33081, 690
47680, 373
27890, 346
623, 499
4785, 881
8256, 188
909, 801
5307, 834
20223, 755
31925, 837
46569, 838
32878, 662
35051, 563
19827, 549
32574, 980
43993, 439
35769, 305
1791, 394
49274, 701
21492, 91
39883, 119
38606, 844
20654, 448
29178, 819
7341, 818
22894, 528
22730, 176
37569, 549
11857, 621
42658, 86
58, 196
16697, 572
29992, 871
36065, 662
1093, 713
45412, 934
30279, 359
36040, 928
30087, 169
8073, 318
18575, 300
29429, 442
12126, 772
10730, 262
1938, 93
27985, 854
15221, 794
1472, 590
41842, 334
13490, 260
41009, 338
21256, 11
42768, 37
17763, 314
40757, 62
10905, 517
21438, 197
1930, 729
31530, 377
35414, 870
49865, 171
16781, 842
32790, 304
18315, 640
47933, 486
21586, 169
4161, 320
10099, 209
36816, 417
755, 567
47954, 394
26142, 363
35628, 633
9010, 747
16666, 656
6711, 281
4426, 779
42332, 517
23840, 763
31342, 367
45694, 1000
3281, 145
36812, 650
25260, 404
22169, 524
9249, 647
49564, 529
39406, 980
4491, 787
7917, 883
48342, 121
33389, 813
26158, 890
12817, 789
21945, 428
4356, 684
20398, 573
25146, 496
13295, 555
48846, 292
17140, 128
40435, 597
19702, 184
47889, 230
26059, 622
49132, 180
40656, 118
1224, 276
8044, 926
796, 955
1977, 36
40457, 449
5868, 919
19676, 756
24163, 695
22623, 541
10270, 418
42992, 362
28122, 886
8454, 545
14696, 608
41773, 427
45851, 552
10414, 606
19115, 480
20563, 0
40324, 205
39062, 768
34329, 746
48318, 723
6229, 885
40051, 820
20578, 509
30026, 625
37498, 168
14855, 275
40396, 181
15140, 451
20010, 343
38121, 678
22933, 839
34974, 222
15360, 949
31311, 608
4564, 227
15679, 813
40650, 554
15421, 420
8871, 442
49840, 889
29819, 560
29005, 54
18410, 732
45181, 278
4973, 362
30720, 674
2775, 115
7909, 991
45229, 136
28520, 840
23110, 455
31379, 416
8895, 740
21331, 89
10865, 312
43436, 372
37005, 838
15147, 886
27811, 64
8528, 952
28329, 476
43651, 905
15806, 33
26800, 965
37168, 693
14211, 913
14585, 165
39557, 254
47816, 539
32074, 174
30482, 584
24793, 770
2740, 163
31932, 443
32192, 594
38921, 366
3681, 211
29383, 638
37877, 385
24119, 592
33150, 111
35766, 357
24727, 992
2870, 415
19498, 104
7255, 129
47727, 230
19081, 675
7265, 867
23526, 750
47342, 599
14533, 355
12962, 746
28787, 513
17256, 228
26981, 734
40011, 385
25467, 467
36865, 339
12989, 766
31691, 307
6187, 399
4526, 509
8787, 399
29315, 170
41355, 681
35235, 944
37066, 576
27422, 839
24542, 784
39712, 876
18526, 753
8863, 204
37355, 335
44286, 486
43669, 515
33352, 988
22170, 572
21211, 165
39224, 12
872, 587
18699, 382
17282, 746
46449, 549
39811, 877
39173, 256
40357, 352
19652, 138
3121, 265
13256, 469
11609, 665
43585, 43
39637, 214
19699, 883
20342, 620
14260, 284
15505, 709
28660, 564
49272, 630
44427, 66
41606, 744
43598, 329
29201, 119
22467, 65
37150, 616
887, 357
6947, 641
43326, 522
21659, 416
48578, 570
23629, 491
10818, 187
21999, 926
36335, 597
42525, 982
4051, 700
33145, 612
28945, 81
28073, 802
29207, 224
2085, 495
48190, 619
31696, 371
24162, 4
39559, 699
17445, 289
31043, 523
34133, 315
19762, 93
42173, 394
1574, 345
42790, 479
6291, 654
49163, 159
32996, 117
42453, 707
29460, 203
41802, 37
22384, 265
5732, 990
12946, 446
10207, 620
40673, 49
33450, 911
10973, 258
41723, 242
7363, 681
10468, 926
17368, 985
3695, 338
46679, 920
13055, 96
48887, 626
48225, 711
17355, 582
5315, 574
17507, 429
8419, 742
38735, 506
38783, 493
44809, 969
49446, 96
35344, 353
5713, 204
44461, 642
22248, 618
47802, 342
27487, 766
29430, 949
6112, 820
5317, 477
13598, 953
25874, 150
23901, 471
8266, 364
20715, 476
32181, 352
33064, 731
45909, 529
7416, 624
3109, 51
9007, 573
820, 782
9335, 765
43784, 863
43285, 574
21214, 202
9504, 898
26000, 890
30133, 822
37260, 854
36870, 201
45369, 430
12603, 834
28099, 493
23032, 850
28658, 747
6512, 186
5225, 682
9455, 648
42114, 282
39544, 712
43111, 764
38627, 196
39703, 366
25025, 481
17820, 956
35131, 824
29829, 837
11885, 301
37589, 783
431, 406
47623, 362
30064, 997
40642, 672
28263, 828
17381, 806
31034, 863
30710, 241
18308, 131
25959, 793
7158, 251
24127, 61
6833, 407
39096, 227
36512, 127
29855, 973
40296, 299
17681, 558
31498, 71
32960, 552
7961, 406
19831, 969
12317, 224
45872, 920
4667, 720
18588, 478
23655, 999
3749, 25
1785, 746
17812, 790
24543, 227
24120, 71
43659, 634
41358, 282
33659, 16
33236, 551
26155, 527
22226, 441
2293, 270
44735, 547
13535, 917
16891, 405
9191, 947
2628, 564
23148, 725
3736, 708
21692, 533
16547, 309
507, 654
22378, 690
39237, 147
49926, 252
39698, 206
10666, 220
21894, 226
8909, 582
48849, 66
44700, 366
26821, 36
11837, 508
16286, 145
17858, 885
8269, 82
11830, 65
29031, 415
39628, 672
42221, 707
48439, 116
45287, 954
41366, 413
37405, 47
14867, 71
28354, 638
14631, 750
35262, 753
16901, 267
38914, 615
21486, 668
16999, 641
8386, 860
24244, 29
38126, 514
34711, 423
26866, 878
20089, 332
43935, 640
35227, 622
40499, 488
15610, 732
10318, 199
41603, 746
15201, 283
289, 574
11895, 511
5720, 266
28789, 808
10749, 340
38802, 681
23425, 338
10378, 802
38484, 581
5530, 19
16367, 749
4705, 76
9229, 431
12387, 139
1718, 185
14830, 287
24285, 921
22738, 764
48092, 132
42248, 84
5893, 756
30383, 689
23676, 164
28619, 671
13113, 178
38278, 692
6785, 612
10560, 689
26505, 958
7666, 433
49667, 268
48738, 700
20000, 900
10920, 124
30096, 949
42344, 912
36936, 276
22379, 212
41253, 110
599, 453
38661, 729
34886, 215
4651, 489
24303, 663
38544, 911
14240, 908
36411, 688
46602, 944
6209, 599
23470, 839
26278, 725
2887, 18
47654, 177
25968, 897
48180, 242
29068, 346
2233, 522
20903, 556
42193, 697
17112, 601
27090, 736
43516, 280
49321, 144
38232, 579
32393, 902
45943, 158
3189, 393
39785, 834
1203, 778
42890, 463
4545, 362
44299, 918
44665, 364
30188, 79
3112, 418
38770, 35
23283, 440
20479, 148
11015, 431
15757, 293
6531, 722
9828, 860
36286, 166
19477, 271
5939, 855
40750, 579
17961, 519
24588, 354
36672, 725
6603, 743
39274, 736
5771, 686
35315, 802
12257, 714
41923, 321
48223, 419
48364, 211
28671, 644
985, 631
6335, 602
48193, 678
27719, 648
13594, 155
35969, 720
12471, 38
22487, 348
6991, 515
13057, 444
28840, 132
18821, 242
15824, 191
42526, 70
25218, 475
47255, 186
8236, 567
21071, 292
32510, 893
28655, 729
11180, 729
35094, 88
20703, 793
19606, 211
19195, 561
30718, 41
4624, 641
40384, 257
5871, 995
793, 455
29099, 307
32256, 268
706, 787
41234, 349
41482, 556
14189, 6
15983, 484
27734, 856
11498, 682
2022, 412
6006, 320
12841, 773
41166, 315
15544, 327
46077, 471
40810, 746
19138, 427
2666, 96
40631, 274
34358, 632
25833, 80
13482, 567
12406, 332
7644, 146
40058, 111
38419, 784
47884, 363
12456, 543
26218, 956
26302, 194
20863, 708
22923, 128
44094, 577
13494, 638
39812, 755
34590, 782
31864, 209
6540, 538
15305, 479
48233, 58
41914, 607
36734, 316
36275, 145
21258, 477
20295, 593
15117, 831
17743, 704
44582, 732
35396, 728
21339, 996
46752, 257
17631, 418
14820, 223
39623, 133
33365, 719
34920, 865
44850, 386
2836, 200
32049, 367
6776, 965
25504, 725
31316, 831
29137, 992
35511, 352
47145, 260
4845, 749
27878, 258
39527, 183
22985, 447
3156, 793
23084, 262
29102, 736
22681, 973
4706, 232
15743, 863
24936, 326
10873, 525
44869, 201
9295, 726
34644, 177
10972, 174
14127, 472
27802, 255
41733, 883
38680, 134
37419, 961
439, 151
6022, 257
34231, 233
42785, 329
777, 627
31151, 861
19865, 880
22714, 759
11027, 779
47282, 982
13960, 917
15691, 460
30197, 317
22421, 203
38257, 295
10697, 549
49387, 826
28374, 35
14356, 55
21112, 253
21293, 441
760, 454
48682, 211
17007, 648
13456, 832
28069, 644
36451, 943
38334, 713
6809, 41
26191, 34
18306, 583
40467, 132
34449, 148
15452, 807
47000, 383
6044, 486
39647, 964
12929, 154
10933, 365
1869, 65
6817, 199
39932, 344
32605, 809
14456, 343
21435, 252
31381, 803
26019, 58
16503, 404
27007, 358
41138, 43
22758, 40
41132, 597
33072, 352
46895, 308
13511, 440
231, 930
906, 720
39799, 224
3160, 793
16447, 353
17065, 217
778, 785
24647, 613
28446, 227
46673, 363
829, 736
29310, 887
34891, 585
14581, 293
19316, 343
5608, 137
34290, 391
16584, 47
36235, 707
28806, 725
27535, 568
48139, 681
20925, 779
12038, 258
40682, 977
21554, 775
29537, 321
45481, 904
8031, 400
3151, 158
5632, 701
16887, 805
930, 36
27120, 281
25234, 156
45203, 868
6488, 889
20331, 213
34174, 351
8356, 754
47667, 112
9055, 116
30019, 941
19838, 233
39393, 194
6562, 299
15710, 28
45155, 105
34166, 133
10191, 315
4589, 340
16855, 158
21937, 223
36215, 314
3891, 35
23018, 163
5630, 115
1540, 596
23407, 368
33868, 324
27912, 457
10517, 195
48259, 228
14135, 59
38387, 38
14317, 607
28970, 417
18937, 421
14859, 472
7518, 228
4232, 791
44145, 749
276, 677
2, 455
30041, 793
28581, 232
45881, 802
12108, 494
40379, 122
3493, 190
38403, 977
15388, 393
19884, 928
37632, 659
20250, 788
5328, 103
27154, 521
21252, 790
45896, 485
13236, 333
23860, 689
41282, 772
16240, 422
31994, 889
47535, 647
24341, 294
45660, 972
1234, 923
27664, 455
11263, 354
47956, 439
19148, 22
48767, 738
25487, 886
27964, 96
1629, 826
35592, 132
1556, 810
48484, 22
45083, 689
35656, 373
22314, 325
8194, 365
17751, 136
49520, 150
44581, 152
13284, 396
13827, 358
6094, 817
19043, 635
34288, 510
15113, 635
33713, 197
17754, 627
4902, 869
43837, 435
11449, 965
7123, 755
30592, 688
24735, 177
7781, 923
29477, 888
31970, 724
3860, 659
45242, 192
35518, 404
16455, 42
40513, 607
30074, 743
16356, 270
42627, 655
33363, 730
13225, 636
20026, 395
43384, 766
24509, 64
19689, 636
6639, 947
21852, 575
22689, 685
47607, 79
19786, 211
48383, 372
48031, 346
22810, 74
24562, 384
38658, 291
12313, 858
47775, 352
40602, 230
31814, 797
45423, 461
30101, 153
7651, 887
9597, 179
36898, 25
47708, 200
47466, 291
24800, 472
2752, 845
23326, 407
26361, 298
23481, 360
33606, 819
48192, 340
6998, 299
43756, 932
23223, 361
24454, 479
39216, 731
9027, 505
47684, 725
15761, 508
17909, 981
14272, 69
11771, 507
15932, 649
26418, 388
30238, 46
49750, 479
14940, 25
43797, 995
18662, 668
49102, 587
3272, 744
8843, 595
13590, 313
48091, 46
31125, 912
23828, 280
36438, 632
14743, 307
48674, 59
18956, 428
2857, 188
43056, 398
15723, 752
46078, 683
8956, 375
41702, 675
37301, 721
40490, 511
43397, 286
8199, 419
47569, 203
48612, 949
8332, 830
6001, 822
4244, 250
16448, 628
28314, 410
6474, 921
9108, 775
9983, 800
42691, 221
32611, 503
19544, 968
47771, 580
32127, 289
30614, 207
1512, 580
39014, 119
32052, 260
7631, 640
32534, 632
3484, 309
13089, 641
24894, 269
32831, 715
27849, 674
10491, 898
12468, 317
45691, 606
46456, 471
3402, 352
24175, 64
37808, 307
16741, 338
20136, 170
6056, 665
39015, 415
10563, 677
13998, 312
35152, 368
23740, 23
20882, 149
21546, 873
21581, 357
14492, 308
5645, 579
47967, 133
31722, 293
11085, 504
33942, 241
41043, 650
28108, 207
25200, 794
34860, 970
10251, 815
5573, 0
33517, 438
33518, 147
9356, 57
42133, 3
12739, 646
1004, 847
8547, 114
3772, 198
17336, 805
4295, 854
36751, 627
24469, 604
19617, 151
43195, 755
33177, 546
14751, 569
6721, 976
14745, 290
48753, 589
39897, 755
40687, 718
42544, 653
37889, 320
47691, 653
3570, 616
42370, 152
28199, 586
40800, 781
28648, 98
46866, 554
46032, 991
30871, 990
22561, 915
24305, 725
18336, 965
40359, 172
16103, 500
18468, 314
34786, 315
10589, 452
34304, 46
40302, 950
37481, 28
29958, 138
42258, 144
18266, 931
32620, 87
46051, 41
25238, 468
19405, 954
14690, 830
45772, 175
4355, 621
49706, 505
33768, 920
8483, 670
40767, 894
14665, 517
47558, 670
34952, 589
38632, 892
18870, 56
5525, 577
11181, 669
38644, 32
16030, 247
47495, 695
49177, 400
11266, 563
11679, 608
2465, 147
9516, 489
6109, 164
3155, 88
11494, 693
1186, 435
30441, 816
44602, 123
14670, 305
6205, 129
23600, 648
23523, 885
28594, 608
49644, 557
49922, 384
4473, 221
7733, 188
3303, 554
7755, 681
42673, 540
32185, 734
41205, 734
32447, 935
49356, 115
3919, 636
13322, 296
19260, 461
7260, 832
10909, 669
1179, 990
44723, 440
10447, 103
15603, 666
38784, 802
14022, 658
45993, 954
8016, 757
31894, 855
9243, 794
34556, 426
36423, 958
20591, 9
6908, 237
6905, 42
21677, 961
13914, 34
5396, 581
38292, 204
33817, 36
37653, 815
48338, 634
36111, 176
22796, 896
2265, 573
12339, 194
47951, 218
46918, 622
11856, 168
32765, 768
40500, 813
41999, 538
2135, 642
44593, 938
9446, 26
29750, 845
45820, 181
15979, 398
37085, 239
10786, 587
2962, 426
15867, 915
12187, 251
41963, 457
8059, 357
31375, 589
37335, 402
30924, 152
18571, 144
11874, 786
15844, 504
27501, 973
45347, 526
29609, 513
23122, 595
45703, 828
25023, 69
36261, 375
4180, 235
33492, 172
42644, 139
34090, 34
12084, 537
43179, 976
32791, 729
33529, 602
3625, 514
13881, 312
17941, 189
47317, 769
36123, 857
1411, 101
37648, 106
45059, 218
30958, 394
15088, 608
3200, 946
47454, 840
39005, 888
41480, 529
36311, 620
44179, 250
31565, 549
1524, 218
47197, 529
30445, 385
21077, 980
47878, 164
235, 177
25663, 385
19180, 618
40704, 258
17996, 632
29037, 980
33807, 568
14277, 942
12970, 80
25266, 921
14416, 22
24521, 560
49118, 743
48844, 788
8811, 732
8697, 976
47966, 52
3233, 220
23668, 496
20524, 136
20410, 844
22274, 756
10953, 497
38039, 667
47210, 123
43856, 169
6923, 883
12591, 591
35258, 759
45861, 955
36474, 731
11590, 889
36577, 253
18096, 343
20551, 465
49282, 563
473, 99
46560, 894
804, 484
7908, 420
40594, 192
42747, 323
6558, 653
15893, 262
39808, 530
37049, 47
35146, 534
43120, 910
20285, 85
20448, 904
22800, 110
35973, 625
11809, 155
36989, 417
4702, 120
43807, 693
11488, 720
14972, 736
32163, 369
10790, 94
32176, 185
30382, 967
41328, 996
23616, 682
4913, 318
8048, 306
18228, 519
7239, 633
3680, 561
24824, 905
22812, 77
15797, 419
4593, 227
36078, 240
32731, 355
21132, 221
6821, 65
15438, 715
34951, 153
8621, 890
17181, 691
38874, 933
12884, 109
27266, 847
16054, 813
23841, 474
33372, 722
7776, 494
40671, 936
47595, 352
42680, 310
29235, 857
27708, 605
13976, 274
45835, 200
32727, 306
17386, 590
40821, 71
474, 312
30226, 934
9538, 861
7352, 718
39986, 685
6931, 969
3351, 809
2917, 781
22124, 196
41809, 423
38369, 899
4588, 326
27536, 226
12269, 927
37673, 819
25523, 704
10314, 277
34394, 696
25254, 783
20236, 685
43419, 214
33596, 244
39020, 962
36051, 98
11681, 66
46467, 397
30911, 584
18031, 302
19336, 721
27933, 754
7514, 483
21198, 639
25202, 819
18409, 55
14541, 351
15777, 877
2164, 65
18723, 856
31302, 963
29723, 522
28098, 888
4757, 449
13925, 142
5695, 725
7111, 931
36247, 523
25635, 819
31633, 560
21326, 715
32230, 724
49139, 860
3725, 909
6861, 261
37221, 875
28304, 186
39906, 52
38312, 168
31134, 422
42771, 518
6352, 314
40228, 948
14495, 836
15564, 812
30469, 955
35016, 594
46784, 246
16201, 741
12062, 28
38810, 784
34314, 157
2819, 909
17805, 517
28816, 988
27696, 66
22424, 209
44786, 596
45460, 602
31333, 736
48041, 499
14912, 842
8666, 700
42833, 138
16210, 134
30305, 315
6380, 537
17070, 340
9138, 397
29588, 974
33848, 205
25387, 760
38304, 99
15786, 416
48511, 753
20901, 852
13656, 587
39324, 963
616, 311
8108, 407
39131, 506
23601, 131
49130, 94
29586, 237
26415, 534
12480, 757
34024, 171
39234, 434
30468, 73
26967, 199
38199, 384
42179, 909
37318, 809
26861, 303
42094, 565
47718, 271
35445, 736
7402, 649
49936, 934
39296, 621
20623, 846
11373, 618
41443, 409
48955, 366
22377, 585
4296, 815
34632, 491
25241, 395
2307, 487
39876, 20
38057, 22
5143, 96
3036, 953
8833, 244
9493, 58
37189, 686
27280, 923
47542, 973
19216, 967
24695, 100
43116, 273
4793, 896
37516, 639
12071, 348
29511, 154
41788, 435
40179, 817
19852, 642
23183, 618
3093, 22
49400, 90
5235, 244
33076, 182
36239, 894
44953, 924
46613, 648
26375, 530
46542, 27
19531, 793
44517, 547
31683, 384
27742, 222
23827, 159
37851, 261
16065, 420
964, 4
46119, 893
15320, 180
31256, 823
34468, 570
19291, 806
11054, 3
6884, 117
37157, 153
2120, 472
47159, 709
27909, 876
29763, 934
47712, 17
17129, 626
16976, 35
40398, 123
34439, 393
27412, 973
25918, 520
17451, 236
11766, 680
4756, 607
32164, 525
25024, 146
7287, 509
5434, 476
25509, 818
17988, 133
3137, 208
16553, 977
7607, 813
6407, 149
38575, 887
19966, 622
23756, 915
11317, 956
35430, 711
40209, 533
8552, 270
237, 217
18714, 474
5054, 611
28796, 977
26902, 706
42881, 167
15086, 525
49136, 540
40560, 213
19988, 977
4778, 114
29535, 106
14805, 759
48047, 786
49124, 694
23639, 251
15752, 897
34398, 970
37570, 45
15283, 523
39289, 997
32925, 362
27425, 501
24374, 331
24370, 730
41913, 285
15888, 202
27607, 810
3975, 952
46174, 79
35136, 144
21884, 902
33977, 234
15686, 985
9865, 488
33701, 393
11322, 860
22156, 589
26365, 290
7792, 983
29684, 393
20805, 192
30417, 7
2598, 916
6245, 784
25954, 934
17608, 957
21962, 426
30257, 49
11700, 519
40932, 467
345, 638
49254, 55
28403, 866
8005, 218
27116, 5
33827, 898
45446, 76
46515, 134
23126, 581
37391, 643
28201, 426
4198, 6
445, 10
39451, 128
14850, 351
4488, 269
47011, 993
27680, 508
12568, 719
12045, 4
11529, 42
7783, 868
28805, 934
32518, 7
33031, 324
6050, 102
36728, 195
48121, 895
1796, 63
18237, 212
48491, 984
49919, 919
17629, 759
1187, 496
48745, 346
18690, 433
37286, 635
18837, 644
23060, 735
5815, 921
45135, 907
15520, 793
18627, 117
36698, 415
41152, 893
22302, 457
14737, 142
33111, 908
19114, 839
6759, 911
49018, 638
5861, 401
41975, 169
10181, 416
6961, 782
28376, 966
31960, 638
39927, 449
28377, 286
40029, 600
20579, 742
49784, 364
31955, 936
18277, 390
5507, 150
35641, 446
18426, 809
25222, 577
42034, 112
47528, 537
26383, 743
20039, 555
26974, 722
6528, 106
5517, 426
48889, 322
20576, 408
9711, 826
47469, 673
10320, 907
40808, 395
45894, 63
34930, 12
36062, 871
40899, 168
5469, 393
16022, 329
31509, 552
33509, 359
29211, 559
29302, 981
47030, 351
174, 603
21337, 528
36098, 698
4402, 371
3395, 741
47162, 771
28139, 376
34506, 471
47547, 98
38041, 717
44899, 68
47893, 321
31763, 96
5897, 555
16605, 946
33432, 540
34308, 982
36617, 470
22520, 4
30312, 530
34849, 587
5372, 965
25696, 417
32348, 460
37650, 350
8519, 254
39242, 183
11062, 926
18661, 392
42187, 580
49290, 958
10830, 819
32841, 824
38958, 96
35514, 807
26838, 898
14766, 923
5247, 539
11331, 282
11958, 121
3858, 83
4314, 958
14019, 425
33846, 53
25794, 32
44341, 522
23819, 916
15980, 594
14318, 804
48899, 407
40018, 682
26429, 534
28052, 477
28571, 757
32557, 485
44984, 341
7316, 855
36885, 769
16522, 165
45795, 538
2811, 367
22442, 661
27102, 279
41780, 61
17440, 142
11576, 33
28591, 78
43382, 240
7748, 753
37884, 29
13426, 880
47287, 393
47022, 855
16060, 814
32572, 747
11574, 552
44554, 993
1350, 128
39844, 690
33326, 608
29095, 899
18376, 287
10851, 260
17773, 756
46605, 116
36172, 587
17209, 284
45611, 605
20849, 854
31742, 335
47332, 847
11730, 597
9158, 49
27795, 894
49613, 327
31066, 60
38616, 862
28349, 617
38310, 546
1559, 482
42668, 688
35086, 728
18500, 632
44473, 341
39221, 499
9157, 208
15188, 505
43519, 698
31885, 842
14886, 699
549, 472
10092, 624
9198, 848
13138, 70
10651, 251
6427, 999
123, 164
29184, 544
12333, 206
19906, 735
21699, 613
8093, 136
46827, 544
7970, 863
24882, 401
49539, 574
43676, 391
34210, 657
7622, 584
48741, 490
13744, 990
26407, 466
38020, 914
298, 589
47319, 855
11792, 877
21433, 402
47082, 639
9852, 863
9998, 600
14128, 109
17929, 768
45463, 374
45022, 76
13102, 271
30155, 556
39077, 969
43985, 881
12981, 536
43187, 186
10564, 21
24823, 338
33084, 168
31118, 985
44193, 59
38952, 588
18045, 51
6040, 472
37375, 614
8661, 611
21876, 208
1103, 400
31285, 671
23236, 795
7467, 751
47478, 39
37988, 39
6258, 98
17032, 779
9872, 442
9140, 258
42218, 922
23859, 317
4874, 76
36422, 566
29084, 789
6075, 615
42807, 647
13367, 152
32253, 781
49781, 752
25113, 279
41609, 349
13125, 474
43234, 382
36662, 741
29696, 203
41794, 314
11120, 353
48526, 565
31404, 249
12023, 605
37356, 463
25443, 613
12521, 130
13182, 887
28718, 243
29241, 922
38837, 731
6979, 700
31934, 876
4789, 795
41636, 613
34857, 347
3844, 591
41468, 570
48412, 126
27158, 772
32441, 94
25134, 292
16280, 82
46480, 98
18765, 323
4910, 798
7153, 455
2459, 60
16438, 151
5348, 632
49077, 6
45695, 872
13724, 268
43860, 33
26093, 669
18289, 180
3467, 581
41846, 554
30344, 861
4692, 859
7621, 576
34764, 340
27200, 382
47876, 89
21133, 505
32066, 445
9096, 329
7582, 56
19458, 521
38899, 197
41650, 982
47105, 628
14771, 19
49235, 336
5070, 259
1893, 994
32063, 164
13409, 450
38910, 985
18201, 408
18508, 202
39466, 460
1768, 511
47866, 318
39486, 746
18836, 534
15865, 888
8321, 536
5466, 153
2040, 430
44302, 631
16916, 441
21322, 391
8072, 77
5908, 770
32028, 539
26731, 39
41728, 248
9429, 825
29356, 780
21264, 155
21444, 55
17824, 704
22175, 414
10829, 732
42662, 406
17541, 927
32251, 442
19163, 854
45661, 623
7602, 636
35296, 747
33478, 27
40913, 867
10252, 241
2480, 263
24390, 405
2319, 926
32261, 241
39019, 790
4139, 804
34737, 81
43138, 899
5951, 61
3857, 1000
22445, 390
24706, 843
38673, 706
45013, 890
25544, 634
36557, 996
19256, 7
13843, 416
43178, 505
18235, 718
510, 782
45210, 137
11184, 233
38377, 78
28661, 383
8806, 696
40319, 909
30859, 283
42397, 961
15364, 217
15144, 803
21993, 469
10888, 871
2015, 264
14651, 13
49069, 974
15237, 449
18286, 456
22879, 128
47459, 928
16255, 702
12283, 376
37258, 268
33712, 135
32294, 909
17519, 27
13014, 603
42760, 223
44221, 782
5957, 949
39037, 584
25195, 29
29132, 831
13399, 177
46082, 650
23199, 190
26857, 575
38163, 868
5750, 904
28572, 388
33698, 796
48761, 390
12208, 853
32154, 683
17177, 266
9467, 804
47795, 601
43115, 917
21536, 148
40877, 596
30651, 825
25373, 198
15642, 896
1898, 958
12783, 851
3663, 296
47141, 381
40463, 987
10544, 529
40182, 901
1273, 372
25678, 801
7940, 805
7036, 558
26669, 524
34529, 619
43356, 537
5273, 485
35365, 532
22415, 272
37271, 143
41754, 52
16247, 450
4596, 733
41909, 911
15442, 915
8221, 395
8946, 168
10506, 905
43600, 543
40442, 443
12157, 273
6010, 999
18371, 411
15056, 404
23609, 582
7130, 807
31581, 355
45582, 750
734, 603
23068, 91
8601, 637
49517, 603
4135, 217
3104, 884
11491, 68
4959, 744
34285, 794
36001, 671
43879, 932
19958, 794
12046, 212
18581, 107
45864, 232
42667, 979
1156, 728
16623, 180
33324, 148
37882, 694
47330, 700
41640, 141
35580, 443
1950, 543
41769, 307
29374, 52
44055, 277
13707, 277
28194, 549
32220, 218
11137, 191
14434, 503
23741, 9
41759, 548
37281, 56
15634, 54
37259, 372
39603, 274
5865, 973
46014, 496
6806, 804
48996, 343
24219, 985
3418, 185
44710, 188
22516, 744
31858, 259
32110, 829
15744, 422
7323, 499
11044, 115
28115, 418
15344, 878
42467, 738
841, 791
47644, 518
49357, 611
20736, 964
17927, 520
35407, 854
34709, 293
46513, 640
46500, 328
11206, 578
26976, 901
40111, 787
2980, 527
19810, 862
18952, 842
14897, 107
27673, 4
39240, 977
38360, 842
43661, 482
46891, 106
42906, 292
38909, 630
10542, 740
7425, 53
38796, 899
47487, 898
35965, 278
25497, 294
10217, 787
29629, 168
8147, 795
14793, 672
25866, 890
25514, 129
41613, 342
28209, 815
14134, 965
34633, 712
49543, 624
40331, 875
29924, 772
26002, 273
19659, 477
32823, 372
133, 386
2648, 928
4050, 986
44649, 540
22016, 973
34152, 871
37973, 587
11205, 716
43586, 721
4486, 369
28680, 194
44128, 177
22504, 681
32303, 62
12488, 240
37616, 174
45124, 99
49827, 180
753, 150
34370, 754
35838, 38
40898, 373
44970, 845
27111, 381
49277, 993
9745, 630
48416, 609
19756, 584
38510, 68
21822, 420
47121, 922
7221, 456
34509, 809
10931, 69
22354, 718
11228, 69
16077, 989
43681, 418
34043, 998
1700, 772
23964, 102
26156, 964
11390, 472
24431, 576
10578, 590
8250, 125
8800, 208
25312, 201
34887, 887
7777, 447
1015, 114
44595, 86
23211, 267
42158, 148
11279, 964
44022, 859
42733, 345
12835, 278
45616, 828
34176, 58
10997, 311
21827, 464
42209, 733
38025, 861
3234, 802
195, 165
32507, 114
24331, 200
44169, 123
31638, 101
32920, 363
44057, 922
22540, 90
20539, 373
34981, 616
30783, 511
10307, 430
14980, 326
40884, 849
40134, 829
32906, 965
29963, 703
7192, 675
45069, 834
17183, 3
31799, 829
3920, 34
25121, 696
30568, 922
11115, 611
14703, 662
36272, 282
46112, 0
28212, 295
38970, 362
44060, 414
15060, 327
9616, 782
30210, 869
23805, 654
7861, 133
1783, 783
29704, 967
30961, 618
40293, 625
38395, 487
37796, 873
27969, 421
49809, 660
40211, 737
15285, 663
24396, 260
12930, 439
14804, 875
45677, 818
37082, 539
37832, 594
5437, 349
42750, 758
22726, 293
46733, 175
1074, 718
26366, 226
12537, 88
46878, 821
28347, 898
41960, 836
38431, 430
36631, 369
20305, 149
3332, 204
45313, 531
45525, 693
13981, 941
39842, 871
11727, 3
32806, 671
19456, 862
4043, 965
34368, 64
12325, 660
36349, 990
860, 731
209, 445
32726, 172
22058, 763
40628, 474
15942, 596
31243, 777
49715, 412
1420, 618
39597, 63
43943, 582
38628, 886
4522, 847
34986, 690
25693, 316
26608, 554
38537, 548
39164, 966
42055, 669
12977, 961
3392, 288
41652, 782
1667, 604
22979, 563
34374, 36
47364, 232
28753, 950
15758, 780
1115, 81
29873, 108
6477, 140
15798, 753
40348, 968
6391, 553
8410, 316
11944, 423
48370, 517
23093, 777
26148, 683
32252, 552
6317, 465
31766, 165
3269, 374
3765, 597
10402, 317
16461, 414
14303, 423
514, 52
49437, 203
41880, 828
30195, 257
21591, 574
23709, 226
46232, 738
25011, 587
6198, 198
29879, 205
9528, 941
30183, 207
37024, 394
29149, 359
27267, 275
7757, 793
33507, 992
32994, 131
7922, 26
18567, 514
15616, 517
37153, 818
4321, 707
48236, 93
24346, 599
33288, 989
26026, 242
1406, 545
22869, 736
43335, 639
9277, 968
1889, 263
48821, 802
9440, 345
47600, 569
41441, 186
4149, 15
33670, 335
22150, 846
46507, 491
14782, 224
17077, 488
10101, 777
7389, 211
5407, 584
49845, 402
36933, 994
24274, 903
11235, 500
27189, 817
33601, 1000
18826, 964
48644, 432
46906, 663
35263, 387
12336, 451
35949, 213
35318, 455
7005, 155
40903, 167
43027, 118
48065, 758
27810, 910
2197, 83
4070, 982
40290, 621
29110, 227
35827, 533
24517, 505
13126, 193
20793, 399
49553, 80
12375, 53
20960, 302
18099, 871
38726, 283
20569, 631
6371, 287
40427, 214
24579, 678
23392, 107
48691, 929
9071, 411
12620, 620
10548, 223
14446, 605
49989, 937
43495, 584
2960, 823
36540, 968
31398, 38
8572, 279
36509, 20
13186, 353
10925, 646
35818, 785
48152, 67
39786, 724
15927, 319
29093, 395
8062, 930
23776, 531
43563, 338
26395, 250
18981, 395
6450, 702
20310, 102
4985, 973
384, 9
1463, 768
32038, 65
21784, 716
29641, 469
17577, 5
12919, 153
26422, 725
21197, 875
7519, 607
41072, 852
16739, 713
9049, 684
34718, 469
39147, 514
49135, 473
34022, 382
37467, 783
21575, 759
2088, 661
648, 632
26009, 242
24214, 376
46879, 896
4746, 108
3150, 75
8936, 455
40950, 78
38967, 52
19332, 256
8208, 566
48950, 645
45152, 130
45585, 336
22828, 789
40252, 739
9937, 10
35998, 631
25584, 866
42263, 545
34599, 302
10037, 103
14854, 482
22585, 715
16212, 353
3587, 477
38889, 948
42609, 360
17248, 284
2097, 670
41180, 885
23404, 660
45518, 750
22220, 284
37446, 411
40045, 179
10545, 318
30518, 235
16947, 918
47118, 238
35463, 334
14613, 695
25583, 635
29061, 161
14334, 800
25172, 689
47994, 475
49291, 185
12054, 250
9897, 492
40069, 934
28547, 839
49593, 354
39501, 533
20415, 553
3086, 386
40924, 683
11446, 613
47365, 187
28053, 47
19204, 59
21629, 50
11975, 572
44070, 119
25244, 322
37688, 852
20905, 184
944, 148
9498, 978
26007, 152
3420, 748
30567, 590
26538, 640
35164, 531
20729, 635
40725, 404
11602, 554
3511, 995
33054, 333
49713, 559
38971, 477
16587, 851
46443, 227
4289, 183
4089, 543
30775, 744
40745, 378
6769, 383
31555, 92
20837, 72
10747, 566
1522, 460
38260, 915
1923, 697
2400, 951
25783, 298
49850, 818
8662, 996
16364, 939
7378, 258
31537, 960
48048, 176
40783, 343
20570, 382
41512, 404
17821, 378
19339, 432
36533, 810
28887, 63
25319, 99
3644, 948
21576, 79
18780, 70
40873, 72
47152, 893
8197, 384
24220, 578
28870, 56
5560, 444
42940, 283
35896, 33
39981, 626
23118, 692
3359, 280
21402, 514
46185, 323
25885, 62
46497, 582
37225, 0
7556, 868
40092, 663
24813, 725
28852, 544
24835, 128
48712, 218
25758, 521
32362, 361
14655, 693
6032, 848
27596, 41
20028, 461
41511, 116
19182, 20
41952, 826
6750, 446
36992, 362
32635, 764
47482, 62
25700, 100
38350, 528
12086, 293
21479, 56
24445, 49
44277, 412
24050, 126
17353, 948
21646, 929
10718, 115
27989, 4
23943, 746
6703, 936
37814, 194
45003, 360
40334, 782
28054, 203
5461, 506
40005, 740
38474, 302
43062, 336
3807, 503
35985, 715
15609, 582
2127, 543
33974, 303
7915, 368
27179, 799
36091, 50
20300, 970
15664, 952
14681, 334
9952, 150
49445, 892
44125, 641
18529, 588
27400, 454
33098, 616
1132, 443
2425, 191
8092, 419
40269, 466
49128, 312
28950, 749
34349, 249
18325, 73
44778, 722
15674, 957
49331, 608
12197, 546
14109, 180
45682, 146
38294, 660
26638, 206
44205, 81
47240, 670
32591, 776
22407, 922
23391, 922
45082, 124
17646, 427
18707, 514
35340, 313
7713, 604
3763, 498
4561, 621
44588, 526
17883, 365
21484, 124
169, 52
32470, 962
6636, 762
48275, 447
26518, 239
22575, 577
7400, 413
38050, 603
49260, 380
34320, 241
18808, 0
30236, 563
699, 955
35548, 398
28476, 926
24089, 757
14209, 981
36871, 275
18375, 304
6305, 820
46609, 439
8251, 726
5802, 583
45580, 416
8202, 716
5834, 190
36589, 33
19783, 44
26963, 125
413, 628
1413, 585
35078, 767
44562, 585
47074, 486
30804, 169
27152, 873
37501, 507
5413, 298
17697, 479
24709, 752
15641, 359
14087, 371
17639, 749
12501, 865
32170, 849
22744, 103
29461, 371
34235, 83
35539, 902
16175, 840
3264, 506
20221, 529
7146, 531
5765, 207
30704, 611
7659, 626
4767, 344
49464, 141
43366, 71
1161, 892
10754, 290
22590, 744
2620, 307
393, 119
30534, 180
33077, 302
37163, 210
2359, 17
26340, 280
18466, 563
12762, 79
20114, 217
36782, 624
16657, 572
30225, 531
24628, 181
11779, 879
750, 915
39888, 872
49423, 661
30635, 826
926, 68
26227, 112
22350, 163
32969, 76
45488, 907
25143, 566
26947, 494
25907, 533
44146, 266
39788, 191
32725, 334
20418, 206
11877, 520
42628, 719
4800, 956
14817, 378
19963, 973
11386, 971
3465, 341
7109, 575
39190, 101
7181, 0
28536, 89
38104, 38
16828, 257
15967, 434
26642, 378
5316, 106
42459, 300
19997, 204
1735, 809
18712, 978
46618, 999
21604, 191
6332, 176
27882, 430
20919, 950
26215, 401
34110, 286
6336, 465
17329, 353
45389, 888
43875, 334
19255, 436
27072, 246
42536, 720
41885, 407
20005, 822
48174, 748
44001, 27
1866, 762
24185, 816
6670, 494
6628, 686
5171, 15
9926, 895
4048, 649
26921, 361
2072, 779
15054, 801
39165, 843
14053, 68
25934, 411
45204, 421
19681, 417
19734, 832
33445, 421
14531, 885
46952, 636
13031, 253
42697, 37
23800, 953
46469, 732
25563, 415
49219, 521
29973, 485
19987, 536
17815, 806
12628, 108
11674, 997
2673, 684
1754, 248
26745, 129
16946, 432
34301, 701
48518, 174
35459, 947
48716, 264
43728, 656
49816, 711
30915, 845
12179, 968
24093, 242
7360, 287
33580, 649
26767, 530
18962, 328
43052, 677
31731, 480
18871, 208
41570, 586
32433, 652
9760, 612
31677, 386
40444, 684
45448, 315
16107, 718
22141, 592
30921, 437
38881, 129
40320, 523
9327, 430
27624, 528
6800, 522
14965, 697
3232, 793
3843, 531
5994, 483
25056, 394
46737, 59
46334, 464
21106, 638
16898, 499
48487, 817
8822, 310
21470, 871
20836, 267
9739, 782
48796, 748
170, 127
35399, 335
45602, 373
31363, 799
24752, 781
16271, 907
45922, 198
35484, 505
17945, 151
9094, 415
18817, 942
14170, 792
2343, 497
2779, 414
21644, 283
48748, 300
33344, 760
38968, 440
25849, 473
10337, 175
36630, 227
2621, 905
32805, 558
3375, 211
29134, 852
37881, 329
3653, 769
41828, 976
36120, 159
12295, 46
49361, 494
46799, 438
11099, 340
33833, 898
41581, 88
20806, 655
10492, 213
14603, 380
16904, 721
26880, 237
18022, 511
20607, 565
30995, 657
11320, 615
11013, 372
2382, 370
40974, 294
16400, 241
43003, 898
36000, 738
30524, 523
48549, 203
42633, 411
20675, 854
37804, 85
7294, 580
13754, 347
252, 590
7397, 447
29350, 810
765, 472
33412, 328
8095, 821
2026, 646
41841, 29
31501, 13
17058, 740
9914, 384
3571, 915
39329, 58
49697, 65
17839, 405
13786, 6
5304, 519
46287, 130
18068, 772
43839, 873
38521, 489
9639, 508
39885, 337
35909, 893
1261, 635
3056, 196
20909, 505
27744, 225
7161, 914
38827, 336
33910, 201
47397, 85
35864, 262
36371, 686
4798, 973
46819, 726
34697, 284
46376, 228
5374, 99
36136, 663
48660, 457
34121, 452
5401, 861
44638, 506
5012, 999
47941, 978
34140, 279
15959, 268
25982, 561
1089, 163
40217, 712
38540, 712
28282, 956
45165, 339
44458, 854
32328, 727
3432, 373
12650, 955
41774, 144
42795, 249
45950, 792
49008, 311
9300, 457
43590, 108
14856, 933
27028, 788
39086, 1000
19198, 491
38753, 853
6536, 552
8840, 539
39264, 469
11005, 936
24988, 24
16486, 544
20231, 528
46294, 87
32866, 512
9835, 616
21878, 956
26370, 171
19915, 297
33899, 61
10310, 583
49686, 523
15142, 512
13061, 476
48237, 669
14837, 388
36229, 996
22370, 771
16538, 190
10776, 289
5085, 384
43465, 4
45720, 951
28948, 443
34542, 262
9976, 545
31862, 731
48799, 804
26831, 935
35751, 187
43073, 492
34589, 821
32761, 994
26311, 7
1780, 116
8534, 773
33357, 298
37935, 915
31657, 746
49559, 230
19792, 12
46490, 28
959, 512
4980, 711
36628, 855
19599, 964
7596, 480
21994, 254
49343, 930
14934, 412
2020, 675
30146, 975
44910, 971
9797, 453
46035, 435
31744, 774
28107, 93
14493, 639
13719, 591
25855, 203
45108, 358
43812, 750
45503, 6
15907, 210
17241, 632
18172, 736
7271, 123
18245, 11
8564, 334
3207, 160
19978, 341
14517, 79
4279, 527
13903, 674
421, 709
41519, 603
14190, 34
39294, 498
37026, 475
23641, 534
25414, 368
32457, 949
48054, 454
4664, 981
7689, 855
9776, 162
31868, 144
21798, 98
1864, 204
5369, 900
6697, 345
19056, 418
18754, 176
10724, 207
3024, 573
13492, 810
40205, 360
24483, 533
45979, 996
22502, 848
18100, 928
32809, 614
48675, 203
48176, 463
37223, 471
33709, 701
38693, 508
47530, 377
34744, 29
45028, 803
31254, 728
34204, 663
37707, 129
7977, 639
9361, 200
42078, 4
26128, 398
27563, 235
4077, 948
28471, 994
3938, 991
46168, 853
4992, 657
35020, 376
47237, 520
22070, 231
33065, 41
18844, 580
14139, 601
16524, 848
31560, 837
3972, 894
36184, 490
23966, 754
34967, 609
40751, 583
22363, 5
7548, 931
36071, 166
16826, 714
7590, 183
33401, 554
7545, 334
35558, 537
47174, 975
43269, 857
12382, 979
23004, 305
39408, 534
12411, 790
3334, 472
28975, 761
130, 319
41868, 877
22133, 844
28371, 40
15401, 419
8284, 33
20649, 19
13103, 352
16361, 245
37425, 243
12803, 935
22177, 528
21093, 744
1478, 275
6119, 66
4698, 312
15346, 704
37087, 560
18010, 329
28431, 123
49322, 417
5613, 704
41273, 412
38286, 720
42975, 398
5283, 354
38402, 504
25102, 176
3018, 565
27901, 425
23257, 896
14900, 840
26725, 735
40788, 932
25192, 616
24437, 468
17699, 683
4919, 43
28542, 136
8310, 154
34586, 129
40541, 397
35655, 437
34841, 223
28576, 777
35398, 152
23366, 632
40351, 920
30260, 611
48575, 845
25944, 770
14023, 677
21177, 962
40582, 689
25350, 369
49782, 969
46159, 575
16780, 737
33510, 889
26834, 210
9265, 103
34574, 693
9822, 630
6513, 128
27594, 518
41987, 154
46049, 602
39775, 748
18458, 492
12004, 173
1362, 310
2117, 211
41427, 31
6933, 840
15504, 148
28997, 487
7490, 255
43811, 105
19776, 861
29208, 669
44159, 979
33151, 743
24473, 445
37759, 483
34127, 678
46596, 427
17562, 370
44295, 708
35028, 416
17075, 986
26545, 630
10708, 93
19917, 336
20867, 954
2947, 899
49063, 193
12010, 422
1578, 737
11127, 558
12569, 268
477, 599
34654, 876
12679, 954
23458, 677
29045, 728
14065, 477
18908, 795
5375, 123
45384, 151
32991, 72
32239, 855
32459, 693
15219, 795
46398, 268
25827, 437
14807, 212
13234, 476
43305, 319
17391, 867
2453, 294
266, 772
34060, 670
5168, 147
22490, 279
18835, 819
26598, 252
19698, 422
10702, 529
42503, 875
26, 309
10287, 158
32965, 717
49237, 861
6891, 28
42986, 295
17333, 843
23163, 676
16980, 598
35408, 959
23605, 501
34318, 74
822, 3
4914, 480
8716, 321
21986, 460
23949, 815
33091, 484
17284, 832
25300, 631
44660, 778
33619, 805
49653, 13
29725, 497
13499, 532
18369, 988
18978, 787
22854, 681
48403, 914
22211, 206
30498, 300
9153, 307
37466, 557
2448, 205
37067, 345
37622, 445
21599, 787
13025, 792
29509, 992
23613, 65
11882, 604
40785, 413
37351, 553
18675, 676
20319, 802
27720, 886
3226, 345
13431, 377
47309, 419
18813, 717
36125, 140
36902, 466
39955, 226
35843, 684
38791, 83
13454, 120
33267, 634
5209, 351
23322, 196
4257, 362
9969, 744
37449, 281
45781, 130
31774, 564
46189, 813
8531, 419
6029, 231
16995, 356
48654, 578
35668, 454
15872, 541
5092, 297
23981, 485
21911, 51
34149, 244
127, 711
25890, 175
21475, 981
15345, 691
47826, 152
7436, 442
24406, 181
49838, 705
233, 936
46422, 515
4690, 290
49527, 654
26389, 116
44260, 420
3490, 358
9833, 388
15557, 671
20605, 31
20737, 437
5349, 43
41610, 752
34454, 255
21744, 383
43350, 489
25657, 705
10330, 995
6395, 315
4217, 105
13397, 711
6795, 136
9658, 428
40255, 369
12415, 41
6651, 523
44817, 698
31715, 746
35954, 338
36666, 414
4493, 55
8931, 182
28082, 39
32532, 561
29249, 373
18953, 539
18757, 222
8416, 446
7121, 992
21250, 541
29929, 255
33190, 548
33914, 277
42740, 260
2564, 658
32080, 711
594, 394
12213, 999
36310, 175
25850, 961
43510, 430
10675, 967
33449, 117
4195, 306
39599, 748
9332, 491
13996, 572
16867, 254
46967, 993
6311, 300
4981, 219
2781, 925
42917, 432
37328, 268
6590, 145
14227, 973
10072, 30
10815, 14
39833, 589
34728, 915
17977, 417
12211, 398
45393, 806
20261, 605
36760, 371
10789, 668
41154, 276
45854, 854
19444, 815
46537, 531
28725, 27
26668, 559
32653, 83
17628, 600
41953, 803
29612, 592
5099, 608
21836, 532
5799, 311
38338, 526
48736, 106
11505, 338
23562, 26
20159, 470
42392, 2
21235, 689
26079, 934
46210, 368
6456, 57
28899, 758
37097, 102
46549, 348
4088, 664
40054, 1000
17583, 649
2563, 204
20638, 842
2466, 84
27302, 335
30130, 741
22162, 724
5128, 831
16853, 151
5313, 681
8469, 172
14082, 678
17379, 256
12870, 971
39894, 999
3670, 182
22707, 372
15548, 977
39969, 306
47031, 40
1980, 194
3385, 665
15376, 438
47238, 265
36340, 185
35607, 381
15042, 598
34013, 378
23701, 859
45621, 914
31704, 944
22635, 950
18197, 421
13810, 624
11087, 97
22216, 790
23412, 240
16332, 746
33396, 324
29094, 733
8648, 957
29421, 905
1358, 763
12745, 746
41462, 911
22161, 63
33582, 825
24029, 429
46604, 177
26839, 995
34319, 615
47185, 991
23779, 894
24372, 970
19364, 741
30557, 114
2163, 257
43294, 329
1190, 758
24009, 415
20717, 157
28366, 156
236, 331
33523, 152
27172, 595
18640, 359
15027, 42
13583, 199
20164, 136
3589, 685
23284, 947
41224, 375
478, 747
30307, 615
136, 796
44190, 336
31899, 670
12022, 76
2733, 122
23343, 91
44071, 253
5960, 712
27884, 80
22163, 230
44674, 976
3701, 227
35280, 832
27543, 127
47529, 611
43147, 74
33092, 197
41192, 867
39695, 506
44927, 210
21430, 349
28659, 809
47666, 486
2985, 653
15271, 132
22731, 187
1432, 372
10862, 956
8576, 369
18580, 457
33397, 610
37108, 884
15390, 649
21748, 387
5866, 174
6559, 332
41414, 846
25725, 19
7816, 701
4755, 481
22046, 36
4936, 675
23570, 24
16717, 130
17565, 553
45858, 282
9613, 14
5272, 696
8722, 864
43757, 872
42866, 885
2787, 114
25302, 119
33090, 949
32469, 246
21114, 23
203, 315
25829, 33
27282, 769
32838, 544
10706, 969
1030, 710
14395, 529
28248, 533
17430, 44
16081, 501
29295, 477
33805, 533
26502, 810
35313, 893
16667, 725
26279, 195
37486, 842
41531, 494
14506, 833
23447, 15
9051, 875
7818, 861
5435, 343
46570, 284
35441, 667
19532, 762
26123, 212
46319, 967
26966, 679
11257, 107
19983, 868
36372, 415
21498, 93
46428, 475
29396, 825
43602, 343
26282, 40
44616, 697
21419, 532
2869, 393
3322, 671
42648, 4
22119, 898
44692, 492
6443, 277
25446, 160
35942, 841
26244, 170
44184, 612
6260, 731
18312, 399
15277, 804
16611, 152
2749, 175
25274, 310
49851, 413
48650, 130
19450, 801
19021, 412
6501, 36
46871, 725
17960, 441
30304, 651
16409, 577
16045, 461
28472, 653
39354, 775
1314, 99
33948, 535
2701, 277
30231, 224
25554, 44
25709, 768
20355, 97
26804, 165
29154, 408
40438, 642
36403, 363
25058, 400
26984, 531
21245, 750
48379, 622
21709, 930
24302, 328
16918, 403
49662, 368
42290, 940
39960, 873
17849, 210
39195, 449
1323, 83
2311, 182
8273, 343
5082, 611
48869, 3
25763, 741
20617, 231
16430, 637
15410, 60
11698, 935
7261, 795
658, 81
31415, 842
18539, 549
14329, 862
13696, 705
7365, 13
34642, 61
31380, 153
25464, 76
41209, 391
41965, 351
30193, 418
29196, 867
3700, 837
10321, 739
14237, 559
48453, 616
48583, 621
16334, 732
26203, 947
10915, 567
3889, 769
34350, 903
28171, 274
35792, 106
21562, 699
44909, 827
43733, 445
10535, 223
34186, 595
46426, 824
40470, 816
13136, 360
19879, 666
48942, 185
19862, 709
2374, 419
14073, 588
37966, 877
21923, 43
30485, 175
47837, 52
39798, 720
34551, 330
38046, 34
16525, 534
11930, 833
35816, 680
39556, 922
42626, 57
8506, 542
43223, 135
4744, 947
14938, 538
31219, 285
1129, 386
9146, 452
19985, 26
26576, 825
46622, 430
33898, 80
41378, 969
34568, 120
2988, 722
29700, 340
34862, 818
19168, 512
23577, 148
19371, 497
12743, 32
27440, 395
3335, 609
41573, 361
45113, 47
29806, 472
23334, 430
43367, 686
25215, 583
14222, 521
15079, 217
22893, 323
31927, 317
47059, 598
41899, 598
27627, 842
13972, 348
15091, 58
37315, 731
10346, 999
22748, 174
2418, 151
15843, 803
18429, 338
3933, 37
30423, 293
16454, 820
32596, 135
45086, 787
36427, 301
19562, 983
34572, 127
2551, 702
22190, 272
38886, 598
10490, 635
1208, 559
16959, 131
8054, 742
39252, 253
16310, 547
34802, 829
38869, 807
41764, 688
26119, 517
11904, 418
25863, 913
38862, 906
10896, 153
48561, 803
29938, 220
12802, 132
3521, 640
15918, 761
27279, 675
37566, 791
30169, 542
9290, 660
46601, 544
1017, 365
4790, 107
47460, 605
2126, 565
35304, 961
16441, 153
24705, 13
44329, 883
21585, 768
33615, 135
31968, 556
49004, 255
4681, 160
43864, 193
31516, 899
47877, 944
34662, 650
39862, 138
42774, 529
30385, 945
5929, 724
25977, 383
23695, 215
22100, 953
16952, 65
29865, 496
15467, 828
44774, 971
39558, 164
10389, 14
6482, 450
8865, 453
5659, 946
22126, 684
1739, 427
49440, 539
47486, 46
5151, 891
15780, 503
24209, 993
18670, 887
14221, 900
36650, 501
41383, 511
17206, 701
26345, 499
12082, 249
31248, 781
22686, 673
38520, 241
13468, 204
14378, 848
1072, 78
35937, 140
21126, 370
1105, 889
15904, 784
18280, 181
890, 7
47570, 113
11260, 382
1726, 404
904, 946
25409, 822
12405, 623
33981, 727
23304, 519
46081, 305
19995, 367
47863, 150
27709, 271
25275, 110
22837, 624
28103, 81
46350, 789
35174, 75
21333, 630
22910, 648
333, 723
26547, 389
2075, 520
30737, 457
38559, 938
4544, 536
30203, 416
18530, 268
27540, 456
49171, 905
23424, 625
12606, 447
14192, 235
30845, 279
3405, 31
44362, 127
27769, 870
23174, 991
29129, 439
3127, 819
10863, 172
16672, 286
15759, 837
12617, 376
34684, 905
47872, 547
23249, 971
31915, 482
5079, 197
21220, 798
28299, 900
46397, 292
25856, 599
34390, 232
45096, 781
42255, 522
35785, 498
2894, 677
39810, 115
47839, 814
36432, 43
22414, 538
33356, 436
24070, 147
44354, 395
6509, 467
7686, 632
25069, 547
25798, 1000
28026, 278
7356, 739
46348, 322
42724, 841
32463, 664
46272, 297
45036, 957
488, 160
47024, 797
22839, 420
48714, 478
7164, 987
8281, 25
32859, 332
11871, 30
36796, 478
48701, 633
37619, 815
27844, 747
32147, 873
37775, 231
2339, 752
44300, 31
41701, 22
27527, 446
33216, 625
49034, 447
15809, 652
28381, 900
6342, 370
13011, 22
38924, 760
33377, 337
9119, 428
33995, 760
43701, 44
27406, 909
35261, 792
36862, 749
21507, 648
11348, 479
23316, 560
10616, 285
9685, 692
11392, 392
20111, 741
7076, 194
24114, 339
15915, 630
44796, 545
45598, 281
28125, 530
7450, 442
16927, 35
26015, 383
8690, 192
46464, 212
21738, 693
11768, 877
49792, 649
38341, 619
38633, 892
1571, 595
42635, 686
45843, 2
45887, 710
42315, 173
43032, 996
25142, 42
23192, 759
18805, 82
36879, 564
13332, 340
7211, 11
44749, 488
30649, 334
14621, 553
21169, 341
42188, 57
28678, 14
48509, 593
44, 459
44978, 379
19398, 217
41061, 316
12421, 668
16069, 802
20171, 731
29342, 806
42450, 912
44348, 15
4067, 985
26472, 161
31730, 509
45760, 774
11797, 432
18971, 237
40816, 354
3915, 970
30308, 180
31984, 50
47901, 838
40415, 759
3721, 540
37624, 578
5039, 961
11140, 451
26501, 884
20208, 924
27796, 278
32931, 368
5824, 241
34359, 605
17337, 606
41495, 339
2714, 164
262, 879
19235, 487
30182, 162
16994, 874
42862, 588
33879, 585
47603, 73
13709, 65
42612, 85
44257, 938
3167, 276
2502, 293
41712, 187
18681, 163
23851, 398
36296, 306
24572, 1
10557, 596
25707, 992
41472, 738
12618, 982
20288, 625
36925, 437
27764, 590
34691, 736
36867, 894
30092, 78
22373, 80
29678, 82
18851, 806
33135, 829
4527, 551
49770, 179
36616, 263
1108, 76
20514, 295
20646, 577
41308, 640
6555, 570
38172, 247
45207, 972
19823, 616
41199, 556
2954, 623
34940, 126
39669, 766
45134, 280
254, 88
47937, 191
20746, 269
3530, 996
36983, 18
7448, 796
36604, 317
26685, 489
8792, 979
16164, 714
25154, 666
37638, 348
6646, 235
21613, 890
10182, 233
30109, 89
39563, 100
13485, 293
16092, 961
31349, 362
21294, 987
33823, 445
7027, 508
41483, 602
26629, 902
39517, 219
38384, 120
38690, 478
43903, 682
35613, 453
22144, 828
27058, 276
36719, 729
1981, 205
32109, 551
6756, 929
17553, 37
35002, 121
46796, 116
43420, 19
36974, 733
28707, 76
41942, 64
8438, 544
9871, 262
42480, 18
31785, 572
20451, 468
7886, 491
35010, 578
2194, 476
44078, 515
31651, 324
32139, 990
36115, 921
41250, 632
9258, 349
11201, 926
32222, 753
40670, 176
38917, 113
8838, 485
42647, 841
28336, 889
19341, 643
48502, 180
43620, 275
12512, 947
6918, 887
33658, 717
31767, 669
6606, 12
38759, 345
38259, 125
10441, 694
113, 769
1576, 93
49834, 114
48874, 596
33852, 618
37207, 939
29285, 891
35812, 370
19300, 32
38501, 60
48186, 194
48467, 436
28560, 698
21227, 190
36717, 271
38408, 217
17060, 460
20367, 142
47792, 727
14905, 332
20929, 456
17669, 54
7732, 216
16936, 735
34970, 356
41912, 982
46453, 997
39670, 447
10898, 294
21241, 787
47324, 655
13104, 91
13087, 803
9782, 44
32311, 215
48740, 848
27571, 34
22882, 616
18867, 900
42899, 403
34253, 616
40436, 533
33769, 903
10678, 174
4881, 883
49067, 35
44715, 194
43497, 883
39949, 78
20639, 376
20284, 748
26397, 391
15261, 893
14454, 348
28297, 496
45337, 888
33219, 465
35046, 849
3710, 29
16713, 691
48339, 530
11511, 985
49471, 216
28488, 253
42047, 162
18600, 277
24241, 13
14848, 964
28444, 317
19356, 174
8173, 508
41305, 735
28031, 648
1205, 726
40832, 880
27138, 28
35715, 432
45272, 186
25634, 390
43162, 580
15708, 49
4769, 801
11209, 98
18818, 671
29532, 216
2470, 240
33650, 433
30343, 624
859, 785
14687, 662
14322, 9
49895, 472
23462, 957
23085, 671
17492, 916
41889, 313
6466, 572
11518, 806
12420, 591
13008, 84
44485, 637
37855, 545
32601, 166
14044, 984
24223, 508
21580, 1
33708, 280
440, 982
12815, 843
337, 217
33636, 578
21447, 804
13041, 67
37818, 988
28327, 924
6939, 594
14555, 755
16954, 345
14321, 253
25072, 29
3684, 773
8246, 709
19793, 788
483, 424
1345, 919
17291, 266
45927, 880
14064, 130
9392, 695
9893, 290
19353, 951
12452, 974
35209, 7
47046, 139
37639, 85
44018, 438
47591, 522
934, 43
31926, 649
48967, 788
8263, 774
12073, 188
36007, 295
45377, 984
15854, 33
3780, 416
22615, 555
40866, 942
22737, 675
38665, 344
7212, 417
43785, 858
10860, 884
37704, 863
31421, 398
24267, 948
15136, 67
10869, 467
38265, 731
46483, 702
42401, 669
6207, 502
9187, 959
3581, 370
15238, 279
1443, 855
14056, 765
31881, 51
18938, 218
41440, 444
40113, 716
37044, 291
23243, 930
34414, 906
17002, 42
2952, 213
12201, 321
13868, 154
19733, 919
43493, 262
21219, 777
11252, 875
1094, 196
6084, 260
48544, 989
35780, 640
22127, 208
29867, 275
47008, 688
16239, 926
28962, 908
7039, 748
47744, 368
3064, 66
416, 661
5712, 900
30033, 612
33464, 66
22371, 461
29623, 235
34483, 336
38164, 645
25355, 73
47725, 845
9086, 854
48787, 923
6928, 872
3088, 781
18655, 773
24669, 381
39213, 392
14363, 670
32455, 377
9929, 584
43206, 833
47508, 384
22346, 956
45257, 675
29006, 298
43066, 201
33260, 583
46590, 832
30017, 76
47538, 862
39815, 341
5276, 249
11025, 500
23419, 425
37035, 802
14756, 430
24148, 718
37488, 71
7423, 613
1270, 470
41710, 704
3247, 421
46229, 665
18133, 9
17301, 124
49579, 909
11368, 912
5705, 187
21532, 743
26931, 574
28207, 688
14165, 75
49607, 910
8466, 507
6515, 599
16861, 713
14708, 611
7954, 552
45644, 451
44032, 66
26433, 192
5028, 363
33452, 347
14392, 905
30334, 39
425, 907
621, 422
42070, 553
49959, 839
24255, 305
5169, 198
27479, 325
2027, 37
43130, 967
9382, 112
4443, 216
38822, 635
23603, 749
17281, 994
16086, 718
34793, 598
5391, 216
46384, 704
45362, 755
38676, 241
7875, 843
4644, 672
2204, 617
38373, 479
47578, 721
8337, 566
33085, 316
25908, 765
8990, 501
22432, 142
46358, 529
22507, 500
47002, 335
33682, 946
11565, 319
9738, 413
29199, 615
32190, 982
748, 528
12940, 839
34035, 319
18211, 729
41433, 542
1002, 524
23417, 853
32548, 750
39003, 29
38211, 301
49268, 341
45400, 53
26360, 454
27686, 401
28931, 798
23157, 194
11103, 364
45777, 419
38243, 397
36023, 246
1062, 690
30878, 527
40726, 662
31223, 164
17496, 472
27325, 288
43258, 267
46279, 625
40963, 565
2424, 791
11426, 873
40003, 791
48910, 980
29142, 584
3219, 286
16458, 415
12272, 530
20462, 937
2317, 236
33639, 586
6671, 290
21857, 261
3769, 48
40908, 672
22052, 546
21974, 43
30104, 712
41562, 69
37526, 45
6464, 811
29239, 100
43906, 179
41299, 104
22545, 771
32644, 959
30431, 319
14601, 459
42586, 671
23580, 556
31594, 346
2191, 671
27531, 608
42996, 883
15529, 927
13085, 228
27787, 348
4594, 301
32307, 380
34490, 411
34692, 306
20588, 580
21439, 909
35659, 787
35724, 603
8994, 476
13223, 602
23726, 886
7443, 786
22002, 324
38856, 996
35731, 134
6577, 216
36909, 116
22483, 156
35355, 165
38675, 806
18194, 904
19111, 455
9112, 68
11136, 304
12991, 884
10631, 776
2942, 967
20755, 258
21755, 851
30953, 426
9044, 139
41799, 390
31133, 567
9649, 466
31917, 692
3310, 294
43717, 758
44834, 540
38165, 652
20375, 575
2110, 323
37208, 193
27001, 811
25152, 800
18104, 836
30264, 819
20108, 215
48926, 61
5667, 564
42009, 278
29581, 752
1553, 702
34769, 206
32501, 689
23445, 257
29852, 30
40672, 437
10910, 213
45897, 532
34457, 689
9174, 709
32216, 739
22639, 19
43863, 93
29770, 584
35013, 298
16730, 364
39610, 643
26324, 314
26071, 565
13107, 136
35936, 819
30349, 56
36519, 900
36105, 876
34779, 13
26261, 378
14368, 121
2060, 726
33248, 955
27948, 119
46536, 220
41926, 964
14104, 818
38236, 507
2347, 17
8362, 97
12389, 820
43091, 762
21137, 269
41565, 723
29405, 341
32143, 524
36397, 316
20050, 966
44335, 234
16715, 679
22680, 132
5992, 163
49478, 325
40145, 457
5860, 482
12401, 398
6872, 630
12954, 504
39322, 16
26235, 443
42619, 910
40505, 221
4023, 958
5597, 747
40741, 102
39494, 498
12465, 27
24429, 175
45810, 269
44837, 113
44904, 970
19801, 39
3507, 292
23398, 170
22743, 920
22571, 582
9978, 679
4575, 296
4268, 284
7810, 984
31368, 772
16264, 216
48305, 269
43808, 575
19571, 600
2832, 592
20227, 526
15646, 919
43632, 959
34797, 996
40456, 411
32739, 563
451, 728
12125, 623
39105, 59
41097, 209
11098, 689
17649, 711
15377, 51
23207, 718
21915, 724
43715, 262
13675, 486
18939, 122
12682, 200
47276, 69
39026, 188
36365, 167
33906, 717
1568, 748
12276, 773
42147, 459
7877, 528
30486, 386
27498, 116
21101, 36
7565, 15
28049, 52
2150, 403
34608, 555
19225, 147
34907, 220
23358, 791
18680, 297
26342, 200
37565, 980
41665, 157
29070, 158
12625, 702
28727, 333
135, 751
27030, 930
1713, 78
17271, 123
22017, 509
31913, 25
17039, 476
2246, 371
36619, 468
30548, 74
3652, 230
35680, 477
25674, 589
10726, 362
6773, 508
2680, 414
12508, 182
12130, 792
31460, 878
41059, 108
9950, 232
42729, 812
31851, 928
11714, 370
10874, 702
19065, 190
46046, 142
6589, 616
22924, 397
29089, 756
41727, 372
45581, 34
6738, 158
44087, 900
49467, 785
3320, 60
39382, 393
34206, 546
30918, 444
4018, 78
4576, 193
43907, 60
4320, 751
36074, 806
35305, 8
2548, 309
2310, 580
48598, 823
5037, 286
6037, 772
36710, 514
34372, 955
47137, 664
24222, 778
10941, 688
9496, 466
15699, 530
10841, 798
2667, 335
20775, 586
10296, 190
10001, 542
48454, 997
13000, 457
46455, 879
34567, 198
9379, 312
38207, 840
40718, 760
28449, 595
39725, 291
11226, 229
40240, 436
14888, 688
19723, 835
13686, 456
11484, 782
9421, 501
49995, 265
23795, 228
39081, 351
33787, 922
23817, 276
45658, 192
28825, 493
49888, 922
49436, 735
13275, 92
12921, 500
10901, 159
44027, 107
21118, 549
13406, 623
34810, 908
19289, 58
37888, 131
20166, 153
12997, 143
43511, 424
3073, 688
40961, 905
12298, 668
41756, 653
6121, 426
43988, 839
40093, 471
24391, 855
42835, 346
15934, 601
23158, 518
24363, 272
8207, 752
48547, 610
5527, 934
27840, 540
34104, 881
36769, 519
27826, 561
36390, 238
20217, 604
33503, 146
21151, 532
49501, 346
35063, 888
45730, 256
25773, 152
45381, 960
3550, 93
22874, 1
20436, 534
39489, 107
44438, 499
31849, 333
48414, 702
27550, 24
6955, 833
40895, 357
46309, 204
7257, 411
32728, 64
3089, 628
49882, 585
49095, 905
47343, 873
30065, 400
2079, 243
1941, 232
10450, 10
4331, 483
41998, 926
26498, 551
38340, 711
21150, 372
16227, 449
31636, 633
24234, 184
37173, 856
17403, 632
48657, 229
47155, 941
806, 811
13187, 183
16962, 168
11690, 567
27907, 22
37179, 421
43381, 824
9435, 648
30927, 48
28729, 631
14399, 129
23882, 389
41322, 231
44049, 511
47415, 915
33786, 573
7206, 160
47451, 245
30801, 508
35670, 240
46792, 595
19480, 562
6231, 624
17202, 895
15889, 390
13759, 662
36324, 162
24169, 155
43758, 128
29935, 875
43891, 522
18492, 835
11642, 546
5781, 122
29325, 908
23986, 912
6473, 418
2090, 462
43186, 121
27994, 900
26350, 809
15005, 38
44250, 185
10689, 505
29888, 254
16070, 222
14085, 653
1334, 665
21179, 642
27374, 872
24247, 812
18892, 893
27288, 9
33691, 664
42164, 121
30154, 197
32954, 783
39975, 198
15009, 565
25194, 980
25963, 50
4394, 732
14952, 676
25622, 972
5147, 8
29419, 126
43458, 913
42061, 220
29216, 912
10003, 840
34200, 587
31746, 913
39094, 111
32180, 402
3880, 514
39572, 55
8603, 479
38514, 288
35661, 653
13723, 256
21178, 435
48320, 537
18989, 138
44413, 752
35108, 618
31467, 273
20292, 303
8668, 699
11020, 174
23300, 38
37669, 80
11539, 235
22320, 743
34785, 698
23645, 656
17924, 906
20936, 575
17514, 985
19132, 57
1338, 580
43332, 362
22189, 625
34313, 602
21452, 782
20141, 796
27730, 974
27979, 340
12089, 348
4239, 425
34229, 128
26962, 105
37084, 287
6989, 231
9709, 611
30726, 449
14947, 269
20007, 516
47114, 815
9076, 616
43302, 570
22334, 297
37843, 912
7827, 651
6691, 698
23768, 63
18985, 117
2913, 83
10415, 429
29600, 726
25691, 971
12612, 712
6943, 539
20520, 104
8404, 326
6327, 676
42900, 960
28413, 482
29480, 486
31447, 113
46583, 626
4346, 554
7824, 542
25609, 796
1897, 730
27780, 34
27565, 268
43624, 50
36942, 826
5982, 742
1535, 88
22931, 365
44153, 749
28546, 248
1799, 823
36345, 766
12051, 339
5333, 607
34555, 244
12381, 499
418, 164
29, 781
45681, 572
18929, 531
35534, 578
8274, 147
4543, 40
45757, 443
34604, 669
47348, 159
11323, 423
12887, 102
2921, 59
10338, 534
41218, 914
3590, 225
6147, 588
42710, 953
43646, 107
44480, 477
4371, 204
43352, 808
29479, 484
26989, 43
5952, 5
11829, 644
20978, 730
43732, 472
32178, 795
8139, 645
27630, 387
25050, 303
435, 560
42015, 369
25245, 822
43229, 195
30877, 842
24518, 237
8873, 711
481, 457
40554, 959
48461, 921
37773, 747
42557, 600
8494, 753
12520, 770
42008, 271
1825, 756
10691, 227
18536, 666
33885, 268
3216, 23
17873, 179
12856, 430
25457, 31
1979, 267
631, 672
48666, 259
15017, 602
24989, 779
433, 371
18117, 921
8343, 501
46922, 819
43623, 99
19096, 224
17687, 437
27598, 671
1643, 142
49459, 326
41830, 663
41478, 664
40483, 914
21797, 169
11012, 169
39856, 391
27815, 473
38300, 343
23537, 760
24859, 138
36544, 251
22095, 694
33687, 107
24394, 800
46850, 394
20205, 798
11841, 349
40542, 310
30892, 847
38911, 654
28000, 158
44304, 777
6873, 300
34705, 384
38228, 184
27936, 757
26686, 565
16121, 183
48625, 414
41931, 419
1871, 753
7280, 841
26020, 129
42537, 663
37583, 180
26039, 145
8316, 414
32744, 813
14089, 923
13080, 72
30701, 638
44298, 310
8783, 884
2303, 928
29953, 996
35171, 411
31386, 222
18298, 571
35858, 227
28947, 100
20251, 461
32022, 488
20656, 332
24536, 784
24944, 279
16452, 722
48090, 621
15562, 751
24478, 303
8481, 865
8673, 498
39150, 188
26480, 613
41527, 146
20496, 137
36653, 446
1712, 970
35426, 666
24201, 892
36285, 697
21512, 527
45114, 983
16609, 14
29574, 71
19863, 592
18082, 35
49117, 520
18073, 484
38894, 904
4747, 823
44116, 250
12380, 691
37539, 6
25892, 262
39388, 807
31077, 675
4678, 404
20843, 33
24654, 109
38668, 29
19263, 222
35505, 782
44164, 384
32667, 13
46217, 327
14620, 81
15468, 148
34577, 924
36890, 526
37915, 180
25090, 822
20068, 691
31251, 318
44689, 41
46180, 171
6186, 873
36042, 463
31193, 791
67, 280
15432, 464
18710, 673
32360, 892
4285, 437
12763, 56
39930, 746
16467, 581
9753, 541
3386, 78
23242, 438
46259, 152
5295, 327
9095, 535
25136, 0
48169, 496
28510, 309
33114, 690
44818, 698
40639, 691
26118, 684
26037, 604
18609, 924
43260, 655
13877, 108
13037, 938
40558, 54
6514, 951
9297, 920
33652, 90
27365, 561
10980, 335
48391, 623
26713, 494
4836, 163
28528, 58
40983, 130
19079, 826
15922, 32
38368, 829
46072, 711
25070, 649
33972, 135
6632, 651
15908, 69
35633, 807
13309, 940
19777, 938
24095, 465
35597, 33
41818, 456
48792, 227
13775, 170
20428, 709
44369, 268
22892, 951
1838, 200
26436, 336
45819, 425
25640, 621
36054, 770
18862, 487
46562, 99
17604, 120
13191, 848
41407, 801
3583, 941
2460, 546
35719, 316
14796, 755
19340, 991
44238, 288
20659, 713
5941, 326
27168, 591
44031, 43
26262, 242
17566, 305
13609, 314
48961, 78
41877, 54
40693, 886
5008, 265
30586, 412
11712, 887
20658, 320
10951, 495
22949, 978
30971, 233
25941, 605
27691, 522
45822, 906
6189, 556
46207, 217
10109, 739
14005, 908
49932, 795
49632, 368
45326, 237
41142, 48
31676, 566
40546, 989
30777, 101
33960, 287
36489, 216
10110, 810
5755, 420
44934, 519
45794, 134
6593, 410
5836, 758
43013, 263
32333, 763
1007, 108
24728, 190
20864, 176
25676, 493
32286, 176
37641, 309
46580, 11
20542, 148
44448, 954
30636, 896
21175, 391
36415, 226
38960, 828
33451, 291
46131, 356
10891, 259
30478, 938
38938, 745
2760, 998
46372, 359
20464, 123
44494, 352
33602, 257
20296, 641
17174, 88
3166, 847
43236, 536
6974, 883
9029, 96
34548, 203
49902, 673
23446, 286
48376, 854
7679, 758
38237, 657
23889, 761
11883, 143
1809, 772
29967, 638
3705, 313
8181, 352
5480, 764
23059, 610
49567, 372
19095, 519
989, 74
22478, 170
27296, 577
31307, 540
33414, 823
6392, 234
12675, 764
34023, 85
7224, 291
15899, 469
33016, 358
35298, 641
13587, 818
37594, 963
42069, 742
26719, 526
31076, 351
20979, 533
1939, 276
43461, 295
19931, 423
21406, 463
27467, 315
19585, 532
44990, 184
5985, 284
29799, 633
27144, 587
36341, 747
35041, 298
38849, 438
31369, 411
19294, 438
1114, 629
45439, 242
1353, 492
16762, 494
35687, 870
32883, 223
48300, 252
14570, 297
28918, 768
30767, 281
47161, 765
34566, 683
10654, 668
20390, 342
18399, 515
41808, 260
18184, 706
24240, 661
49019, 99
29369, 44
7411, 143
34234, 893
6990, 255
5529, 206
36186, 744
12290, 498
9935, 937
46404, 452
29412, 929
23982, 980
49550, 486
22814, 355
8428, 380
10093, 349
17919, 341
45102, 982
37205, 688
44384, 299
9808, 391
31420, 516
37511, 103
6014, 10
1985, 252
20831, 989
41050, 466
34244, 697
24058, 740
120, 760
40164, 360
18377, 111
30763, 221
1550, 942
48832, 722
36996, 141
8562, 405
5690, 267
19141, 591
126, 781
15370, 970
605, 629
15831, 919
39307, 670
48806, 648
12458, 304
11053, 644
35166, 624
38929, 450
33434, 172
35519, 684
48255, 666
6131, 129
31874, 452
31541, 468
49165, 690
47408, 182
26597, 210
33139, 375
38816, 403
40227, 62
3349, 240
49299, 505
20976, 258
14775, 434
3620, 834
28146, 956
13095, 764
36527, 205
26575, 888
25347, 769
908, 836
968, 10
3397, 952
13518, 890
36066, 826
36777, 717
23708, 325
24815, 218
15556, 389
45951, 942
31847, 883
40112, 320
8842, 115
39040, 281
6644, 850
36912, 490
13616, 416
18368, 126
5544, 756
5744, 886
24836, 438
44077, 737
43555, 392
34040, 253
1778, 4
46823, 945
41589, 902
11863, 750
17766, 904
4482, 530
32821, 359
42396, 324
45340, 29
42649, 409
4148, 295
9902, 936
16314, 349
25512, 111
20991, 758
22751, 1
46919, 865
18507, 961
30579, 393
42199, 535
37319, 551
11236, 314
17085, 547
49068, 107
19386, 560
43544, 474
2044, 434
29432, 695
41859, 158
39266, 141
27939, 734
47166, 763
30786, 736
31190, 835
5909, 729
37614, 543
21096, 757
29682, 911
19643, 535
41240, 349
4715, 475
45712, 66
2017, 198
28162, 622
30407, 521
38752, 436
14206, 771
44251, 205
21139, 340
12332, 674
7216, 118
40096, 205
23370, 789
21285, 559
27347, 208
11800, 360
18109, 712
31825, 375
32758, 516
31346, 707
45005, 770
45593, 839
24612, 554
26594, 825
46395, 587
4192, 623
27295, 828
26600, 448
34258, 902
10527, 536
23538, 833
41798, 304
29218, 505
41763, 376
22974, 397
31392, 456
32678, 740
18695, 684
16663, 565
8117, 671
38012, 793
47944, 8
24471, 936
17802, 681
41265, 432
26193, 264
46899, 474
28378, 598
5395, 476
24996, 468
47135, 937
17942, 297
43482, 860
4146, 254
22140, 968
37184, 540
27544, 910
4406, 644
3260, 437
22998, 521
22610, 560
25110, 451
48061, 233
29351, 960
44681, 463
47077, 20
1656, 27
21306, 888
5768, 780
23606, 240
11362, 906
16849, 23
22662, 214
13756, 707
3767, 121
41030, 518
39204, 261
16137, 601
10505, 136
35958, 542
4378, 406
35483, 214
7205, 564
22594, 784
22401, 130
44067, 732
33438, 390
39731, 849
42213, 332
48288, 254
1779, 403
6624, 82
16010, 804
1111, 156
6722, 753
29913, 454
7263, 175
32585, 441
32658, 952
9235, 632
412, 3
18489, 410
34068, 858
33253, 254
26493, 605
10397, 477
47084, 414
37487, 744
25402, 169
10571, 335
43412, 228
40272, 956
25170, 600
49892, 829
36323, 459
21799, 220
48528, 395
18504, 272
15361, 798
47534, 531
22775, 701
4595, 835
8500, 563
23356, 604
19278, 819
25542, 7
21866, 704
21781, 972
11894, 950
39260, 631
1856, 904
37540, 82
44766, 417
25619, 623
39578, 47
25760, 929
29212, 185
47922, 843
42584, 690
31969, 65
29085, 638
21275, 682
45713, 345
23634, 235
24726, 637
49645, 21
40010, 354
41518, 339
3902, 588
36431, 266
13480, 204
12329, 203
23713, 873
4125, 525
49108, 889
36399, 556
33163, 909
38464, 757
27262, 229
32975, 65
44056, 373
12672, 811
22051, 344
32005, 837
43680, 405
16573, 966
9422, 401
1311, 454
24136, 923
34356, 352
41034, 812
24642, 454
23441, 524
44936, 719
43393, 909
15469, 826
44014, 785
41800, 586
19519, 642
39903, 871
16209, 754
16558, 965
37845, 450
28524, 59
32113, 926
45208, 752
40450, 79
1417, 614
32479, 753
33404, 601
26470, 768
15167, 861
4369, 983
41100, 20
25598, 133
18454, 702
6690, 940
27791, 178
42809, 409
18983, 339
40947, 0
23186, 45
39909, 784
24108, 291
10928, 332
35732, 707
3409, 113
11104, 272
10351, 382
15695, 278
28689, 651
31206, 490
40187, 317
3598, 599
22322, 407
33384, 132
3939, 681
10284, 699
23522, 705
12866, 398
44203, 884
31488, 335
37177, 60
30111, 325
46275, 594
37906, 793
9231, 593
10882, 486
31597, 372
21266, 129
49621, 328
39924, 403
9582, 412
4503, 517
7575, 539
32895, 698
42491, 151
5233, 770
25653, 509
5921, 961
27022, 455
8306, 936
12983, 432
18139, 815
14698, 555
40055, 466
43643, 780
8101, 291
31804, 975
35423, 104
23209, 60
40321, 264
21422, 212
8841, 941
45831, 145
32024, 998
6557, 976
38866, 476
24969, 182
28225, 142
10006, 166
48184, 606
8926, 778
46439, 304
10942, 570
32225, 118
9130, 205
37907, 736
22072, 450
8257, 950
18592, 151
32359, 851
6436, 309
29250, 96
44943, 910
15792, 195
20457, 122
13685, 313
10624, 304
40410, 513
34956, 123
3080, 198
20993, 373
46354, 510
5943, 764
29404, 258
21233, 622
48218, 524
11063, 172
28784, 119
28280, 84
29783, 158
49306, 904
17212, 314
8795, 140
49824, 805
14265, 431
27423, 223
33836, 578
35975, 203
20526, 811
35383, 681
15946, 657
15924, 272
29002, 935
27494, 644
18258, 469
20096, 193
16501, 54
47450, 280
20536, 13
9529, 817
11371, 930
33443, 235
23337, 7
4808, 906
42508, 681
26312, 313
37102, 922
47219, 122
36309, 446
13004, 119
48681, 885
47160, 165
32512, 808
37290, 293
42311, 632
10716, 978
37723, 905
36056, 230
36057, 383
21148, 106
27416, 934
47474, 51
20087, 739
17327, 332
6038, 395
43339, 957
18218, 160
17689, 574
12251, 706
43364, 364
38208, 37
42060, 855
30149, 203
32312, 286
4814, 51
38587, 425
49505, 217
17658, 258
18657, 978
23179, 850
30531, 337
11810, 100
46887, 100
45721, 800
10892, 426
42304, 562
14147, 234
20494, 997
15625, 176
24165, 824
13056, 809
6195, 125
24732, 630
1647, 542
41580, 613
45350, 774
21969, 912
4622, 169
13438, 966
8715, 574
16465, 608
40161, 278
33322, 8
9824, 327
34761, 976
9278, 385
10220, 996
43030, 253
43696, 274
28089, 164
32357, 818
17794, 340
35060, 338
29354, 974
23518, 443
8235, 902
34531, 211
5121, 205
19442, 23
16417, 878
17052, 650
44612, 713
49768, 913
35448, 681
42246, 93
43778, 287
24747, 322
35210, 384
46760, 779
264, 707
46977, 62
34809, 110
5255, 874
31155, 68
45025, 650
38250, 35
13457, 23
17166, 120
9647, 792
12558, 42
32662, 808
15014, 966
4862, 502
9405, 329
44446, 689
18006, 940
24235, 26
9011, 254
39392, 469
46645, 21
4893, 846
44240, 211
20962, 740
40825, 363
46367, 479
686, 926
5604, 631
39391, 812
8456, 209
5614, 850
41451, 711
6950, 280
24552, 296
27608, 98
952, 734
15163, 965
14406, 988
9036, 621
2876, 136
16432, 366
15668, 262
48013, 391
20129, 212
25000, 779
23876, 655
9122, 392
49468, 906
16184, 691
18029, 690
39229, 112
45618, 354
29353, 937
6965, 903
34749, 689
541, 80
36227, 0
30081, 695
49417, 164
23121, 402
1228, 562
30666, 445
37458, 369
46813, 702
14557, 93
956, 441
36857, 661
26539, 797
49578, 115
17324, 814
2193, 299
6995, 321
32408, 491
21856, 220
8884, 630
35447, 938
17318, 113
48838, 465
7101, 414
33678, 458
2106, 209
29069, 881
10899, 201
46780, 666
12849, 266
41666, 637
23685, 50
41991, 582
19753, 667
20771, 470
25010, 229
19773, 207
22523, 844
21044, 971
47083, 779
18869, 757
32462, 904
11412, 204
27895, 333
21877, 789
9099, 2
48273, 545
15066, 390
31566, 861
37228, 418
229, 882
8700, 35
8369, 610
28117, 604
21900, 152
37304, 384
23127, 827
9598, 763
37908, 564
1527, 191
27861, 317
44074, 716
46979, 850
34520, 666
24700, 843
1626, 897
10461, 323
10826, 365
38175, 436
6724, 885
19003, 288
36279, 485
10423, 834
49337, 228
1404, 958
5548, 181
46429, 548
33415, 559
21840, 835
46388, 788
48431, 728
48780, 560
48641, 390
36009, 353
30471, 908
8944, 68
7270, 769
15754, 395
47579, 241
15326, 379
45687, 314
46257, 222
4661, 73
29741, 176
16774, 109
49719, 483
10131, 267
20833, 513
47081, 27
4251, 556
20090, 854
8396, 831
40152, 995
21943, 473
17107, 638
5014, 603
41736, 534
20069, 684
1366, 292
27684, 368
3059, 169
32842, 225
22525, 436
14875, 619
30389, 90
45615, 271
3436, 951
32102, 188
28287, 663
30955, 320
46969, 884
8509, 844
49334, 164
1199, 639
46586, 815
17422, 401
21311, 549
32214, 756
16375, 212
42017, 99
12789, 229
45709, 460
18107, 873
25092, 426
44935, 926
9412, 564
21765, 150
7126, 592
33666, 168
17029, 55
33810, 562
17881, 881
13815, 858
26308, 746
8846, 717
17216, 586
16468, 458
44814, 214
15948, 648
12845, 563
26425, 216
1845, 195
13729, 742
6129, 758
31396, 815
43303, 260
12601, 62
48302, 798
7870, 130
13931, 846
31776, 784
2458, 522
20282, 33
41535, 738
33800, 224
12846, 599
26958, 276
32734, 418
18556, 42
40549, 778
5497, 27
21436, 453
45196, 335
20673, 462
49146, 983
20391, 291
24544, 48
14245, 945
10260, 964
27850, 814
22068, 85
30110, 449
44847, 375
996, 308
4802, 492
1557, 954
4674, 426
37475, 111
7957, 190
37080, 693
11365, 848
4383, 951
15041, 569
23918, 676
30250, 213
47638, 256
23908, 552
6107, 932
27195, 274
14942, 538
10226, 526
21771, 32
5218, 737
47436, 505
238, 645
32, 871
41530, 923
4238, 316
15713, 656
20289, 995
9270, 211
17884, 643
15189, 931
27049, 227
15762, 914
19370, 106
43705, 86
39345, 814
45063, 562
47729, 159
19001, 689
36714, 806
12895, 730
8120, 373
35941, 432
47934, 945
15444, 736
28271, 560
46247, 80
43485, 134
7660, 709
38271, 527
26825, 30
34557, 723
29223, 796
38139, 47
11059, 436
34634, 521
22461, 415
23810, 912
21405, 249
45632, 0
42085, 739
26380, 11
39601, 499
42334, 200
11631, 641
13279, 86
19654, 697
22213, 481
41900, 450
16354, 844
38451, 424
8177, 980
24418, 163
14051, 196
15024, 455
25324, 531
15555, 971
42965, 194
16207, 417
46652, 571
26171, 407
38280, 34
12491, 733
38388, 31
18788, 956
39582, 120
43002, 235
33175, 482
47633, 968
16377, 478
31246, 547
35317, 46
26656, 541
10433, 907
38610, 688
24449, 60
28489, 928
11560, 315
46113, 241
46393, 119
30841, 44
18764, 337
46828, 851
25176, 980
22727, 40
40999, 401
34853, 201
6839, 397
4703, 12
44312, 118
28362, 548
3220, 998
16479, 757
29536, 814
38529, 556
459, 634
37542, 579
36293, 504
40127, 216
30028, 212
17596, 119
46069, 782
8893, 223
44338, 234
47616, 19
6847, 316
8744, 40
18701, 890
10498, 915
14407, 497
26819, 385
34911, 182
48308, 437
11822, 494
28057, 331
12192, 960
44285, 79
48690, 13
36404, 249
16684, 262
35819, 830
31690, 819
36072, 309
27339, 353
2989, 976
23138, 722
2901, 643
7136, 230
45654, 16
35869, 652
38246, 137
43136, 298
46834, 504
49889, 638
49711, 227
1844, 165
10923, 236
10263, 906
8607, 953
37752, 161
13860, 366
10540, 377
40916, 541
4764, 616
18823, 914
1668, 636
31871, 814
47204, 731
43031, 299
16211, 163
43974, 921
45505, 132
34811, 113
13600, 668
6743, 651
39576, 175
332, 47
7328, 926
33176, 677
41129, 542
16116, 489
29032, 758
25127, 666
17156, 509
44160, 790
40315, 963
47983, 258
25220, 253
42593, 248
28664, 77
7133, 460
49634, 535
38746, 549
3931, 809
38915, 603
24520, 447
35021, 692
5438, 295
24885, 891
38489, 759
9918, 545
34044, 820
26928, 493
29126, 38
14126, 223
31479, 569
5621, 170
46419, 184
24874, 54
29787, 697
48432, 765
22134, 580
14491, 947
41111, 689
27963, 789
22830, 742
3141, 471
40964, 511
36841, 965
2597, 142
47427, 717
38853, 173
33825, 924
2727, 530
10255, 294
27824, 952
15321, 479
38160, 403
7259, 186
2007, 738
40734, 3
12827, 369
44557, 167
3106, 261
41269, 519
22554, 32
38906, 918
2243, 835
46802, 782
32155, 228
43082, 842
44687, 879
23678, 84
36022, 111
39701, 3
34690, 582
42903, 405
30400, 812
47873, 548
42497, 145
46379, 539
11615, 766
35540, 294
28238, 10
31477, 344
10163, 586
28829, 998
22960, 864
11256, 30
25528, 295
49037, 211
48440, 171
9693, 712
39364, 74
39914, 875
45222, 136
13714, 301
16816, 927
47767, 949
23715, 252
11898, 311
1135, 74
44955, 823
14723, 156
11547, 236
45530, 193
2264, 939
25682, 984
45769, 260
30243, 397
14577, 643
40016, 770
40779, 862
29422, 343
11328, 506
6789, 609
45048, 105
48503, 531
39184, 85
11996, 857
1000, 391
32875, 423
42688, 513
17243, 749
10173, 686
42289, 776
16387, 145
38084, 400
36467, 356
6025, 83
6252, 939
31653, 345
25516, 698
3159, 880
42421, 236
30425, 319
20349, 100
36537, 640
15352, 230
21380, 913
619, 953
42245, 360
16710, 619
3906, 658
27690, 619
35460, 116
45636, 866
19472, 199
33499, 439
29444, 854
1340, 82
38526, 402
47303, 183
13571, 115
13955, 34
12703, 356
49180, 979
467, 767
13299, 284
38122, 380
3120, 215
8714, 361
36013, 704
707, 312
47078, 469
5711, 193
24932, 91
47822, 198
8989, 300
30700, 817
21158, 285
11948, 860
34595, 459
49884, 953
16449, 695
531, 393
24729, 921
21538, 87
42597, 760
28135, 216
41615, 695
19741, 163
24453, 276
25668, 753
38954, 508
14301, 983
14944, 648
2858, 87
49377, 756
3809, 259
39875, 366
7244, 445
3524, 892
14258, 169
11033, 525
48055, 824
16967, 528
31065, 218
407, 226
47131, 262
32407, 680
22303, 320
18992, 914
13287, 522
30857, 400
44249, 819
48020, 596
49800, 663
10249, 417
17749, 279
11969, 301
30378, 95
45456, 598
39416, 992
29209, 788
36701, 795
2259, 478
23651, 929
45187, 893
34197, 243
47739, 301
5728, 328
3942, 560
44212, 71
4162, 145
14328, 410
17641, 817
21448, 289
29435, 426
13646, 550
35859, 40
28589, 20
12373, 94
41235, 297
48476, 649
28202, 68
12539, 985
3115, 992
43113, 403
47512, 258
40934, 979
44274, 269
329, 266
38030, 688
25814, 992
24789, 527
41567, 769
47583, 194
8831, 691
37417, 817
5383, 239
31598, 596
9166, 9
7134, 968
45575, 331
18013, 100
40137, 955
24328, 539
22429, 191
46911, 793
49820, 296
49338, 437
41143, 704
659, 355
45929, 616
42217, 184
48080, 162
16836, 610
6118, 267
1558, 161
14308, 968
23504, 15
20291, 751
39232, 597
9922, 838
3631, 313
26459, 303
10831, 79
29058, 936
30398, 516
40644, 961
29157, 859
20216, 90
48907, 595
32460, 393
21750, 90
17347, 180
49229, 893
1721, 573
37077, 506
22154, 455
13522, 626
21257, 919
29381, 786
31245, 215
34297, 454
38557, 861
16067, 645
3896, 586
47640, 464
14697, 480
40910, 937
26462, 704
45504, 875
21636, 303
39255, 150
6733, 918
31387, 764
42132, 134
2263, 884
40050, 569
15080, 370
12804, 643
17309, 497
47874, 42
8629, 956
2301, 78
41525, 473
36921, 437
17230, 969
9089, 740
10412, 813
44482, 81
21206, 81
34047, 657
48951, 892
38051, 134
44565, 613
19074, 129
41740, 897
48423, 719
45130, 685
29826, 174
10483, 789
5475, 326
28954, 616
12014, 276
42488, 45
21657, 815
31733, 303
34065, 406
39249, 298
25116, 246
2334, 203
29985, 782
33226, 192
9791, 359
48562, 806
27359, 336
36904, 545
38893, 462
33426, 630
35546, 938
9621, 454
13163, 210
5833, 394
2255, 257
16183, 440
37427, 59
38209, 964
3131, 2
32774, 178
39586, 289
40196, 268
34384, 546
24961, 372
33926, 375
33765, 120
11207, 998
14345, 420
44862, 30
40834, 873
5142, 952
490, 337
2105, 846
39763, 304
12304, 962
36709, 964
14761, 972
38493, 746
13366, 22
46030, 393
17316, 184
9133, 281
33275, 604
19913, 240
41068, 914
5688, 476
8591, 842
21917, 38
40122, 146
12918, 684
23347, 12
48398, 754
34344, 693
27106, 418
32212, 375
23022, 204
26764, 161
5880, 318
972, 809
23798, 437
13154, 205
8192, 149
2936, 656
18832, 669
12656, 806
32573, 65
2011, 987
47458, 317
31829, 269
45271, 374
38547, 372
46381, 22
39878, 90
26530, 169
29248, 720
33905, 951
14413, 987
19922, 505
36197, 385
13910, 153
11126, 119
38233, 114
22895, 497
13462, 909
22332, 522
34790, 336
33784, 88
46503, 987
32531, 89
46548, 239
903, 799
42653, 74
39971, 967
13190, 17
34456, 581
23338, 883
2414, 868
31682, 186
34302, 142
32504, 53
4166, 781
37780, 176
32279, 472
4342, 301
31665, 971
25075, 377
23524, 746
42707, 441
43853, 98
25989, 71
47313, 241
18356, 703
32888, 734
8457, 847
33540, 485
39679, 686
44822, 298
43132, 376
11858, 962
14770, 280
26827, 331
25654, 286
14364, 535
43161, 276
36180, 347
26049, 833
12099, 638
5730, 165
41244, 334
30605, 739
1485, 727
45009, 726
14498, 21
17590, 429
32839, 52
39321, 15
30872, 646
14733, 563
29645, 95
33270, 64
46643, 377
46869, 767
47129, 143
12648, 199
6983, 575
32029, 370
19713, 749
46000, 683
23953, 475
193, 153
45452, 915
17040, 98
33311, 623
46573, 373
10965, 73
34220, 802
366, 44
31495, 629
45107, 587
32714, 888
5245, 540
42465, 571
17724, 520
47892, 707
16528, 118
39251, 826
42051, 959
7896, 344
2855, 32
10209, 225
7534, 726
23182, 194
26132, 618
15727, 125
37772, 144
47643, 342
35997, 524
13580, 484
3596, 340
34950, 989
3935, 173
17556, 965
13832, 718
35516, 48
37554, 795
5623, 581
1805, 743
1595, 641
40863, 215
46568, 173
28383, 836
24250, 810
18393, 652
21412, 698
21893, 784
48605, 334
40702, 186
16848, 262
9359, 886
24904, 120
49251, 77
11330, 964
42579, 75
6889, 964
22480, 547
11344, 886
42148, 474
26983, 219
23545, 501
5806, 562
7595, 263
42732, 246
31382, 443
15611, 574
7758, 992
44183, 660
41455, 915
42998, 32
15006, 825
29772, 600
685, 419
35642, 708
754, 638
27739, 84
38356, 133
23997, 382
25280, 59
19964, 762
7455, 4
37023, 110
20407, 643
47443, 832
24746, 30
15545, 425
5503, 801
13720, 589
22084, 87
32768, 997
29471, 679
31863, 311
18885, 248
47325, 347
40689, 534
32788, 591
27899, 531
1408, 957
34458, 735
18705, 115
38554, 409
18343, 425
46818, 615
34753, 242
20498, 146
40923, 151
23659, 630
7025, 783
27112, 745
1519, 50
15492, 838
88, 636
47545, 493
32423, 475
22452, 686
44863, 829
540, 438
22492, 154
2407, 304
31180, 982
13421, 827
45157, 139
45482, 953
37147, 753
25572, 812
26454, 154
41402, 650
23764, 447
29478, 616
31781, 821
7683, 593
4080, 991
6437, 740
27357, 828
30888, 891
16335, 155
20900, 349
24683, 421
41686, 32
11230, 103
4313, 549
6719, 910
18296, 889
45273, 422
47614, 559
46902, 138
32626, 54
3344, 645
15838, 203
46504, 212
49212, 3
47254, 876
9072, 284
344, 942
9248, 337
14678, 68
24193, 533
1308, 611
41515, 122
21631, 526
31911, 11
39233, 553
31131, 796
29758, 250
24763, 665
18091, 616
41229, 441
37267, 686
48214, 379
17525, 851
19133, 976
17913, 899
10274, 169
22254, 799
37158, 669
22784, 548
32746, 248
4102, 357
23736, 433
46693, 206
8299, 205
17151, 290
1759, 795
33755, 288
43043, 912
36271, 233
26154, 522
48019, 175
21624, 53
30380, 978
20988, 681
4266, 31
16943, 758
4368, 11
45516, 423
18894, 779
26634, 507
3519, 5
13134, 538
48114, 732
25346, 520
46251, 36
47418, 173
34334, 678
21048, 795
17994, 340
32467, 444
44090, 260
13044, 65
10695, 592
33900, 91
36966, 92
6548, 681
49903, 923
13667, 324
39090, 202
6190, 825
33251, 320
15578, 42
31612, 173
17692, 108
44280, 292
6840, 62
43914, 457
36374, 826
37840, 526
36396, 994
5426, 588
1245, 152
22343, 581
46446, 670
44952, 684
49737, 987
46706, 988
36366, 988
20615, 340
27210, 910
19975, 51
24990, 694
11833, 563
20277, 918
47799, 776
44112, 208
18543, 10
25416, 431
10485, 685
17777, 720
645, 949
11477, 601
40723, 712
16091, 23
44359, 25
46308, 936
44218, 966
13617, 228
9875, 847
41471, 324
9043, 368
18203, 551
49947, 608
35603, 522
11970, 972
4932, 604
47686, 487
27572, 190
49392, 452
21234, 626
22625, 439
12144, 302
37237, 232
37214, 118
37706, 482
42021, 172
47045, 48
31012, 547
43612, 587
26188, 495
32836, 525
10650, 591
359, 821
7938, 955
15093, 390
20892, 24
33856, 613
49956, 867
46368, 509
46698, 412
22946, 210
34719, 85
23071, 281
26087, 580
33763, 632
32026, 98
31140, 911
29990, 589
43119, 844
35913, 208
38615, 647
40518, 149
6882, 656
33829, 53
3746, 283
36775, 429
18982, 67
14061, 335
31450, 492
42416, 988
29869, 838
9220, 800
5975, 963
37135, 827
36889, 399
12252, 326
42687, 279
7584, 664
27570, 945
7801, 3
33009, 479
457, 801
13940, 373
47438, 610
2547, 745
36608, 885
10104, 901
36370, 194
18608, 707
2883, 356
33796, 213
19626, 46
17656, 467
9217, 526
36518, 855
30585, 77
24344, 977
23191, 349
32134, 658
14816, 635
7276, 455
3814, 53
23238, 906
22955, 777
39344, 621
32193, 265
43841, 819
32719, 556
47205, 774
10653, 938
39293, 213
3522, 274
28001, 804
11436, 124
5912, 921
1058, 798
2753, 651
38755, 178
14732, 518
9650, 624
48755, 34
46534, 384
44202, 609
22753, 381
19646, 544
28391, 577
532, 27
46577, 54
44007, 128
45804, 555
45146, 349
2599, 439
4207, 166
34830, 854
11316, 649
19631, 157
18154, 171
15890, 760
19024, 706
26797, 417
33840, 213
3847, 489
10752, 472
40684, 171
16249, 718
5036, 536
23959, 724
38973, 10
47297, 628
16482, 760
32041, 242
38054, 298
23327, 351
31448, 898
7066, 803
45044, 346
9848, 716
6674, 705
41705, 820
41578, 23
43719, 660
30, 999
35050, 995
28584, 838
31778, 123
45383, 140
25897, 992
11259, 765
35168, 180
22031, 910
17152, 977
42868, 877
43804, 201
16221, 808
32871, 431
43917, 221
3842, 561
4670, 259
6377, 414
35506, 541
17461, 512
11984, 306
45812, 486
35354, 690
21504, 12
30889, 606
36021, 324
15853, 214
11967, 27
32232, 490
17392, 4
44594, 264
42309, 63
41804, 852
45081, 531
32584, 326
14556, 30
38486, 519
24681, 42
34983, 454
12362, 731
20550, 797
43403, 569
41694, 569
40008, 222
23884, 236
12107, 984
27283, 515
29757, 512
3413, 942
39325, 645
16968, 349
7837, 608
18323, 348
28993, 318
29910, 38
3898, 416
47970, 965
47052, 784
4466, 245
24327, 731
13929, 830
13003, 539
28850, 412
42741, 940
38843, 297
18995, 328
34019, 329
11367, 531
28551, 971
17436, 93
24031, 118
22861, 804
48826, 249
14624, 914
12460, 795
3514, 294
38190, 496
43423, 356
7264, 440
197, 59
45957, 506
41734, 356
28754, 589
23072, 430
21901, 56
8014, 199
24903, 151
36096, 803
39881, 176
18979, 493
7639, 575
14124, 549
34993, 2
46790, 770
23479, 873
23156, 194
7879, 736
44289, 369
22099, 200
3945, 479
24900, 594
4415, 773
18165, 741
28232, 160
35433, 845
48262, 524
48492, 581
34418, 111
7919, 688
15496, 753
15358, 214
26791, 60
16963, 626
2903, 984
47149, 552
1691, 435
49928, 720
13237, 715
41616, 662
6834, 248
13952, 927
44711, 314
31831, 798
37274, 148
29127, 669
2500, 170
24128, 145
26971, 371
5731, 580
45368, 865
23797, 964
34545, 726
40735, 337
38727, 153
42486, 74
14208, 460
41921, 377
19607, 880
9131, 825
11806, 310
4548, 26
1988, 711
33463, 558
7056, 682
28193, 188
579, 778
28312, 521
1728, 814
21287, 210
41413, 634
34960, 500
3214, 201
7668, 648
28688, 664
18342, 173
6016, 193
46260, 335
46716, 871
39615, 232
38649, 525
47189, 989
1320, 783
35049, 366
39537, 539
20161, 527
1586, 172
7333, 967
20705, 142
20665, 918
9135, 272
40633, 885
39239, 794
8887, 845
25732, 686
46699, 815
14394, 194
24877, 360
34052, 220
23897, 649
35372, 699
46305, 47
39629, 118
2383, 369
18345, 888
35578, 254
15072, 186
13202, 894
19591, 765
15892, 156
14693, 920
19032, 494
15337, 878
24500, 341
518, 911
8533, 290
9569, 919
24140, 873
26540, 950
5763, 31
22475, 752
42128, 490
4461, 492
34325, 316
10069, 875
39398, 56
42813, 55
24547, 568
21358, 443
21284, 995
49934, 608
21270, 79
16600, 698
18561, 862
46194, 455
35614, 62
25765, 902
45376, 939
36237, 77
23694, 346
38998, 941
22186, 604
918, 491
36957, 61
49637, 163
47139, 25
18016, 527
28734, 553
42022, 75
17103, 665
8131, 467
22943, 714
3552, 934
42224, 395
38313, 880
7093, 74
14077, 341
25536, 488
3365, 57
9843, 495
31873, 378
17413, 18
5268, 733
43759, 829
21000, 887
24353, 136
40487, 585
25576, 939
10959, 945
355, 846
49749, 558
32048, 321
35064, 480
24582, 326
4134, 681
48242, 362
10583, 751
41400, 650
17829, 935
10359, 430
42125, 689
1446, 106
23540, 894
26697, 754
25424, 646
1532, 415
44607, 4
25291, 46
1233, 714
37756, 814
40956, 113
11914, 835
5136, 256
29575, 514
12933, 409
35273, 639
45030, 19
3799, 263
39870, 635
42972, 594
45237, 495
32125, 132
15038, 75
16398, 67
9859, 875
12413, 290
45541, 445
36934, 918
45767, 583
12069, 362
4167, 726
30394, 597
35106, 116
17735, 985
29254, 254
40845, 930
30519, 951
48358, 817
10715, 517
22053, 51
32480, 194
22244, 90
40307, 773
26583, 331
20267, 442
34179, 107
32698, 738
29488, 388
27893, 851
13013, 690
11957, 329
29160, 513
27006, 666
17739, 172
43431, 426
49278, 501
36416, 562
44414, 375
45662, 924
11336, 283
13582, 177
48490, 266
36917, 512
35972, 664
20273, 717
182, 201
19177, 29
40485, 846
30386, 481
11164, 613
7051, 297
5430, 367
11118, 718
49874, 221
35468, 974
44207, 87
13670, 871
36408, 907
24761, 580
45163, 678
49386, 815
31132, 37
19467, 576
12279, 686
9581, 144
8650, 619
42817, 633
30712, 204
8535, 713
10743, 512
26761, 648
45735, 49
7738, 420
47657, 945
19038, 400
34565, 169
31295, 791
36737, 302
1765, 26
10237, 668
3742, 979
1355, 829
20599, 514
31202, 409
25455, 161
35306, 228
47440, 841
31049, 238
48415, 585
48990, 767
37123, 82
6681, 250
33851, 815
2009, 512
34914, 408
23386, 928
25210, 192
13486, 604
16576, 744
30191, 692
34470, 175
2512, 809
25580, 541
15338, 898
7800, 713
39745, 260
31942, 580
11977, 114
20906, 846
36181, 686
27918, 504
30333, 600
36031, 755
9107, 442
16072, 358
22604, 54
10884, 612
30319, 774
34116, 93
42042, 218
14255, 198
41112, 760
42842, 682
21723, 40
3032, 492
47494, 702
43518, 781
6751, 827
23378, 175
24062, 480
26229, 828
14038, 938
33667, 537
42379, 487
26392, 916
27891, 280
20963, 885
22656, 290
40826, 204
41935, 634
40275, 596
11879, 862
11630, 112
25636, 407
16245, 700
24564, 442
6404, 42
3069, 580
24609, 154
45902, 844
2054, 903
24773, 26
30545, 903
12608, 237
3973, 41
31279, 445
25810, 898
47041, 41
21724, 773
6191, 798
13158, 770
44368, 876
26582, 508
47104, 315
10518, 324
39872, 89
30410, 739
13596, 475
22188, 280
44147, 125
4032, 242
17664, 62
14238, 757
28798, 457
22103, 892
12365, 151
27935, 540
35977, 567
44052, 69
47263, 724
2128, 287
15334, 596
24487, 564
48812, 223
16102, 991
6874, 765
27782, 379
30733, 999
22380, 351
48624, 347
2422, 385
29300, 347
19443, 282
13539, 637
38378, 901
14999, 398
13072, 65
951, 66
13678, 164
22372, 62
590, 614
468, 76
5965, 894
7678, 929
2997, 191
797, 478
2430, 6
43500, 197
15065, 371
2272, 301
38870, 433
49216, 361
43683, 245
5000, 777
32096, 498
49942, 139
16490, 330
24323, 658
46856, 934
28004, 164
15166, 584
40678, 817
737, 744
4497, 958
40812, 538
1625, 356
41812, 143
6015, 158
13062, 437
6150, 722
31640, 677
45834, 184
10912, 171
30691, 197
16064, 438
48697, 161
17673, 29
28837, 44
38594, 73
31993, 470
32560, 69
3412, 612
48760, 682
21795, 358
36642, 470
46403, 979
1743, 577
28168, 198
11512, 894
49449, 979
5206, 704
15031, 133
2891, 800
31701, 495
17855, 894
20370, 734
4121, 260
46371, 375
3646, 663
13417, 30
24963, 381
7395, 1000
32974, 945
11347, 751
16881, 80
38818, 558
24458, 857
30947, 887
48111, 75
43952, 394
23342, 303
21224, 725
11746, 408
30725, 949
21587, 857
49099, 716
850, 610
31338, 706
32308, 532
39319, 859
23224, 226
31591, 535
43272, 505
3239, 966
49916, 200
48290, 542
16326, 271
17696, 551
27986, 744
19283, 517
17894, 911
18164, 112
31275, 517
28222, 903
42089, 557
3632, 30
16913, 308
36838, 707
42883, 740
32337, 161
6089, 873
31895, 611
39661, 358
42268, 484
22149, 944
30298, 507
29493, 815
13631, 368
49913, 50
15982, 47
33993, 487
46933, 140
15597, 451
375, 621
31624, 115
16331, 185
27024, 403
640, 764
30840, 441
37148, 846
38031, 332
9764, 882
48034, 356
8983, 702
16120, 466
29349, 872
3738, 701
29887, 797
29558, 658
30050, 677
4274, 114
9016, 710
2102, 642
40130, 691
41662, 231
42372, 835
14295, 599
40629, 498
30211, 378
26786, 442
7664, 587
32387, 472
35451, 749
19870, 629
14086, 528
32769, 8
10409, 868
9830, 246
13362, 497
49946, 286
7240, 412
43410, 619
601, 263
2185, 257
48096, 233
21982, 231
31090, 995
40843, 667
33105, 11
21542, 916
27004, 246
48841, 250
7626, 352
40841, 450
32416, 602
24764, 685
36169, 894
26688, 427
41081, 870
12830, 611
15405, 717
36965, 735
45348, 754
4784, 562
19106, 752
34079, 677
46472, 519
37985, 220
25494, 380
31503, 266
38471, 305
44661, 144
11264, 531
15013, 171
8317, 294
25683, 708
27472, 58
6824, 858
36931, 137
35428, 431
2746, 249
32054, 288
20442, 821
24891, 954
37934, 56
15748, 232
8954, 653
11032, 817
36421, 384
44107, 476
27814, 358
4374, 756
522, 699
21207, 237
47071, 557
24067, 282
27484, 319
7793, 996
31158, 328
40921, 54
30695, 767
39921, 563
7598, 328
13635, 958
29433, 853
6052, 836
9997, 342
13467, 783
45127, 638
14596, 405
1621, 872
3685, 683
15491, 302
1811, 378
46016, 173
49548, 60
9339, 113
7803, 309
9586, 163
28651, 163
23046, 722
31124, 699
37713, 711
41896, 854
589, 8
31902, 606
37903, 471
33070, 179
1808, 196
24993, 65
30254, 904
8889, 998
4072, 428
46138, 383
1458, 806
10731, 257
31309, 299
41785, 38
46205, 104
32854, 39
49513, 7
40918, 364
24088, 113
44805, 794
27209, 977
49491, 681
40188, 939
12348, 64
11994, 437
11353, 656
2138, 975
34307, 648
27517, 256
31111, 437
21157, 207
24192, 837
26687, 355
13124, 164
23321, 121
4899, 447
33694, 253
6660, 667
34878, 563
32578, 76
31468, 787
15745, 108
20214, 917
4940, 892
27379, 443
2534, 976
31323, 120
38991, 992
42921, 284
13550, 422
34042, 48
3161, 249
48719, 0
15943, 53
13387, 116
41321, 470
8543, 963
31882, 124
28966, 133
22739, 576
42562, 256
44308, 799
43951, 438
33696, 592
48375, 205
37543, 697
25068, 929
24981, 127
1461, 544
35933, 406
4159, 725
28501, 274
15472, 554
5838, 114
9973, 577
3803, 356
34063, 249
23911, 937
9115, 295
48876, 163
38835, 283
17546, 194
9881, 6
26034, 915
48224, 226
37273, 590
39992, 17
35602, 529
46846, 912
40780, 551
28300, 897
2063, 367
37, 913
20323, 194
2506, 830
3830, 18
1047, 312
38980, 654
3709, 459
30430, 174
35022, 721
44697, 925
44821, 591
42324, 582
29949, 936
42664, 911
8982, 379
26283, 260
18206, 605
44110, 979
18193, 109
16724, 90
21145, 433
25548, 703
35486, 322
13385, 33
43583, 899
12128, 479
40988, 527
24407, 710
44675, 737
47723, 914
9509, 460
242, 821
18150, 541
29636, 861
47180, 387
12714, 24
14146, 924
30792, 153
31547, 751
23030, 329
31266, 619
47999, 428
6973, 261
44243, 476
30381, 424
2211, 204
16517, 655
44664, 62
16138, 518
39871, 724
35165, 88
22125, 529
39196, 860
30399, 424
8725, 4
16382, 173
7990, 917
39136, 942
2099, 634
43198, 761
5163, 972
18773, 648
22787, 21
161, 585
28296, 111
27041, 66
39437, 480
25049, 208
7390, 105
32915, 773
18566, 846
24308, 776
16406, 466
49021, 949
42501, 613
13239, 178
23, 799
32582, 897
23403, 940
14706, 869
7645, 922
26321, 621
13001, 921
22518, 714
26173, 508
4601, 506
7522, 329
47787, 71
24575, 569
17903, 292
25040, 431
25870, 644
17198, 642
6607, 328
23697, 721
12980, 425
36162, 250
9305, 648
45940, 792
49940, 977
10213, 416
35199, 489
45797, 460
39565, 279
24342, 879
43743, 288
21394, 896
26004, 926
13664, 599
12678, 291
13908, 712
600, 631
18440, 608
5204, 624
41918, 545
47996, 159
34514, 79
10021, 24
6298, 719
24921, 789
12920, 331
4655, 350
32770, 56
10834, 807
16195, 798
32076, 252
32466, 905
43262, 15
17736, 446
5494, 1
40577, 842
37637, 685
10694, 436
40555, 214
33747, 253
11433, 723
17249, 395
46298, 814
6378, 195
14677, 904
6783, 385
2434, 623
49953, 187
18886, 419
45715, 819
46017, 309
37255, 64
6594, 597
36584, 300
23775, 253
35624, 600
23471, 293
21352, 538
646, 28
33335, 17
23607, 972
27766, 248
22437, 120
29173, 862
21119, 819
12936, 901
21035, 295
35479, 989
19292, 175
3943, 300
23310, 53
24889, 886
22704, 367
11480, 679
19583, 453
6200, 909
39642, 314
33971, 743
10186, 323
44608, 786
25894, 417
45683, 656
22600, 494
40049, 94
995, 504
43129, 654
28325, 866
10046, 338
22927, 877
49224, 181
8733, 272
27390, 128
37971, 817
35320, 354
20334, 564
6455, 147
37861, 738
24139, 146
34617, 52
6609, 433
14039, 828
9915, 370
46579, 44
745, 960
20493, 591
32033, 47
28712, 434
42769, 800
35292, 102
25723, 279
41514, 753
34558, 136
19704, 452
26679, 142
1914, 86
26903, 416
18663, 108
42931, 440
32288, 467
1032, 36
1300, 736
4794, 907
4847, 326
38670, 575
13920, 558
19004, 498
46321, 676
27059, 462
44820, 999
16040, 167
20014, 567
40249, 212
32593, 448
22996, 827
22997, 625
35925, 549
10035, 619
42124, 475
26852, 548
3210, 946
35424, 963
47093, 889
46935, 675
30760, 810
23899, 940
24756, 428
13781, 559
35195, 61
105, 116
47969, 189
48159, 388
11586, 475
18326, 922
21026, 752
16765, 529
37844, 853
19593, 103
47814, 823
13487, 684
335, 510
35630, 732
27668, 807
12055, 432
43191, 674
24508, 647
25943, 342
43637, 694
26301, 670
15799, 323
14604, 63
24486, 621
11404, 259
48667, 809
45890, 224
13794, 579
26448, 113
34224, 671
1368, 317
23640, 890
7655, 222
19805, 985
45223, 718
12000, 833
27865, 171
10166, 331
15884, 409
25412, 722
12702, 293
31687, 369
42466, 493
19743, 277
2707, 467
35870, 392
37758, 830
14813, 331
28941, 799
17890, 991
45903, 614
27127, 817
34267, 74
16754, 160
8252, 830
28531, 570
9463, 759
48084, 564
25454, 228
49592, 354
2431, 294
10748, 555
23466, 533
20341, 412
43126, 139
42103, 651
34397, 131
37015, 198
26938, 582
24316, 508
39953, 225
18719, 840
46258, 336
47935, 551
25914, 961
23077, 813
18131, 654
2386, 342
40658, 390
13231, 457
7899, 348
25394, 318
23939, 155
10300, 226
38263, 928
2634, 231
2372, 452
28682, 819
3470, 36
15741, 899
36407, 600
33881, 292
40995, 604
25473, 615
33941, 662
8972, 495
11774, 889
22505, 330
35611, 292
21001, 345
28934, 638
41681, 112
17864, 939
32533, 117
34106, 727
35533, 266
9887, 171
30543, 576
20173, 190
7997, 265
2477, 564
20098, 354
49875, 717
8361, 160
4990, 178
13900, 879
47768, 190
26893, 751
36055, 730
2276, 882
15108, 525
13637, 438
32771, 796
26327, 941
15882, 438
27653, 253
28130, 738
11204, 542
23262, 389
41277, 189
36906, 352
33461, 532
34832, 741
10807, 651
5007, 414
32292, 557
37483, 53
12748, 942
36142, 890
33873, 520
14276, 76
19152, 18
9804, 22
35649, 76
36998, 874
34985, 588
10611, 243
48859, 338
36391, 439
33053, 787
18706, 119
30359, 308
26292, 964
7788, 613
21622, 356
22712, 187
9643, 462
17695, 987
48107, 393
45380, 312
9500, 396
4082, 145
44882, 956
36826, 688
29413, 235
3339, 749
47648, 701
5414, 519
49945, 535
40721, 217
17908, 107
11608, 59
22383, 843
24498, 779
36600, 150
19844, 32
5351, 834
39619, 890
99, 137
32249, 690
33402, 520
14288, 783
7069, 734
22948, 476
33455, 728
42542, 276
27268, 520
46250, 176
36831, 280
713, 184
18917, 178
18246, 806
36447, 239
26467, 388
42625, 298
7694, 465
12226, 935
30376, 672
13117, 237
33620, 134
7747, 642
13999, 955
14199, 633
7476, 273
808, 170
2005, 105
14566, 666
12475, 872
44337, 507
7210, 365
31681, 938
19013, 94
30553, 482
47988, 565
19374, 340
40770, 798
2603, 237
33587, 90
39773, 872
42178, 189
24354, 175
9087, 592
36569, 301
7859, 381
14865, 620
7462, 799
27508, 335
19101, 651
22339, 863
46068, 539
26130, 590
29955, 360
3100, 6
42406, 555
16329, 770
31720, 908
44750, 739
47608, 198
28353, 1000
12423, 602
23688, 852
11789, 535
14797, 742
27079, 498
42079, 320
19011, 278
41945, 831
35718, 983
25755, 281
5932, 402
33519, 696
36991, 437
19387, 960
36808, 337
14298, 624
23643, 429
34734, 281
4551, 799
41768, 310
32981, 968
14152, 247
48564, 582
46427, 244
7715, 659
21249, 574
12985, 638
29905, 843
18384, 640
4462, 170
19666, 846
22456, 180
26344, 528
24804, 930
6386, 663
12756, 408
30281, 190
35030, 497
40794, 244
39172, 19
14172, 569
31113, 691
30144, 838
29965, 625
7427, 327
19661, 596
22120, 868
27923, 604
16637, 640
35860, 71
18936, 26
42911, 489
40753, 861
8070, 788
11754, 150
6682, 340
16687, 380
4431, 861
17270, 39
16229, 466
37470, 344
5653, 88
16751, 949
525, 420
46071, 725
9970, 639
46283, 27
3668, 346
12294, 184
32654, 951
29807, 366
17292, 845
21362, 130
25939, 935
5138, 505
14335, 254
5971, 934
29203, 45
4765, 804
11653, 679
11417, 2
26553, 943
5373, 871
31507, 631
13035, 646
33730, 393
26274, 234
25417, 880
48866, 850
33951, 959
14786, 876
37119, 275
2071, 824
11472, 1000
46425, 791
15507, 529
25179, 361
16585, 927
8421, 389
19912, 723
17312, 160
27717, 558
5983, 931
21424, 166
33690, 66
25570, 787
18191, 730
15767, 466
29870, 792
17675, 212
41745, 619
31073, 620
22755, 600
33457, 892
41022, 198
37528, 310
20122, 368
27857, 912
32338, 883
7179, 50
30125, 484
13693, 858
22192, 741
5706, 666
17199, 550
28981, 205
45688, 31
30937, 295
39012, 638
10083, 634
22173, 725
23009, 730
14469, 996
10632, 404
30806, 70
8418, 233
36542, 547
10364, 865
14853, 644
29669, 962
27940, 307
27828, 207
46261, 633
19046, 378
45628, 17
3743, 284
35017, 627
23733, 335
43199, 471
44997, 193
47812, 582
8874, 695
22462, 265
19998, 800
4554, 715
16750, 55
4809, 659
37662, 155
15262, 183
5278, 838
13337, 320
48458, 651
4004, 556
21057, 580
36763, 231
43796, 575
48918, 301
31149, 687
39350, 836
23699, 357
23147, 537
3441, 404
9476, 878
12101, 614
48243, 283
11296, 36
33749, 200
33706, 61
27469, 785
49038, 326
2715, 331
24893, 765
23437, 404
38067, 250
23054, 472
43584, 186
18221, 889
16428, 678
31098, 12
18763, 35
28605, 873
24655, 932
15340, 738
26858, 969
31859, 88
207, 511
41032, 76
46274, 568
36720, 516
15894, 87
2253, 228
29232, 822
25710, 507
21572, 11
27015, 35
6775, 219
41675, 651
20357, 328
42908, 330
10546, 0
11387, 517
1393, 399
36697, 784
4016, 892
5094, 271
26585, 606
29329, 153
24819, 202
40229, 570
30460, 733
47858, 610
25571, 503
3058, 105
40491, 539
49089, 988
22301, 153
23638, 808
23564, 517
4726, 936
24818, 885
25190, 196
17418, 856
23681, 585
41353, 864
8605, 133
18126, 23
4556, 510
45878, 285
34038, 667
43736, 909
22581, 951
1544, 721
25434, 419
14458, 694
44811, 537
39765, 249
31622, 749
480, 776
18044, 716
28937, 401
39166, 81
25407, 971
1824, 647
30043, 422
1566, 2
15571, 743
21638, 525
9591, 346
42623, 681
24902, 676
22913, 410
49053, 437
22039, 464
20922, 598
2511, 536
5098, 189
36079, 684
19937, 702
19023, 962
29500, 14
9785, 376
16420, 560
38499, 902
11555, 416
25149, 830
41608, 902
36752, 289
13928, 45
1091, 519
17666, 427
47278, 336
7563, 643
42249, 224
23521, 166
32623, 984
37878, 335
36561, 534
41824, 22
9568, 310
36938, 56
47807, 422
47794, 498
22122, 236
26355, 136
39299, 559
38611, 313
44993, 331
42271, 610
34741, 497
213, 67
41104, 983
19473, 82
14367, 205
5399, 719
7695, 55
8378, 116
25214, 838
7078, 206
46202, 141
33388, 898
47793, 849
45500, 623
18171, 17
33830, 159
6046, 550
48645, 116
22349, 206
12766, 47
30419, 51
17310, 773
4447, 132
34675, 368
13373, 227
40581, 843
11108, 613
45785, 368
1772, 570
15621, 386
15330, 730
8253, 511
42410, 864
32140, 695
13128, 830
31935, 633
49426, 696
21707, 947
44045, 852
23426, 960
15328, 749
16728, 81
25191, 859
571, 898
26590, 914
1005, 76
14727, 533
41706, 757
40133, 91
30320, 642
46937, 510
44020, 781
27094, 550
37682, 516
45433, 342
28443, 940
11598, 777
47390, 61
32970, 932
772, 930
6174, 966
14390, 598
14119, 784
44734, 588
7685, 294
14941, 651
25808, 221
36651, 491
7194, 971
10078, 992
29940, 26
49333, 389
31388, 145
29531, 758
28219, 404
44806, 608
27647, 740
35981, 159
25433, 750
23866, 284
24299, 628
37484, 321
18943, 77
6911, 489
1462, 80
34050, 166
28149, 591
5550, 3
38136, 292
48219, 793
26913, 460
22344, 354
19250, 328
34162, 380
16338, 643
13060, 905
46170, 105
36828, 289
24318, 13
23291, 479
42991, 67
24736, 991
428, 142
11269, 957
25012, 827
7034, 16
21544, 934
38490, 534
47349, 467
30983, 632
27805, 567
47672, 754
20326, 954
4996, 284
48768, 759
20818, 337
12565, 868
10486, 86
48495, 562
23691, 426
25230, 681
16917, 170
23793, 454
41831, 913
7832, 623
28761, 86
21665, 488
9281, 365
40564, 769
19860, 253
46008, 521
31513, 100
10245, 135
42928, 208
10313, 800
268, 785
29915, 607
35363, 873
23909, 273
46186, 650
3051, 352
28844, 647
4563, 448
26313, 696
1554, 812
35267, 155
28131, 807
6992, 694
36499, 721
15705, 234
35239, 768
49614, 854
2499, 599
41574, 614
12438, 569
47871, 285
29734, 396
35862, 933
10349, 64
40590, 916
28344, 97
45497, 414
33127, 726
28268, 857
7585, 909
26683, 828
45956, 895
32144, 100
20776, 249
18302, 418
4413, 649
43697, 405
34747, 766
33731, 10
11922, 155
25460, 271
3669, 225
46656, 113
43550, 668
5130, 399
17635, 831
5782, 490
47566, 755
17092, 566
49033, 246
27703, 97
32604, 395
15445, 893
3539, 842
28922, 318
18523, 888
46633, 138
48098, 59
26234, 724
32713, 807
7570, 662
34422, 503
35550, 424
46145, 889
29030, 178
48134, 797
13181, 977
36233, 745
642, 923
12911, 458
32860, 922
46975, 15
12855, 687
44701, 699
40221, 90
17835, 250
6179, 238
42012, 503
33097, 122
33922, 163
2937, 889
18973, 242
21320, 86
36571, 187
20734, 888
26373, 267
28559, 503
9807, 829
7393, 660
19972, 164
22530, 364
31518, 606
6864, 434
45195, 678
8140, 227
38497, 69
49396, 188
29939, 302
38760, 157
19645, 180
31177, 595
31717, 294
17089, 497
47751, 652
48407, 783
19139, 955
22473, 783
6057, 335
44618, 730
24430, 154
26211, 57
30123, 136
40361, 778
34759, 751
3123, 71
41672, 924
7558, 575
42313, 94
29761, 669
39778, 529
7999, 741
19073, 141
29698, 806
13312, 637
8023, 766
16610, 778
2229, 592
18783, 495
27530, 81
18770, 245
33501, 595
5968, 239
33608, 223
22309, 253
45926, 246
38414, 989
9186, 444
7243, 991
2964, 168
45283, 691
14287, 70
14438, 322
11039, 875
43932, 175
11188, 709
20626, 152
15766, 565
22928, 458
28084, 787
27175, 598
14607, 916
19687, 194
4455, 684
37068, 996
9430, 806
1901, 868
42694, 251
42204, 527
30699, 795
5981, 788
24689, 177
40147, 908
13143, 680
37239, 399
44757, 349
40420, 167
8782, 804
26309, 246
27201, 660
1633, 290
22358, 784
24870, 227
14441, 458
3308, 184
5499, 281
1242, 287
9271, 581
15316, 840
3836, 631
25930, 103
26655, 768
45832, 428
33200, 942
48901, 327
33647, 635
26591, 685
4612, 614
12171, 673
10511, 898
6797, 764
8699, 766
33797, 130
31003, 370
11854, 793
10075, 622
7846, 808
13341, 188
41916, 774
40828, 723
5433, 740
39390, 994
38536, 551
22259, 124
5043, 780
26550, 768
39480, 239
14186, 903
47563, 305
41314, 548
10503, 688
31232, 563
5715, 101
17401, 237
11817, 883
22690, 893
22723, 259
18331, 105
41682, 914
19419, 770
11722, 620
43553, 713
27, 443
20294, 563
11232, 8
12270, 128
19671, 883
36911, 593
38037, 276
8022, 223
36757, 869
28442, 214
15719, 288
40829, 377
48617, 14
44945, 771
30014, 384
42841, 346
11463, 632
2647, 758
22991, 627
6303, 394
40225, 53
32736, 474
48284, 629
17897, 383
576, 579
8751, 513
35375, 622
19822, 917
17123, 666
16708, 363
48728, 209
10022, 912
14522, 634
13626, 898
48506, 469
16622, 290
20316, 439
27645, 584
49822, 78
41005, 349
13915, 420
48891, 613
17774, 805
43931, 788
2236, 610
12024, 530
49056, 269
14193, 276
2476, 886
42521, 251
29625, 950
6353, 213
22078, 42
37764, 701
1489, 526
42129, 601
14996, 513
24166, 260
29742, 549
18794, 467
48596, 610
32759, 715
38457, 870
8435, 387
14289, 785
48904, 403
23075, 592
25861, 736
28638, 410
23259, 608
1110, 152
6140, 197
8187, 249
37218, 911
23947, 499
35139, 306
31478, 542
39428, 763
31378, 802
6475, 790
8002, 845
4970, 713
47897, 267
16394, 736
47407, 508
25207, 138
23153, 566
24674, 493
11855, 593
25553, 923
2581, 62
39183, 521
38343, 223
8507, 432
8612, 435
25970, 30
24937, 459
15391, 572
45118, 551
22020, 717
10114, 288
22989, 906
8475, 103
22952, 606
14993, 759
33132, 17
41021, 352
14381, 118
8577, 501
28368, 325
21803, 810
47257, 911
39337, 791
18729, 331
34600, 609
39425, 469
48998, 46
4658, 965
36821, 715
46893, 133
27761, 779
37220, 739
48731, 425
35826, 153
43227, 406
34352, 144
38138, 463
27700, 678
41067, 334
22315, 820
36046, 24
4740, 59
32753, 780
2269, 65
1239, 733
17218, 355
40097, 529
15290, 707
31326, 435
1392, 452
17965, 921
47026, 886
4986, 786
2928, 549
17969, 800
31573, 744
41183, 361
43722, 290
48839, 743
23854, 853
1666, 345
38156, 273
10026, 678
21269, 811
1305, 725
26914, 543
11429, 864
47465, 34
41767, 646
32751, 372
24913, 676
18259, 212
42228, 785
44596, 426
38990, 341
36601, 112
21963, 38
10053, 226
35912, 457
4282, 670
4326, 386
45060, 908
29097, 720
29039, 347
790, 420
38511, 881
34540, 853
26254, 186
8188, 416
2687, 651
43184, 425
35282, 500
28405, 284
42943, 931
17082, 276
25591, 155
2182, 618
40167, 178
26064, 993
21841, 516
3415, 877
44403, 625
40024, 920
15202, 947
9296, 901
1961, 57
18339, 175
19769, 679
18954, 889
1102, 678
46359, 86
6534, 521
31115, 346
19866, 391
40038, 564
29525, 160
38515, 802
41019, 756
25368, 313
27503, 78
6123, 757
45592, 577
12267, 404
26757, 891
16043, 295
11530, 798
33874, 675
1029, 186
38621, 789
24653, 181
39806, 727
1681, 550
26414, 503
5547, 158
4449, 89
16726, 402
20870, 476
46561, 29
47069, 968
12925, 363
22416, 408
4379, 640
21832, 813
21127, 466
23318, 812
6021, 446
12599, 601
4966, 801
7329, 219
20362, 500
38932, 865
14777, 965
31909, 137
48988, 463
8737, 4
8402, 30
444, 10
7420, 777
24033, 559
1048, 968
23034, 490
48426, 189
447, 692
32428, 862
47972, 749
29323, 898
49605, 322
46199, 554
38513, 709
40996, 261
776, 149
48457, 52
17705, 326
48035, 986
32046, 142
3970, 901
15740, 788
10127, 393
19425, 990
38254, 238
6031, 420
32987, 171
36803, 363
18916, 310
32778, 138
12320, 13
38305, 768
36848, 951
32206, 583
48208, 976
34208, 261
5993, 220
40657, 800
5950, 2
43449, 789
1645, 458
3994, 298
4534, 243
29440, 137
44961, 564
14883, 34
20042, 773
9237, 637
3607, 920
40503, 366
17237, 586
20756, 230
46295, 874
31120, 899
46024, 922
47103, 108
36420, 259
47437, 757
49256, 980
31630, 724
18988, 974
23190, 905
2220, 773
19811, 983
42481, 703
3381, 774
37894, 504
14840, 490
41001, 528
26998, 566
26948, 467
19554, 931
24232, 846
24003, 30
44225, 800
43950, 901
11859, 248
36674, 777
19935, 894
45321, 358
4492, 898
1994, 651
33605, 994
14760, 548
46875, 294
25900, 746
12775, 563
36805, 612
38348, 878
32820, 841
3202, 927
26722, 31
28756, 934
13268, 350
10988, 386
37385, 213
2002, 364
4822, 538
16895, 882
39135, 542
20435, 923
21501, 201
37474, 0
3561, 718
35521, 608
8561, 489
23622, 113
34473, 626
30350, 548
42513, 499
31021, 60
28516, 986
3930, 206
37284, 968
2605, 493
2387, 8
44613, 258
6328, 551
14955, 891
43346, 107
40372, 662
44932, 417
30662, 899
23813, 960
28706, 360
22645, 218
42759, 547
19105, 716
3283, 768
49576, 292
14692, 633
24719, 92
46566, 31
24581, 680
35971, 392
5537, 295
36295, 29
33739, 623
22047, 735
7003, 908
12216, 325
46882, 859
10253, 16
33980, 882
47891, 823
45256, 568
22482, 315
28386, 49
31023, 251
25876, 306
32198, 377
45704, 479
34431, 466
29451, 164
37363, 782
44386, 560
27662, 543
31123, 814
2107, 582
15518, 18
7653, 36
3664, 856
30316, 957
48247, 931
36167, 934
23590, 540
45919, 476
1039, 492
37007, 478
39958, 839
7197, 624
14171, 991
22951, 39
13641, 545
23992, 875
9873, 482
24340, 749
41974, 103
17349, 630
13711, 815
25961, 884
28198, 303
33891, 275
35675, 829
19267, 110
7487, 955
34843, 937
12516, 470
11414, 433
37064, 476
10906, 389
12900, 135
36629, 580
23547, 712
3573, 523
18233, 493
35490, 567
36827, 355
29878, 982
3773, 211
7235, 78
29732, 476
17293, 743
34101, 966
9240, 128
38686, 548
49996, 57
5722, 642
4713, 272
15272, 419
24304, 873
2495, 500
47463, 687
37883, 659
25114, 206
44658, 4
21396, 761
42558, 327
36586, 398
36234, 765
22860, 102
4942, 109
49643, 916
45166, 827
47639, 565
19227, 70
836, 477
16402, 533
11458, 792
4732, 996
26748, 157
49151, 513
14949, 448
26021, 539
43488, 996
13906, 303
1218, 360
15739, 949
49790, 91
26209, 762
44472, 706
15367, 295
16933, 159
21049, 213
15960, 584
12530, 793
38545, 101
45607, 604
39700, 811
39197, 17
43764, 674
6602, 48
32073, 74
31716, 179
40728, 3
44119, 599
40337, 918
40106, 544
49424, 432
25608, 716
37490, 857
39279, 690
16813, 882
15928, 1
41175, 288
21609, 964
37982, 758
23787, 327
4200, 425
18587, 333
46593, 342
33557, 191
35085, 855
22263, 440
35848, 545
32625, 382
34674, 417
30311, 156
27726, 525
13968, 706
27225, 413
5066, 428
22757, 744
28996, 360
23385, 735
10648, 186
25185, 540
18361, 915
39727, 854
41782, 408
33643, 415
19252, 291
47580, 138
15028, 643
46873, 346
13328, 760
3638, 998
146, 882
17016, 82
46543, 472
4993, 932
35275, 116
25029, 486
17342, 294
47312, 339
14159, 230
33918, 86
31459, 343
24511, 889
15332, 293
41811, 86
18857, 401
11943, 804
38535, 626
8593, 56
49370, 592
25403, 859
7162, 460
33490, 254
42624, 38
9495, 872
12416, 404
5991, 719
16777, 888
39223, 462
30512, 680
42460, 108
35197, 622
10787, 323
36708, 828
19049, 554
26579, 83
21104, 616
26549, 542
13783, 300
41191, 448
34738, 543
19771, 972
13052, 518
47028, 548
1747, 623
4112, 517
3190, 971
46835, 262
23989, 446
32330, 140
2761, 5
8118, 220
16248, 140
32617, 361
33745, 712
15094, 191
13627, 234
19889, 669
30199, 48
17102, 516
25166, 248
12264, 396
33144, 36
49418, 636
26299, 976
49045, 795
10643, 637
36886, 94
49854, 604
39553, 621
35175, 404
49487, 715
37753, 338
10235, 166
6767, 575
23972, 768
41592, 634
5411, 970
1592, 993
1172, 347
35974, 826
17020, 164
42772, 926
17190, 365
35476, 667
9525, 83
47361, 848
29856, 811
34680, 958
47869, 540
39446, 375
5303, 298
38560, 368
40381, 952
13396, 573
42505, 128
43486, 481
6539, 178
26691, 800
46631, 285
4365, 941
32711, 929
45599, 256
3450, 702
34007, 417
12941, 984
10875, 405
3650, 214
8708, 854
3629, 828
36576, 16
48914, 457
45185, 983
49629, 826
2812, 153
17531, 529
37684, 178
10068, 584
5967, 377
13285, 139
21467, 877
20830, 283
28615, 82
22666, 680
20815, 26
11474, 802
30140, 529
45220, 646
15666, 126
46728, 571
5019, 983
30945, 816
35554, 62
25768, 340
40736, 887
24770, 495
11250, 699
24563, 524
17848, 157
14542, 419
31845, 80
7822, 830
11497, 271
27835, 143
23434, 448
28363, 917
47904, 700
21135, 531
27287, 72
23874, 918
43134, 649
45105, 376
1860, 56
49420, 832
39750, 25
12092, 544
29997, 137
12433, 235
18112, 290
41394, 478
31616, 690
32552, 494
10193, 64
11678, 757
36161, 534
49600, 822
30030, 904
38405, 666
603, 186
45965, 818
5652, 658
10940, 764
35928, 27
30564, 543
35716, 34
22938, 704
12209, 43
163, 423
22281, 581
14778, 632
48723, 342
45907, 435
18756, 56
8574, 198
9632, 113
15119, 315
27061, 796
6423, 359
15813, 482
30239, 569
18434, 552
23831, 401
43481, 32
8510, 137
38093, 871
6289, 234
26452, 364
12687, 845
27303, 280
5814, 266
611, 109
3948, 92
29874, 470
3078, 804
11150, 331
47009, 40
26485, 949
37201, 654
19304, 612
22450, 1
32553, 486
15207, 883
1318, 959
25261, 258
23087, 362
49678, 298
36836, 421
1908, 528
29128, 928
40593, 178
31912, 492
16224, 423
21499, 378
10272, 464
46884, 246
12570, 884
31108, 223
7780, 18
45, 164
25818, 975
40746, 568
48399, 363
39193, 723
39161, 710
28757, 361
21690, 679
46303, 222
37191, 751
37928, 499
45132, 785
3993, 18
12212, 767
31165, 315
10932, 507
16823, 961
41179, 599
12258, 903
42585, 850
6197, 377
12184, 462
22620, 159
33591, 231
17532, 521
33255, 979
20487, 672
46872, 672
36322, 972
32672, 50
15769, 155
23513, 258
40317, 460
582, 544
32517, 360
33170, 767
19693, 833
10543, 761
36849, 308
6074, 381
32697, 383
42476, 608
24132, 213
41699, 843
6663, 153
36480, 704
14003, 966
31325, 317
9343, 367
22166, 707
11405, 854
6331, 303
18355, 404
44499, 508
18877, 440
16258, 329
4570, 520
26179, 981
36121, 381
3872, 39
8651, 79
15795, 354
18334, 109
20700, 691
18428, 703
26364, 980
4600, 414
30943, 243
35786, 473
13365, 736
42735, 495
46928, 546
20749, 355
9984, 904
26151, 517
18525, 115
12557, 928
11095, 792
16046, 486
44075, 236
7819, 528
27999, 393
17783, 967
30900, 533
2130, 208
13977, 786
2457, 451
8162, 136
17277, 153
3997, 474
28556, 88
37628, 332
22614, 259
39948, 709
41053, 794
30669, 694
12015, 936
6496, 213
16957, 1
40448, 835
18348, 761
9885, 319
6654, 309
43231, 924
10903, 602
10417, 700
47695, 884
48975, 310
34155, 276
26348, 408
25782, 453
37350, 835
25508, 977
3442, 31
38763, 829
8845, 954
46555, 521
46219, 285
20235, 555
42442, 490
41384, 946
4975, 801
32677, 948
9336, 794
18638, 957
25198, 487
45336, 862
27386, 27
39514, 653
12487, 797
29589, 766
45596, 330
26044, 43
25541, 866
35027, 879
26888, 114
30684, 976
32795, 621
38725, 358
29243, 211
3318, 895
27757, 864
20076, 857
7233, 797
19502, 639
43604, 30
7088, 134
27915, 729
8967, 568
24704, 720
46526, 111
6156, 282
40768, 549
5745, 868
21008, 161
42860, 889
36490, 908
46788, 935
13706, 170
4485, 507
21103, 476
48853, 791
33313, 186
41695, 1
46103, 952
9768, 924
41669, 5
14025, 97
42784, 986
27293, 323
34854, 355
33842, 287
3505, 291
25272, 133
27345, 423
19616, 127
15726, 565
27781, 362
25383, 888
24760, 975
8399, 390
24613, 473
22619, 161
20405, 317
27199, 63
11719, 613
44109, 827
5102, 887
46285, 337
25071, 23
17027, 785
7184, 385
20521, 416
30032, 814
28305, 583
10765, 72
31015, 144
12699, 706
47518, 493
22654, 970
20110, 266
22756, 825
16011, 599
17521, 18
29438, 470
6829, 654
22849, 556
7791, 269
48140, 256
27454, 828
25229, 458
47320, 348
48765, 525
14282, 592
33334, 214
12725, 981
49060, 717
48185, 71
39839, 825
27837, 481
16341, 763
5441, 389
45298, 506
16295, 974
5215, 138
42852, 52
6770, 320
27444, 840
4054, 298
21029, 360
16665, 560
8712, 203
46709, 636
3708, 645
35132, 182
32201, 370
4610, 930
19112, 529
41844, 925
19239, 458
49014, 810
36536, 730
15804, 264
24600, 460
21682, 263
9474, 321
24679, 988
5946, 570
33439, 125
30179, 44
15630, 666
4464, 907
14802, 988
23142, 603
2488, 548
34187, 18
41436, 230
38389, 990
9947, 662
9981, 22
35639, 383
17997, 963
4487, 158
33920, 124
1424, 40
35471, 132
21292, 508
29251, 53
45200, 249
30942, 261
19515, 346
1902, 368
38897, 241
35485, 469
168, 90
39246, 667
6323, 983
12205, 570
10539, 669
9788, 703
27991, 563
28509, 163
25046, 174
20306, 350
32280, 573
28079, 632
21384, 390
6483, 60
18825, 139
43773, 407
13227, 649
47827, 617
39280, 593
37848, 787
10094, 978
12992, 171
37009, 815
28738, 936
39506, 554
19708, 527
4248, 501
31208, 347
27633, 904
35701, 992
40376, 489
43427, 739
7451, 296
30220, 339
23595, 22
32129, 709
38006, 656
449, 375
44922, 693
4657, 91
31168, 746
49623, 277
6145, 837
26457, 173
15029, 190
37016, 548
28231, 231
26859, 917
5684, 694
37941, 101
12309, 941
40528, 506
39297, 119
11624, 165
7690, 215
47788, 1000
14270, 929
17096, 732
38472, 782
46362, 889
8032, 622
18341, 702
20083, 85
18136, 536
39194, 79
42705, 329
42792, 275
33224, 246
18093, 550
27643, 495
11899, 97
33789, 56
41293, 145
10222, 635
28200, 919
47044, 323
6822, 575
35713, 43
32824, 267
16422, 161
16253, 47
6945, 701
47659, 464
27338, 991
48089, 422
35841, 38
22873, 888
46894, 835
31456, 23
36379, 355
2865, 474
4816, 241
23568, 469
2794, 990
36113, 750
21335, 418
11237, 215
23296, 972
22500, 654
7482, 884
25518, 426
10504, 22
28481, 486
26862, 851
28473, 712
5049, 853
738, 447
23388, 374
19470, 380
47217, 227
3338, 924
2496, 350
23237, 6
39702, 861
19420, 955
4520, 777
27790, 195
17486, 577
40103, 605
30366, 247
31593, 599
35625, 834
35601, 191
38229, 369
40352, 882
5817, 456
10020, 119
44000, 979
7029, 315
3838, 348
8001, 99
4691, 522
33003, 33
34283, 565
14422, 225
47932, 563
24014, 96
35872, 843
30093, 76
43228, 21
31485, 914
691, 891
2385, 5
24940, 723
16842, 763
37441, 564
15010, 967
39726, 863
49975, 426
49360, 207
5577, 323
20575, 876
36204, 251
34939, 85
34455, 892
32055, 962
41241, 35
38805, 351
19715, 165
13528, 902
9540, 360
45145, 552
7858, 306
44282, 992
5737, 390
3384, 373
38488, 332
36858, 847
383, 316
26580, 793
22994, 217
5563, 419
18115, 157
10710, 678
24807, 707
33406, 616
36088, 292
44088, 485
19542, 870
35386, 646
12486, 838
34554, 473
27534, 126
6104, 861
35888, 891
37676, 776
23141, 764
11143, 640
30928, 519
39800, 506
20895, 571
39317, 377
36746, 847
5954, 632
18408, 994
3811, 258
15994, 190
47036, 18
3085, 220
17745, 124
18116, 965
32515, 846
24325, 363
43337, 653
12708, 363
35615, 141
13427, 407
37830, 133
37672, 671
6858, 573
47520, 262
31567, 457
37314, 626
26970, 505
21667, 753
45865, 699
24433, 792
25428, 317
33512, 488
38418, 425
37296, 184
2657, 133
6653, 618
2578, 688
36595, 434
29245, 174
11309, 435
22819, 750
30832, 70
38505, 451
8373, 954
4344, 913
47377, 206
39766, 420
39832, 709
28854, 947
39613, 191
37377, 154
27778, 84
25359, 205
36147, 347
6876, 262
32044, 29
11295, 820
36248, 661
37700, 74
36205, 595
22765, 925
21115, 543
43219, 604
17191, 359
21829, 535
45587, 296
34894, 298
15816, 36
19460, 151
2329, 828
26999, 192
24798, 658
8168, 354
30882, 934
21648, 268
43020, 989
23727, 289
9163, 578
41532, 152
45745, 527
4510, 247
21149, 307
29506, 233
49751, 898
27343, 64
2172, 547
44013, 466
30136, 345
17357, 663
12019, 818
1840, 71
41119, 173
19421, 103
48825, 569
2081, 280
45619, 837
21802, 384
40100, 123
21971, 971
19497, 417
6170, 912
35465, 569
42776, 32
39100, 453
17799, 568
31780, 92
29017, 649
14714, 173
32976, 573
19675, 925
5541, 691
40597, 586
42361, 169
45136, 785
32410, 12
34676, 663
4654, 975
12776, 130
33379, 377
21375, 407
37197, 639
20276, 380
4233, 497
49228, 927
23008, 631
9734, 399
26779, 469
33526, 997
6043, 521
24550, 609
49241, 180
20347, 7
6165, 148
1296, 41
18787, 939
6505, 158
17761, 876
6716, 335
36412, 419
30880, 540
16152, 971
29936, 666
16703, 902
19899, 943
15779, 995
20248, 703
26762, 237
47861, 323
1715, 294
13654, 1
5312, 876
1475, 906
24218, 535
10558, 637
19209, 205
39942, 951
38630, 464
4565, 137
38636, 308
49150, 141
9276, 224
23706, 167
40441, 392
25823, 974
45450, 337
14710, 467
27523, 957
7928, 346
32613, 429
13264, 918
8589, 725
1025, 716
38049, 191
46411, 591
25933, 662
4224, 146
25962, 198
10767, 79
28791, 506
24102, 741
26423, 149
18811, 701
9221, 383
24616, 347
23785, 338
43963, 815
1847, 958
34963, 201
40180, 330
9151, 726
40356, 151
1479, 596
39693, 433
27957, 688
17421, 129
16805, 344
7232, 50
2402, 908
16521, 619
36493, 666
4203, 47
38567, 571
10664, 149
36986, 515
24849, 510
46641, 531
38040, 333
49320, 828
42399, 924
39448, 670
948, 60
17833, 373
43672, 230
37949, 546
41503, 539
46990, 469
176, 964
40258, 351
36969, 103
49497, 554
1723, 315
35976, 684
7374, 632
22515, 710
29842, 493
14933, 528
5492, 558
22043, 66
15037, 363
44875, 997
29560, 937
15369, 998
31001, 214
27265, 701
8211, 70
43164, 405
17808, 497
48459, 219
22903, 23
19874, 317
6662, 774
15497, 642
3082, 256
45258, 658
5016, 320
20502, 489
48885, 464
42191, 559
17694, 995
29456, 682
46244, 839
24155, 69
49294, 742
46801, 367
15897, 332
26320, 384
28254, 943
47516, 459
40162, 962
29989, 480
29650, 176
5069, 946
47620, 405
11385, 510
6871, 139
28350, 449
8219, 35
20562, 717
29472, 555
18484, 165
43180, 588
6793, 294
25084, 490
8826, 429
14324, 302
45939, 366
29100, 443
11724, 56
2467, 293
11825, 930
21957, 473
8913, 655
7880, 271
15858, 141
35337, 560
46595, 237
13235, 114
5748, 12
25475, 47
47968, 253
11703, 735
8027, 108
42861, 223
30132, 597
15428, 269
21141, 394
29654, 434
36214, 167
40939, 445
15303, 699
24659, 118
33528, 722
28574, 363
36845, 397
30595, 7
10795, 878
26205, 518
15073, 449
29972, 979
37652, 85
49965, 908
20497, 650
26760, 844
35987, 328
6132, 358
35101, 347
46450, 954
3480, 62
14638, 793
30753, 277
34621, 414
48421, 154
5910, 655
45068, 70
47678, 740
5733, 573
39477, 46
48777, 863
6343, 377
31083, 411
372, 549
43568, 522
11244, 183
1769, 872
43340, 171
42445, 823
13862, 724
19924, 835
28690, 871
20577, 990
5393, 77
48475, 43
40653, 406
26085, 78
42699, 748
31231, 22
4341, 907
14144, 919
17499, 469
19732, 718
581, 458
45576, 885
2756, 169
23475, 820
3241, 83
10757, 141
1876, 52
37849, 132
11696, 947
26106, 418
24851, 441
334, 944
2649, 240
23829, 953
13159, 48
22497, 114
43803, 843
13921, 786
19545, 906
24635, 825
40576, 912
18020, 986
4987, 982
15415, 917
47354, 900
17054, 331
6898, 491
25493, 472
21056, 368
20556, 215
8042, 154
11424, 181
36788, 419
6039, 33
1130, 47
7752, 905
30036, 556
13415, 548
35215, 55
44233, 576
19829, 187
12199, 54
34636, 296
41076, 1000
2902, 0
38522, 941
18450, 573
7059, 111
11868, 958
33293, 526
10530, 284
19780, 374
6837, 837
12751, 828
25223, 438
43770, 117
4168, 981
8302, 811
1672, 46
18275, 147
3766, 43
31328, 515
12021, 681
29659, 212
11759, 260
27410, 3
10784, 244
39272, 539
38801, 399
46088, 844
37014, 880
25019, 574
34154, 266
37142, 55
12890, 12
29210, 20
43188, 952
41561, 357
24179, 652
47344, 42
45161, 313
24246, 42
152, 785
23974, 419
46083, 691
12816, 33
21425, 287
43204, 310
35181, 992
22290, 945
83, 377
19241, 461
49175, 350
18904, 223
5339, 961
17476, 200
38597, 786
42773, 40
18532, 149
23663, 1000
19307, 112
11723, 773
2481, 810
17778, 371
3353, 632
21125, 256
46361, 857
47559, 920
43064, 333
26830, 407
38800, 271
8520, 718
24651, 453
44574, 886
33782, 998
33361, 900
22875, 636
45279, 304
40309, 669
22865, 790
9426, 18
28696, 917
44400, 790
44124, 32
26157, 349
32353, 665
18814, 997
16484, 113
9726, 281
32526, 206
14096, 555
30867, 359
24668, 312
1061, 730
47346, 839
30391, 522
15956, 218
23261, 455
15068, 762
10614, 288
23226, 499
29632, 740
38712, 187
21120, 523
49617, 200
47339, 98
13217, 180
46183, 698
13215, 213
11897, 466
16230, 19
11743, 429
32966, 368
6696, 200
46564, 108
34994, 483
42875, 687
18070, 554
49326, 827
44756, 490
7969, 780
2538, 320
20519, 185
13398, 571
21789, 199
20351, 237
8468, 583
19266, 214
39892, 232
31620, 533
48563, 858
21749, 716
49182, 653
38648, 666
26939, 455
6293, 153
18373, 798
32402, 13
29968, 522
39009, 900
42195, 811
44917, 267
40183, 340
13161, 937
41898, 357
30823, 290
39996, 766
48529, 844
30023, 124
7985, 998
26879, 789
46315, 977
11926, 326
11306, 961
46086, 223
23042, 593
39895, 354
26865, 474
2688, 428
38409, 946
17971, 366
9315, 601
40886, 939
7401, 472
6090, 377
14879, 87
26799, 488
32687, 938
40649, 562
19956, 249
40046, 408
44586, 66
49121, 731
32796, 50
23944, 402
27877, 864
17563, 317
39644, 706
26883, 656
33211, 885
46037, 66
10175, 20
18391, 576
6695, 790
30446, 447
29998, 259
36978, 254
15214, 852
32456, 1
16200, 538
23379, 324
41226, 52
20740, 794
30925, 321
9413, 997
15227, 562
5500, 372
39926, 623
35272, 202
31607, 250
15333, 497
16847, 655
22230, 153
10930, 964
101, 328
27478, 875
44744, 331
9560, 333
22294, 264
26228, 988
18582, 867
49043, 848
15912, 34
13497, 511
6987, 858
18406, 990
1684, 154
45106, 576
29312, 531
39063, 716
2679, 951
26920, 122
4779, 783
31714, 446
49704, 436
35575, 113
33360, 422
15208, 198
11645, 714
18576, 223
1290, 344
33332, 567
12828, 354
1469, 895
25004, 475
40200, 563
27692, 867
22079, 658
15128, 27
49032, 43
32310, 23
47724, 436
39125, 625
22850, 649
21023, 134
8444, 275
19933, 927
28256, 207
8917, 939
7061, 616
8945, 29
7282, 764
10143, 127
36960, 636
17245, 350
33671, 142
25322, 696
6613, 687
10736, 335
14646, 533
38383, 596
5822, 553
42077, 691
7020, 205
12011, 160
18761, 393
4699, 816
37178, 576
6659, 462
38217, 976
5886, 213
18741, 325
21488, 843
16731, 639
37213, 880
93, 945
23993, 116
7775, 41
27960, 843
42144, 444
43028, 835
45679, 521
7786, 128
2035, 778
28877, 102
10655, 85
31261, 402
25811, 994
37819, 991
27863, 508
13368, 726
40940, 458
8278, 797
16293, 607
13440, 587
47142, 57
4068, 898
36711, 597
26522, 756
29739, 123
34459, 874
41721, 57
28059, 385
28824, 292
26374, 40
26614, 205
48752, 986
15253, 594
42848, 110
44012, 397
41141, 230
13141, 481
7974, 564
45049, 778
32417, 873
22111, 542
9230, 292
7324, 394
45676, 611
8377, 164
37045, 952
46201, 65
10282, 307
37161, 805
34817, 2
46926, 96
30861, 203
10568, 852
34134, 560
29190, 239
3113, 69
23428, 593
2549, 181
49773, 258
32955, 129
34466, 689
20271, 94
34829, 34
31446, 961
43304, 667
47120, 566
15690, 116
23731, 12
4262, 262
27420, 863
36436, 368
3496, 504
2567, 253
45339, 234
46530, 142
36538, 685
27418, 924
41553, 490
28433, 136
25623, 198
5380, 876
36020, 753
41130, 327
36303, 478
38646, 424
11272, 886
47299, 283
40464, 464
48115, 785
9448, 109
12950, 119
8347, 68
35583, 305
10734, 287
6295, 517
16512, 815
23710, 702
4181, 845
28486, 569
46459, 677
31904, 983
26221, 210
7208, 30
23252, 458
33719, 580
34780, 577
44738, 37
18435, 422
16716, 377
132, 734
23430, 522
37890, 976
35177, 448
5862, 698
40061, 792
2522, 446
41090, 917
24526, 833
15732, 776
32737, 576
35895, 500
30976, 25
24714, 41
43359, 386
13792, 300
17826, 857
18601, 68
25703, 163
5792, 180
33161, 890
33878, 573
15169, 272
24570, 1000
19170, 572
17390, 57
39945, 574
15348, 927
32716, 613
6922, 970
26497, 394
21427, 470
37874, 292
17904, 781
8772, 619
25438, 709
47258, 341
18285, 842
6292, 645
43292, 314
40489, 373
17625, 988
37388, 709
42815, 217
16906, 355
10015, 612
12984, 566
18268, 879
23328, 581
14975, 185
39141, 348
29078, 54
17931, 821
2209, 74
5118, 619
4788, 186
28465, 924
39323, 499
24580, 885
41232, 640
47707, 958
23151, 427
19636, 998
48696, 725
5424, 790
46134, 493
44130, 302
8563, 376
25628, 94
22336, 15
35794, 703
30252, 703
39771, 222
28906, 748
44457, 627
6227, 151
32972, 432
16926, 12
37160, 390
41317, 140
9534, 397
10799, 798
8854, 113
7320, 486
33710, 547
35311, 673
2919, 892
49861, 579
34450, 194
38930, 427
9396, 90
28535, 538
26029, 134
16114, 82
32487, 665
38174, 235
29599, 329
35102, 529
1491, 867
5189, 316
49661, 954
12931, 977
17810, 551
15926, 478
47987, 316
21616, 639
5672, 497
21450, 459
17182, 440
47183, 406
49664, 470
23807, 233
43278, 578
22227, 183
8963, 662
9054, 105
25922, 890
22338, 95
15542, 774
9165, 465
32305, 119
47423, 939
49526, 87
41572, 116
18606, 517
11986, 262
22494, 390
23940, 464
36606, 28
16839, 780
46025, 820
21904, 396
4110, 297
21341, 307
13746, 416
46795, 672
14021, 602
10011, 268
28692, 415
17478, 770
45401, 207
40592, 756
21737, 449
43634, 614
48852, 819
33569, 114
33821, 864
12043, 751
1043, 45
4995, 517
33876, 775
16119, 292
4416, 592
12562, 681
43517, 704
17094, 137
43010, 858
2279, 421
17686, 732
30054, 186
18295, 958
11732, 161
5184, 660
38390, 690
29194, 350
38052, 717
8324, 90
16445, 93
14579, 774
12917, 532
23973, 675
690, 917
24745, 146
46736, 5
19836, 270
24470, 903
14910, 93
575, 120
11973, 255
17545, 202
46764, 801
9263, 711
44797, 966
25139, 556
11112, 578
29341, 267
7740, 432
11035, 508
15895, 232
12811, 667
24605, 548
13634, 13
41095, 463
38322, 82
47741, 491
11878, 213
8298, 985
23299, 307
48957, 398
12193, 922
15803, 744
33989, 819
43175, 233
24351, 207
18899, 52
5324, 960
42980, 441
28552, 968
17740, 123
25606, 282
8367, 570
18957, 242
11978, 582
286, 103
13098, 455
279, 591
34188, 467
9675, 391
13953, 432
46070, 669
42386, 151
31697, 765
1590, 257
19690, 662
1306, 108
40261, 32
35636, 144
49024, 454
7110, 922
2970, 625
47181, 993
44102, 910
45469, 435
5797, 333
11431, 983
28868, 156
10339, 832
30938, 812
4979, 560
18196, 844
128, 314
2262, 706
15821, 205
3055, 327
1216, 403
26849, 308
27966, 914
44423, 568
38381, 451
24395, 977
33871, 590
7857, 473
48640, 184
22940, 870
49283, 52
43795, 157
45209, 736
48000, 466
38817, 115
27366, 371
45540, 262
10064, 554
15855, 826
12796, 650
5807, 521
43021, 511
31918, 8
44564, 217
551, 508
10567, 943
34775, 201
23864, 77
32930, 148
45685, 989
4512, 756
12673, 123
1953, 189
24522, 63
22685, 308
13878, 501
17822, 681
48678, 764
17456, 662
43055, 978
1900, 73
10627, 526
46687, 478
7918, 895
32097, 140
6619, 391
20167, 832
49900, 602
18103, 692
43527, 423
27281, 149
16749, 309
4014, 889
16696, 603
720, 532
30752, 319
39552, 483
3134, 327
6453, 563
21421, 117
29308, 528
30327, 17
7494, 483
14224, 32
13073, 182
36733, 232
8239, 438
18824, 240
26275, 50
7094, 721
25507, 395
33272, 980
6521, 352
2190, 199
2799, 853
46473, 314
2724, 390
32973, 102
4965, 652
11304, 46
34182, 543
5032, 424
38329, 512
39847, 423
20034, 440
1441, 826
14404, 768
38882, 124
32187, 276
41704, 392
5889, 610
16473, 454
11966, 897
10728, 231
34511, 843
14935, 664
13610, 537
37431, 865
43293, 134
46020, 210
27982, 466
2441, 369
29578, 675
18742, 745
38578, 256
12353, 747
18746, 55
18431, 222
46248, 247
49461, 387
10189, 337
2826, 21
40443, 524
39505, 935
24332, 27
32138, 838
39508, 558
14117, 741
38582, 800
24409, 973
2833, 253
31487, 423
21821, 136
22056, 683
5055, 918
34015, 561
43214, 693
8729, 566
38756, 990
39439, 399
20689, 790
38449, 678
16171, 524
3969, 255
30990, 315
21524, 216
12202, 815
31289, 150
22466, 265
13542, 2
19564, 541
5020, 57
14998, 637
45990, 311
15413, 196
26524, 192
29236, 370
30067, 971
17460, 375
16427, 876
45033, 439
36301, 678
39336, 163
33470, 628
38022, 236
48732, 708
45111, 0
6072, 697
8152, 353
22255, 763
7638, 659
38573, 137
44736, 835
41208, 10
11081, 891
8920, 679
30274, 592
40077, 547
11693, 229
32568, 576
12177, 225
24633, 878
10977, 524
3877, 742
16330, 909
27387, 175
35967, 706
45710, 884
15661, 252
19018, 876
4212, 768
10986, 309
29083, 161
16149, 258
23444, 867
15291, 869
12928, 770
21777, 69
15198, 37
45789, 148
23482, 543
43473, 746
32847, 41
31072, 94
12959, 525
14168, 887
14219, 921
21592, 969
382, 919
14974, 152
17479, 552
11333, 317
9811, 976
2771, 642
29372, 728
47285, 30
49950, 766
44199, 341
22673, 636
39080, 28
12653, 212
18453, 122
41758, 97
8313, 142
5619, 845
17877, 469
36643, 340
39492, 868
6675, 224
25333, 615
11310, 932
37309, 649
13513, 443
48138, 953
24046, 752
24980, 881
35190, 417
41994, 88
9547, 715
30447, 1000
49490, 431
22577, 597
49504, 420
10215, 322
13839, 120
33603, 196
15313, 165
7469, 336
9110, 692
17979, 217
20488, 364
20825, 94
5843, 821
16024, 175
35247, 207
3515, 972
42050, 93
10570, 743
36032, 943
48591, 534
7380, 321
18238, 502
38533, 807
20031, 490
3279, 637
21268, 554
28583, 986
20312, 27
38347, 364
9717, 708
33113, 123
30051, 146
13238, 672
46665, 446
857, 379
10264, 929
42878, 564
13357, 16
2159, 597
43541, 825
7975, 367
7000, 946
36535, 438
17906, 677
47939, 480
39925, 77
19414, 217
23667, 473
30875, 646
26816, 248
36492, 879
34083, 165
38036, 615
26910, 787
27931, 795
41318, 245
45640, 902
24460, 399
33566, 586
40807, 193
14713, 784
20112, 470
23272, 8
1614, 802
33634, 108
1882, 943
26829, 828
43840, 130
23021, 772
1764, 415
33371, 265
24109, 423
11617, 403
7971, 876
40146, 258
25094, 289
5510, 360
5309, 914
1383, 199
38878, 289
27409, 706
45560, 832
31602, 737
5060, 187
6026, 485
5300, 41
21853, 778
40358, 458
32968, 947
11915, 809
29823, 510
14707, 220
38945, 392
30608, 145
20788, 447
27888, 649
222, 144
46225, 595
26555, 540
23487, 578
10348, 244
33795, 279
10373, 159
5111, 874
43273, 608
19814, 563
12140, 339
21728, 308
14200, 722
7901, 402
6712, 505
14808, 613
5751, 137
29378, 340
5153, 216
48919, 208
38516, 81
17750, 469
7559, 855
44696, 13
44191, 884
22214, 103
27251, 830
3966, 75
49829, 205
2371, 609
34181, 265
29781, 392
28272, 376
6263, 59
3489, 879
33309, 311
49519, 46
7671, 868
44317, 282
16628, 885
8882, 454
28132, 773
41297, 44
2624, 294
17677, 599
19440, 839
24224, 435
18875, 662
35605, 476
47373, 563
32980, 133
36264, 700
33958, 648
2283, 114
7372, 136
28876, 763
25481, 547
34980, 490
32291, 997
39039, 383
4038, 65
5606, 307
18693, 38
27244, 760
27751, 803
15773, 995
8242, 114
36778, 760
37344, 805
3070, 481
1090, 324
27976, 980
37525, 82
46688, 739
46162, 120
20708, 933
35525, 115
1750, 90
44877, 570
18748, 675
11351, 980
34096, 762
13838, 156
32383, 582
44685, 931
29219, 67
21864, 215
32244, 111
14071, 177
31857, 968
336, 311
30724, 156
45265, 850
284, 794
37694, 85
46312, 240
37802, 620
36455, 262
43687, 102
30289, 10
26072, 710
27069, 790
31754, 782
30894, 707
23571, 828
3463, 904
33947, 954
987, 565
47428, 166
11134, 600
37331, 236
23811, 651
528, 43
20889, 873
26483, 860
33104, 105
13250, 771
25079, 48
40488, 433
47392, 748
25119, 941
20060, 685
32936, 927
40035, 801
12094, 1000
48797, 932
14388, 947
32131, 870
38118, 953
21601, 405
11434, 816
46267, 804
23282, 722
40175, 774
715, 104
19422, 106
22911, 957
19033, 914
26511, 519
32843, 455
20501, 473
6818, 443
45798, 449
37092, 876
26496, 996
1927, 836
33292, 138
43301, 707
35725, 40
6553, 826
20789, 613
47605, 329
43633, 939
2579, 789
48606, 904
48555, 641
47624, 989
9576, 950
31876, 170
31629, 919
43971, 859
43268, 231
8730, 132
6418, 272
7262, 895
6678, 252
49610, 753
39228, 773
23397, 402
28436, 890
38808, 906
41473, 458
41571, 56
42458, 476
33158, 28
2684, 922
23214, 622
27414, 533
2645, 799
11268, 744
34752, 444
41102, 271
2025, 590
7309, 858
18251, 201
9795, 371
9310, 153
1272, 656
49601, 119
11218, 125
41075, 55
11927, 735
46092, 324
18105, 223
183, 990
19416, 202
14440, 49
17343, 678
18947, 408
42186, 57
38694, 559
24632, 158
2039, 847
48715, 885
30766, 972
7001, 924
9371, 750
44357, 857
30000, 847
13261, 315
40764, 231
15950, 434
43154, 983
680, 359
19815, 417
42614, 564
44759, 691
649, 465
39001, 437
16595, 688
41491, 259
14366, 366
39423, 646
40037, 632
8008, 741
27906, 74
42517, 497
31128, 508
24227, 102
12341, 18
22083, 760
1606, 334
47262, 692
36657, 989
3707, 660
2875, 166
28490, 367
14593, 585
48050, 399
14876, 770
20706, 320
19007, 479
26581, 942
731, 650
24956, 689
11903, 108
29408, 424
20983, 966
1774, 301
17925, 105
14587, 895
47875, 762
49924, 42
41679, 893
30458, 942
43343, 742
7841, 223
38301, 946
43535, 614
47821, 287
1123, 1
21786, 611
12500, 983
36946, 1
6924, 56
491, 121
25860, 45
1237, 392
40781, 424
45123, 363
8227, 245
45037, 569
20516, 828
34373, 789
17133, 343
20059, 185
15185, 163
33022, 174
5673, 628
27443, 604
2976, 856
156, 1
17059, 312
35207, 765
12758, 197
2905, 497
23838, 215
47809, 954
27442, 286
28820, 208
38357, 623
16888, 763
2483, 730
5478, 896
23722, 998
25655, 8
2249, 311
14757, 296
2369, 79
20130, 42
25531, 624
18456, 472
33525, 39
29103, 124
26404, 881
8797, 484
12261, 173
38352, 960
2222, 567
10775, 254
48422, 589
12502, 780
3119, 845
21511, 868
31466, 531
3368, 35
9025, 222
11876, 76
22447, 490
8980, 178
46717, 379
23880, 703
15596, 506
13096, 550
7241, 628
21573, 624
27646, 737
2195, 270
10290, 779
22521, 404
39347, 956
8382, 988
28150, 8
45070, 226
21378, 544
37875, 125
7667, 128
20412, 744
7190, 810
10727, 546
46865, 361
43724, 415
45029, 84
35256, 345
13785, 691
33381, 827
2805, 566
13748, 505
49881, 442
38576, 366
38732, 741
33555, 352
35044, 880
33904, 477
11092, 39
42383, 447
1100, 542
1013, 383
39465, 88
42492, 46
15053, 508
39124, 333
17911, 452
44510, 16
8449, 923
26684, 518
20345, 6
48213, 18
33550, 414
7544, 219
21964, 483
15234, 174
45642, 569
24920, 32
12902, 639
28921, 645
3882, 540
26729, 6
22543, 282
25047, 26
33409, 481
5436, 679
6819, 484
16393, 167
35121, 98
9957, 521
2000, 643
23630, 851
16922, 880
13076, 604
10808, 949
30230, 298
13298, 421
1591, 653
1962, 255
30106, 311
27329, 537
38555, 78
16670, 418
47396, 537
9219, 778
36776, 33
22729, 803
45014, 201
3110, 513
47477, 324
11769, 788
41457, 313
44210, 146
39312, 208
13092, 394
43434, 374
19379, 527
27852, 163
5938, 188
38336, 871
40417, 540
18332, 560
20080, 115
48868, 340
17762, 142
38812, 552
3812, 699
43926, 67
27005, 163
42834, 195
13532, 905
35068, 442
9800, 525
29679, 740
18023, 255
31064, 645
26973, 661
1168, 251
48129, 492
35312, 167
24376, 550
6376, 609
35252, 22
3101, 270
39853, 991
5072, 974
14018, 263
4013, 182
41326, 803
48344, 544
2961, 602
22327, 466
1649, 111
27233, 529
14552, 370
13965, 888
21351, 602
12429, 601
11538, 996
38695, 889
32449, 783
14795, 205
35723, 50
8644, 902
22307, 922
28942, 648
36748, 741
409, 121
8360, 702
42528, 144
7890, 392
16632, 473
42412, 130
48927, 517
10297, 107
9058, 932
34211, 217
15572, 47
11938, 833
4542, 269
16902, 92
36503, 914
26774, 422
28375, 244
22891, 916
18986, 302
8676, 173
32610, 119
3196, 827
31169, 165
530, 451
46776, 586
49638, 524
37631, 402
25998, 461
13597, 41
17644, 529
48498, 784
41505, 579
14180, 771
19994, 468
44693, 721
18807, 190
15568, 706
20772, 1
5046, 309
10012, 27
33004, 999
49898, 904
48329, 118
28180, 693
47896, 50
27130, 10
37480, 941
45849, 626
25984, 991
39554, 723
48428, 492
14842, 402
46558, 787
27316, 214
25156, 768
3280, 422
49257, 740
29890, 561
28683, 974
30495, 18
26589, 400
3298, 976
15097, 501
28971, 754
8106, 153
5287, 460
10085, 666
5942, 751
17331, 312
45842, 417
10881, 29
8827, 779
11924, 462
38466, 323
49847, 611
8645, 283
14523, 658
13983, 673
36686, 335
29898, 407
27775, 779
5416, 762
47190, 650
35921, 581
14425, 563
47976, 462
37292, 31
16972, 12
36908, 220
43259, 735
12823, 315
20225, 248
12590, 376
3478, 192
11688, 931
16798, 463
45866, 855
24177, 843
27958, 666
13984, 728
15717, 661
24878, 251
1246, 825
7784, 839
11110, 70
7516, 148
39634, 156
7338, 687
38689, 551
24496, 823
11421, 444
6020, 706
49215, 234
29638, 400
1494, 537
43781, 82
5139, 510
3004, 299
16266, 890
4641, 605
42242, 654
11808, 818
46195, 29
4358, 1000
48356, 817
23549, 141
6452, 102
5246, 125
4751, 216
44003, 713
1395, 349
31662, 684
42871, 775
46763, 884
9175, 211
37145, 170
35564, 329
27091, 252
15103, 63
28733, 309
45375, 906
310, 172
12654, 188
25126, 477
23478, 946
27722, 728
25474, 915
45079, 132
769, 347
33418, 549
39999, 382
34274, 4
22285, 957
48847, 779
43205, 926
37421, 26
1952, 431
32690, 880
18993, 827
6679, 435
40520, 399
7523, 628
29217, 287
43614, 829
47870, 802
6626, 787
32549, 483
33208, 745
30363, 563
22580, 168
5714, 907
28588, 465
19491, 760
34108, 326
5425, 325
32215, 890
6504, 585
18727, 976
29702, 693
559, 862
40944, 918
1435, 68
13474, 120
12733, 822
24125, 65
15873, 987
31407, 284
34640, 937
32287, 321
29117, 231
26033, 17
2943, 568
1727, 56
12113, 283
23846, 785
14507, 159
31819, 811
42353, 203
11559, 570
43222, 18
46993, 58
8890, 896
3362, 938
31898, 316
16345, 275
37277, 861
45139, 925
46278, 127
41685, 316
16055, 833
48709, 44
15707, 991
12689, 987
27137, 750
7998, 821
39463, 623
10729, 943
20177, 537
48049, 859
29266, 451
14554, 769
29703, 585
7464, 958
26136, 715
27724, 864
35057, 568
30941, 92
43501, 114
46965, 263
43874, 467
30678, 977
8417, 194
21539, 186
37634, 832
12404, 615
28087, 406
48870, 330
1333, 976
47847, 425
20162, 591
21905, 328
6723, 388
5649, 88
4795, 350
40606, 973
32997, 311
2188, 509
3542, 718
30180, 307
42084, 395
36339, 76
7103, 406
35249, 923
23614, 157
48522, 975
8636, 751
30114, 521
30015, 303
22195, 193
40367, 452
18213, 6
36638, 682
9932, 250
452, 693
41872, 544
6369, 306
6358, 869
26336, 866
13620, 133
15656, 376
4129, 838
3947, 692
40627, 96
31483, 460
49798, 882
18672, 418
44925, 422
31869, 36
18086, 316
14225, 696
21716, 901
10685, 255
19952, 104
10854, 16
15063, 111
45170, 671
1635, 500
41371, 95
4810, 14
46636, 507
7504, 16
9524, 840
22399, 284
15749, 516
10995, 837
38215, 210
44502, 548
46786, 846
3509, 837
11520, 732
35285, 77
41460, 123
49779, 748
49729, 592
49242, 589
35234, 737
44881, 221
47774, 259
34762, 801
35833, 505
18665, 209
38758, 569
40101, 283
2637, 476
17402, 315
48272, 615
28036, 527
44323, 468
37027, 805
22104, 650
12227, 355
775, 862
36866, 959
17715, 265
10100, 785
11842, 463
16970, 494
354, 929
2590, 577
46105, 641
24602, 390
28014, 362
44872, 948
40090, 519
3139, 848
4686, 667
9701, 593
17344, 630
39696, 108
20637, 579
34336, 434
29086, 70
47597, 468
31948, 420
36364, 978
10395, 81
8498, 289
25045, 115
48636, 547
36716, 398
25750, 469
24548, 798
7301, 45
20309, 717
33035, 362
24171, 625
37790, 530
38268, 791
31181, 552
23512, 508
23894, 358
49192, 815
48321, 817
31634, 290
5596, 182
13483, 222
40507, 136
13043, 307
41037, 387
2741, 221
1255, 486
25334, 937
4106, 99
7873, 438
12112, 4
36010, 20
21370, 325
35070, 27
41576, 811
21663, 874
38532, 409
7836, 871
48110, 443
21201, 404
41925, 407
41751, 353
45308, 38
44139, 667
13180, 463
19887, 589
31552, 180
26113, 94
1143, 317
37048, 422
6980, 401
22513, 104
22088, 613
29840, 663
39209, 247
26828, 120
5226, 274
35691, 992
47058, 301
9234, 2
4904, 433
39769, 352
18198, 247
34626, 152
46845, 424
44029, 996
6269, 404
32781, 35
4335, 270
48615, 864
5934, 248
1534, 613
16563, 254
49877, 513
47973, 271
35808, 724
12172, 710
34701, 516
7823, 652
20522, 845
18776, 961
5100, 447
41744, 374
1363, 566
19630, 195
7167, 96
25932, 859
32194, 255
48999, 111
14701, 148
22759, 646
17963, 830
21361, 729
15560, 853
36941, 49
10849, 347
42127, 132
18593, 274
12302, 268
48494, 390
16283, 945
5796, 913
31603, 984
8805, 520
19596, 423
11845, 339
9212, 286
29262, 567
18721, 260
15731, 997
16598, 817
18793, 927
36177, 290
13130, 806
15451, 434
41881, 24
43890, 334
2755, 344
36973, 223
30702, 813
13807, 981
31238, 564
11715, 408
42283, 584
47677, 198
36494, 14
49760, 254
7703, 353
9751, 595
46373, 879
16647, 73
4163, 374
12651, 635
7138, 327
47950, 852
36265, 498
25133, 39
16423, 168
20850, 45
42997, 758
44185, 755
35497, 285
34371, 96
26351, 935
22208, 329
30520, 346
46476, 490
32273, 676
5602, 561
46900, 995
24181, 492
36541, 379
27902, 518
28767, 513
38741, 94
38230, 284
32088, 181
34552, 271
47962, 128
5964, 931
23078, 243
44327, 489
751, 229
28181, 5
20885, 937
49160, 772
36224, 628
31684, 137
31145, 250
32093, 7
48471, 453
42159, 34
13289, 229
40413, 198
25106, 18
38100, 530
39006, 390
25515, 581
27822, 390
27504, 893
15422, 269
38189, 465
20500, 331
13763, 814
25851, 649
32777, 732
22435, 6
3649, 855
21757, 407
36361, 824
21033, 458
30671, 321
2632, 3
7215, 980
7989, 555
20787, 420
26267, 98
34486, 151
47546, 191
1107, 776
10048, 963
937, 527
38595, 620
39379, 717
10344, 638
35142, 587
33380, 682
3446, 65
48730, 808
14645, 219
28075, 985
41490, 102
25088, 301
14960, 472
32538, 40
23996, 196
44310, 526
42265, 355
4009, 594
27593, 543
2314, 789
10123, 437
2895, 659
37313, 46
34833, 356
1081, 895
14098, 872
9813, 397
5520, 26
23879, 994
49512, 469
45212, 497
11441, 634
18945, 123
1453, 128
6420, 507
15525, 325
48335, 130
39243, 292
20995, 169
34530, 409
18402, 903
20313, 536
25858, 642
42666, 889
40813, 296
47720, 494
8537, 353
29008, 854
31632, 247
27821, 42
20243, 976
10141, 101
39036, 911
36745, 460
19202, 312
20851, 535
15640, 442
8688, 943
23900, 565
32262, 487
33791, 331
19873, 18
49569, 134
48207, 953
14599, 331
40421, 503
28417, 221
42140, 761
27871, 278
23459, 629
49191, 422
14101, 104
25303, 936
2625, 573
49973, 433
13945, 126
20376, 250
34863, 876
2754, 857
3967, 361
44101, 407
24871, 9
18106, 158
30727, 777
17640, 137
28160, 427
13253, 339
5472, 538
43910, 27
5002, 2
41507, 405
29952, 960
20025, 24
15881, 708
7502, 738
24502, 422
13503, 879
11122, 534
45825, 55
8156, 600
45558, 571
38253, 46
45783, 684
1367, 504
17910, 559
46465, 301
6545, 306
23991, 557
9121, 742
8844, 3
16578, 29
34029, 799
18605, 28
48949, 95
3433, 212
15793, 430
31852, 779
12377, 966
23016, 624
977, 911
49665, 986
11597, 493
42231, 304
20121, 521
26663, 230
24115, 243
5455, 634
40047, 42
39964, 427
34074, 896
3352, 790
10106, 625
8839, 584
244, 736
24416, 293
316, 564
12767, 203
21977, 869
7373, 679
5629, 321
24172, 680
5093, 473
10416, 673
21015, 942
47371, 237
16977, 369
39115, 372
513, 8
657, 587
9160, 585
49072, 351
30367, 959
42610, 848
21288, 327
20810, 973
43626, 169
11657, 673
24243, 173
12285, 367
31272, 96
4797, 831
13461, 790
15488, 851
45399, 272
3235, 192
21037, 995
47266, 74
43498, 203
16, 706
24803, 424
39579, 82
41637, 8
43049, 70
27897, 782
26177, 338
27445, 321
28409, 90
12379, 110
15019, 990
20383, 436
3329, 823
17064, 840
9374, 982
38737, 276
35876, 17
41073, 95
2614, 293
42447, 292
39104, 107
37256, 883
28389, 228
38470, 895
5062, 820
24419, 835
9074, 515
37229, 368
14017, 97
3793, 430
28284, 863
41955, 160
4298, 361
36817, 58
8810, 428
1659, 333
35446, 952
26421, 203
40774, 794
34534, 23
5177, 312
38847, 802
10478, 265
16061, 709
4340, 837
30613, 918
39939, 196
43664, 951
26693, 154
11378, 124
2520, 941
10372, 668
22313, 855
46971, 331
20940, 258
39444, 33
22535, 377
5576, 116
6421, 700
7021, 396
32204, 35
40696, 281
29380, 711
49817, 930
24970, 867
27057, 335
2782, 742
28502, 136
41251, 187
26127, 384
18054, 348
20095, 626
34004, 556
39043, 401
8659, 309
4555, 532
12934, 544
30688, 51
31287, 950
32957, 620
19393, 788
42027, 213
32112, 26
8285, 729
19028, 60
36228, 319
15720, 977
4084, 337
122, 621
3630, 461
33430, 178
6247, 228
33061, 572
30569, 302
29346, 683
41858, 501
4410, 381
11382, 757
19692, 163
29139, 446
33621, 415
38447, 807
3506, 266
43017, 997
28940, 937
30715, 69
12522, 817
1212, 475
45297, 365
1166, 843
28056, 416
17711, 683
6110, 644
39152, 100
49551, 987
35703, 829
34603, 644
23946, 748
25081, 917
12988, 449
41860, 339
5955, 633
33394, 305
28915, 659
8809, 775
34525, 413
47671, 328
38797, 681
21626, 463
49036, 300
48621, 950
25365, 411
44559, 362
13687, 999
29647, 556
2111, 21
48580, 707
30999, 178
42718, 597
21031, 761
33552, 76
40984, 202
3546, 516
47525, 824
16572, 646
39283, 735
49835, 161
39377, 448
39645, 85
23692, 831
12916, 832
9818, 770
30659, 43
6740, 342
17369, 874
23247, 606
319, 70
17481, 46
22203, 675
49648, 32
37101, 868
11481, 149
44651, 736
22012, 106
26884, 527
34493, 123
8757, 976
15914, 880
46365, 577
15733, 568
27107, 105
45723, 533
15725, 225
47353, 882
31356, 655
28529, 487
26249, 381
28091, 798
14002, 951
48246, 457
45133, 958
32436, 885
34851, 219
33860, 457
13689, 380
622, 297
4851, 470
18077, 645
9484, 921
3854, 4
6243, 30
36240, 879
48312, 17
15808, 221
28838, 272
34698, 463
19557, 499
20726, 917
29476, 294
48671, 241
10886, 929
44717, 20
20302, 383
8584, 799
21062, 920
41547, 998
25742, 246
29767, 138
27980, 369
30547, 917
8959, 191
48519, 645
46416, 73
21472, 802
27389, 589
38401, 487
40925, 460
13243, 149
26197, 854
33339, 5
34092, 347
38966, 193
6700, 655
45554, 96
19820, 529
33066, 850
705, 895
29054, 864
49939, 638
23359, 424
4052, 234
10850, 799
17622, 333
49964, 793
6321, 847
9847, 480
38982, 99
17172, 716
13471, 925
36543, 268
1177, 61
45899, 922
26867, 40
19803, 192
37317, 604
9329, 575
41294, 935
44111, 801
12838, 57
31628, 492
18521, 369
7474, 42
36947, 676
1549, 828
6236, 83
34607, 51
47027, 686
31039, 631
10057, 111
48291, 23
14411, 131
36505, 796
26777, 794
5027, 328
33489, 504
11718, 610
36675, 298
15869, 160
1343, 737
14936, 302
11210, 600
46787, 919
15891, 574
24191, 854
16050, 773
23588, 673
47288, 490
30655, 511
35007, 467
26588, 420
19244, 615
40251, 655
40775, 5
13302, 296
40620, 260
38212, 230
48119, 542
32488, 668
33122, 969
31227, 574
18066, 490
15530, 636
25582, 938
49503, 285
41343, 456
25364, 39
18176, 877
19022, 405
24170, 386
30773, 544
49064, 100
35238, 601
48382, 135
38463, 624
46310, 484
15427, 752
28177, 303
42607, 311
16038, 764
5780, 281
30156, 939
9967, 330
28230, 33
22562, 174
6737, 71
7905, 435
4969, 552
44254, 763
13343, 327
36743, 623
18572, 257
49270, 162
42967, 503
14649, 460
11900, 635
34812, 721
43638, 919
40573, 753
45856, 555
40823, 789
16491, 138
8318, 257
3185, 762
41345, 821
31205, 671
13048, 943
19050, 772
22041, 68
4306, 665
46655, 725
22328, 227
36190, 606
46396, 789
7581, 600
27910, 617
2868, 794
28185, 51
5021, 514
38101, 33
43399, 424
41252, 892
29651, 354
2055, 158
21076, 878
34912, 741
13428, 235
5888, 43
9919, 976
39967, 158
36792, 989
12882, 306
569, 637
35563, 700
30127, 583
924, 383
40389, 219
9303, 298
35129, 723
45517, 346
4388, 992
23079, 475
7149, 187
16408, 246
1315, 571
11647, 472
7779, 790
10610, 865
1391, 198
27992, 14
32077, 245
4733, 222
33896, 787
32278, 762
26305, 588
41412, 150
42578, 880
25839, 643
23488, 770
23815, 810
30330, 85
868, 369
15424, 85
11171, 98
49327, 239
46800, 64
28566, 664
26785, 394
7385, 420
7513, 389
33760, 831
21617, 313
17782, 654
1978, 995
49405, 627
35178, 15
39070, 101
28769, 716
25488, 220
45886, 944
8480, 339
37582, 144
823, 262
48793, 995
31027, 262
38512, 886
23783, 602
25399, 438
44002, 270
40566, 27
23976, 846
18168, 144
8297, 603
8602, 756
13340, 404
42758, 825
36087, 884
35737, 606
1708, 562
41737, 792
5998, 92
19476, 58
34712, 632
25747, 710
46318, 186
37354, 602
42794, 626
13650, 498
27621, 170
27825, 939
34077, 764
49886, 214
37194, 315
49477, 4
3407, 322
13108, 994
32699, 308
36724, 491
1968, 637
32119, 626
48394, 152
23998, 565
14181, 318
14637, 292
43489, 711
35309, 8
4997, 798
4074, 785
3885, 803
35370, 341
26166, 261
10460, 133
24377, 803
34156, 376
1689, 304
48739, 976
30732, 134
48351, 787
10603, 364
46907, 218
46291, 381
16530, 835
32616, 314
44918, 705
9979, 227
6649, 7
26900, 310
6544, 163
34935, 277
2818, 814
11067, 16
4883, 781
31042, 306
13652, 305
33736, 16
21678, 327
32036, 641
9695, 296
1813, 674
32638, 0
22745, 171
39976, 346
2975, 340
33593, 277
38946, 901
26506, 691
1336, 786
35722, 273
7996, 777
12083, 156
8569, 1
43315, 798
41950, 648
34478, 580
1148, 260
8019, 640
317, 115
3126, 213
14519, 825
24371, 8
3640, 306
45006, 781
9, 295
15183, 104
31809, 513
5468, 940
303, 839
35018, 355
44823, 254
16807, 803
3863, 197
27697, 897
22129, 162
10024, 867
38834, 93
25727, 113
48504, 837
33854, 566
23754, 774
20644, 640
49250, 602
18040, 432
23104, 764
34523, 94
12090, 724
30232, 836
38767, 544
32773, 909
28534, 494
27602, 528
38098, 795
25168, 601
44253, 426
7344, 595
10572, 310
25726, 525
4618, 967
19597, 953
4170, 663
25661, 311
31014, 461
22425, 929
29605, 555
39540, 565
16236, 364
6647, 1
36268, 146
13023, 891
47914, 902
8138, 577
43018, 252
29462, 570
38448, 569
40495, 450
22524, 591
47786, 591
40475, 466
36139, 271
49090, 129
42405, 67
35707, 84
32121, 976
32730, 601
25459, 574
1490, 187
24698, 471
31784, 192
23154, 107
46984, 863
16193, 799
45485, 963
18379, 165
24025, 536
37605, 351
9596, 487
37393, 291
22826, 896
32882, 434
20803, 573
3689, 97
41281, 226
32797, 48
39365, 963
22771, 22
14202, 314
15392, 425
47798, 282
25561, 6
40824, 777
34238, 41
45597, 473
26488, 134
13859, 548
30907, 693
23743, 218
3923, 328
48703, 505
12350, 311
23269, 826
37781, 643
35671, 336
27301, 456
40447, 866
26014, 184
29247, 803
38134, 700
10243, 964
42793, 558
2878, 492
44992, 21
27360, 574
43946, 846
44727, 513
38579, 522
29081, 199
49622, 827
11651, 741
39126, 690
39850, 562
45234, 423
18684, 192
45359, 783
47828, 851
44142, 527
25809, 812
6240, 464
21124, 73
41333, 96
49010, 667
11247, 562
24962, 384
44080, 57
9313, 998
39395, 812
40181, 422
24298, 729
35836, 215
36274, 883
14252, 506
7442, 515
19459, 949
49712, 205
1982, 6
9600, 220
38782, 571
46962, 286
45489, 17
19361, 535
28415, 161
4859, 423
3429, 10
33485, 951
11850, 556
32168, 143
4294, 30
5108, 124
29263, 954
46353, 390
24629, 717
21075, 407
2925, 738
4671, 619
23594, 801
16758, 739
47945, 130
6079, 399
42088, 541
45973, 664
41025, 37
21307, 24
37295, 658
32297, 977
25367, 682
2691, 279
2340, 853
38176, 195
30167, 783
41855, 641
11838, 962
15194, 841
18984, 364
40586, 451
43613, 661
13997, 2
41890, 553
39566, 989
17404, 538
23463, 473
1378, 49
9968, 485
7888, 827
16905, 619
12524, 152
44433, 157
33323, 766
45129, 742
10424, 288
27074, 807
12461, 583
10169, 949
10723, 846
37169, 998
9477, 458
40530, 954
4, 901
47492, 180
14524, 278
5320, 246
31221, 106
30438, 106
1879, 660
29637, 160
10133, 605
8754, 184
2800, 405
28946, 288
46654, 708
6146, 198
41951, 982
12696, 519
18387, 854
16712, 609
42663, 530
47473, 593
37439, 920
24438, 68
39503, 50
26723, 786
46523, 698
18271, 266
10045, 504
20215, 840
13245, 376
48946, 686
12646, 496
26933, 123
30628, 698
1191, 961
22804, 577
38730, 416
5708, 866
41929, 211
10606, 971
18540, 45
18061, 350
35333, 942
38609, 792
32695, 346
31695, 116
12044, 131
48075, 935
46280, 670
22760, 385
49101, 474
43271, 814
16795, 549
39359, 888
31554, 258
10551, 127
42863, 787
31816, 532
41263, 657
9402, 444
35783, 361
29664, 617
3781, 927
19483, 651
43019, 360
40613, 697
46994, 787
42797, 697
18159, 44
41428, 168
26901, 970
40109, 37
30337, 777
49469, 535
37414, 100
25471, 291
31660, 14
34215, 983
12627, 161
14626, 522
16752, 264
527, 814
31511, 704
10096, 57
7798, 476
25530, 744
48395, 111
46135, 549
11175, 858
28462, 226
48175, 439
16865, 670
17320, 899
34976, 454
33342, 833
39934, 293
25605, 202
17371, 934
12195, 675
36897, 240
48898, 562
20240, 281
14114, 877
13887, 30
40584, 770
43430, 36
21263, 208
23750, 496
46628, 163
14320, 345
49473, 613
34694, 626
26742, 308
35245, 307
39753, 503
34009, 88
19959, 192
33592, 14
5877, 234
2744, 363
32840, 511
43816, 894
43432, 191
2572, 104
28251, 604
15509, 819
9380, 1
28836, 554
15654, 386
4948, 916
23782, 288
1642, 937
20385, 643
39580, 991
21941, 704
8455, 402
13481, 899
21944, 942
42016, 666
31938, 391
20690, 757
11339, 557
15587, 90
14231, 683
13934, 1
2528, 978
29610, 460
8201, 67
28013, 548
1399, 536
8015, 771
40466, 904
4036, 191
29792, 592
32993, 871
35212, 590
18311, 458
6204, 747
33156, 512
35926, 645
11935, 312
45116, 887
45364, 136
13930, 171
6319, 316
47800, 448
46804, 178
29158, 839
44868, 443
12220, 335
15848, 988
12645, 147
40373, 264
466, 71
7848, 677
30913, 621
20066, 683
7506, 670
25255, 9
42529, 338
19711, 959
44351, 513
43045, 820
42888, 264
42524, 804
10356, 112
44773, 814
37979, 829
42092, 212
4117, 110
43308, 455
14157, 5
5384, 48
32039, 503
14499, 847
26889, 249
1983, 912
16270, 645
34858, 35
9963, 106
38951, 140
13822, 716
27567, 802
23499, 795
22668, 245
1903, 917
30121, 942
22390, 393
22611, 944
3077, 910
689, 969
37257, 166
47341, 400
24338, 460
29466, 229
2379, 826
36300, 126
13028, 719
46432, 943
43958, 445
1122, 709
3071, 624
33556, 139
45692, 100
39609, 388
29868, 687
29153, 690
8549, 865
46594, 526
37771, 414
5018, 231
24566, 199
49990, 131
26736, 53
4086, 590
29981, 286
28517, 298
29773, 492
38898, 462
28830, 769
46832, 984
42763, 693
23624, 267
36359, 412
29442, 888
19499, 261
3621, 121
1024, 991
28426, 190
16832, 617
812, 823
45040, 717
48120, 826
42354, 575
10618, 885
7024, 680
8329, 998
20441, 38
27832, 256
26326, 840
1493, 615
13405, 631
24906, 527
44398, 666
16736, 750
13145, 319
38399, 739
13821, 961
3360, 108
23097, 975
33307, 35
24212, 215
26822, 463
10396, 753
46340, 483
9758, 123
37291, 258
42032, 372
44537, 306
33154, 657
49992, 901
12964, 484
5818, 872
33301, 49
4395, 1
10323, 827
34098, 495
12278, 519
41633, 266
23652, 362
49935, 784
40104, 915
35627, 139
4194, 69
4876, 843
3764, 547
2508, 265
33820, 632
17288, 959
35885, 552
11910, 606
2133, 440
27656, 208
31300, 283
14718, 975
26935, 762
32917, 510
2109, 734
3367, 388
33901, 297
13374, 873
24256, 803
18059, 91
39720, 940
46255, 621
7439, 768
33079, 978
17755, 608
12299, 521
33118, 679
16380, 987
9083, 201
24797, 886
44798, 222
45349, 887
4006, 284
17173, 639
37558, 700
11765, 608
28143, 642
42163, 132
29961, 713
45419, 75
18786, 9
25042, 536
24973, 547
22801, 304
24656, 72
29238, 890
19608, 72
10957, 979
2662, 170
2971, 656
681, 372
30919, 323
21290, 75
19136, 511
21323, 586
25032, 56
31706, 461
33185, 996
6936, 451
31106, 147
13917, 306
29657, 28
8628, 284
30934, 944
42872, 198
18613, 125
40017, 211
45260, 909
32869, 880
9264, 935
12899, 221
18288, 102
9636, 643
3171, 56
41964, 809
31109, 111
36144, 568
32916, 12
45916, 622
31644, 766
19904, 704
15301, 974
6495, 860
44004, 293
21521, 452
1141, 38
1400, 610
32440, 573
23241, 28
9490, 699
14719, 679
35526, 667
13584, 837
47244, 793
11388, 809
24666, 225
22488, 574
23845, 729
3567, 458
2769, 226
11447, 674
30031, 477
30129, 774
39500, 38
25937, 139
18711, 292
41186, 687
25837, 311
8397, 541
37557, 914
7144, 519
18243, 49
36149, 445
29106, 360
39291, 49
3756, 896
27222, 840
7885, 608
32069, 338
38902, 694
37947, 266
24699, 422
12969, 757
45286, 130
21908, 752
43897, 137
16187, 99
39459, 682
24288, 483
15623, 358
4361, 99
38662, 22
11733, 235
8249, 460
28301, 197
46320, 598
20427, 402
44136, 512
4093, 560
6008, 424
29133, 495
48800, 477
19296, 28
20931, 429
17352, 520
18124, 629
28464, 953
43582, 689
11663, 215
8123, 211
41035, 714
43691, 617
29835, 496
3783, 912
38145, 44
45090, 55
28928, 891
29140, 875
36077, 644
41304, 295
38295, 102
17356, 729
21634, 559
15246, 220
48283, 777
38524, 695
11543, 970
30847, 729
14694, 645
36750, 731
33853, 564
32812, 226
23881, 667
40512, 705
19140, 334
4479, 802
1734, 891
44471, 811
4547, 665
44309, 693
37599, 760
45138, 749
22128, 753
6028, 370
17588, 350
25695, 190
20593, 456
45125, 889
35351, 358
44269, 192
189, 322
18946, 141
10496, 445
49366, 715
37961, 542
5505, 407
41386, 244
2843, 110
10663, 491
16541, 6
24379, 447
41577, 449
18092, 651
15800, 102
18569, 501
19466, 710
23400, 274
18001, 155
14964, 359
27875, 209
14559, 241
21277, 330
19787, 865
1883, 706
38794, 445
25867, 278
20781, 830
22699, 495
13845, 188
48523, 538
406, 675
38525, 396
43221, 138
6253, 66
17285, 837
14811, 731
46837, 518
6732, 838
33056, 471
12196, 279
17290, 21
43450, 773
48772, 436
6641, 175
48552, 738
5758, 159
41783, 648
20459, 988
42504, 549
1877, 987
36693, 567
30972, 87
47211, 824
17018, 953
5710, 389
36864, 948
21671, 379
4398, 436
45074, 715
14121, 80
2198, 202
18119, 785
9667, 624
1598, 906
36445, 548
30885, 272
17305, 236
44144, 676
8974, 239
8718, 493
37586, 82
29269, 93
47673, 6
31525, 404
47209, 343
47023, 639
21966, 295
20704, 175
21183, 968
13733, 147
29274, 44
42056, 882
35914, 730
7948, 716
5301, 251
3182, 108
25338, 668
31606, 188
835, 64
29908, 562
39719, 687
12116, 680
25140, 477
47404, 132
48952, 402
20953, 520
24991, 601
44117, 201
39488, 380
13175, 195
137, 954
19188, 224
9879, 116
37226, 357
42580, 755
41961, 901
1638, 0
322, 315
23666, 345
2816, 854
39744, 524
45019, 648
23542, 36
29345, 198
39284, 167
16205, 112
27970, 974
25240, 13
6880, 975
22740, 525
6715, 400
17967, 611
9626, 470
21869, 509
1426, 752
11028, 491
34054, 943
36644, 888
43088, 4
40241, 655
26610, 642
6616, 152
21116, 727
34499, 344
28726, 85
25853, 721
5631, 756
10286, 235
390, 819
46859, 692
49203, 137
23503, 569
6493, 589
14705, 330
7773, 926
30850, 385
27698, 509
44865, 515
12952, 141
43128, 813
45893, 791
33229, 430
29170, 940
46445, 636
20878, 626
16289, 798
11153, 319
7438, 490
44605, 385
894, 39
21533, 915
42695, 466
20402, 966
18698, 952
34403, 117
8675, 362
36688, 706
35093, 953
33635, 627
1427, 475
34126, 515
37992, 474
7169, 211
37390, 153
37994, 435
214, 676
4348, 299
4771, 661
49920, 488
11278, 172
45876, 722
34573, 848
4537, 333
1041, 229
20386, 363
30791, 718
10700, 87
5389, 522
46002, 494
32665, 371
21073, 76
15112, 853
10766, 818
2121, 503
3372, 344
15463, 685
37174, 706
27248, 922
23635, 902
37088, 199
43712, 907
43601, 516
36130, 175
24444, 113
38002, 392
23525, 843
23539, 13
12124, 225
10426, 604
15050, 72
26577, 942
1428, 80
47759, 174
45952, 597
14297, 764
33679, 627
34517, 538
13681, 771
21240, 832
46140, 611
22495, 83
9612, 363
8748, 570
26964, 587
16366, 386
21359, 463
12523, 666
6003, 458
24023, 362
28984, 131
19550, 598
43606, 457
20228, 993
34122, 21
22815, 728
41430, 75
6246, 0
22204, 65
44896, 214
1434, 692
41134, 208
26424, 231
11400, 752
30672, 718
4260, 777
24733, 530
44726, 448
3065, 176
4869, 452
33668, 475
11079, 940
32911, 5
4736, 448
8004, 97
25836, 156
26525, 880
46927, 685
49647, 605
45490, 600
4541, 388
46948, 978
24799, 761
32430, 868
25376, 369
1546, 470
21215, 955
37450, 142
21456, 307
47611, 909
49595, 921
37210, 932
36603, 373
3453, 135
5474, 516
15211, 170
41537, 44
18477, 36
41356, 251
9492, 224
26463, 813
17886, 490
40536, 870
15297, 332
28365, 923
6018, 709
5766, 402
606, 801
3274, 957
33286, 164
43716, 222
27140, 714
41011, 810
9742, 468
44776, 780
36174, 49
22569, 896
10684, 45
43924, 371
17738, 288
31531, 974
16638, 746
12247, 436
39688, 0
40451, 214
18366, 798
19989, 134
42905, 756
5129, 771
27255, 748
12001, 563
48371, 137
26776, 586
6359, 216
15084, 234
5552, 767
10943, 534
8153, 4
37577, 770
8077, 943
10275, 684
23096, 201
31207, 173
7799, 89
16695, 805
34417, 242
17863, 822
21010, 159
16942, 909
40283, 350
29344, 97
3251, 550
30757, 251
14463, 430
41086, 834
17137, 464
1682, 477
11381, 735
38027, 594
37794, 439
42684, 880
32627, 727
6736, 932
46657, 705
37234, 658
41595, 794
12447, 940
37308, 579
37302, 493
6836, 768
49780, 626
21650, 758
8446, 46
8359, 558
27194, 877
15968, 445
24998, 201
24513, 790
2696, 452
8992, 950
4145, 129
31880, 875
36442, 50
36905, 210
48822, 328
25125, 640
6363, 5
7274, 98
3913, 335
43033, 673
2031, 228
33410, 192
38450, 45
34213, 79
13579, 20
6116, 383
17306, 572
32309, 836
34034, 921
33306, 940
39205, 730
31848, 920
46237, 589
2990, 832
29101, 611
9407, 124
48936, 524
10210, 336
4417, 578
42130, 565
37403, 168
34696, 585
2911, 394
38251, 559
13643, 389
8532, 597
41452, 347
43909, 336
31276, 773
25945, 96
7444, 812
19297, 724
28979, 877
29790, 625
5585, 217
14007, 668
62, 159
22106, 368
46981, 724
38500, 816
33265, 147
49734, 598
12669, 657
41148, 200
12666, 683
17335, 19
35193, 119
38034, 977
20259, 928
16493, 361
15781, 727
41627, 576
7739, 132
33329, 762
30291, 182
32503, 938
48718, 157
11536, 141
23767, 727
19197, 980
22191, 886
21460, 913
39384, 574
3012, 867
16401, 737
40068, 122
48587, 565
19928, 644
30338, 875
34385, 267
27075, 356
16634, 862
22550, 416
32619, 668
21676, 904
9905, 845
44816, 124
19323, 320
24923, 637
6631, 786
9340, 874
5655, 490
26979, 720
0, 117
26925, 969
6294, 321
1092, 297
10630, 1000
1456, 375
1277, 114
16348, 839
40063, 577
6122, 29
42516, 683
28191, 610
32505, 524
35401, 509
7521, 973
27843, 531
43686, 652
32281, 357
22720, 219
23660, 150
10319, 23
14927, 28
37021, 842
46734, 379
40798, 109
49991, 63
28886, 532
23099, 605
35127, 937
14048, 507
28186, 531
28691, 580
5685, 977
42762, 700
12782, 374
1364, 447
14668, 590
17793, 685
30687, 361
6212, 596
35700, 164
47651, 819
45043, 747
14300, 286
35341, 986
44841, 517
28663, 505
23089, 514
23737, 888
29072, 730
10938, 508
22335, 316
37056, 740
17375, 645
35237, 854
31540, 206
24545, 538
44803, 844
8620, 68
32040, 845
7615, 677
21715, 271
31627, 867
40978, 875
42352, 966
13980, 814
44178, 440
39261, 193
4848, 948
26732, 234
4242, 567
22536, 865
1267, 266
47979, 532
41865, 446
19625, 881
46502, 721
11706, 796
21084, 890
12768, 188
42670, 307
37037, 47
20348, 422
11745, 236
48986, 312
30436, 958
40987, 72
32528, 523
35325, 699
34902, 947
41184, 610
12661, 29
22897, 378
24715, 645
12825, 190
21006, 120
9683, 713
4806, 668
6375, 779
42054, 947
25752, 759
25993, 262
46328, 253
27341, 522
49938, 491
35342, 648
46651, 269
27336, 991
7082, 62
6237, 529
15435, 135
4684, 711
43707, 152
27900, 559
26784, 453
39830, 407
49211, 755
16396, 959
3022, 706
714, 683
19249, 652
24830, 315
3315, 308
39079, 947
7663, 864
34184, 933
13743, 90
30959, 320
47715, 810
44047, 873
45732, 853
45010, 496
23039, 307
21147, 778
13768, 520
39497, 665
14598, 412
43160, 573
18185, 238
24890, 593
1447, 264
39175, 145
20318, 355
13211, 456
23267, 689
48928, 651
12587, 774
239, 178
22602, 415
46256, 468
2270, 6
18390, 54
5523, 276
48893, 822
11493, 728
22474, 26
2362, 80
46047, 209
4825, 940
35586, 279
19695, 666
4272, 650
9564, 335
3378, 543
30949, 799
19242, 884
28716, 832
43794, 931
45573, 154
38392, 382
29059, 520
28742, 43
22721, 970
8036, 160
2658, 972
8323, 810
37322, 678
17197, 436
21282, 290
43525, 746
12999, 89
7914, 76
2712, 596
27439, 485
3603, 679
27424, 5
2398, 434
30789, 288
8012, 103
46215, 909
13704, 475
7055, 964
46154, 185
3408, 208
5493, 633
35415, 576
33956, 90
33350, 185
17399, 702
34386, 645
2757, 865
5025, 79
20917, 548
19788, 551
14310, 211
43986, 599
36591, 511
38094, 907
48330, 429
29660, 692
45109, 381
20610, 482
34977, 699
46955, 465
32588, 405
23073, 837
49721, 47
36718, 337
789, 199
13894, 391
42920, 455
16554, 967
11467, 483
28156, 147
37610, 88
36765, 160
36850, 566
44089, 260
41684, 432
16958, 912
26394, 744
10153, 144
48935, 185
20811, 601
24551, 168
26242, 700
33291, 945
18303, 105
32397, 74
16596, 628
16653, 277
913, 598
31470, 632
27586, 79
35638, 822
30796, 86
7305, 999
10817, 924
5292, 535
15561, 484
30881, 473
46317, 848
16756, 993
43522, 413
16145, 910
28778, 554
12040, 58
18291, 783
14981, 955
34768, 110
9479, 200
36126, 267
15730, 679
49285, 781
43328, 839
26055, 78
13112, 229
17993, 192
34524, 514
28358, 830
48238, 602
42962, 808
33416, 581
1506, 59
983, 569
25519, 610
27150, 160
27783, 218
42169, 986
1184, 572
46151, 848
28009, 778
39994, 706
13400, 19
26286, 282
5179, 48
15940, 687
3535, 187
38205, 863
8074, 549
32691, 564
21903, 490
14156, 219
37620, 77
2912, 270
2471, 119
12493, 513
41254, 576
15016, 253
31950, 580
19098, 653
16018, 486
2907, 873
41454, 822
44781, 456
14812, 384
41080, 929
39490, 996
43820, 339
49448, 441
47894, 551
16619, 620
13196, 714
3655, 218
25148, 290
25706, 442
29366, 757
22916, 499
35043, 177
11575, 265
46956, 230
20140, 129
43391, 893
16170, 675
27217, 913
38024, 202
19048, 916
10993, 476
11369, 713
21186, 27
6962, 502
43713, 323
12701, 490
10029, 615
39866, 506
15728, 262
44493, 40
17928, 73
37769, 445
47658, 66
9388, 901
30637, 632
2342, 510
44204, 122
21379, 619
26099, 263
8529, 90
30584, 707
49482, 502
35657, 956
23188, 521
21471, 491
25478, 975
43059, 593
48017, 854
19746, 257
11026, 884
9406, 536
35696, 793
17321, 913
26754, 170
23744, 888
47003, 443
14182, 938
32706, 334
28846, 528
35712, 693
6366, 472
48743, 25
21054, 32
1159, 532
24852, 240
44668, 986
42660, 229
35180, 726
2829, 148
49652, 868
28650, 776
19135, 914
20356, 48
16707, 994
36529, 378
35185, 963
44920, 578
15523, 136
3601, 208
36017, 358
14712, 477
8720, 867
25746, 537
14516, 978
25219, 973
6862, 702
21345, 219
32448, 487
21988, 114
9347, 93
9357, 627
4693, 732
35881, 272
653, 333
23353, 360
25490, 71
11471, 48
1398, 919
19334, 239
48263, 430
23051, 719
22280, 462
26045, 813
27774, 300
41393, 83
2984, 364
37829, 85
7050, 321
48401, 254
26836, 43
4855, 909
37658, 527
49741, 688
48776, 249
47845, 490
36044, 591
35834, 214
27227, 350
10847, 544
14991, 778
29978, 130
46934, 123
2153, 86
16037, 227
49606, 499
39253, 963
41678, 352
33051, 155
13852, 402
1792, 414
32834, 170
46885, 897
19954, 396
9546, 753
3534, 360
7749, 472
900, 12
9461, 666
28701, 634
32248, 785
36179, 933
21679, 577
27528, 86
25001, 422
32523, 93
44232, 339
47766, 716
13718, 593
30286, 410
40883, 182
33498, 50
6565, 670
36444, 639
1351, 378
9923, 907
2131, 156
15574, 204
13808, 883
34944, 971
24697, 81
1909, 327
35892, 578
11173, 416
36704, 772
31412, 696
29951, 53
188, 74
15071, 648
1537, 681
19657, 75
24290, 675
16276, 321
11720, 305
21720, 848
14179, 7
10681, 842
3198, 276
3361, 303
17760, 832
25996, 47
19144, 347
45451, 84
39754, 389
30162, 191
19673, 410
11983, 524
44188, 388
26297, 537
9318, 190
19020, 610
39212, 845
31769, 620
11880, 228
43067, 438
11886, 349
19976, 538
45396, 409
23301, 759
38400, 806
28833, 728
49987, 48
10404, 161
47531, 686
25652, 797
13165, 811
3242, 253
49546, 928
6218, 527
37055, 466
2450, 969
35887, 284
12063, 593
33262, 29
1958, 638
49756, 345
32015, 375
35236, 596
2324, 561
34491, 864
33259, 24
28090, 267
43506, 951
33225, 62
21696, 9
43307, 97
34943, 879
48198, 963
2232, 988
3153, 283
48916, 494
3555, 68
27847, 345
32647, 925
20242, 149
14175, 650
34987, 859
13475, 370
42742, 478
43006, 505
19903, 423
13814, 945
33351, 607
32473, 554
29024, 442
15833, 2
3599, 37
4830, 165
414, 193
2228, 665
20621, 672
19674, 24
4030, 316
29653, 731
5663, 205
46986, 850
14239, 169
2413, 570
14969, 239
18618, 487
1868, 19
36313, 603
13989, 170
21420, 312
24598, 811
26780, 501
31464, 916
32321, 113
34419, 785
10179, 386
44911, 231
1221, 62
12834, 951
41647, 170
20560, 560
25775, 686
16742, 913
846, 234
6080, 178
43417, 764
24481, 354
17400, 262
29544, 432
11614, 803
24755, 479
25844, 358
16992, 697
12683, 894
16373, 755
28522, 396
10802, 451
29777, 250
7588, 104
5574, 79
35729, 724
24586, 179
48424, 704
47485, 80
27657, 998
48478, 982
30063, 165
1640, 276
40439, 714
38799, 649
29628, 998
38638, 186
16071, 617
48925, 21
49421, 894
43014, 237
5557, 771
24741, 984
36334, 982
86, 883
10937, 71
31067, 221
32019, 890
5787, 674
45112, 564
25878, 75
7520, 361
28618, 176
4312, 367
26995, 140
48908, 818
23646, 493
17934, 847
42571, 716
14932, 749
42535, 82
9128, 52
32799, 132
18621, 430
2734, 672
40465, 681
18487, 186
1402, 663
32092, 414
35228, 223
14160, 467
15498, 646
26987, 2
43086, 21
36766, 865
15124, 197
31729, 606
15933, 209
19391, 868
2420, 764
47602, 950
37579, 912
376, 414
14037, 585
4766, 625
39199, 497
36089, 81
22732, 309
33148, 315
8079, 50
29759, 426
453, 672
47632, 43
26027, 664
19538, 67
18349, 580
4339, 219
9620, 910
33609, 585
34168, 720
31760, 658
32037, 688
4216, 228
3406, 210
5855, 271
44498, 685
31445, 585
119, 331
14629, 421
12697, 857
21357, 363
1249, 421
29957, 203
23074, 660
18778, 125
14667, 438
31947, 368
8110, 4
12761, 559
7351, 568
30352, 25
3586, 338
22026, 482
47811, 406
2568, 877
40203, 536
23835, 794
25641, 989
16557, 311
4452, 935
25083, 363
7583, 943
49495, 38
46243, 500
11090, 808
9097, 995
31362, 736
7495, 543
49669, 309
39829, 655
11731, 166
49367, 947
26226, 629
43561, 20
5132, 673
10183, 489
19030, 618
32146, 666
14735, 349
39427, 914
45877, 93
40609, 157
17274, 590
45603, 473
40954, 457
37950, 91
43404, 345
34842, 560
1167, 409
12544, 70
34389, 292
14602, 580
7091, 29
44409, 50
11358, 589
8161, 277
34249, 537
12771, 510
3597, 898
4972, 605
46945, 78
26083, 176
341, 797
23166, 533
6541, 147
33996, 766
47662, 607
49084, 100
6226, 972
49304, 221
7481, 158
16395, 699
49635, 298
24637, 745
4367, 718
35596, 505
41936, 916
29135, 810
31104, 859
1271, 224
25429, 46
38845, 878
9109, 316
41445, 426
18418, 24
36004, 231
14028, 456
23649, 293
49397, 518
9894, 51
20008, 678
45445, 962
24118, 657
6059, 581
17747, 646
30661, 596
25035, 967
13420, 229
42601, 1
30787, 220
7652, 927
10004, 529
48836, 235
24873, 433
39449, 822
8567, 573
6403, 603
34908, 771
4753, 292
28800, 644
13950, 411
13978, 731
4301, 403
40874, 504
37104, 221
15532, 78
16476, 659
6860, 881
37105, 901
43706, 210
14154, 944
10223, 809
44777, 808
25862, 196
49708, 945
45475, 291
12818, 633
3305, 501
20304, 430
32086, 823
47484, 70
49376, 597
45053, 954
47480, 691
33832, 398
36163, 634
21289, 344
10381, 456
26396, 718
36656, 632
37661, 484
17772, 355
28144, 376
49915, 347
47442, 472
25637, 148
538, 596
43125, 693
17437, 971
38376, 601
11739, 772
48408, 614
41730, 41
12318, 16
24131, 968
22221, 652
32082, 568
17489, 934
46722, 586
22917, 742
46682, 449
35470, 533
1525, 303
9718, 265
23076, 127
45259, 545
12467, 317
6698, 686
31353, 905
9168, 845
37373, 484
31576, 942
18025, 317
35290, 909
46158, 241
27549, 322
48565, 815
25221, 584
45184, 304
39531, 921
18472, 927
46589, 201
21967, 88
47070, 210
18577, 73
36210, 16
29727, 852
46607, 489
43540, 555
26806, 609
35076, 918
42172, 733
2286, 702
36212, 183
19382, 409
16864, 491
32787, 44
253, 666
32322, 307
24636, 359
23435, 783
32645, 705
19352, 339
41118, 843
40210, 20
5368, 273
16390, 877
38425, 764
49048, 20
17163, 688
33034, 428
5091, 699
6897, 161
47422, 963
14654, 929
39845, 366
44549, 660
30593, 987
21170, 109
7067, 96
22863, 866
49680, 831
5119, 423
33010, 808
23164, 223
39852, 440
4760, 580
21865, 885
2058, 641
5756, 776
44356, 265
24892, 140
22556, 614
44426, 898
18036, 199
37494, 28
15706, 283
43253, 831
11311, 999
44262, 908
6952, 512
3311, 912
7258, 531
32867, 725
14589, 240
24809, 638
48104, 543
9434, 837
25730, 924
2835, 150
44162, 928
16577, 149
40336, 124
38714, 905
19310, 273
12515, 896
37984, 819
36500, 540
37402, 15
27408, 758
39956, 583
12659, 127
30377, 1000
40864, 319
6745, 804
37655, 333
19946, 730
47899, 423
22468, 462
5334, 225
14810, 971
33689, 173
3374, 743
33290, 546
35322, 190
13059, 247
32325, 661
28080, 390
48623, 503
11359, 561
5059, 818
19066, 630
42194, 980
12009, 878
45595, 947
45754, 759
14576, 492
43799, 112
30341, 592
39000, 563
29301, 934
12119, 237
47537, 462
14233, 857
41023, 641
28095, 163
22762, 852
33669, 286
4672, 345
37520, 236
26291, 107
11567, 253
36331, 476
39385, 370
32989, 997
26856, 721
45386, 466
18905, 743
13173, 585
8669, 916
1247, 23
16093, 341
33882, 592
33720, 593
19390, 888
16407, 2
19258, 291
49572, 848
35993, 953
45537, 227
2083, 740
33513, 689
46616, 972
15675, 475
44813, 806
46311, 896
11022, 962
19064, 65
7325, 24
16965, 345
5412, 675
47056, 233
47510, 172
37457, 708
30139, 107
47598, 434
40233, 853
30288, 140
31037, 162
4141, 772
11071, 637
2370, 322
11450, 437
24974, 369
31418, 60
18290, 308
43306, 83
15477, 270
9000, 370
14405, 572
363, 436
26070, 873
41231, 229
24451, 676
48029, 102
10770, 115
561, 275
27557, 321
30799, 584
4619, 281
30788, 153
30759, 199
32575, 890
36875, 668
47280, 541
5214, 593
27476, 571
23883, 752
37635, 929
33945, 348
9825, 833
46546, 857
8883, 104
27749, 926
21752, 187
8301, 20
46874, 601
11169, 622
48856, 420
43889, 448
48814, 268
27962, 6
36582, 576
20456, 864
31972, 590
45039, 589
44488, 460
39651, 619
24742, 788
35804, 215
37779, 41
16303, 249
5963, 634
19320, 849
13355, 851
49630, 822
7934, 824
16499, 116
22519, 896
12485, 40
31492, 668
3798, 727
27256, 986
31486, 339
45141, 681
6290, 39
15077, 571
49373, 798
7939, 96
37195, 483
25013, 295
45190, 858
28114, 797
30107, 227
15314, 856
24286, 143
13218, 648
46676, 127
14442, 454
47214, 676
8406, 869
18310, 68
6168, 923
3254, 65
37352, 423
5852, 926
37491, 430
45884, 998
36100, 237
18559, 694
38883, 548
49796, 731
4214, 812
1729, 764
23124, 196
7557, 52
26285, 783
20884, 659
27264, 528
18722, 596
48508, 786
6944, 887
14108, 585
1295, 48
22772, 430
37209, 520
28635, 400
46848, 309
6193, 326
3755, 300
8724, 506
9713, 530
36, 767
49966, 641
41907, 724
22663, 214
21772, 984
9375, 581
30300, 777
6560, 49
39, 251
42799, 211
48794, 50
2529, 587
16800, 136
14882, 989
42838, 202
36192, 384
14380, 962
17340, 247
29740, 848
19796, 490
8894, 207
43257, 458
24983, 386
37810, 121
24216, 49
18205, 109
48959, 922
49523, 613
24491, 785
38785, 956
32804, 991
18380, 447
13529, 133
41823, 366
17066, 59
45863, 43
3995, 665
49588, 125
45188, 462
26102, 327
9436, 211
37645, 500
5442, 570
41619, 821
44703, 511
37737, 303
38117, 16
48905, 214
47236, 498
20078, 740
45228, 437
19126, 422
9625, 670
16250, 136
42134, 807
30860, 201
42727, 255
24811, 693
39900, 779
18932, 964
42748, 808
26633, 516
18702, 293
12338, 450
14041, 81
24847, 418
43576, 125
40262, 349
25003, 528
37382, 916
16315, 867
32453, 202
33764, 921
11340, 860
41140, 387
7501, 36
32537, 575
24330, 445
43354, 929
13489, 710
16173, 807
45565, 752
49234, 844
38342, 984
49155, 573
29049, 961
18736, 967
2918, 438
21316, 790
46269, 439
40370, 176
36425, 865
14759, 681
43695, 773
39067, 549
37112, 322
49425, 858
33214, 380
16540, 29
7913, 317
33843, 784
628, 883
41069, 55
41350, 598
30758, 851
23796, 327
22337, 165
36530, 964
49122, 793
48915, 465
26114, 652
14530, 327
35300, 500
3615, 161
40120, 939
32270, 692
39715, 616
29801, 283
26620, 939
42608, 735
41628, 853
10737, 194
14105, 968
10149, 801
38716, 523
42398, 562
24888, 639
34575, 928
21480, 439
49443, 367
24676, 464
41639, 997
47819, 620
14336, 62
49354, 903
2850, 667
7456, 401
29677, 618
23002, 149
13523, 250
46486, 933
46085, 780
27854, 705
42152, 279
16909, 649
18278, 996
27770, 501
35884, 921
17036, 268
44380, 823
26578, 71
34198, 23
856, 312
1652, 806
14664, 587
7532, 851
46626, 746
5104, 824
12630, 397
19896, 358
46876, 198
24827, 642
19876, 766
25343, 619
17912, 314
15215, 592
30815, 969
46516, 380
10671, 172
962, 651
31433, 496
19511, 938
30988, 55
14567, 586
11717, 296
13369, 539
48132, 933
19372, 282
44552, 159
29715, 230
48496, 355
16220, 342
20511, 404
6550, 784
679, 965
32486, 63
46938, 587
14634, 486
19825, 64
44815, 602
31154, 464
6461, 730
9183, 709
26330, 203
33937, 857
873, 809
3955, 448
23891, 656
12127, 564
3027, 201
18074, 160
17729, 820
5697, 417
47995, 455
45426, 791
2584, 246
18260, 912
23517, 630
32025, 285
31472, 256
11770, 660
22375, 573
10120, 207
1136, 241
11152, 45
35377, 255
14982, 541
36216, 962
23204, 427
1763, 361
31296, 755
12777, 251
38581, 903
30466, 182
11030, 943
28810, 522
36481, 567
11835, 844
40408, 896
15033, 72
3458, 7
25039, 145
27292, 562
34647, 253
47553, 827
5564, 154
39421, 799
23131, 901
42440, 515
34515, 571
46415, 43
47153, 359
31750, 124
14744, 25
45121, 513
38011, 962
18517, 528
29785, 172
31543, 702
11040, 969
40621, 155
46281, 258
24272, 657
35153, 227
22454, 54
27513, 407
32173, 599
1762, 275
14871, 785
42210, 865
14353, 364
24751, 437
17856, 369
34961, 458
21493, 767
5491, 759
43650, 168
8189, 511
23423, 835
1254, 529
6786, 824
4673, 196
15098, 944
7480, 239
14787, 263
43084, 584
35135, 201
28189, 49
15423, 661
33230, 350
32656, 773
27291, 495
25425, 666
25936, 614
38734, 646
49871, 299
35431, 272
17118, 588
5931, 246
31571, 82
26551, 836
14922, 196
18353, 327
5203, 982
30708, 197
4389, 201
46498, 302
18060, 877
15539, 320
28116, 658
39092, 156
882, 215
24584, 298
24254, 571
29035, 184
29292, 16
35360, 695
28166, 902
42154, 822
756, 891
21222, 1000
38325, 567
32371, 541
33048, 950
15627, 765
867, 254
8100, 423
24662, 866
39659, 862
22422, 198
32692, 448
45232, 299
40212, 101
13413, 818
585, 823
31192, 512
29925, 997
30517, 930
29776, 422
40339, 829
15354, 484
38523, 116
21618, 380
8642, 147
27807, 352
3627, 311
23335, 894
8431, 753
37571, 888
39106, 491
21440, 695
11782, 710
1380, 54
48542, 420
34763, 195
14426, 893
37246, 843
29019, 928
32921, 460
12982, 109
27334, 405
12560, 733
37002, 899
38252, 960
13767, 873
25155, 570
4020, 718
20879, 142
35744, 340
49586, 751
16027, 780
32686, 569
39133, 505
25607, 595
47419, 892
47919, 293
25513, 207
25840, 791
41006, 131
47111, 983
11634, 424
16613, 51
40065, 173
37186, 41
28155, 877
14414, 999
10367, 857
14254, 411
27131, 935
43385, 241
1322, 322
230, 578
10178, 438
25505, 711
46629, 493
37760, 95
6907, 289
17632, 481
38766, 176
24273, 620
5362, 228
34178, 532
9731, 961
15292, 262
42987, 77
49999, 397
23654, 641
46511, 519
3958, 508
12621, 408
8283, 359
41835, 974
42823, 740
17080, 672
2445, 969
44577, 790
23102, 735
22797, 946
6244, 839
2880, 273
19248, 660
6813, 990
45317, 342
7923, 662
19560, 507
25767, 409
47936, 790
181, 419
24333, 608
22200, 700
2436, 132
35879, 475
42929, 934
46096, 633
15256, 747
2916, 276
45538, 278
6491, 10
25184, 875
22870, 472
35545, 705
30765, 583
21446, 500
300, 145
9772, 911
21956, 831
41766, 561
37762, 430
17117, 380
1001, 661
33716, 126
6921, 186
36475, 20
29494, 827
19481, 211
41003, 323
8339, 437
34160, 391
920, 809
29670, 644
24160, 199
48474, 36
16551, 613
26258, 604
24623, 214
20874, 759
38330, 850
27211, 454
8379, 295
22558, 315
34592, 670
37412, 430
23082, 200
44155, 24
29666, 141
32259, 709
24841, 130
16013, 663
33006, 731
43608, 15
25602, 310
32511, 304
3786, 630
4553, 594
32856, 659
13666, 120
21796, 861
3006, 99
48699, 476
48589, 245
29590, 708
24282, 893
5042, 78
40827, 951
8997, 945
42449, 7
21934, 575
8491, 316
1504, 118
48106, 578
35390, 169
14725, 580
10248, 134
32581, 719
22136, 883
14079, 463
35362, 803
10234, 497
35219, 707
16298, 696
19184, 820
15379, 703
35438, 37
2095, 587
30991, 460
27930, 149
9200, 541
15633, 41
41168, 315
13276, 897
3394, 678
44313, 581
25927, 633
36725, 28
21654, 581
8229, 298
36170, 751
15205, 732
17253, 2
35538, 262
45584, 392
28537, 167
25225, 850
36887, 731
8891, 944
15549, 32
4302, 913
34663, 124
6062, 936
17564, 134
43015, 532
6634, 372
34376, 263
11787, 220
7741, 553
12181, 713
22637, 126
36189, 710
26646, 276
30432, 5
25276, 898
44292, 931
29253, 784
26818, 31
20452, 73
30581, 383
45324, 951
36632, 321
3932, 691
49620, 191
18866, 230
759, 844
31832, 913
27547, 684
35358, 606
20594, 347
15494, 805
12076, 372
19233, 937
497, 50
3108, 656
4370, 662
10333, 410
4017, 737
11408, 738
20178, 875
38087, 333
10956, 704
8647, 601
38561, 605
44477, 588
31476, 23
34148, 492
1984, 256
4763, 79
14647, 255
27361, 38
17510, 966
496, 19
25226, 919
916, 515
46598, 110
46273, 742
8808, 799
31604, 321
30480, 60
42882, 86
8606, 872
37359, 251
38281, 111
41363, 82
20997, 511
20583, 541
16519, 589
17317, 992
12754, 543
7163, 10
2352, 337
24292, 336
30215, 548
39781, 255
6635, 371
2221, 582
29363, 496
18933, 285
40724, 32
7460, 800
16106, 930
35918, 410
21392, 789
19146, 525
36203, 912
21701, 273
37871, 317
49492, 764
49583, 685
14597, 987
27839, 908
28250, 587
12694, 195
47868, 119
28987, 931
2337, 960
17985, 594
17262, 305
633, 633
26440, 309
10640, 411
19035, 148
845, 593
26895, 60
26619, 45
15842, 658
25873, 487
9056, 946
6901, 746
14684, 230
14724, 463
47612, 459
2103, 21
20930, 530
9756, 805
48586, 263
29485, 978
39450, 785
4457, 214
20354, 744
33892, 22
43898, 942
5800, 101
16594, 720
18231, 334
46860, 807
38707, 84
4839, 457
18433, 618
37587, 654
47637, 717
15736, 245
16570, 347
29195, 518
21188, 462
24103, 431
11476, 761
39276, 43
30563, 167
33242, 13
17776, 749
15263, 639
23531, 650
29736, 524
35495, 728
37701, 139
54, 909
16343, 203
11963, 720
15165, 698
12446, 308
7611, 140
47234, 413
33120, 151
7342, 195
12833, 274
18531, 696
8835, 743
8029, 199
20855, 413
1788, 714
34864, 898
23820, 768
45987, 796
13282, 279
31626, 47
14653, 608
215, 911
8943, 541
42600, 108
17250, 569
47122, 705
2525, 874
3916, 122
38017, 211
22877, 473
39868, 326
37459, 179
20417, 997
30328, 163
43246, 391
13203, 487
32863, 415
31664, 894
24898, 689
7032, 983
49577, 214
36398, 93
30923, 80
23461, 925
14894, 738
34533, 946
41439, 777
20842, 339
8677, 858
4634, 339
15146, 792
27946, 229
47636, 795
9992, 447
26401, 994
42404, 684
18524, 586
47284, 111
29831, 614
47267, 795
31527, 661
27083, 796
19712, 322
10261, 519
45373, 377
47916, 815
15558, 376
19085, 398
43284, 456
13348, 694
37649, 232
14734, 263
49748, 126
36108, 197
37983, 733
21407, 910
48695, 944
32156, 124
1075, 926
5473, 416
31074, 60
30496, 365
33841, 594
1060, 326
39820, 97
39290, 205
6935, 750
5336, 63
7955, 787
28046, 384
35927, 647
38913, 128
44520, 560
47833, 937
23792, 510
41651, 696
12111, 625
42435, 940
30582, 975
24945, 973
16306, 188
443, 239
16894, 186
12698, 751
16424, 898
17868, 923
47447, 235
13204, 556
21753, 959
19847, 295
44948, 893
35904, 27
44725, 923
24387, 481
10788, 49
10582, 691
47703, 430
46098, 891
18475, 463
8080, 204
9206, 479
26544, 579
32370, 777
32219, 896
35226, 574
24528, 616
37332, 238
11064, 705
28774, 727
21902, 497
4351, 614
5739, 113
6727, 212
12410, 184
40149, 980
21529, 870
20891, 910
36795, 519
12794, 615
30351, 283
36025, 234
43789, 554
28610, 846
17283, 3
24694, 665
29674, 673
24816, 915
29373, 715
15440, 811
5918, 900
3595, 73
23028, 263
5637, 913
1126, 605
10452, 199
7096, 636
24248, 204
47785, 36
48781, 815
23968, 211
34789, 671
18903, 972
43057, 643
3492, 962
28286, 169
48499, 194
26864, 536
36124, 712
48854, 280
29966, 553
29582, 26
32940, 281
21200, 61
37680, 681
26296, 33
2315, 312
32381, 983
44459, 512
34073, 864
43372, 347
33183, 567
36652, 902
6777, 281
31259, 61
1820, 70
5398, 220
7355, 294
21208, 983
42531, 266
40201, 619
8860, 635
37744, 15
47132, 859
36884, 550
17579, 535
25896, 13
37380, 338
4218, 681
32415, 596
40089, 828
13111, 597
24883, 502
26965, 752
47805, 833
26706, 305
40878, 530
39539, 462
14194, 380
19246, 41
35968, 213
6492, 964
45293, 841
824, 130
28807, 51
27457, 72
18816, 84
46374, 882
33038, 92
38623, 301
41027, 604
31961, 205
3135, 795
18607, 318
48835, 907
32495, 955
37320, 478
13784, 948
23532, 539
8178, 834
43818, 541
40191, 127
4754, 700
34107, 124
24053, 431
18422, 521
18852, 785
3031, 199
22324, 113
7186, 162
37977, 95
35170, 215
20377, 109
45891, 406
41493, 744
46852, 36
4500, 986
10714, 193
11778, 17
19237, 479
38977, 474
25239, 382
6060, 730
14985, 247
14136, 10
33385, 303
19969, 76
44501, 304
6002, 907
47655, 666
10250, 368
42941, 551
11341, 415
49836, 917
33160, 949
25988, 396
9521, 311
41419, 189
4911, 487
39523, 758
26065, 514
27582, 922
3476, 955
16146, 81
11109, 379
45756, 302
29338, 434
16147, 602
41385, 352
7213, 411
35982, 739
4587, 467
15910, 997
48939, 824
4882, 890
14798, 254
46494, 927
14439, 994
48076, 648
34895, 721
31373, 575
29959, 599
47253, 161
11116, 286
23747, 694
2859, 981
42431, 653
49574, 90
572, 434
41026, 739
39835, 383
39064, 629
44389, 238
7533, 817
26994, 707
11737, 428
3099, 113
24145, 684
45561, 324
5360, 38
45716, 281
6972, 783
20678, 265
8723, 660
17465, 408
20270, 96
49206, 913
2245, 395
11622, 689
9348, 138
42901, 941
669, 964
12859, 601
43299, 578
30135, 346
10013, 878
9216, 249
1067, 884
12407, 88
45202, 622
12634, 473
27556, 73
15657, 216
24231, 297
42376, 333
1775, 946
15251, 975
9292, 776
37086, 458
10256, 181
45214, 123
44522, 606
37081, 122
49538, 387
5192, 337
45762, 605
8365, 306
32209, 533
46019, 454
45506, 414
14866, 454
24436, 185
14966, 409
30769, 524
37555, 481
39902, 617
25762, 915
9259, 533
15252, 436
36267, 219
33497, 669
46857, 144
31524, 745
36050, 749
4384, 291
2396, 295
21491, 330
14818, 696
37129, 842
15067, 61
27974, 467
7701, 340
23053, 370
27753, 668
15508, 767
47700, 60
18012, 362
41884, 999
14657, 933
22249, 122
38072, 469
33618, 689
12571, 861
7129, 666
3543, 499
30698, 104
28165, 565
49951, 63
33398, 687
14443, 505
13122, 885
33865, 334
14418, 265
10129, 751
10418, 150
34748, 448
6645, 684
12860, 789
19775, 713
1701, 683
27029, 56
15398, 485
10119, 312
35513, 897
49389, 903
14973, 159
42761, 54
29983, 664
47710, 886
18279, 67
35246, 379
24237, 37
37497, 682
48118, 642
32554, 562
4905, 603
2897, 528
18583, 611
45428, 313
35297, 184
7426, 518
26281, 415
23579, 181
47073, 865
38989, 685
30083, 212
30908, 709
39381, 776
33133, 560
38404, 721
7387, 771
24464, 603
35036, 299
24030, 924
24757, 11
27394, 177
48515, 326
25789, 123
39102, 844
29007, 609
8971, 705
14639, 716
47352, 381
13224, 311
48585, 911
37262, 535
22318, 425
49554, 309
32664, 540
9006, 892
43225, 569
15280, 695
14393, 560
32794, 459
37549, 185
19960, 471
14204, 395
25735, 831
23240, 344
7222, 990
10711, 388
2155, 937
46184, 482
36317, 117
20774, 447
46773, 464
32388, 701
12564, 435
43095, 870
25099, 910
21310, 471
5167, 803
44622, 494
30748, 54
6188, 732
32983, 369
1035, 535
2183, 999
48181, 67
173, 854
36891, 715
17194, 534
38839, 289
38452, 379
2479, 795
9857, 937
33847, 977
11713, 571
14106, 800
48094, 55
6042, 569
41283, 946
16234, 403
38860, 58
4115, 836
25177, 971
34874, 41
48257, 927
23325, 424
21514, 308
20932, 267
37025, 236
1497, 20
18848, 438
10641, 853
23942, 401
40524, 662
47329, 820
15676, 441
41078, 443
28380, 588
26869, 330
43992, 220
43631, 594
22896, 546
40972, 734
548, 236
25180, 192
8886, 116
1863, 869
24071, 230
20336, 73
37596, 745
19875, 213
35842, 199
2417, 343
4124, 835
1650, 134
13612, 291
37126, 74
26131, 545
16928, 357
43639, 550
16759, 870
25625, 60
45331, 468
7396, 375
2152, 74
33008, 988
6755, 664
33473, 605
31782, 649
726, 626
45567, 384
40300, 836
31377, 541
39270, 791
41748, 118
25690, 728
46522, 205
41851, 707
1956, 828
24206, 951
45247, 275
9449, 142
21867, 222
10857, 138
2737, 356
24413, 434
5569, 133
49284, 601
42880, 407
23421, 545
25895, 534
47746, 843
21929, 206
39776, 906
47322, 396
47683, 996
37381, 807
43666, 375
28478, 498
20253, 305
9845, 762
38771, 247
27522, 153
29672, 327
42743, 110
13451, 59
27601, 546
35839, 882
20328, 997
4737, 541
45058, 466
43912, 421
46627, 791
21494, 353
6163, 59
8422, 411
4489, 240
3884, 866
4648, 984
18123, 572
31647, 837
35192, 75
41367, 651
15772, 40
28085, 954
27950, 883
45444, 957
36373, 904
24626, 63
28999, 134
12649, 897
44547, 382
48155, 446
35950, 55
10669, 65
10594, 600
19758, 450
35071, 770
23527, 687
35728, 139
38077, 960
45996, 685
17186, 555
12151, 237
22202, 161
6586, 141
47789, 465
26319, 714
7706, 504
11161, 579
10487, 258
3704, 941
29597, 276
48437, 582
49201, 233
32896, 128
26208, 393
9638, 536
11074, 700
38815, 162
29025, 520
24309, 163
13222, 32
26904, 708
49112, 264
16136, 875
31570, 304
40955, 16
17589, 974
9706, 247
37500, 866
47610, 239
34625, 794
44009, 425
259, 365
49173, 722
14244, 931
46836, 594
5883, 307
2278, 362
12909, 967
38918, 34
42262, 284
3732, 170
19385, 846
15694, 683
38687, 140
49549, 601
10227, 646
17100, 892
11773, 198
18966, 558
27641, 58
46107, 530
6344, 997
7291, 722
31114, 556
5565, 275
20115, 343
37922, 345
17817, 243
10581, 609
17211, 797
41144, 749
13364, 306
44782, 59
44281, 244
32331, 596
14571, 846
36378, 176
38173, 373
8867, 446
25231, 551
25986, 914
757, 414
35287, 123
13884, 608
9306, 847
48196, 944
41932, 39
14758, 466
8451, 520
21792, 991
26307, 279
2215, 29
11872, 626
18616, 742
28521, 425
19680, 563
8355, 575
11847, 677
26640, 77
42955, 84
35600, 410
26814, 321
39728, 741
29255, 139
43479, 368
27023, 771
13505, 781
40341, 335
4256, 734
29416, 104
5470, 348
24549, 755
23363, 170
12439, 286
24415, 597
13213, 94
26567, 391
40472, 548
8114, 329
22650, 123
13316, 411
9913, 960
8363, 712
43487, 730
47713, 956
33715, 673
40797, 851
43562, 304
49675, 838
6792, 825
30634, 311
5148, 2
44180, 526
40461, 731
20132, 379
36964, 249
30322, 878
29122, 547
18809, 861
48686, 826
20142, 697
32872, 69
47790, 284
32524, 916
821, 715
31184, 33
39447, 582
45678, 576
42914, 546
12408, 42
23020, 651
28668, 521
15464, 99
6217, 484
23868, 906
20138, 189
2368, 671
33965, 316
20829, 864
11740, 432
43156, 348
20022, 63
14470, 400
31775, 975
35882, 478
31135, 648
29706, 392
509, 693
35062, 599
16877, 727
8850, 618
38631, 686
7188, 669
27207, 758
28257, 501
10009, 943
21212, 732
16180, 608
15034, 470
10893, 471
1533, 593
43383, 435
40403, 485
30168, 136
2250, 865
21002, 699
31500, 843
27026, 115
8705, 505
11211, 591
33655, 626
55, 382
35959, 664
6843, 957
22898, 570
40260, 181
17630, 637
21053, 674
22194, 277
14873, 631
46409, 289
35084, 221
46414, 234
22037, 759
37734, 312
13002, 784
27358, 545
23826, 852
6013, 627
1057, 186
6412, 379
24534, 991
15584, 255
39053, 331
20381, 877
2330, 287
22981, 943
43815, 293
32670, 702
13246, 219
41506, 103
369, 72
16263, 331
16349, 485
34710, 828
7413, 356
40323, 37
30694, 279
22560, 753
22717, 475
16150, 96
22995, 537
21714, 453
45304, 967
31892, 618
23837, 827
21377, 194
27674, 681
36073, 56
28677, 497
45844, 814
37138, 765
9849, 299
23781, 968
48855, 46
29384, 523
18121, 432
6598, 598
28110, 577
5448, 449
17467, 326
17875, 887
4614, 696
28897, 991
15343, 5
14259, 117
35557, 835
43445, 609
40151, 360
21383, 127
23160, 426
46462, 172
6708, 739
42365, 456
14628, 77
12120, 920
3172, 550
44137, 144
11016, 471
24608, 110
33663, 443
30451, 43
37795, 663
33297, 304
14351, 946
25390, 27
39941, 918
36358, 924
5234, 794
31648, 65
21708, 26
47984, 635
34114, 226
29012, 240
19000, 892
29579, 965
8633, 971
14919, 230
40755, 220
29051, 613
3651, 881
34844, 796
4243, 636
6875, 272
11502, 390
49286, 803
18715, 161
42233, 62
2346, 800
39738, 438
15735, 205
6689, 653
9116, 412
30632, 21
44120, 347
42543, 110
31982, 701
40144, 208
2862, 143
20782, 637
3447, 164
47347, 257
25030, 502
30735, 609
46820, 373
28518, 80
22768, 150
41776, 270
7927, 113
33849, 673
3, 741
1451, 494
28793, 19
19808, 823
43296, 479
20470, 674
33245, 9
38509, 831
24200, 921
11554, 399
23450, 274
29986, 111
23313, 784
18829, 13
22937, 29
16735, 275
25496, 730
19872, 455
35750, 613
33036, 758
1821, 109
12635, 622
43509, 314
5198, 319
12058, 491
24159, 150
22385, 140
48070, 473
33875, 310
16644, 576
17575, 352
9073, 810
45091, 160
42904, 462
9802, 718
13885, 424
28355, 428
41962, 669
3466, 646
7428, 839
7348, 585
43351, 956
23279, 812
30716, 834
11694, 233
43621, 83
21111, 334
27971, 750
12585, 953
25911, 161
41319, 924
12706, 922
34300, 378
12360, 764
43876, 309
48158, 762
9019, 698
10948, 269
35598, 360
4521, 632
9624, 591
28695, 671
49308, 173
19037, 374
38462, 464
49332, 690
17223, 522
37461, 820
29971, 809
36402, 464
6387, 913
41875, 230
23235, 601
2604, 46
7307, 712
43579, 687
32377, 434
47452, 616
45494, 253
27459, 700
17038, 842
1369, 74
43996, 810
9629, 359
23329, 302
33370, 68
40079, 251
38161, 144
14544, 842
49725, 791
44447, 3
41405, 772
41941, 61
40742, 64
16296, 356
39188, 203
9759, 383
9123, 431
931, 706
1460, 168
22824, 796
48397, 397
33040, 929
10792, 775
33407, 427
20363, 481
32852, 674
21108, 489
16191, 174
3479, 283
11940, 955
8405, 752
46805, 298
30249, 535
455, 111
25522, 731
42960, 407
43791, 464
21459, 598
39367, 127
8848, 120
11756, 565
4838, 764
2098, 314
26554, 170
3801, 593
21774, 778
13512, 180
11139, 660
15949, 434
48006, 207
46130, 366
18636, 737
21641, 724
8190, 904
18412, 289
34345, 268
7191, 885
15511, 330
4128, 0
49533, 298
12764, 883
3639, 697
8556, 103
16435, 908
13692, 964
27799, 602
30332, 639
48801, 807
49855, 535
27257, 47
1014, 476
6526, 953
3116, 934
25015, 741
35781, 624
3723, 216
32071, 279
15958, 552
43559, 289
46521, 257
37006, 206
37659, 897
6650, 457
22413, 303
9473, 90
11704, 348
1181, 694
23952, 550
25891, 846
42821, 771
28698, 718
28277, 824
30395, 133
12848, 774
15126, 528
41330, 5
18047, 747
29668, 248
4629, 157
2006, 991
27942, 461
5256, 392
37254, 265
25462, 562
21770, 57
49485, 960
16140, 799
15411, 612
6185, 273
14203, 416
160, 886
42634, 882
16134, 807
1875, 45
21661, 280
3813, 277
22228, 268
20379, 333
23184, 484
46461, 971
8443, 36
11454, 962
37584, 816
41878, 824
43767, 408
19627, 42
29474, 903
43168, 673
19159, 558
19529, 685
25499, 37
22528, 566
46992, 400
30361, 986
1912, 408
9141, 596
35074, 60
6478, 381
4475, 882
2237, 682
3907, 644
23898, 348
40419, 841
17259, 519
5761, 51
12542, 917
34264, 559
26494, 88
29843, 479
8553, 703
19621, 256
25587, 184
3035, 621
31217, 857
11673, 202
37141, 812
15233, 207
25339, 925
29143, 414
10136, 5
5851, 887
25704, 477
15155, 296
399, 254
48199, 844
18190, 952
27801, 925
30464, 978
33938, 412
10712, 424
15970, 122
3396, 67
21038, 114
5166, 682
45172, 185
47090, 578
49430, 782
2292, 643
14040, 279
12555, 15
9470, 277
16761, 392
40777, 185
44590, 857
45594, 788
36067, 810
9179, 261
22795, 356
877, 685
18716, 138
36634, 618
14001, 313
6704, 452
45087, 858
35453, 363
38293, 156
13164, 466
6778, 507
38231, 407
36320, 379
39238, 283
22842, 380
20669, 769
21858, 793
38182, 6
47817, 786
27436, 735
44587, 273
18005, 861
46240, 820
35284, 372
25262, 716
27128, 931
49876, 633
26782, 17
4577, 665
3605, 12
40943, 109
35025, 49
31561, 935
46087, 387
4095, 438
46338, 379
21346, 391
36016, 734
1244, 783
22236, 140
21094, 487
838, 805
23556, 639
12596, 20
40871, 955
10430, 925
43426, 267
41327, 220
28328, 260
36281, 354
8938, 63
8348, 405
15176, 36
8934, 702
18178, 706
16714, 710
18382, 700
44538, 302
19835, 960
22094, 868
9635, 238
29287, 528
13401, 709
11892, 99
41604, 875
49650, 44
7175, 404
39360, 667
37384, 575
37116, 288
4835, 81
5341, 528
15954, 49
43539, 110
12237, 425
47150, 36
6215, 75
44385, 82
19384, 503
31949, 139
4459, 722
33798, 790
35379, 9
30161, 216
21453, 785
26174, 688
3982, 495
40711, 166
39741, 589
19465, 177
30055, 673
42291, 899
36545, 220
20750, 592
34978, 755
42502, 677
33495, 353
47719, 247
41810, 917
22517, 24
326, 889
46342, 907
831, 44
5277, 578
39300, 552
33693, 700
39340, 449
32411, 300
26273, 655
3462, 524
48860, 967
41660, 130
10258, 811
17225, 128
40006, 418
13861, 236
30883, 178
30150, 278
33775, 575
49658, 290
1829, 917
4053, 259
47622, 698
48751, 904
2972, 1
31504, 12
40875, 594
40967, 725
18340, 193
38274, 979
42010, 419
39846, 836
49340, 367
36687, 662
19428, 892
31283, 604
15145, 556
33967, 605
26875, 918
32745, 497
9377, 558
36453, 306
33094, 939
40819, 743
24615, 275
718, 313
38234, 588
38222, 899
49541, 893
28243, 429
19565, 998
43406, 105
33231, 271
17012, 114
17495, 727
41267, 457
17876, 451
39483, 829
31803, 972
22030, 926
23062, 332
12162, 404
41279, 390
27335, 320
43735, 796
48524, 391
45358, 775
46300, 601
15971, 472
45815, 986
21194, 10
37079, 413
15266, 665
47366, 508
49493, 897
13701, 259
9169, 976
14026, 206
40355, 706
42257, 477
21649, 819
9633, 117
20064, 750
9840, 103
30011, 414
18424, 963
10212, 487
381, 767
20434, 191
6648, 630
39326, 566
41990, 901
40942, 292
33347, 82
49811, 134
20393, 275
38813, 703
46302, 744
21173, 248
34969, 31
34933, 619
11364, 122
5656, 532
43545, 147
23108, 334
5445, 966
12466, 247
30310, 906
21019, 153
31189, 795
16003, 932
34521, 555
30580, 598
47927, 345
33101, 483
39169, 722
666, 430
34298, 210
40569, 800
3419, 614
764, 323
27578, 30
19076, 249
27148, 744
30178, 770
31235, 696
41642, 992
2295, 602
37791, 102
5609, 335
47017, 590
40789, 569
11566, 639
17800, 222
42456, 52
49406, 638
28432, 675
30920, 540
39357, 801
24038, 909
42031, 638
2873, 458
39343, 785
29795, 84
11312, 615
30530, 665
11993, 42
19982, 602
29436, 44
4352, 595
29621, 517
25816, 93
12012, 960
27745, 401
4317, 561
21516, 491
44224, 517
125, 584
12676, 130
16893, 38
10735, 490
40226, 599
22794, 215
4623, 355
39309, 79
47755, 406
28912, 710
37920, 924
48441, 277
15866, 643
8300, 826
47692, 643
38284, 899
41781, 23
3549, 817
5828, 327
17180, 270
9741, 124
20195, 208
24281, 387
35795, 100
8287, 832
16058, 795
2239, 663
12129, 698
19668, 402
43594, 236
29722, 444
12265, 459
40190, 741
30292, 487
31979, 368
20307, 372
28275, 726
18730, 737
13266, 740
46076, 812
39711, 662
23489, 939
8503, 622
9352, 743
20671, 917
10513, 258
41048, 484
36470, 524
45724, 917
18143, 143
8368, 119
8578, 649
23311, 793
47481, 689
39699, 398
44456, 290
939, 970
34949, 876
35589, 358
34915, 617
35745, 716
30141, 678
24315, 788
9757, 844
40342, 79
22973, 827
17235, 10
49452, 741
4231, 664
37847, 961
48367, 278
49162, 880
33822, 628
33207, 1000
36523, 922
36327, 893
34559, 83
18868, 495
32472, 14
41852, 949
16743, 216
25437, 915
13020, 931
24283, 380
470, 28
20365, 861
1438, 161
48409, 951
43034, 976
3179, 247
1042, 789
5735, 808
18853, 782
3477, 217
12732, 973
331, 297
37674, 111
15834, 479
12629, 692
45883, 66
25692, 180
7530, 360
8702, 736
27625, 382
29336, 600
27306, 927
45099, 116
11667, 825
7125, 567
17160, 541
9946, 288
39564, 519
10144, 924
14257, 374
30948, 276
29222, 574
8058, 948
24213, 29
28932, 943
8559, 268
6141, 739
30803, 16
33535, 668
1957, 314
13207, 329
48824, 119
35906, 657
27723, 90
1781, 796
35120, 70
33442, 242
36637, 99
8214, 4
30743, 75
42076, 81
6445, 595
8969, 530
42704, 579
18686, 338
19010, 587
11553, 135
41972, 654
18585, 36
5551, 636
48162, 428
25550, 533
18625, 773
14408, 826
11742, 217
36691, 698
48313, 947
46581, 544
18872, 7
9287, 60
43645, 549
46067, 721
47357, 373
45733, 313
14785, 173
22537, 814
813, 219
16692, 262
9317, 69
48962, 277
9962, 950
36660, 443
18791, 286
15526, 110
48782, 24
29974, 381
39403, 31
15588, 977
40469, 789
25379, 495
1507, 993
48473, 612
37720, 512
36738, 967
46408, 614
9750, 209
19751, 735
40218, 299
38988, 322
15601, 195
24631, 717
26956, 556
18728, 27
8391, 832
13219, 159
31943, 189
41967, 859
37196, 970
40237, 593
42631, 544
3677, 152
47014, 844
14060, 56
46003, 994
30185, 470
10010, 168
13939, 550
2266, 525
21063, 6
4804, 69
28448, 545
196, 124
43429, 299
31708, 871
26705, 612
31004, 815
49248, 97
22366, 814
16002, 216
31048, 405
33983, 746
21953, 18
32857, 927
41352, 506
44307, 601
38903, 933
42003, 484
25920, 805
49207, 727
18658, 171
22443, 579
14984, 705
18977, 575
31514, 465
43270, 918
5717, 131
25594, 15
22199, 387
17138, 760
42533, 296
22679, 119
20952, 156
16997, 980
13595, 596
6580, 369
23970, 689
32314, 819
45698, 514
42448, 828
23780, 209
31011, 132
18669, 575
32561, 515
17891, 925
42196, 351
11407, 684
17382, 543
17617, 586
44838, 433
10713, 619
40075, 790
28457, 356
5675, 434
36811, 831
8640, 996
13441, 351
12878, 885
10374, 513
49565, 986
21871, 706
37626, 431
39061, 750
23689, 124
33828, 10
44874, 424
48011, 834
45867, 288
49743, 722
8465, 86
14721, 801
43286, 782
6402, 714
45311, 449
21727, 242
33298, 457
45431, 940
803, 96
25381, 221
8565, 500
44321, 42
109, 849
16418, 79
27084, 476
32519, 634
10017, 867
40630, 573
43377, 441
33417, 459
41543, 333
34804, 406
17313, 178
24897, 707
6385, 263
13795, 34
47961, 292
35952, 419
11628, 968
13762, 220
12829, 618
20274, 740
9966, 81
35772, 240
36047, 243
19231, 391
11465, 951
16698, 828
12307, 342
48178, 203
13313, 925
30234, 753
14666, 689
42039, 358
26316, 69
44940, 242
6763, 947
49833, 434
17866, 180
22317, 879
49181, 720
947, 430
39704, 661
960, 331
25731, 335
7630, 620
33049, 80
34528, 66
14742, 789
43867, 651
42455, 989
23528, 809
27370, 858
23636, 627
41499, 804
46284, 430
19271, 335
47201, 790
35188, 177
31919, 628
21014, 144
25817, 237
45047, 252
29392, 742
9155, 169
20150, 280
47358, 511
47663, 889
19840, 102
31886, 98
19240, 127
29895, 999
28244, 5
12158, 453
11960, 817
48595, 414
21594, 401
34346, 992
29098, 626
19781, 592
38904, 563
25753, 721
47167, 152
47808, 846
46252, 512
30673, 385
29598, 436
19920, 2
29977, 287
34032, 941
39658, 430
8830, 663
26701, 783
22609, 883
29091, 622
24048, 952
46995, 838
36464, 564
44123, 823
16254, 732
21556, 990
17693, 815
25995, 58
41278, 741
11160, 314
2797, 195
22901, 716
7980, 510
3869, 797
3267, 15
37078, 34
30862, 653
1236, 196
17672, 129
35376, 617
24901, 978
993, 495
46671, 392
10842, 819
37623, 213
33488, 636
250, 884
7312, 561
35768, 87
10306, 177
31240, 419
16729, 759
34928, 706
32514, 165
15712, 980
15864, 204
35392, 150
19431, 185
28511, 624
16772, 772
1878, 482
18160, 501
30638, 807
18048, 354
3358, 138
38088, 410
8674, 735
10455, 569
25694, 594
46351, 581
36705, 856
33957, 93
12303, 580
41664, 458
39546, 879
6381, 917
26086, 291
26728, 22
38626, 143
19543, 179
37242, 786
28055, 924
37911, 447
3667, 254
28665, 632
23498, 728
23576, 248
35905, 83
33973, 452
45024, 414
19404, 210
48024, 664
25909, 630
2018, 728
16108, 922
9149, 485
21761, 748
29121, 75
19932, 571
24468, 407
17836, 321
7613, 180
43630, 423
5022, 788
24924, 898
3468, 524
34716, 454
28684, 84
35347, 88
42223, 928
44913, 994
20682, 390
12037, 41
22551, 353
34800, 946
36813, 615
1213, 915
46916, 675
14656, 371
21030, 972
31526, 615
8030, 669
42330, 844
16453, 579
34465, 421
22082, 529
48881, 450
10950, 356
32493, 457
48103, 95
37198, 328
37522, 653
7627, 37
22713, 95
11820, 42
5593, 192
32221, 167
40153, 22
47488, 842
36758, 864
42267, 697
22848, 141
39069, 186
16674, 378
27363, 67
15430, 478
43521, 747
42751, 740
14762, 513
16546, 731
24784, 563
39339, 873
12072, 74
10315, 352
3745, 702
24684, 224
16225, 863
42101, 480
47107, 520
19522, 769
39181, 844
40941, 715
8655, 127
18132, 0
45031, 248
33936, 203
31062, 201
42183, 351
30248, 496
34504, 961
20004, 618
46961, 920
6744, 832
49515, 87
3266, 490
36230, 559
25736, 11
18927, 308
41668, 588
40432, 184
18033, 741
35435, 724
30652, 789
6572, 548
34089, 935
20529, 133
1265, 286
47457, 226
46658, 317
33277, 794
32598, 742
16048, 281
17429, 885
15483, 182
47013, 531
5511, 600
2235, 20
39721, 754
19057, 340
22243, 274
17869, 452
9878, 346
17572, 264
39573, 575
4680, 711
43824, 234
37000, 622
24976, 899
1560, 214
5986, 532
44514, 530
43836, 894
19488, 683
10469, 56
33482, 289
35371, 577
33304, 963
48390, 831
9304, 268
11816, 336
47470, 388
30513, 989
22481, 1
34635, 3
18713, 757
14951, 421
30345, 892
629, 457
42477, 983
25325, 97
32886, 440
15351, 787
49499, 800
45131, 394
43592, 586
7415, 276
39034, 117
40521, 890
16603, 843
23215, 859
10617, 155
28849, 309
45970, 12
2341, 467
38652, 720
33257, 500
34606, 994
22269, 504
12567, 126
15709, 260
27346, 113
12175, 491
24348, 301
43531, 161
26599, 876
44892, 541
14187, 35
367, 562
40124, 735
19156, 500
9575, 801
5495, 100
35329, 437
24017, 739
28541, 441
22271, 997
46073, 767
48548, 657
27920, 660
24558, 466
314, 368
12574, 452
1008, 302
11329, 801
7038, 118
626, 632
41332, 329
23892, 607
32197, 107
7284, 955
31359, 54
1422, 713
23024, 989
43941, 490
36874, 523
34953, 775
26690, 746
45641, 520
35112, 23
21979, 472
9458, 174
25964, 48
10322, 967
30416, 795
30336, 278
14845, 473
647, 1
43755, 311
42137, 635
2360, 210
1356, 985
16355, 683
3225, 688
43503, 184
12903, 260
13347, 50
2213, 784
19453, 564
16324, 20
48154, 295
16437, 53
27002, 782
15035, 311
23048, 155
41461, 855
26416, 787
29147, 141
11621, 602
33923, 947
27434, 857
17287, 422
13306, 961
30489, 700
7981, 76
632, 7
16567, 254
26081, 393
44134, 148
42240, 244
17034, 645
19759, 868
5662, 614
19663, 34
33644, 896
45263, 244
13895, 115
5350, 831
22229, 368
30408, 791
30779, 34
34646, 70
21779, 590
23824, 533
12385, 393
415, 919
14784, 292
3974, 578
14248, 19
30202, 482
43376, 255
35996, 560
48346, 488
24960, 869
47301, 308
44086, 919
9911, 418
364, 12
22595, 658
43022, 223
28768, 889
8717, 394
35698, 302
2419, 730
42551, 672
5626, 844
9910, 505
14480, 759
14504, 326
8064, 747
22736, 5
13359, 304
13109, 736
11802, 382
9562, 561
43474, 199
41268, 218
46775, 36
34702, 502
26492, 408
14841, 421
23938, 968
37185, 186
14648, 149
26315, 112
1279, 661
12642, 267
18404, 817
16768, 624
39867, 370
34724, 759
21906, 427
16953, 901
41548, 340
31222, 799
10335, 659
31520, 845
19782, 955
22847, 748
22388, 905
31959, 393
7643, 141
25834, 951
9487, 868
21074, 752
9260, 96
40948, 379
15008, 983
10082, 179
33029, 21
34331, 168
27711, 647
45495, 149
37865, 51
39148, 215
39630, 558
41296, 976
9309, 827
26204, 268
45601, 966
29330, 103
46614, 32
921, 885
12513, 412
2068, 884
7649, 904
3255, 853
30421, 678
19731, 247
13837, 736
45305, 704
41258, 160
14720, 178
29182, 610
42237, 869
29162, 609
22799, 821
28889, 975
11100, 58
31905, 30
38780, 752
16241, 424
38589, 613
47483, 301
7931, 277
16344, 282
9707, 678
21623, 843
24013, 557
39950, 263
43483, 210
8625, 845
42269, 394
40087, 251
15554, 732
1099, 333
18229, 824
45034, 838
16624, 658
19290, 925
25120, 855
10991, 382
37495, 554
16244, 431
43989, 834
47831, 676
16199, 162
24979, 833
10811, 600
13201, 757
40809, 714
25819, 502
22630, 435
32149, 197
18547, 633
21012, 907
19748, 5
5174, 710
36707, 808
38406, 281
220, 416
42595, 594
47123, 997
21863, 522
24682, 482
33493, 840
34856, 306
20467, 88
28925, 202
36410, 560
7492, 81
26792, 652
33202, 358
33897, 597
14185, 53
22715, 895
1601, 533
28211, 798
44526, 909
14586, 896
43817, 345
22807, 68
16340, 240
28425, 41
17517, 221
8727, 756
36034, 699
23565, 434
24820, 663
21354, 481
40962, 884
26700, 692
37986, 75
15342, 845
22909, 678
20844, 176
33172, 949
21066, 912
41442, 454
9262, 64
18309, 317
20998, 214
21996, 996
38527, 756
43930, 780
18734, 910
47271, 535
49580, 214
19088, 943
48333, 569
43333, 925
21193, 66
29481, 760
33961, 773
42373, 699
29711, 507
49825, 919
31896, 649
13149, 551
40085, 440
6958, 287
13891, 775
28765, 819
12668, 109
24489, 612
38857, 235
30834, 568
717, 899
19868, 826
21102, 612
13734, 858
33766, 391
6731, 694
27415, 818
48604, 211
41536, 720
9515, 325
22145, 676
13247, 167
4967, 64
4724, 547
19221, 571
36389, 495
5353, 198
16776, 410
27105, 565
48539, 663
35455, 36
19772, 95
49070, 152
18632, 339
10500, 598
42139, 254
42436, 331
19955, 568
27585, 318
22705, 653
637, 653
47055, 397
29762, 835
44994, 273
40989, 447
45398, 571
11781, 681
7902, 676
16556, 846
48779, 748
42279, 406
46495, 857
48227, 289
24881, 489
14078, 337
20201, 796
7526, 261
14487, 115
22749, 788
22222, 781
5554, 701
46234, 75
4278, 513
7811, 547
8876, 944
25269, 686
3107, 960
33622, 854
29496, 929
49555, 665
32817, 585
36507, 527
40371, 181
11332, 158
23932, 38
34080, 307
17703, 426
34355, 163
26535, 560
17222, 837
16625, 706
25248, 831
19833, 56
35652, 363
11506, 439
44887, 819
47743, 672
34383, 484
29064, 85
48535, 955
40387, 920
9517, 749
21642, 737
19744, 719
6346, 40
34916, 417
9781, 897
8968, 214
47924, 427
39734, 301
29814, 436
29004, 537
10112, 921
13140, 909
4924, 834
27486, 257
23065, 682
20663, 664
38937, 384
5322, 835
18975, 136
17105, 831
114, 472
14658, 687
13749, 763
46719, 488
3342, 115
8411, 844
28086, 454
45579, 371
10167, 359
42170, 922
8272, 849
42606, 581
22239, 526
27483, 214
1389, 201
41551, 812
37336, 550
46213, 696
6762, 811
16297, 198
42576, 755
12075, 131
22573, 85
19418, 965
15836, 25
6927, 839
43394, 47
44885, 935
25547, 194
44694, 893
15536, 0
20482, 10
24805, 150
15993, 956
886, 996
20352, 264
40806, 133
43777, 355
39865, 83
49837, 767
19752, 127
3513, 394
38959, 624
16662, 728
5443, 751
22798, 493
43210, 858
16443, 656
29917, 640
42777, 903
9101, 979
19174, 9
15402, 88
48791, 289
48, 324
44666, 622
2566, 369
26214, 987
25087, 6
14093, 107
44716, 556
21217, 422
31490, 754
30282, 77
39455, 676
31584, 748
2206, 813
12371, 912
12582, 612
17311, 454
10254, 647
5486, 8
4300, 834
30301, 958
3148, 732
47613, 503
5876, 598
38365, 590
13168, 353
15643, 367
15318, 302
32268, 814
38790, 707
23438, 650
25745, 938
4613, 636
19075, 626
40263, 93
48068, 670
21895, 787
15920, 603
14269, 350
42423, 465
17899, 141
27491, 954
10750, 695
43894, 446
484, 646
3618, 445
9736, 244
2610, 698
18026, 816
46576, 773
9906, 923
20157, 119
6100, 875
38792, 980
17165, 609
1798, 348
27667, 380
32404, 249
47844, 650
47813, 870
38580, 615
13672, 887
1919, 895
26446, 894
25277, 162
41879, 992
28333, 882
15878, 404
18058, 473
26332, 936
35749, 694
14309, 485
25601, 81
2655, 695
42220, 80
15486, 729
34303, 704
4840, 179
4900, 528
26960, 371
5524, 220
4264, 307
48362, 419
15170, 290
20898, 409
35000, 554
6838, 935
29313, 844
18015, 575
28858, 119
39432, 969
2205, 135
17837, 699
33705, 259
33032, 438
20924, 321
47698, 434
19175, 377
18896, 245
34326, 709
44347, 545
31063, 280
9730, 826
17779, 946
35271, 109
35673, 293
45385, 474
41648, 518
17341, 918
27067, 476
39424, 624
41470, 908
22742, 549
3686, 107
40822, 108
6816, 584
35684, 767
7797, 20
19277, 493
4516, 962
15089, 463
20871, 548
7567, 338
40214, 766
44442, 666
26251, 681
736, 367
17119, 881
12253, 123
32705, 14
309, 468
7337, 922
6713, 444
22201, 494
46960, 617
4293, 271
25104, 197
4558, 811
33505, 137
15111, 474
11179, 491
33000, 115
4635, 842
3666, 147
33855, 731
28639, 516
26056, 947
18999, 169
43448, 890
16506, 797
35359, 955
37588, 879
33839, 908
36318, 810
17433, 269
12498, 886
11592, 850
46950, 916
1467, 422
20134, 327
3259, 209
1521, 87
29733, 590
23931, 308
18668, 819
1604, 287
48027, 534
34294, 919
31538, 892
13032, 791
26957, 356
44951, 925
41409, 361
43881, 525
25295, 88
27713, 701
32703, 328
44915, 354
17888, 853
47260, 412
13530, 132
36564, 414
14234, 379
19408, 598
35138, 137
39320, 721
45675, 293
19861, 552
6510, 265
2885, 521
25846, 471
10985, 183
43158, 776
13608, 589
4971, 470
40406, 66
35646, 789
19206, 543
39258, 966
26721, 173
27384, 313
40969, 527
3199, 175
41583, 391
15199, 146
43166, 979
31110, 723
42708, 269
6424, 681
9338, 929
13628, 565
21606, 342
2367, 851
45569, 48
7226, 481
34825, 157
36764, 695
12231, 311
36384, 761
24507, 18
13935, 660
20832, 757
4819, 566
20518, 801
15192, 746
37100, 667
8497, 460
40313, 797
43370, 416
38363, 465
49949, 218
25091, 826
22692, 687
43289, 321
45684, 191
15784, 327
22701, 462
25384, 397
9951, 960
24479, 589
42679, 766
45026, 85
35006, 49
19640, 923
35381, 343
17264, 726
35480, 366
8267, 159
41516, 222
20445, 364
28569, 986
35466, 409
15966, 727
37288, 939
29053, 884
35154, 300
21843, 353
21340, 543
21334, 934
30746, 823
2945, 235
18771, 371
33468, 462
18359, 289
11661, 812
20935, 431
49905, 494
20257, 854
4031, 340
44325, 285
36614, 940
43916, 225
42959, 867
39041, 362
45094, 353
24203, 780
8439, 377
43810, 321
48078, 326
3976, 503
5133, 676
15629, 671
32800, 97
25588, 103
33345, 627
7524, 26
20797, 728
5844, 161
33027, 933
31061, 391
6687, 24
8861, 607
31844, 249
4758, 226
44523, 786
17463, 480
30214, 326
46394, 125
30681, 724
27249, 285
1436, 810
30241, 795
27246, 188
44511, 776
26334, 371
31939, 569
12301, 753
9139, 740
4991, 194
25919, 356
9196, 984
26104, 917
4647, 642
1193, 976
6364, 986
26850, 89
35831, 732
21463, 830
17239, 117
32011, 631
46479, 926
3706, 868
42065, 947
3804, 69
40277, 672
42831, 106
23111, 933
6652, 880
19794, 444
19763, 685
20711, 755
48179, 339
23007, 846
8081, 394
24912, 628
19548, 873
27481, 244
38563, 1
45325, 814
34472, 558
21778, 714
16825, 937
49795, 409
29047, 899
37876, 223
34310, 301
48862, 564
24896, 343
23534, 146
17086, 805
9933, 402
34144, 256
4688, 82
32901, 640
36673, 615
14548, 801
46163, 390
31351, 676
21271, 773
43929, 795
12906, 9
19524, 607
28842, 538
38185, 458
28495, 156
47295, 994
2747, 95
21919, 506
30814, 287
1849, 172
21704, 859
1444, 654
23806, 323
45545, 342
49265, 802
34416, 38
11006, 420
3144, 888
49717, 500
21925, 979
26163, 388
7569, 725
21004, 851
30027, 410
10926, 994
12526, 861
31945, 760
23507, 320
15595, 826
41663, 507
15747, 833
3536, 570
10793, 385
32352, 875
16514, 520
29464, 222
27732, 864
858, 823
20660, 291
27495, 436
38239, 877
43849, 871
2045, 497
43677, 912
40504, 150
13992, 909
33837, 279
12824, 431
41225, 810
39723, 987
5997, 755
42646, 571
37140, 979
16721, 540
17443, 654
39742, 768
40659, 85
42433, 426
11288, 136
16542, 76
45539, 279
32277, 21
38867, 558
12948, 847
29552, 832
38864, 744
48677, 642
23371, 407
31424, 90
25439, 962
27431, 102
20664, 985
25686, 493
42859, 368
3887, 628
40605, 85
48559, 527
11422, 880
27622, 349
29859, 529
9363, 276
4501, 331
39482, 837
12791, 359
47735, 378
46223, 784
26708, 127
5988, 301
34508, 628
34651, 247
35929, 522
41202, 188
47760, 321
2376, 229
47275, 519
31102, 828
40477, 387
9858, 956
47228, 190
21303, 717
38888, 901
42006, 664
475, 802
27574, 774
43587, 191
17786, 418
4273, 907
36462, 182
43538, 197
4154, 87
18948, 646
26239, 555
42182, 809
14057, 404
14354, 485
18057, 253
42349, 520
29520, 107
28253, 240
19633, 279
40232, 991
31710, 187
40139, 186
18503, 232
30551, 461
3102, 310
20043, 679
37340, 548
41494, 992
49276, 202
25132, 150
10262, 791
47385, 98
28892, 503
2709, 57
12922, 723
30222, 130
18075, 788
38015, 749
21686, 556
24011, 439
5894, 740
38778, 725
40250, 293
13205, 972
20279, 906
32822, 463
6410, 353
49273, 279
46541, 273
2607, 357
42540, 538
34946, 327
12752, 856
13034, 218
21381, 188
24541, 416
30744, 768
48614, 920
35001, 545
45862, 96
27777, 721
35761, 61
32673, 196
2042, 159
10916, 434
12343, 927
17811, 845
35462, 779
18568, 196
32603, 120
32885, 76
19426, 675
8223, 427
27649, 531
16042, 358
37407, 695
3337, 810
40676, 350
16117, 695
41337, 267
25664, 691
1050, 493
19880, 475
40416, 686
33466, 141
2706, 934
28964, 230
49627, 374
42068, 749
14235, 778
12236, 712
18822, 320
7073, 697
33153, 13
17178, 168
7160, 34
25620, 792
27253, 386
35920, 657
19897, 709
35469, 905
18227, 483
37746, 488
6341, 329
47883, 854
39764, 664
9143, 866
6102, 957
32114, 575
25294, 218
27236, 242
43673, 774
42037, 354
7842, 321
16039, 520
32808, 428
12898, 147
42111, 467
34824, 935
11428, 468
45226, 514
34442, 652
24074, 450
27319, 794
9580, 862
15495, 327
34497, 138
22862, 145
3822, 757
14449, 803
17148, 771
39795, 68
10954, 126
13439, 850
14210, 464
34807, 33
4147, 573
1862, 380
40176, 294
8423, 102
31129, 144
43203, 899
39295, 362
6642, 351
30098, 902
47761, 904
11162, 935
46060, 222
15294, 727
45609, 180
4580, 604
16099, 829
14641, 442
29441, 126
35266, 516
7503, 17
3371, 896
43591, 875
41453, 467
37091, 385
41908, 631
2742, 935
12773, 565
41233, 842
974, 86
14340, 991
25503, 139
22936, 626
40876, 256
40459, 797
24117, 886
24457, 524
11666, 940
30452, 777
16256, 412
43919, 968
40405, 557
40479, 695
17889, 11
5319, 636
15651, 214
29501, 519
46936, 940
43322, 736
18173, 493
17533, 911
19201, 172
8083, 596
5061, 228
148, 20
21848, 919
24730, 60
18264, 621
22687, 932
23439, 512
25335, 119
37955, 760
38972, 701
25342, 315
18425, 887
45360, 480
32792, 744
16110, 715
4470, 243
11045, 663
10331, 256
42944, 355
47401, 798
22823, 452
1646, 803
22393, 609
31980, 16
39759, 692
36984, 891
43526, 578
32951, 0
1998, 804
12786, 368
47557, 773
19349, 443
13036, 774
17537, 683
15501, 980
31142, 741
47895, 990
26341, 863
48658, 119
8409, 302
17477, 335
5266, 61
42336, 195
23044, 597
35828, 880
49422, 119
19329, 888
13684, 596
18544, 495
37937, 240
20985, 881
5477, 279
33247, 41
31267, 993
8484, 882
26090, 80
4026, 252
43690, 257
17450, 820
46941, 579
12390, 831
46771, 520
41404, 706
8998, 47
11998, 984
43318, 805
31032, 12
37471, 676
43980, 646
24510, 186
10236, 456
16262, 628
41324, 281
28288, 384
31397, 442
31282, 951
11814, 263
44258, 537
41410, 74
46370, 753
18647, 308
41096, 444
38828, 345
38806, 0
26293, 423
15760, 683
14736, 549
29420, 589
29424, 945
43888, 603
35079, 690
8289, 696
45493, 675
44707, 40
15138, 659
46642, 266
41873, 737
664, 82
17497, 368
13959, 587
6103, 142
24403, 754
5097, 361
11534, 438
42632, 17
27080, 325
3917, 916
22476, 879
5454, 23
49516, 735
40433, 510
7756, 728
22803, 308
28441, 814
17228, 34
48737, 286
39254, 74
22076, 155
40701, 894
32633, 201
39076, 90
40239, 934
44731, 86
47674, 252
30373, 551
6254, 467
32060, 413
39059, 531
16259, 450
11070, 241
10444, 797
19218, 665
35754, 352
29782, 334
43369, 297
47682, 917
36012, 979
13356, 507
47841, 345
12233, 781
13602, 406
46326, 841
25456, 726
18180, 105
10990, 863
33263, 584
7540, 431
39592, 195
39032, 794
22975, 140
32562, 233
13167, 357
25469, 497
29410, 15
20477, 633
11891, 357
31402, 262
37436, 521
20144, 252
47021, 848
32327, 25
32081, 288
39310, 454
29043, 42
33812, 792
13464, 825
34784, 700
33088, 288
32275, 342
2659, 838
3899, 719
14889, 266
2596, 827
10051, 640
31977, 288
39498, 578
23454, 877
5026, 806
7268, 155
16890, 464
35416, 552
8163, 964
26236, 182
19185, 865
23928, 452
27928, 165
6684, 355
37825, 117
45697, 517
46053, 313
30755, 290
40060, 61
18740, 581
3103, 259
13537, 219
47165, 62
16320, 830
40095, 511
10741, 893
47010, 150
5117, 36
49525, 515
41895, 365
25889, 622
17730, 24
34725, 571
45175, 857
20281, 674
1113, 476
4656, 228
13327, 816
49054, 38
5122, 908
2652, 402
41677, 449
41300, 107
9994, 994
46597, 195
29691, 473
30255, 56
20283, 141
12912, 346
794, 937
19517, 122
40171, 514
41354, 414
37353, 901
35083, 65
29956, 479
9034, 866
18461, 440
49233, 201
10569, 206
7408, 494
1587, 130
9971, 398
46316, 117
3679, 465
8098, 125
45197, 232
21952, 533
32007, 420
37515, 629
48630, 598
37633, 533
10410, 92
46668, 512
46001, 40
33984, 167
42121, 203
4150, 138
32899, 165
33954, 281
33001, 779
17983, 699
13712, 552
20894, 701
36896, 626
33354, 182
28977, 806
42116, 600
22484, 221
5759, 733
9068, 185
35394, 273
10471, 16
22506, 472
49971, 558
10868, 337
49831, 277
29688, 821
45961, 932
13515, 932
25719, 971
48470, 67
9124, 29
47134, 215
37089, 63
8292, 411
33551, 727
41575, 976
31035, 312
44343, 906
42321, 440
17659, 991
47830, 424
13005, 318
25337, 185
22593, 974
6686, 203
28411, 0
8765, 773
37625, 169
7956, 830
48917, 726
3295, 951
46808, 347
3243, 84
42118, 571
7313, 68
35664, 298
37306, 414
20118, 28
33890, 819
17010, 508
42717, 494
16689, 474
48717, 427
9954, 386
33300, 792
39013, 15
20897, 64
44069, 431
46226, 667
46228, 52
32476, 286
10922, 441
42981, 956
44751, 634
30555, 752
48172, 970
14468, 271
43313, 901
45543, 931
36316, 281
4872, 334
36418, 408
43243, 184
2540, 78
29996, 721
9442, 7
12787, 306
45115, 196
29707, 407
2112, 72
20378, 515
27555, 643
18175, 362
29562, 653
41590, 562
28694, 327
5816, 617
29339, 700
18799, 530
11029, 559
16915, 434
15822, 995
48759, 846
44516, 916
20168, 498
14617, 44
29839, 500
23000, 279
32688, 241
8429, 416
32395, 653
18790, 405
32873, 35
42107, 863
49351, 413
28992, 867
3238, 503
30800, 562
46313, 649
8049, 404
19120, 648
8056, 900
18634, 687
34682, 666
227, 233
22696, 74
6667, 736
47804, 169
30529, 268
30606, 194
46206, 435
12189, 602
40248, 69
9827, 343
21674, 205
49384, 550
7707, 301
16388, 988
1585, 308
46973, 240
1227, 756
37472, 748
49778, 581
49864, 865
23456, 885
430, 675
26010, 473
4951, 799
36395, 236
29124, 678
13883, 684
15296, 614
26961, 980
29811, 962
20204, 634
29270, 922
7381, 525
38315, 141
1044, 398
4133, 690
26637, 394
8900, 1000
19553, 405
19620, 284
28515, 259
24696, 907
27401, 450
4001, 859
30811, 4
30552, 193
3792, 633
37261, 937
4291, 273
49431, 233
6903, 295
37972, 624
816, 700
1918, 260
49736, 570
17951, 503
44531, 277
44542, 261
19299, 202
4085, 633
34088, 634
3868, 539
21087, 966
37010, 972
31366, 208
12626, 450
41058, 1000
8305, 780
39683, 34
14217, 445
20408, 961
39369, 610
3612, 767
42280, 157
45959, 814
43491, 205
38143, 639
34218, 225
34954, 502
16014, 937
9898, 744
2856, 937
16896, 586
5376, 235
17587, 479
44525, 595
26025, 746
28500, 826
15645, 271
29428, 353
44242, 939
23101, 913
12839, 706
29866, 945
35039, 661
36110, 388
47668, 482
42590, 265
29398, 668
11620, 916
31779, 622
36133, 893
46611, 668
45564, 797
46026, 590
8554, 236
10301, 796
39676, 130
31425, 421
31983, 679
37867, 784
37042, 820
2795, 410
23533, 586
31641, 184
27786, 629
10665, 613
18449, 958
33916, 826
45553, 624
493, 829
31866, 456
2681, 363
15216, 754
1823, 738
49484, 55
24565, 741
13377, 759
42135, 626
23573, 250
8276, 533
4734, 482
18733, 769
22579, 268
21181, 402
10185, 812
4024, 274
39918, 743
8870, 838
48706, 962
47561, 693
43054, 976
44780, 714
45734, 383
31649, 533
10327, 842
44728, 823
36424, 117
36225, 884
30650, 924
29918, 798
49716, 239
28430, 906
42970, 739
8244, 889
20123, 574
9460, 135
31069, 843
15179, 598
7386, 620
29515, 621
40648, 62
45269, 399
45046, 452
8719, 425
24769, 798
3434, 940
17954, 106
48758, 125
24278, 414
2748, 588
5489, 939
3971, 185
573, 310
46233, 311
21028, 436
18381, 399
28923, 296
48974, 176
43395, 124
11065, 728
35542, 630
41915, 427
41489, 231
656, 686
15282, 302
30117, 399
29542, 434
8319, 958
24872, 515
48707, 670
37514, 258
30542, 57
12134, 494
22297, 280
2697, 439
8291, 986
21508, 797
39583, 834
31853, 141
8020, 208
48749, 448
30313, 902
35688, 415
19345, 287
26458, 968
7418, 961
2643, 269
46664, 787
19176, 206
12883, 124
24104, 662
28720, 236
16497, 251
11470, 587
30102, 697
32089, 378
16094, 441
2595, 251
45829, 245
6970, 186
42363, 641
47251, 289
25354, 501
37603, 963
35380, 266
9617, 191
17114, 645
33149, 502
7932, 826
36928, 272
29125, 124
27312, 404
2165, 239
3962, 371
10810, 124
28746, 305
34672, 533
43857, 888
26230, 923
5083, 822
21041, 25
10276, 757
44043, 650
20794, 628
15825, 53
48057, 250
33908, 427
42275, 742
42788, 588
21531, 476
14967, 504
21543, 660
5516, 555
13233, 573
47797, 333
3635, 709
4111, 300
41323, 822
6917, 179
26060, 889
31986, 797
31449, 489
38985, 218
36798, 86
48261, 317
10524, 263
48775, 119
31645, 144
12793, 358
45126, 154
15502, 918
36151, 66
36568, 139
7537, 631
11073, 594
40276, 775
32065, 69
18322, 439
29483, 751
4276, 31
11552, 166
37869, 108
19351, 615
45395, 671
28633, 159
16562, 739
24301, 814
7594, 897
27231, 446
17046, 601
24599, 472
30782, 714
11473, 396
41692, 819
13671, 597
44320, 389
20264, 409
33774, 584
16213, 365
29021, 423
34001, 627
18241, 135
35, 523
44610, 426
46271, 333
24399, 780
35034, 643
21627, 736
21574, 900
24737, 541
8353, 214
35096, 789
4960, 470
27429, 861
45213, 835
49020, 842
17609, 181
16053, 844
5408, 951
48664, 151
36282, 218
27694, 368
25887, 600
30004, 730
21324, 400
708, 703
14228, 711
24939, 997
31671, 700
37664, 281
8349, 938
40074, 355
10696, 349
40062, 43
1800, 19
16233, 36
24084, 118
24887, 646
3169, 799
294, 164
28788, 970
24591, 783
33793, 584
21083, 577
23548, 520
11599, 443
398, 63
3427, 508
39974, 384
36036, 787
2879, 502
29851, 914
31194, 802
25792, 228
35523, 15
12444, 552
15247, 90
19613, 627
23414, 963
22805, 618
36117, 250
37167, 772
38078, 501
15697, 811
10844, 303
104, 725
45932, 641
40265, 322
6267, 880
47930, 203
8571, 174
25766, 636
16602, 476
21355, 439
14350, 431
49783, 719
21229, 471
4710, 718
44263, 257
16163, 869
48489, 563
10146, 303
26906, 708
16720, 855
12132, 103
11158, 967
40527, 495
25621, 184
45440, 107
8496, 711
49105, 240
40935, 719
47823, 845
27851, 948
46630, 628
23132, 846
19036, 96
17916, 542
7876, 632
1232, 729
8041, 254
31044, 838
22279, 265
2181, 380
38492, 177
36238, 680
46369, 15
41717, 356
46638, 207
47425, 73
46519, 811
32962, 512
21517, 872
28236, 704
35752, 820
48314, 196
24443, 434
10238, 101
43143, 988
12026, 82
28414, 859
7714, 852
37864, 440
34018, 790
13732, 932
46712, 640
12, 475
17453, 376
39458, 105
44560, 753
23494, 251
46761, 993
25797, 223
7576, 409
34342, 681
7605, 281
26169, 661
15860, 191
20754, 343
35512, 590
8366, 11
2730, 315
1454, 173
34132, 210
14054, 969
44737, 874
38423, 571
7592, 391
40986, 769
41149, 830
15407, 763
3011, 561
38955, 316
6791, 849
9520, 738
24792, 607
33191, 895
13372, 151
44149, 847
37866, 237
22508, 801
21018, 664
4581, 710
39739, 338
48046, 287
33250, 246
35421, 880
9489, 86
17732, 814
13174, 823
34903, 435
21443, 79
3672, 99
30741, 982
15885, 972
16019, 863
7042, 606
36053, 66
26802, 445
34609, 972
3227, 279
15903, 349
28713, 734
10791, 62
18926, 16
9975, 277
28841, 467
34966, 973
4759, 781
49047, 730
33448, 128
44769, 392
34095, 950
45038, 417
4584, 495
24291, 548
49463, 290
2287, 621
12370, 703
31313, 726
30009, 289
35820, 939
45420, 55
21806, 30
41903, 616
36209, 818
20667, 884
39456, 760
11776, 303
32862, 846
27247, 404
47328, 701
39920, 68
30745, 535
49808, 667
37697, 742
43684, 528
20247, 85
2690, 31
23440, 442
9585, 835
6313, 621
2853, 353
42523, 988
16583, 619
32326, 527
20548, 576
17578, 896
27968, 64
19145, 541
10774, 367
1194, 257
4926, 838
29671, 272
15775, 189
42926, 354
24311, 638
45510, 249
18512, 765
26069, 111
37683, 675
5340, 143
48127, 160
19555, 894
18347, 907
45158, 999
2772, 969
21372, 88
18463, 513
18565, 57
22791, 55
45718, 599
40743, 230
1770, 484
22978, 138
9093, 766
24475, 174
20918, 815
33781, 142
22130, 207
20368, 375
22054, 693
25252, 943
31411, 657
13742, 241
35560, 662
45284, 303
18254, 568
22559, 439
30176, 229
28620, 54
25349, 252
12367, 838
34194, 673
19333, 172
23114, 622
45508, 22
47942, 28
39663, 634
48850, 772
41920, 139
1694, 287
46209, 112
2316, 312
728, 809
47179, 980
23920, 274
48369, 655
11846, 281
9765, 942
2124, 657
22719, 331
19397, 858
37820, 496
27588, 878
5539, 293
46649, 109
5213, 988
2665, 670
44873, 155
1833, 693
8814, 595
48025, 571
34787, 439
10312, 532
12018, 778
30444, 380
2091, 983
35248, 48
41813, 916
21204, 300
7566, 121
23031, 666
48968, 976
4928, 585
39667, 474
37834, 342
40844, 710
25749, 610
44830, 239
144, 432
38969, 142
13271, 67
10979, 610
48071, 138
19194, 845
33213, 206
48973, 924
18414, 822
4205, 501
49496, 720
4381, 890
23753, 269
1019, 714
7253, 986
24287, 53
35861, 473
12738, 114
17454, 474
14774, 358
42715, 545
20324, 625
24762, 929
11282, 591
20566, 386
8885, 159
27310, 543
28608, 733
48130, 800
30003, 484
49164, 635
27685, 228
6017, 151
33707, 23
33099, 539
28127, 940
41722, 245
15613, 309
28452, 135
13478, 698
8021, 851
11363, 28
7637, 692
35037, 562
12052, 970
35332, 366
27142, 610
36635, 395
26978, 264
39588, 708
39911, 888
34846, 627
34869, 273
20661, 125
28751, 915
37686, 23
45002, 422
42548, 451
21691, 333
34464, 294
18563, 815
503, 583
5056, 957
17850, 986
12527, 531
9100, 233
36063, 512
10456, 709
29282, 138
32323, 197
37152, 930
5462, 950
48146, 439
29592, 968
46745, 777
38625, 992
20574, 262
17557, 805
9909, 344
28045, 895
25882, 482
27337, 625
19128, 540
29886, 217
6458, 390
22293, 534
24838, 714
20687, 449
42937, 931
38965, 302
39154, 784
28447, 588
42550, 954
48981, 494
39532, 561
46245, 267
44652, 223
24260, 54
14514, 648
40244, 122
39192, 972
12165, 756
16937, 26
31385, 608
1528, 921
17339, 824
15322, 177
39443, 283
31990, 74
40749, 751
35517, 732
30147, 162
26023, 326
15659, 305
12050, 96
47690, 583
44084, 518
33366, 495
21166, 422
20027, 22
30536, 365
40497, 268
7018, 207
20237, 864
9425, 712
10036, 912
16822, 284
6938, 12
39901, 917
33134, 550
15722, 616
9668, 881
21020, 301
28061, 707
15177, 920
12711, 53
49190, 399
29375, 938
6035, 844
965, 565
47117, 206
34913, 135
15577, 165
37154, 408
36394, 767
46713, 759
11440, 969
21652, 934
12100, 207
44167, 334
7648, 518
22941, 288
26453, 9
31084, 950
16034, 663
12663, 863
15782, 252
27460, 267
4994, 341
32926, 759
22788, 124
6543, 416
46556, 571
44322, 970
25618, 145
19864, 505
42469, 541
23757, 526
7006, 808
11777, 964
44046, 944
19417, 192
2983, 714
23980, 360
45277, 420
34838, 289
14164, 335
9148, 309
8039, 53
49183, 505
40473, 146
49428, 315
24808, 799
25356, 712
1471, 179
28504, 580
8448, 957
35277, 615
32525, 198
9106, 402
49231, 535
3293, 492
6535, 398
11219, 660
8857, 885
26347, 606
12851, 922
3750, 757
48750, 614
8282, 187
1079, 111
25209, 657
46148, 656
676, 604
37572, 258
47433, 505
41638, 382
46803, 326
1676, 598
2600, 911
11156, 727
49314, 816
1248, 749
18474, 707
45847, 974
20534, 151
32946, 19
17707, 439
26605, 642
27139, 440
1310, 841
41611, 898
27078, 574
15099, 529
583, 586
1502, 389
39057, 470
4451, 351
2403, 509
14622, 596
42250, 299
15212, 589
26328, 104
29922, 347
20604, 644
32091, 733
34962, 228
44848, 648
20945, 791
44085, 222
33428, 214
29617, 827
1291, 644
24442, 147
40838, 831
40619, 452
22420, 863
17789, 321
36587, 444
46996, 172
42530, 755
352, 882
48993, 870
35759, 67
34462, 284
39016, 166
25422, 628
27119, 289
24941, 457
5734, 998
15992, 925
49806, 570
26331, 80
8450, 672
19089, 350
24680, 0
44372, 582
25506, 534
7744, 941
13586, 548
39397, 28
19367, 279
33964, 879
28221, 163
20915, 412
41331, 67
7910, 403
19143, 231
43556, 139
1106, 921
13270, 461
4998, 738
35279, 77
15399, 306
35582, 702
27328, 907
37509, 812
10032, 33
30414, 499
33147, 620
44468, 195
29595, 359
11917, 908
21555, 697
22747, 555
46128, 298
42604, 771
39334, 831
19436, 362
40015, 249
18282, 117
44349, 697
42620, 328
26847, 982
12750, 583
40548, 598
22438, 916
1418, 901
37505, 671
35763, 932
15462, 591
18694, 710
33985, 846
43374, 197
36166, 612
47737, 834
28627, 156
31836, 878
40304, 475
42976, 944
32650, 944
2157, 6
20071, 311
40538, 272
12398, 604
27566, 734
41266, 229
29875, 457
9806, 55
49604, 480
30364, 623
40888, 145
25281, 674
26199, 797
7543, 772
7166, 736
18101, 145
24360, 913
30944, 520
45021, 526
46730, 715
8461, 116
30644, 649
3548, 905
34919, 467
23268, 449
48010, 636
48679, 609
37710, 982
44686, 919
45802, 917
15687, 364
13265, 329
16411, 123
40020, 175
30173, 126
33021, 349
45668, 112
6429, 195
28392, 792
21775, 194
46040, 842
19469, 488
21278, 981
35052, 458
14632, 754
33435, 617
19826, 544
45535, 893
12664, 729
36732, 547
31188, 786
20800, 603
29116, 618
28606, 329
45652, 842
42681, 965
13798, 970
48628, 910
28880, 536
25807, 858
39134, 642
8350, 684
49802, 361
19399, 526
10520, 9
34630, 113
22565, 807
3726, 150
30939, 1
21024, 394
24312, 600
30578, 3
3977, 972
39361, 619
12288, 67
17053, 983
20508, 417
39287, 176
39139, 327
26063, 771
17069, 242
1396, 120
1843, 868
40013, 807
23246, 679
42963, 29
16100, 515
42200, 68
21839, 806
7182, 941
35092, 70
44394, 661
34281, 397
27497, 177
14220, 714
47763, 704
46999, 282
25714, 465
9012, 481
38227, 943
13321, 512
3828, 943
472, 572
13698, 334
26306, 441
1259, 368
4269, 740
7079, 957
42719, 371
27089, 407
14372, 664
44637, 231
37541, 224
5244, 55
49986, 189
26840, 726
48167, 276
30886, 527
37312, 575
9627, 750
20100, 112
16513, 188
7574, 425
17383, 935
41556, 269
37765, 382
2798, 61
26246, 656
14113, 395
34272, 843
15975, 81
8043, 594
28074, 962
44752, 12
26526, 787
7207, 601
20784, 721
2462, 835
33610, 356
37038, 21
36881, 410
22676, 646
39612, 786
33625, 555
2464, 547
34395, 708
16981, 457
13890, 961
2758, 862
13252, 445
42541, 797
16616, 868
22956, 881
27011, 921
3585, 838
5562, 887
21009, 494
26651, 191
27182, 700
41207, 883
8824, 376
7528, 285
13951, 823
33483, 901
24672, 405
19134, 420
18859, 510
45828, 47
33952, 323
16132, 128
3383, 768
23872, 482
46377, 532
17044, 815
19561, 317
4000, 54
8912, 925
4420, 120
5044, 134
42093, 242
22042, 563
6886, 793
31244, 139
26051, 518
32624, 677
23137, 92
17746, 567
37348, 923
31401, 570
15355, 616
2699, 316
5487, 777
44118, 360
17989, 637
42910, 209
2065, 859
4625, 101
44114, 626
26720, 868
15715, 420
38135, 868
31185, 109
25558, 642
14266, 579
9936, 943
34316, 479
11258, 742
11165, 137
12885, 645
19084, 616
17974, 972
25108, 297
15026, 509
12143, 690
45100, 160
21722, 895
37327, 907
16767, 671
25501, 897
38698, 642
40517, 939
6658, 513
46501, 252
24949, 965
27043, 53
30873, 695
45761, 711
17099, 864
15823, 990
4059, 145
20388, 640
18584, 559
5716, 813
19196, 116
39536, 406
15765, 743
8630, 320
42323, 792
11221, 524
37755, 713
6996, 836
6325, 996
25033, 744
41939, 721
7012, 978
8953, 842
23628, 865
48086, 219
4499, 78
27214, 370
23858, 397
20322, 46
7965, 249
14464, 858
15045, 504
5159, 435
7717, 738
946, 3
29988, 407
31719, 240
39997, 274
16746, 671
246, 263
735, 339
43655, 924
1852, 709
12262, 980
32884, 75
41784, 547
26444, 78
4841, 929
28744, 787
7128, 461
20197, 75
37895, 248
35830, 835
46619, 38
3326, 129
17207, 385
36003, 282
33888, 749
39837, 651
35591, 131
20077, 69
6036, 620
8617, 268
32729, 725
22060, 208
8075, 328
39285, 118
15580, 812
31186, 43
47298, 305
28995, 476
2003, 831
26456, 462
7681, 338
14162, 987
39542, 100
23043, 342
9134, 450
5260, 986
48638, 466
6672, 397
36700, 63
44901, 889
3292, 304
15923, 628
49730, 914
20862, 18
4901, 244
10738, 169
45302, 841
11326, 194
49642, 716
28067, 841
37914, 849
2935, 684
21098, 427
30968, 340
27490, 255
7604, 80
43312, 787
13835, 930
11971, 702
43737, 217
35118, 560
27617, 664
1917, 500
9985, 738
21360, 263
41883, 770
27391, 857
18879, 274
32217, 978
8078, 408
41676, 286
10522, 951
33934, 490
48647, 489
27353, 292
27340, 825
13116, 884
6111, 532
22093, 850
4287, 690
40561, 527
10828, 154
36670, 999
41133, 952
9559, 310
14643, 977
19080, 583
49701, 144
32555, 421
44572, 549
1913, 757
5640, 664
48983, 589
3296, 510
46675, 961
13144, 291
1581, 723
34681, 988
10431, 272
997, 84
39422, 959
24578, 722
39220, 347
704, 52
8069, 938
34899, 268
26406, 869
49214, 773
42355, 136
43107, 317
37103, 378
32465, 577
44016, 224
34871, 1
7843, 811
27031, 772
28802, 463
30076, 773
4469, 214
45189, 109
14246, 358
28217, 218
35186, 503
14937, 703
45147, 179
16062, 333
12352, 107
45784, 932
21981, 284
12080, 819
14417, 671
34955, 202
31646, 356
42096, 536
348, 41
17213, 941
44081, 271
29022, 12
28863, 482
6449, 672
29087, 963
5173, 39
40070, 72
18064, 511
39474, 230
15156, 40
6506, 230
42284, 220
3376, 364
32558, 0
48688, 363
40859, 461
37530, 468
11784, 655
37742, 913
34475, 332
29529, 783
49427, 30
7871, 638
48053, 216
19828, 984
22887, 283
18274, 236
38213, 734
19670, 447
49502, 879
34503, 795
18923, 902
6320, 667
45459, 639
21513, 973
5064, 449
26753, 506
19119, 245
49371, 212
16608, 162
6081, 989
37013, 859
17615, 943
2409, 226
20499, 148
4404, 176
29832, 79
43512, 965
5162, 440
6256, 770
8345, 900
33759, 933
2693, 972
12636, 593
38235, 356
39203, 659
13655, 673
25579, 539
45103, 624
27542, 164
13277, 695
33539, 810
47163, 549
48095, 911
47109, 796
7376, 791
30082, 655
28470, 937
7172, 771
17438, 308
1142, 388
15702, 680
48572, 230
8463, 711
2823, 306
27230, 833
8037, 342
22563, 171
45589, 785
17210, 128
11689, 986
28306, 674
5738, 647
49812, 734
20992, 446
4140, 779
11591, 167
14232, 313
46304, 226
39479, 202
10824, 694
17593, 889
27153, 953
3333, 218
2664, 144
49908, 484
32435, 615
5197, 778
24686, 518
7339, 25
13488, 948
20311, 637
526, 291
24448, 964
22616, 179
31270, 578
28882, 155
24914, 726
20652, 126
25659, 362
21861, 946
11274, 417
22889, 308
19999, 141
36520, 11
8773, 80
28083, 357
10532, 646
33565, 287
21371, 656
18964, 749
24661, 557
14880, 248
39740, 92
15876, 728
39915, 764
9780, 466
7573, 827
31772, 636
502, 842
16218, 23
42232, 779
24035, 351
37249, 468
24389, 397
10233, 657
33246, 142
12427, 311
39222, 322
33970, 180
26257, 71
18639, 955
3456, 129
39671, 100
32639, 901
49227, 615
1892, 794
4275, 226
9485, 451
33649, 80
42891, 506
5370, 237
29877, 160
35746, 819
42185, 93
29526, 664
30124, 920
44441, 931
33811, 503
40708, 949
42781, 332
14627, 153
28632, 104
39614, 848
17326, 954
47885, 73
4796, 605
12602, 888
5364, 126
3774, 488
40709, 787
7081, 847
18081, 405
40418, 981
24675, 11
19366, 607
16532, 545
586, 996
45231, 795
1313, 480
40220, 658
18615, 3
38659, 247
36768, 557
14433, 877
23324, 662
28019, 445
19930, 284
4249, 819
10725, 36
5390, 348
35339, 550
34086, 997
37508, 817
22356, 165
28724, 995
432, 116
6680, 286
16744, 68
18726, 533
29602, 219
38722, 824
16154, 798
46825, 22
19727, 274
14167, 507
26310, 44
29569, 171
29119, 512
28249, 587
36694, 493
13121, 61
9527, 300
47215, 427
2304, 715
16870, 335
24905, 129
8654, 634
42808, 786
37159, 543
27101, 900
31725, 633
10128, 139
20893, 342
35229, 944
6139, 865
36128, 23
42935, 364
19767, 856
18423, 239
9703, 837
27289, 949
650, 1
33033, 21
318, 13
36469, 60
24368, 156
39604, 371
2973, 844
44583, 510
14615, 631
43760, 889
10041, 368
3485, 305
23777, 89
1360, 605
34495, 747
22419, 568
17072, 113
45206, 8
9779, 746
8268, 880
12509, 232
5926, 899
45763, 118
25557, 48
2509, 716
5409, 733
48465, 762
25495, 215
34687, 109
14123, 629
47772, 3
18200, 771
8986, 343
1219, 393
19664, 94
44669, 486
32999, 509
37133, 30
16112, 808
22284, 824
24638, 749
8233, 332
40622, 313
2089, 127
49352, 129
9866, 410
2394, 488
34045, 733
21368, 106
41486, 723
10355, 221
3443, 377
10376, 73
22411, 779
47164, 631
5063, 80
24194, 940
10000, 582
48069, 140
24997, 922
31989, 410
25780, 716
49807, 770
12230, 55
24158, 871
16537, 240
7869, 378
16791, 678
21403, 652
20210, 713
41227, 171
35741, 530
21932, 944
38323, 749
716, 955
3936, 359
10316, 443
29713, 489
39168, 926
21213, 322
42117, 616
41448, 650
40158, 50
25498, 707
16738, 68
12349, 518
24971, 333
456, 655
338, 733
38624, 240
25014, 657
13283, 972
30656, 477
3341, 528
7304, 908
23979, 933
17898, 500
42382, 2
26139, 203
11486, 861
7625, 29
30284, 680
32762, 539
15070, 588
10525, 376
25477, 696
23390, 393
3043, 413
37724, 443
49776, 785
44301, 886
49611, 778
45706, 436
45465, 323
26146, 13
5689, 916
18049, 255
11234, 190
48074, 983
32298, 944
39621, 503
41582, 671
49509, 483
6920, 232
7214, 683
21882, 188
30483, 294
22734, 218
33107, 434
10674, 843
36621, 586
14034, 642
28323, 270
42335, 287
6604, 825
24644, 174
23187, 965
12282, 869
13619, 672
44569, 81
31116, 935
13651, 802
46772, 30
4631, 556
45786, 648
2294, 212
7060, 627
9353, 168
22153, 61
41517, 166
30166, 915
14009, 865
16921, 885
28319, 828
22400, 531
22389, 688
45416, 528
43991, 116
40136, 646
33859, 8
43913, 839
40818, 798
14902, 749
28750, 7
47355, 130
13715, 923
34150, 517
13419, 683
45178, 855
8875, 421
21783, 37
14510, 273
25401, 376
20232, 877
16466, 601
22491, 860
24995, 92
36994, 244
32880, 614
27660, 744
25480, 98
5589, 852
46612, 300
30145, 348
23597, 861
36069, 67
41617, 180
16284, 907
16176, 431
46529, 502
24365, 724
21386, 348
12182, 227
14346, 627
11191, 917
23354, 794
18642, 284
33254, 539
41467, 738
49385, 50
26385, 541
8780, 175
20707, 477
5657, 276
41159, 883
7552, 849
7045, 938
33543, 639
40652, 367
43453, 13
4509, 640
37499, 564
5326, 105
27538, 481
10200, 153
44390, 277
20590, 377
31216, 411
33205, 227
25881, 366
40547, 674
9482, 628
43597, 187
23839, 297
41882, 343
36607, 25
14178, 989
42589, 215
31797, 799
2675, 651
36980, 389
47399, 166
22386, 215
15566, 882
14543, 916
6361, 493
1593, 432
25560, 177
6133, 695
8111, 60
1928, 153
25016, 252
5086, 107
45289, 610
21983, 946
24357, 586
26074, 323
34579, 811
7763, 932
4560, 341
20099, 730
11785, 394
5450, 722
44900, 76
21610, 211
36852, 927
12492, 216
38461, 555
3343, 338
25888, 340
22398, 866
3063, 278
44061, 6
41654, 667
23558, 153
27313, 961
26532, 754
47977, 646
3145, 713
14561, 301
29565, 893
32184, 306
20333, 831
9266, 681
28631, 623
48571, 297
38453, 404
39529, 998
33095, 237
38154, 857
9939, 516
22661, 743
15770, 692
17485, 432
43324, 695
33195, 727
23572, 870
29508, 790
34295, 634
17147, 36
2377, 281
1520, 347
14024, 861
19965, 328
31734, 436
44870, 465
33838, 122
31290, 290
3739, 331
39555, 899
28161, 11
33563, 278
19914, 125
23790, 36
20437, 595
37854, 157
22045, 474
28412, 365
48530, 184
7478, 111
17109, 424
22029, 276
16413, 206
25465, 960
24664, 792
11929, 38
15751, 311
16012, 759
26881, 278
14387, 392
27921, 938
23375, 425
19343, 131
40927, 327
41538, 21
12006, 949
6439, 95
4027, 426
14513, 179
28003, 152
17905, 459
12330, 997
2838, 271
17713, 938
9358, 300
7688, 927
11747, 401
41047, 1
23563, 946
19842, 932
47769, 853
14285, 354
38622, 458
39823, 939
25658, 37
43295, 738
49633, 975
18437, 150
11172, 1
12619, 913
18738, 925
37033, 48
34714, 962
27151, 873
11031, 619
47733, 691
42342, 772
30090, 849
39353, 774
8862, 430
1972, 874
45913, 22
27548, 423
4240, 273
29756, 89
25273, 670
30278, 425
4727, 604
38848, 759
18451, 197
48700, 533
37535, 494
26207, 894
48947, 250
49540, 76
34931, 996
13197, 338
12901, 756
40298, 862
14686, 555
35223, 795
24076, 231
27678, 341
9004, 758
15550, 91
29390, 933
5729, 737
20564, 227
44748, 395
32947, 567
27452, 835
2325, 571
45041, 836
21698, 308
2920, 713
48188, 499
28532, 983
26042, 430
13263, 878
28667, 236
27237, 401
35773, 396
35038, 670
25915, 134
4616, 184
45159, 87
15180, 2
7346, 283
13581, 985
28400, 885
40951, 549
30473, 684
2606, 638
10317, 54
29033, 691
41126, 534
23277, 207
32152, 885
44371, 626
21621, 108
15840, 624
37293, 942
42746, 949
5698, 487
10629, 397
42254, 820
31473, 761
10387, 238
29712, 329
32373, 208
46385, 80
39944, 683
24018, 620
2847, 711
22143, 0
12507, 846
37075, 256
37995, 987
13296, 387
8525, 650
27245, 348
28672, 667
36721, 336
31903, 554
47337, 135
26897, 813
8771, 185
20632, 402
25879, 743
25756, 144
1388, 961
29401, 617
47184, 524
11867, 107
49009, 423
3324, 239
31172, 234
46042, 825
40853, 736
9365, 962
43769, 430
38643, 555
45649, 30
10703, 605
22783, 460
17432, 654
33057, 167
30528, 941
23427, 766
27155, 99
33548, 426
44790, 958
37063, 89
48345, 99
44186, 731
44396, 561
32785, 281
38518, 180
12547, 401
2791, 339
30175, 624
2251, 321
20828, 560
36699, 889
40890, 875
16083, 499
49839, 342
41196, 694
47750, 990
33858, 527
18378, 13
27344, 519
30577, 972
23220, 853
28803, 358
3049, 90
11018, 521
27468, 670
22341, 491
34880, 906
41176, 556
24950, 143
34185, 625
11748, 285
22683, 361
37722, 56
723, 712
35806, 217
6620, 194
34421, 452
39025, 228
17025, 602
11212, 328
38994, 224
37397, 245
25044, 438
48945, 50
11563, 851
13647, 427
32861, 673
31329, 120
49007, 526
3831, 647
26717, 83
44175, 36
43832, 251
30879, 4
15325, 503
19749, 367
12586, 665
22362, 499
40369, 283
41107, 594
31680, 661
49599, 122
34433, 459
44010, 397
37629, 870
11222, 466
47264, 414
18935, 444
20124, 425
27097, 393
32887, 661
7962, 829
49801, 326
22024, 780
26667, 894
40224, 612
8803, 723
8467, 971
22624, 6
24112, 315
1174, 887
22774, 691
10354, 0
41074, 888
31817, 463
31080, 482
11866, 217
40206, 908
40242, 679
14169, 190
12214, 525
23094, 239
9836, 703
40585, 368
29360, 52
30668, 661
2516, 332
4646, 384
45780, 157
13183, 198
41000, 729
42581, 992
21182, 1
44382, 649
26844, 768
44883, 133
48692, 266
8172, 246
29766, 240
17242, 841
21742, 10
24398, 342
8995, 72
9700, 404
18127, 671
20888, 651
48250, 294
40976, 675
43416, 829
22223, 283
24717, 953
10111, 35
371, 196
13854, 770
39461, 411
31958, 913
20054, 120
36441, 641
32950, 375
28513, 331
40855, 302
47241, 805
28983, 288
43954, 900
11003, 591
32564, 72
2615, 148
191, 277
18792, 413
21949, 295
5798, 768
36970, 480
19389, 482
22697, 936
34601, 8
43334, 991
45160, 672
9512, 108
42641, 791
46331, 512
26362, 411
43036, 918
48798, 181
39826, 447
35850, 450
44187, 856
8888, 224
31101, 884
31702, 467
12394, 373
464, 859
30604, 114
39495, 351
23536, 743
40563, 329
20822, 627
39208, 143
32419, 404
27932, 205
27324, 330
45001, 309
12671, 755
38272, 558
22617, 965
14908, 494
18940, 381
32401, 22
36620, 125
33594, 162
33228, 962
30426, 92
45823, 553
21794, 789
18646, 734
12688, 202
12670, 309
41848, 347
10843, 291
44466, 884
42369, 984
45117, 908
13314, 393
39793, 104
17859, 274
35631, 123
2226, 142
12369, 904
66, 257
35711, 590
26094, 974
25556, 401
23784, 677
17055, 573
48616, 13
44852, 366
3699, 150
30575, 340
22459, 251
22300, 636
44507, 688
48147, 684
17643, 772
5588, 901
22644, 141
34404, 61
17716, 731
49125, 310
2689, 978
48639, 534
12610, 322
40579, 692
17554, 15
41214, 475
5898, 519
20266, 837
22057, 297
49744, 615
26140, 55
36558, 98
27221, 449
2671, 140
30209, 397
11962, 336
30072, 379
4947, 143
36522, 849
90, 778
24393, 262
44617, 528
37379, 614
11968, 37
5335, 297
25197, 362
2561, 22
8477, 952
7617, 250
35055, 282
26738, 878
39496, 938
9030, 751
46509, 36
9145, 790
13178, 984
1529, 361
46167, 950
47958, 594
46406, 974
35995, 873
25304, 141
45934, 396
6216, 34
21131, 700
45078, 487
7477, 784
6832, 334
42816, 972
12091, 868
25289, 960
5051, 145
39177, 99
13363, 109
15240, 823
16301, 613
32035, 717
15696, 497
21740, 851
32008, 546
22287, 431
8769, 250
27174, 691
27590, 243
44636, 131
31699, 995
39535, 719
19005, 926
29728, 503
45064, 858
25905, 485
5831, 836
12476, 430
39052, 927
16131, 733
19360, 191
5187, 346
10357, 801
44632, 61
35726, 121
27516, 457
30360, 711
5903, 435
49532, 916
37404, 565
19054, 353
42011, 256
9572, 677
43026, 509
28525, 708
28893, 786
38296, 281
7183, 542
20055, 515
42102, 977
8932, 50
19867, 96
7911, 930
25772, 998
13194, 982
31408, 499
1945, 947
37369, 817
12876, 470
19934, 72
49404, 518
37719, 818
15962, 816
19578, 299
9642, 741
2725, 385
45546, 356
16612, 785
9691, 219
31751, 489
4582, 834
41777, 872
48680, 10
9251, 314
46496, 947
44842, 115
10174, 261
15783, 746
19590, 584
8295, 810
34581, 369
6160, 300
24559, 114
28645, 94
30560, 212
31539, 697
12535, 647
13964, 716
15078, 501
36729, 29
35274, 58
24056, 908
43983, 368
45012, 265
10336, 719
10837, 103
30481, 239
8476, 729
48043, 361
45699, 636
7555, 852
8090, 786
49699, 415
22844, 337
48837, 844
4573, 421
10612, 601
45737, 247
12152, 5
44132, 571
10512, 385
19457, 38
6135, 120
47509, 720
44933, 593
20585, 778
33997, 328
31801, 280
454, 514
45438, 156
2965, 762
28320, 795
21367, 509
38115, 453
6982, 783
15433, 347
7624, 11
7317, 820
10211, 181
19905, 28
9272, 921
25868, 373
9129, 121
31156, 322
5528, 796
23719, 115
48770, 99
4319, 23
20934, 483
20481, 290
34722, 701
43232, 226
9714, 975
49305, 869
30484, 763
31700, 109
25451, 367
31306, 480
2140, 142
35714, 336
27562, 206
14183, 395
41403, 715
9152, 805
31103, 603
17196, 228
31045, 181
40329, 251
29896, 366
33462, 875
31515, 731
33802, 569
18735, 751
8094, 91
23865, 244
898, 279
36465, 352
19295, 408
17442, 772
17733, 590
37691, 368
49777, 367
46132, 692
26739, 331
49223, 409
40754, 251
13395, 835
31056, 368
27747, 721
30986, 798
33137, 635
4108, 372
13308, 383
46751, 52
28487, 361
4597, 571
35366, 845
49901, 695
48816, 98
44923, 28
24753, 491
16419, 67
25901, 268
38013, 333
42618, 438
36680, 96
42756, 230
15682, 757
486, 290
38663, 315
138, 333
37801, 879
30589, 963
12623, 543
11461, 967
13257, 162
21567, 576
23119, 771
40452, 824
379, 622
30912, 870
37590, 4
35626, 164
30171, 287
8006, 795
44504, 382
3403, 916
45408, 833
27060, 406
18400, 786
17561, 182
13985, 651
20999, 184
37943, 974
22235, 186
37155, 385
18709, 89
5017, 633
100, 730
22184, 718
48553, 377
46126, 244
7838, 9
20816, 139
29738, 905
36682, 354
3716, 837
20989, 385
31791, 394
45235, 321
2732, 763
9194, 816
29376, 959
23834, 584
41109, 412
24512, 902
2096, 962
22902, 212
16404, 343
18598, 616
30709, 125
6768, 641
2345, 729
41857, 744
12297, 282
47555, 541
13760, 95
45570, 549
15311, 155
30980, 948
27064, 776
33131, 780
30587, 680
42994, 648
401, 770
26765, 176
980, 497
16523, 279
37668, 784
26911, 57
25213, 612
14361, 106
11325, 634
10709, 916
33121, 64
33834, 488
684, 497
41424, 631
5620, 762
4405, 681
2468, 620
8228, 235
44397, 302
23432, 607
27702, 350
27464, 325
36681, 652
9154, 24
38920, 617
4549, 140
27818, 74
6370, 699
18994, 250
30828, 479
2802, 565
37738, 144
21968, 65
47350, 285
3328, 240
43939, 798
21180, 613
4602, 420
3622, 11
30375, 229
26885, 168
21916, 118
19539, 460
7147, 141
10769, 329
35775, 604
21830, 49
50, 560
43182, 940
3795, 765
2846, 371
22410, 237
4255, 836
12657, 803
33480, 255
36476, 312
6879, 857
26487, 294
13226, 953
48637, 549
14362, 679
13063, 479
42696, 225
46204, 129
23295, 97
45588, 316
12344, 828
9690, 66
29388, 773
14833, 47
21253, 204
26006, 570
43865, 847
6061, 702
23500, 821
5479, 911
16701, 992
42659, 283
12138, 564
7049, 664
13850, 243
30975, 35
40533, 494
2406, 557
46360, 29
27842, 503
20902, 822
30621, 340
20567, 667
45773, 637
3249, 32
9192, 835
17348, 646
43212, 99
22237, 359
7815, 103
24527, 548
11389, 140
33238, 829
37602, 450
39863, 827
12426, 491
30066, 569
11444, 115
27405, 894
3927, 171
8952, 15
11734, 634
8710, 420
21939, 844
37245, 285
44192, 914
45238, 483
26268, 695
27509, 967
11836, 534
22116, 684
19945, 616
48326, 174
35815, 881
19981, 647
8539, 84
9431, 813
14825, 895
18654, 170
49568, 49
18620, 758
14715, 140
36287, 376
41361, 124
31777, 801
38480, 46
27124, 452
6151, 901
23822, 313
49506, 692
33393, 16
41484, 587
12074, 847
11360, 356
37367, 662
18767, 58
9924, 287
38935, 805
17189, 831
19520, 621
39011, 549
47628, 399
30660, 668
46458, 779
21348, 907
45991, 811
39476, 614
37897, 309
47629, 397
5847, 481
33590, 860
38692, 222
27838, 777
49815, 421
19062, 494
14316, 186
26260, 437
16167, 899
17154, 178
40036, 80
12893, 209
41801, 226
44103, 937
35196, 500
10425, 45
20152, 594
6481, 617
21110, 620
5236, 676
21176, 934
32243, 469
13825, 507
38978, 931
1349, 269
43040, 701
44544, 227
21705, 172
2187, 582
15242, 662
40140, 273
6126, 617
44235, 609
3472, 170
33944, 845
47420, 804
16464, 698
2361, 825
9554, 1
47246, 157
392, 521
45646, 178
38944, 489
11519, 797
33126, 695
3128, 327
14963, 281
43908, 746
20432, 541
41236, 829
33575, 875
10464, 651
11456, 210
27587, 799
1410, 12
2077, 200
20, 527
41591, 614
37717, 381
36949, 959
24919, 485
20013, 101
21199, 961
19541, 967
31756, 709
20719, 468
2955, 856
37953, 527
31944, 563
32474, 777
48652, 535
33998, 518
8819, 632
45701, 210
1139, 978
12956, 974
35683, 703
45295, 403
33597, 263
44553, 807
19142, 658
11069, 690
42001, 297
26240, 653
40904, 174
30854, 232
25258, 142
44802, 912
8470, 494
30056, 150
42347, 49
4081, 15
5778, 385
6870, 257
16678, 377
15058, 876
9664, 947
8478, 438
10392, 57
14957, 461
26175, 714
6788, 502
48282, 508
43783, 7
41344, 425
32386, 942
7114, 315
3727, 143
21670, 640
23823, 596
32078, 127
31215, 225
15133, 815
6499, 240
35676, 545
44129, 743
21965, 885
43146, 664
28364, 600
27995, 17
37029, 703
38412, 107
815, 168
23452, 927
34145, 516
5105, 406
45169, 289
46454, 438
27129, 431
11702, 413
46831, 171
46905, 420
16251, 890
3494, 637
45255, 667
24081, 837
6758, 504
4506, 625
6857, 399
38468, 536
41012, 526
25529, 557
5973, 252
15830, 722
13170, 356
34270, 837
41815, 873
24037, 222
23330, 560
20686, 2
12926, 172
5869, 665
36158, 154
27223, 930
7612, 860
42208, 571
26986, 893
45671, 366
37925, 13
30317, 206
11757, 4
16804, 837
11375, 43
15590, 988
27699, 937
23677, 832
22034, 43
8958, 358
26185, 267
47338, 892
23287, 515
20389, 681
19513, 956
19586, 214
32587, 101
33545, 890
12030, 363
2202, 748
2388, 987
35857, 16
46653, 936
47888, 106
19025, 138
32245, 200
43470, 57
27872, 702
43972, 105
11952, 392
46944, 425
46478, 908
39467, 362
27082, 138
34128, 720
40380, 270
41422, 176
11490, 370
23596, 68
19505, 216
39375, 695
11286, 850
44976, 1000
1753, 225
17127, 135
2866, 937
47907, 100
9823, 240
46203, 362
42023, 313
8296, 857
771, 91
20531, 450
31575, 288
48902, 644
32432, 113
31273, 66
20677, 104
8501, 827
19269, 97
27975, 336
27035, 869
2814, 71
31008, 80
27785, 433
25305, 386
39600, 303
3752, 654
46572, 729
48452, 12
49071, 280
29277, 403
30738, 435
32750, 790
21747, 984
38984, 753
26650, 858
28459, 163
18140, 969
49172, 262
9794, 279
35849, 712
7440, 800
15605, 836
34109, 749
21834, 559
16243, 100
39401, 907
35254, 281
30463, 320
1905, 351
8796, 639
2161, 51
21608, 40
26990, 894
26101, 148
1473, 349
5786, 501
36995, 486
19729, 512
48295, 514
4049, 188
44785, 197
26803, 18
2169, 100
10656, 585
11985, 710
36790, 451
29644, 669
34801, 584
23409, 673
39511, 451
9880, 118
37268, 1
17471, 159
33750, 857
20224, 24
47693, 384
3079, 86
49718, 325
41937, 397
33955, 720
38080, 459
46457, 22
19045, 994
31670, 777
10050, 525
28895, 125
31291, 255
18327, 499
12996, 203
39689, 16
34547, 735
15368, 0
23637, 494
10604, 906
7539, 81
46806, 45
27477, 876
49682, 412
12978, 213
36572, 184
5740, 371
34363, 662
15414, 903
35679, 30
43948, 577
7817, 618
32133, 544
22646, 354
28823, 488
20581, 216
12093, 785
44044, 843
3140, 981
5825, 1000
24441, 235
38127, 717
24366, 707
34118, 507
25610, 318
13962, 325
5571, 67
10081, 185
5161, 987
36276, 54
27870, 474
47592, 920
19821, 260
12799, 970
2831, 120
22986, 106
18011, 789
45774, 519
49972, 855
18063, 294
48817, 945
25754, 576
7949, 430
12483, 962
34918, 228
34299, 886
24947, 973
20672, 443
19474, 104
41966, 424
33624, 894
21736, 497
3741, 771
13691, 61
14264, 222
9980, 800
12392, 729
30413, 324
1617, 695
42737, 684
31403, 254
32545, 579
7597, 490
25675, 397
4528, 544
34892, 499
343, 84
17370, 857
4096, 85
47716, 968
46743, 225
39787, 966
42415, 314
18934, 818
39288, 41
33700, 315
32939, 390
36829, 961
23308, 573
11483, 347
29473, 38
41189, 602
35097, 442
34492, 763
41064, 250
37362, 841
3852, 753
49552, 260
34243, 968
5610, 305
37852, 376
28096, 26
12545, 707
15637, 43
3926, 996
46471, 425
36255, 125
25600, 295
6251, 85
18069, 364
44063, 447
26223, 681
8823, 421
21061, 36
46412, 103
40637, 926
1326, 202
20614, 545
31417, 529
48336, 592
9132, 694
24978, 225
43137, 291
37800, 973
44861, 547
37556, 686
2186, 449
10113, 119
20029, 763
16151, 94
26542, 3
7531, 741
43216, 404
3174, 312
47049, 375
49793, 8
36853, 283
27224, 834
27736, 222
22728, 628
18834, 177
26658, 710
26031, 610
37146, 370
24533, 222
34180, 91
33427, 958
45664, 678
5125, 912
44684, 43
10999, 737
44893, 361
21189, 254
3518, 182
10422, 62
38919, 536
29941, 131
35856, 7
10961, 326
10534, 259
49731, 82
39200, 52
1088, 99
219, 772
18389, 484
37187, 817
2830, 211
45519, 69
36473, 959
13946, 674
42966, 74
32491, 755
15875, 357
13688, 560
47621, 229
25724, 579
12611, 983
27665, 516
24066, 16
46212, 576
5261, 375
26980, 906
42174, 557
48593, 142
49092, 808
30008, 7
38303, 632
38240, 750
42075, 528
47119, 851
22152, 439
33893, 186
3988, 117
48831, 837
48903, 536
22215, 732
31698, 322
506, 397
16975, 822
37560, 385
27020, 257
36245, 272
17224, 944
18478, 808
36987, 561
4253, 224
38320, 556
4241, 618
12729, 425
46738, 859
34175, 442
27831, 319
44644, 5
27068, 284
14294, 130
5463, 378
2792, 744
21399, 771
19107, 510
38895, 743
25680, 809
3817, 449
49912, 57
27165, 390
29743, 848
28435, 160
30224, 148
22651, 155
41539, 567
44270, 293
23232, 408
49747, 679
24459, 196
48406, 172
15847, 851
39946, 376
3674, 994
39113, 866
44133, 556
30625, 889
42432, 315
6372, 470
40982, 948
43800, 212
27369, 216
14115, 976
15856, 45
46038, 71
13009, 501
47212, 20
28702, 228
1409, 304
13954, 252
2582, 154
25358, 785
8526, 660
29833, 622
17164, 222
299, 737
26178, 443
42358, 73
16941, 594
27952, 153
36299, 971
22361, 426
45852, 403
8962, 105
44699, 249
31335, 537
22231, 22
15110, 793
36338, 566
26381, 526
32648, 922
48632, 742
21465, 80
47758, 570
42294, 891
15393, 754
11193, 996
24724, 147
35643, 790
35562, 608
8694, 159
44546, 606
18352, 432
43964, 672
11186, 81
22831, 98
34751, 229
40143, 182
47905, 255
3934, 169
32272, 503
16565, 570
8091, 316
30969, 171
25976, 531
8978, 39
13070, 351
27746, 277
30979, 86
39608, 13
16475, 651
39217, 766
36251, 530
32458, 319
14103, 356
26695, 627
40498, 791
38023, 626
6438, 753
45999, 64
19761, 596
5506, 756
14445, 491
25458, 563
28879, 127
42892, 898
24972, 41
42873, 775
11051, 344
46327, 594
37270, 121
5068, 651
42119, 132
24452, 92
30776, 863
26252, 967
46849, 814
46161, 6
5887, 64
39551, 511
36833, 91
48267, 90
38053, 441
43752, 586
14155, 97
10002, 935
34932, 198
6419, 422
38498, 80
13527, 157
30293, 772
11564, 469
47993, 495
29411, 540
981, 885
30653, 550
10969, 936
39984, 30
25928, 17
45345, 723
12222, 270
45171, 635
24779, 768
35758, 259
22990, 182
32494, 74
15372, 792
7303, 451
41524, 520
32683, 385
43883, 707
34778, 268
4083, 660
43975, 288
20796, 537
12904, 109
2331, 434
32599, 394
7510, 165
46301, 403
39042, 281
8774, 30
30402, 251
5127, 686
33289, 231
49066, 317
43167, 857
6440, 406
42839, 666
46757, 558
15046, 728
5917, 383
19039, 664
5337, 725
36346, 382
10054, 943
27609, 199
11812, 730
47333, 584
40679, 365
18841, 931
224, 576
33925, 259
33278, 521
49529, 319
32579, 55
11061, 99
37070, 564
30208, 571
56, 997
13188, 12
47467, 15
27533, 499
28607, 787
13437, 689
32391, 81
2141, 563
39635, 531
5345, 856
10502, 504
35865, 775
10646, 95
8084, 513
26455, 772
424, 193
8308, 573
38731, 22
23852, 117
21385, 377
28557, 458
20330, 284
17364, 762
3499, 278
46683, 1
48987, 636
44415, 981
32444, 656
805, 966
20819, 590
19516, 486
4523, 285
47857, 594
14776, 162
21685, 180
21695, 219
47949, 625
24184, 676
12575, 392
40223, 259
28088, 116
23621, 525
6940, 361
40534, 565
15612, 176
7176, 219
46054, 211
40271, 8
45633, 645
41085, 738
677, 411
4786, 759
45474, 521
26356, 234
42731, 533
10917, 75
36357, 108
35265, 680
10453, 503
12945, 694
36106, 719
39780, 767
48576, 254
22412, 631
32953, 534
13564, 231
27748, 227
47773, 837
35384, 663
34677, 836
22022, 193
19129, 42
45868, 501
11372, 908
33883, 232
38475, 192
14590, 727
10833, 784
24324, 396
32175, 8
2801, 431
6975, 450
1256, 920
12831, 30
20337, 364
35202, 340
29490, 407
27794, 48
5969, 367
7762, 431
17867, 741
9203, 248
31712, 466
31623, 953
7370, 613
3818, 350
23433, 182
44486, 768
27866, 226
26681, 802
44601, 408
9381, 92
30817, 635
11937, 911
27619, 196
35336, 511
3364, 108
6522, 455
27987, 61
33611, 914
43131, 330
8514, 574
31558, 709
15116, 805
10151, 210
8634, 732
35529, 558
19158, 808
36501, 220
44177, 939
32636, 270
42938, 332
2312, 494
29726, 838
44812, 218
11413, 33
1372, 617
41853, 196
23956, 728
11999, 723
2171, 981
27512, 473
22538, 495
5762, 667
49253, 441
30253, 82
19219, 206
14432, 506
14884, 393
36951, 4
33932, 152
34147, 881
36954, 383
42734, 362
37371, 277
2773, 850
40790, 1
44676, 513
5937, 65
10090, 139
49641, 379
26842, 968
48521, 332
33982, 18
21607, 299
24645, 506
31724, 376
41871, 195
16285, 896
39989, 201
47370, 848
26573, 506
39851, 971
33340, 797
41215, 479
45918, 609
48648, 440
23832, 520
37613, 557
20693, 732
9783, 491
48433, 132
8639, 361
18586, 47
37247, 974
11550, 719
19635, 430
8220, 830
45088, 804
380, 878
38696, 33
30506, 667
30369, 604
11096, 843
13907, 357
42247, 797
36593, 900
38371, 3
48007, 792
13958, 656
46983, 448
10719, 349
25525, 715
49055, 194
2953, 887
14357, 627
4252, 570
20732, 267
38287, 299
20023, 465
4682, 33
47706, 220
13649, 484
10122, 454
1498, 969
34377, 17
15559, 150
9456, 530
2982, 280
47154, 182
29919, 541
41995, 973
4968, 469
19940, 757
14302, 980
8174, 279
35253, 906
13871, 428
29904, 510
29633, 868
36570, 647
14633, 463
28321, 580
35302, 106
8375, 585
28065, 531
33640, 417
19984, 403
42198, 102
42106, 25
20723, 996
14241, 846
35835, 239
7142, 675
41185, 190
5431, 493
34192, 383
23748, 17
37901, 744
15631, 637
19234, 429
35443, 222
16860, 344
4114, 323
20625, 300
36950, 337
37345, 169
17662, 479
4012, 298
41992, 80
17050, 287
24678, 547
41145, 575
28883, 962
37574, 704
32057, 481
34593, 942
762, 986
15429, 664
20872, 679
37863, 333
17892, 358
48766, 140
38671, 605
2523, 5
44454, 989
11980, 635
27449, 358
21509, 402
35450, 512
33780, 216
24854, 156
28986, 772
9308, 984
13047, 816
39262, 779
20199, 847
33071, 371
24886, 673
9366, 122
855, 672
20485, 850
8381, 596
42884, 872
45366, 334
12079, 60
45523, 806
47015, 433
47670, 820
36517, 898
2192, 730
36525, 390
29172, 643
12559, 245
38684, 858
4915, 694
10065, 715
12735, 991
40235, 785
25224, 67
36903, 9
3593, 324
7404, 343
3060, 423
23520, 957
43150, 701
47702, 294
5305, 829
36648, 818
6306, 651
39235, 830
43144, 904
10964, 391
35489, 28
20238, 534
15794, 254
23554, 72
17620, 703
49696, 447
2469, 673
22672, 749
23903, 69
57, 395
45572, 584
13982, 69
30985, 25
31749, 437
22087, 550
5253, 510
28279, 173
5001, 609
11595, 694
40868, 313
45410, 311
12494, 0
43704, 519
36488, 922
23202, 478
41601, 796
35368, 345
49353, 842
43142, 264
7311, 289
22820, 1
26192, 374
14864, 577
49414, 409
14730, 222
26870, 123
12363, 396
21880, 555
45011, 654
12039, 813
35335, 497
33073, 177
33014, 425
18538, 570
9466, 540
5863, 949
10879, 825
40404, 556
37018, 962
1854, 486
5566, 751
27705, 549
25243, 365
39717, 375
15660, 272
9403, 629
46667, 145
19008, 808
23941, 49
35829, 410
41726, 603
350, 599
34338, 339
39854, 298
42295, 649
29231, 471
12719, 950
38116, 684
3554, 945
617, 370
47432, 845
9346, 113
18597, 49
43211, 798
26195, 457
25363, 226
47704, 460
77, 563
35137, 449
35200, 304
35694, 712
23662, 800
14844, 807
40758, 400
13791, 469
41550, 287
48574, 997
36975, 62
8728, 200
11989, 24
33458, 778
20582, 462
10861, 881
33039, 557
40238, 57
35966, 127
25482, 801
8057, 438
47195, 724
38744, 866
10992, 246
26863, 969
3694, 400
12153, 252
28817, 851
17950, 923
1665, 72
15988, 513
46306, 547
38358, 559
9261, 570
20072, 966
35690, 710
29454, 607
14360, 339
24183, 678
205, 642
20194, 72
42470, 278
22172, 964
23474, 69
38538, 613
38082, 745
8013, 800
44975, 350
25759, 860
33735, 576
9604, 583
32199, 786
10028, 239
41450, 418
22773, 913
36377, 705
45591, 534
3400, 284
48948, 378
2542, 898
21615, 689
33703, 46
31631, 87
6485, 541
263, 257
32017, 349
21260, 775
25638, 438
7171, 970
31143, 411
25461, 53
24868, 463
45288, 230
8538, 130
20510, 362
7336, 112
14729, 679
30516, 18
8836, 143
20033, 295
37455, 778
33704, 531
95, 411
40804, 286
33391, 537
30835, 814
28228, 984
35420, 549
46684, 292
788, 410
8735, 400
19754, 381
14384, 971
28609, 0
39130, 469
3834, 537
28068, 612
19766, 162
21464, 518
32851, 517
47471, 359
39922, 729
20187, 647
35556, 551
43595, 37
3865, 635
2527, 313
45472, 352
44444, 333
11130, 42
44500, 77
24702, 93
41088, 157
13429, 305
48541, 380
8430, 181
17594, 406
13379, 15
39487, 365
19424, 311
39512, 368
44958, 176
13872, 251
26409, 689
31000, 316
31007, 939
35573, 99
25282, 195
269, 890
48059, 400
46364, 209
608, 290
26571, 984
43571, 851
23167, 971
13206, 346
31954, 878
34428, 565
49003, 891
4432, 11
38507, 831
18840, 378
34923, 366
20268, 157
8413, 681
15755, 296
47536, 74
12774, 488
45476, 926
6330, 298
49735, 795
8387, 346
25077, 666
17984, 522
23746, 151
42829, 876
46535, 750
4208, 243
33684, 807
3306, 944
23091, 929
44227, 935
36665, 417
27500, 769
6728, 790
31586, 449
13030, 661
20552, 328
4873, 708
42639, 437
46423, 193
8939, 978
2335, 696
5947, 701
32637, 434
30895, 461
6718, 608
28172, 115
26201, 779
18219, 682
28614, 113
11672, 996
39473, 339
27579, 518
13572, 461
5718, 339
40021, 77
10116, 926
41426, 498
22843, 618
4130, 812
6181, 774
11224, 937
21732, 385
47115, 731
34828, 630
12891, 134
32903, 576
28781, 11
49329, 66
43451, 119
30075, 47
33913, 79
24284, 596
30533, 656
41101, 64
5805, 565
29118, 543
17854, 567
26200, 124
7730, 861
22822, 435
29850, 725
641, 614
19067, 253
25041, 781
34766, 601
2900, 267
26613, 561
15648, 490
19376, 528
47493, 203
20416, 256
17914, 506
23464, 166
12806, 117
43281, 500
15327, 483
30974, 376
6547, 398
26564, 970
40256, 636
41158, 481
1786, 144
45964, 222
44576, 88
34563, 855
24078, 376
44718, 962
41839, 977
31951, 758
27767, 696
8937, 180
25074, 292
42925, 928
6284, 980
33249, 177
36097, 389
12273, 243
11091, 427
5464, 95
7936, 417
32012, 216
16265, 463
43854, 407
8868, 731
6082, 504
14494, 247
20913, 360
42520, 131
30390, 286
24002, 197
19549, 404
24554, 941
25802, 4
8832, 753
12757, 262
5666, 664
14536, 699
3217, 919
31549, 484
27397, 632
38255, 429
33453, 891
610, 620
19834, 53
37244, 891
23422, 566
42876, 677
8991, 159
17595, 444
21350, 218
18199, 258
44073, 749
11240, 942
20097, 710
49382, 185
29994, 394
46474, 881
2399, 575
46387, 707
1009, 46
6083, 166
35730, 104
38957, 780
40782, 711
7410, 532
32832, 586
39475, 387
10056, 935
38435, 538
18137, 828
12178, 117
41379, 473
3626, 725
3211, 841
39241, 881
32663, 124
26715, 990
16269, 958
47490, 912
33087, 943
39140, 40
42150, 257
34091, 383
49255, 665
18088, 288
13680, 430
5856, 433
10231, 419
16907, 596
14223, 975
27760, 222
17842, 894
18346, 466
46663, 161
13809, 745
48039, 182
33266, 951
8085, 427
41560, 342
23036, 177
16679, 663
41049, 883
13552, 29
12600, 970
36460, 834
247, 365
1344, 361
3449, 638
4169, 807
34430, 592
19612, 756
43617, 889
33520, 971
2408, 908
40253, 299
23368, 806
494, 786
15450, 166
24189, 856
7358, 614
2535, 996
18482, 272
6887, 611
43068, 741
44015, 371
37859, 995
39509, 339
30607, 684
5850, 990
42041, 486
15905, 99
25208, 130
4730, 368
39774, 447
21643, 254
23442, 211
30646, 51
21434, 768
27196, 544
36168, 656
16300, 867
902, 550
49724, 679
6956, 241
29458, 279
14943, 751
28351, 652
3929, 744
33015, 697
26478, 635
13069, 809
40675, 292
1341, 55
37968, 776
6941, 602
11125, 852
32943, 540
45568, 80
34391, 259
46707, 108
427, 479
43619, 981
35413, 654
31298, 935
47314, 358
12455, 267
16223, 741
5770, 264
19061, 981
38302, 893
2380, 669
21092, 378
46989, 430
45020, 762
3173, 71
12643, 276
6486, 55
13123, 909
5703, 579
30903, 451
5902, 963
5453, 872
42422, 103
45981, 596
40970, 64
2019, 808
43476, 946
27269, 687
14925, 835
28477, 68
38429, 326
4552, 588
9801, 560
18155, 142
12947, 816
46297, 924
49476, 339
17795, 730
28434, 567
17161, 553
46095, 858
47040, 537
33441, 733
19877, 730
8334, 966
43708, 275
41178, 716
37537, 304
26017, 22
22109, 723
4210, 243
34770, 627
14452, 261
38273, 559
41485, 613
6997, 437
28604, 150
26775, 905
8527, 888
36823, 106
16442, 798
44603, 667
47169, 546
32300, 139
17446, 742
42539, 688
21298, 629
32379, 631
13922, 696
7538, 545
4701, 994
14722, 533
12939, 965
22570, 510
22962, 21
23648, 303
6400, 145
1760, 249
3275, 48
8159, 465
44683, 210
30852, 753
44023, 623
280, 105
11117, 740
12832, 228
10475, 191
39649, 83
49394, 12
22219, 147
14881, 754
15395, 167
47952, 973
7941, 489
17709, 48
1995, 553
41257, 844
22553, 548
47519, 685
14262, 460
39912, 75
26949, 66
36242, 144
32157, 493
22818, 687
9078, 102
47308, 110
4176, 620
28158, 588
27569, 490
29934, 160
39292, 460
48872, 227
1307, 566
29764, 397
11649, 918
44424, 225
28043, 55
41646, 761
14799, 573
16960, 723
1183, 39
34870, 836
42180, 594
5990, 842
30404, 1
26726, 94
7658, 385
29225, 789
29510, 931
30070, 335
41287, 68
26877, 11
47068, 27
8218, 326
16700, 485
14110, 985
6248, 89
28048, 799
31870, 604
31608, 644
2357, 123
36930, 535
16998, 761
11225, 46
9188, 12
15092, 590
41703, 25
17219, 15
6841, 802
13673, 221
7251, 243
6852, 394
40378, 890
37180, 241
7952, 569
6677, 363
45000, 785
36278, 389
38437, 817
3068, 74
7071, 528
46557, 957
2718, 987
37750, 302
36860, 746
1292, 709
35157, 394
46571, 657
43140, 258
46253, 974
2214, 906
6765, 875
9891, 449
35130, 780
4801, 933
33516, 955
38332, 627
47188, 191
30233, 588
23245, 145
31303, 607
37321, 68
5199, 523
28821, 247
41944, 963
29502, 836
13826, 413
30558, 963
31795, 798
33284, 501
30998, 530
7828, 773
31512, 249
45975, 208
5067, 205
3832, 218
41469, 922
36104, 380
1990, 666
14173, 607
42205, 875
42227, 480
4781, 575
20603, 309
49904, 822
46974, 954
14896, 573
23506, 74
71, 956
2501, 7
15074, 899
46821, 589
49818, 993
63, 455
20986, 611
8452, 869
3562, 531
12927, 508
35823, 909
16732, 482
48669, 117
37342, 656
6868, 775
11503, 324
48385, 280
6153, 249
37731, 383
21051, 175
42082, 631
45382, 821
13160, 516
18446, 312
49977, 958
27808, 987
33746, 594
21973, 393
25979, 508
40717, 710
41380, 844
48105, 634
3347, 294
19210, 602
34228, 713
178, 265
5392, 594
2199, 187
17464, 4
27143, 625
29673, 88
43177, 172
29710, 502
43999, 26
27650, 667
49309, 730
1474, 627
22763, 480
560, 23
24845, 785
875, 843
14505, 123
11992, 803
301, 165
12840, 254
30025, 561
42292, 269
34008, 915
41248, 876
27086, 99
791, 886
12462, 624
43641, 206
33167, 434
48386, 685
20287, 297
41063, 718
10488, 830
40322, 367
43441, 994
23315, 560
6831, 990
671, 139
10804, 496
12576, 837
12721, 379
18383, 752
11478, 260
47626, 194
6345, 92
36277, 897
10059, 814
24574, 633
46701, 421
11075, 480
22165, 203
26692, 222
49474, 36
42800, 525
12020, 711
41311, 530
4471, 815
23486, 185
30339, 190
40231, 153
13990, 589
17084, 652
33116, 705
13157, 530
5149, 142
32231, 707
17000, 197
44367, 372
110, 802
1482, 200
828, 705
46525, 958
42802, 794
38795, 56
27511, 640
41444, 153
30277, 326
18769, 531
6850, 294
20572, 676
38351, 167
31966, 614
29228, 116
41510, 61
19489, 677
9337, 248
35629, 846
24123, 67
9289, 132
40578, 16
18313, 499
14129, 805
9369, 107
1757, 202
613, 723
27611, 433
11949, 535
41934, 328
5741, 571
32614, 627
5005, 947
43098, 475
39963, 778
25715, 106
46777, 999
7286, 851
29317, 982
25444, 208
3692, 450
29468, 573
35572, 268
21910, 617
20725, 665
41988, 214
24535, 210
43823, 242
41397, 844
12306, 650
5962, 812
14822, 457
11402, 912
46942, 838
9702, 355
3157, 985
36002, 780
42677, 354
9864, 742
26141, 643
21931, 19
48277, 590
46897, 278
15184, 813
17690, 678
25716, 447
38747, 719
38424, 720
28939, 926
28112, 312
10755, 725
24744, 896
18189, 835
42235, 415
19986, 272
5587, 769
44226, 158
42438, 932
39394, 713
727, 532
17663, 153
34512, 217
43345, 123
39549, 73
36456, 895
9181, 755
45680, 162
30329, 409
2789, 235
30742, 610
8193, 442
13086, 304
20471, 606
18253, 438
33168, 80
48117, 714
1056, 294
42896, 608
43405, 556
2238, 369
45980, 185
11281, 943
44973, 496
8643, 315
36291, 896
6434, 667
42775, 865
21697, 110
19220, 897
17670, 63
1719, 770
36730, 468
14926, 381
34113, 655
30521, 585
40600, 484
27284, 354
11121, 985
2545, 975
4773, 296
33756, 738
43644, 218
49707, 791
7580, 494
3452, 983
12376, 197
16719, 717
4329, 679
35110, 464
47476, 140
21984, 604
19124, 620
42886, 655
25161, 148
48030, 48
6925, 335
45741, 420
16656, 953
41508, 155
36435, 553
17938, 538
14046, 227
40522, 390
31521, 947
8183, 822
892, 417
23762, 492
49832, 188
20835, 240
40928, 67
7446, 36
28246, 958
48373, 328
23460, 911
36218, 247
10454, 485
46661, 574
38095, 837
3417, 993
31242, 356
40641, 427
20798, 768
48956, 670
21559, 642
23617, 621
44630, 189
2669, 319
13562, 650
28544, 767
28519, 110
39916, 485
9042, 202
28582, 478
14371, 684
7782, 237
28293, 366
18689, 665
9832, 967
43825, 695
11849, 353
20491, 445
25336, 717
8784, 184
49524, 210
18204, 419
45371, 165
2389, 825
26677, 953
14749, 482
14794, 910
377, 694
27461, 426
11588, 530
26187, 430
20813, 114
4636, 861
8942, 639
45853, 174
39051, 370
20372, 521
7709, 869
22050, 523
38242, 9
45824, 93
23175, 584
24933, 547
31150, 894
28169, 749
40305, 146
15225, 251
40374, 801
32868, 74
2550, 126
21565, 496
49317, 441
38584, 963
10184, 997
37366, 943
40615, 295
48254, 766
46768, 74
5329, 352
46742, 937
10062, 929
14512, 428
24503, 818
13384, 58
46890, 575
47192, 146
19243, 856
912, 656
17734, 241
49475, 766
5432, 260
22381, 380
38198, 932
210, 930
38258, 571
45758, 69
30951, 92
26040, 606
21958, 171
44412, 704
47921, 911
15828, 856
14605, 553
18448, 221
49374, 688
30844, 151
22840, 481
26198, 188
4005, 727
23871, 867
4196, 947
16391, 23
41905, 405
48271, 617
12736, 99
20926, 641
16088, 277
10756, 112
32343, 839
12957, 19
36762, 404
10576, 334
39873, 669
44937, 535
7388, 350
6747, 266
33299, 363
43005, 128
29492, 486
20916, 693
15930, 432
4401, 793
1064, 554
28637, 938
12437, 211
37990, 329
1287, 361
33479, 16
20091, 236
10574, 850
26500, 566
17976, 640
40599, 122
21121, 647
4047, 965
18511, 958
32236, 459
1501, 559
24774, 657
1683, 445
1787, 104
10918, 756
19451, 694
21703, 25
2592, 312
33338, 169
9705, 650
41928, 346
21879, 645
15168, 91
3244, 848
15879, 690
41797, 960
27666, 10
6078, 161
19432, 623
16745, 115
26593, 223
7195, 584
46015, 362
33063, 882
35162, 591
31413, 420
14419, 853
30615, 158
2451, 889
16125, 807
6702, 95
43552, 562
42778, 469
28163, 70
1551, 999
23484, 487
35492, 490
22678, 565
11438, 866
10579, 32
48449, 267
14143, 593
34729, 129
1433, 252
39226, 633
48260, 600
47824, 189
6106, 629
12548, 318
35677, 289
12331, 630
42364, 550
30263, 19
36487, 195
39697, 1000
19226, 367
18679, 68
5961, 145
45994, 435
17648, 712
48279, 487
43771, 634
4179, 306
20908, 555
37678, 111
22597, 804
10809, 94
13727, 199
18163, 296
8664, 300
35409, 985
19575, 359
41390, 837
21398, 871
38495, 250
39160, 135
19812, 290
6157, 524
6804, 358
44962, 124
17959, 441
7796, 688
17845, 152
30591, 656
15985, 222
9080, 125
4323, 112
249, 390
16535, 640
10451, 4
22693, 525
17585, 293
3021, 838
25940, 981
11202, 440
34025, 600
30285, 721
23483, 74
49413, 530
5611, 833
7554, 110
19447, 953
593, 617
36549, 363
22457, 172
16950, 313
13084, 347
6177, 892
14359, 784
7547, 904
11513, 202
22210, 82
34448, 121
313, 572
15264, 322
27437, 685
4483, 464
36684, 607
39230, 456
12652, 600
41271, 744
879, 924
5977, 464
24164, 524
23406, 457
15268, 942
19257, 925
43647, 337
35805, 554
40849, 32
34484, 40
11280, 567
30790, 319
3457, 666
45559, 775
23387, 598
48577, 797
26468, 208
18541, 736
41910, 700
9945, 962
25884, 116
37282, 832
28229, 151
25805, 130
22511, 762
38148, 747
9050, 533
2837, 560
4617, 433
4349, 361
43001, 925
3289, 46
45056, 555
12141, 334
290, 938
43880, 52
1112, 648
11350, 23
38566, 893
20458, 154
19686, 757
6350, 101
34788, 222
7406, 640
37378, 620
17748, 106
5165, 835
5004, 787
28955, 779
32520, 730
10686, 386
13549, 856
35111, 310
39033, 932
46746, 932
42428, 51
14323, 330
18262, 502
42989, 684
21160, 718
10257, 168
45808, 998
13863, 38
4988, 769
9014, 689
17299, 155
5146, 387
41217, 923
15693, 792
19485, 841
22323, 138
30511, 90
6720, 729
40000, 863
17708, 472
49218, 974
35241, 555
29355, 835
23567, 856
21255, 506
23684, 176
22827, 324
47832, 96
2158, 358
27065, 989
12700, 288
19321, 568
27873, 905
10080, 226
19325, 77
38844, 1000
32740, 535
4660, 203
46114, 903
38803, 569
4567, 152
45352, 309
20856, 158
48689, 841
10501, 818
22036, 630
8254, 319
25145, 959
30731, 687
2848, 156
7497, 476
49510, 368
42375, 143
24810, 779
49158, 754
32780, 457
17978, 811
45948, 217
15506, 718
36615, 414
426, 18
44293, 897
46666, 736
14429, 419
43152, 587
3164, 857
19547, 493
19077, 457
23627, 734
26417, 758
36437, 397
8626, 419
21171, 198
11881, 597
39889, 512
34668, 174
34645, 615
40198, 719
5420, 241
46997, 455
28538, 293
15827, 912
46559, 506
35811, 813
11321, 833
30429, 366
6225, 30
12529, 122
11487, 110
15493, 653
26654, 110
49298, 717
14569, 39
3941, 134
7141, 477
43615, 594
29391, 429
3800, 561
33302, 181
22984, 678
19580, 488
33806, 821
28153, 697
4884, 978
8143, 933
34758, 871
9578, 920
39758, 852
24180, 846
26471, 646
27286, 699
34538, 211
10076, 546
35213, 269
26284, 783
2915, 616
8102, 113
19017, 748
30664, 608
45174, 612
27947, 309
26952, 162
21612, 382
48298, 552
18554, 16
13021, 575
43159, 287
38070, 682
32396, 843
12481, 343
149, 311
48744, 603
21683, 95
4871, 946
11920, 535
39611, 376
7601, 665
23862, 171
43151, 965
27109, 716
1448, 166
28944, 96
24916, 417
46807, 354
17006, 368
1624, 965
37952, 549
7894, 381
38572, 512
19719, 598
25290, 66
23189, 698
31030, 598
3957, 623
10885, 617
11670, 320
30544, 463
5701, 917
47777, 45
20260, 22
47635, 1000
5779, 139
1511, 729
26837, 820
49450, 717
34997, 247
27733, 540
47975, 968
35115, 465
21602, 682
16884, 232
33281, 456
44189, 419
40858, 784
47571, 166
31112, 698
28174, 913
48982, 400
40545, 784
966, 415
12720, 411
25980, 211
35405, 557
2365, 840
23336, 719
15976, 311
5195, 371
25246, 271
14342, 20
26266, 158
35898, 944
15059, 964
25051, 564
47594, 817
30422, 546
3201, 29
22722, 961
26794, 141
49566, 653
32122, 115
9064, 692
6338, 569
44627, 250
44929, 412
32536, 309
6969, 725
5835, 556
6527, 333
13819, 886
33653, 172
49148, 938
4044, 342
35599, 587
36516, 650
24015, 809
26812, 305
10230, 115
19779, 230
34840, 938
5444, 34
8137, 985
19348, 331
9445, 274
7099, 74
32529, 15
16122, 174
17087, 22
7275, 784
5274, 828
7256, 605
46932, 653
29567, 195
7634, 726
35350, 612
7218, 547
30623, 770
37787, 722
31820, 762
49345, 299
38297, 568
22660, 280
446, 16
16539, 138
15118, 639
8775, 999
2142, 13
27710, 652
24573, 785
38426, 576
21011, 991
22367, 21
46632, 618
10586, 305
29721, 825
43667, 905
13169, 668
44451, 597
24911, 205
5920, 419
9761, 543
2708, 443
34544, 385
42858, 895
31850, 535
1188, 970
44395, 577
14769, 799
17576, 565
47940, 409
33138, 507
32202, 950
45725, 990
38905, 317
34990, 655
29150, 987
34510, 693
41187, 468
19885, 757
34193, 227
15628, 775
1867, 649
40254, 458
40567, 329
44068, 146
34341, 60
19493, 269
16661, 544
37442, 806
15724, 304
46842, 305
20343, 204
38410, 87
18838, 590
32306, 587
3323, 569
30713, 741
22782, 320
15591, 634
32003, 212
22176, 9
2223, 303
39836, 402
10639, 367
29805, 870
36863, 36
21519, 951
12937, 80
36789, 473
47618, 736
39431, 841
49918, 44
36307, 460
6730, 110
47386, 634
6757, 509
16931, 329
26737, 246
31666, 386
18882, 2
10052, 34
38912, 689
36785, 66
25841, 50
40502, 845
28797, 702
42854, 85
7113, 238
12877, 371
21428, 494
32874, 616
28760, 142
6398, 105
35901, 464
6144, 185
13957, 520
31971, 289
22808, 970
14717, 696
41806, 169
1171, 596
36990, 670
16925, 317
22075, 923
2069, 566
44287, 818
29407, 452
13563, 416
38372, 520
34347, 251
18692, 932
31444, 136
26574, 644
6096, 529
21022, 10
18614, 575
8226, 353
6942, 873
817, 317
4061, 245
31292, 261
29096, 961
23933, 822
41039, 680
22123, 28
26152, 343
42559, 424
22710, 211
18087, 752
18666, 938
42331, 141
16481, 3
26213, 527
33744, 586
16305, 273
8385, 520
11677, 774
18827, 858
1523, 40
37413, 377
33578, 452
38863, 382
31166, 755
8709, 435
15476, 940
14551, 421
10705, 326
39801, 661
44176, 740
22752, 585
43628, 283
5490, 829
5699, 464
37595, 689
19760, 946
43589, 653
8680, 805
47398, 576
18397, 456
19, 823
20580, 832
40636, 48
34142, 944
18141, 538
6633, 847
33399, 133
27309, 94
30172, 599
10595, 773
49560, 871
10866, 459
3978, 191
15546, 179
48249, 544
14263, 475
2391, 434
5338, 441
33178, 722
7900, 134
5881, 72
4683, 303
1425, 446
46084, 284
3301, 7
29881, 308
31770, 725
38218, 147
49518, 564
46424, 574
34957, 658
2322, 916
39884, 837
26534, 261
15, 903
45838, 688
28540, 670
37839, 515
42461, 410
45513, 731
12588, 231
26694, 738
638, 254
9826, 169
34731, 332
18969, 193
6270, 354
24424, 273
34033, 299
31810, 153
4468, 807
17857, 14
44648, 104
4481, 666
48468, 515
13588, 652
17834, 172
36740, 78
21153, 80
12655, 250
28330, 390
40076, 593
14958, 6
34467, 796
25527, 45
26387, 846
27924, 390
2354, 889
49059, 35
14347, 341
43024, 374
28872, 959
29446, 858
46091, 590
5841, 693
7610, 94
31497, 13
4409, 779
15241, 764
21598, 631
10497, 715
12801, 356
8398, 76
28913, 684
22950, 467
45270, 90
154, 446
29347, 816
41924, 285
23914, 67
17135, 851
20710, 480
27612, 315
29027, 498
28777, 428
25981, 595
34791, 348
30205, 813
26890, 687
13027, 525
28482, 210
10876, 517
42417, 435
23436, 59
21090, 229
27229, 732
5840, 366
9190, 822
46639, 917
23669, 128
38599, 437
9066, 590
13432, 527
9314, 550
12097, 691
47291, 321
26874, 869
18085, 428
47661, 77
32364, 233
47506, 884
14448, 53
19160, 829
12017, 789
33093, 727
11546, 507
38324, 121
21262, 637
40129, 215
16734, 932
4460, 199
42812, 445
15756, 506
22470, 610
39735, 332
18490, 674
40117, 198
49399, 845
6048, 270
23047, 871
28507, 404
35035, 550
7807, 634
45736, 760
24477, 628
36082, 979
12240, 360
12070, 770
26787, 431
47652, 438
25958, 109
7419, 401
40150, 873
20244, 90
45869, 418
18558, 263
32137, 17
1807, 17
21805, 939
9370, 549
43844, 222
28903, 925
26752, 414
37835, 489
17, 650
9697, 511
43047, 256
47587, 209
18337, 666
47410, 563
30295, 893
46924, 693
49570, 571
37386, 465
8513, 271
26105, 782
12061, 481
34612, 371
30504, 556
3114, 540
9671, 806
14133, 465
43446, 693
46725, 170
22878, 735
29747, 655
10308, 724
1049, 717
5538, 725
979, 744
24844, 389
27701, 251
23611, 519
25793, 55
41981, 48
11888, 632
3918, 632
11195, 548
8685, 522
7942, 373
18499, 427
38128, 265
33123, 749
26898, 669
45198, 458
32250, 148
3491, 714
38751, 123
33496, 658
37428, 733
14305, 32
35866, 603
20338, 265
46052, 233
4418, 839
32893, 163
1716, 259
49088, 297
38316, 401
20006, 364
8271, 387
26288, 515
35105, 372
45447, 232
13842, 94
14033, 275
28998, 105
13042, 45
13975, 120
19685, 843
14280, 101
35442, 231
10657, 326
43192, 344
14058, 372
34669, 847
11516, 104
33595, 515
33979, 660
12032, 25
102, 94
22277, 21
12990, 778
27110, 332
8203, 139
45532, 581
43037, 212
519, 34
10771, 341
40632, 252
20881, 395
22988, 87
25832, 753
15941, 807
17830, 441
32196, 276
31582, 512
7716, 78
4665, 878
41052, 568
14849, 255
29897, 687
18364, 356
11744, 87
5749, 42
7699, 677
3152, 852
10033, 470
9325, 698
27466, 333
357, 726
41195, 820
3087, 246
48384, 207
42567, 595
29034, 560
22261, 643
20105, 464
5359, 136
15742, 797
27972, 712
16059, 505
28102, 142
6761, 493
33042, 509
19161, 208
40493, 807
2423, 733
30113, 439
45432, 647
11423, 415
592, 499
6480, 383
28558, 961
19293, 567
18257, 339
12853, 363
49556, 619
48073, 768
1766, 715
36851, 691
853, 750
30354, 715
12755, 605
22806, 199
44148, 742
394, 310
6910, 522
22007, 724
9536, 214
32339, 322
37837, 232
47315, 209
39112, 51
23443, 634
6396, 57
38981, 345
13371, 895
5230, 274
47283, 247
31247, 853
47960, 969
48754, 790
42836, 538
48374, 58
31299, 187
18094, 141
3495, 419
39314, 647
23988, 277
15514, 726
1745, 421
32001, 216
43618, 762
15455, 25
1354, 842
5601, 879
39215, 826
37465, 507
48920, 383
11788, 69
42752, 15
11313, 874
19373, 423
4937, 451
49196, 369
47128, 353
16722, 987
33976, 363
14740, 949
38188, 630
39132, 32
48466, 364
19518, 455
27706, 98
16581, 582
26510, 304
39716, 476
32597, 144
32907, 851
8255, 563
37368, 767
6339, 617
45441, 362
27867, 140
7560, 480
47088, 976
49051, 492
26144, 522
46357, 671
17731, 793
46674, 505
22000, 308
29769, 433
43809, 78
23449, 542
28721, 218
4989, 686
21265, 600
44761, 149
43642, 666
3020, 41
40213, 254
15181, 68
48161, 362
38370, 323
23869, 459
40506, 191
15677, 618
19137, 315
14680, 26
3744, 398
2032, 678
37149, 423
37280, 357
15347, 505
43490, 272
29387, 662
48649, 540
30118, 83
8119, 468
25447, 177
47647, 799
27997, 180
42, 11
21611, 880
49671, 820
27197, 267
710, 540
28262, 708
9694, 905
20461, 83
26912, 33
4040, 485
1954, 185
833, 426
41761, 872
9103, 480
18405, 544
36753, 862
29969, 173
39768, 837
16655, 429
20371, 449
1022, 606
4571, 327
42120, 619
23139, 484
10117, 894
46853, 914
19768, 82
6315, 705
45179, 631
19368, 51
16821, 443
31559, 104
40494, 219
3066, 412
48896, 431
33963, 636
12873, 611
9953, 156
23217, 83
28233, 254
29491, 983
5205, 179
5665, 115
44245, 744
9210, 963
6155, 108
3212, 988
32189, 282
7553, 882
24722, 495
39805, 320
33726, 157
9420, 268
14979, 310
27776, 629
16668, 865
11216, 490
37965, 692
45711, 624
29188, 9
18214, 764
17790, 687
35067, 136
26586, 431
32363, 976
5264, 675
14207, 109
49016, 187
34286, 671
24426, 705
11848, 978
21563, 857
4679, 972
4517, 668
7746, 391
30891, 427
37798, 807
14076, 138
36893, 508
25857, 543
22238, 858
10902, 388
9544, 384
26030, 981
9689, 750
27239, 682
19789, 842
14094, 144
28317, 757
18014, 362
30206, 574
42730, 950
31117, 724
18630, 20
12749, 373
18261, 982
44217, 472
29040, 956
5945, 967
4042, 290
47796, 532
40611, 303
16308, 714
34948, 691
1702, 196
4719, 78
40159, 486
36895, 443
45464, 680
3698, 188
34756, 315
37919, 459
1687, 692
16764, 729
42594, 167
35167, 198
46551, 387
14477, 502
30771, 528
7959, 750
18878, 860
19059, 876
35868, 1000
49985, 512
15020, 678
39827, 677
1037, 80
23886, 244
8755, 635
34041, 657
34453, 246
11001, 142
17307, 640
16850, 648
22097, 179
7, 546
37181, 792
39481, 716
43311, 796
19798, 326
34715, 435
15229, 947
2929, 910
38469, 457
20102, 384
44886, 109
23015, 871
8550, 129
12987, 412
31345, 842
2729, 719
42462, 39
10016, 172
12730, 297
39396, 91
34984, 510
18157, 898
45415, 822
3886, 799
9241, 166
6986, 126
48319, 766
39596, 106
48443, 709
40856, 488
22357, 391
4728, 548
47849, 349
32438, 838
44890, 937
13127, 837
44679, 437
30647, 968
4735, 793
42621, 280
35334, 477
4223, 465
20773, 442
32165, 349
3178, 653
36015, 104
28396, 990
34882, 201
36333, 39
26587, 7
37778, 338
5519, 963
32938, 322
24858, 226
1510, 839
18527, 295
49097, 362
16912, 554
48082, 181
33613, 101
23975, 519
14773, 406
32858, 458
7037, 486
25973, 488
38221, 680
4175, 745
27618, 316
15375, 374
17261, 335
34158, 850
26386, 238
20308, 71
32643, 881
24593, 815
45299, 115
388, 212
47035, 376
2240, 981
42736, 52
7661, 705
45342, 418
49030, 29
39791, 645
34927, 93
49666, 349
33355, 858
45547, 362
38896, 113
8818, 464
8052, 384
7753, 171
12225, 402
12057, 93
2705, 259
30152, 478
12114, 753
10679, 809
44690, 523
8279, 62
21913, 362
32226, 114
46102, 255
15055, 822
758, 987
40285, 45
31374, 165
13787, 806
18130, 286
16771, 921
23593, 600
8258, 370
33308, 717
44688, 660
2210, 576
17920, 766
1068, 801
12595, 791
39841, 759
42319, 78
34136, 895
22268, 875
46966, 502
43688, 443
7693, 12
20634, 28
27441, 952
16504, 238
33571, 392
14904, 985
16711, 239
11839, 31
16017, 392
9328, 512
49046, 363
45814, 885
29092, 427
27898, 847
9601, 13
27121, 714
45604, 179
5076, 61
37879, 111
33697, 277
489, 365
7200, 199
46022, 767
9233, 139
21449, 983
1518, 912
47334, 636
17999, 280
17141, 116
43163, 543
19655, 512
36070, 376
45501, 43
15417, 591
30627, 173
20941, 297
48536, 322
10363, 642
23317, 770
10590, 630
48629, 756
19725, 45
36173, 542
37120, 777
31650, 268
42487, 378
26985, 529
9189, 51
2452, 231
26815, 171
2927, 529
36452, 183
17205, 928
27518, 972
38317, 509
31026, 969
2498, 209
19918, 651
46838, 598
44894, 92
7023, 585
9805, 901
49398, 770
3007, 143
12805, 481
14832, 202
15299, 313
43588, 413
40184, 125
20056, 687
17021, 313
48368, 860
27812, 836
43754, 336
33271, 904
39402, 134
37671, 519
27541, 941
34936, 257
5775, 158
44604, 611
19947, 988
31228, 613
40635, 726
10170, 555
38541, 324
27743, 85
20149, 113
14956, 619
42059, 47
43949, 500
4474, 665
42165, 572
17788, 116
265, 955
47369, 42
39972, 409
28904, 390
22963, 238
26120, 634
9497, 581
24385, 971
1599, 713
40508, 171
11738, 520
41401, 315
4400, 781
40747, 351
19121, 180
33953, 41
34241, 329
13514, 763
18354, 254
24569, 826
4171, 605
25910, 626
47507, 654
12553, 403
45717, 632
40411, 293
30258, 911
38210, 454
7564, 944
23551, 901
39298, 277
12784, 301
33013, 445
26954, 234
26704, 678
49970, 253
16518, 831
2219, 824
6683, 398
8855, 342
20674, 187
34446, 613
38455, 790
35191, 282
17388, 252
15002, 109
38105, 652
9674, 660
37361, 787
38614, 516
49082, 191
36417, 837
34498, 762
32389, 567
24918, 236
23875, 234
26314, 928
48131, 944
39652, 816
8464, 588
26810, 751
38166, 997
26082, 569
12536, 38
44374, 149
41420, 328
27750, 437
14012, 733
1777, 189
23833, 810
42099, 951
24, 594
40531, 282
15887, 154
20757, 926
18622, 848
19938, 409
42484, 851
47318, 533
11528, 982
19402, 727
19802, 720
20047, 487
14069, 485
4820, 819
19790, 316
20207, 40
5966, 846
20156, 337
31324, 831
46982, 898
2735, 215
32657, 487
13193, 167
914, 979
21468, 115
8738, 413
22392, 322
7551, 931
16919, 343
37962, 424
36900, 708
46816, 812
9085, 460
41973, 713
37748, 946
4311, 240
38092, 723
6741, 825
273, 568
32527, 558
15537, 399
44765, 420
29554, 807
10197, 503
26210, 866
34131, 467
39681, 132
23468, 206
21196, 207
18297, 133
11289, 905
35378, 751
10562, 733
13493, 733
2612, 388
46959, 237
41863, 794
34852, 902
30085, 345
20272, 169
26354, 233
38308, 395
36107, 187
18819, 954
35159, 146
23098, 780
18718, 739
9205, 876
16642, 196
2174, 819
42726, 11
13094, 185
11911, 513
26048, 987
31170, 598
12287, 430
19921, 384
46277, 468
37868, 770
28152, 335
34010, 290
45080, 647
21477, 773
20196, 535
15835, 583
33446, 550
28492, 923
43933, 270
13022, 11
8026, 663
19029, 176
20602, 730
27688, 64
25196, 912
9995, 675
164, 75
29293, 595
49722, 636
24042, 937
33436, 8
45406, 131
36929, 666
43249, 427
27274, 276
43353, 657
37060, 399
29060, 98
49197, 228
28439, 756
46624, 742
43928, 327
30259, 163
12185, 213
25129, 381
33274, 166
27133, 972
15172, 312
10638, 482
18674, 321
46231, 402
41210, 974
1026, 385
37011, 518
29572, 749
22709, 399
32722, 592
1673, 89
48590, 746
5381, 160
31800, 342
23145, 128
2524, 377
7794, 21
26170, 446
47631, 877
40640, 152
46615, 845
10375, 6
27855, 176
8899, 216
42923, 594
41793, 278
23855, 870
33646, 154
34059, 96
37913, 425
35458, 474
3748, 817
33005, 571
42638, 558
34602, 362
40897, 157
31471, 294
35391, 345
20094, 932
8588, 666
48808, 845
48651, 477
3503, 905
23569, 527
39211, 464
2570, 810
26129, 766
42346, 549
22793, 144
35087, 928
44165, 179
27551, 803
4865, 827
6484, 540
23109, 884
26465, 215
10740, 292
39746, 494
6742, 484
22321, 170
27252, 532
6276, 512
41750, 473
17385, 655
42527, 790
17185, 344
12473, 643
28630, 990
26428, 63
4286, 934
19806, 164
38069, 482
40933, 375
33327, 885
37137, 881
2016, 116
25463, 802
33, 800
10759, 955
7805, 862
3619, 878
47909, 155
7860, 178
31669, 351
49878, 557
47810, 845
9291, 132
23070, 612
12005, 348
3001, 78
42443, 338
22010, 9
24161, 787
5400, 961
15721, 127
7724, 370
46980, 562
37712, 98
42837, 517
46754, 16
45714, 103
44996, 185
13075, 91
15162, 230
36461, 9
37503, 143
42789, 269
27305, 406
41989, 679
48123, 717
43665, 720
31092, 214
32461, 972
17511, 656
27062, 476
5065, 177
44512, 671
31757, 85
12271, 756
35053, 884
36663, 363
3253, 471
26413, 301
36819, 660
27169, 602
42143, 733
5429, 996
33604, 879
35012, 997
21660, 354
35089, 363
19464, 291
31355, 918
28953, 720
49120, 975
11524, 776
20160, 403
45526, 538
2530, 880
24080, 220
16035, 72
46715, 553
15276, 214
12254, 335
29812, 218
48102, 176
38018, 226
34055, 534
25360, 331
38739, 869
41245, 980
8704, 13
43480, 248
46531, 327
2309, 57
42100, 781
16304, 455
38446, 378
41066, 823
26769, 927
2721, 837
22920, 863
24202, 316
19104, 796
23218, 743
25546, 804
29539, 527
35133, 14
47292, 989
16351, 361
29620, 745
7414, 314
21985, 428
43727, 209
49145, 980
46898, 458
48786, 250
4818, 1
19407, 75
9622, 132
5297, 584
2845, 117
14435, 680
20636, 813
37364, 19
44284, 582
41087, 316
9744, 960
32213, 498
7014, 354
32478, 744
16934, 556
9171, 397
31016, 386
9438, 65
15984, 971
18396, 23
6926, 550
12145, 795
23758, 673
6655, 97
16802, 656
7095, 453
38062, 846
6388, 137
15672, 904
19354, 8
28814, 437
43117, 803
13329, 107
9136, 224
24857, 351
20791, 744
8849, 137
7619, 393
3761, 657
19041, 529
2505, 119
35477, 543
18648, 451
17328, 358
38850, 704
8487, 283
14711, 111
49166, 305
45905, 907
37008, 57
49695, 132
13956, 145
8412, 454
46343, 7
40571, 509
35259, 106
43197, 681
49288, 143
26805, 696
14532, 324
28138, 769
7347, 624
44624, 632
45512, 453
3002, 745
1243, 365
20571, 500
8693, 64
9688, 83
41732, 44
43209, 954
36854, 678
21687, 839
28782, 228
21086, 235
32454, 131
9268, 584
19027, 623
17203, 499
12686, 292
23960, 683
37657, 496
4399, 585
42661, 233
48882, 125
16866, 49
33824, 846
17678, 495
38201, 975
27170, 921
7711, 884
48060, 529
48764, 519
19678, 335
30462, 966
11291, 85
22267, 915
8427, 9
30315, 821
31978, 7
8965, 284
38220, 420
44840, 940
28479, 261
12715, 650
47016, 149
28902, 165
9561, 120
11523, 799
6124, 333
27076, 922
14325, 455
48746, 924
26447, 403
11551, 506
18704, 86
9480, 758
21261, 667
36744, 304
27159, 56
6271, 24
21577, 705
47615, 153
34351, 555
46075, 248
32483, 306
18169, 926
34553, 689
19083, 567
34427, 631
32257, 219
12795, 241
37963, 859
43499, 284
24178, 887
8586, 859
13331, 151
46578, 105
29577, 819
48149, 573
47523, 999
3061, 642
48646, 885
12894, 675
8825, 381
40700, 767
40042, 61
13703, 506
49013, 987
24138, 57
31727, 335
9775, 947
46059, 599
6322, 912
29618, 387
3633, 883
27297, 432
44484, 826
24386, 561
14010, 92
24420, 196
47665, 522
33362, 64
27273, 435
7335, 838
22769, 469
43208, 363
4953, 414
5228, 748
25568, 390
9423, 172
598, 470
234, 952
9214, 430
98, 720
36861, 198
34239, 498
14250, 652
45898, 25
41622, 500
11149, 970
351, 10
44076, 892
35251, 900
20474, 945
35739, 507
30826, 927
5291, 732
43805, 395
43973, 840
11229, 692
17319, 962
22402, 249
18660, 733
2617, 124
27053, 406
18873, 628
41456, 522
48309, 31
15279, 715
42413, 796
31213, 116
16362, 403
25670, 0
43636, 805
9862, 707
29789, 526
17501, 847
39485, 990
22866, 358
44453, 692
36326, 490
4498, 571
46345, 506
43660, 286
19317, 223
5583, 794
17937, 217
33502, 248
3074, 997
12228, 577
8683, 948
41803, 493
23367, 274
15161, 184
22592, 600
43882, 364
4829, 973
48997, 224
9225, 586
48122, 324
35307, 119
1637, 136
12518, 886
4202, 86
28890, 295
1185, 290
16886, 665
30163, 499
16693, 548
9839, 56
15206, 733
43000, 433
7098, 160
10121, 710
12016, 174
41971, 863
23804, 64
16277, 359
9390, 791
3136, 87
17028, 308
41956, 796
22418, 406
4391, 649
15307, 376
42874, 943
34476, 956
14339, 415
13274, 160
41585, 0
2344, 723
7383, 234
24725, 562
31352, 888
44536, 593
17921, 790
38890, 221
4433, 313
34287, 357
47803, 601
6595, 537
34746, 381
38155, 383
22326, 139
37438, 876
6894, 950
18595, 244
129, 268
12951, 675
33030, 398
26871, 998
33422, 519
21989, 505
39142, 252
44980, 596
23843, 666
42454, 924
7579, 211
46200, 447
14070, 105
23210, 199
6030, 444
34269, 917
9663, 323
16115, 815
1782, 646
44634, 887
26222, 686
45845, 853
37437, 837
9417, 759
26431, 624
2638, 418
20612, 923
43172, 676
32000, 839
44279, 736
32316, 968
8121, 395
12110, 708
40108, 142
32590, 352
1648, 632
13592, 609
41911, 632
38922, 464
16534, 555
7856, 619
22183, 674
41376, 692
14161, 688
10645, 192
32412, 529
20812, 425
40316, 10
10295, 445
30893, 21
41528, 231
33815, 970
46881, 409
35314, 941
26557, 732
6009, 969
47336, 922
3439, 576
26460, 328
36308, 58
25453, 226
35883, 784
41038, 293
3676, 696
37132, 425
39114, 339
29655, 413
44513, 513
44964, 90
9053, 942
10135, 861
7080, 976
49480, 349
9982, 698
45264, 38
5289, 371
37493, 571
17354, 60
36024, 925
29559, 505
10672, 493
14836, 633
39708, 737
22789, 274
18667, 54
49479, 973
20180, 720
41683, 272
20339, 353
39236, 293
5150, 786
26909, 677
31029, 721
42252, 531
37789, 365
23212, 340
1028, 18
5344, 296
24749, 313
24000, 7
47233, 96
49764, 420
37902, 721
27564, 469
30321, 56
12994, 961
48683, 914
41997, 686
5216, 127
28673, 909
47449, 512
32489, 84
34560, 715
14748, 410
29447, 208
23786, 785
29434, 855
18, 172
34628, 637
12102, 79
13811, 400
41255, 162
36825, 439
14731, 761
37836, 614
7145, 700
28561, 939
40468, 179
40715, 62
46074, 829
20186, 208
26789, 452
21050, 487
45353, 469
7332, 702
14679, 244
16006, 711
9727, 682
25150, 468
25249, 107
672, 147
36219, 134
43251, 930
45239, 28
12088, 600
8007, 749
10593, 971
19042, 772
45491, 236
19053, 442
23658, 699
36539, 192
12907, 49
2677, 85
15874, 970
30601, 767
23670, 188
44541, 951
44430, 154
26349, 983
1304, 18
40048, 116
47900, 59
36226, 996
17031, 521
8000, 490
32374, 314
46292, 697
38279, 578
9837, 976
27393, 125
49762, 604
42676, 584
40125, 796
34084, 975
42804, 803
7535, 993
11725, 616
27853, 830
38076, 1
32850, 293
15454, 888
48026, 235
28261, 66
42374, 114
36194, 863
42478, 485
15420, 971
1331, 862
15622, 213
47400, 794
42201, 647
49186, 589
40014, 653
9105, 783
46433, 812
36188, 393
4280, 92
29627, 709
25182, 608
29202, 757
25510, 269
1321, 262
32846, 962
8570, 587
3577, 367
45807, 621
12441, 264
24596, 775
7026, 556
42381, 339
47331, 526
4949, 581
1437, 355
47499, 428
12174, 79
29545, 444
39277, 74
12665, 162
31002, 875
28553, 984
2768, 563
15599, 959
21232, 723
24319, 568
21745, 32
30122, 777
39940, 834
35576, 223
7833, 825
5427, 360
37489, 420
15443, 374
44646, 827
30573, 4
4158, 197
15516, 235
3209, 586
25268, 159
25332, 395
48818, 125
40110, 687
23185, 269
19738, 422
10984, 54
9090, 629
42241, 838
6851, 469
16560, 978
13477, 406
45236, 340
21129, 536
17257, 365
10717, 811
29161, 927
26940, 418
22465, 46
3271, 690
9592, 714
15938, 16
3956, 66
4892, 976
10025, 651
42306, 961
3204, 390
40310, 16
10089, 754
23679, 876
10936, 540
1819, 338
1698, 263
36739, 626
28401, 521
21897, 496
32786, 405
8927, 788
43239, 601
45050, 233
41862, 404
20012, 657
25916, 428
29136, 644
34273, 424
27052, 33
21347, 217
9912, 242
40906, 30
7852, 65
44535, 153
10598, 369
7326, 751
28008, 602
16635, 909
40053, 507
12517, 78
10408, 453
3874, 796
38947, 517
44383, 600
37910, 855
22347, 443
38629, 40
19514, 514
5257, 721
44643, 532
44957, 778
21418, 10
29486, 746
7925, 304
32183, 837
5683, 917
17851, 192
35488, 66
45449, 623
33777, 776
3520, 203
23632, 948
32708, 347
16166, 777
992, 181
15541, 843
35353, 919
31022, 529
48066, 592
34881, 931
28737, 386
48045, 725
26376, 772
29352, 883
38738, 110
47634, 909
12639, 216
45534, 289
34650, 992
14540, 284
41605, 892
26117, 233
19306, 169
37130, 629
24673, 176
9754, 913
17651, 907
47075, 17
31075, 13
10411, 732
17159, 808
11155, 974
26022, 171
23128, 630
36712, 823
38200, 993
42350, 145
2531, 369
34655, 555
29278, 433
37770, 274
35610, 448
20910, 254
11273, 318
5801, 448
28530, 33
3205, 153
34348, 795
16620, 597
8658, 882
37643, 23
18465, 384
20126, 743
19579, 794
17315, 673
29048, 491
1831, 511
773, 371
20483, 320
39636, 519
5418, 245
27271, 293
31824, 712
37212, 137
30299, 84
43616, 270
11844, 573
22578, 148
32351, 255
15196, 284
24781, 10
40394, 334
1605, 962
8009, 506
38705, 490
39530, 967
24064, 671
5084, 401
42971, 842
45653, 591
30115, 392
5250, 692
8164, 909
36306, 947
3268, 3
46735, 414
32167, 74
17741, 839
15461, 941
27573, 27
23984, 162
13349, 292
23491, 607
22252, 718
40026, 213
48642, 604
12566, 850
22918, 68
7433, 709
11445, 567
37534, 466
2556, 704
29020, 651
47846, 847
46136, 458
40909, 548
37551, 413
38907, 830
23362, 750
27073, 702
41346, 210
17947, 639
36722, 549
49239, 650
40765, 830
31805, 749
30440, 322
32929, 860
39348, 526
43060, 193
24205, 416
27603, 688
15069, 253
42783, 116
13947, 269
45333, 736
2492, 504
47100, 460
14118, 395
11603, 893
2890, 813
5654, 479
43578, 857
23115, 778
11581, 681
3610, 599
20826, 122
46241, 215
14271, 553
1299, 777
7572, 656
4704, 952
32398, 398
40998, 765
31051, 507
43133, 559
20883, 768
20668, 415
11831, 475
26876, 459
23170, 18
38704, 761
40462, 701
22286, 826
49169, 93
37904, 621
47564, 528
9301, 381
6516, 877
9720, 271
35863, 468
3297, 275
40618, 675
15969, 171
22486, 163
38151, 485
8504, 615
4694, 439
47606, 335
43936, 814
39418, 437
11629, 464
38877, 745
28097, 993
38708, 325
4505, 544
7710, 995
22883, 683
3845, 586
6582, 687
3040, 421
16575, 311
21712, 385
24964, 291
19609, 528
26438, 581
43435, 181
9820, 284
32755, 68
19581, 43
39472, 199
44021, 353
45989, 513
9684, 475
7154, 554
37822, 575
40295, 776
37905, 101
8579, 72
38314, 960
21920, 499
22868, 581
34839, 742
40080, 722
49303, 828
10283, 702
37122, 807
19953, 30
16652, 765
25648, 747
32628, 148
26073, 952
10161, 983
33576, 606
12469, 501
21763, 222
18496, 708
29817, 555
42301, 959
37954, 496
12160, 969
37095, 615
35504, 444
5671, 32
3785, 323
19238, 623
9052, 654
36193, 264
23399, 741
25441, 467
458, 509
10880, 500
10764, 41
10063, 951
26359, 410
42251, 703
96, 778
25757, 256
36138, 971
12347, 294
47581, 324
41789, 346
41303, 792
10132, 178
4695, 900
44026, 569
22304, 140
7422, 532
39952, 281
44198, 484
38140, 74
15122, 966
8424, 754
1401, 555
12477, 156
17419, 854
22118, 920
21938, 576
25646, 915
35651, 137
32660, 230
33761, 192
10421, 694
9884, 149
6694, 882
22256, 759
26788, 324
41261, 468
28780, 184
19164, 659
25436, 519
37729, 619
32764, 738
9767, 538
16911, 527
3448, 720
24422, 305
39072, 252
22790, 122
12324, 419
30053, 843
18284, 832
1685, 382
78, 311
6964, 283
21776, 884
4172, 194
3533, 843
16238, 610
36292, 591
44851, 951
19651, 733
49558, 70
38035, 979
28278, 25
23598, 478
26445, 758
18644, 300
10878, 311
1720, 399
3678, 499
35845, 948
5696, 255
24174, 567
25848, 294
33314, 311
49040, 841
38102, 39
23258, 986
36148, 478
47829, 105
6981, 826
6780, 744
14313, 460
3410, 209
21376, 737
17591, 864
36222, 922
43959, 47
5347, 304
9603, 462
47675, 857
31802, 116
38653, 707
23278, 274
24116, 827
45418, 422
7308, 538
13659, 164
37389, 538
8707, 934
32835, 787
34481, 92
28808, 725
15257, 561
9147, 126
10575, 366
42439, 319
26636, 687
46582, 247
21136, 119
12327, 161
14436, 587
38831, 444
35456, 358
16589, 166
7629, 89
11366, 90
12496, 930
20866, 815
17231, 513
28785, 760
24271, 94
29601, 23
42211, 705
26499, 564
43438, 184
9680, 773
21117, 961
16500, 396
26744, 91
7117, 363
29242, 226
17986, 35
37546, 725
13554, 154
17130, 919
37019, 618
31250, 291
47991, 412
45726, 230
23205, 511
44334, 275
3579, 723
27372, 168
30874, 448
45625, 83
3231, 942
23913, 28
28113, 805
36288, 304
10407, 217
22355, 230
34875, 478
46344, 886
13909, 877
33481, 749
2444, 721
11760, 595
12717, 679
23902, 502
8200, 598
5194, 610
33767, 72
25825, 634
5534, 137
11695, 549
12451, 700
9428, 120
22695, 786
24701, 488
40617, 107
26035, 104
47307, 433
18895, 205
23910, 203
24787, 497
17605, 23
46182, 607
40195, 176
4375, 236
20344, 959
14461, 733
6863, 404
28289, 677
25389, 475
47345, 971
16327, 928
19097, 485
17580, 911
36547, 690
12244, 442
16156, 538
12146, 704
33237, 283
29845, 951
13453, 605
15134, 729
1582, 371
45750, 595
15902, 330
5140, 388
25292, 603
3445, 116
40347, 620
38055, 941
10668, 260
23331, 886
7084, 115
3712, 44
16168, 635
23274, 991
25063, 604
17377, 745
39433, 350
43609, 624
3661, 906
48597, 513
8984, 38
44835, 561
23919, 828
35073, 250
27240, 41
9454, 524
33454, 76
49189, 962
17417, 169
22885, 152
21273, 795
27046, 27
17727, 655
5190, 694
3048, 754
39286, 930
26756, 307
17272, 553
31234, 91
9870, 71
14059, 974
6487, 142
8403, 84
39877, 455
9660, 369
26556, 639
32900, 19
40474, 942
9267, 416
4190, 13
5298, 70
36114, 575
8372, 271
25181, 148
17362, 430
9239, 232
6729, 618
41501, 211
16790, 288
3357, 690
19452, 144
34699, 297
28652, 63
26514, 431
7719, 252
32910, 356
7199, 231
28822, 397
20015, 87
27220, 993
29730, 773
33772, 511
9920, 6
46968, 649
14950, 98
21756, 625
39281, 565
11965, 305
982, 847
22310, 235
4463, 377
8762, 950
37547, 638
23469, 652
31930, 667
34904, 203
10768, 679
31830, 466
24778, 37
33447, 300
26680, 389
25283, 366
40402, 577
49775, 934
13780, 213
5823, 654
28885, 673
33403, 770
1, 383
24942, 789
11577, 661
22164, 675
36935, 861
43349, 57
33648, 203
46413, 377
16057, 688
45528, 464
34070, 734
23066, 903
41029, 859
9752, 165
41708, 804
2242, 903
12638, 708
26124, 485
34227, 189
19315, 429
39965, 109
43852, 678
25517, 842
21437, 939
7399, 434
24347, 538
26225, 653
24440, 9
6024, 786
46634, 790
49758, 816
41116, 893
32681, 463
36084, 58
27833, 31
18333, 507
28749, 288
15012, 97
44905, 536
45912, 861
38858, 432
18467, 100
16189, 943
26770, 214
17601, 830
8275, 382
23945, 924
14466, 110
39849, 157
16049, 32
22137, 618
33930, 730
32450, 788
36677, 705
40959, 166
22240, 784
11708, 317
12149, 178
25263, 520
48211, 938
28916, 526
32580, 49
41765, 705
17263, 38
2861, 299
3291, 698
12538, 225
35547, 592
1312, 460
41160, 658
40931, 837
38413, 406
24649, 275
17771, 144
324, 482
27087, 217
223, 214
35356, 919
20321, 353
37476, 169
12478, 236
3819, 528
20559, 492
28826, 143
18810, 928
21810, 238
16372, 599
36112, 583
22969, 772
36273, 801
6117, 148
20317, 794
17414, 387
43605, 758
42282, 80
44722, 557
45740, 294
39904, 419
28745, 557
18847, 229
5306, 723
18329, 148
42000, 916
46677, 676
4336, 740
1822, 217
45122, 465
32595, 618
48472, 465
7951, 127
23143, 631
11612, 180
35349, 30
40694, 160
47959, 372
43629, 170
41091, 8
18324, 875
45281, 851
26552, 648
365, 105
20252, 872
211, 261
27104, 322
18473, 529
29257, 884
46789, 12
41689, 565
21726, 691
47601, 415
42320, 100
44497, 854
29279, 365
36336, 298
17780, 651
48865, 364
7953, 449
39891, 690
38503, 231
29551, 992
23878, 978
48361, 800
40674, 420
12592, 73
34743, 937
43347, 395
7009, 108
1421, 504
48331, 188
20045, 533
25781, 555
21743, 531
35503, 995
4186, 399
37236, 607
34315, 991
5185, 318
43573, 716
42825, 493
7122, 538
4297, 568
1335, 629
34469, 952
32117, 361
27526, 677
27758, 746
30499, 372
11918, 203
7031, 337
42642, 149
29168, 937
33041, 111
13248, 89
31099, 46
47326, 38
29307, 76
45622, 719
14158, 913
11990, 307
46913, 979
32948, 829
22976, 779
3193, 941
40292, 670
12705, 161
43884, 78
42430, 222
41476, 139
11572, 858
49058, 190
9991, 432
16426, 721
45468, 847
22018, 12
43507, 228
8293, 580
24295, 891
36622, 244
24765, 795
5940, 15
34623, 442
44082, 931
26988, 968
20954, 944
48783, 139
26398, 95
22004, 196
27055, 979
29523, 454
7488, 143
24359, 600
325, 887
16025, 295
13077, 554
36940, 685
36478, 744
19058, 429
31674, 885
18502, 637
29547, 835
46307, 928
28078, 619
21721, 868
25115, 187
25543, 22
18153, 736
6472, 338
31807, 738
49896, 178
47106, 131
12881, 30
35956, 129
44429, 375
18263, 645
41602, 792
49542, 125
21940, 879
31442, 82
4903, 522
30856, 872
8739, 55
21589, 528
33992, 905
28743, 186
12792, 101
21226, 386
13039, 857
9273, 522
46293, 464
25744, 536
4113, 667
27157, 280
21505, 44
43267, 902
30851, 227
23405, 43
9571, 692
22, 718
14251, 445
9619, 790
44631, 982
26477, 391
30747, 577
18624, 229
28523, 325
20766, 856
26475, 840
33508, 219
25278, 59
8906, 199
991, 772
48022, 879
2813, 541
13469, 993
24780, 632
28422, 768
35214, 288
40234, 184
2290, 652
14868, 812
7499, 503
39961, 707
30717, 418
29038, 403
9344, 667
13679, 847
41607, 858
11987, 224
15617, 29
31452, 889
28339, 2
33471, 825
40, 621
44533, 121
7319, 589
26103, 770
38711, 112
4270, 612
44570, 95
28601, 724
1116, 377
19324, 812
12479, 620
29521, 217
29319, 238
25426, 677
18650, 747
1054, 717
35961, 313
15386, 236
43575, 921
49691, 246
31823, 891
11002, 346
10864, 18
5501, 534
17791, 725
40397, 317
40830, 762
3751, 435
2225, 781
28418, 395
22035, 957
19949, 131
36076, 952
12677, 535
6608, 142
3888, 769
10219, 600
37980, 500
34884, 568
37607, 801
47694, 996
23253, 871
12691, 604
10785, 136
28395, 844
19890, 736
43139, 235
26955, 522
37215, 101
39155, 680
28894, 432
5559, 491
39153, 542
14768, 889
321, 823
49091, 932
40280, 886
39434, 618
34580, 541
48142, 472
27614, 63
21518, 134
22652, 805
29815, 928
1192, 502
17308, 960
36201, 173
1071, 73
28182, 493
9721, 327
35515, 284
37931, 338
32652, 23
9320, 441
46863, 709
41054, 452
11283, 364
27276, 335
41120, 108
48067, 865
5995, 53
14839, 767
695, 348
24137, 514
28006, 215
43099, 512
20245, 537
40949, 54
39686, 962
49879, 105
22198, 506
37241, 166
9323, 302
38132, 747
40088, 69
4003, 625
21739, 276
40515, 837
32315, 537
28700, 33
42391, 600
16397, 116
15044, 35
36955, 97
21711, 306
7151, 234
4638, 47
31100, 12
41276, 643
11606, 329
28295, 604
14063, 362
42434, 509
23314, 131
2218, 691
20489, 108
48479, 976
38059, 880
5415, 827
34153, 761
23922, 34
17560, 784
47208, 99
37563, 648
47697, 762
43700, 623
35916, 29
13361, 776
14572, 217
29385, 460
47738, 745
14508, 358
16143, 38
23696, 170
12078, 424
4525, 33
17415, 893
25392, 546
35733, 593
5784, 493
44758, 365
37452, 377
48209, 308
395, 557
45930, 809
49123, 784
16172, 931
1175, 368
8383, 787
45749, 401
49263, 648
24767, 367
5080, 124
48032, 35
24617, 619
47446, 876
1466, 280
24221, 635
1386, 253
14861, 390
42219, 4
31431, 297
33866, 436
40669, 523
14090, 296
29862, 270
8499, 758
38765, 828
14978, 513
35323, 316
48322, 31
17552, 604
29470, 320
37636, 93
34815, 771
1530, 928
2104, 444
4034, 322
7465, 665
40434, 154
768, 393
8623, 969
36495, 242
47974, 861
33002, 727
6579, 93
2160, 553
35047, 842
18725, 332
29656, 402
44705, 65
19130, 676
11293, 262
11686, 868
48720, 166
4850, 836
4137, 903
6808, 684
8265, 686
27314, 770
14862, 631
43240, 334
33046, 913
35871, 148
1579, 604
15030, 839
25400, 357
34783, 351
13520, 434
27938, 724
25777, 883
39762, 952
48372, 643
1925, 486
14274, 612
29077, 157
23505, 10
24607, 304
49797, 305
14291, 99
11610, 905
45650, 290
14283, 80
43104, 976
48710, 348
19099, 76
47752, 619
14994, 371
13262, 289
5103, 422
37370, 353
10288, 873
29686, 446
47193, 242
7105, 174
48601, 170
49893, 155
36433, 456
37997, 664
16450, 432
28865, 947
27193, 344
11141, 227
41105, 484
9640, 959
20202, 339
31834, 44
30540, 838
30550, 149
43859, 396
44926, 878
32010, 770
14120, 148
9038, 886
7017, 934
42004, 93
41238, 33
27488, 734
31553, 398
26322, 560
49804, 134
34410, 981
13778, 399
11921, 81
47593, 839
28039, 853
32361, 412
18276, 334
44330, 13
9854, 65
29943, 102
7124, 174
36491, 415
28990, 657
26329, 261
16520, 570
11811, 131
29104, 398
20486, 853
24540, 682
47057, 256
30784, 948
9874, 194
29906, 740
9641, 730
134, 47
47862, 756
29044, 765
9574, 620
13995, 235
5682, 497
9965, 341
1628, 283
1162, 398
990, 809
26918, 8
35182, 893
13498, 301
10195, 404
9682, 74
9111, 796
38504, 4
48702, 580
24061, 249
23857, 686
1806, 717
30273, 410
6537, 324
724, 998
19415, 279
32551, 105
3045, 133
10273, 917
2136, 177
8364, 830
945, 255
19672, 950
45436, 856
22587, 759
42378, 863
35900, 557
32811, 564
16403, 301
35799, 479
13229, 888
46349, 869
25711, 0
20061, 930
44824, 429
16851, 838
13911, 527
14341, 125
25038, 691
26528, 92
3940, 24
5263, 789
29816, 341
41849, 756
33487, 282
22312, 898
41714, 762
24622, 611
48880, 897
13286, 98
31443, 658
29556, 631
9389, 283
16261, 67
48725, 680
27348, 136
39038, 117
24785, 248
18579, 31
25684, 876
28545, 851
19475, 303
61, 409
19413, 661
30954, 6
36524, 586
47247, 947
6393, 356
44406, 76
25787, 311
48072, 992
24935, 162
27628, 183
7808, 857
26558, 435
20137, 60
25435, 84
5999, 266
315, 203
33243, 239
13613, 607
5890, 618
7057, 479
25830, 288
17804, 384
45542, 18
13129, 105
9226, 462
8813, 561
40028, 186
20169, 699
15484, 176
14084, 840
20184, 440
43551, 681
30379, 728
1552, 556
13774, 114
1616, 945
25883, 600
7929, 267
26269, 701
36755, 833
45992, 529
30456, 502
25630, 917
39138, 965
20476, 826
46463, 737
22888, 709
47947, 677
41522, 757
44294, 904
20584, 194
4852, 586
22671, 656
16319, 676
14116, 987
16733, 44
45268, 155
43866, 840
21500, 605
14898, 895
15522, 321
43829, 355
3594, 286
30487, 107
25167, 37
1430, 197
8732, 117
44479, 865
16190, 429
21413, 913
28703, 244
4188, 656
3952, 254
23799, 507
17424, 365
6300, 130
11790, 364
14578, 755
10827, 801
31745, 903
43050, 506
30816, 419
43668, 261
10265, 921
25492, 210
34757, 562
16386, 410
44066, 92
37916, 753
42072, 729
43097, 632
32676, 220
39202, 548
7642, 137
29130, 862
49457, 198
27904, 568
19973, 236
33117, 331
13866, 90
10904, 82
18002, 8
40556, 872
21039, 272
27514, 147
349, 749
34539, 321
5488, 874
29882, 570
26430, 840
12328, 680
9809, 385
40887, 308
22905, 134
3787, 390
44256, 102
24455, 689
4425, 367
31920, 766
1241, 746
21769, 70
40738, 24
49887, 589
42849, 422
30474, 205
4557, 54
38502, 423
48327, 508
25549, 518
47379, 0
32923, 218
8175, 6
49603, 649
18753, 473
38361, 868
6524, 803
2258, 234
43282, 7
49856, 515
7468, 809
34922, 249
17024, 556
29580, 519
45855, 258
18385, 264
18856, 255
19254, 140
31580, 222
4430, 797
42716, 808
49752, 621
44754, 546
47378, 141
44640, 548
12821, 933
639, 515
13269, 24
41004, 158
10649, 325
46196, 960
26609, 300
44196, 106
17610, 644
10352, 675
26335, 862
39023, 554
39158, 553
43, 207
42360, 555
3893, 880
19533, 930
994, 554
48349, 793
44265, 648
33788, 584
44698, 234
11324, 897
922, 12
8198, 210
22404, 579
41693, 30
9037, 990
20966, 310
48230, 607
31793, 745
10324, 877
40170, 584
22232, 927
31078, 321
46043, 361
31347, 951
4977, 50
20506, 136
43923, 665
40067, 402
36585, 630
4156, 304
43135, 215
38590, 809
5598, 815
37188, 897
23707, 454
27858, 418
8600, 140
45180, 971
27354, 256
42149, 174
5531, 861
15734, 802
20792, 190
43998, 491
42420, 204
25573, 795
38277, 673
33680, 0
27581, 676
39022, 410
3914, 879
11088, 128
40992, 348
7820, 55
23718, 496
4530, 515
39562, 117
46703, 200
1623, 603
3355, 485
25020, 875
20958, 409
30730, 545
14640, 555
16675, 734
35507, 790
17121, 374
7729, 563
30645, 598
40345, 668
22009, 378
14247, 360
46896, 999
43202, 260
44789, 64
24086, 809
32881, 75
24504, 346
49012, 10
36513, 890
45095, 283
14488, 410
41425, 705
36820, 610
18785, 619
42947, 301
41869, 788
18863, 530
40787, 602
25639, 148
12399, 75
25539, 548
25411, 358
19272, 255
39995, 759
33368, 799
23244, 973
6948, 459
24021, 40
46400, 816
27886, 163
16124, 148
28629, 462
29566, 833
31771, 139
19490, 568
24603, 465
19639, 654
25712, 847
43244, 56
44402, 338
41438, 5
29111, 855
29667, 238
32971, 4
18255, 949
5325, 847
8763, 985
43699, 380
27788, 277
19314, 988
2860, 648
49651, 56
311, 181
45818, 497
3181, 771
27954, 992
34445, 321
15608, 316
27798, 196
37918, 611
29661, 620
38550, 18
27529, 263
7500, 819
6409, 50
43648, 821
20961, 502
374, 450
4116, 711
46009, 965
13624, 408
44030, 325
28974, 408
19598, 332
40039, 134
49941, 713
17322, 52
27712, 814
35663, 675
8996, 277
10510, 397
9798, 865
36250, 852
14083, 483
18594, 905
24641, 919
32211, 528
47368, 32
42553, 464
35473, 922
23129, 982
31643, 532
28704, 554
30739, 549
7473, 772
26824, 942
41820, 510
43747, 419
6312, 852
28792, 158
31773, 599
11475, 498
34369, 799
13611, 88
25786, 987
45343, 821
10126, 880
11014, 51
17964, 229
35753, 775
18003, 792
35978, 670
12975, 297
10177, 192
20513, 921
47272, 373
35382, 166
40453, 718
46193, 419
37451, 799
27290, 398
15449, 255
39931, 809
11416, 539
16782, 658
45407, 142
31086, 18
30764, 453
17470, 798
16639, 415
35143, 624
11010, 695
11004, 602
13546, 779
26125, 678
47815, 402
15776, 400
40023, 941
29802, 678
41341, 2
29138, 457
31157, 191
47431, 870
871, 609
49980, 950
31787, 972
39478, 972
28898, 504
2863, 350
46390, 200
3143, 248
22944, 125
3464, 800
36362, 414
28037, 153
37400, 124
11197, 374
12534, 334
34076, 727
18042, 96
8778, 536
42678, 128
17723, 572
4332, 244
19078, 668
11613, 345
33174, 139
41015, 636
43330, 133
20298, 681
29318, 12
33239, 305
45947, 907
3960, 261
6004, 822
17500, 594
10924, 891
49766, 46
27161, 662
17665, 147
36683, 503
6233, 611
44787, 931
38345, 240
8426, 966
22423, 544
16859, 238
34447, 803
28240, 603
17813, 190
46550, 738
1835, 806
45285, 908
43543, 188
9252, 728
18270, 958
31569, 474
1146, 681
35999, 659
48909, 608
2170, 239
37217, 134
10858, 110
9069, 250
5829, 682
42281, 860
37749, 149
46588, 457
9298, 954
12944, 361
36521, 601
19412, 126
27916, 870
9125, 932
24555, 705
28270, 760
32668, 433
31229, 362
7973, 32
5355, 113
2442, 386
6542, 454
13519, 268
26212, 164
14067, 134
44963, 593
36773, 811
12809, 66
36937, 96
14767, 738
14885, 561
12105, 264
37298, 799
17439, 439
15230, 419
32747, 888
17990, 815
20446, 333
30677, 259
20597, 481
28467, 271
32666, 438
15716, 148
1675, 551
40526, 624
24225, 350
5208, 983
49914, 222
1730, 834
23477, 484
21, 255
30602, 617
25452, 750
29593, 811
45251, 123
47588, 358
12955, 525
8196, 385
1874, 552
11807, 766
24665, 279
5512, 676
7831, 550
32161, 204
48804, 726
25027, 101
26024, 662
34426, 556
14000, 7
19040, 500
32492, 411
5294, 338
19268, 541
43569, 636
25877, 672
13521, 497
6621, 607
11636, 1000
36400, 25
45846, 26
7633, 830
11887, 43
10587, 840
37593, 163
22273, 332
15389, 417
185, 487
44673, 17
24249, 427
15615, 241
12731, 960
4325, 333
28137, 961
20193, 391
34570, 179
13918, 420
20783, 701
40801, 938
3469, 779
25720, 822
48268, 421
43309, 120
28812, 979
35328, 826
11783, 492
28711, 418
35917, 24
14909, 385
13101, 592
32543, 746
2949, 680
40365, 755
14177, 181
2640, 540
25737, 734
49927, 95
44721, 23
32031, 432
33112, 452
23915, 165
28505, 219
42712, 148
10635, 729
35299, 276
14437, 10
21417, 457
33579, 385
18828, 292
13739, 498
811, 133
9662, 195
30931, 597
1202, 87
5919, 692
47033, 449
24367, 928
13294, 948
29197, 28
30275, 541
20081, 867
8618, 545
5090, 398
26529, 703
34214, 117
27546, 883
33421, 578
27349, 367
18602, 307
23169, 322
28183, 424
44662, 166
22311, 687
32571, 374
34071, 665
41335, 98
45562, 654
24279, 230
47076, 654
3688, 214
2318, 123
37050, 662
22792, 181
35647, 610
9330, 760
42005, 29
6000, 386
40098, 693
9815, 487
47948, 500
21216, 874
36351, 568
40274, 350
37231, 367
19335, 974
28896, 701
33583, 743
2432, 555
41735, 807
31846, 916
4863, 717
28770, 718
36806, 701
34312, 424
23063, 916
25632, 399
33632, 457
27270, 996
48978, 282
26907, 353
20809, 763
22289, 832
48460, 606
48357, 828
2924, 682
60, 677
20923, 475
15193, 672
14755, 379
5747, 161
41110, 4
8743, 836
49149, 140
6379, 404
20017, 325
7966, 94
34085, 487
43121, 395
28969, 122
21365, 586
5387, 244
41760, 305
20086, 737
27672, 835
5980, 512
26975, 399
32439, 310
28196, 98
47060, 26
2562, 885
39231, 738
26926, 777
33867, 978
7237, 516
39713, 86
39159, 401
28223, 541
2108, 326
4827, 930
41288, 371
7219, 259
1251, 218
46218, 163
33305, 143
25329, 119
16078, 156
33023, 511
15267, 487
25955, 104
10600, 887
21366, 195
8672, 664
27606, 218
36109, 205
16878, 596
10845, 759
18573, 576
44091, 111
38083, 457
41465, 841
6885, 453
25137, 454
48570, 412
12249, 832
36982, 494
18980, 925
18034, 38
18880, 617
5884, 773
47281, 706
38256, 864
24557, 413
26508, 878
2047, 76
40268, 510
49313, 442
7650, 676
38885, 355
53, 916
26005, 973
3810, 521
30309, 126
36315, 764
3389, 38
5363, 425
106, 506
10489, 751
16725, 243
12728, 822
35411, 702
3028, 861
10780, 559
4376, 917
16626, 135
863, 928
32766, 41
48619, 712
6199, 833
36263, 592
29230, 6
49388, 227
49435, 975
39654, 512
12155, 15
35760, 502
15039, 798
49689, 981
2704, 577
23173, 43
46861, 68
48477, 304
782, 910
1222, 316
5513, 179
27729, 283
33303, 789
38833, 135
1740, 844
9384, 212
47913, 706
30562, 912
38931, 687
3016, 948
14097, 483
6673, 646
13240, 843
31089, 723
14792, 335
23729, 711
39632, 862
40553, 60
23431, 401
2910, 329
47596, 511
13346, 131
28657, 328
38223, 398
35738, 91
6113, 695
24796, 428
4955, 501
32937, 588
2575, 729
37665, 324
44956, 862
18146, 757
33845, 867
118, 498
7165, 666
35940, 867
21804, 749
48560, 761
43276, 185
35667, 433
39227, 3
1569, 878
18459, 500
13051, 769
44563, 199
35581, 630
42020, 307
3779, 15
32406, 89
42791, 196
17944, 610
45647, 705
22613, 0
403, 164
39880, 509
27803, 513
22566, 901
48934, 910
25173, 432
8721, 213
28106, 531
19072, 436
23559, 416
45635, 154
26905, 16
39358, 373
34408, 228
33400, 970
23788, 680
42141, 219
20695, 192
25865, 218
18516, 972
27926, 836
22682, 649
895, 794
2713, 842
44828, 183
32422, 786
10229, 412
15718, 36
7787, 819
6848, 172
21947, 428
12293, 953
3754, 538
41707, 517
5558, 736
5958, 499
46917, 29
39146, 321
28497, 197
34440, 279
23555, 132
1989, 765
3575, 312
30449, 890
40769, 594
16785, 347
15963, 238
45216, 555
29123, 27
22085, 480
35960, 110
44033, 979
38005, 14
14307, 366
27885, 339
4909, 895
47202, 512
36035, 377
40428, 549
1063, 125
4429, 793
37960, 695
39694, 300
2474, 47
31354, 653
18751, 43
13601, 76
7723, 784
34897, 563
4305, 701
9172, 601
35903, 626
39834, 762
5789, 845
49740, 19
24146, 300
32602, 964
42035, 857
17019, 826
2274, 477
6685, 593
16961, 274
21600, 881
31585, 482
17586, 840
30842, 235
33685, 779
4714, 91
14141, 2
2148, 516
25353, 508
32095, 966
18535, 406
22698, 960
14483, 688
10285, 900
10890, 590
33165, 918
47917, 172
28237, 702
4097, 644
3404, 737
15862, 643
4173, 451
49093, 808
45520, 591
27134, 183
25574, 922
609, 791
26712, 221
14286, 311
44580, 571
34582, 254
45344, 537
35801, 91
9552, 921
49733, 828
49001, 944
4943, 766
33186, 724
701, 29
40707, 108
30228, 17
47230, 618
20616, 515
42300, 323
48278, 439
18072, 144
47413, 417
48828, 970
10098, 569
48456, 858
35619, 382
15644, 902
45437, 613
36472, 922
47434, 951
25590, 145
12322, 351
38417, 143
30663, 740
6807, 219
12161, 549
34777, 719
41174, 17
42408, 643
9877, 478
15373, 798
43698, 268
6383, 753
14497, 432
45536, 836
27184, 844
8740, 535
24122, 185
2622, 477
47239, 801
32375, 246
19694, 151
23181, 442
44037, 871
2473, 442
42197, 930
31672, 981
23581, 508
29271, 982
12908, 754
37252, 229
1096, 66
44659, 595
23234, 394
8459, 685
20523, 981
46346, 464
8573, 879
14970, 92
15349, 818
361, 232
24869, 628
42934, 333
42879, 541
16001, 293
33654, 866
40880, 29
31024, 153
21595, 851
49619, 437
47220, 382
47213, 451
8445, 499
15602, 904
1966, 210
26183, 822
33269, 314
17548, 234
17825, 454
32162, 51
46600, 658
47042, 54
4908, 587
48734, 699
12280, 760
36342, 827
20738, 452
44539, 777
13847, 147
27428, 648
12905, 885
34641, 523
20229, 888
11869, 978
5644, 606
7764, 60
12589, 240
34278, 224
26612, 131
34324, 600
26426, 377
4929, 374
39338, 38
33675, 273
31304, 956
28967, 522
33106, 153
15158, 132
34282, 36
40698, 905
25938, 849
27830, 548
20537, 392
23056, 989
14327, 232
41114, 56
13078, 138
12874, 808
38548, 741
4071, 159
6374, 827
9082, 161
46518, 48
1457, 194
20148, 398
12716, 78
26388, 352
7202, 276
26606, 373
48343, 825
11060, 787
37478, 754
29717, 584
28260, 656
17900, 334
48324, 318
25204, 65
17071, 844
40604, 0
13445, 537
3138, 473
46700, 151
32675, 329
12176, 624
18041, 17
21990, 40
39567, 689
34991, 807
998, 230
39341, 551
15096, 501
24592, 989
20959, 105
36094, 997
13905, 88
27185, 299
25551, 761
697, 656
29498, 226
18128, 729
17115, 46
21552, 524
23631, 872
33188, 323
45434, 942
28190, 847
33757, 283
16993, 993
19055, 644
45924, 662
2670, 237
42115, 761
46681, 751
20052, 627
4215, 982
33180, 735
27505, 203
16669, 177
45600, 976
8760, 22
36393, 477
12059, 446
24523, 75
1412, 423
43475, 956
20790, 215
13278, 737
36312, 495
19380, 441
12790, 225
16515, 746
23380, 995
19641, 981
4309, 664
7377, 74
39078, 6
1722, 863
6373, 894
40115, 554
29155, 205
28175, 290
16446, 42
15001, 904
40591, 664
15683, 942
16852, 35
35042, 814
11167, 576
46181, 665
31997, 113
33560, 662
30795, 705
31812, 527
39430, 467
18913, 195
45751, 186
32295, 659
11094, 364
41716, 544
26168, 640
22417, 850
28681, 214
3582, 612
40082, 946
47836, 945
3563, 67
12519, 847
16747, 905
18643, 761
18222, 799
47955, 206
9977, 963
9033, 233
25569, 537
32567, 266
20820, 303
30648, 324
39185, 995
40744, 426
19573, 466
10577, 486
47223, 45
6282, 77
49958, 581
18546, 235
41198, 703
42098, 249
44339, 33
8068, 601
44589, 734
38657, 821
38183, 726
38042, 133
17981, 897
39413, 386
14331, 551
10214, 72
20517, 835
24614, 396
12637, 783
1607, 198
37347, 2
30099, 692
12248, 567
6073, 15
47887, 443
9522, 676
8649, 403
28493, 116
26843, 232
39182, 135
13459, 226
28878, 855
28352, 652
3806, 574
35874, 987
44154, 930
26623, 887
30981, 544
26527, 550
180, 271
34143, 362
19262, 896
3183, 206
27648, 378
28991, 458
26441, 817
23962, 16
47456, 812
26711, 489
41741, 954
33155, 132
2533, 736
41139, 266
24587, 646
10908, 353
31393, 14
37559, 11
16883, 446
24343, 882
28094, 541
11361, 800
42515, 591
21881, 508
29482, 739
20246, 154
44151, 790
12712, 245
8689, 141
3616, 602
27342, 985
25320, 353
1663, 940
36804, 36
8896, 862
46987, 467
31200, 410
20928, 874
19203, 776
15512, 172
37269, 711
30272, 625
29309, 301
46484, 318
15684, 879
41977, 730
33562, 829
1147, 488
29804, 981
18775, 298
29200, 707
29809, 324
25448, 494
34105, 188
18318, 891
14503, 259
33626, 4
12361, 197
32135, 123
46175, 84
2412, 612
30401, 281
10049, 188
36555, 890
29557, 774
11656, 761
7897, 93
448, 558
27162, 730
25615, 560
29415, 57
34693, 351
11496, 893
25778, 524
79, 981
40519, 163
23134, 133
23702, 916
23355, 128
4073, 435
9679, 441
42175, 49
25018, 612
6397, 513
3949, 612
25427, 206
16346, 257
42509, 728
24691, 299
3424, 967
4310, 730
35330, 895
39356, 819
30809, 3
15106, 636
6881, 375
13082, 722
26253, 815
45925, 259
44708, 726
43266, 309
24910, 515
2884, 315
46686, 715
40284, 322
15791, 217
31315, 292
9611, 424
27482, 416
1329, 928
22926, 616
1858, 690
8420, 292
23473, 288
9414, 281
30488, 895
16809, 735
11931, 516
48895, 571
47740, 990
35706, 901
28543, 865
12368, 848
6108, 531
45057, 914
14066, 962
34513, 933
45142, 384
45425, 631
4887, 434
45630, 781
2401, 619
20182, 595
39207, 856
5154, 389
12443, 725
27945, 65
15350, 11
20760, 824
21914, 520
41079, 118
21089, 781
22735, 755
24619, 845
14102, 272
27103, 251
7767, 441
29452, 848
9743, 381
22444, 214
22761, 100
29626, 155
25449, 134
15764, 574
17252, 413
40086, 778
45586, 524
9311, 198
14501, 132
36971, 729
9606, 861
17775, 127
40833, 575
25351, 347
16159, 502
4334, 74
17570, 244
8489, 404
18651, 234
10398, 166
20009, 449
13657, 335
48101, 364
37666, 342
38602, 132
31033, 258
18460, 956
46013, 193
6444, 788
31252, 947
17423, 70
34225, 928
1940, 507
30302, 633
3230, 695
33567, 461
48858, 181
3728, 554
41007, 746
810, 871
19857, 888
19508, 580
14652, 408
37896, 889
957, 907
38195, 685
2321, 359
33405, 516
48136, 500
9735, 75
43007, 574
14004, 217
7458, 273
24934, 888
28337, 959
33044, 61
22132, 258
44914, 119
22340, 227
24625, 583
36735, 35
47696, 904
42473, 529
25064, 984
36321, 900
24561, 659
2454, 848
10867, 437
33369, 194
44449, 508
17637, 882
43338, 47
24397, 563
20987, 143
28679, 841
40580, 929
14011, 739
19445, 74
29894, 25
48727, 171
22151, 698
3224, 360
23221, 139
12194, 656
8307, 481
19785, 393
14525, 705
13892, 297
6570, 296
15863, 649
13536, 76
1154, 165
36945, 718
13757, 154
48429, 160
46672, 769
29646, 456
17396, 505
15606, 702
45702, 364
3730, 722
21081, 687
28794, 179
14030, 114
2825, 857
34339, 922
28929, 569
36221, 1000
16597, 851
28597, 417
47143, 508
12403, 613
3892, 974
48892, 179
5251, 825
39301, 246
19816, 488
19525, 526
30256, 819
32655, 525
6462, 535
30415, 897
37094, 66
41230, 906
12159, 598
42786, 67
22703, 369
11905, 310
8155, 67
38577, 4
37932, 673
44908, 119
45167, 588
29607, 600
13338, 620
41418, 840
2139, 650
43233, 246
43079, 839
23290, 542
7987, 517
26352, 281
44884, 550
21302, 797
23633, 179
39633, 280
28728, 363
11861, 974
47277, 996
48156, 834
35930, 520
37580, 805
24019, 656
20748, 211
20401, 129
37964, 515
3963, 726
27318, 882
37036, 502
1997, 488
46528, 485
1733, 555
25375, 545
16325, 589
30989, 373
37233, 156
19103, 392
3147, 370
30158, 481
7097, 219
16592, 209
12506, 272
39342, 828
46435, 637
33771, 366
39308, 319
41239, 762
28832, 711
15534, 62
28616, 834
12315, 730
17244, 590
32016, 968
13653, 841
7403, 788
18845, 712
37171, 243
5113, 187
10384, 438
2475, 91
38733, 377
19410, 826
47584, 646
32964, 588
2074, 680
16964, 612
49433, 948
29662, 933
37433, 362
20568, 703
11767, 484
1705, 769
2763, 606
13133, 391
16723, 368
7118, 180
35854, 113
22394, 836
2296, 89
703, 550
23250, 70
14763, 304
26515, 704
37507, 733
48685, 528
29183, 451
41146, 658
29568, 137
6612, 752
48306, 128
33433, 831
27395, 328
17488, 490
20629, 697
32247, 349
8530, 99
42596, 275
13745, 41
2093, 202
17302, 230
2631, 927
6242, 213
47227, 771
30629, 387
20554, 264
21896, 846
39056, 481
6739, 7
26046, 686
34482, 438
40019, 921
43596, 444
7272, 901
1543, 613
31675, 423
34584, 132
44425, 304
38682, 572
26641, 912
13633, 468
21064, 46
17574, 290
47256, 24
7139, 891
30527, 602
6085, 590
24875, 48
15667, 648
37432, 104
17513, 212
27715, 53
36029, 754
44278, 630
17843, 394
8066, 521
12255, 601
2504, 788
9257, 65
23802, 796
13473, 147
48292, 652
41188, 277
44252, 668
49571, 866
38290, 850
45390, 201
11183, 948
25048, 325
7315, 76
5280, 986
13849, 587
27212, 42
13559, 152
16462, 315
49521, 423
36207, 801
42190, 888
10894, 107
49681, 117
21091, 88
33171, 44
10180, 735
20877, 909
41698, 136
7549, 488
34822, 852
38634, 631
48463, 236
29514, 828
2842, 227
2889, 760
40763, 822
40031, 54
13788, 409
9565, 135
5314, 319
1294, 848
30665, 55
46964, 93
8767, 44
47745, 96
6627, 121
26180, 641
43746, 437
16507, 401
20396, 916
42907, 930
34893, 483
23535, 255
43090, 969
4579, 318
18065, 314
2864, 547
33234, 911
15171, 995
7015, 680
16474, 253
46352, 307
21243, 588
19706, 210
17367, 401
10388, 990
3317, 257
32340, 923
9182, 673
6255, 743
27037, 48
23019, 612
19178, 131
30057, 849
7187, 702
38939, 953
26189, 353
22181, 258
2896, 891
2784, 116
32709, 968
27981, 227
5031, 259
40574, 29
45394, 824
1470, 536
20666, 544
38009, 573
23136, 903
19784, 314
18269, 295
7466, 409
45873, 620
20147, 862
23907, 70
31839, 211
198, 101
35194, 289
37989, 779
32890, 6
1793, 225
6601, 566
5116, 257
48194, 112
34066, 781
11154, 531
21930, 900
6425, 114
25279, 775
19478, 789
43148, 74
21780, 521
15404, 862
39896, 663
3299, 358
27552, 991
14072, 915
7334, 22
22544, 868
40697, 884
4649, 977
27228, 270
39760, 817
18051, 487
6206, 755
46491, 466
16797, 407
4546, 489
46061, 358
35951, 751
6411, 49
43607, 353
14312, 376
13119, 487
5024, 1
39372, 486
44064, 977
46554, 534
6575, 309
971, 321
13873, 234
25743, 488
13893, 852
23978, 447
39493, 937
16549, 646
5419, 726
41796, 584
14188, 60
6578, 491
47138, 225
21844, 296
44319, 2
41008, 320
21523, 60
41082, 7
11190, 764
34795, 450
37898, 525
44150, 858
4776, 178
7620, 540
21300, 547
19462, 118
45976, 787
43224, 552
21113, 443
35699, 230
20103, 474
28564, 775
28901, 103
44039, 764
21146, 341
49302, 242
6701, 742
48419, 726
31383, 352
7180, 291
21336, 884
31609, 695
16313, 262
39499, 383
29455, 475
34406, 693
19063, 995
21892, 753
26682, 343
20299, 526
8473, 493
34505, 996
36019, 537
42411, 430
23064, 407
15551, 776
46123, 307
31735, 180
49221, 800
19850, 130
17395, 398
5907, 610
39082, 341
34782, 178
30640, 480
19015, 301
46056, 909
34226, 55
44051, 919
4338, 17
20074, 903
31956, 987
13834, 846
19700, 667
14674, 993
30674, 523
14689, 125
40842, 782
26943, 866
4277, 133
19650, 742
43300, 733
32210, 992
22049, 663
10621, 475
162, 354
39802, 994
43275, 854
49328, 649
6091, 821
37524, 226
3015, 968
5533, 543
1973, 981
13460, 276
45316, 155
33408, 394
201, 986
36262, 696
31429, 781
4058, 478
10137, 485
11355, 427
48531, 605
33725, 710
29221, 982
2429, 139
16135, 846
39991, 817
20994, 39
19155, 571
42995, 450
12963, 354
39591, 44
47711, 725
27663, 657
19552, 231
26008, 133
34973, 197
45327, 386
29604, 121
10516, 515
42489, 350
5532, 927
31937, 4
44387, 206
23773, 288
7041, 863
40377, 558
6067, 333
14946, 459
14650, 180
42113, 641
16699, 385
46339, 603
8698, 29
45016, 271
22382, 111
28920, 118
4721, 138
47200, 103
5925, 507
30827, 172
370, 764
18372, 303
15339, 545
23280, 950
34767, 237
44491, 355
34798, 512
35141, 644
36654, 735
7774, 829
10088, 406
34707, 397
20770, 720
6552, 242
6476, 771
4611, 961
14676, 674
741, 768
36329, 730
20648, 636
32151, 71
20040, 282
45552, 538
19270, 744
16508, 364
25287, 409
48778, 133
36676, 494
20170, 305
14612, 672
26122, 789
45421, 306
39404, 823
35294, 734
10225, 453
35817, 74
39107, 841
36690, 785
40033, 593
38846, 7
21970, 272
46097, 628
8692, 98
45788, 64
26245, 968
36756, 429
29214, 134
2565, 245
47503, 242
11102, 782
6865, 288
13297, 132
40977, 712
36837, 934
45008, 534
41713, 676
25728, 456
30780, 495
29561, 855
27683, 832
41529, 892
6538, 123
34375, 524
24072, 445
36967, 122
27096, 548
1910, 979
12013, 977
40246, 485
12117, 910
24350, 511
20744, 327
39803, 324
1371, 934
11710, 65
33089, 521
11682, 143
22003, 863
12147, 642
42749, 404
2774, 435
24677, 648
30950, 256
15018, 798
17885, 415
8055, 518
27887, 54
32490, 125
47860, 638
21481, 452
28385, 272
654, 639
2904, 293
26946, 717
28828, 442
42779, 905
39951, 434
34261, 201
30537, 468
12355, 270
1975, 571
33189, 184
10086, 701
42044, 220
8358, 757
15964, 652
32570, 776
41479, 878
5296, 37
49390, 969
17193, 618
49994, 538
38110, 870
32506, 966
12337, 873
31544, 481
48469, 401
25899, 613
47630, 552
18177, 596
16066, 518
47126, 433
21545, 260
12103, 895
17668, 22
6161, 308
38065, 46
45946, 837
44712, 485
22040, 910
16144, 995
43762, 246
49062, 348
31827, 44
17926, 161
47079, 140
38476, 127
8777, 712
33152, 93
34873, 717
25256, 146
17744, 90
22596, 3
11526, 852
1565, 174
45307, 827
24743, 985
30917, 712
14515, 477
5323, 450
21825, 304
41302, 227
37289, 923
45984, 144
30246, 415
12440, 520
3574, 706
29708, 467
26110, 663
25681, 233
29016, 10
49111, 642
39910, 236
20951, 935
40937, 976
15711, 256
4856, 188
32293, 116
1937, 531
12684, 593
535, 554
28242, 828
26259, 757
6348, 965
49022, 249
37573, 861
22900, 930
25852, 347
15371, 426
49222, 753
2926, 832
44843, 124
6238, 893
4247, 468
23561, 425
9842, 314
21527, 265
39116, 438
8512, 614
35369, 623
35802, 391
39417, 660
45612, 496
45748, 190
2348, 393
47554, 304
25656, 667
14410, 34
30112, 377
19979, 280
42053, 18
4104, 8
26696, 150
41671, 206
45803, 799
5242, 246
11007, 160
29837, 181
45244, 260
19667, 932
49116, 438
2472, 280
27993, 29
28958, 915
33933, 456
16660, 607
8524, 816
3628, 958
43942, 477
42514, 982
31738, 337
46064, 863
20320, 686
49057, 259
40390, 644
39722, 571
40850, 5
27145, 326
31057, 812
26808, 721
2358, 416
39066, 76
14753, 917
24186, 749
12305, 278
39055, 321
663, 585
27383, 451
9696, 783
45144, 7
42048, 976
26250, 6
39626, 451
10019, 501
35464, 753
27864, 489
42922, 908
4182, 33
28847, 163
37227, 320
11826, 440
7766, 222
17093, 378
2059, 662
49081, 508
38618, 540
4934, 904
34173, 89
21702, 870
36968, 120
23213, 384
3435, 785
20899, 234
33109, 315
9882, 504
22266, 571
46242, 530
29846, 845
36330, 539
29687, 280
29165, 256
32284, 902
3791, 429
17358, 20
43310, 37
41242, 35
10509, 533
30996, 172
8384, 250
41459, 451
729, 283
44095, 198
20701, 948
10477, 439
20753, 85
8976, 418
18071, 645
33018, 321
6143, 265
2285, 340
27499, 654
31921, 805
44034, 473
30838, 140
7074, 381
17360, 382
37615, 604
21870, 312
6774, 692
23227, 660
43103, 938
27695, 298
17394, 547
33511, 203
44135, 191
6134, 182
14872, 757
11798, 973
16559, 16
25613, 151
30929, 787
35268, 663
48924, 944
17125, 678
32864, 250
16543, 644
46405, 661
15998, 919
31331, 448
36030, 526
29459, 881
6587, 675
39363, 488
36794, 707
13553, 812
27637, 569
7721, 913
47782, 973
38149, 724
45338, 510
26143, 688
7148, 853
16318, 436
24909, 514
38553, 862
39088, 890
30898, 50
47754, 722
19117, 41
34583, 876
32324, 494
36145, 326
19926, 855
27941, 50
31419, 925
37757, 337
41243, 740
20709, 0
19589, 214
41670, 75
27681, 568
12889, 652
41946, 969
27238, 467
40802, 431
22750, 360
37162, 984
24597, 237
9028, 711
15947, 415
1011, 651
6895, 50
23816, 904
39265, 249
1899, 805
23967, 274
19662, 766
5546, 244
3613, 600
31728, 688
32426, 315
41979, 250
26224, 105
11558, 928
49943, 882
43953, 95
884, 753
12858, 306
7004, 266
3606, 199
44248, 441
19634, 722
4442, 690
44436, 36
37510, 439
35058, 115
9250, 945
1589, 771
42230, 686
36354, 764
48232, 958
38724, 84
24401, 919
35114, 44
228, 389
26038, 614
30611, 664
13033, 634
43255, 121
12974, 655
45291, 124
7979, 92
13846, 136
35440, 70
16986, 108
46436, 373
49279, 805
1611, 328
4157, 705
49246, 210
33182, 609
40716, 347
40478, 150
15999, 347
7198, 325
34808, 854
8583, 477
26878, 569
47835, 952
7795, 884
40081, 468
23248, 364
44534, 133
13375, 456
44336, 13
41850, 157
225, 391
17062, 657
44871, 277
35244, 515
42964, 561
34444, 822
20387, 652
37803, 764
20724, 996
11107, 785
48890, 872
29359, 734
24259, 648
37816, 174
16488, 536
11439, 696
31127, 953
44465, 284
5034, 533
40570, 566
46101, 21
16097, 855
15446, 223
7391, 743
12308, 39
272, 119
31536, 52
13110, 909
44972, 548
44161, 583
23870, 963
24043, 549
21731, 824
23999, 822
42325, 25
14752, 225
40040, 74
28783, 811
49692, 490
16817, 289
46545, 580
27304, 784
28126, 410
41093, 944
37991, 474
29871, 841
4761, 752
29227, 493
7156, 940
11525, 58
5874, 158
1403, 912
12554, 416
35255, 630
40588, 356
6784, 632
28480, 728
49027, 366
14349, 953
38142, 451
39755, 543
4885, 887
21889, 13
44483, 666
33203, 530
13058, 24
10435, 138
33232, 995
31996, 157
1991, 263
47497, 899
14521, 752
18170, 506
23509, 928
1536, 61
31726, 119
36846, 171
37993, 903
10390, 73
9483, 765
31962, 145
15700, 924
1815, 917
45335, 45
460, 920
7394, 871
8502, 510
27208, 992
34337, 468
13118, 193
30045, 855
15397, 909
1584, 760
30442, 831
16202, 893
22631, 241
36257, 285
30457, 859
43433, 225
4531, 710
9023, 396
47273, 130
13100, 413
38949, 311
34745, 793
3313, 283
117, 69
8961, 771
28450, 664
9362, 510
13146, 767
10369, 22
18744, 280
42979, 78
12740, 136
25078, 548
13046, 504
37264, 846
10289, 65
308, 805
24408, 641
19199, 904
18637, 563
15913, 852
49178, 404
17387, 987
39018, 76
2930, 503
28104, 796
36081, 654
4230, 745
23140, 379
27204, 413
49787, 732
42546, 525
43878, 362
26276, 185
49544, 127
42575, 263
21130, 532
41167, 437
47061, 652
39470, 782
25617, 4
49698, 781
2827, 720
49453, 201
23264, 123
37238, 438
24036, 133
18659, 680
13496, 400
38441, 294
28092, 536
39282, 463
47854, 773
47245, 508
1615, 761
28973, 51
32933, 233
30358, 700
7944, 947
38379, 803
46739, 936
8240, 127
27983, 226
18217, 734
13179, 846
13465, 564
42468, 470
31590, 118
41892, 957
14903, 11
30675, 627
40301, 349
6610, 3
46264, 485
1317, 988
8352, 878
30658, 666
17958, 823
20535, 208
22626, 964
43508, 336
405, 938
1274, 280
34280, 58
37429, 288
18182, 609
35893, 138
9022, 525
1999, 968
7935, 565
47783, 480
11680, 351
9501, 171
23557, 287
36988, 818
21100, 554
41753, 202
41153, 270
3895, 1000
15746, 224
13139, 255
45574, 0
39129, 632
39602, 178
25859, 69
7872, 693
40204, 965
40178, 572
38700, 926
29080, 791
3454, 60
41364, 273
36482, 931
38916, 215
13290, 324
14137, 25
14614, 407
21579, 603
19656, 205
49636, 477
41219, 270
1215, 362
22234, 940
19624, 460
33146, 328
5481, 675
8691, 608
24016, 717
12121, 155
37358, 784
7735, 876
49035, 756
49655, 763
15416, 52
36223, 644
15540, 728
38672, 274
45461, 103
22159, 732
5053, 544
24524, 576
10386, 772
35908, 316
42689, 981
29009, 317
29291, 233
40919, 328
35561, 96
3039, 57
544, 889
15790, 622
38651, 314
19031, 724
48056, 50
38335, 11
37957, 578
20139, 242
31808, 902
4828, 215
13380, 700
4010, 718
8171, 836
44849, 730
40123, 531
31278, 471
49654, 848
14275, 480
6934, 941
12788, 715
12584, 349
31339, 786
16545, 638
25532, 414
32891, 27
18125, 173
47890, 671
1155, 388
30034, 28
3647, 895
36289, 647
34796, 822
16235, 223
38362, 891
5458, 778
49910, 200
23080, 197
2515, 324
26741, 739
46434, 204
43478, 81
36127, 153
1657, 466
48861, 398
524, 505
24047, 400
1744, 751
37193, 290
31883, 160
48281, 323
5212, 503
44598, 774
20927, 255
33444, 623
3276, 135
26660, 424
30103, 851
41725, 405
27298, 208
18965, 792
14874, 40
20982, 568
44528, 434
8170, 409
32547, 870
41674, 85
48558, 503
41222, 331
27521, 625
24024, 449
30221, 414
47522, 361
16923, 216
38244, 984
12624, 987
30010, 517
4628, 855
15957, 932
27856, 197
8436, 258
34443, 64
46286, 934
30007, 853
40860, 594
32855, 317
14379, 683
938, 112
21490, 449
35184, 99
30820, 889
49119, 147
38713, 204
8, 432
35270, 158
825, 535
33078, 186
45361, 916
40981, 385
25761, 461
34438, 770
10559, 764
4450, 691
8128, 604
32100, 518
29780, 19
8798, 106
37156, 453
30013, 364
14045, 619
26164, 576
6746, 35
11042, 802
18843, 136
35278, 381
17045, 906
19537, 339
37211, 960
46178, 874
21689, 79
18671, 254
45631, 193
19943, 811
40141, 846
17550, 850
15359, 240
20175, 624
147, 936
6597, 906
16232, 282
34771, 278
3537, 45
17671, 191
37046, 768
2627, 300
21072, 482
37521, 398
7120, 89
33623, 553
30479, 598
17022, 309
37891, 195
35145, 56
7867, 544
12245, 5
45473, 841
20840, 837
36534, 327
48830, 198
28119, 801
36835, 314
14553, 341
3556, 994
43248, 587
9567, 727
40059, 614
36243, 448
20472, 489
39691, 925
48464, 1
39522, 245
6896, 389
36574, 887
43826, 665
12384, 826
5508, 723
24204, 525
29860, 334
40407, 588
30368, 530
33103, 874
36783, 577
2446, 215
740, 914
49514, 38
3540, 645
43358, 134
4076, 883
17104, 579
29224, 267
19717, 912
33514, 865
18645, 61
16649, 640
368, 213
27475, 563
45860, 767
3654, 247
7296, 5
1381, 79
14823, 224
5221, 154
47279, 269
29884, 754
37799, 112
19439, 736
11084, 129
44316, 853
44729, 765
19919, 298
7063, 857
7855, 9
35172, 249
13817, 86
13105, 703
19068, 300
5075, 189
9511, 584
26951, 54
24476, 529
37360, 193
16041, 149
47187, 447
16801, 634
24349, 913
34078, 37
37841, 644
31910, 439
32988, 370
36376, 817
24640, 552
49315, 632
30069, 632
1207, 989
44832, 434
21055, 925
8259, 491
32631, 896
14564, 849
45753, 369
9710, 681
10895, 629
38823, 366
47778, 22
39174, 170
48992, 308
2944, 210
27654, 546
28361, 586
45689, 247
34141, 550
38787, 140
42511, 369
21251, 85
35240, 326
34867, 991
39561, 868
16814, 979
48205, 876
17847, 94
18108, 610
9228, 611
39807, 142
13567, 438
42725, 993
35734, 951
12753, 323
29899, 279
37279, 604
45933, 792
28786, 280
31422, 357
21109, 616
30946, 957
20075, 137
3391, 834
10658, 764
35014, 638
893, 406
40705, 774
47435, 310
36217, 904
17410, 324
9247, 848
2790, 373
33534, 466
32367, 830
42426, 16
802, 137
23418, 283
40199, 156
21540, 973
9895, 340
6960, 665
43710, 586
22067, 188
34876, 90
46036, 336
13018, 233
43652, 966
5089, 398
2147, 27
5687, 216
4382, 627
7277, 646
24821, 294
38598, 908
1375, 537
4867, 404
34357, 751
36696, 510
36754, 303
42819, 117
34549, 406
37806, 679
39575, 343
36943, 43
16433, 428
1131, 790
9177, 722
563, 136
248, 625
28105, 122
6490, 552
33564, 310
1851, 28
14465, 246
40572, 299
35742, 921
15861, 85
49295, 56
13802, 222
41564, 398
45764, 8
10139, 471
16645, 391
32902, 790
18357, 239
29793, 745
14824, 523
4843, 895
44236, 803
26945, 764
33258, 854
19441, 238
19649, 988
32718, 99
32329, 884
18922, 588
41980, 591
1293, 1
3348, 49
18893, 487
33055, 55
15250, 597
13573, 137
49923, 52
3662, 436
24133, 982
43029, 590
13555, 476
33052, 988
17948, 77
31621, 58
13307, 703
44324, 832
23612, 145
25552, 57
8415, 273
18545, 769
30722, 901
23848, 482
31931, 83
40311, 170
44098, 905
3784, 341
29445, 636
21202, 524
49494, 726
15109, 760
17680, 524
43961, 55
14582, 609
27219, 342
24531, 548
41667, 477
32208, 262
7150, 69
15857, 468
30515, 431
6929, 936
12709, 72
25581, 898
13830, 214
14780, 764
46177, 577
22780, 512
39093, 340
1263, 99
27978, 698
20293, 58
31432, 239
6249, 548
25378, 933
46152, 864
33801, 503
16763, 485
12685, 349
42348, 955
1220, 214
48062, 825
4122, 91
24712, 473
24004, 672
32918, 984
4099, 404
31237, 355
41566, 435
41017, 458
3673, 249
4057, 30
17170, 774
28267, 542
23040, 901
43414, 595
49372, 784
12543, 711
38936, 648
11616, 339
17818, 654
28739, 748
15521, 319
2644, 785
942, 121
2651, 193
8752, 163
4177, 556
30643, 407
30750, 553
11050, 184
48886, 572
12692, 637
13017, 584
27595, 30
40157, 366
31428, 37
43611, 519
34163, 972
18419, 681
42599, 328
30992, 443
32094, 145
31890, 52
33187, 441
5241, 727
1674, 477
15191, 652
24708, 832
13722, 432
8935, 971
33831, 328
14122, 110
10031, 994
30138, 121
22299, 92
48304, 473
27677, 52
30805, 289
34124, 732
4533, 26
14611, 177
12704, 762
14575, 809
42573, 276
20290, 316
31595, 559
35782, 503
47441, 229
4633, 898
46063, 179
19900, 504
15400, 401
2114, 601
22008, 257
33017, 954
10607, 425
7489, 703
41596, 817
22345, 890
5446, 402
29088, 304
42810, 279
13066, 403
34656, 794
48040, 769
21862, 972
2804, 299
24985, 260
35577, 473
12136, 991
18518, 331
23965, 725
25784, 717
49536, 252
7945, 192
8791, 940
9284, 989
12096, 691
17558, 494
29237, 603
19305, 827
41406, 627
1258, 746
35634, 811
9222, 707
22453, 915
1226, 931
45355, 726
24411, 237
45744, 657
2455, 71
30798, 595
35747, 888
29443, 134
34259, 124
29073, 7
15139, 288
14382, 669
28982, 194
200, 299
4708, 924
38552, 714
8566, 664
20213, 85
26520, 552
39468, 431
45972, 987
13273, 816
48332, 225
29409, 740
11314, 50
33440, 204
37224, 767
22448, 578
3459, 63
11198, 297
37492, 723
3928, 479
15576, 78
32179, 564
20876, 59
42853, 138
4824, 167
47232, 683
18997, 868
46621, 396
39017, 94
21782, 596
49723, 792
30802, 942
26013, 38
10683, 521
48442, 795
13533, 2
39442, 817
42215, 966
49616, 85
33043, 68
11459, 132
45906, 469
44895, 305
10812, 377
45387, 196
31813, 617
48538, 736
34831, 226
31535, 57
41056, 719
33240, 732
22296, 141
15531, 805
17540, 907
24075, 453
4456, 596
10981, 884
9956, 261
4933, 851
5972, 960
29193, 550
47206, 356
49052, 543
39585, 186
24834, 771
36157, 971
30245, 869
27122, 167
21570, 248
34260, 705
7946, 215
10699, 65
3753, 837
18881, 52
47249, 631
26435, 250
27671, 589
20609, 381
38729, 243
45958, 433
42482, 797
15850, 574
43365, 213
26611, 127
41795, 88
24977, 203
16436, 253
27051, 561
34818, 604
7778, 569
36332, 306
516, 280
32914, 508
7529, 833
35923, 828
49690, 257
6033, 593
1268, 75
39123, 111
7054, 610
17765, 992
19703, 392
20698, 655
3288, 789
9398, 454
20679, 627
10458, 265
2881, 362
44855, 928
22098, 781
40007, 822
48729, 255
4393, 560
8864, 951
20676, 297
42549, 959
28963, 13
48884, 179
34516, 523
48790, 702
29665, 713
18215, 960
12960, 884
48588, 912
1377, 619
15593, 581
24585, 689
24876, 414
5774, 387
41307, 374
18795, 820
49300, 770
39120, 916
38974, 68
24229, 613
26068, 268
1459, 75
11884, 839
25642, 451
29584, 280
6070, 755
37609, 644
16311, 820
15900, 947
20258, 833
6959, 577
14420, 506
7924, 254
241, 503
44571, 250
25171, 879
7802, 148
39657, 272
150, 902
30016, 629
4045, 641
31796, 578
37372, 376
27636, 724
4507, 110
8858, 978
36498, 994
11443, 477
47265, 118
19060, 733
48581, 846
16989, 584
17144, 466
26773, 528
43105, 979
32098, 766
34212, 77
33276, 448
43593, 220
9232, 551
16029, 631
38298, 835
32606, 33
21327, 548
28988, 132
5670, 54
12504, 107
19193, 697
32255, 695
3824, 817
39677, 714
6549, 974
7278, 618
25722, 714
19331, 4
1539, 21
38422, 464
32897, 923
7048, 233
22754, 750
30522, 218
3192, 727
22574, 994
42177, 352
35524, 11
47757, 52
963, 657
16194, 234
11570, 918
9117, 758
34877, 304
38798, 147
20887, 688
18534, 198
44592, 282
935, 992
25395, 809
40399, 5
4392, 189
42203, 107
23496, 597
48785, 84
17543, 358
29538, 6
4707, 23
24768, 665
38107, 735
37805, 961
32889, 793
19109, 517
47705, 713
40155, 373
11751, 935
33392, 550
1933, 325
46122, 929
27759, 993
32998, 888
18469, 926
44650, 274
41643, 264
48972, 476
216, 639
36119, 498
46222, 105
11214, 825
36976, 132
15300, 59
23906, 795
6340, 265
47838, 682
42506, 328
12457, 984
24462, 554
31861, 649
34937, 208
34720, 73
36178, 379
3399, 583
27017, 205
23361, 78
48568, 206
27644, 433
29652, 795
26084, 900
21809, 903
9599, 136
32380, 143
22778, 635
13472, 218
7247, 624
865, 427
37872, 880
21140, 235
278, 512
38884, 249
35478, 123
11343, 24
48584, 773
33728, 366
10353, 372
24065, 850
8713, 459
21408, 270
6077, 707
36972, 112
43738, 779
10602, 449
34171, 342
39464, 704
9646, 46
14682, 916
21032, 232
10797, 699
28508, 775
41070, 590
25893, 837
11659, 321
21762, 202
37792, 319
32130, 891
48116, 697
46778, 767
36842, 156
47113, 826
31654, 771
14013, 899
24008, 602
9098, 329
2484, 109
19980, 509
5145, 713
31141, 446
25086, 349
35553, 200
31439, 668
39767, 286
1018, 917
14788, 55
12609, 518
45524, 907
13345, 999
36083, 373
22074, 538
12742, 100
282, 381
32742, 966
46567, 724
14150, 772
14699, 977
9672, 47
14091, 330
11925, 111
16988, 922
26932, 221
17932, 314
32508, 992
47095, 660
3544, 50
48873, 248
49262, 824
17276, 71
35419, 25
47689, 758
31212, 895
14716, 455
36868, 805
10773, 273
13919, 173
6368, 532
18386, 371
8492, 597
39029, 673
2028, 525
15317, 819
44345, 541
11692, 722
13251, 375
37951, 615
36388, 80
44297, 762
37940, 555
40386, 946
13402, 811
3576, 846
3560, 224
10040, 437
15810, 410
3165, 563
31341, 787
46104, 966
25317, 700
24687, 320
44445, 636
38821, 326
20382, 817
31786, 219
44941, 437
18901, 653
29765, 599
2268, 484
46785, 529
42683, 795
4397, 256
6219, 111
43165, 586
2933, 330
14739, 682
5365, 539
21344, 748
39943, 714
28911, 672
22316, 694
2184, 641
42851, 914
28790, 151
7102, 44
49350, 614
9792, 37
39097, 78
30105, 499
40840, 405
5352, 598
19308, 430
45168, 254
34941, 471
36550, 857
18321, 862
37343, 692
29796, 871
22245, 137
43217, 446
24987, 60
42713, 417
11641, 447
24601, 724
49006, 195
29305, 592
29343, 660
6318, 478
38152, 188
27141, 34
48573, 570
26411, 163
41502, 486
49280, 128
43979, 454
45015, 32
16439, 853
25942, 368
37001, 969
14661, 402
43780, 849
6949, 814
15714, 439
48389, 732
49170, 465
10466, 717
22859, 379
18574, 518
45963, 145
42894, 969
46100, 869
36294, 638
38396, 353
23890, 649
28843, 626
23656, 881
32743, 786
3964, 524
15366, 512
25476, 200
23103, 974
25228, 980
21085, 404
24167, 878
17962, 890
23714, 486
24583, 552
49759, 421
23814, 877
35321, 910
44244, 820
16133, 798
20865, 696
42176, 946
45089, 937
40772, 920
31856, 986
39733, 985
24275, 509
48444, 805
4193, 713
41504, 249
15152, 468
17953, 490
2966, 801
39021, 677
4183, 213
45514, 0
5271, 720
29326, 736
34332, 341
33721, 678
7550, 924
2777, 531
41157, 548
13540, 526
9774, 684
47556, 286
26184, 936
4958, 41
25604, 860
6422, 663
44921, 30
41688, 865
21935, 218
49982, 776
7680, 549
42168, 801
42161, 516
39429, 829
20857, 34
13382, 126
23100, 91
20425, 810
28980, 41
2497, 873
34125, 509
1055, 634
20233, 206
31453, 747
19764, 190
46972, 358
32913, 610
13081, 758
38691, 676
20212, 111
16983, 186
30181, 742
39618, 216
33102, 942
24258, 616
31239, 377
1316, 742
22657, 995
48128, 684
24306, 124
3278, 832
22048, 651
41434, 216
6913, 737
21267, 217
47549, 7
10005, 64
18860, 548
18037, 10
1538, 112
16000, 441
31928, 942
42701, 721
11909, 386
39189, 245
33069, 172
47170, 160
47501, 156
37272, 737
40306, 783
43920, 856
10782, 349
33244, 882
34643, 17
26317, 395
26408, 171
31318, 287
4152, 465
45627, 127
2544, 7
12998, 922
29524, 693
37109, 311
2993, 227
48851, 629
9778, 581
5023, 653
18248, 754
45752, 352
2119, 788
9245, 558
24842, 931
5872, 1
44392, 83
46442, 935
26604, 743
2216, 293
45320, 781
26919, 687
14606, 470
3905, 946
49213, 649
36640, 226
13669, 816
45378, 49
4898, 503
21768, 899
22855, 802
1488, 660
1686, 99
29909, 83
34333, 217
34058, 585
13412, 873
43976, 728
49355, 262
15995, 220
36610, 270
42744, 50
11815, 35
18865, 235
21637, 954
48270, 61
4284, 141
24152, 334
36810, 236
36253, 254
18240, 721
23017, 486
34305, 409
30670, 594
27862, 213
43870, 618
21933, 9
1677, 277
29042, 80
34543, 481
26369, 797
48827, 28
34848, 763
7933, 717
32754, 96
45910, 812
43442, 670
21161, 309
46, 90
35992, 926
48480, 90
12065, 174
27600, 174
45821, 364
32160, 234
30340, 963
5188, 546
24560, 943
31164, 932
27841, 738
10978, 625
28772, 776
5677, 335
4599, 280
14914, 339
8380, 270
40395, 875
26566, 209
29564, 540
5484, 633
2589, 128
4939, 350
19765, 828
18447, 59
3617, 291
11643, 132
47929, 562
10693, 240
19750, 559
47387, 903
28926, 961
8432, 840
21013, 886
12388, 892
3788, 276
41544, 421
17279, 465
31887, 367
29311, 985
42918, 920
29067, 857
18226, 791
22942, 969
8442, 729
2738, 752
10350, 777
45914, 720
48966, 668
34216, 576
35208, 595
30510, 470
27998, 379
25267, 210
28593, 680
21473, 447
29522, 625
28252, 467
47032, 591
13318, 358
11419, 699
28133, 816
3345, 493
21016, 954
37311, 437
35825, 924
3261, 519
7470, 522
5210, 36
32227, 318
12979, 927
30170, 78
13458, 11
48241, 782
2036, 550
16385, 10
30952, 278
25054, 401
15274, 927
42033, 615
23200, 568
13761, 219
12826, 459
28011, 992
11755, 740
7112, 987
26346, 608
16104, 424
48618, 393
31615, 206
26676, 56
34754, 372
49454, 714
28485, 840
36266, 856
910, 465
49444, 517
5736, 525
32607, 483
39187, 674
38216, 163
42303, 58
18864, 439
41256, 764
48911, 534
49002, 411
25662, 823
17169, 45
35343, 47
2851, 392
44682, 59
566, 10
2118, 990
10403, 340
11133, 438
13147, 380
41659, 191
26747, 593
46208, 651
15306, 921
36246, 594
38748, 264
41211, 177
16978, 513
21510, 211
25362, 976
22027, 877
24001, 14
208, 645
21907, 382
29751, 895
24236, 459
27285, 216
39117, 216
47709, 611
4187, 899
42840, 632
31055, 818
12312, 162
15025, 861
1200, 324
7984, 567
10326, 357
20394, 225
35544, 310
45409, 519
23351, 916
26233, 668
5864, 554
20070, 899
34062, 178
1484, 223
14669, 21
38562, 238
32618, 882
327, 977
27876, 579
2373, 775
5767, 560
24828, 40
12164, 216
7614, 23
22529, 409
45809, 689
33413, 745
17547, 208
17128, 266
27232, 992
22209, 484
28142, 856
46517, 339
16451, 533
32118, 802
6479, 714
43745, 645
38307, 291
34266, 943
46150, 971
23690, 21
7484, 382
13310, 639
17361, 716
28862, 200
46727, 538
3282, 504
47393, 297
30523, 314
43023, 718
28017, 607
36668, 522
19151, 23
36075, 639
15771, 924
43962, 288
45478, 899
21192, 928
26100, 760
48989, 979
10677, 75
45153, 682
27322, 834
7168, 274
19388, 402
42157, 426
12148, 161
49466, 88
47576, 598
28960, 100
11270, 861
41552, 687
42686, 370
5638, 602
37071, 657
2803, 62
3762, 315
20680, 197
7760, 169
12943, 715
9896, 897
20547, 982
46031, 544
20606, 713
19688, 235
13534, 766
21860, 23
20065, 119
47669, 983
10103, 504
45250, 468
6471, 414
9526, 827
17376, 527
12256, 456
7248, 342
29993, 618
26627, 131
27485, 690
27202, 893
21551, 270
4226, 467
24546, 604
41372, 31
37974, 588
35770, 693
27693, 280
32123, 166
10760, 765
1596, 720
17234, 236
23985, 74
16246, 3
20802, 501
6588, 306
38640, 517
20996, 336
41658, 561
13864, 72
17254, 299
21489, 762
35672, 765
32034, 214
21247, 344
37948, 951
22702, 210
34379, 220
4204, 487
1969, 733
46809, 323
17952, 403
25211, 326
39453, 39
31013, 594
47515, 743
24853, 207
28018, 780
36459, 987
32205, 318
23413, 253
12263, 640
38275, 749
31860, 695
29808, 63
15287, 285
4007, 97
11315, 742
21168, 105
23297, 260
3423, 291
11097, 658
9450, 184
35522, 87
35702, 346
8407, 802
19527, 805
31610, 466
42828, 599
3431, 30
35875, 656
31204, 36
18407, 641
14472, 246
19993, 1
12191, 718
45154, 76
25162, 150
33484, 254
33527, 539
21390, 159
29748, 777
25420, 698
9851, 414
24417, 317
23384, 96
42429, 208
30493, 612
21788, 286
14546, 98
31367, 594
10660, 115
48014, 409
1922, 465
32059, 235
44331, 819
10279, 909
29779, 967
48747, 97
10907, 32
1468, 422
11535, 87
14906, 690
42496, 244
44410, 805
37504, 564
6465, 270
8065, 441
15851, 899
4626, 790
19925, 257
23357, 467
7511, 118
39593, 120
18319, 140
16494, 407
10971, 380
3722, 822
31258, 610
48307, 600
43925, 667
389, 350
4444, 567
11138, 857
8988, 698
6005, 207
10340, 958
14857, 771
25212, 870
48520, 845
9294, 672
29615, 898
15154, 65
43564, 156
41917, 214
46514, 874
1761, 763
40424, 430
46870, 953
17078, 724
36392, 231
24435, 395
23510, 938
24317, 118
2694, 792
48417, 688
24144, 900
25382, 586
17968, 752
7768, 20
40327, 208
26929, 878
31577, 333
42512, 873
20361, 287
42602, 291
7904, 919
18961, 637
46729, 755
19496, 299
39985, 198
6241, 769
30393, 449
46527, 953
8335, 569
49168, 37
6946, 220
39684, 134
13045, 753
4015, 523
36129, 547
16274, 195
28424, 370
47990, 527
28859, 588
46246, 856
31493, 397
6661, 806
31474, 27
27917, 237
47840, 963
8999, 407
33315, 784
23492, 26
14427, 666
9692, 238
11238, 283
2736, 608
12334, 166
11246, 861
19526, 546
12169, 447
11468, 93
32344, 267
15403, 616
44140, 203
14140, 892
3512, 886
22546, 539
35122, 774
37788, 33
3740, 42
41237, 553
10778, 599
32376, 0
11521, 516
41060, 76
27616, 464
1926, 173
5078, 939
15481, 256
35953, 821
30964, 609
45954, 257
6299, 953
36430, 904
39668, 803
41259, 684
23693, 496
47124, 636
31618, 454
45073, 756
26367, 414
48809, 802
36383, 838
17935, 271
38585, 242
47818, 770
41922, 856
1976, 100
16317, 310
419, 495
27919, 153
29911, 793
48888, 412
23265, 795
38456, 199
12166, 51
13699, 109
30600, 270
11584, 384
16908, 747
33037, 318
3731, 119
8652, 265
24802, 411
49195, 173
32043, 852
29931, 435
36767, 379
3081, 603
18897, 528
23936, 717
42063, 234
29838, 955
9653, 164
9411, 673
35789, 170
49628, 665
1046, 625
45367, 937
32263, 433
9026, 45
41045, 11
38016, 417
1223, 779
22044, 508
5669, 286
46970, 495
34236, 325
15489, 971
45084, 83
46575, 50
21997, 558
3719, 624
13986, 557
29791, 839
68, 8
33637, 950
11928, 692
44639, 485
42385, 423
7267, 488
24843, 345
21528, 14
42498, 564
5239, 135
44724, 557
49983, 399
30420, 492
17559, 159
8346, 117
49065, 532
29357, 409
15618, 563
3572, 522
8205, 891
42071, 460
18151, 225
15255, 162
26384, 743
19247, 358
8230, 309
1169, 665
20817, 745
48166, 158
5172, 317
37978, 940
10550, 157
37886, 957
45254, 945
45199, 996
22970, 687
24028, 111
18781, 243
43938, 469
28124, 61
47641, 783
31758, 760
10328, 807
12693, 835
2931, 490
30223, 212
7289, 979
29903, 164
595, 114
3600, 521
48269, 233
45455, 452
33804, 968
47243, 362
14431, 627
21154, 253
34652, 735
24621, 85
35822, 585
11425, 535
17047, 1
35837, 223
18335, 128
19435, 233
29694, 786
21831, 76
24788, 344
5290, 274
19378, 877
38443, 429
24994, 190
17603, 965
5772, 493
28735, 474
18030, 163
27008, 87
19301, 82
48789, 513
38262, 789
43830, 275
7075, 200
14092, 683
2716, 308
49015, 213
29518, 566
44097, 980
16872, 528
8695, 193
29448, 74
1706, 364
49674, 98
36328, 39
26617, 679
24197, 429
19510, 423
41786, 675
49296, 267
10803, 423
30960, 540
295, 28
8206, 142
47194, 551
26771, 649
26793, 484
43862, 594
30837, 231
31218, 421
32542, 495
33723, 590
4583, 756
48871, 243
5704, 698
16996, 879
48687, 118
11399, 450
7013, 101
8515, 511
5137, 554
22634, 563
38901, 917
43558, 823
47721, 517
38926, 740
33223, 107
18110, 34
19222, 173
25308, 444
949, 8
40691, 528
41894, 578
5403, 864
46690, 962
11762, 467
48900, 586
10216, 367
10897, 302
11654, 549
17171, 353
25036, 588
2623, 476
15129, 795
2101, 780
36187, 416
16185, 392
48264, 400
2231, 269
13994, 315
29234, 6
14398, 726
26473, 298
17518, 546
19026, 904
14846, 196
23803, 287
22919, 524
5746, 668
16775, 786
20426, 958
16879, 455
7527, 421
35934, 200
14243, 300
46188, 140
4197, 904
28038, 341
44200, 715
8433, 184
36086, 431
28577, 121
27167, 474
10438, 687
47625, 677
24482, 143
47688, 690
27988, 498
49364, 237
16766, 308
18570, 886
32169, 571
12430, 903
14482, 268
34037, 629
46417, 670
260, 24
15973, 502
26740, 462
40343, 687
27188, 881
43371, 847
25978, 962
48177, 837
536, 485
4837, 10
37812, 597
10508, 618
27626, 442
45061, 452
13974, 859
28930, 380
35216, 864
25835, 635
38996, 329
49944, 693
17957, 769
34323, 14
36095, 6
3659, 794
49193, 767
4062, 715
44879, 558
7789, 370
43779, 255
32569, 923
38328, 438
48125, 242
20611, 804
16196, 84
9207, 198
27092, 737
16599, 192
4946, 324
10987, 571
18300, 554
47305, 165
36609, 982
43957, 639
20146, 350
32958, 186
2583, 416
45859, 612
11557, 557
13818, 452
28910, 717
34362, 965
22603, 858
13851, 238
14695, 984
8303, 513
46847, 723
37200, 907
37034, 822
44106, 713
21190, 609
12864, 555
5911, 140
40202, 292
42801, 155
10642, 953
23340, 585
11151, 489
32748, 668
4035, 71
5764, 732
10889, 911
7220, 216
24822, 348
41181, 907
3483, 377
694, 344
35721, 506
31557, 252
26058, 44
37562, 694
28845, 441
32191, 287
29705, 59
19720, 180
33966, 803
37970, 289
23377, 671
44960, 820
9989, 707
18317, 71
5202, 885
15260, 934
8993, 579
22633, 302
2923, 759
42340, 478
23856, 512
7850, 736
36581, 641
25803, 956
4982, 276
10267, 37
14281, 44
19638, 813
18506, 44
3551, 201
21291, 131
29299, 353
9584, 321
23937, 706
30957, 430
39210, 620
3717, 465
36645, 570
11556, 338
37685, 877
2995, 731
27809, 577
36579, 884
15678, 998
7368, 669
6142, 265
9173, 649
43460, 472
9015, 862
40511, 721
5678, 85
30439, 596
43096, 975
27241, 513
49575, 325
26673, 558
42968, 56
38327, 616
4454, 774
4508, 652
27093, 920
11799, 257
521, 796
26631, 144
16379, 312
41475, 657
670, 514
28195, 75
37675, 607
28390, 879
27435, 364
48418, 912
14563, 784
42026, 476
15845, 556
18777, 287
29120, 625
31941, 972
13833, 218
48655, 834
42603, 492
38344, 376
1134, 253
36623, 277
39046, 221
22777, 513
16966, 262
10966, 974
7300, 216
2683, 34
48979, 312
11843, 483
49867, 296
5914, 86
18652, 839
184, 702
43868, 916
37323, 182
38840, 516
29695, 856
4712, 283
25060, 298
25769, 805
47753, 261
23171, 11
13865, 758
19507, 299
10556, 301
20912, 120
43183, 323
33472, 847
9118, 908
12842, 521
48670, 176
32502, 186
10401, 934
5509, 261
23276, 835
24754, 538
1924, 392
41549, 316
44475, 794
28010, 140
4151, 846
24239, 150
11142, 472
4677, 97
22982, 757
3229, 122
3256, 555
31121, 65
24589, 194
45276, 623
27118, 209
5788, 902
29533, 119
19735, 17
37310, 121
38986, 402
9302, 829
43051, 299
31019, 281
7238, 160
39581, 532
18970, 348
17879, 495
37693, 545
31009, 32
1693, 22
39306, 409
7657, 813
23926, 11
19530, 942
35179, 322
15681, 678
39818, 188
49240, 321
4718, 22
48004, 720
36352, 317
7359, 681
40126, 450
8180, 323
2751, 380
16846, 88
2137, 89
11430, 1
46239, 691
34671, 633
8270, 463
20174, 891
25673, 979
30884, 753
47151, 577
7445, 357
5058, 825
12843, 600
20222, 837
29267, 667
46695, 479
1996, 823
38861, 728
28603, 589
41533, 515
32009, 964
49023, 454
7299, 24
35955, 339
31692, 96
3195, 855
27620, 690
47395, 78
19484, 361
30509, 1
42682, 598
35126, 349
8148, 855
30836, 183
7083, 493
1309, 401
3170, 976
14370, 346
3426, 259
9113, 238
27462, 406
7684, 33
37696, 946
27025, 120
14790, 928
37190, 907
26817, 626
14826, 766
16940, 371
32141, 53
4864, 941
1580, 862
27773, 749
4261, 482
34704, 280
36304, 446
43549, 889
25408, 441
37513, 835
391, 750
29252, 959
35387, 482
10377, 464
36439, 413
24594, 430
17770, 297
43173, 402
48285, 684
33586, 453
6494, 528
27203, 683
42446, 213
43290, 897
32437, 977
30620, 67
5867, 501
32418, 268
39656, 868
5702, 703
41541, 970
3475, 299
157, 4
37032, 311
17702, 698
15961, 215
34727, 363
20868, 488
41016, 569
49842, 974
869, 551
22081, 552
24951, 317
21578, 289
35066, 888
24739, 644
23382, 472
27226, 35
15647, 805
32680, 796
37784, 458
43847, 965
34240, 434
13501, 72
851, 149
2776, 725
44168, 829
40651, 910
14583, 59
45942, 584
31546, 20
2254, 385
46920, 341
40496, 624
42239, 440
29000, 925
42437, 479
29853, 303
5777, 519
42545, 424
27762, 614
23546, 339
48805, 992
20670, 612
38282, 186
15955, 724
48820, 617
30761, 126
1542, 805
27463, 490
28346, 111
28397, 378
41587, 654
40236, 493
20718, 153
2208, 808
44401, 881
38048, 44
6098, 573
33337, 763
34850, 579
44364, 594
40912, 863
2906, 367
6618, 452
40173, 229
35427, 577
26489, 903
4922, 80
6566, 448
39103, 977
44625, 281
10462, 605
11637, 836
42709, 867
3162, 826
47221, 840
4327, 595
32319, 1000
9698, 840
34679, 333
23045, 797
32632, 979
20971, 365
41291, 419
80, 720
33108, 504
1548, 685
45243, 620
5707, 932
35410, 963
45266, 21
6966, 914
9558, 569
11964, 821
14196, 551
49347, 783
18032, 709
14831, 932
34051, 412
30190, 922
35989, 901
12234, 280
9035, 779
40064, 679
30956, 971
24012, 371
16526, 112
5, 179
16273, 54
25660, 562
9092, 922
21855, 568
24190, 819
2227, 146
41392, 404
2260, 648
32103, 142
36244, 439
45690, 762
45246, 694
34587, 57
396, 580
438, 125
59, 338
16174, 275
36784, 990
49416, 572
45967, 398
21807, 254
33521, 788
24313, 460
915, 904
4354, 142
42605, 586
28676, 523
8144, 620
26216, 638
26041, 208
6529, 491
45556, 649
37374, 275
41121, 495
16564, 982
36183, 130
39933, 606
45193, 976
16483, 390
14486, 984
48296, 283
28811, 105
27827, 778
44981, 282
28387, 542
848, 304
18550, 619
41447, 141
844, 500
39631, 922
33598, 746
7708, 745
970, 979
49113, 259
9746, 154
12335, 410
41614, 206
5681, 508
14376, 383
22833, 529
32783, 389
47259, 436
33549, 294
1373, 647
7177, 191
10806, 186
13054, 303
42264, 24
3379, 597
22396, 859
1992, 852
39814, 816
15880, 686
35482, 320
35293, 205
40318, 470
22089, 633
28884, 315
31752, 412
28208, 891
41690, 850
23836, 575
46155, 124
30864, 118
32609, 384
22548, 285
33024, 180
48863, 306
33880, 146
29714, 855
13516, 170
4064, 419
6389, 697
34821, 884
36554, 956
46080, 848
48197, 755
41362, 161
12207, 440
40852, 633
23619, 358
13682, 962
29828, 895
9614, 16
22460, 389
26997, 93
33773, 195
6994, 931
49859, 231
2977, 618
42767, 463
29876, 102
766, 157
22733, 101
39957, 965
43378, 459
5124, 893
31144, 313
47004, 798
9342, 472
35907, 780
33743, 575
30335, 906
38592, 152
7718, 629
16291, 677
34387, 219
38103, 408
18656, 210
24837, 934
29418, 619
35569, 924
22397, 375
49369, 69
7830, 461
31343, 205
31358, 247
49275, 633
27317, 634
27903, 451
16109, 896
2719, 726
25201, 304
16690, 43
44143, 281
29697, 52
37578, 730
48845, 821
31173, 789
38214, 882
38141, 897
15936, 531
32802, 206
22260, 75
14138, 78
1732, 971
43570, 437
38677, 35
36563, 463
37612, 438
43455, 559
36314, 419
10619, 277
45479, 773
16044, 788
15384, 209
9634, 68
27382, 484
29912, 345
48931, 16
12357, 617
13561, 463
48569, 43
44719, 773
28042, 363
28809, 992
5956, 631
43978, 709
41042, 93
9829, 846
27323, 275
39426, 826
45261, 887
27659, 327
30022, 287
26503, 696
26678, 651
2574, 436
10058, 294
21128, 685
5302, 580
17621, 117
29361, 88
31365, 937
44983, 321
25109, 380
39471, 598
30561, 499
9238, 338
49624, 966
37250, 583
37204, 578
29397, 179
44216, 718
47664, 809
10493, 395
46332, 587
2052, 177
47856, 108
19893, 485
17756, 933
42927, 817
20191, 212
19034, 283
40892, 807
24320, 981
47567, 169
14215, 440
38872, 998
43388, 549
12968, 972
1513, 705
22688, 626
36679, 787
39973, 847
26724, 263
31426, 129
45670, 586
12200, 994
8741, 356
37072, 466
18737, 247
38528, 356
17106, 258
35771, 358
596, 143
44360, 391
43237, 797
17534, 552
953, 373
42142, 435
3047, 258
2381, 596
41171, 134
43467, 849
16237, 424
20469, 274
46854, 298
44672, 24
8631, 244
22514, 23
29065, 367
17001, 155
6725, 949
19604, 437
46998, 327
12632, 168
10584, 373
17872, 757
38393, 348
6355, 552
39399, 497
46903, 223
21162, 143
11527, 347
7279, 725
46540, 133
3246, 985
3414, 969
11752, 743
21681, 148
5575, 568
15951, 294
13824, 305
4608, 907
33533, 578
10794, 90
43557, 509
22674, 6
38398, 631
1137, 781
31410, 240
2514, 517
35608, 592
23332, 458
10744, 831
28343, 219
35788, 367
19181, 145
8923, 642
5155, 262
3222, 2
9376, 240
32849, 938
28968, 747
8516, 9
529, 260
37564, 574
40174, 159
6171, 398
33673, 316
45830, 560
47094, 632
3095, 235
14174, 187
47147, 629
1045, 627
25299, 247
33959, 704
30833, 837
29774, 770
34402, 812
21431, 921
3873, 698
48929, 62
49365, 304
49103, 348
41598, 63
22851, 485
22533, 488
48097, 423
35535, 112
6138, 644
28404, 473
36511, 418
2435, 255
13442, 486
5753, 154
34330, 560
31211, 806
11457, 94
28456, 860
34750, 867
24846, 613
16640, 39
24265, 861
31070, 376
28773, 105
29594, 727
3265, 415
5201, 168
36646, 266
38184, 696
44819, 889
21305, 154
37793, 139
21021, 124
18076, 435
41513, 216
3416, 924
41270, 118
11961, 547
11709, 612
342, 551
34664, 843
16384, 59
28994, 628
27446, 592
43462, 729
15901, 898
13644, 997
46378, 613
46758, 538
19843, 492
45888, 968
3683, 827
25157, 570
9475, 143
18510, 406
13423, 68
4803, 913
39457, 677
47351, 296
18629, 958
12667, 492
6047, 188
28851, 8
43265, 431
37718, 436
8392, 29
29991, 374
30610, 251
28264, 48
42572, 886
28407, 668
33570, 127
24251, 801
9471, 444
12345, 10
43739, 124
9416, 868
5979, 779
23516, 345
17893, 388
40559, 91
25466, 529
24488, 98
44228, 692
43093, 676
48773, 65
47086, 53
44470, 788
19071, 569
48726, 536
47006, 351
7242, 102
17652, 705
42192, 993
25318, 504
5859, 695
8670, 673
36692, 250
25799, 464
11896, 186
17455, 305
10130, 327
14358, 39
32615, 941
22555, 403
41771, 688
13142, 155
8801, 856
34666, 337
45365, 613
42238, 402
4118, 659
40169, 236
37230, 323
41161, 389
22368, 731
14806, 705
27326, 823
29716, 442
14917, 193
37817, 78
44259, 817
11685, 453
5259, 251
6511, 720
40706, 121
18187, 215
3771, 923
21225, 449
5726, 636
13040, 106
4886, 636
27003, 291
33026, 707
588, 406
40946, 757
32182, 474
29229, 908
6307, 247
10720, 824
41729, 209
11761, 168
11716, 989
40471, 411
3062, 253
23904, 603
24984, 892
25393, 295
10480, 580
46169, 93
19506, 394
20694, 681
33588, 239
37739, 517
48436, 913
48533, 194
43042, 497
12863, 348
107, 945
14509, 834
24999, 384
18483, 843
23239, 520
11334, 866
38683, 185
20861, 77
15832, 56
40163, 803
16812, 577
28184, 659
49976, 187
48810, 631
19211, 862
15636, 755
38091, 683
34291, 566
41632, 567
3263, 684
28570, 255
44768, 35
19125, 535
32079, 835
7809, 548
47980, 780
2646, 114
20921, 691
34432, 897
34906, 345
16352, 100
22802, 931
6184, 575
37093, 281
13747, 506
28318, 376
34730, 577
18498, 176
4066, 804
7090, 239
5379, 716
31965, 708
28575, 482
7866, 81
4263, 942
27045, 176
16903, 515
26616, 634
15178, 350
49085, 974
39825, 607
40259, 793
15032, 578
9331, 902
5382, 905
12180, 956
22628, 567
37365, 481
11532, 180
39821, 300
37523, 494
20834, 620
82, 904
14290, 667
44889, 485
40165, 848
35640, 112
12490, 385
31713, 807
35095, 165
32218, 4
5483, 268
16410, 455
19858, 560
17975, 899
933, 168
18000, 456
33651, 924
40121, 226
4620, 818
45462, 409
11827, 884
20641, 476
30622, 739
33169, 347
2050, 876
33617, 130
20120, 907
16536, 871
26159, 178
45422, 647
14623, 159
27779, 450
36258, 500
3823, 385
17407, 572
26790, 546
155, 249
1120, 175
3175, 135
3501, 392
4359, 730
46762, 14
43838, 931
14423, 573
41190, 850
9996, 540
48036, 553
40562, 275
47177, 901
32877, 893
16985, 61
45571, 979
10246, 275
6893, 17
21319, 446
21432, 913
31163, 299
2004, 963
21415, 561
20373, 904
32341, 989
23916, 935
11111, 726
9990, 635
42711, 27
41137, 124
25341, 617
42087, 445
33506, 400
35225, 609
35983, 478
18078, 909
39380, 595
24410, 373
5725, 268
11261, 658
44487, 264
3760, 532
45443, 987
13776, 860
8869, 903
37604, 250
33585, 871
6415, 523
27402, 997
12532, 278
28298, 485
46187, 75
14929, 751
41709, 727
18147, 601
48626, 131
48204, 166
13538, 932
1597, 513
45686, 838
6214, 812
7245, 484
21363, 840
11427, 629
15778, 673
27235, 331
13280, 641
27000, 321
27819, 786
42693, 986
45796, 806
40713, 54
27234, 891
16105, 735
49455, 333
33600, 798
20038, 83
11561, 79
4964, 496
3473, 735
49860, 888
27741, 513
40647, 275
9385, 493
15075, 435
46383, 379
15802, 923
30926, 574
43443, 899
32032, 207
13192, 472
47779, 976
32289, 494
33199, 990
49531, 440
6764, 833
2686, 313
17606, 199
281, 763
33779, 514
722, 94
43689, 67
15406, 78
35257, 926
31794, 542
33818, 480
16322, 310
16217, 599
16181, 837
10442, 326
8354, 674
34093, 125
4574, 924
34816, 183
25328, 350
46782, 484
45065, 59
49791, 925
49535, 643
38619, 479
23863, 95
17624, 64
37732, 878
48735, 884
35776, 542
25596, 414
46421, 688
13961, 284
40994, 293
19287, 543
49954, 40
4585, 499
41626, 673
32400, 939
47216, 313
21826, 400
48009, 169
32702, 44
19684, 10
43085, 427
47539, 179
17297, 450
20003, 354
45674, 905
46867, 276
11023, 222
11163, 626
3864, 17
11249, 157
18242, 468
38608, 419
42236, 646
30324, 540
48602, 277
43361, 645
37394, 525
2909, 196
41819, 698
17895, 276
44478, 498
30749, 248
31484, 899
44363, 576
15939, 206
16281, 440
46708, 964
48377, 804
11979, 420
34137, 447
6019, 173
25034, 910
23853, 571
49202, 631
23493, 277
3713, 296
17759, 893
48299, 49
46440, 505
31277, 865
2178, 720
42366, 300
43016, 693
36059, 125
10958, 898
3911, 476
40891, 565
34094, 277
2946, 45
40264, 789
18441, 823
818, 175
48200, 278
23905, 484
27880, 480
47411, 60
42326, 694
17865, 144
44521, 405
21454, 5
32922, 688
49429, 923
24965, 555
23971, 332
854, 976
28167, 541
42057, 476
18138, 682
22005, 875
23830, 10
33325, 908
17870, 947
19118, 609
46224, 885
48705, 118
49909, 857
22947, 553
36780, 79
29014, 851
8374, 922
39622, 454
25924, 683
21759, 610
10329, 366
36458, 185
30080, 500
16910, 31
18494, 90
26147, 673
21318, 568
22968, 307
6286, 179
34164, 665
3609, 869
22934, 614
16984, 718
28047, 508
651, 555
29036, 288
20414, 970
20745, 926
47136, 391
7790, 719
15911, 660
28503, 357
24277, 608
40803, 368
22439, 981
41954, 7
47574, 191
13607, 795
5343, 575
24529, 414
44767, 810
39831, 723
32271, 520
15125, 805
10692, 726
6261, 181
16704, 586
34250, 512
45623, 793
35821, 79
20769, 804
15248, 629
46249, 225
6101, 716
22065, 885
8548, 893
1455, 622
17841, 530
48404, 365
47191, 403
45309, 558
16956, 699
2591, 849
49805, 497
4957, 464
12036, 378
47865, 350
2656, 627
19907, 847
25103, 735
17582, 878
26484, 773
36979, 396
15533, 661
1932, 584
9972, 744
2867, 994
10541, 85
20220, 374
40482, 969
36786, 727
39857, 974
20920, 839
35743, 85
46176, 862
28313, 967
44880, 769
39370, 776
3894, 248
3076, 387
29639, 556
41432, 428
19504, 337
5694, 610
38458, 531
30808, 277
31241, 747
9393, 185
24187, 565
18883, 324
44663, 486
21389, 745
49316, 57
4143, 710
44986, 234
48525, 499
38776, 517
44206, 897
28634, 861
2353, 315
302, 606
49456, 722
46883, 843
14337, 551
22409, 258
28579, 829
21259, 315
38819, 879
22821, 417
17767, 195
14343, 509
9312, 87
13963, 714
34161, 878
29784, 487
26533, 624
32978, 44
42362, 276
35406, 579
23887, 402
49442, 441
23766, 37
22498, 7
38032, 105
43524, 986
37958, 121
41509, 148
19131, 681
35009, 967
16302, 652
5361, 287
24110, 914
35986, 602
25259, 311
10996, 383
19709, 474
44452, 253
37460, 943
26624, 582
37831, 499
47524, 995
14726, 107
41757, 510
12266, 496
1499, 757
20697, 711
46510, 167
23990, 653
12781, 638
36058, 524
21152, 851
43725, 480
40680, 74
11901, 464
14268, 241
12662, 39
26796, 854
48286, 760
38975, 792
7228, 695
25880, 856
6394, 216
17146, 162
49677, 657
17939, 6
3354, 460
40383, 152
28831, 984
13065, 291
15703, 264
40583, 531
33727, 21
38701, 780
2177, 596
45826, 922
36655, 784
13153, 615
22113, 585
41787, 1000
9185, 812
12418, 880
20226, 175
39577, 546
29834, 710
24073, 510
43409, 588
37202, 155
7298, 507
20742, 292
25585, 38
22038, 852
26896, 133
26393, 857
1541, 289
37654, 42
2877, 2
39718, 843
39533, 755
6287, 784
31617, 685
5052, 57
577, 660
46915, 286
620, 376
40655, 430
19824, 134
4424, 714
30807, 700
39058, 701
19186, 976
40057, 269
1196, 161
4739, 247
33367, 775
33990, 683
24060, 486
46793, 337
28512, 680
2415, 706
35880, 672
36195, 988
19521, 21
32693, 845
27925, 428
43918, 124
37423, 592
6916, 946
9587, 140
15635, 513
39305, 229
11923, 946
9161, 968
38000, 719
33206, 13
36624, 845
19742, 701
41644, 456
41391, 380
46908, 682
35946, 829
46399, 644
251, 382
23745, 194
781, 760
22408, 804
1935, 788
26750, 314
17544, 248
29555, 97
39313, 241
7609, 723
31182, 643
8627, 269
6194, 165
26709, 319
40665, 850
24150, 292
6162, 871
115, 554
13623, 471
13544, 534
18782, 516
22023, 868
46172, 852
23231, 722
36401, 499
48202, 662
15981, 602
48566, 744
38530, 589
21343, 395
28176, 127
13948, 88
4896, 61
19322, 660
16819, 346
48258, 255
49657, 807
24516, 113
12613, 541
46198, 79
14764, 589
9602, 494
38679, 265
3724, 584
16705, 583
28736, 654
32276, 243
37020, 11
12844, 158
13007, 482
33581, 69
14409, 275
10232, 165
49362, 79
1124, 932
16831, 462
20712, 49
25296, 596
2526, 897
43089, 297
14253, 729
7845, 510
4236, 860
8486, 422
43440, 557
44437, 8
13531, 128
842, 161
42308, 343
25902, 465
35148, 9
31893, 319
834, 535
14783, 507
35963, 323
32522, 492
1644, 777
11276, 994
11687, 294
38564, 883
3277, 510
35147, 11
41497, 11
33537, 217
23700, 385
25831, 675
43157, 114
40338, 615
1452, 885
19362, 231
49107, 605
30930, 234
39275, 101
44566, 722
28458, 129
44083, 518
25112, 172
44524, 725
43387, 521
27539, 457
39646, 33
16796, 907
43094, 877
38394, 864
24604, 442
46173, 384
49375, 76
26622, 404
47780, 904
29327, 315
41360, 259
8471, 312
2698, 740
9846, 618
25967, 583
3641, 17
31933, 773
48109, 780
141, 938
5691, 72
12215, 717
16186, 22
23396, 958
1262, 788
16079, 192
14887, 757
852, 350
19569, 259
5830, 497
40893, 12
41, 148
1738, 195
47429, 436
17616, 949
12402, 940
21888, 980
7606, 168
42919, 206
8142, 724
49739, 639
3531, 513
19359, 157
48081, 768
24276, 397
19261, 951
46438, 709
13517, 273
43122, 859
36797, 315
45904, 614
37430, 720
15673, 473
15480, 77
36997, 886
27388, 653
26206, 569
6830, 141
11658, 436
2934, 834
30142, 485
38685, 881
19716, 747
21673, 368
27016, 12
48393, 499
32550, 195
15224, 832
2978, 415
30454, 858
27123, 725
40557, 200
34598, 103
39675, 72
36515, 355
18626, 19
45787, 245
30676, 2
31747, 93
11076, 250
49537, 361
24915, 922
12218, 902
23608, 678
3208, 470
4945, 990
38442, 934
16312, 600
42952, 42
9408, 215
32334, 613
47852, 672
41588, 307
22959, 959
49076, 937
44054, 481
8097, 457
12604, 560
15953, 816
38591, 294
15965, 460
33946, 945
47421, 884
16615, 651
21441, 816
6309, 913
27763, 517
29275, 263
42109, 712
49335, 42
34135, 307
3833, 948
30459, 999
35496, 890
49028, 726
38008, 809
23025, 931
9784, 501
26419, 678
11699, 647
20592, 48
9651, 337
7804, 705
37838, 60
5724, 58
19245, 391
21558, 848
35283, 995
47080, 924
17398, 613
44856, 10
10168, 639
34772, 828
19433, 617
4811, 30
21868, 159
28164, 176
14184, 547
29900, 607
9523, 642
22180, 869
27099, 978
26167, 20
28799, 476
11531, 826
31652, 645
21457, 672
14267, 478
3258, 472
49378, 946
21107, 831
3805, 644
28835, 545
23686, 349
22572, 693
28864, 299
46563, 347
17844, 596
2125, 351
24658, 888
28063, 189
18720, 308
6023, 280
1346, 756
40861, 772
44859, 826
23888, 236
12358, 282
21068, 700
29685, 352
461, 356
46109, 347
14616, 67
32188, 265
24490, 101
2146, 153
27426, 810
3851, 796
23376, 685
46197, 362
15974, 458
27553, 682
30476, 765
8703, 118
15090, 338
45817, 689
19280, 63
5342, 998
20239, 1000
1929, 277
9790, 309
18363, 82
6114, 616
12528, 421
32600, 955
21042, 636
19468, 30
7173, 808
19381, 445
35509, 47
41948, 280
31693, 153
48481, 593
7140, 407
43039, 874
712, 594
44919, 876
10240, 298
4119, 767
43058, 814
44555, 947
33546, 768
15087, 999
30261, 561
36232, 53
7002, 69
36661, 882
38604, 245
39303, 924
3363, 870
18664, 59
20761, 900
18850, 456
16845, 234
10467, 474
20411, 646
49244, 660
21886, 846
29505, 824
6611, 87
6782, 61
27756, 690
37646, 131
37828, 636
23584, 382
40968, 219
41498, 868
1944, 733
35886, 545
39816, 378
15382, 628
28687, 354
43603, 265
14893, 520
34103, 424
9770, 515
9573, 669
4853, 703
30721, 475
19886, 296
28636, 150
29284, 937
15231, 376
38411, 743
16568, 517
7008, 208
30029, 620
45892, 334
38678, 57
42298, 791
30692, 118
12386, 946
47444, 687
9472, 386
17079, 908
33799, 877
16389, 413
12807, 226
36962, 582
12511, 414
6854, 770
37944, 388
22135, 438
20758, 933
49598, 952
26466, 607
43468, 603
40638, 442
5618, 310
2080, 696
4412, 801
36061, 247
9993, 921
7600, 591
22834, 224
20106, 788
13820, 87
3789, 812
44621, 288
29333, 697
11124, 638
3325, 715
38588, 629
44393, 691
13632, 322
31741, 785
41458, 53
11302, 875
10772, 878
29144, 975
32833, 89
36667, 924
20119, 405
9345, 474
5254, 624
19910, 250
45836, 142
4357, 794
28617, 830
1269, 791
25186, 811
13789, 933
26992, 390
30501, 423
25073, 237
33358, 535
16472, 420
18501, 360
49937, 224
15870, 55
44912, 831
8770, 131
19169, 187
42091, 704
43966, 551
14496, 650
47054, 902
1297, 270
9949, 452
38056, 279
6637, 61
23133, 850
38106, 684
25904, 837
13660, 709
43401, 47
45923, 461
14385, 135
33629, 542
9211, 954
32482, 204
45696, 34
36506, 469
42038, 769
42451, 154
37333, 273
4025, 138
37663, 837
46741, 994
38197, 16
29517, 181
40731, 219
4849, 713
38826, 159
30204, 59
37043, 681
26763, 95
9853, 439
7578, 553
16748, 905
16369, 42
1767, 607
23309, 285
31689, 812
9386, 402
41286, 217
42112, 870
42855, 930
34522, 870
4465, 70
11749, 622
26807, 59
20507, 780
70, 668
43108, 715
39606, 973
48164, 119
42464, 905
16840, 226
2743, 613
15538, 993
4689, 600
23307, 612
25667, 731
43075, 515
26873, 224
23574, 375
34896, 612
3517, 422
33986, 435
33683, 336
1669, 222
32513, 938
36159, 83
37307, 165
9889, 660
13896, 502
44428, 423
43288, 273
12311, 682
49225, 90
37601, 928
2100, 680
1816, 133
46477, 355
42073, 946
34480, 973
10176, 844
31579, 425
31230, 607
6914, 400
11508, 611
47699, 413
17809, 976
34649, 837
36175, 752
35644, 462
41817, 159
7070, 612
1178, 364
20490, 971
43080, 32
8127, 713
24373, 962
49292, 305
3980, 3
940, 150
30822, 562
19679, 782
40603, 564
6232, 233
44355, 69
27990, 538
4308, 501
28855, 581
25174, 298
38551, 9
5819, 409
42961, 536
48323, 91
34399, 594
5624, 267
5220, 388
240, 93
8776, 797
17597, 768
6172, 167
11655, 651
42086, 98
3163, 923
12173, 488
26298, 849
11034, 926
22434, 655
8756, 871
48145, 600
13199, 489
47544, 112
5584, 721
9236, 466
27098, 728
28307, 573
27019, 470
17030, 329
31818, 682
41887, 445
2994, 486
26443, 45
34016, 506
20904, 887
16383, 425
20190, 165
38326, 730
45306, 695
23023, 954
41446, 754
32464, 899
19217, 420
1302, 256
29146, 271
31082, 880
1725, 659
28451, 609
10018, 80
49929, 428
16889, 7
10358, 868
28259, 27
49694, 417
18267, 545
32050, 920
25361, 425
22006, 102
30433, 607
4639, 423
35400, 908
44656, 432
37670, 863
13605, 857
6334, 915
29414, 888
46552, 701
11377, 62
47985, 188
30370, 849
48512, 350
29290, 892
1949, 533
42343, 960
46110, 335
941, 276
17120, 660
18427, 846
39560, 372
32177, 556
38603, 385
4494, 156
19166, 825
48608, 488
47734, 398
13093, 132
28420, 90
14869, 89
30556, 122
11194, 418
38887, 112
12769, 409
28527, 926
38508, 754
45032, 454
28674, 186
46048, 546
48634, 679
43843, 198
15310, 64
8897, 553
37192, 285
11600, 86
15394, 91
40905, 6
30572, 967
31176, 739
21462, 272
25169, 807
23930, 946
18855, 253
35243, 1
25677, 719
11623, 481
46953, 329
3132, 448
10676, 278
9542, 321
18192, 665
37811, 136
30781, 760
8877, 401
21560, 560
14971, 732
15478, 771
25, 256
8261, 841
13242, 327
2173, 155
19739, 150
29192, 542
27635, 450
24657, 797
22549, 551
6714, 148
28111, 741
15586, 589
47148, 918
11037, 875
38667, 486
37715, 438
10949, 184
41041, 617
929, 182
2695, 822
36626, 310
44201, 298
45177, 599
5471, 974
48148, 994
22638, 842
19070, 266
28613, 908
49754, 528
34638, 442
40118, 834
48388, 508
9687, 664
26427, 563
6360, 637
7434, 62
43956, 323
21483, 122
9577, 965
31663, 723
37776, 209
44476, 965
14642, 62
13339, 4
32497, 295
49141, 217
11571, 824
19403, 487
40426, 476
30962, 435
40688, 370
49349, 63
34507, 507
34061, 533
47742, 518
45201, 258
41083, 594
8925, 110
14741, 246
2852, 238
2306, 285
35645, 538
23575, 86
33060, 409
14402, 815
37912, 21
47172, 298
24954, 897
683, 432
4748, 355
8132, 487
347, 815
34605, 0
3019, 559
18111, 841
49281, 817
21833, 64
6766, 324
38928, 654
4716, 829
43444, 849
15426, 69
9609, 398
42560, 392
9462, 478
44358, 592
37743, 184
12115, 849
5112, 361
16648, 88
15000, 879
42867, 734
1850, 115
30904, 122
44793, 323
22157, 482
23895, 399
16593, 539
49154, 797
21922, 656
49609, 727
843, 472
33252, 97
36961, 24
11646, 985
27492, 877
1906, 425
48662, 958
13858, 670
48381, 245
44916, 9
47575, 810
33734, 712
47998, 801
32563, 399
21658, 798
23586, 49
5719, 585
44771, 509
43280, 936
33222, 177
31506, 49
978, 529
8103, 218
42969, 263
24032, 20
18432, 43
38194, 677
13876, 280
10345, 91
13053, 179
13741, 649
26546, 203
19091, 668
45467, 65
29450, 777
3782, 866
45045, 785
39590, 727
24326, 405
45746, 835
30100, 788
49287, 326
26032, 513
47300, 530
44290, 773
30505, 70
17915, 168
48938, 122
27100, 588
35662, 862
13589, 384
932, 834
2030, 922
32203, 657
44096, 352
32108, 136
11300, 818
3821, 149
23755, 150
41958, 112
45742, 783
34834, 791
30641, 20
24217, 74
41930, 220
27561, 67
28035, 173
48784, 197
14008, 6
5579, 427
40282, 238
19902, 502
13668, 312
7072, 765
21317, 434
34619, 471
35125, 312
29003, 671
40610, 440
18362, 753
9360, 21
20358, 15
33280, 326
13857, 176
27254, 758
3228, 696
41466, 635
24884, 209
17726, 121
9514, 1
3846, 532
40837, 724
24627, 371
32912, 275
5553, 22
26263, 833
40815, 902
5299, 237
763, 317
16969, 180
48943, 456
41389, 35
24100, 643
33020, 358
25405, 940
40695, 624
28867, 335
16148, 758
2987, 137
5115, 229
43546, 385
12913, 70
41845, 272
8853, 408
18562, 571
37012, 698
23348, 532
43323, 965
3118, 408
24907, 912
39843, 561
18079, 894
27642, 920
44017, 527
22272, 269
29849, 841
47747, 216
42640, 920
19214, 241
13029, 848
37860, 253
8511, 862
16868, 168
15519, 626
46931, 850
26645, 576
21656, 73
47306, 926
954, 123
7343, 731
12710, 94
21541, 132
13344, 145
40835, 627
22242, 543
7785, 939
8910, 400
7382, 269
11021, 610
13, 290
23001, 585
33928, 893
31888, 319
18156, 783
12047, 356
34075, 582
36052, 546
28148, 995
9986, 529
1634, 56
45938, 55
271, 894
39519, 969
800, 141
18941, 571
30131, 304
44810, 190
41429, 336
18950, 882
12137, 830
16282, 710
1464, 901
33872, 946
13570, 7
36355, 908
31389, 518
32142, 264
4174, 172
26062, 34
21369, 347
36269, 11
31840, 60
39966, 919
36548, 604
40662, 545
44906, 561
1959, 356
27042, 530
2780, 663
1125, 541
3820, 201
8150, 181
36749, 715
23705, 776
3287, 716
35418, 298
15209, 277
23772, 741
4254, 369
18919, 304
45162, 550
47110, 958
14838, 742
27896, 101
18090, 110
10299, 838
36356, 698
45977, 318
39954, 950
40914, 607
36027, 434
24474, 32
14863, 883
2642, 493
21593, 266
44845, 189
6149, 729
36932, 314
35594, 373
36856, 660
41415, 202
40952, 113
12836, 309
14148, 244
23553, 552
14473, 824
29377, 897
30812, 254
11462, 496
10432, 906
22329, 131
17260, 630
48141, 554
2820, 330
13648, 11
465, 281
33695, 871
29258, 642
28007, 175
30890, 87
8687, 77
48579, 669
46402, 765
30271, 276
31875, 818
23742, 572
29768, 796
15569, 65
47963, 66
46142, 263
47526, 601
34713, 108
15768, 202
614, 380
46230, 772
20739, 412
38710, 248
36726, 827
38090, 911
30061, 520
45911, 885
23514, 860
37751, 330
31107, 472
27427, 864
23808, 430
35778, 51
33676, 767
12812, 957
7968, 0
30450, 780
38192, 102
38992, 943
10615, 717
44713, 135
26451, 673
32634, 744
44230, 849
4075, 776
45985, 605
20768, 831
37468, 358
38109, 172
46864, 395
40786, 26
48226, 306
35075, 344
43238, 131
18803, 183
6883, 447
6904, 367
23271, 982
34190, 964
18464, 905
35316, 125
18542, 207
28693, 530
6826, 142
19737, 392
33931, 267
42388, 694
34252, 794
38842, 55
13750, 446
10762, 332
41631, 41
24865, 388
34248, 139
49142, 38
35276, 966
35979, 788
14630, 720
13870, 525
25520, 477
40869, 957
44439, 886
14412, 23
30654, 951
39569, 621
11803, 62
25540, 818
15380, 337
13172, 818
7028, 378
49044, 171
25821, 700
22675, 311
37206, 226
34774, 302
27613, 546
27380, 712
28860, 338
8706, 860
9031, 200
4281, 648
14332, 889
3770, 323
43344, 333
1600, 311
32608, 501
6426, 204
25385, 68
16358, 45
44575, 278
32062, 471
48451, 637
12323, 503
18210, 593
34129, 604
12397, 877
30707, 38
8828, 86
10832, 843
17323, 287
10370, 282
23027, 828
7068, 604
1678, 675
24261, 461
27377, 666
21553, 13
11418, 652
274, 693
14901, 653
22308, 90
10975, 699
14511, 515
23344, 951
11482, 279
30157, 8
48350, 896
18522, 698
2893, 398
23566, 132
26482, 809
19813, 892
46160, 747
48708, 313
30774, 94
46747, 379
35054, 630
29946, 742
29635, 340
32171, 153
10585, 500
27327, 281
31705, 256
36483, 92
16279, 217
3624, 86
4318, 49
33751, 145
23680, 253
12967, 138
48276, 221
38639, 528
49952, 680
37532, 859
7844, 719
16459, 160
40660, 792
45075, 887
2641, 873
47728, 254
35945, 168
19611, 431
12221, 173
108, 186
42278, 662
48360, 914
40002, 221
5809, 957
21239, 91
26343, 235
7152, 374
22813, 110
36141, 55
373, 235
955, 174
3438, 990
30793, 887
26621, 753
5048, 593
4832, 501
25293, 106
2038, 141
46314, 126
34183, 601
35217, 575
21254, 755
37073, 157
32516, 797
38, 535
19730, 716
15482, 913
37456, 77
46532, 721
4805, 803
1419, 608
38781, 270
10670, 868
7043, 513
42444, 51
4891, 682
27176, 158
8124, 347
2277, 92
10682, 872
48301, 535
3331, 997
49252, 943
26295, 778
29018, 408
31798, 0
32535, 183
37065, 849
36028, 209
1066, 674
9773, 709
48133, 417
18990, 380
12008, 556
14099, 42
15259, 355
43625, 148
46290, 441
7407, 893
43514, 715
7736, 648
45998, 117
5913, 622
29082, 734
5592, 249
13156, 114
43729, 283
3428, 761
36859, 602
4441, 158
33295, 492
41876, 43
1365, 984
22440, 344
37976, 677
37485, 503
866, 705
17933, 776
36659, 281
12445, 783
22225, 220
3564, 733
46322, 741
30342, 640
7354, 89
3191, 728
12800, 951
4511, 77
38196, 352
13220, 410
8764, 429
34995, 302
8759, 464
40971, 339
16671, 833
40366, 179
20647, 713
31988, 922
442, 763
40885, 45
11297, 111
22584, 255
35144, 203
23401, 770
32830, 0
23495, 723
38436, 962
8035, 653
23850, 89
48774, 530
23541, 187
23529, 383
13943, 86
22110, 457
24362, 937
21928, 249
36048, 86
41696, 506
3523, 772
1748, 220
25875, 830
28550, 429
11495, 813
25117, 354
31167, 546
31976, 201
45645, 959
13216, 426
8063, 452
328, 799
3380, 808
16646, 973
30403, 296
4164, 317
11420, 638
31317, 150
34773, 415
12275, 771
20424, 589
31489, 33
40330, 529
5873, 279
12892, 244
30001, 4
16900, 720
29962, 708
22643, 747
34167, 402
25629, 411
22884, 485
27471, 232
43981, 254
34992, 348
29167, 972
23703, 807
46108, 765
23081, 453
25788, 266
40189, 763
43124, 307
36468, 947
32346, 546
9334, 737
25966, 623
9869, 891
31293, 58
33692, 102
11786, 30
6523, 608
23716, 797
45522, 558
4343, 98
11308, 913
48802, 866
21461, 166
27813, 428
32934, 378
33469, 219
38948, 565
20340, 839
39752, 495
16955, 761
19605, 428
10269, 665
13071, 166
8594, 177
31130, 175
21078, 12
9505, 138
30006, 865
17132, 645
19724, 137
47732, 910
33477, 892
12210, 282
21246, 398
6502, 20
34613, 19
15826, 952
40328, 535
19309, 246
23055, 302
7964, 810
39692, 883
49005, 989
31940, 167
14457, 242
19566, 503
13015, 282
8918, 452
15100, 724
47928, 417
482, 689
7586, 792
41558, 235
39516, 154
49217, 303
35326, 648
8050, 566
29334, 958
28309, 676
23339, 418
1095, 46
18749, 979
36565, 602
39898, 496
10661, 174
1357, 874
8746, 468
40616, 246
33330, 379
6614, 208
36596, 227
6734, 192
12417, 286
16755, 333
18839, 692
16973, 358
8232, 862
25388, 502
8544, 737
4653, 266
49581, 825
45805, 901
9681, 734
43226, 535
10597, 428
42266, 437
43969, 64
41792, 384
14673, 421
32798, 104
22509, 64
40071, 386
26300, 514
46166, 375
29658, 575
31891, 687
12915, 559
48980, 209
36191, 199
20465, 408
40437, 415
39462, 669
3992, 2
42052, 565
29439, 607
39454, 717
16691, 82
26602, 444
43424, 727
38123, 506
2332, 8
19167, 985
7085, 617
42387, 377
23011, 230
19911, 781
2537, 561
33279, 974
11652, 307
4362, 320
32107, 66
27874, 539
8210, 957
34624, 53
35964, 433
17614, 618
16047, 872
18831, 250
37440, 583
2405, 947
15200, 511
44677, 412
43801, 197
18963, 487
6302, 41
17719, 983
29944, 864
14558, 209
24530, 610
11200, 463
34087, 644
40094, 283
29497, 919
42753, 63
1826, 112
17408, 45
33364, 498
8388, 880
28741, 557
19094, 709
8126, 854
44989, 583
45707, 359
43283, 733
30177, 866
7297, 476
27740, 764
18089, 11
5496, 824
46912, 110
22583, 862
35303, 476
29720, 416
39198, 524
18024, 434
27315, 451
46660, 107
31855, 878
44028, 882
49041, 837
16566, 645
39137, 279
10443, 992
19251, 613
47762, 575
3566, 689
40537, 4
36715, 15
44247, 448
10406, 483
35230, 178
43389, 70
21693, 874
35003, 235
30899, 301
2979, 268
8955, 488
25616, 800
15135, 570
187, 813
20301, 788
32499, 653
27242, 162
6128, 568
402, 257
31661, 780
32385, 147
5182, 890
16496, 187
37873, 407
34006, 902
30538, 474
103, 215
44732, 530
28423, 252
6337, 289
43316, 843
16939, 445
9040, 189
27066, 985
34968, 914
43520, 8
25950, 232
36999, 494
19110, 235
12448, 736
31736, 163
26652, 843
33319, 916
17529, 680
10521, 491
10528, 555
33999, 139
7993, 457
8331, 44
73, 371
34735, 358
21144, 306
20640, 990
25386, 351
905, 823
20972, 395
17139, 165
48906, 644
27147, 205
19286, 943
47072, 957
43169, 55
28206, 82
14050, 850
7392, 568
43425, 762
41347, 120
21890, 500
27136, 424
1214, 639
8545, 623
6643, 8
16882, 894
11939, 535
32104, 626
41212, 123
18858, 738
4709, 990
5723, 279
11397, 976
18294, 951
24525, 887
38241, 107
14809, 471
23312, 658
37300, 867
19208, 844
43274, 67
23749, 854
15265, 715
47964, 690
14502, 15
5452, 530
42887, 935
39327, 735
49618, 614
13195, 451
34836, 536
22359, 209
10221, 239
7646, 976
26092, 172
43392, 481
29337, 906
46904, 644
17573, 8
12351, 755
988, 176
41826, 893
21811, 144
42025, 367
10164, 387
18007, 592
891, 966
10428, 345
8807, 265
29543, 221
22864, 476
6890, 573
2609, 376
44857, 358
22493, 438
33373, 600
33431, 73
3855, 444
25419, 431
19594, 471
31897, 852
44462, 887
39315, 878
25022, 924
2682, 600
40857, 268
30073, 509
25284, 806
30427, 417
1965, 571
6049, 836
15127, 827
27716, 180
18486, 583
47946, 735
49672, 379
21315, 800
33164, 354
36093, 365
9437, 36
24402, 447
8462, 55
21961, 969
42329, 620
5158, 673
37062, 803
16111, 678
840, 583
2067, 5
10963, 745
38718, 267
27623, 248
44714, 138
20688, 394
43456, 206
32070, 715
39108, 255
37821, 467
27047, 548
46034, 821
41370, 524
19358, 506
14131, 439
17549, 22
4643, 777
11, 802
25997, 19
44844, 519
7143, 724
45837, 360
1003, 695
4935, 330
17179, 339
13902, 376
41976, 88
1947, 619
47820, 241
27411, 257
15362, 151
11159, 354
11569, 471
27725, 847
31759, 441
30916, 313
30396, 714
4245, 434
35593, 792
27085, 637
33568, 177
4211, 576
26176, 405
9987, 303
28058, 76
19069, 487
10277, 90
23665, 180
7950, 436
17420, 856
27250, 739
41351, 279
14801, 130
27125, 410
17721, 416
7599, 708
8950, 563
28779, 503
8394, 853
48857, 225
10419, 561
17607, 731
34000, 216
46157, 77
23508, 955
2932, 474
45895, 701
10446, 669
39084, 485
4458, 412
49411, 812
22648, 659
21820, 903
11435, 965
38962, 473
10913, 790
8024, 390
35081, 26
49133, 443
10929, 996
44720, 661
6099, 416
8879, 586
24069, 177
20460, 128
43806, 570
8113, 366
30465, 367
33574, 304
25611, 595
7834, 29
15475, 384
27576, 779
47971, 969
41113, 83
30048, 41
44579, 509
46141, 720
48112, 479
25935, 78
12514, 820
42234, 998
28033, 767
35787, 672
39218, 999
25524, 316
44614, 892
27889, 103
16677, 971
48063, 105
1505, 529
27836, 880
38047, 518
44515, 468
24151, 795
19044, 749
39311, 550
18055, 53
43194, 766
24750, 362
16360, 310
49432, 856
27914, 601
48183, 532
11215, 972
42322, 455
48210, 813
40712, 721
15807, 215
43254, 987
43298, 753
16487, 857
12966, 223
40509, 270
24098, 66
9955, 164
17441, 601
30683, 150
34739, 17
3316, 89
20021, 730
3248, 913
47997, 230
27044, 577
31499, 374
1561, 832
9631, 84
40957, 823
15570, 896
30094, 340
33630, 417
43997, 673
49819, 99
30365, 859
5974, 563
46487, 395
14462, 881
20211, 820
30866, 373
6159, 188
12598, 988
1407, 516
46892, 981
6234, 75
10554, 189
47222, 49
38854, 702
6467, 73
2844, 668
35970, 826
27458, 692
31054, 353
35674, 508
42654, 579
5482, 809
11540, 279
37059, 156
47926, 435
6823, 123
17955, 246
542, 329
17528, 322
4363, 34
11956, 135
44416, 15
39127, 278
38318, 131
4411, 722
26541, 977
34237, 694
26657, 318
41641, 962
9940, 241
27737, 389
28120, 102
3455, 96
27532, 821
38871, 95
33142, 314
25717, 196
7058, 196
39672, 543
22606, 31
39570, 521
17351, 78
20179, 707
48527, 375
49679, 778
19512, 360
29634, 248
15997, 389
23490, 97
41943, 215
37383, 628
4360, 651
29914, 302
48052, 234
32267, 572
23809, 531
44702, 547
17251, 599
3775, 180
3482, 849
38026, 160
30088, 280
33128, 262
45590, 544
43408, 773
49, 207
40066, 905
49826, 391
36363, 252
47903, 479
16945, 339
20947, 636
42754, 774
49470, 408
578, 370
19572, 422
5896, 573
44747, 509
27350, 140
20949, 782
32020, 272
33924, 314
24176, 623
14052, 211
31792, 794
34367, 434
14201, 831
20643, 734
32782, 401
49153, 815
46988, 795
9590, 482
9868, 84
48165, 384
28675, 893
7726, 268
15284, 777
30348, 109
32347, 917
40820, 535
11945, 349
24173, 374
42954, 562
13151, 322
42897, 784
3776, 396
32425, 850
17555, 822
15315, 767
8371, 430
47363, 761
47784, 6
11072, 954
35705, 116
42095, 818
24611, 507
4144, 944
22436, 384
36639, 717
33686, 196
9673, 630
9224, 89
12131, 583
40455, 648
15474, 426
24759, 924
42877, 881
7479, 930
3245, 743
29709, 422
16222, 510
4387, 465
37785, 988
2834, 36
37747, 928
18599, 919
47541, 248
693, 78
6274, 633
26109, 292
1416, 114
6308, 776
20814, 863
48447, 725
18216, 287
42570, 246
44209, 257
11834, 447
40194, 210
40422, 156
41411, 471
41749, 857
744, 545
10998, 824
267, 475
45076, 890
22899, 269
28357, 834
35568, 397
22957, 929
24480, 654
801, 764
38963, 598
39988, 544
19602, 852
47586, 450
5041, 992
41864, 3
21496, 416
29362, 217
11953, 149
35436, 673
40257, 291
30078, 499
39269, 303
2043, 76
3421, 768
35932, 525
17878, 130
43287, 54
49451, 180
29406, 855
17676, 434
3221, 399
29642, 538
27164, 877
7486, 929
44671, 335
10939, 617
2840, 820
4055, 191
22275, 206
48610, 191
44311, 688
13177, 708
9170, 985
749, 221
43063, 368
48932, 354
25216, 634
10347, 293
21304, 239
12615, 831
11052, 914
48969, 96
11128, 850
40643, 249
38033, 746
3837, 587
25822, 971
43379, 631
6224, 467
13228, 888
17427, 409
34119, 525
35717, 523
18067, 496
411, 978
28957, 817
21823, 24
49462, 597
31414, 678
46129, 378
31178, 130
7930, 117
26290, 147
49460, 902
8940, 585
26054, 297
12581, 373
24959, 985
9005, 882
18889, 646
16374, 503
27959, 783
5009, 344
28484, 254
26820, 377
47489, 972
40814, 104
36413, 756
33943, 0
9724, 155
6414, 466
33816, 965
30494, 52
4566, 234
5622, 141
16405, 328
26378, 115
7496, 749
1152, 579
20463, 730
44211, 504
4963, 117
5282, 341
795, 689
41847, 289
6688, 180
35024, 316
47646, 201
10087, 609
774, 427
26220, 506
21605, 261
1942, 299
19395, 851
33850, 411
12871, 610
34072, 459
33019, 51
179, 801
25028, 306
2257, 229
45067, 311
40423, 156
24952, 962
6130, 48
28051, 157
27180, 182
896, 966
43790, 881
1812, 538
31071, 267
34488, 454
9316, 900
45119, 676
17061, 759
711, 186
42865, 195
21205, 222
19839, 738
9819, 180
8794, 991
12203, 327
22333, 71
32172, 746
2807, 318
27949, 822
16321, 675
47406, 196
19563, 508
12098, 701
10266, 965
15479, 295
8581, 202
38444, 645
27308, 548
4923, 86
31105, 756
39176, 463
27823, 791
4750, 628
22066, 594
49799, 944
2440, 678
33086, 866
21097, 350
14899, 686
45848, 461
16023, 442
9810, 876
4513, 239
41292, 520
4685, 135
12986, 258
23260, 643
9530, 97
18976, 668
46125, 977
33645, 688
25593, 75
34112, 376
4337, 233
23987, 444
5635, 210
9715, 272
47039, 132
29364, 440
6888, 504
14534, 201
41715, 300
30609, 692
20275, 388
46236, 294
8330, 974
28283, 722
42337, 573
29011, 184
36353, 321
10201, 561
8033, 862
32541, 516
19149, 8
5820, 588
2397, 716
8622, 95
30508, 455
23453, 436
10030, 851
49188, 415
35395, 93
2722, 177
31878, 874
14016, 492
22971, 438
27728, 115
28005, 164
40186, 603
10055, 692
39415, 187
38386, 737
23286, 28
33978, 637
40022, 161
33559, 84
29467, 230
34021, 468
25442, 45
13120, 34
7675, 22
38261, 895
1487, 83
13987, 532
10073, 22
48933, 201
25912, 362
7561, 491
34165, 273
34700, 450
37164, 340
27009, 872
47714, 868
34306, 417
7994, 964
18528, 768
19974, 220
10160, 431
19977, 915
33677, 668
13323, 147
883, 688
39747, 319
45577, 131
27755, 477
29328, 19
6630, 824
3714, 795
36298, 724
8517, 127
12556, 85
6498, 56
20538, 441
30229, 662
47560, 875
47604, 588
23285, 598
14829, 258
38892, 598
48108, 865
38836, 270
42222, 880
18084, 832
49925, 391
5535, 722
6735, 893
40156, 924
32546, 514
38600, 683
26150, 347
29676, 885
48482, 576
29400, 55
26596, 127
29109, 4
899, 367
11086, 580
49709, 1
43437, 941
33264, 389
43076, 558
44219, 261
10739, 956
43297, 214
6351, 832
15839, 304
39980, 130
397, 889
45900, 636
28959, 915
49771, 597
38832, 496
45215, 554
29303, 948
20509, 488
39206, 654
27307, 640
35151, 132
28147, 671
33711, 512
6915, 865
31196, 886
10662, 375
3835, 228
23720, 230
9535, 475
39110, 619
5790, 293
44584, 292
28563, 433
22471, 614
3900, 484
37687, 67
25627, 313
21655, 976
32042, 201
27473, 37
2676, 9
13938, 621
43118, 249
49341, 819
18688, 308
49325, 544
45262, 162
2113, 301
3614, 684
44977, 196
21588, 178
9162, 99
32235, 413
40030, 499
48532, 541
1150, 407
24814, 45
11832, 840
6900, 708
43396, 133
41557, 333
35232, 480
37061, 347
6772, 958
87, 995
40245, 46
557, 443
26835, 609
46330, 660
19894, 940
25804, 618
40544, 761
10171, 585
111, 220
2720, 25
32944, 118
34717, 771
46862, 154
13758, 961
31842, 759
23896, 150
16862, 686
10761, 171
22724, 73
10155, 473
19377, 170
6592, 966
24499, 870
31508, 858
2086, 839
39757, 848
15805, 450
34859, 501
3946, 642
30583, 345
2033, 47
39743, 398
23150, 18
3912, 112
31587, 298
28032, 607
47749, 110
49441, 123
14953, 155
24703, 81
8975, 643
46488, 996
19192, 731
6561, 832
18008, 557
46191, 161
1570, 150
9666, 447
27191, 51
1275, 383
5096, 350
1280, 452
29891, 184
22564, 529
21875, 941
8821, 712
31161, 710
6125, 963
11176, 685
12726, 707
38879, 836
10199, 483
22430, 952
17535, 921
4697, 884
45779, 349
38081, 805
48234, 657
30280, 164
1609, 547
41742, 705
12095, 641
49530, 174
14997, 11
46451, 409
41197, 685
22510, 614
36440, 150
49447, 298
11500, 28
40393, 169
27215, 251
39983, 949
19936, 952
40766, 983
12243, 356
24049, 959
34246, 973
20735, 955
11080, 850
8053, 837
34217, 612
4219, 530
304, 806
15160, 983
20073, 402
21684, 836
41772, 496
32260, 25
3487, 243
31494, 308
35793, 41
520, 79
47144, 437
19523, 944
14977, 875
17823, 192
9280, 191
27021, 132
29513, 368
17011, 943
21885, 120
20957, 549
12660, 754
5709, 173
47850, 973
46356, 950
24908, 687
35669, 187
8575, 893
31399, 325
46544, 318
21924, 191
4752, 806
49307, 397
49640, 740
45191, 44
11078, 188
34123, 169
42131, 109
19503, 674
7673, 202
7770, 898
26860, 668
9999, 869
43502, 741
16371, 915
6406, 607
40667, 348
39761, 143
39541, 656
34189, 961
13351, 216
3532, 510
17832, 274
42307, 89
24068, 619
14112, 449
19446, 203
49872, 342
7463, 485
18018, 227
29619, 472
11890, 659
5109, 321
30906, 548
47843, 585
48661, 296
16157, 231
43921, 510
24297, 22
26377, 290
27451, 959
635, 564
28758, 286
38927, 72
46839, 522
28338, 325
41071, 630
37575, 771
42296, 961
45486, 59
10599, 932
24777, 864
14545, 641
42946, 284
22526, 739
41247, 465
12170, 637
40279, 773
44241, 336
1594, 323
49596, 159
33699, 297
36669, 620
6638, 913
4918, 29
19710, 557
9077, 179
22463, 395
42328, 25
4234, 103
7670, 574
9319, 90
13200, 375
14815, 291
37538, 37
46156, 281
20366, 410
13898, 790
30566, 732
24758, 882
42471, 137
558, 328
47176, 123
16480, 923
3602, 925
13695, 829
17215, 705
15500, 43
43218, 601
15222, 476
26872, 352
39616, 948
34805, 377
45346, 720
30200, 568
3757, 864
8611, 199
31906, 686
46448, 742
15470, 807
19970, 564
47842, 740
19509, 375
24465, 577
26659, 440
1006, 540
28072, 656
24926, 699
32984, 767
31096, 301
14618, 441
5502, 731
32384, 952
38434, 535
31923, 186
49144, 97
27367, 106
49511, 358
21535, 774
1235, 263
36152, 174
43547, 285
43329, 257
27014, 913
14890, 760
40539, 206
5238, 690
43235, 252
16856, 680
35124, 252
10079, 772
15814, 416
22451, 111
31183, 545
3959, 814
33737, 30
13479, 698
28856, 607
20628, 118
4539, 53
20880, 535
36671, 323
35697, 815
42671, 329
18142, 86
33589, 461
730, 963
30831, 462
3693, 203
43114, 119
25021, 592
16128, 45
38028, 512
40608, 385
31153, 526
36774, 32
12425, 255
30507, 708
7033, 993
28722, 623
30616, 135
32318, 238
19344, 774
10605, 958
45018, 852
27419, 684
37591, 853
29399, 11
39710, 446
44762, 512
12722, 606
38940, 508
32332, 996
16485, 616
48991, 749
5933, 434
11285, 924
35205, 820
19190, 557
21842, 678
23152, 566
20751, 188
9777, 175
23983, 58
32942, 588
9127, 837
32475, 49
41993, 765
43560, 264
38010, 799
13418, 1000
28595, 476
6068, 991
31843, 555
5664, 662
33940, 76
40243, 358
4324, 349
23176, 28
38779, 297
2654, 273
42024, 675
2958, 39
44898, 284
10302, 874
35777, 978
49738, 717
29830, 285
45427, 664
44166, 725
24461, 488
8344, 579
11083, 463
3037, 411
13381, 376
37454, 187
24358, 603
17551, 689
18505, 981
13949, 888
15223, 46
13386, 821
35988, 129
19878, 55
34837, 427
5612, 578
40346, 352
17155, 2
16606, 596
32982, 302
2886, 249
26011, 147
1163, 53
37496, 715
47381, 750
13099, 511
1276, 22
3690, 561
9890, 28
2162, 399
13500, 264
1714, 484
38114, 539
19950, 320
23893, 350
44642, 460
40412, 624
9201, 861
41002, 312
23682, 861
7345, 889
48633, 824
26886, 312
37263, 150
37127, 114
34910, 826
13801, 443
29348, 552
19757, 703
17508, 345
35585, 451
12007, 394
14819, 730
26766, 363
45920, 156
15101, 651
49342, 68
30973, 641
49061, 422
23934, 290
37827, 834
42764, 245
20553, 707
10124, 605
48083, 909
22542, 701
41996, 12
31740, 308
48042, 187
36731, 194
6164, 228
29885, 265
48485, 341
26854, 374
6533, 105
25128, 523
48217, 522
17097, 56
2014, 266
22640, 184
7250, 779
15022, 564
26115, 199
20839, 718
34425, 525
43174, 433
4897, 237
36132, 225
13740, 537
39268, 31
48252, 501
46337, 386
13755, 386
18420, 39
33536, 995
25597, 258
7525, 529
10476, 370
889, 952
28303, 754
10601, 907
47982, 581
8351, 415
1612, 686
34814, 583
3000, 192
37730, 180
28815, 441
42080, 498
6517, 441
10742, 414
24022, 376
23765, 116
24693, 497
42018, 241
38841, 987
6442, 794
6625, 860
9510, 241
20741, 321
4817, 636
24134, 158
28308, 548
26662, 899
15563, 249
29975, 276
15846, 891
6856, 18
12395, 275
25764, 91
38440, 264
17493, 103
27489, 465
33179, 630
2558, 166
43532, 364
8582, 333
29041, 781
48788, 890
5281, 707
8785, 553
6999, 214
3366, 423
46506, 431
17515, 459
43542, 629
39507, 900
24556, 419
3052, 5
30240, 892
40135, 605
8609, 14
3125, 53
5811, 81
29226, 773
21668, 912
2024, 827
42651, 402
28881, 239
41546, 182
6790, 23
20360, 274
18149, 967
28227, 754
38750, 912
45986, 966
31344, 595
11101, 477
22746, 309
40400, 551
42479, 772
7306, 952
18653, 982
5906, 828
13433, 119
35220, 584
32669, 757
36901, 499
11189, 150
38483, 798
49885, 466
36528, 525
41040, 54
22387, 579
15921, 478
49258, 505
44567, 248
17634, 73
20327, 623
15336, 876
44772, 318
23721, 718
16863, 63
16113, 913
23197, 731
21237, 402
8336, 341
2288, 956
37415, 37
12879, 865
35508, 112
9771, 235
43653, 489
47242, 103
8924, 238
10158, 482
18179, 824
3849, 531
21873, 696
29113, 85
20188, 97
14212, 469
7065, 853
37741, 974
3187, 603
8213, 688
15841, 278
1742, 512
32241, 227
41718, 594
30503, 455
39678, 902
11972, 18
1583, 253
24967, 683
49249, 645
9017, 622
39543, 42
13738, 687
1283, 188
3794, 389
12123, 565
34255, 875
42665, 474
48363, 362
37444, 390
6573, 29
45521, 860
23165, 672
44508, 368
20684, 375
44314, 157
40172, 499
16935, 606
19347, 887
21951, 462
42870, 20
5757, 476
31005, 27
8768, 244
37462, 624
10470, 983
8786, 508
8542, 641
11299, 929
28291, 353
43893, 850
38820, 694
10060, 355
18455, 969
4743, 253
48704, 263
14474, 828
27559, 14
10955, 140
41779, 495
25926, 97
19165, 338
48002, 960
49167, 655
45225, 30
32498, 123
25327, 896
40105, 657
29624, 32
3067, 887
43190, 394
47388, 966
42953, 101
27792, 215
17176, 33
5916, 278
18910, 208
33895, 784
3387, 12
30902, 792
19901, 721
5641, 510
5628, 3
20172, 930
34081, 778
13449, 303
35570, 387
40131, 262
15671, 762
12551, 380
17612, 720
6825, 170
28708, 591
36939, 303
13288, 206
28022, 44
13106, 818
40480, 21
19100, 297
20630, 644
33062, 237
27689, 819
17014, 37
1575, 938
16477, 400
16192, 904
38479, 814
42723, 779
6564, 673
38635, 633
33642, 565
41249, 538
17142, 559
45639, 678
9931, 52
13942, 333
27216, 652
42613, 200
39982, 69
6563, 749
13272, 418
76, 695
5170, 306
47020, 954
13358, 68
25037, 408
47384, 260
31548, 687
44641, 444
31568, 422
38647, 360
34519, 495
11982, 840
27506, 0
19383, 322
3146, 52
661, 284
26333, 939
38851, 297
256, 24
36150, 101
29923, 200
37040, 605
39639, 280
29028, 632
24082, 684
25843, 115
41203, 474
19942, 397
49883, 382
43869, 61
37482, 566
29296, 516
8441, 987
33911, 389
702, 213
33465, 470
42657, 871
37899, 979
36611, 254
43261, 139
39640, 941
35150, 273
18220, 764
32290, 687
18691, 6
43463, 324
17131, 789
14907, 617
8758, 916
10914, 208
4191, 673
14478, 497
42845, 191
31350, 878
17359, 166
798, 150
49481, 343
618, 514
9793, 359
5845, 560
20990, 599
17063, 493
47064, 771
24839, 61
3968, 152
6148, 868
40034, 635
30963, 860
36045, 676
8453, 791
13184, 901
9120, 625
29596, 801
34177, 495
25770, 587
16063, 287
35551, 34
33902, 963
49401, 787
42766, 20
34247, 829
24195, 155
34392, 970
16228, 252
37183, 402
5181, 972
4227, 620
38681, 612
44432, 609
11750, 45
38291, 521
13038, 341
5832, 699
48603, 599
15669, 641
38288, 821
7812, 80
42622, 586
28917, 548
24738, 432
37445, 903
9533, 439
1098, 262
45404, 912
43822, 950
5030, 157
28101, 219
20860, 799
3871, 314
4621, 993
11451, 754
22014, 668
27883, 401
30500, 9
36446, 65
32779, 623
2577, 929
40997, 841
6097, 755
46018, 538
32111, 366
16824, 445
15513, 669
45608, 596
20873, 561
49156, 656
11705, 258
25869, 375
23717, 267
3950, 654
34117, 399
17294, 297
37777, 134
23159, 33
32265, 988
36369, 502
38596, 1
29335, 603
20062, 556
5878, 246
925, 375
24027, 745
14369, 353
17162, 21
34616, 226
48507, 323
35004, 965
17712, 312
9615, 637
49415, 485
18762, 226
20984, 946
25309, 959
46143, 924
42655, 623
45453, 571
44223, 99
5332, 47
24010, 131
4930, 7
15583, 462
19487, 856
17229, 749
15023, 959
39366, 313
32159, 524
16350, 942
13050, 453
12139, 974
23877, 172
37151, 816
1948, 364
10413, 782
16089, 653
20950, 465
16614, 507
4221, 886
29872, 116
39817, 520
40568, 887
39515, 484
5421, 273
14484, 904
3965, 664
23583, 397
21706, 896
43336, 56
46505, 435
32710, 322
1608, 997
307, 306
12374, 610
3319, 287
16260, 451
31613, 537
16082, 838
36270, 413
35499, 167
32892, 4
25288, 844
10125, 606
29755, 355
11294, 390
37996, 485
41375, 718
24375, 993
40646, 776
40552, 366
25975, 366
46939, 885
3951, 229
27797, 95
12027, 462
28040, 618
13378, 409
42293, 21
1664, 94
41840, 248
38999, 21
46783, 950
26536, 4
5633, 562
49907, 49
10758, 511
6446, 91
38859, 639
16757, 289
13576, 483
21909, 178
20886, 62
14476, 800
14213, 775
15197, 306
18768, 171
30728, 727
22706, 863
41051, 82
21451, 81
37053, 660
34340, 130
16392, 54
6169, 61
5978, 704
6027, 551
2384, 126
25370, 833
5853, 579
15552, 630
13391, 189
31529, 75
12759, 420
2489, 857
33638, 280
49828, 115
48954, 374
30843, 385
8167, 93
24143, 354
16268, 174
40027, 836
21353, 977
42108, 677
48168, 171
46585, 843
5648, 884
7697, 788
7452, 712
14095, 140
27591, 921
22160, 872
20116, 768
2196, 558
21846, 325
30467, 556
48921, 408
35065, 785
4345, 597
12563, 9
27018, 55
47918, 861
46538, 956
44495, 678
14765, 798
23037, 967
18028, 259
3634, 927
49498, 40
7903, 399
10071, 768
6957, 742
5600, 213
41313, 752
29693, 678
44791, 785
1894, 710
36588, 724
44998, 609
1198, 375
5211, 286
11047, 351
16579, 257
38868, 890
27676, 705
18750, 697
1508, 429
17088, 746
33776, 918
6362, 718
3370, 290
20392, 342
43321, 642
31263, 109
9378, 394
49200, 563
23251, 288
8901, 272
293, 937
36140, 514
37824, 556
28445, 479
42847, 933
48253, 886
35338, 70
33544, 484
48668, 982
34823, 739
31686, 16
89, 796
36985, 417
34631, 574
3388, 37
27846, 185
29752, 472
47099, 237
3133, 352
9907, 145
9656, 74
40409, 687
18273, 190
28985, 929
45042, 394
28129, 867
47389, 211
6196, 323
24506, 376
31755, 710
48756, 666
45915, 690
40025, 548
43421, 294
25315, 380
10448, 841
36847, 923
19582, 342
44377, 996
43831, 936
45816, 622
37967, 257
48711, 178
27977, 781
19929, 176
21887, 170
13436, 403
13209, 517
39705, 715
26759, 853
44450, 73
42990, 262
44381, 903
7635, 171
28187, 562
46925, 384
25960, 716
6266, 457
500, 60
16702, 206
186, 764
27320, 39
32589, 823
33877, 992
42214, 688
22845, 261
7978, 782
31068, 983
19455, 685
6230, 139
22539, 883
16571, 137
40004, 895
3691, 369
6666, 761
34596, 367
46004, 213
24321, 484
12577, 461
46957, 285
33390, 965
44611, 251
49458, 715
42538, 634
30819, 484
35681, 463
31572, 957
43530, 709
13764, 307
45880, 562
49673, 27
44878, 958
2998, 556
11220, 474
22856, 234
14279, 610
3091, 453
42260, 716
39547, 979
6405, 903
28070, 886
40363, 247
31999, 210
39214, 41
11464, 925
31694, 942
28562, 79
9583, 58
29187, 463
45092, 511
22598, 410
38574, 678
37083, 497
13856, 316
47920, 398
16760, 192
30397, 527
1790, 32
5791, 203
42643, 916
9610, 572
35873, 735
35709, 432
37396, 595
21639, 213
41206, 349
11301, 23
24466, 160
8109, 34
1330, 328
2364, 673
8376, 411
36787, 598
34653, 107
39919, 839
21393, 990
42270, 341
42314, 684
14520, 461
3393, 854
17091, 115
26628, 720
29640, 766
12041, 945
40102, 889
37339, 241
21321, 671
5243, 100
25739, 995
3488, 763
11406, 191
39887, 675
5627, 423
28731, 836
5156, 814
12972, 890
5555, 331
39751, 999
32565, 954
11589, 854
45908, 657
40208, 343
34999, 581
33662, 284
37106, 352
26219, 898
39091, 537
11604, 713
20645, 397
9409, 406
41656, 184
30108, 38
39225, 498
36006, 518
13388, 217
5901, 788
30268, 276
33294, 321
17901, 151
11537, 807
21230, 458
17619, 67
32414, 244
38807, 311
25679, 864
3502, 97
44171, 723
23038, 377
24252, 496
1622, 436
11453, 583
25906, 823
36428, 374
34205, 580
25111, 899
35056, 381
35281, 553
25306, 944
11619, 126
36770, 129
11772, 583
11664, 229
22527, 72
41342, 185
45085, 868
9246, 52
6192, 41
21785, 33
5794, 99
39682, 900
44864, 142
14479, 520
17728, 212
11639, 773
48611, 744
1810, 274
45620, 196
21596, 58
9676, 457
16287, 140
40116, 903
15906, 412
41170, 905
31761, 855
11805, 743
6448, 962
36926, 834
39714, 789
49562, 857
21751, 837
38717, 814
37349, 487
37870, 219
19740, 378
27560, 368
8038, 97
40326, 943
15639, 147
45555, 158
11265, 429
48400, 830
33420, 214
45253, 965
17214, 735
9084, 220
49109, 441
4645, 983
33419, 670
28331, 23
31973, 100
30297, 797
15989, 493
47168, 999
15990, 616
2053, 500
2941, 391
2569, 944
10976, 721
42110, 78
36832, 145
27927, 60
5035, 111
33346, 711
21688, 14
17633, 453
2892, 652
41122, 388
46039, 393
26018, 844
5057, 891
42629, 809
34064, 320
15763, 294
7203, 287
34327, 417
24404, 971
49594, 108
29724, 843
45402, 99
10555, 526
20515, 979
14047, 705
43714, 268
5870, 832
16857, 104
16098, 477
4858, 328
37568, 736
44944, 660
39373, 724
5010, 277
36793, 849
24381, 626
34901, 771
9020, 250
12641, 271
2588, 466
48510, 425
46146, 136
12422, 186
46466, 621
7742, 783
26476, 141
8264, 763
38380, 93
10465, 771
26412, 311
36347, 769
8599, 968
19212, 687
8820, 352
21059, 256
44902, 793
28549, 667
41886, 884
3897, 781
34740, 2
26941, 99
29749, 201
45296, 644
11233, 139
39905, 617
25107, 145
11008, 586
25971, 473
42822, 498
7447, 511
3648, 736
15619, 474
14538, 703
11548, 629
13383, 406
8136, 256
20369, 799
12724, 423
44326, 676
8133, 859
33328, 98
14205, 943
14987, 693
43357, 23
9075, 688
9104, 109
29954, 141
22915, 225
26845, 147
7234, 133
29402, 251
28723, 139
10553, 324
8653, 307
49979, 727
30797, 458
40958, 416
41897, 556
8637, 534
1496, 192
5754, 242
27160, 156
16803, 808
21058, 51
159, 8
25007, 363
8852, 948
9254, 193
30266, 382
9763, 767
6615, 635
9769, 581
49794, 601
9355, 824
47468, 65
3657, 490
19818, 704
13899, 122
2783, 906
29114, 339
3460, 353
15186, 52
19326, 444
37681, 894
38517, 198
23921, 952
5680, 256
4831, 727
20702, 974
19338, 191
26432, 689
5141, 303
4791, 98
40222, 23
39749, 750
11573, 10
32153, 28
5081, 851
6585, 522
28121, 745
4962, 184
8179, 138
32186, 870
45150, 18
22852, 392
21046, 8
40690, 764
30642, 192
15883, 127
12085, 255
21835, 670
15304, 22
206, 860
16416, 362
6469, 787
9867, 576
25575, 979
35156, 554
42062, 422
3733, 353
1253, 454
41520, 683
35206, 541
47290, 254
35762, 427
15729, 5
43761, 4
40132, 522
42097, 962
6705, 555
26474, 598
8701, 689
43112, 62
46006, 676
17503, 1000
23724, 229
21296, 216
37416, 238
44006, 153
33348, 944
721, 25
16858, 490
39729, 146
