9349, 151
15664, 811
30030, 535
3232, 843
9004, 510
29129, 320
7772, 63
37877, 708
17501, 801
533, 742
17338, 679
6540, 549
12843, 866
22971, 262
9800, 115
35694, 226
9651, 406
26675, 928
16968, 831
22041, 943
17703, 861
37092, 481
19918, 489
37605, 735
9379, 883
36099, 115
7948, 556
25312, 837
18339, 364
31857, 559
6795, 429
5479, 462
20167, 741
21119, 351
29918, 484
18866, 893
15999, 996
12188, 977
32300, 853
6309, 482
22486, 566
3782, 238
35548, 681
23869, 193
16075, 468
8732, 709
415, 67
394, 70
9221, 642
1424, 536
17334, 739
29119, 432
21193, 810
6360, 457
19807, 771
11505, 206
14077, 825
8309, 154
13516, 390
2872, 349
36961, 627
13928, 964
37004, 420
11971, 45
646, 676
17329, 62
20014, 44
20932, 423
1851, 305
21963, 365
535, 4
39523, 402
15763, 661
25734, 467
6740, 532
18245, 756
21817, 338
27128, 279
32972, 805
27667, 208
17777, 58
39178, 838
38827, 881
8189, 629
29201, 625
32297, 340
37073, 349
16673, 582
28311, 343
9608, 599
1165, 770
23173, 365
36847, 656
13792, 151
28529, 356
7351, 265
17076, 481
213, 283
23291, 646
5480, 593
22001, 202
21897, 793
39550, 932
6385, 412
32984, 559
23811, 722
31656, 468
27495, 30
9661, 808
20026, 754
36630, 112
252, 940
810, 730
37013, 594
10124, 955
19871, 676
23210, 63
38555, 305
38693, 830
38573, 234
737, 31
14913, 799
30375, 514
21827, 293
8706, 820
5578, 666
26760, 109
13097, 487
31452, 248
23288, 928
31536, 729
25382, 526
10624, 912
21758, 93
27530, 429
17695, 51
15065, 29
22211, 934
30551, 681
28392, 572
11126, 78
30692, 384
14076, 682
434, 692
32944, 26
998, 401
6727, 350
18421, 2
3282, 285
30088, 260
22974, 458
20628, 929
11479, 44
27924, 204
34885, 451
28566, 360
16872, 685
37831, 996
28371, 136
17363, 731
39808, 895
38073, 278
30830, 955
2021, 429
26725, 587
24021, 988
39466, 403
38683, 779
5647, 615
30979, 339
7391, 373
3769, 482
26012, 549
11456, 158
17485, 527
35600, 549
20633, 619
15527, 699
18613, 262
12953, 796
32311, 176
16312, 58
2468, 804
3138, 555
4437, 366
19763, 636
33684, 892
8879, 550
21709, 746
14796, 570
10311, 803
29338, 407
24642, 579
26854, 398
33973, 728
7365, 1
30400, 520
2385, 991
13848, 142
5142, 710
22249, 684
12157, 18
20361, 230
29539, 892
1430, 78
28952, 478
5839, 308
31515, 249
11837, 742
29372, 703
18279, 839
28707, 531
8789, 758
2496, 289
37050, 609
8464, 923
624, 750
25850, 695
28056, 160
11979, 604
5545, 697
35243, 84
34641, 529
33741, 580
30352, 79
26120, 984
15435, 203
6583, 965
7074, 994
3641, 234
11965, 784
26270, 84
14830, 166
25000, 887
39195, 684
25101, 420
25870, 929
23746, 272
21948, 798
39410, 450
5238, 662
20114, 60
26701, 709
3049, 178
28835, 247
13575, 747
28104, 672
17611, 497
27144, 42
13606, 83
36161, 63
3150, 287
9551, 632
34720, 118
19511, 177
8719, 444
79, 949
17519, 777
13854, 282
28639, 329
33256, 690
10322, 646
20135, 582
29295, 64
34008, 295
26750, 967
1434, 180
28624, 506
25149, 290
34665, 357
39930, 353
33372, 407
2562, 210
22080, 667
22287, 45
38936, 524
5074, 795
11195, 903
23778, 699
19568, 606
8493, 594
16477, 876
27256, 890
12638, 184
31224, 839
27328, 779
36228, 927
38195, 374
31556, 561
27226, 150
38392, 348
7086, 864
36856, 694
1596, 568
24463, 432
24332, 465
6450, 599
36075, 588
7167, 851
2717, 553
384, 286
26845, 811
797, 508
10834, 824
27556, 46
11506, 50
33039, 709
13150, 847
9920, 214
5793, 497
10185, 248
33225, 25
35429, 113
12377, 189
39498, 674
15676, 104
30543, 275
25587, 118
27338, 338
38388, 874
32218, 801
21873, 790
23275, 531
34087, 623
24871, 552
33555, 812
22872, 554
4305, 965
28911, 171
20860, 921
13328, 635
11560, 45
21290, 707
27842, 392
30641, 851
15717, 266
29020, 600
2737, 582
5113, 836
22201, 450
705, 782
27986, 415
3653, 257
19024, 392
18851, 341
30038, 247
34778, 937
1956, 882
6905, 93
36095, 599
2428, 823
31832, 835
35934, 171
37597, 955
37425, 711
1777, 421
24315, 4
17257, 661
23814, 337
8601, 425
12270, 138
29073, 974
7986, 424
938, 225
36716, 65
27638, 858
6948, 142
17197, 220
13057, 127
18951, 674
25533, 781
24172, 924
36416, 174
34633, 809
28771, 513
39331, 264
31064, 55
39951, 108
13608, 471
37206, 639
25832, 109
6851, 481
27996, 964
37415, 335
30484, 947
20934, 5
39287, 982
30716, 361
32875, 194
13449, 75
30937, 759
35620, 834
19258, 455
21503, 860
21007, 860
21711, 830
27278, 13
27522, 645
13954, 733
31851, 561
2884, 918
7658, 373
30286, 175
38696, 882
25563, 266
32274, 772
23477, 447
39851, 325
14154, 861
6607, 145
33546, 291
18201, 49
21474, 339
27175, 906
31266, 138
12250, 51
9263, 435
2747, 882
13513, 717
10949, 568
21925, 195
12665, 284
19981, 648
1046, 835
23751, 110
27367, 266
22901, 61
2907, 146
12552, 399
27234, 395
38620, 82
25973, 84
22040, 91
33219, 772
16756, 603
20958, 430
31227, 331
15653, 605
2408, 811
1319, 177
39938, 923
2733, 360
639, 893
37069, 754
17423, 463
3815, 279
22802, 630
5471, 105
2674, 301
10145, 622
32316, 771
14807, 659
4603, 278
9929, 190
39129, 739
28604, 991
38618, 187
25082, 190
26468, 695
13700, 488
27258, 735
1980, 486
13170, 34
36960, 184
16641, 65
36091, 595
30131, 926
15212, 759
30693, 105
27975, 551
15092, 532
34126, 815
605, 180
20639, 804
39860, 517
4674, 940
21788, 826
11426, 689
39510, 103
15572, 482
39919, 450
874, 844
13212, 954
21781, 335
22656, 378
11893, 641
24286, 355
20754, 462
16737, 271
15682, 262
19494, 845
3724, 659
16550, 995
4394, 240
36407, 281
12877, 703
5356, 556
3167, 349
455, 958
36772, 20
16974, 990
9278, 854
20622, 856
6961, 623
19718, 398
10427, 628
28745, 421
14017, 87
19991, 501
2667, 690
850, 544
4949, 87
15986, 675
14722, 0
33801, 878
28408, 260
8094, 98
26796, 481
28150, 196
21446, 122
20309, 307
9037, 157
13541, 875
16767, 547
19278, 24
18873, 449
27693, 424
19018, 607
30053, 579
17284, 171
30671, 54
5215, 184
18425, 581
1409, 699
1863, 674
30371, 907
6252, 170
39340, 559
9755, 75
7667, 434
14549, 697
9276, 310
17998, 109
3708, 952
12905, 476
8522, 120
9375, 848
25297, 652
29135, 501
30739, 501
21551, 815
19885, 708
11655, 477
9684, 655
31302, 162
30965, 3
3980, 927
15390, 376
24911, 120
19180, 256
5786, 977
30511, 246
24597, 260
33735, 450
24678, 143
14179, 214
39967, 728
4780, 831
38920, 329
24800, 165
33908, 966
26315, 238
26683, 819
38158, 785
38788, 546
37610, 292
33177, 246
13553, 73
17371, 706
18383, 750
7287, 580
35509, 697
12773, 670
14245, 78
37392, 325
30977, 374
37067, 35
15805, 431
20946, 673
33423, 963
39042, 200
11342, 193
28077, 362
13658, 391
39068, 159
32639, 833
26886, 343
37471, 530
32096, 402
8767, 747
16996, 330
1422, 381
23707, 58
12375, 784
14280, 936
21349, 290
3617, 446
2491, 183
33171, 877
12523, 831
32648, 985
11310, 816
1251, 466
24984, 537
17058, 545
18200, 547
27127, 424
20520, 771
1270, 98
6402, 993
30886, 698
20955, 621
35704, 817
25652, 559
19478, 174
24010, 734
24237, 291
18532, 107
2324, 835
13911, 450
5197, 405
21169, 130
11272, 664
4841, 657
30479, 804
39998, 641
37927, 582
21826, 740
35861, 314
36771, 624
32464, 827
31986, 674
31967, 495
13601, 135
31755, 16
13081, 429
3132, 599
34101, 282
35718, 179
18293, 614
8660, 911
8935, 401
16385, 836
24170, 765
5587, 766
21731, 943
32325, 419
10364, 709
14580, 471
3762, 806
3456, 145
36527, 253
12772, 615
28260, 379
15348, 323
25688, 871
10901, 662
19846, 608
11814, 423
14462, 725
14826, 975
3208, 266
28093, 381
5401, 253
12476, 793
659, 754
28160, 488
36955, 785
7803, 903
19169, 378
7969, 498
20222, 37
788, 572
32553, 130
26393, 382
4789, 221
17318, 223
35384, 794
19645, 134
9126, 388
28826, 467
10680, 13
5964, 529
24858, 690
19007, 233
14307, 14
28045, 189
21146, 887
24425, 578
18434, 831
35854, 855
9802, 99
25783, 425
31713, 624
7087, 861
22659, 529
4848, 651
3840, 2
14115, 334
5942, 428
2149, 317
32980, 317
10491, 646
5263, 754
38960, 871
14027, 145
27242, 34
32664, 286
33355, 951
2186, 218
38156, 920
7516, 149
35407, 324
9271, 44
15629, 639
1073, 449
20299, 105
10300, 480
25971, 648
26238, 997
27717, 979
11882, 421
24976, 671
28108, 133
2367, 984
8510, 393
13036, 882
10830, 35
6758, 592
29268, 500
1024, 941
26395, 917
802, 878
17013, 707
24288, 658
30615, 781
13671, 871
16622, 966
380, 952
5560, 730
34824, 87
24470, 244
37466, 677
14665, 213
36690, 569
24274, 293
16975, 325
35484, 696
11039, 661
23827, 344
15599, 384
27711, 7
761, 302
31439, 774
27916, 333
33077, 567
38721, 85
9031, 666
25241, 629
7921, 941
12107, 149
26731, 360
21549, 92
7531, 283
35220, 733
1117, 606
14635, 398
22045, 774
11544, 385
11198, 396
33633, 692
23380, 529
38807, 891
37850, 20
17069, 869
6819, 902
23333, 948
39674, 384
16200, 841
31408, 63
32386, 506
11284, 830
9342, 174
30765, 361
33283, 470
33349, 312
33468, 294
39062, 613
8306, 336
12917, 920
37214, 109
3614, 458
17543, 338
39638, 984
17126, 301
37568, 235
2580, 620
15642, 669
31115, 764
28563, 695
17385, 445
9154, 3
34581, 746
24182, 129
11146, 260
20405, 357
37679, 258
16488, 582
2639, 748
23895, 231
38026, 161
25948, 863
25749, 299
38082, 817
5487, 565
29690, 806
31370, 886
8123, 6
3777, 347
24116, 688
28644, 135
31643, 25
3941, 840
21249, 638
22223, 394
35463, 57
2544, 952
27866, 482
24404, 917
20322, 734
20367, 478
13337, 81
5866, 89
21403, 107
12715, 330
12386, 923
6864, 152
14332, 715
12404, 435
33553, 255
2948, 206
18692, 767
6657, 136
28609, 408
15721, 611
17869, 839
14849, 932
17487, 932
14481, 699
5683, 61
31577, 541
34075, 419
6982, 55
8946, 37
19016, 426
25310, 637
22473, 826
35428, 499
7704, 415
33602, 144
14887, 118
7676, 766
39917, 37
17335, 575
16160, 581
23889, 320
14746, 267
23958, 768
26434, 962
18645, 682
24841, 494
33360, 967
23472, 578
14114, 952
33692, 606
23557, 689
2502, 861
13047, 557
11840, 682
33469, 433
15931, 338
6313, 229
6485, 62
34626, 903
28202, 253
3686, 607
18145, 775
2918, 186
29300, 627
23399, 308
22902, 470
9300, 612
12098, 305
10567, 386
27688, 293
39098, 656
13730, 455
23964, 275
23885, 105
38463, 470
32442, 402
11450, 32
8036, 889
39533, 397
10919, 66
33814, 765
36444, 544
36032, 431
14990, 318
38035, 551
34945, 788
14045, 311
35824, 655
39584, 287
2355, 292
16110, 441
35031, 533
33871, 837
17688, 827
35435, 854
38601, 8
14061, 713
14471, 555
20751, 949
12288, 730
34986, 135
18033, 603
4125, 379
21615, 465
5620, 893
1924, 325
35493, 833
31693, 306
18578, 401
38755, 574
35434, 742
22556, 682
35930, 475
17219, 390
32333, 568
24953, 426
22169, 528
17775, 786
16955, 940
7331, 306
16717, 772
10940, 543
10802, 17
7935, 280
12344, 687
11321, 614
22439, 49
24497, 723
35835, 492
29774, 309
10490, 426
22741, 704
3264, 149
37930, 886
16642, 639
28871, 113
11036, 588
10053, 807
1160, 337
36939, 411
36895, 341
32674, 868
14690, 356
3082, 124
35596, 110
3709, 715
38918, 975
2923, 421
30815, 379
23320, 509
37135, 733
20749, 903
37172, 241
18817, 59
11916, 142
36379, 528
9769, 39
36867, 203
27161, 20
6440, 475
10746, 185
10141, 300
31382, 52
29125, 709
11501, 280
15368, 154
13844, 433
31727, 384
39054, 799
13060, 156
35228, 200
12503, 42
36535, 798
1540, 586
8119, 644
4263, 105
19698, 456
22176, 819
9587, 998
36318, 710
32576, 591
19897, 90
28945, 213
29337, 65
26344, 541
17786, 750
32650, 475
25332, 158
13116, 168
1938, 697
15494, 323
18649, 452
35044, 353
8283, 764
26561, 779
38795, 815
21010, 710
78, 927
9856, 540
36777, 538
35637, 43
24901, 853
1936, 54
27718, 375
13041, 638
19255, 908
7914, 582
710, 348
12655, 849
14405, 666
14600, 720
25640, 552
17963, 100
16462, 227
22410, 269
31866, 901
29517, 276
24939, 458
33026, 411
36724, 167
32174, 471
16324, 22
8683, 886
37503, 384
33888, 581
20320, 393
24967, 760
28648, 941
21438, 71
18735, 814
22110, 901
18706, 789
29364, 276
25977, 100
24194, 795
17398, 757
3896, 585
12858, 513
38441, 516
30653, 529
11203, 384
39888, 623
12030, 638
22331, 55
20355, 973
19174, 914
25156, 570
21899, 260
24212, 603
23111, 218
20094, 553
13088, 198
6767, 798
12830, 408
35526, 943
12069, 689
26330, 476
6777, 287
12591, 625
37764, 914
25835, 388
27245, 459
2653, 237
6330, 361
31558, 63
35954, 504
24903, 259
37975, 328
39982, 288
27406, 912
17800, 367
25457, 335
953, 448
26329, 518
3406, 246
9645, 240
8104, 658
3222, 708
29425, 153
38429, 479
36387, 172
14386, 736
9797, 239
7003, 741
23972, 855
23379, 910
10451, 834
6060, 325
32104, 933
18056, 209
19924, 474
9402, 414
30810, 543
39125, 70
17344, 108
22115, 966
24700, 670
2620, 130
24153, 493
24555, 934
26893, 47
18753, 913
39805, 628
3560, 468
13339, 915
25725, 108
31644, 985
27306, 443
23967, 268
34976, 203
6433, 631
11278, 904
33187, 658
8323, 909
26102, 221
23832, 137
15993, 744
22187, 88
10255, 738
17444, 941
21847, 604
38527, 646
39831, 350
5666, 969
18054, 870
5036, 891
31849, 710
23336, 55
35770, 912
25118, 181
11761, 484
20483, 205
39146, 290
4553, 151
13059, 634
29429, 581
27228, 481
29184, 555
27157, 764
24524, 914
7159, 301
13751, 83
35095, 986
26134, 362
6697, 284
3945, 37
35649, 987
11214, 374
21673, 750
25886, 862
38242, 408
31058, 723
33438, 433
8068, 224
25737, 500
8471, 486
20668, 565
33930, 253
28504, 13
13643, 835
32465, 424
26254, 585
1762, 483
35348, 422
25946, 365
3257, 769
16258, 821
35740, 339
4543, 68
2955, 476
38868, 434
37125, 218
30374, 441
24427, 540
38774, 714
8097, 168
5406, 771
3874, 620
26643, 759
21373, 22
9987, 283
10143, 918
28144, 437
8061, 79
22010, 852
16289, 766
13336, 911
9120, 519
28482, 741
32934, 527
16983, 364
9289, 252
11848, 275
28574, 671
31938, 892
19360, 774
12263, 10
30922, 264
25164, 938
18075, 155
8697, 152
1138, 425
4711, 321
16526, 570
1657, 970
5148, 856
33593, 473
20001, 114
1398, 125
9695, 347
8102, 175
26792, 562
39001, 143
22969, 506
24167, 256
27423, 164
37626, 114
11388, 285
30548, 507
38739, 676
25842, 641
9304, 115
21088, 412
23454, 478
20602, 146
35778, 701
17273, 111
30768, 238
25274, 89
17737, 905
16379, 834
27601, 188
31356, 968
20127, 89
8694, 483
23312, 563
31427, 617
33501, 611
24312, 969
32500, 537
6501, 113
7952, 49
18999, 607
36288, 325
31692, 54
1334, 441
23220, 607
14636, 879
17432, 699
35963, 468
27829, 425
17861, 3
20374, 423
39102, 248
10511, 180
23656, 425
30561, 417
29487, 866
33051, 487
15875, 968
28822, 917
31029, 50
35102, 937
39431, 818
1595, 35
13084, 884
2978, 394
4151, 639
31923, 709
1593, 421
28873, 744
25112, 459
8685, 51
34650, 544
16003, 900
34025, 226
32717, 862
23582, 571
28816, 864
762, 341
33699, 906
19876, 399
37291, 269
23711, 604
29746, 642
6028, 985
37656, 999
35500, 286
26425, 548
25583, 553
30368, 96
13677, 701
7905, 666
19191, 303
37744, 39
30809, 166
15508, 900
27896, 622
23338, 527
11107, 354
13429, 758
484, 730
35253, 181
16048, 183
6376, 752
10862, 524
1582, 838
32847, 91
31769, 68
33700, 573
18424, 712
27244, 948
17793, 259
3993, 151
31480, 116
28343, 490
27375, 767
31485, 889
39848, 301
34514, 206
23047, 495
3124, 818
26728, 699
29738, 821
15969, 904
16595, 885
19431, 717
34933, 637
10978, 599
30661, 315
33673, 32
4424, 382
3064, 400
24599, 15
31366, 239
16539, 226
4892, 578
21799, 877
4435, 681
17281, 861
22280, 96
36978, 686
10939, 408
20709, 310
31163, 839
32053, 674
39551, 985
20112, 259
2731, 601
14118, 350
4177, 97
1465, 342
23514, 235
18924, 379
1341, 521
22006, 559
12602, 379
29562, 787
648, 912
25612, 318
25998, 723
20897, 907
5946, 327
15560, 39
1256, 459
4560, 848
36561, 241
33893, 120
28059, 386
25438, 212
17407, 627
18838, 58
10938, 494
37420, 654
25503, 317
28557, 55
2093, 747
35489, 638
37757, 101
16231, 153
9779, 928
1316, 327
37983, 235
17, 68
4611, 34
2926, 153
27917, 530
30837, 530
14841, 705
23152, 300
4746, 406
36274, 844
13790, 150
17210, 3
22142, 711
13549, 963
931, 617
31983, 301
16263, 825
23459, 877
5094, 321
18791, 488
8621, 614
25806, 857
22886, 467
5845, 580
15079, 639
1735, 26
5387, 108
1312, 589
26057, 163
32413, 528
6723, 390
15732, 70
1496, 402
24318, 300
7051, 919
9740, 253
11389, 367
6601, 930
28071, 412
29246, 810
15604, 822
16658, 796
25066, 989
27922, 410
28303, 13
12089, 965
21784, 213
8111, 545
26510, 462
27492, 255
15265, 817
29605, 177
28505, 519
35318, 273
24699, 608
14136, 599
10498, 151
9976, 78
26998, 541
30522, 325
15089, 339
20737, 327
19911, 21
19038, 134
30639, 595
34500, 643
27891, 197
14598, 191
33790, 146
3603, 866
17195, 687
39411, 202
5926, 89
14186, 36
11941, 896
26641, 597
18433, 478
13942, 911
18903, 241
20391, 780
17984, 469
15511, 236
38781, 534
29391, 363
11652, 957
28679, 974
34645, 166
24884, 145
11803, 203
1931, 548
6544, 746
14279, 253
3278, 740
31145, 135
24846, 512
39707, 369
3732, 709
2043, 978
21572, 205
26520, 677
499, 188
39118, 30
19752, 843
8272, 725
23545, 509
2139, 645
2787, 819
38808, 702
28122, 348
24919, 843
27983, 352
10186, 771
763, 733
39811, 337
4128, 215
35647, 116
7767, 217
23733, 943
6021, 784
9790, 954
24607, 516
9536, 257
22172, 121
28176, 770
27368, 949
24495, 655
19866, 206
37456, 454
12785, 154
12280, 403
11712, 772
28560, 821
13068, 814
24924, 496
30225, 582
7151, 125
25367, 690
13313, 447
32628, 935
12720, 586
1823, 545
29022, 122
5770, 583
19519, 583
13919, 509
14282, 768
17209, 98
5635, 646
31441, 331
24183, 338
35084, 19
34647, 849
8650, 382
14127, 566
8398, 415
30812, 409
15528, 753
16306, 967
6202, 102
25396, 103
23946, 976
7519, 295
23996, 277
12947, 460
15459, 494
3340, 714
21641, 58
29243, 985
22508, 81
39578, 281
20009, 972
33520, 249
20617, 726
25992, 20
35064, 631
15045, 578
28863, 101
37514, 275
37159, 177
39799, 92
8553, 267
25314, 907
18969, 562
30957, 426
39599, 405
12457, 260
1653, 602
25421, 164
27923, 414
36547, 737
38800, 329
39937, 328
4820, 527
2499, 982
38002, 389
735, 832
2886, 434
14704, 720
35608, 20
36343, 444
17745, 499
27118, 938
34991, 945
35818, 885
31964, 490
22368, 128
5008, 317
9029, 211
35998, 179
35398, 298
2161, 0
38485, 319
8578, 733
2651, 505
20384, 14
23315, 580
12656, 557
23246, 402
1690, 944
27771, 166
24927, 871
39082, 275
35334, 666
12080, 234
18508, 1000
15903, 805
22613, 269
38409, 105
18768, 842
3987, 461
17268, 403
1557, 943
20974, 541
25398, 220
37344, 99
39658, 620
32795, 910
17581, 210
8716, 117
981, 443
28616, 723
18138, 79
33694, 874
26963, 801
267, 109
26149, 844
9882, 847
25838, 298
5599, 119
1315, 800
6753, 462
11911, 537
21610, 327
35594, 744
4102, 550
28049, 694
20380, 957
20460, 851
16240, 104
29727, 380
21651, 805
35106, 469
19804, 737
20738, 957
22127, 439
593, 945
1306, 497
22757, 247
8233, 260
35789, 88
1968, 694
17155, 62
471, 816
12935, 553
2867, 124
260, 264
20480, 783
5003, 70
17778, 711
14897, 71
9260, 743
23893, 747
23446, 465
4006, 268
30885, 398
32537, 419
8874, 337
10905, 882
39797, 2
23243, 691
25270, 629
34596, 687
7774, 945
36385, 655
27392, 530
29329, 789
37053, 732
7623, 143
11988, 223
7039, 17
36264, 28
37509, 758
21320, 569
12811, 155
11386, 116
30762, 661
23761, 104
4105, 308
25234, 550
25302, 860
30538, 385
1750, 750
1481, 387
23015, 280
14132, 549
36194, 814
37722, 173
27323, 484
18456, 982
26499, 62
15794, 850
32535, 377
11596, 812
9919, 988
11429, 559
22108, 780
4236, 359
36611, 38
24102, 65
33756, 597
22694, 327
32872, 587
21833, 168
10784, 269
3030, 655
24004, 373
33053, 652
2208, 95
23388, 454
234, 728
7606, 209
1376, 58
16895, 566
11573, 951
19286, 852
30740, 923
12264, 541
8965, 294
33191, 475
36715, 915
17671, 620
34757, 272
36973, 781
6307, 241
23848, 699
37184, 176
13073, 418
22775, 248
34842, 252
33140, 873
34588, 393
7364, 832
17349, 203
6941, 276
31535, 580
8299, 112
13069, 49
3260, 929
179, 229
33764, 30
22609, 836
22710, 779
21539, 767
13372, 367
38817, 345
10211, 856
35945, 775
13091, 207
7009, 346
30097, 289
8632, 71
5893, 127
26285, 782
37000, 373
6822, 186
37919, 564
23637, 302
22849, 76
36982, 231
14453, 317
16157, 358
20901, 490
14176, 301
10487, 860
2526, 742
21230, 394
22527, 161
33753, 96
39353, 979
14737, 69
14565, 25
32712, 387
19686, 139
23883, 855
9539, 903
9035, 862
11467, 200
21541, 210
17246, 899
4740, 886
36078, 100
2537, 516
9707, 670
17967, 120
19363, 650
8124, 262
37351, 28
29210, 641
36703, 452
23667, 178
6958, 447
715, 357
3589, 487
36065, 651
30257, 159
18259, 701
29264, 589
1281, 861
5344, 223
20735, 148
25114, 318
14416, 342
31982, 53
14226, 833
17212, 339
3971, 543
19457, 567
36114, 471
33070, 2
3186, 795
18852, 11
37273, 455
11242, 493
25357, 153
23519, 979
9072, 9
1392, 800
23576, 401
25740, 845
18633, 514
37430, 471
4469, 169
11857, 721
37524, 118
28463, 364
3258, 948
21177, 438
22990, 331
9179, 946
35424, 318
36584, 80
13253, 571
26930, 341
21977, 122
14225, 168
14078, 785
31766, 165
15605, 628
12883, 854
26779, 503
15479, 541
19392, 951
3842, 2
36672, 428
13921, 440
26325, 780
34171, 386
50, 289
4872, 932
31389, 813
8568, 806
1205, 443
18771, 969
8448, 666
39804, 648
37602, 466
8844, 313
19110, 474
21632, 242
22847, 266
37376, 504
7643, 77
35161, 722
14354, 48
16507, 970
13122, 818
33883, 535
11959, 610
15831, 844
26242, 296
15443, 391
36906, 114
17573, 997
5867, 849
1365, 132
38597, 531
12545, 943
11727, 435
14157, 14
32012, 304
31668, 459
22400, 820
26451, 598
13061, 965
28466, 844
17595, 687
821, 295
18122, 379
3683, 108
11981, 684
25919, 928
6558, 242
28946, 511
16453, 378
17057, 609
38734, 117
1021, 522
2004, 665
20201, 419
21903, 219
5429, 151
2866, 929
23122, 688
7352, 109
32452, 678
35364, 695
15396, 972
31335, 240
5704, 225
16463, 827
9554, 929
32470, 43
7875, 864
18501, 43
26780, 806
32263, 832
11762, 487
2672, 713
20613, 204
28174, 690
9937, 649
32685, 798
32429, 12
6500, 474
24600, 970
24673, 657
26338, 940
21450, 426
34367, 968
36702, 200
8277, 930
3857, 476
8424, 888
35151, 838
31436, 783
23979, 874
18114, 339
39908, 727
30356, 398
3184, 307
7281, 806
35021, 325
10002, 400
5196, 80
18205, 78
2590, 405
28587, 58
14935, 547
11995, 844
11635, 888
5827, 120
4662, 871
5272, 223
4043, 601
19444, 796
9640, 928
36111, 908
2120, 487
33550, 589
16594, 267
39607, 933
2250, 993
27498, 746
33627, 784
12240, 612
9950, 267
23478, 395
23309, 440
6363, 598
26987, 541
30306, 659
25212, 174
2269, 487
23766, 501
13256, 702
24720, 370
17397, 422
20408, 917
20866, 89
1644, 359
5329, 350
20740, 556
11767, 997
17379, 247
16225, 41
14961, 707
34311, 209
10713, 842
37979, 375
21644, 904
23497, 904
10095, 992
30292, 170
9530, 174
1178, 920
11755, 973
29520, 905
24737, 128
2207, 448
20684, 691
7851, 198
1474, 975
22617, 107
36635, 557
26737, 831
31205, 118
36779, 254
14608, 246
10153, 875
16885, 96
21514, 736
974, 735
6193, 733
20049, 458
8017, 728
7118, 259
10126, 441
21763, 234
2113, 231
20583, 881
34048, 444
14204, 871
16944, 437
24520, 652
17136, 353
13126, 708
8143, 15
838, 940
27130, 901
6063, 261
36434, 602
33134, 887
13248, 597
22290, 485
33751, 875
5799, 392
34620, 685
11343, 813
18701, 745
9542, 157
6057, 272
12075, 553
24489, 880
23687, 682
7631, 4
8586, 535
28147, 946
28126, 990
1206, 675
35210, 658
13605, 205
6573, 517
14419, 476
16361, 285
5641, 745
27823, 92
15756, 808
7995, 321
24528, 762
4542, 744
4813, 226
16988, 704
19268, 930
25696, 141
26231, 850
13249, 771
27790, 725
12018, 890
15930, 127
9902, 475
21133, 535
35827, 402
23344, 638
25564, 933
25829, 508
3880, 160
28493, 936
38933, 921
21984, 753
12179, 108
20262, 392
17860, 222
34888, 523
20502, 437
15123, 324
729, 709
28487, 262
256, 65
3403, 724
19002, 841
8426, 932
21054, 514
14896, 533
39488, 158
176, 34
14563, 209
25227, 663
30337, 888
12572, 735
37833, 479
7683, 319
14272, 604
35020, 991
37773, 393
3811, 651
3974, 178
12118, 444
27183, 615
23749, 321
7078, 888
16478, 665
36325, 666
22353, 363
17266, 1
14397, 209
24972, 814
36289, 661
21131, 635
22312, 223
36083, 176
13644, 209
2919, 591
11692, 402
29305, 67
28247, 22
16264, 524
39844, 668
11748, 698
2404, 668
18707, 927
30073, 82
4885, 74
10304, 914
37695, 689
11290, 625
29481, 455
31385, 851
12813, 60
36876, 619
39464, 31
5589, 978
19167, 166
2352, 463
18824, 88
34355, 545
11123, 101
22160, 861
27961, 828
30067, 650
39704, 488
3936, 745
23926, 406
38541, 559
11436, 995
20914, 360
27911, 968
6317, 127
7549, 101
25631, 583
33036, 63
26383, 620
32635, 275
31501, 256
13292, 863
25932, 851
2664, 619
2963, 214
4569, 965
11960, 696
8792, 384
21630, 4
23630, 345
25150, 746
29165, 423
11188, 871
20785, 125
28384, 757
12378, 192
18385, 122
20333, 880
29108, 215
17878, 154
29270, 471
31747, 589
14352, 133
25305, 34
6579, 96
12071, 56
23391, 361
22403, 388
15439, 472
22785, 407
23255, 193
31877, 622
898, 378
6662, 988
3819, 566
12229, 215
18869, 481
31722, 210
19765, 37
7649, 518
7134, 210
33356, 244
19490, 753
23153, 249
13941, 553
37060, 967
2350, 266
13716, 244
11206, 534
29971, 384
25811, 96
33495, 125
1814, 463
22568, 202
16866, 271
11248, 465
27178, 741
26923, 394
32048, 936
37627, 75
9339, 237
12974, 944
29981, 190
13480, 481
39318, 351
19715, 866
30546, 45
11431, 967
29912, 350
38029, 595
16840, 910
16929, 394
9848, 887
6838, 425
4721, 886
16661, 643
39291, 648
14283, 855
3069, 201
34456, 53
38447, 419
20816, 500
5221, 264
20778, 413
4764, 514
12840, 574
36643, 173
19142, 866
6357, 262
6462, 520
31141, 676
120, 258
15144, 516
6369, 741
5488, 67
2034, 402
1491, 709
13438, 399
34552, 300
5048, 820
8268, 222
32701, 370
17613, 680
22277, 244
4571, 527
13101, 537
4835, 53
10525, 324
27332, 497
11880, 942
20889, 818
39329, 451
24823, 467
5075, 604
14541, 237
15514, 637
27124, 363
1172, 881
6354, 167
13719, 118
887, 204
13016, 988
39089, 840
4751, 960
18492, 624
17612, 242
12956, 200
21457, 763
21305, 32
1239, 441
29506, 97
12083, 389
29857, 437
5878, 169
29044, 428
35103, 333
23986, 991
17458, 508
433, 187
580, 887
15485, 447
23499, 967
30895, 83
3618, 833
7632, 943
14899, 86
25731, 827
22435, 878
9044, 483
36964, 681
39324, 29
937, 402
27275, 950
13273, 835
8291, 33
491, 667
13410, 610
3443, 9
18990, 562
33921, 711
35477, 271
32699, 654
33273, 494
24009, 957
37244, 70
11006, 741
23364, 833
315, 16
642, 712
3992, 748
1808, 772
24150, 915
785, 989
36747, 47
32505, 565
15558, 626
10805, 213
38403, 820
23081, 806
25945, 146
7849, 24
3577, 176
31397, 661
5745, 458
39413, 456
23754, 843
32286, 826
15149, 267
23675, 469
1583, 983
38024, 106
8208, 485
34526, 950
4758, 649
14986, 304
33041, 732
29257, 879
38205, 945
23611, 756
34478, 423
8454, 170
24472, 413
34066, 521
23410, 863
37492, 882
22038, 416
7984, 747
53, 87
2711, 695
30055, 688
34371, 293
38861, 118
34752, 874
32817, 154
704, 90
14163, 592
7073, 47
20204, 278
34876, 869
23185, 577
16559, 930
21194, 686
18905, 585
16700, 359
16272, 163
22004, 788
12065, 364
26339, 390
30183, 881
34565, 758
8289, 449
24624, 242
33861, 744
22773, 143
38495, 701
768, 176
13227, 295
8425, 687
24062, 241
39043, 773
1691, 698
2899, 527
30798, 109
35721, 934
109, 126
36006, 782
4442, 265
16634, 879
3908, 96
8521, 154
28700, 778
35432, 612
28836, 662
31123, 291
4441, 999
5071, 907
17286, 852
28383, 443
36732, 63
32716, 2
24766, 244
32930, 274
13299, 292
28264, 258
20920, 855
21898, 324
22774, 599
10093, 174
8258, 138
6469, 585
29360, 580
2629, 537
37756, 49
11548, 453
12657, 420
12535, 601
30725, 347
34639, 339
6189, 54
27615, 752
33727, 340
32092, 496
18718, 985
34201, 51
3788, 811
17494, 817
31269, 409
1805, 262
39011, 53
4717, 676
13864, 287
13149, 311
32532, 138
19504, 228
15731, 583
15954, 492
22357, 765
14380, 826
24565, 999
36804, 898
19442, 53
33519, 689
4969, 213
8832, 61
34361, 475
24012, 796
11099, 354
39676, 386
24747, 779
32154, 961
6076, 923
27121, 146
9943, 94
30210, 281
29086, 681
11679, 508
8538, 460
32810, 928
25325, 334
25637, 125
16569, 651
21145, 618
36428, 939
19119, 45
25542, 674
5421, 679
27026, 276
8182, 62
10571, 104
10947, 529
34088, 499
24305, 794
27629, 832
30470, 691
19045, 926
37993, 534
17560, 481
9145, 164
16845, 859
36475, 159
4590, 401
2684, 685
14214, 518
5082, 831
4970, 511
21003, 499
7975, 344
39790, 258
431, 166
262, 874
19618, 412
10657, 495
27761, 568
12623, 824
11934, 479
22610, 279
33983, 433
16256, 325
6884, 186
29816, 646
6551, 284
24087, 533
16578, 192
35332, 500
38594, 795
9045, 192
13635, 213
22730, 497
16270, 204
13900, 119
30874, 375
13508, 521
6716, 398
7822, 875
14289, 146
23987, 130
38856, 51
33719, 152
2595, 683
20107, 305
25337, 693
1049, 283
634, 203
39418, 402
35538, 362
11543, 126
6031, 594
39776, 338
8438, 471
10783, 514
29926, 844
39716, 693
39492, 613
29894, 949
19305, 459
39933, 60
24853, 412
13109, 851
10578, 436
8501, 267
18393, 359
12042, 501
2604, 367
28847, 467
3991, 163
31520, 536
1492, 237
13688, 145
9982, 814
28526, 197
35787, 485
9117, 789
18756, 539
22598, 167
14367, 130
39666, 972
16102, 639
2492, 105
31378, 52
20626, 954
23321, 517
31972, 381
14257, 844
4475, 8
2436, 180
28055, 633
39991, 439
5226, 241
20175, 419
20392, 496
2020, 872
0, 248
15433, 705
38979, 98
18218, 114
31574, 724
14458, 561
18130, 789
7664, 878
34769, 330
29619, 202
2852, 863
20368, 770
30995, 781
3520, 146
5653, 383
31203, 64
18790, 97
38203, 369
15634, 293
13577, 589
16238, 521
1484, 304
24880, 769
26614, 498
18345, 639
39871, 442
2168, 663
28523, 559
18482, 212
20944, 228
35719, 546
7170, 926
479, 88
4781, 160
12328, 982
24226, 598
15235, 887
7176, 663
32308, 606
5359, 543
8749, 911
37279, 933
31793, 601
37909, 842
525, 812
2746, 899
30344, 170
13, 472
12046, 503
21209, 99
35996, 28
12149, 754
16364, 631
26591, 243
32402, 571
183, 979
32270, 989
24230, 432
36035, 126
25188, 267
7832, 807
6959, 724
35086, 532
33431, 187
29703, 320
9613, 899
35441, 699
6655, 144
28397, 277
10928, 480
32143, 601
39063, 631
27918, 409
12938, 618
15973, 873
30512, 560
25170, 816
37720, 916
28860, 618
6219, 6
38231, 944
7710, 951
20435, 72
28512, 590
24098, 806
4741, 213
34735, 594
3444, 376
26284, 494
39269, 284
853, 329
10256, 773
36131, 58
1028, 997
34035, 630
32290, 577
8166, 717
14029, 255
2541, 284
8516, 308
3168, 620
19074, 28
10158, 505
23420, 663
28711, 177
6680, 652
39321, 621
34999, 747
23267, 656
32750, 524
31845, 194
15700, 445
29833, 269
19381, 412
15666, 465
32593, 430
25056, 234
33885, 569
27109, 964
27682, 174
7446, 892
38912, 446
29348, 118
1308, 835
19714, 191
731, 345
27479, 601
29817, 995
5440, 881
5411, 344
24785, 517
21484, 933
37117, 568
25024, 733
38660, 369
21880, 82
10697, 866
31561, 532
13056, 273
22664, 305
34746, 392
12275, 258
7883, 482
7626, 487
23428, 833
12415, 754
1001, 993
10409, 628
25793, 302
38217, 868
4918, 715
13007, 245
9689, 747
37620, 465
17471, 765
9827, 443
25022, 100
36820, 537
13940, 585
17277, 203
6055, 976
14258, 383
38569, 927
34942, 885
11881, 972
4756, 22
9777, 417
15243, 458
33987, 159
8837, 860
16146, 268
20584, 634
34392, 751
15598, 121
23510, 181
35229, 957
32796, 80
36042, 144
14409, 188
15117, 562
17310, 58
20255, 878
39349, 732
33402, 118
2909, 127
33652, 467
13027, 79
31223, 404
26268, 344
28342, 549
15927, 103
8850, 823
8672, 200
13638, 432
26398, 786
27808, 789
20227, 613
36222, 0
33900, 726
38349, 12
30715, 835
32996, 547
14432, 262
23381, 152
8460, 390
29540, 798
8658, 368
23879, 597
37326, 493
7226, 795
33160, 539
28763, 632
6560, 17
26291, 306
902, 752
82, 978
8391, 725
17576, 679
9482, 623
619, 281
4225, 678
30181, 830
9572, 262
30056, 457
38777, 317
296, 652
2612, 588
28683, 85
1673, 674
4570, 775
27074, 218
13391, 891
16042, 174
13295, 607
17541, 923
23078, 305
19456, 898
11661, 969
2403, 972
25407, 13
7256, 115
21922, 22
9988, 807
18255, 527
23896, 295
14400, 126
15602, 682
36155, 131
37581, 735
15992, 373
8241, 908
26028, 663
34414, 524
37707, 767
5267, 341
38501, 772
5753, 918
18977, 249
16050, 102
19453, 446
18571, 798
39224, 863
14677, 200
9314, 96
26729, 551
31960, 365
36105, 667
23935, 823
133, 57
3956, 261
11929, 299
35993, 528
1292, 289
17401, 720
34608, 504
14523, 164
16128, 532
26667, 462
2848, 223
5098, 74
10699, 182
9101, 721
32919, 723
15415, 894
28544, 499
5334, 959
10865, 411
7963, 152
13701, 360
6115, 800
19281, 51
36140, 563
714, 29
18007, 48
38243, 356
5085, 556
26418, 905
20895, 45
11031, 391
7478, 195
12674, 321
32821, 771
22913, 508
31802, 789
5591, 185
8461, 615
9759, 357
18420, 542
21477, 237
12105, 435
38625, 250
21640, 163
19236, 125
28502, 673
15806, 339
24834, 872
3045, 887
36117, 1
23092, 981
34911, 841
8149, 569
27389, 453
2260, 433
11469, 948
15932, 140
18063, 529
13708, 956
3304, 113
5808, 943
39191, 119
36988, 212
919, 200
34418, 540
15160, 538
14773, 402
35838, 635
18253, 480
26811, 544
38709, 843
19993, 888
8612, 118
3906, 110
25921, 486
36132, 674
36506, 713
19524, 549
35082, 248
31770, 991
29111, 166
28172, 905
32504, 617
36229, 471
7684, 294
29403, 198
15255, 731
33412, 338
20907, 772
21167, 237
22834, 176
19321, 211
39560, 934
29792, 961
30235, 788
28828, 372
14346, 291
4213, 337
35697, 367
6906, 290
4133, 205
2574, 384
13333, 448
622, 719
33284, 547
4030, 24
5041, 772
12867, 536
16850, 602
29798, 979
5706, 214
22600, 192
37836, 220
27902, 151
17901, 57
22576, 129
11816, 56
9384, 599
30793, 642
16913, 763
2351, 292
2509, 313
19083, 520
12281, 476
6840, 979
11736, 249
18037, 727
21631, 534
9220, 819
37843, 621
19997, 436
37140, 375
2513, 428
15521, 650
17840, 613
27815, 836
12547, 356
16653, 921
39219, 795
5435, 543
14445, 540
28435, 960
25687, 487
34694, 915
503, 655
38723, 223
11662, 628
4666, 228
10314, 469
32349, 587
29731, 143
12737, 536
19040, 470
5014, 839
16024, 393
28288, 924
22586, 210
34897, 770
16288, 654
1255, 269
17099, 33
3902, 842
23665, 756
39276, 160
39970, 250
28226, 161
34845, 321
24126, 538
29535, 781
32633, 749
39103, 154
33759, 936
26732, 309
34950, 64
29654, 533
19841, 148
19913, 947
12346, 15
10821, 768
32988, 636
31082, 651
12507, 875
26227, 694
5335, 730
15778, 5
30795, 161
31033, 791
39728, 226
26806, 323
19593, 619
32923, 407
26176, 444
21022, 40
20961, 132
910, 57
17726, 574
5741, 865
2751, 582
33443, 771
34412, 938
31701, 252
13440, 931
21537, 770
16384, 553
19625, 521
3643, 176
30178, 360
5437, 642
10061, 301
18035, 159
2824, 295
9606, 340
30883, 76
33275, 808
10430, 969
37703, 441
26938, 59
23798, 512
2542, 350
8336, 449
1564, 49
17710, 259
26019, 369
3229, 954
11135, 348
30588, 94
5917, 985
15917, 936
19963, 499
20306, 146
28517, 645
10079, 377
3545, 602
28457, 95
17731, 203
17226, 683
17372, 554
9480, 279
6725, 929
32432, 901
13933, 323
24282, 228
12317, 882
16138, 991
35517, 256
39740, 307
3307, 923
17498, 788
29911, 195
27382, 388
11967, 297
8766, 778
23973, 211
33388, 199
14477, 610
14882, 446
16418, 188
18136, 802
10466, 26
8205, 955
7991, 681
22084, 459
24789, 373
31114, 488
37100, 388
25924, 76
38907, 400
35506, 208
35559, 881
21232, 729
27022, 683
29312, 248
14436, 79
12237, 532
8389, 103
14345, 622
16331, 732
19039, 866
36739, 990
36287, 913
26787, 641
7537, 491
37670, 498
27494, 854
34333, 667
17813, 581
37765, 210
35791, 860
17562, 931
15027, 536
19147, 526
39258, 259
17271, 498
8838, 434
23727, 131
26538, 453
2944, 568
26585, 917
24514, 887
18678, 463
6504, 8
19463, 661
38453, 608
26066, 239
2631, 771
4262, 322
32945, 331
664, 927
29082, 877
33407, 819
36344, 88
22504, 509
28192, 350
15432, 467
18364, 938
39983, 174
1135, 306
18405, 591
23177, 266
4215, 156
18628, 140
20407, 518
39949, 469
834, 606
21455, 607
11722, 825
18135, 110
28588, 683
27596, 33
26137, 130
15145, 572
6569, 908
10032, 477
22949, 577
25904, 642
37834, 711
8244, 327
3288, 322
35340, 638
26121, 989
16571, 626
12285, 867
13703, 620
31324, 236
15911, 415
23670, 434
32345, 712
23116, 895
26636, 849
27260, 520
4503, 87
25864, 55
25613, 580
36595, 973
14827, 692
4163, 404
10719, 692
27414, 223
32629, 450
12243, 878
17588, 606
26456, 701
8226, 479
16303, 127
9405, 184
28465, 822
3774, 470
19745, 58
39094, 78
27210, 198
20973, 416
34520, 546
10003, 947
17320, 494
16055, 260
15699, 99
21820, 386
4265, 715
8363, 504
39157, 826
6641, 577
18156, 498
1086, 734
3723, 563
5293, 411
32434, 271
20471, 409
20977, 721
5678, 5
10591, 797
16874, 305
34544, 23
31624, 35
38656, 27
6800, 275
37386, 892
36267, 799
29842, 46
7325, 524
956, 637
14902, 284
59, 615
30198, 176
25292, 992
33271, 108
8682, 551
16076, 642
8638, 66
36005, 216
32673, 839
4632, 173
34430, 904
10048, 73
38925, 229
30800, 11
30175, 975
28441, 993
1637, 317
31604, 689
23236, 12
8369, 626
15299, 80
15697, 842
15112, 131
24770, 7
30272, 37
32417, 949
23129, 97
36846, 20
15200, 6
7783, 986
20160, 885
34947, 401
14116, 388
513, 540
36979, 110
546, 206
28893, 727
12475, 670
39328, 394
4154, 55
4960, 74
20913, 897
32533, 513
23386, 953
8991, 522
3129, 209
18523, 813
38227, 615
39788, 423
11333, 975
37121, 390
16142, 136
33159, 921
19227, 914
25839, 969
9042, 135
15562, 806
33242, 130
20752, 296
5739, 173
36720, 564
39368, 250
12603, 735
33613, 287
20931, 861
11401, 776
33391, 341
2082, 636
3912, 288
6678, 470
36930, 629
3963, 247
10424, 100
24474, 495
31092, 371
6731, 393
24469, 760
13039, 363
23016, 419
8147, 233
5576, 907
13140, 828
6303, 356
22344, 479
32953, 1000
32354, 916
738, 327
22723, 701
6576, 411
30535, 569
6072, 694
14508, 557
31119, 358
29296, 258
37854, 878
28341, 262
11294, 792
14954, 1
29603, 986
5997, 825
15569, 73
12227, 915
38341, 600
32001, 8
38204, 861
15730, 642
5403, 912
30332, 403
39722, 162
30018, 520
13951, 627
35055, 1000
29475, 494
16930, 188
22965, 335
29389, 98
17536, 577
34310, 727
33705, 551
9026, 179
4018, 872
11610, 391
8089, 888
12124, 91
10360, 192
16216, 902
25051, 84
19503, 45
24512, 408
18861, 449
19214, 57
31210, 294
28074, 290
12764, 888
14769, 106
17020, 76
25765, 980
26332, 389
12291, 896
38578, 22
17482, 262
3763, 682
33857, 824
540, 998
16036, 652
28462, 581
26990, 343
28168, 62
5153, 16
5279, 709
14578, 211
7912, 979
20950, 678
8004, 309
26461, 867
17120, 202
36880, 385
12152, 554
30817, 828
35685, 818
39033, 677
13445, 468
30709, 905
33285, 335
15786, 721
28959, 225
10088, 24
4728, 263
34982, 285
20164, 903
25207, 801
22695, 592
2976, 225
115, 126
17995, 154
6370, 711
36593, 315
16699, 177
36365, 116
19550, 415
4732, 783
29004, 967
18992, 434
7357, 173
33173, 527
5231, 415
33185, 274
18814, 408
34624, 624
37123, 869
27377, 925
12805, 161
11029, 239
27561, 48
5557, 323
25556, 803
7752, 457
14824, 308
27614, 726
39702, 906
1271, 608
32239, 201
13869, 702
14556, 12
11068, 524
30904, 614
323, 786
29384, 84
15813, 626
26825, 260
16159, 246
19853, 556
27182, 124
30921, 93
33761, 366
4986, 767
8540, 323
901, 709
14363, 673
15798, 998
37898, 700
8973, 978
37538, 894
37320, 856
25007, 208
27534, 504
19648, 234
26048, 113
1318, 960
30681, 201
17907, 135
15042, 206
29468, 926
16735, 680
4837, 592
32217, 17
34304, 209
14441, 387
4847, 379
32240, 731
11740, 671
23795, 230
24734, 986
5777, 920
27665, 185
37977, 426
31070, 179
17552, 963
15054, 177
38013, 984
18212, 753
5262, 350
20108, 184
31250, 233
28062, 333
7558, 610
2242, 907
26518, 792
3175, 216
15958, 985
37338, 263
26634, 514
8275, 406
19998, 834
2196, 747
6898, 380
22684, 121
27322, 577
32034, 698
3100, 170
20698, 944
37950, 191
29699, 5
30961, 72
16235, 708
8015, 770
10818, 890
36693, 313
29819, 802
37910, 360
1277, 937
32485, 205
32773, 328
30209, 617
29579, 547
33743, 1000
8527, 337
13653, 798
7536, 655
35277, 248
8592, 972
39192, 960
30222, 713
4023, 72
29516, 507
1015, 855
15131, 729
30649, 664
26546, 330
14955, 550
36050, 717
22005, 231
32637, 451
32705, 940
15438, 658
9365, 945
10011, 238
2374, 137
32848, 798
35216, 58
32461, 186
8207, 24
33540, 390
23150, 190
28157, 665
26144, 774
7584, 568
10119, 651
28585, 286
37224, 728
32019, 658
24327, 60
11117, 389
17623, 823
7559, 552
33087, 184
5189, 902
16979, 798
24053, 527
19528, 272
22206, 913
23951, 33
11838, 832
39040, 260
1971, 897
24017, 380
20289, 598
21790, 593
32102, 1000
169, 883
7147, 512
35841, 506
16234, 101
7733, 684
12782, 270
10266, 605
30165, 889
29889, 835
22625, 334
2177, 518
22739, 318
24744, 902
32503, 916
20382, 529
17132, 482
35446, 245
21208, 802
21016, 908
25472, 343
17024, 859
28318, 742
299, 856
5332, 691
14864, 218
26775, 450
21850, 489
10869, 826
37194, 850
293, 532
7808, 875
9275, 598
6226, 165
2538, 269
35792, 188
31816, 281
36062, 999
32412, 307
8349, 23
37240, 44
28892, 905
34815, 569
3305, 940
2524, 125
5509, 489
24873, 576
27041, 71
10174, 921
9336, 404
944, 326
15640, 573
16139, 603
34208, 898
36591, 709
30267, 119
4422, 405
13473, 330
35141, 816
36878, 897
34401, 812
34187, 349
26059, 844
21079, 765
25513, 29
18297, 441
31687, 86
34850, 915
24935, 276
20654, 296
19833, 912
30952, 609
13788, 305
12252, 591
20906, 305
20595, 4
14959, 627
5550, 853
34568, 523
32144, 484
7843, 765
21363, 773
7000, 619
11498, 467
28843, 481
13722, 973
11380, 707
174, 415
36329, 188
26345, 155
17199, 12
23621, 149
37842, 917
14985, 77
4478, 653
13887, 882
19125, 418
7886, 999
305, 879
25029, 240
7517, 865
21961, 98
9966, 230
2992, 900
13341, 762
27101, 333
130, 147
24069, 18
38937, 826
20829, 496
1404, 849
33097, 678
3796, 464
22317, 919
23877, 958
25623, 623
4928, 531
27698, 69
25665, 954
33152, 473
21814, 828
29446, 784
27591, 964
18742, 458
16351, 758
20731, 161
14840, 287
10761, 429
35972, 806
32809, 890
30595, 76
23763, 206
15411, 909
8400, 859
37971, 349
2194, 22
4529, 897
20653, 397
10769, 72
27726, 564
35586, 422
9833, 646
572, 378
4467, 414
6749, 919
24840, 179
25764, 985
13824, 85
3636, 596
27051, 845
4762, 407
16402, 138
35280, 500
7811, 863
12553, 637
5798, 777
9532, 709
30702, 133
23416, 278
8446, 990
12748, 627
13914, 264
6677, 744
36253, 803
918, 497
30802, 698
32427, 830
23629, 11
1065, 585
2450, 551
37687, 364
33228, 440
7873, 465
36850, 459
10273, 352
16752, 362
8567, 96
39171, 719
9237, 921
5807, 116
1123, 808
9415, 147
17039, 494
28273, 577
12425, 38
1708, 343
16464, 900
4060, 751
23473, 167
10930, 985
39787, 367
29031, 263
35511, 235
11236, 38
30476, 784
3046, 93
18151, 8
15220, 666
28666, 437
28657, 18
26335, 353
13885, 925
3466, 145
33864, 461
30575, 967
26252, 230
39779, 12
17779, 514
22423, 944
24988, 736
38411, 823
3507, 727
14870, 791
35039, 495
24494, 583
35755, 657
24855, 668
34250, 472
4089, 661
34038, 565
25463, 821
24933, 636
31289, 31
9997, 326
35296, 845
12500, 958
29214, 409
14084, 564
8728, 578
37806, 9
4260, 408
16071, 777
6109, 385
26452, 415
36969, 646
30361, 390
17987, 19
6251, 980
25670, 275
33038, 240
33950, 738
31076, 257
17687, 587
1787, 203
37978, 721
27141, 334
33897, 988
281, 776
24036, 2
8199, 325
17938, 937
34683, 890
35294, 375
21528, 411
34146, 158
28442, 107
24902, 590
4007, 802
6698, 938
31937, 980
7910, 159
6901, 908
20545, 660
38814, 667
6649, 256
13229, 481
32995, 667
31795, 535
30648, 682
37795, 865
11509, 61
23290, 291
34499, 204
26000, 345
9654, 422
36951, 521
39201, 4
23924, 308
30334, 19
15970, 501
31459, 841
6692, 13
30752, 51
11765, 874
24568, 768
1918, 94
29609, 640
27439, 915
22838, 999
4935, 177
14705, 258
4754, 584
14107, 935
3901, 674
13630, 107
27086, 919
16691, 932
36037, 148
3293, 585
27300, 420
36670, 94
8140, 767
13282, 230
7028, 532
2452, 935
14780, 889
1489, 432
18442, 667
39984, 393
10889, 728
37788, 669
26495, 518
398, 844
31889, 680
8050, 965
29638, 417
13882, 283
37335, 607
26669, 572
26086, 169
38570, 513
36854, 992
10478, 368
7850, 106
10236, 372
29289, 613
5368, 609
39980, 406
25787, 30
39491, 474
11150, 881
4092, 51
36579, 96
37126, 970
25412, 322
25049, 942
968, 700
371, 544
37740, 237
7306, 905
1067, 74
5317, 568
35000, 927
15058, 95
25473, 327
4474, 90
34894, 677
22691, 163
36090, 168
33810, 861
20259, 993
36320, 146
17239, 443
7619, 447
39576, 570
8388, 552
31488, 701
532, 166
9345, 494
31150, 324
7431, 93
36247, 610
10931, 609
27419, 185
21424, 137
6871, 423
39010, 405
10694, 617
16629, 134
36001, 64
9638, 827
29581, 185
3162, 847
9647, 0
21734, 461
10950, 149
15610, 261
12882, 988
39490, 32
10320, 976
29479, 960
7293, 904
18509, 414
17767, 761
28511, 277
30283, 49
31738, 274
27069, 879
3772, 229
3564, 973
9573, 770
28917, 776
24804, 259
15579, 945
13860, 664
9170, 851
4103, 368
39307, 804
33490, 695
36523, 501
31518, 795
26863, 970
10863, 28
21926, 739
24731, 206
11625, 393
31568, 147
38364, 707
4908, 272
32158, 734
27959, 241
11873, 996
28429, 9
23546, 978
7038, 82
17214, 781
20608, 636
32383, 865
7768, 727
8979, 791
9378, 968
34787, 599
154, 709
1757, 981
11424, 376
39045, 759
1771, 779
17732, 768
15315, 756
28188, 923
14892, 146
4744, 449
13807, 623
6938, 873
35085, 511
12467, 276
21, 468
19849, 516
12036, 332
26385, 383
2843, 113
22071, 197
4035, 293
3903, 579
31419, 369
31729, 730
38329, 392
5194, 88
4228, 790
26744, 524
27820, 752
17711, 272
35143, 476
16066, 281
15343, 261
18221, 743
8267, 895
27781, 302
38230, 261
7554, 933
27666, 760
25418, 53
29836, 183
36833, 901
26317, 221
32986, 157
19484, 249
20402, 256
7095, 706
14912, 68
14939, 98
7271, 231
4747, 722
36278, 811
10452, 79
17812, 833
6152, 173
17003, 530
3271, 268
1986, 209
34036, 667
27555, 691
34810, 745
24798, 256
24319, 605
30, 448
23182, 319
36258, 511
12196, 180
38741, 452
3965, 789
367, 823
9926, 658
2682, 870
24459, 437
13727, 409
32546, 581
5652, 769
5256, 590
38732, 619
6541, 280
28691, 948
39648, 206
30828, 831
31680, 895
19369, 97
1524, 533
32321, 872
1879, 48
16427, 151
31425, 48
24864, 993
10509, 322
16883, 593
6861, 736
11593, 691
3734, 225
5495, 199
5965, 41
2768, 584
28464, 992
24595, 852
33523, 80
2283, 666
22388, 958
10572, 977
13044, 216
21048, 911
13419, 613
22365, 482
10367, 188
28937, 54
23437, 309
1417, 979
3407, 888
25810, 199
1700, 86
19604, 351
31181, 692
697, 767
36054, 911
34389, 296
29633, 807
33977, 928
20957, 995
15761, 22
11011, 535
34629, 5
37136, 704
12390, 825
14604, 997
26074, 168
29318, 743
4906, 444
19635, 963
6290, 168
14812, 188
23483, 705
8613, 95
22850, 452
800, 824
22307, 103
39909, 69
17198, 997
38291, 671
7955, 392
17499, 317
36457, 940
21309, 935
39493, 429
14359, 168
185, 128
39111, 698
3079, 599
6206, 559
5375, 887
12301, 518
1797, 68
21560, 320
24706, 377
38197, 959
21107, 285
21307, 227
23012, 265
16967, 503
13968, 737
35878, 836
34505, 787
37195, 961
13498, 258
30062, 62
23703, 463
4046, 435
13387, 6
26436, 35
15146, 364
36800, 58
25821, 142
4914, 933
1085, 771
8404, 675
33192, 488
5095, 414
25192, 258
23131, 105
38281, 890
13201, 57
22044, 591
14702, 443
2310, 119
33311, 847
5445, 729
4653, 665
22417, 470
35149, 513
30080, 310
29079, 466
29907, 63
56, 731
24154, 724
8093, 586
20616, 299
39623, 839
39293, 958
13526, 531
2730, 332
20422, 526
20377, 823
33076, 396
28817, 53
35595, 323
36146, 55
5783, 461
36639, 982
11374, 720
12950, 996
21821, 117
3512, 666
11791, 997
22441, 877
480, 650
19693, 127
17876, 707
1857, 203
31044, 788
17642, 465
36430, 42
27624, 327
16368, 748
1642, 263
992, 198
30917, 665
5517, 192
946, 158
8560, 620
18026, 858
20706, 585
7383, 842
26555, 817
21946, 520
31445, 424
32515, 944
1427, 75
12348, 477
30010, 369
24929, 458
37272, 215
10955, 135
24358, 743
18721, 825
23549, 278
16907, 959
3544, 470
3935, 344
6939, 330
2849, 484
1622, 784
34078, 759
6343, 539
26047, 454
29796, 588
28256, 534
8181, 154
26611, 41
25196, 664
29828, 359
15644, 13
16580, 409
10782, 254
806, 805
2296, 493
74, 615
9724, 110
21612, 766
35830, 722
38428, 893
29411, 335
30683, 969
28530, 605
21876, 749
30703, 8
26714, 254
5312, 538
777, 905
4873, 625
25827, 318
20964, 989
8995, 207
34557, 929
18173, 33
12871, 606
27021, 207
2641, 413
14917, 841
14886, 884
8589, 771
15612, 177
35785, 95
35135, 158
18928, 763
9616, 795
38590, 787
9566, 983
32729, 751
8110, 242
17555, 667
24651, 263
3922, 479
32563, 479
19917, 658
8173, 697
35028, 860
26411, 706
31001, 716
34534, 92
1552, 423
37849, 696
5788, 692
39605, 527
24163, 492
13684, 990
20636, 904
14723, 377
26513, 220
33672, 509
9001, 978
25426, 189
28709, 42
30888, 663
14465, 490
35283, 338
13263, 393
29830, 910
4555, 713
11125, 549
31764, 53
38819, 834
29037, 464
21337, 908
32538, 795
9900, 784
28573, 970
30545, 610
10306, 768
3087, 908
2239, 694
15031, 726
28824, 811
16963, 450
27507, 348
1951, 366
15383, 733
25167, 759
18540, 650
37393, 137
11858, 977
11886, 819
13489, 773
27225, 34
4258, 2
21454, 76
7396, 595
4816, 842
39616, 212
15529, 165
20202, 746
23052, 561
545, 392
31410, 188
4557, 432
34110, 72
30066, 777
11113, 150
5151, 117
23462, 829
23850, 258
13693, 981
2490, 75
27650, 227
28356, 743
18455, 47
10023, 526
1359, 292
20566, 545
22578, 580
38104, 279
2160, 434
21726, 336
2206, 469
304, 619
757, 899
29075, 542
22853, 660
33511, 662
31020, 896
6640, 923
20826, 311
5529, 142
16077, 697
20513, 919
19639, 425
37603, 249
36113, 379
19826, 477
35724, 137
17378, 406
19421, 150
2504, 595
22686, 44
35088, 680
36700, 530
36768, 8
4965, 33
9633, 500
1669, 404
76, 552
22366, 24
22072, 139
20211, 493
1820, 806
26926, 182
24473, 205
31867, 159
36645, 567
10559, 415
34028, 77
11553, 938
23480, 874
16905, 960
8040, 724
5313, 738
34955, 204
18343, 629
3721, 523
21122, 186
21800, 798
8525, 692
25695, 175
13169, 211
21815, 792
2369, 715
26279, 520
24174, 572
25698, 44
6654, 615
30718, 841
32458, 169
14356, 598
17073, 218
13070, 364
7926, 11
26995, 950
10028, 868
9312, 787
772, 975
9547, 462
13031, 630
20564, 952
2880, 138
13729, 320
8743, 642
10960, 77
27390, 43
7201, 362
18322, 170
36621, 322
19034, 530
24505, 285
5176, 153
18127, 859
39409, 750
20768, 609
12524, 690
7763, 11
27501, 230
6717, 869
51, 383
22017, 951
15765, 97
16267, 803
27113, 43
7191, 163
8225, 894
14641, 502
35552, 293
22182, 179
29398, 135
14162, 98
22282, 617
33524, 64
38659, 612
21241, 311
35752, 279
23048, 889
32275, 71
34551, 254
399, 975
33484, 588
10015, 447
13318, 70
12839, 516
20975, 392
11888, 814
5566, 553
36087, 896
29902, 296
34605, 855
13642, 617
32114, 856
28725, 264
2825, 541
8714, 974
13182, 201
16114, 267
25535, 515
29366, 51
38764, 944
5679, 499
4895, 478
34404, 90
24353, 180
26462, 860
5130, 679
32548, 333
27484, 450
27036, 341
7829, 593
143, 695
15947, 724
2581, 252
14984, 387
32927, 931
4704, 163
37409, 541
37424, 558
16908, 351
21185, 545
25868, 651
10724, 265
18505, 804
30875, 671
38445, 778
32573, 483
31519, 726
32455, 90
21218, 278
29194, 458
28949, 768
18049, 368
4920, 631
10127, 207
38499, 67
5841, 679
14941, 714
24143, 130
4515, 193
10642, 121
5794, 246
17544, 217
6962, 775
32641, 593
9963, 382
12921, 536
35025, 492
8873, 136
957, 370
8885, 974
23906, 739
12533, 140
31952, 549
22768, 963
7871, 322
37237, 124
446, 790
36202, 688
10072, 363
16468, 193
127, 731
20821, 512
27894, 998
22944, 833
39985, 819
11653, 839
22871, 139
23245, 758
22938, 197
9952, 968
13013, 78
14168, 918
36191, 652
12758, 923
35913, 67
31120, 311
726, 242
9817, 552
6832, 761
6792, 394
25957, 506
31732, 626
17914, 201
29353, 676
2783, 395
32777, 180
6456, 919
38736, 168
9895, 159
8763, 552
17848, 198
32473, 749
22643, 883
30506, 408
33461, 406
21224, 727
38072, 338
29346, 253
29327, 372
32948, 290
23865, 813
1390, 395
27491, 289
26935, 116
20929, 965
37030, 998
27249, 363
25436, 158
8273, 291
12146, 297
24509, 592
11930, 494
15490, 610
34781, 187
6622, 441
36159, 700
37534, 261
16747, 625
18715, 450
22291, 615
15148, 782
26150, 255
13715, 558
8756, 757
25984, 866
7745, 144
35856, 306
20030, 568
18902, 765
33213, 645
22340, 369
21289, 703
3130, 464
31734, 91
33907, 773
21170, 859
18538, 96
31241, 302
14999, 260
10605, 115
4285, 390
37261, 314
13119, 223
13588, 441
27774, 701
10909, 372
38206, 172
28321, 518
16332, 678
32056, 946
25059, 892
21939, 990
5855, 378
15845, 608
15296, 989
17607, 765
13210, 799
4342, 864
35568, 592
26415, 793
9183, 709
31899, 46
18160, 219
190, 712
4084, 517
38647, 939
17245, 796
11276, 469
23654, 315
37422, 69
2517, 515
16754, 243
30997, 596
18766, 411
32710, 268
26996, 368
17746, 774
15127, 529
18240, 856
3107, 458
13909, 579
6816, 731
15535, 862
4387, 681
7094, 970
23742, 996
39008, 45
32305, 819
8259, 412
16322, 714
3704, 334
14366, 492
10904, 401
19158, 327
15142, 493
18528, 258
1713, 737
12130, 28
6625, 269
17606, 927
36520, 394
31118, 838
37944, 425
35825, 628
37241, 633
12061, 806
2935, 929
27386, 797
23818, 709
6393, 316
36821, 436
36332, 136
17362, 827
19730, 838
2101, 564
35769, 201
21606, 140
12482, 643
30217, 237
6510, 986
11098, 689
35199, 781
6197, 659
35433, 149
11591, 48
17714, 199
16382, 243
11246, 102
6277, 351
7923, 659
8628, 484
36121, 337
7678, 936
13664, 253
27202, 300
7819, 582
36937, 419
809, 456
11233, 314
4052, 170
30317, 363
17182, 231
25614, 76
30211, 664
30590, 483
13444, 270
25020, 581
20552, 250
38785, 245
13137, 821
10130, 351
21023, 148
16053, 217
13167, 626
22736, 336
19527, 902
6756, 481
6742, 947
35203, 534
37419, 499
27250, 251
27882, 600
23414, 315
36576, 198
8062, 103
15709, 268
15467, 873
23222, 238
21205, 805
8486, 523
13878, 855
5031, 57
21743, 213
25344, 612
18937, 742
39627, 703
12754, 274
3667, 299
18798, 878
36915, 181
34703, 730
30159, 695
5668, 921
10506, 421
16881, 845
26432, 278
13005, 515
17045, 749
6215, 767
14265, 957
9000, 178
3946, 253
10234, 999
38374, 90
26213, 284
25425, 191
6222, 361
23488, 943
19953, 949
29649, 483
23511, 306
8829, 643
27646, 362
29236, 681
9730, 510
14866, 632
2049, 827
3093, 938
14430, 856
1498, 605
14202, 0
21031, 944
14422, 340
36992, 744
7515, 696
12566, 940
20812, 288
19291, 448
38214, 933
19597, 138
34668, 597
25224, 194
4547, 943
10281, 401
27960, 83
24352, 785
17274, 762
29223, 594
13138, 472
35992, 437
9369, 18
4379, 966
35246, 372
27892, 126
3114, 554
14336, 185
34820, 797
39283, 307
11442, 734
32329, 548
14209, 82
5902, 873
7677, 408
8744, 937
30508, 854
7413, 755
30200, 442
34179, 391
18693, 459
1348, 579
11673, 231
24123, 646
1335, 904
1112, 461
9861, 131
27488, 795
26509, 455
32700, 868
22927, 498
28915, 396
9, 495
17278, 223
8892, 323
15533, 150
16788, 381
14735, 21
12190, 471
8897, 840
8775, 715
27119, 228
3505, 407
39929, 530
22338, 209
1536, 991
29655, 143
17452, 953
10414, 880
23094, 149
9169, 138
14212, 487
24086, 468
14151, 587
34548, 377
16817, 501
38010, 975
25264, 398
11742, 269
5289, 308
13335, 468
2342, 670
28580, 93
19455, 925
23540, 322
30938, 612
30767, 113
21384, 465
6176, 641
39558, 847
18987, 533
6757, 305
27659, 407
29548, 557
27854, 952
14645, 107
17351, 685
10855, 528
1803, 363
10372, 905
26638, 59
25983, 391
2554, 43
10633, 168
27584, 825
10111, 65
14451, 244
13188, 58
4368, 868
973, 221
20935, 100
11149, 46
27536, 671
2335, 523
5947, 527
14650, 951
35361, 609
13528, 753
12067, 390
228, 156
895, 659
2079, 65
27139, 274
20500, 161
39911, 375
31283, 828
15252, 542
21327, 57
27262, 157
11728, 788
24072, 872
37014, 367
21087, 596
38250, 316
34105, 368
4967, 192
2728, 236
14274, 79
11987, 291
8308, 595
28363, 469
18362, 986
30096, 171
13529, 930
18583, 747
17312, 969
20924, 160
9239, 108
21917, 108
14414, 635
11511, 103
17034, 228
10542, 341
15557, 345
17569, 608
39253, 115
21574, 361
16602, 145
8653, 41
25871, 181
5684, 675
19008, 279
28036, 319
21730, 564
730, 259
28720, 66
16943, 865
7239, 338
38456, 604
19836, 430
26296, 624
3462, 776
2180, 965
26599, 850
12209, 456
23674, 373
121, 638
28415, 222
23056, 937
20421, 218
20488, 340
21889, 822
12995, 483
6030, 707
17537, 792
16506, 90
18410, 300
28692, 58
24631, 993
4073, 193
23189, 325
27185, 37
2235, 214
37813, 251
18822, 209
26014, 380
16668, 116
29515, 892
5327, 709
8179, 881
38525, 967
29138, 596
6993, 930
13204, 924
12039, 572
37892, 282
7624, 466
39978, 608
24977, 891
23432, 767
11249, 446
38132, 961
37488, 919
1238, 245
12745, 505
7207, 907
23726, 42
38473, 384
26294, 493
33424, 742
22982, 608
14847, 490
28143, 750
22228, 206
12984, 953
27267, 97
34676, 218
11745, 351
35527, 531
34809, 348
32175, 146
22937, 380
38305, 353
1646, 792
14264, 278
8836, 14
12743, 339
7034, 856
34062, 933
6956, 95
25235, 779
549, 232
15059, 393
16465, 935
39138, 489
18291, 883
4925, 363
29080, 637
16623, 797
3159, 778
37485, 446
37093, 838
5474, 698
29717, 397
39434, 951
39257, 823
38536, 995
36753, 743
963, 813
24242, 611
10171, 434
37886, 626
18142, 113
26829, 952
4377, 401
38917, 174
35794, 383
9978, 152
28972, 875
1114, 983
548, 71
5614, 319
8559, 240
3753, 780
11096, 66
39294, 397
19149, 735
17826, 816
4767, 734
38249, 258
3853, 948
35402, 827
30677, 797
10868, 145
34300, 729
20723, 112
31757, 250
22027, 513
9784, 113
7538, 525
16531, 636
34725, 8
18967, 52
35059, 963
31504, 292
34614, 673
4968, 736
18819, 372
7836, 543
32667, 831
26623, 560
21084, 382
3377, 637
36512, 579
26826, 145
6876, 453
39149, 667
38509, 995
14499, 430
10246, 963
18274, 834
23397, 889
3461, 59
863, 233
32591, 771
29621, 648
35968, 259
3756, 409
25559, 248
35185, 929
25202, 746
21964, 518
14187, 913
12265, 253
24235, 914
31728, 697
25861, 377
20017, 703
1634, 385
22467, 486
8641, 435
36073, 992
8227, 603
32730, 881
2908, 807
37832, 670
38120, 30
11646, 91
10361, 241
2346, 498
7278, 381
26104, 819
20396, 835
13996, 936
27648, 625
566, 702
33290, 970
19339, 189
37851, 144
23062, 429
36757, 291
1377, 271
2112, 323
17450, 738
18679, 780
13220, 444
18398, 371
37444, 478
18882, 280
22526, 695
33988, 574
5876, 556
39300, 854
25661, 439
20314, 508
3680, 408
25054, 302
13262, 143
26859, 364
28779, 417
35599, 955
5258, 600
12876, 962
28653, 984
18816, 655
3213, 299
23878, 333
3915, 876
27782, 643
11946, 532
33667, 542
30846, 94
22933, 943
7298, 239
5934, 614
20523, 937
4312, 429
29664, 131
7071, 814
25159, 589
24479, 454
13971, 61
6621, 927
26834, 833
17446, 442
33599, 369
32095, 612
39903, 937
26141, 326
36726, 841
17282, 73
20268, 418
11966, 85
20750, 914
18052, 577
26686, 628
22951, 224
17181, 696
23286, 541
38631, 138
21586, 622
38955, 834
5355, 435
25658, 225
30238, 781
6244, 549
29070, 646
26119, 810
12297, 962
27599, 195
8808, 929
21072, 357
11574, 512
32191, 31
6806, 264
39904, 299
37431, 753
29480, 632
12074, 754
21582, 75
7812, 828
3905, 153
18454, 489
18899, 24
2001, 291
6667, 648
3642, 459
36394, 766
20206, 426
35323, 71
12234, 799
29192, 547
28097, 119
13019, 903
33911, 843
7640, 422
33785, 863
30514, 474
21156, 846
20171, 256
11554, 857
5030, 968
12806, 232
23626, 214
10806, 403
26249, 591
20366, 605
39635, 620
1375, 659
25780, 261
17708, 128
1488, 211
22814, 712
3622, 969
26785, 870
7113, 109
25143, 82
9301, 195
22474, 142
35372, 247
5941, 419
1905, 926
32212, 795
4834, 899
16611, 465
16524, 204
4723, 815
26199, 654
26366, 731
29459, 780
18837, 42
24190, 650
17556, 918
38989, 905
39320, 273
26003, 166
7356, 496
21913, 957
36708, 366
38733, 456
21414, 678
210, 625
9942, 704
22065, 629
25231, 421
2383, 931
2099, 674
21392, 544
26665, 345
28270, 606
573, 458
39515, 232
35306, 848
13284, 780
13855, 679
32022, 193
4727, 836
26565, 803
8343, 763
18686, 729
28582, 203
550, 518
4787, 792
21589, 836
23137, 588
12936, 853
9787, 165
26092, 324
15936, 177
13495, 426
34129, 427
13404, 150
7742, 441
6187, 804
10637, 9
19782, 661
2217, 354
2540, 235
27681, 760
15001, 881
156, 83
32734, 53
11045, 799
38957, 252
17309, 835
21078, 648
15009, 795
35259, 377
17138, 317
23928, 736
28637, 601
28702, 766
16168, 50
1520, 30
35202, 313
12424, 598
21046, 429
25373, 579
2118, 583
31927, 635
23658, 842
19757, 54
33938, 69
22897, 514
22668, 697
7409, 739
31325, 136
35764, 211
25340, 450
7944, 102
9392, 444
27286, 139
2039, 415
5275, 369
18526, 860
30635, 410
7595, 783
35130, 363
11444, 153
35122, 129
26906, 583
39893, 644
34363, 69
218, 985
34714, 321
10377, 886
1786, 494
28520, 932
31924, 381
30902, 979
28123, 238
6124, 93
32033, 101
25392, 391
32583, 504
3506, 566
6239, 307
15219, 27
35271, 478
18767, 819
17023, 336
20031, 511
3236, 714
19873, 816
7602, 572
8684, 773
26816, 897
27988, 914
27330, 781
31364, 250
5303, 167
29811, 337
29764, 420
22000, 817
20887, 476
35165, 448
2068, 753
28283, 736
18092, 153
13890, 565
28317, 969
11558, 126
20899, 670
30487, 328
37040, 318
28149, 804
16520, 138
6388, 326
23948, 249
28562, 659
10472, 989
9591, 66
21352, 917
37799, 462
20319, 220
4022, 78
30523, 904
31616, 406
6293, 201
18506, 751
9483, 197
6117, 924
21732, 711
35065, 565
6435, 996
15194, 470
12353, 160
34260, 790
5079, 150
10133, 196
19257, 39
36524, 904
35808, 628
30721, 700
15080, 713
308, 274
3033, 600
15563, 152
6626, 311
8213, 698
21573, 615
15885, 276
12557, 658
18062, 642
7785, 577
27102, 244
5733, 809
27448, 366
8355, 400
31895, 536
18884, 892
8821, 72
7497, 880
17678, 489
31613, 587
14088, 643
13326, 855
21935, 676
1363, 23
13822, 751
21605, 745
16115, 699
26221, 362
26941, 357
39556, 112
6318, 820
7016, 976
8794, 710
4778, 802
38336, 584
20876, 28
26113, 114
4998, 875
29048, 707
33258, 36
20105, 71
7707, 187
32870, 167
35293, 524
6014, 527
12315, 375
4538, 348
7068, 856
38779, 545
38276, 690
33914, 136
25617, 267
30380, 814
14534, 130
38014, 428
15286, 269
6287, 378
39859, 45
36046, 700
28896, 469
3005, 9
10275, 87
3196, 474
9027, 422
1414, 249
6968, 260
24283, 5
35125, 961
18485, 687
14971, 616
39782, 847
16293, 243
17288, 456
10541, 364
17269, 39
38153, 545
31902, 146
28985, 50
30724, 892
10576, 604
24648, 468
34476, 707
18603, 283
3584, 888
34523, 321
20152, 334
28889, 377
29937, 928
16206, 827
29846, 777
32482, 883
19133, 636
16017, 417
14301, 67
36990, 566
28619, 784
15292, 611
15991, 62
20546, 610
15207, 505
21042, 998
26412, 540
5904, 569
36304, 690
25800, 736
29964, 736
8428, 481
30632, 513
7596, 487
37247, 498
28276, 663
8903, 623
25232, 717
22685, 757
27219, 104
31249, 310
38012, 86
32171, 357
35347, 563
6718, 60
34055, 87
13112, 940
30560, 750
8265, 869
26853, 608
37494, 416
29256, 126
17366, 624
10135, 561
17960, 509
1655, 615
5718, 459
18960, 836
5431, 198
1788, 345
25206, 356
22164, 691
23908, 148
38679, 873
29121, 734
21423, 342
28762, 640
3521, 21
24498, 755
29547, 738
30443, 148
18659, 859
6179, 534
39867, 767
23444, 205
21025, 680
37212, 32
17353, 726
37903, 19
27485, 825
22709, 304
38991, 552
15314, 144
38689, 372
1796, 802
13015, 231
8796, 445
27334, 996
6574, 22
15601, 197
33606, 522
22342, 831
37028, 253
37723, 938
24432, 194
12595, 89
8542, 975
19925, 388
28179, 306
15113, 245
21995, 141
29976, 820
70, 466
29882, 31
5326, 19
30827, 698
26273, 735
36459, 550
39000, 769
18493, 149
10376, 454
36167, 126
18870, 15
24037, 956
38956, 109
39285, 115
39870, 948
6009, 329
33722, 933
12788, 278
25400, 385
36353, 551
5575, 85
31968, 541
8472, 221
30982, 670
22510, 216
8795, 558
33068, 875
15326, 567
34692, 650
5530, 740
28754, 695
9206, 90
5610, 514
16519, 133
16795, 362
28019, 213
33677, 445
2379, 178
35966, 760
9904, 337
9412, 221
11477, 960
30820, 533
9008, 202
35238, 286
17168, 882
1099, 312
28677, 666
19451, 250
11263, 484
13772, 875
20218, 569
18143, 522
9446, 177
4343, 135
16674, 921
27758, 35
2326, 992
34410, 64
32502, 498
15567, 467
27898, 830
36299, 683
31384, 779
1629, 314
5143, 961
32998, 884
37486, 593
29024, 158
39979, 168
35190, 793
22222, 638
17376, 255
131, 183
9738, 525
26867, 412
32003, 558
24796, 795
21844, 387
3332, 97
24701, 692
13764, 923
34377, 748
30908, 134
38039, 900
2411, 569
10172, 697
10793, 824
2701, 753
35671, 599
8081, 309
5913, 272
21435, 934
38247, 965
22708, 879
5518, 162
3266, 691
3924, 599
23097, 308
30395, 584
1578, 870
14025, 837
34684, 690
8292, 710
15360, 27
24029, 620
38651, 386
10280, 912
35542, 599
20381, 897
23892, 492
21689, 849
19044, 824
6231, 926
13272, 458
18225, 598
30194, 610
22132, 931
31161, 377
1909, 827
13974, 891
7518, 611
12035, 307
28881, 453
18121, 546
33548, 515
33588, 149
11598, 884
1840, 898
16106, 892
33244, 554
24417, 615
16125, 159
23465, 831
855, 631
18229, 51
900, 966
36367, 172
7663, 911
678, 235
6837, 521
6184, 622
15408, 40
20210, 984
22444, 639
3482, 848
36311, 391
19284, 256
22731, 157
6412, 668
10078, 742
39137, 478
36317, 45
18309, 810
37285, 479
32343, 543
16726, 709
21671, 508
37346, 394
8834, 163
22646, 726
25697, 174
31273, 206
15023, 111
22440, 723
39916, 513
28680, 36
23394, 733
23467, 979
7033, 975
32985, 826
22652, 121
5715, 760
25900, 795
26488, 684
24560, 140
35286, 671
17821, 800
7466, 597
20342, 138
35558, 959
17055, 41
7117, 653
24526, 901
39496, 498
33963, 472
33007, 386
7845, 48
10670, 679
4696, 566
31476, 76
2134, 323
25338, 184
26605, 866
31297, 783
2415, 180
18131, 634
36201, 579
14889, 418
24906, 460
10254, 517
7451, 976
4256, 51
30061, 784
19512, 391
8054, 158
16672, 168
7182, 533
27061, 200
29669, 715
16489, 322
11421, 955
10619, 482
24300, 238
38592, 743
3351, 324
31791, 279
3875, 428
3223, 519
35688, 359
15545, 356
32188, 289
8754, 960
21390, 731
36582, 31
10781, 615
9209, 259
26908, 927
29600, 820
1405, 437
21604, 853
1101, 719
27972, 719
36431, 355
9939, 649
6715, 374
39070, 609
5887, 848
37646, 536
15318, 476
3490, 195
9706, 485
28224, 215
5781, 413
27428, 373
33446, 831
38052, 737
25236, 20
38095, 696
13470, 0
26512, 562
12669, 922
37714, 697
16980, 347
9159, 103
7977, 386
22213, 772
26624, 354
17260, 750
30258, 397
34301, 848
27928, 827
5830, 183
9080, 364
6952, 1
6997, 579
36898, 667
31897, 49
25876, 191
29969, 389
13067, 131
21153, 126
5991, 433
18531, 822
29715, 386
38115, 636
7869, 597
25968, 784
30537, 395
39462, 160
17451, 272
36092, 534
36023, 870
30496, 805
16604, 831
38212, 858
17215, 397
10449, 602
21276, 392
13232, 44
18402, 300
33786, 319
25307, 403
32508, 203
12470, 85
31175, 823
36368, 997
25233, 667
19245, 554
17220, 640
20689, 89
22740, 699
26736, 861
36217, 951
35700, 640
27135, 195
37089, 610
11964, 275
30863, 292
28489, 985
20892, 304
36935, 695
39233, 15
33783, 192
14756, 991
9761, 605
1523, 1
4924, 593
7990, 499
10456, 262
4087, 891
23096, 665
11181, 679
28671, 683
9807, 490
5422, 618
12698, 531
195, 99
22390, 615
8126, 131
18662, 164
8947, 922
33607, 313
24693, 141
4803, 927
32751, 781
15520, 557
8162, 834
34071, 326
34348, 866
24292, 654
11739, 441
19559, 822
10718, 944
31595, 679
5009, 366
39058, 137
20228, 596
14108, 777
24504, 923
26734, 426
3791, 621
11633, 220
9696, 484
16830, 796
21546, 421
30350, 289
12875, 39
29331, 318
3668, 299
970, 985
6700, 507
5828, 339
37852, 934
34998, 513
34693, 150
28450, 835
9535, 763
6051, 141
38506, 45
20991, 174
8967, 211
19903, 785
17590, 822
21825, 396
758, 801
16936, 29
14550, 471
8325, 723
5820, 261
33803, 629
1207, 402
23886, 433
37652, 242
19621, 876
22786, 530
8616, 486
8629, 144
37865, 563
38833, 97
36684, 754
23502, 635
27172, 715
27676, 618
26054, 794
2438, 393
22023, 987
21189, 873
22214, 917
2205, 142
6515, 365
26871, 576
22957, 987
1856, 52
28287, 375
3460, 448
26278, 246
3239, 1000
3228, 316
25237, 738
11870, 293
14407, 818
22597, 884
20969, 506
16299, 134
26256, 792
35223, 301
27224, 588
18445, 50
39761, 464
27194, 456
13985, 807
16870, 235
18530, 95
25198, 430
6300, 44
24682, 702
16271, 959
20025, 351
2871, 315
13240, 536
35250, 744
2080, 944
27075, 515
27521, 998
37314, 75
16367, 24
38090, 32
28075, 419
13134, 583
11027, 270
18472, 628
2432, 387
33591, 160
33804, 510
2536, 304
18329, 911
16126, 247
36980, 220
27762, 259
3127, 188
18975, 199
8177, 227
4249, 576
8271, 457
33441, 307
16223, 498
35905, 657
15488, 169
35310, 557
3547, 132
37263, 671
19951, 359
31215, 227
36942, 78
4785, 183
21432, 374
11615, 231
24623, 649
5171, 206
16612, 261
31969, 493
13657, 105
35771, 890
4535, 943
7638, 921
10140, 797
18239, 53
14239, 976
33642, 955
8870, 311
27725, 110
23780, 796
32776, 373
653, 250
733, 467
15938, 416
4136, 468
24691, 507
12261, 346
24455, 970
21608, 790
29153, 179
20050, 730
17114, 878
9873, 93
27264, 185
31407, 718
7160, 742
28976, 354
16952, 79
12988, 463
34114, 681
13052, 184
3856, 311
9242, 293
3191, 300
16734, 201
10852, 680
12274, 135
9747, 836
30873, 835
924, 260
3328, 56
38338, 171
14596, 689
1226, 13
27033, 199
19575, 405
5110, 616
26218, 792
8842, 764
39941, 804
825, 201
6405, 246
13811, 996
35695, 619
37080, 682
21130, 223
25975, 483
27077, 600
29534, 74
14503, 729
2387, 217
8541, 356
37044, 12
26162, 598
15173, 899
8596, 526
8345, 518
25942, 471
16528, 851
22184, 301
28227, 380
15122, 770
19127, 707
19454, 337
33918, 380
11876, 119
8670, 881
27425, 547
22623, 98
26502, 699
33432, 582
27613, 308
34861, 73
15166, 941
12053, 302
13291, 672
2388, 907
25620, 371
4100, 397
3358, 435
15906, 903
35727, 124
20426, 273
21047, 324
22640, 849
9262, 419
2799, 522
10763, 353
26175, 652
8145, 70
24490, 156
23443, 743
23833, 191
17572, 226
28686, 494
60, 718
27115, 561
4164, 817
14831, 276
8083, 997
27653, 632
11158, 321
23574, 292
10690, 313
33313, 156
29224, 984
6709, 936
18901, 425
10795, 786
9552, 286
30527, 874
33278, 139
38296, 618
16950, 705
17130, 354
10038, 389
31532, 725
18481, 979
34236, 4
14497, 915
18111, 61
24787, 21
17305, 607
39298, 831
9077, 910
11026, 826
11527, 869
36902, 405
32176, 879
26635, 674
29291, 275
23839, 473
3066, 507
8761, 443
14820, 349
1709, 49
4846, 145
25259, 211
625, 40
29260, 95
32488, 647
28780, 377
25705, 138
8261, 269
36405, 677
5884, 493
20412, 311
29630, 920
27813, 718
3973, 961
11806, 208
29235, 70
27283, 943
27964, 982
11819, 470
4331, 535
37838, 343
11588, 980
1648, 777
37808, 685
3541, 128
6991, 168
18512, 954
34527, 730
3639, 854
4536, 651
18263, 759
16063, 945
22592, 206
13293, 839
26064, 949
31773, 670
33701, 922
9184, 60
8875, 917
22242, 840
25518, 535
15968, 362
10675, 384
32268, 319
39645, 217
9744, 800
15139, 285
137, 79
4111, 901
8508, 196
452, 609
2171, 387
22252, 547
19152, 55
1696, 247
3948, 304
6389, 634
8220, 628
17396, 247
36573, 614
16198, 111
15077, 487
2482, 552
24348, 622
17666, 183
17853, 934
24011, 852
30079, 962
22909, 616
4992, 709
28468, 951
34834, 536
19612, 60
27078, 93
31619, 1000
12915, 347
33499, 772
32327, 409
5451, 143
3590, 871
22761, 810
36916, 552
29126, 73
12170, 218
18074, 478
8513, 959
6669, 7
20110, 619
15889, 602
14062, 494
5452, 11
30155, 740
2295, 353
2905, 239
6185, 781
9571, 843
2844, 183
1493, 204
25937, 861
31375, 84
13590, 104
2003, 234
28870, 276
30664, 973
23949, 125
4191, 55
33146, 443
37879, 268
34263, 184
32116, 717
20638, 716
12892, 96
26115, 486
39023, 317
15620, 37
5871, 423
37928, 135
1077, 79
1780, 601
36542, 237
5270, 773
5273, 325
8554, 759
10347, 551
12449, 698
7512, 475
2515, 257
29569, 91
16703, 995
23999, 948
30268, 7
25526, 183
312, 543
14562, 505
35418, 683
27502, 428
13685, 276
4896, 997
13399, 923
20879, 176
6733, 153
29183, 132
7674, 222
16901, 544
10047, 951
3806, 610
20791, 332
39264, 696
35475, 888
25417, 555
4719, 596
17171, 906
34985, 561
39601, 794
38658, 390
12930, 791
14389, 365
3573, 181
34498, 609
37706, 255
31602, 608
5870, 103
10210, 657
37439, 766
31011, 983
33580, 397
39208, 249
26690, 116
24517, 797
37674, 777
15571, 35
21516, 462
3097, 423
11411, 548
25399, 375
34270, 200
9657, 166
5933, 397
6040, 442
12147, 292
7751, 678
25528, 475
38634, 582
7371, 567
27769, 324
11564, 216
34262, 935
17476, 499
29524, 418
10404, 419
1217, 164
39231, 153
9395, 755
31256, 461
26241, 887
39330, 102
6599, 523
22128, 7
2055, 814
3813, 709
25004, 912
7380, 638
15949, 33
199, 816
9133, 106
11883, 132
26940, 971
38610, 982
7200, 100
37322, 558
23079, 244
27403, 769
12077, 759
17713, 205
35762, 909
7615, 564
34002, 686
12635, 230
15657, 604
26153, 15
3110, 490
19599, 201
26616, 863
28717, 534
12483, 841
24566, 663
14467, 900
17981, 503
12826, 835
27799, 974
30237, 501
34912, 280
4279, 585
35687, 409
10748, 295
27146, 491
19666, 891
27320, 477
9580, 502
7868, 733
33486, 659
19012, 288
1731, 5
12845, 714
13217, 16
36518, 862
393, 948
30398, 966
6167, 417
22662, 647
21593, 2
35491, 244
10356, 57
9498, 494
4742, 341
36767, 607
5339, 272
19865, 521
18458, 291
33457, 366
17049, 225
32749, 621
8305, 458
25331, 835
27039, 720
30333, 825
6891, 386
29463, 41
318, 773
18124, 511
34265, 547
17875, 970
24229, 690
39739, 431
28305, 912
36085, 545
31691, 647
14134, 38
13092, 622
17753, 978
17905, 555
35051, 597
5013, 595
10460, 916
35783, 432
246, 599
21379, 55
9667, 719
2742, 136
123, 907
30710, 311
35899, 129
3072, 43
31313, 287
31674, 592
34734, 308
37435, 428
15308, 208
3098, 728
36655, 582
6870, 383
3036, 56
8753, 440
1403, 665
36206, 781
21347, 208
35763, 541
18751, 508
7208, 420
20904, 551
19516, 349
35541, 267
25594, 814
34044, 593
11069, 29
10154, 265
5225, 769
3644, 711
13690, 957
25, 413
4199, 989
7878, 599
26508, 864
37949, 788
12909, 746
27744, 321
25169, 96
36019, 568
24759, 555
37082, 995
28373, 668
13433, 528
30503, 663
28934, 6
8228, 8
38633, 931
26712, 988
27840, 427
21045, 596
19847, 89
17985, 210
11434, 755
38603, 571
16984, 431
2709, 379
521, 526
29064, 611
33578, 888
17493, 58
34599, 98
22069, 543
1678, 162
21678, 857
14893, 962
25230, 980
25573, 640
35933, 890
26632, 26
24411, 186
33390, 943
38809, 361
39544, 530
16241, 204
15934, 856
18895, 124
37324, 207
18777, 633
1835, 337
26008, 780
11854, 274
8893, 966
11940, 131
19548, 732
8919, 958
20572, 280
23402, 204
22988, 644
11681, 402
23880, 36
29445, 880
37942, 603
2204, 715
34335, 77
8462, 107
24280, 711
28994, 270
14533, 611
22361, 811
10948, 814
38913, 247
37356, 840
1089, 366
8825, 372
6507, 215
6234, 463
32582, 579
20953, 122
28481, 987
6736, 718
9325, 122
21179, 628
2995, 315
23851, 398
24272, 776
9837, 5
8007, 217
33498, 963
34795, 44
34980, 208
31494, 812
3952, 860
16399, 167
12127, 336
22905, 527
8113, 841
6175, 112
28614, 993
10663, 853
28831, 99
29739, 928
14682, 489
24000, 781
17222, 582
24516, 293
25550, 791
6236, 363
29359, 491
39051, 273
30385, 645
30586, 215
4626, 690
7121, 720
28111, 474
1729, 968
6075, 829
16945, 199
23927, 689
24549, 600
32514, 393
2712, 815
3096, 671
15839, 257
26320, 89
36855, 506
24269, 976
24065, 251
3014, 403
26627, 915
10183, 615
24208, 213
34280, 441
5017, 980
32723, 729
23278, 171
4947, 170
38532, 522
6424, 292
18409, 662
8020, 725
8922, 340
31177, 192
32232, 453
19270, 733
30878, 230
19082, 673
1744, 27
31719, 316
20760, 140
36705, 219
3425, 392
33123, 633
3428, 837
175, 516
34805, 352
27703, 591
24055, 682
4380, 604
3771, 348
29244, 565
28455, 712
9502, 433
27038, 706
18295, 24
202, 722
10290, 653
24559, 710
26602, 442
30534, 839
34040, 20
11076, 859
26888, 726
14850, 955
5115, 903
19738, 532
23856, 585
26799, 419
17443, 316
6355, 141
12633, 578
21076, 903
25974, 400
29706, 156
11075, 709
31481, 832
25012, 23
27535, 298
3217, 681
4695, 255
2066, 144
7826, 761
6917, 472
5382, 369
31100, 775
21060, 799
23277, 627
24431, 475
12279, 222
6368, 701
18244, 199
5118, 697
10096, 801
4909, 138
37736, 242
19613, 117
33251, 219
6559, 773
563, 211
27834, 513
23214, 494
10510, 600
25465, 717
16543, 85
30299, 878
32206, 142
3224, 258
19606, 721
36872, 618
14311, 676
32846, 744
3656, 403
19098, 95
11038, 652
9991, 233
36835, 946
11005, 907
30391, 545
7296, 212
6038, 385
19124, 234
1766, 666
34691, 63
33013, 953
29773, 455
15966, 6
11990, 411
37398, 862
31133, 959
18412, 710
38876, 396
13486, 406
4015, 182
6434, 278
24716, 761
4085, 591
10458, 870
5087, 144
22303, 617
34804, 825
28659, 729
16175, 444
21809, 142
37339, 547
30469, 527
9850, 725
21049, 983
19554, 168
4676, 99
3766, 174
24978, 75
34241, 106
31550, 858
2690, 609
39555, 410
38366, 185
10182, 752
21482, 347
204, 497
28926, 317
25618, 979
11323, 154
24704, 416
34353, 392
18150, 623
4501, 698
23861, 597
12958, 882
19130, 433
19727, 435
10118, 940
1287, 187
26544, 725
15859, 680
6557, 99
36223, 463
34930, 145
13989, 901
30630, 934
10994, 958
26313, 301
24475, 498
11094, 224
19410, 914
22457, 40
25247, 811
12692, 640
35224, 377
37798, 663
736, 162
34699, 683
32261, 115
1044, 506
24932, 402
2413, 99
29951, 757
16243, 261
22738, 494
35560, 296
4079, 456
32762, 202
28704, 508
15426, 873
7746, 258
2940, 917
17123, 571
19297, 230
16043, 963
17018, 171
30988, 317
32411, 266
19831, 374
15153, 664
37839, 710
35333, 794
39875, 320
14487, 99
2051, 770
31483, 913
39427, 177
26027, 368
23760, 830
16837, 279
32000, 718
30566, 345
11040, 495
17645, 769
31096, 655
6730, 224
37410, 888
22806, 57
28027, 168
27997, 177
27539, 868
25735, 617
12201, 150
32466, 619
15197, 158
36806, 68
28800, 156
30861, 990
8333, 657
8734, 446
3411, 732
32852, 344
26613, 588
4185, 45
11116, 934
11659, 927
24074, 731
24347, 939
5162, 694
26068, 783
18404, 580
11741, 45
28229, 677
39697, 872
19646, 693
26037, 301
8039, 706
36904, 636
38176, 8
25076, 999
35341, 113
31685, 139
26802, 501
16505, 129
4066, 439
15282, 350
39803, 862
34325, 540
26726, 452
2474, 232
18017, 286
2913, 228
38829, 685
5281, 909
35908, 83
19000, 690
37694, 395
34821, 780
35537, 423
37884, 189
28205, 967
3361, 502
2191, 287
37543, 807
12976, 521
18498, 301
36029, 266
321, 798
20672, 192
23191, 566
29850, 571
31068, 362
19502, 479
38187, 768
7338, 406
10693, 127
16820, 364
2617, 42
29447, 745
10331, 695
16749, 86
4326, 964
17959, 381
14117, 389
10473, 146
10161, 660
26093, 206
12133, 768
14721, 175
28954, 701
3025, 852
30253, 154
16123, 172
10584, 119
19259, 145
25320, 369
3535, 402
26435, 218
4648, 236
29106, 447
17877, 595
26927, 288
24443, 937
6872, 47
14571, 753
24808, 787
4980, 802
38434, 879
8161, 97
3145, 158
14203, 191
24301, 770
38855, 331
25616, 494
20003, 805
10195, 201
24581, 163
31217, 110
7066, 872
4748, 772
16454, 41
19773, 96
5899, 975
21011, 86
11092, 214
18948, 642
28997, 260
6506, 133
29841, 238
38006, 517
1718, 838
14048, 396
26095, 794
12319, 548
3989, 48
19923, 610
22726, 719
35906, 24
39685, 915
8611, 411
7417, 477
29216, 308
18830, 497
10944, 390
11632, 19
7102, 36
24145, 431
37969, 750
24415, 981
8442, 241
25694, 848
39379, 584
25416, 531
20842, 216
25096, 761
9463, 318
12506, 395
23706, 342
16134, 849
28366, 422
20450, 515
37732, 401
30366, 585
29199, 880
32642, 130
37584, 300
10727, 762
26798, 995
9191, 727
1221, 884
36931, 192
25279, 39
4039, 803
16318, 103
36950, 274
20861, 310
3776, 549
22054, 110
12219, 620
10925, 618
5750, 242
34732, 241
2272, 281
32589, 211
38998, 539
6695, 146
29271, 665
1109, 617
17788, 480
13344, 642
6096, 716
34220, 211
10170, 279
35725, 444
13636, 209
21174, 621
12823, 879
29554, 704
8052, 251
10006, 801
19225, 423
16311, 607
7288, 358
15030, 571
7407, 509
29723, 362
11487, 783
28850, 935
2131, 87
37262, 74
21002, 739
4330, 410
1978, 319
4578, 977
6604, 168
10678, 317
36168, 466
23664, 283
7951, 149
25073, 95
21854, 369
18104, 490
25349, 310
12703, 605
34225, 876
17402, 320
3253, 925
14980, 839
30376, 447
20965, 390
28791, 335
28854, 20
33277, 489
26097, 538
39647, 87
29008, 102
11271, 758
34290, 581
39813, 925
9319, 858
26085, 423
5418, 129
22654, 641
24570, 283
7506, 984
29185, 579
31607, 888
18016, 751
22347, 69
5513, 126
35111, 633
34651, 361
30494, 689
13627, 987
26071, 931
26058, 360
7652, 213
28748, 752
34515, 220
14651, 100
36076, 706
940, 933
34584, 685
20681, 35
9390, 964
29042, 333
38587, 335
12472, 281
32468, 845
4613, 519
27046, 661
38079, 3
12233, 320
19896, 47
34756, 396
38581, 886
30412, 940
21140, 858
25205, 664
17048, 221
38859, 874
25766, 17
4598, 74
30193, 310
24159, 202
14785, 231
17574, 519
7022, 892
28759, 971
30321, 830
728, 806
7330, 668
5462, 721
38147, 641
9768, 877
6827, 675
35313, 126
6094, 753
14184, 270
33005, 721
5767, 796
35970, 351
13540, 122
8858, 9
4790, 901
4627, 441
31086, 881
13353, 894
27085, 85
8916, 829
19309, 634
9500, 828
35019, 706
22529, 870
5558, 385
6207, 66
11892, 134
34612, 267
1574, 605
14219, 268
15835, 184
14120, 687
23218, 136
28878, 625
36606, 961
3673, 768
6457, 811
5730, 840
13490, 878
26024, 128
13276, 76
4549, 379
9602, 503
26396, 724
15143, 29
21563, 641
26445, 321
12049, 26
34536, 128
20981, 266
20430, 723
18891, 980
20852, 990
38896, 591
6052, 483
27554, 701
32298, 491
27138, 99
32213, 109
22826, 606
30260, 361
37215, 684
25525, 394
31392, 93
36713, 415
34975, 812
12320, 823
32509, 34
22337, 766
11285, 876
18103, 358
27957, 635
2391, 154
294, 916
2644, 854
15349, 281
29218, 213
23053, 523
20795, 565
39159, 94
4866, 982
36473, 253
21062, 347
36441, 269
8157, 96
4308, 921
19375, 629
5059, 839
20688, 532
19026, 845
2732, 478
38262, 970
34837, 811
38054, 254
5159, 233
30493, 861
192, 62
38253, 356
19793, 902
20590, 107
16720, 399
38930, 51
34054, 67
1482, 17
39212, 916
10317, 69
23765, 133
20839, 84
13206, 152
24503, 730
22269, 121
12445, 510
28658, 499
22208, 331
22394, 651
7613, 865
5516, 905
18080, 148
6824, 922
15264, 715
8564, 192
32016, 288
24722, 729
17142, 283
3463, 827
32736, 484
22089, 370
19093, 172
5235, 40
22459, 879
4675, 459
39002, 123
28241, 486
33737, 966
17571, 272
25437, 659
37787, 522
2881, 812
3607, 295
17790, 662
31009, 909
8175, 727
6181, 100
11973, 242
2354, 222
8072, 59
38858, 728
20593, 872
22545, 747
26821, 466
21066, 383
11370, 601
15687, 108
19242, 176
4124, 544
12543, 948
2999, 456
13655, 535
12536, 34
22671, 784
1394, 999
9223, 818
35358, 951
26876, 957
21694, 383
28703, 668
15178, 804
18254, 454
8913, 349
3689, 926
37171, 488
29273, 753
15379, 191
3248, 843
12120, 853
19591, 836
3883, 970
12034, 699
23413, 869
30849, 872
30464, 802
36528, 985
31265, 921
38953, 340
12769, 399
19231, 541
30417, 273
18529, 302
20542, 801
8656, 429
7882, 756
33246, 289
26563, 600
14328, 842
10370, 235
26571, 155
27656, 624
34516, 332
28388, 321
20867, 196
8184, 788
5039, 428
34733, 793
25148, 94
23101, 556
29347, 851
5699, 86
34944, 671
27743, 512
24892, 852
8255, 28
16195, 914
23373, 631
23353, 471
29888, 415
38152, 618
28443, 724
37968, 174
7790, 728
9894, 689
28243, 874
9567, 902
904, 627
29175, 596
20606, 784
16181, 906
690, 630
1184, 744
11260, 797
35345, 54
30495, 990
2697, 727
18588, 710
10656, 151
26274, 220
16782, 102
11642, 676
38973, 126
19948, 15
37097, 971
20784, 632
8209, 620
13916, 359
13668, 257
25887, 174
23343, 820
14851, 106
25597, 959
18963, 167
21580, 891
28756, 382
17599, 596
32094, 272
36907, 20
3405, 776
16670, 977
36187, 177
17631, 516
28808, 121
17888, 213
13187, 664
36555, 54
9722, 595
39689, 988
7907, 735
27405, 420
31424, 446
36531, 134
31142, 868
13796, 489
1258, 209
635, 797
30295, 596
5744, 594
20323, 680
24078, 100
28225, 221
24485, 579
38692, 3
17435, 723
26474, 886
36382, 55
10537, 853
9525, 781
38378, 974
923, 569
30876, 421
28249, 544
2663, 684
1929, 675
1944, 625
13323, 1
5245, 572
29786, 209
764, 161
29274, 761
30233, 228
11304, 584
7857, 345
20183, 283
9636, 769
22067, 625
4583, 743
33560, 518
17994, 682
21427, 448
38754, 3
28535, 116
15553, 679
33282, 216
32446, 474
19405, 114
6198, 455
14206, 264
24447, 4
12094, 940
23830, 599
27702, 396
17801, 553
28848, 456
3371, 427
8667, 405
9666, 459
20894, 750
19567, 985
26276, 50
12908, 810
8555, 403
25265, 41
24542, 279
11884, 456
7717, 116
14216, 925
18162, 135
11855, 49
16365, 140
14314, 385
11196, 86
20371, 10
36472, 712
6915, 830
23607, 62
22173, 859
22807, 643
17468, 731
22278, 196
28617, 580
5047, 977
32395, 354
8620, 594
22637, 458
34449, 239
6741, 539
18841, 19
7132, 931
23828, 101
33681, 744
19655, 499
10384, 957
30963, 110
32454, 769
22922, 164
35939, 250
25714, 406
36987, 733
37198, 750
28282, 65
20793, 711
15481, 213
2519, 965
2184, 312
35912, 236
28531, 810
35759, 897
34312, 386
29608, 926
26545, 52
34219, 225
24002, 779
12303, 267
24751, 297
12477, 58
33020, 782
5875, 259
6526, 902
23568, 587
37166, 219
32968, 376
11482, 542
30784, 133
31943, 53
12438, 919
20995, 225
23219, 922
13042, 392
26776, 600
34984, 971
13946, 118
19182, 556
34289, 119
37443, 155
679, 766
39066, 717
388, 716
37412, 663
253, 93
20621, 526
36234, 416
38288, 503
2322, 813
25715, 469
14614, 865
38310, 659
16211, 928
3631, 409
3372, 457
22803, 614
19616, 466
7770, 967
37876, 839
37829, 716
12391, 656
11391, 646
7593, 700
29102, 767
35342, 728
27391, 953
599, 149
3891, 732
1841, 546
9985, 586
23794, 622
5331, 685
34155, 522
10162, 167
32283, 445
34800, 488
35154, 949
29983, 838
32506, 672
12478, 916
38410, 173
24593, 182
8328, 353
8405, 991
35806, 143
16001, 584
21436, 610
14839, 786
16007, 37
36455, 742
21578, 281
29186, 717
34878, 220
13264, 782
29335, 904
21778, 701
17369, 841
3800, 722
34063, 447
16150, 555
16266, 197
19713, 45
7116, 785
27082, 286
33901, 698
29043, 334
35950, 393
36145, 296
31234, 149
27981, 184
33212, 298
13181, 605
9632, 282
30274, 179
10030, 933
38737, 488
38805, 626
1008, 317
7452, 72
1459, 12
11451, 439
8351, 786
34200, 380
15656, 316
15827, 310
13462, 133
9150, 818
24149, 350
5257, 481
11843, 102
13436, 92
1815, 295
35651, 159
20434, 334
14570, 749
30047, 662
8315, 371
9353, 552
4620, 266
11017, 945
30136, 567
9192, 457
26793, 1
34326, 368
9148, 668
28177, 326
7970, 866
36086, 667
1606, 155
24488, 184
9562, 303
26130, 633
6545, 834
28931, 264
33711, 814
10549, 461
1094, 125
7404, 345
6542, 835
10563, 516
12586, 424
36386, 13
12091, 157
24197, 187
1425, 437
15180, 468
33137, 22
26868, 55
696, 318
36514, 823
26946, 449
6660, 673
32964, 668
21616, 380
17902, 328
24050, 14
23299, 86
2570, 6
37606, 298
29921, 484
11766, 168
18984, 590
36731, 332
9664, 471
39148, 935
12341, 279
14707, 464
16884, 948
24510, 195
8409, 688
3344, 654
38560, 750
13632, 732
32743, 718
31779, 182
38425, 583
19862, 899
14921, 443
30051, 162
31437, 133
24084, 396
32550, 344
922, 59
30790, 835
38407, 105
22558, 238
19173, 664
12702, 99
14318, 375
39936, 952
16600, 109
16971, 213
20084, 228
3601, 706
26033, 297
1585, 362
1183, 951
22166, 861
3218, 688
18192, 157
5105, 766
34807, 199
13979, 82
9508, 820
10395, 959
17001, 469
36333, 389
27410, 683
3174, 331
636, 139
39228, 621
20828, 106
14270, 692
6892, 246
16008, 160
5183, 634
6598, 922
36197, 823
1118, 233
31209, 134
27379, 337
8266, 877
9406, 654
1558, 246
22167, 82
11536, 268
21380, 377
18236, 359
23695, 641
18164, 971
14946, 783
9698, 646
17866, 678
36891, 479
3799, 499
3176, 35
18855, 948
16426, 185
19170, 997
35593, 597
24758, 912
36652, 679
36967, 364
25941, 664
4819, 582
23198, 323
26795, 815
29091, 918
23516, 21
989, 279
11853, 836
11695, 168
29879, 326
9235, 903
10050, 489
6590, 352
26770, 869
38688, 843
20739, 388
39822, 526
12636, 996
33796, 503
8788, 254
3338, 288
29943, 957
22109, 429
25648, 386
4075, 659
19153, 566
24530, 187
37794, 905
3447, 20
29750, 473
13934, 8
13156, 995
32815, 981
27418, 991
39879, 36
12164, 499
27303, 121
4558, 23
32164, 793
35920, 845
29927, 206
37802, 250
30087, 346
39854, 383
34461, 683
27686, 849
25702, 762
7157, 188
34104, 412
39351, 820
31383, 281
36089, 76
24068, 341
19472, 755
22678, 512
1083, 539
19758, 701
10649, 703
36421, 522
14131, 482
7997, 27
8982, 240
3055, 643
19677, 423
16858, 712
27870, 75
2929, 574
15448, 158
28483, 321
6666, 406
34750, 841
31404, 3
26849, 528
8024, 980
2392, 189
25165, 573
3983, 972
2162, 209
37786, 717
39857, 269
32027, 310
31771, 414
36392, 60
37469, 963
4951, 440
1525, 879
12683, 491
2706, 118
12400, 183
31710, 269
19929, 106
9013, 569
29107, 545
19541, 92
11404, 393
15253, 930
38083, 793
30819, 545
613, 258
30285, 743
643, 711
22518, 39
39774, 469
37771, 362
943, 369
18368, 939
17242, 343
34284, 973
24663, 864
29456, 523
5481, 375
1914, 170
10419, 999
38264, 631
24874, 999
14288, 774
301, 335
8393, 792
9135, 691
2128, 66
29464, 346
39850, 201
5979, 113
3464, 215
29844, 876
30928, 563
12490, 633
31642, 575
39119, 372
5213, 866
10284, 874
1383, 346
13836, 333
11132, 450
17440, 284
21466, 77
43, 503
20200, 103
7081, 654
36612, 500
15795, 324
19106, 755
4955, 289
17473, 267
5137, 266
2442, 815
11089, 977
16186, 900
37692, 362
28368, 347
25596, 736
2427, 488
39733, 441
30497, 721
3267, 323
13484, 675
22534, 440
30138, 313
12207, 506
9653, 580
10168, 85
22372, 526
19352, 607
29732, 332
5755, 610
16685, 83
24641, 928
2202, 881
28410, 129
24681, 413
8421, 896
31138, 748
10958, 227
33362, 791
6925, 517
32208, 305
16803, 119
32931, 865
14276, 13
38356, 142
1555, 30
3360, 523
25420, 550
23504, 268
11639, 938
33825, 280
6391, 978
1407, 144
31396, 301
14284, 658
3829, 514
30968, 685
30759, 841
7670, 568
36577, 103
39546, 739
12965, 816
12493, 245
32245, 870
24814, 74
39678, 518
10644, 625
31472, 40
39682, 575
14654, 32
20938, 642
3263, 945
35496, 74
37986, 314
22135, 171
38718, 855
4650, 43
33852, 169
4031, 748
16180, 618
12365, 131
33209, 581
35916, 147
33848, 512
5371, 822
14057, 846
19546, 569
6059, 664
18576, 730
12362, 501
31748, 263
15385, 146
4934, 75
32447, 130
32607, 693
942, 348
15373, 334
24491, 362
5982, 992
9955, 195
25326, 724
28440, 578
27549, 238
20247, 493
34644, 734
37716, 615
22585, 415
4621, 380
17531, 348
35674, 725
37377, 577
12835, 728
11274, 170
35405, 336
20338, 880
28989, 30
12815, 582
23559, 836
22531, 673
30591, 53
13502, 928
39632, 208
15716, 435
35666, 245
28768, 326
11641, 57
30430, 514
36536, 695
35327, 642
637, 897
8924, 578
32966, 193
7720, 202
164, 819
32769, 373
23680, 380
10787, 752
34870, 6
5135, 563
24925, 667
4938, 480
6061, 816
35377, 691
12178, 225
31342, 788
25753, 915
505, 733
18752, 36
30992, 36
24947, 681
17152, 986
31030, 551
39830, 798
11689, 53
23464, 929
29443, 309
25486, 414
35196, 479
17042, 510
13190, 276
783, 83
36691, 573
15592, 949
24486, 534
21557, 225
33404, 354
28581, 287
37016, 183
15817, 702
15886, 485
37189, 74
6656, 724
35338, 393
19359, 352
3042, 424
2813, 760
22285, 225
2308, 510
1048, 573
39817, 760
22676, 3
18750, 640
27542, 180
19046, 117
13105, 699
29432, 673
11729, 349
22047, 444
3207, 1000
10248, 921
37045, 344
34957, 756
33072, 57
27476, 592
27070, 421
38905, 384
17638, 951
10249, 100
29687, 84
28213, 717
261, 729
1743, 528
25801, 698
8118, 753
8168, 925
14100, 417
3726, 563
34252, 276
22426, 299
14082, 63
28890, 968
27163, 832
23515, 714
24537, 822
33966, 790
10020, 749
15461, 567
11720, 652
8136, 588
862, 157
26975, 155
31060, 231
29522, 71
32356, 626
8176, 63
14805, 636
8458, 603
24357, 840
8500, 740
2182, 359
34871, 788
25847, 156
36440, 84
15907, 98
34968, 735
8191, 362
1037, 177
17976, 947
31134, 959
25636, 284
23460, 460
13037, 792
24080, 564
20746, 816
37717, 194
8276, 980
18400, 62
17622, 738
18845, 704
14217, 326
8677, 561
21986, 683
17927, 220
5853, 430
30297, 666
8478, 678
15649, 441
13721, 664
10040, 655
32421, 193
29486, 959
12868, 72
29053, 545
5342, 180
29999, 595
35227, 432
38311, 450
29441, 350
27360, 461
27867, 723
35633, 178
10247, 858
17492, 936
21057, 602
31957, 505
7705, 469
22283, 617
33042, 981
37525, 577
33104, 943
5949, 192
10457, 41
28436, 942
34493, 389
35807, 475
30182, 595
9009, 756
35729, 738
26954, 104
15746, 323
26032, 230
12884, 140
7740, 385
33872, 32
28500, 161
22477, 823
13247, 658
5285, 456
9561, 925
22377, 186
17429, 763
38369, 175
20925, 915
16511, 838
16109, 61
11165, 677
39194, 955
33859, 216
34607, 629
14452, 279
32400, 363
38882, 783
34910, 278
21041, 629
30108, 425
16358, 843
29019, 142
5992, 977
30205, 97
12122, 458
36504, 71
25447, 802
3397, 740
21609, 99
8436, 796
27874, 148
20782, 360
1156, 626
7777, 514
37844, 373
12962, 264
12414, 533
18059, 806
21252, 318
20947, 985
12969, 159
35071, 273
32155, 417
36147, 101
29551, 679
35990, 610
20287, 974
22354, 575
36306, 978
14943, 458
23819, 398
235, 525
30127, 803
20166, 182
34247, 146
12253, 100
28377, 792
8644, 670
4110, 242
35881, 148
32221, 893
1958, 383
28215, 443
39451, 992
8998, 223
7509, 769
6183, 398
14863, 66
3477, 985
33245, 520
30290, 73
1824, 392
2455, 57
20219, 585
35539, 500
4563, 156
18073, 613
32843, 886
28141, 541
32791, 23
26582, 280
19878, 391
20769, 409
6458, 720
22602, 700
5473, 494
7332, 319
32698, 832
33465, 459
5244, 596
20470, 328
5314, 442
27706, 5
6989, 602
25907, 319
33363, 563
19399, 15
35768, 76
37163, 433
27754, 748
14492, 538
27273, 43
35483, 952
22266, 265
36069, 799
36790, 316
932, 820
27909, 882
3542, 766
10354, 985
2532, 44
17328, 645
18979, 273
29014, 782
7773, 733
8450, 304
28615, 360
33459, 716
6720, 828
29691, 12
18174, 68
29101, 591
16183, 431
4680, 632
30028, 123
1122, 588
1381, 764
35756, 969
14249, 765
22746, 192
1010, 925
36692, 688
10169, 649
31942, 983
18920, 839
5630, 389
819, 479
35555, 689
3099, 755
26983, 534
14861, 22
29239, 646
12047, 926
30362, 294
33746, 100
4428, 174
5154, 393
31027, 801
11175, 340
7335, 163
13128, 851
9703, 224
12719, 939
26368, 30
7093, 935
9972, 956
4750, 860
31629, 946
11776, 941
5384, 760
6693, 470
28156, 711
22328, 533
11624, 347
1897, 440
19221, 890
3645, 474
4329, 202
7682, 229
33671, 437
21112, 696
5763, 395
21808, 462
29818, 342
26860, 272
27236, 484
23209, 677
30063, 685
18821, 425
6516, 816
9612, 860
35680, 621
28970, 214
1838, 234
20966, 747
16101, 332
19952, 233
20157, 1000
29904, 496
1591, 486
39198, 65
12732, 144
6334, 490
12942, 804
24586, 404
30081, 946
38476, 231
12571, 49
47, 240
28947, 536
6617, 5
23367, 194
19586, 777
26921, 29
27641, 566
7617, 489
19811, 227
22430, 115
4979, 743
35630, 65
22300, 879
30151, 183
12394, 806
34491, 613
9822, 329
33338, 201
37793, 732
22788, 285
29782, 943
2774, 313
22502, 773
29966, 230
33326, 266
12814, 985
11078, 951
31704, 479
35116, 960
14825, 934
33489, 742
44, 693
16781, 370
5477, 610
17958, 538
32603, 374
24350, 355
2675, 766
28842, 807
5166, 973
925, 372
3598, 482
34680, 871
2695, 584
4425, 17
39864, 760
17175, 997
5147, 603
11867, 249
17135, 939
9507, 167
18396, 724
8144, 421
20540, 262
31531, 833
16493, 668
33488, 519
407, 2
2479, 71
6341, 850
35948, 573
34049, 103
5797, 888
35669, 518
34428, 210
9901, 566
472, 644
19600, 759
30842, 532
32049, 215
32225, 791
11232, 624
29618, 344
25171, 266
38690, 871
11141, 668
22573, 856
32957, 219
20147, 182
12900, 997
1798, 146
12768, 384
14167, 362
18846, 848
16085, 42
26704, 443
2227, 751
2636, 496
30754, 182
11938, 842
21989, 578
16964, 338
7909, 898
29878, 217
21639, 252
38976, 169
23898, 489
34170, 671
9541, 179
27142, 970
30619, 685
28981, 750
14410, 796
12453, 743
29768, 690
18511, 337
4050, 173
6839, 529
26388, 153
5353, 201
33266, 573
17798, 203
9795, 774
113, 133
13888, 981
38189, 700
7804, 132
2793, 267
27442, 795
3904, 619
15829, 197
26692, 332
5850, 550
24224, 471
5349, 801
21708, 585
32074, 878
34974, 24
7286, 784
17989, 846
39091, 561
2290, 202
11701, 882
26311, 29
9838, 819
4700, 366
18046, 540
976, 159
29634, 718
16184, 214
34949, 152
20976, 426
17946, 513
30117, 42
35751, 61
12863, 701
39593, 192
17664, 894
14528, 557
25615, 642
9538, 904
17892, 412
24238, 414
32, 366
18952, 576
15635, 84
26885, 164
25962, 276
2863, 473
22248, 139
33240, 316
20905, 669
36272, 506
5016, 227
22195, 731
6711, 1
6539, 734
22034, 679
17224, 937
35683, 646
39268, 534
27990, 143
30573, 845
14908, 577
9921, 547
25290, 600
28866, 995
5129, 726
24398, 261
5818, 621
38489, 874
26531, 760
13552, 942
34413, 458
4375, 270
6672, 85
4118, 335
19366, 649
5994, 823
17809, 650
38641, 886
27357, 836
37294, 894
4167, 107
26245, 27
10792, 919
38474, 58
30434, 576
31276, 667
24356, 662
4697, 241
5624, 837
24209, 684
34081, 42
32740, 966
22276, 421
36632, 147
11993, 374
17453, 466
28178, 769
21795, 218
12027, 174
30388, 913
24111, 574
29288, 709
3768, 282
26379, 847
18226, 429
14372, 540
20858, 677
19059, 150
8805, 85
30541, 214
39289, 583
15603, 703
6609, 50
14504, 706
27836, 255
38543, 173
19901, 10
23904, 87
38772, 912
5333, 460
20529, 164
19113, 532
13083, 743
32850, 736
34207, 688
3250, 455
37846, 865
24241, 222
37010, 988
4272, 924
19426, 422
27992, 254
12479, 588
11942, 669
28331, 143
6374, 73
11928, 582
16768, 467
35375, 788
28386, 7
18878, 989
21760, 700
26551, 116
11757, 574
38191, 246
1062, 683
1704, 994
29653, 395
6034, 58
36953, 721
26756, 823
16842, 713
26480, 712
10476, 268
1080, 385
24310, 122
4143, 190
6459, 334
4372, 248
27571, 120
28521, 518
38881, 801
4019, 336
27714, 696
11963, 536
4562, 11
36919, 510
25453, 734
8180, 797
25972, 957
20079, 175
6820, 203
17760, 253
26138, 979
5211, 849
30504, 395
28898, 365
28029, 397
33420, 791
24033, 263
4434, 962
7103, 427
1812, 202
20295, 973
36628, 959
2882, 854
1177, 479
33645, 104
34294, 233
14911, 522
17116, 173
22810, 400
994, 827
9456, 43
15737, 198
16286, 45
31171, 233
29767, 64
1703, 57
27598, 516
17386, 510
39990, 619
2135, 870
6432, 827
14671, 597
37046, 947
13286, 399
13564, 492
37901, 466
35182, 325
29825, 84
12108, 858
14758, 520
10039, 528
23981, 326
30970, 853
3569, 564
6423, 605
36727, 844
8705, 613
3978, 146
6396, 216
31317, 760
24119, 415
8905, 302
35737, 672
12777, 394
21175, 597
33227, 458
34403, 84
34583, 400
29161, 697
14591, 77
14740, 420
25126, 8
32760, 713
17009, 224
23345, 104
24395, 123
28902, 246
22584, 530
21181, 770
20063, 943
25136, 947
7692, 81
26261, 218
26180, 946
31340, 820
39868, 786
37704, 79
3187, 137
19458, 593
29775, 16
15062, 282
5901, 334
23458, 634
24806, 987
34856, 536
32392, 148
34685, 122
21682, 808
16174, 260
22535, 157
20937, 667
4495, 453
30177, 832
2203, 35
22636, 179
29354, 899
19972, 679
15261, 320
27722, 949
38303, 663
20883, 330
1069, 747
20604, 575
25881, 960
6241, 946
10558, 485
1880, 454
8158, 67
28798, 457
29982, 858
3317, 737
13002, 747
12212, 779
6121, 431
22883, 374
28735, 579
28207, 724
31371, 260
32201, 409
28809, 636
38650, 507
30860, 357
8830, 461
12985, 38
14242, 154
24690, 502
38826, 761
19945, 872
28439, 299
10959, 757
5860, 474
33855, 360
11120, 909
36417, 715
19914, 4
11566, 21
28322, 30
28081, 374
7862, 715
23046, 978
30801, 158
716, 871
20264, 480
18559, 736
15660, 697
28013, 789
32706, 336
15704, 904
28533, 211
34780, 103
12522, 991
3092, 56
38823, 345
17634, 297
3185, 964
39603, 363
8468, 515
15587, 796
30593, 271
4654, 420
23040, 53
38216, 410
39794, 609
37784, 304
35860, 233
20192, 640
27280, 247
8737, 421
9034, 255
20443, 245
13390, 414
12761, 3
22804, 960
34751, 558
10768, 482
39412, 138
35072, 165
31140, 621
16789, 861
31482, 439
16839, 950
12497, 685
31377, 618
27486, 734
34606, 21
12135, 684
20316, 176
30195, 80
2237, 281
14074, 349
23186, 3
14794, 639
33917, 167
23266, 729
36414, 459
39548, 301
2533, 800
5986, 948
31008, 323
23091, 805
8957, 331
11308, 412
22554, 740
4237, 24
23587, 407
16484, 464
5002, 410
12085, 929
37006, 301
7410, 344
15464, 612
26354, 320
19307, 248
22181, 528
39639, 789
32898, 828
29800, 715
24920, 964
10902, 477
18688, 30
28772, 443
8327, 496
35330, 736
23300, 321
11330, 593
1257, 836
21755, 775
25276, 285
12306, 671
36864, 847
29315, 738
34747, 108
1561, 107
16080, 922
29313, 262
3442, 47
14335, 612
11524, 915
13452, 414
39342, 572
26433, 624
37464, 321
20599, 162
26166, 73
4373, 449
9189, 316
34716, 14
15852, 49
33447, 3
1633, 787
29041, 832
22028, 443
38171, 25
37209, 877
28402, 256
2714, 871
11362, 682
39592, 859
3553, 156
8937, 374
28438, 1000
24015, 647
29713, 212
37417, 554
32052, 424
37600, 293
2770, 872
265, 260
15050, 511
1795, 336
8155, 393
31637, 559
14433, 320
16291, 912
15695, 404
11841, 144
16854, 458
9323, 251
23273, 760
36656, 603
11813, 663
7350, 276
18467, 114
22088, 673
39718, 821
29617, 177
26852, 309
20302, 392
18193, 718
25952, 865
15507, 849
38044, 75
4374, 445
5734, 763
34731, 748
26017, 123
14816, 521
8031, 724
12481, 897
31346, 979
2795, 77
8864, 999
38182, 993
23764, 667
18316, 771
28344, 156
27062, 141
14683, 839
11073, 481
19779, 168
27699, 291
31319, 246
12393, 664
22015, 232
16689, 48
10013, 261
38602, 716
25222, 247
35490, 176
18207, 541
34138, 181
13581, 863
9584, 946
28204, 288
13521, 758
4489, 919
22934, 824
37370, 556
39438, 40
17550, 411
15208, 456
39359, 174
6406, 315
36204, 6
16212, 75
9697, 430
4703, 288
14190, 830
6453, 289
3353, 649
17117, 20
10674, 475
27673, 40
35389, 494
4034, 380
16978, 191
3051, 210
38220, 609
26974, 159
11763, 451
25461, 361
756, 262
38883, 953
31080, 130
17506, 658
3501, 303
24231, 193
26626, 943
22892, 405
21160, 142
12972, 615
2885, 230
15988, 110
134, 208
17754, 325
28777, 308
2630, 46
20902, 673
13289, 117
32044, 384
38170, 86
104, 192
23644, 408
28790, 153
10918, 771
15759, 150
20917, 644
14466, 897
32613, 817
29777, 38
14940, 105
33656, 51
34818, 846
7382, 993
34572, 373
33646, 355
7802, 45
13025, 330
38362, 630
15098, 237
30636, 203
36773, 197
22865, 750
26168, 528
26109, 207
27548, 363
13180, 504
8194, 158
18792, 998
5131, 976
31876, 903
3878, 7
15364, 209
36986, 741
39652, 746
4794, 292
15779, 139
14240, 246
8359, 426
27805, 828
32093, 938
19747, 526
19742, 130
10159, 828
8633, 626
27023, 723
28338, 716
6437, 697
2679, 77
28124, 704
17065, 186
33507, 575
4245, 677
38901, 265
7679, 674
5139, 122
11519, 536
34965, 782
18596, 19
18983, 180
3479, 299
29059, 208
26560, 279
11547, 97
30606, 124
38676, 958
35890, 226
18148, 287
27541, 141
18353, 897
30711, 155
23812, 612
16457, 21
33297, 175
2091, 787
15830, 454
22733, 918
6636, 201
7114, 391
25795, 522
11130, 572
21441, 681
31601, 337
4449, 240
14224, 502
6612, 972
11906, 755
31093, 38
6492, 205
24308, 791
28977, 395
27514, 310
21923, 539
5809, 262
24889, 490
23486, 520
26324, 740
20988, 427
22595, 813
3532, 639
35245, 194
3749, 708
23960, 195
5227, 408
16415, 367
20027, 744
20122, 512
38440, 918
8243, 210
8884, 198
26382, 268
4800, 934
14426, 936
14603, 642
356, 327
38320, 949
6813, 896
148, 434
4765, 82
12339, 244
33208, 968
34830, 109
33264, 660
30598, 585
3550, 316
10629, 789
7992, 504
15150, 820
1104, 280
37512, 859
3202, 296
37133, 686
17346, 728
36275, 46
35076, 309
19573, 520
21115, 652
8556, 911
19617, 249
8602, 309
21520, 211
7268, 244
35736, 414
39958, 712
22470, 745
103, 890
27351, 966
4410, 666
30441, 765
34275, 531
24185, 888
3567, 441
28066, 427
19740, 581
39615, 937
18288, 617
7722, 978
27930, 725
17465, 219
33368, 543
3321, 88
11636, 616
34925, 768
2216, 609
20066, 183
32787, 360
9646, 249
22152, 785
20321, 670
29089, 215
35237, 506
23784, 497
18709, 112
10343, 685
33618, 295
27944, 373
39105, 900
20809, 116
15738, 888
32555, 989
6454, 557
32361, 220
3291, 860
6927, 275
36640, 568
22393, 971
21954, 379
27794, 122
22125, 823
29172, 768
23143, 202
30298, 911
23994, 415
23724, 720
32925, 615
21244, 160
32285, 219
1689, 530
18344, 111
22745, 187
34437, 329
14464, 381
23455, 86
37021, 516
3990, 381
27587, 361
17422, 310
46, 641
16860, 679
6401, 404
18907, 234
828, 91
15298, 408
34328, 161
36016, 352
17514, 865
28275, 221
936, 698
1110, 710
22567, 127
38469, 692
10737, 166
26874, 418
3156, 883
24677, 96
19934, 580
36369, 55
5728, 668
7535, 509
2558, 50
3105, 511
13580, 446
18001, 653
32853, 995
8503, 359
27434, 442
31087, 703
5055, 871
22031, 53
16337, 181
1505, 4
5469, 492
16593, 770
7565, 249
18813, 731
9216, 830
20261, 654
6446, 796
6856, 601
16124, 307
8115, 944
11943, 762
38385, 645
2054, 662
3591, 826
34627, 360
19150, 818
3722, 263
32180, 74
27098, 564
2052, 940
36581, 643
571, 407
11650, 755
30438, 308
25916, 89
128, 522
31579, 930
24294, 244
17008, 630
7810, 51
36997, 394
17516, 858
32902, 773
4972, 496
30998, 50
4921, 949
22715, 723
25502, 983
33210, 601
31147, 33
13546, 1000
32782, 399
25223, 995
10871, 488
26584, 285
18598, 784
3632, 717
8037, 176
8840, 962
37442, 221
37551, 382
492, 412
37258, 789
17621, 275
28395, 511
13670, 283
623, 298
18964, 275
1192, 734
30690, 451
27008, 282
36390, 230
30236, 624
15940, 654
13366, 766
35645, 244
18499, 920
25755, 176
9570, 98
18672, 485
13842, 16
31191, 964
13726, 367
21410, 220
9912, 105
6546, 245
1055, 88
6794, 50
33006, 795
26326, 616
26030, 50
25204, 138
37974, 439
10989, 577
5536, 785
17225, 939
1331, 790
29036, 209
29893, 171
10888, 413
35591, 449
31615, 987
38324, 762
31990, 713
7177, 687
5369, 132
21240, 913
6422, 675
35623, 121
5499, 66
23966, 235
10585, 979
39845, 516
36423, 211
15613, 451
30069, 586
13587, 740
35336, 481
888, 148
18370, 849
33265, 117
21937, 433
18408, 297
8338, 709
9107, 949
9468, 299
8894, 423
18171, 469
26147, 670
26328, 835
29647, 181
34785, 765
3596, 512
8348, 258
10241, 550
19660, 819
2656, 869
31675, 676
8293, 41
29681, 215
26302, 23
10123, 227
5207, 967
2811, 473
4940, 249
21298, 450
19583, 358
25841, 239
1559, 120
24152, 451
36532, 298
32387, 595
19447, 205
4181, 568
39019, 331
38479, 171
9350, 435
15757, 191
23728, 783
38705, 816
37878, 434
453, 21
25155, 396
2037, 985
16122, 931
20376, 894
31548, 362
449, 532
31706, 868
25595, 252
33706, 373
10988, 387
16052, 306
32338, 542
2616, 352
10772, 912
18638, 370
12645, 732
32659, 647
14180, 220
30862, 309
35486, 949
26694, 926
15316, 841
16347, 260
26083, 810
30075, 966
3812, 64
25108, 730
19949, 144
30887, 700
12774, 385
10877, 573
35581, 11
7031, 332
645, 766
14584, 553
34189, 328
3660, 729
34613, 769
5724, 916
7054, 473
33410, 314
5099, 216
23894, 751
38993, 850
2133, 271
9460, 902
36221, 442
20146, 959
11541, 530
37179, 869
25656, 410
17213, 723
11782, 911
14708, 337
2456, 217
36270, 330
3824, 403
9055, 697
4097, 301
32834, 1
10244, 35
1568, 517
32873, 254
29220, 632
2809, 634
13245, 94
22264, 802
38748, 417
31312, 408
29113, 112
8876, 654
36188, 802
24816, 867
30171, 823
10689, 714
30354, 527
38017, 94
31409, 247
5376, 295
23145, 676
1042, 345
35951, 353
20579, 694
37601, 799
11449, 685
38099, 294
23161, 954
12532, 883
15901, 239
27222, 468
34580, 924
26459, 353
7402, 201
17426, 215
38903, 912
12833, 618
35766, 334
18758, 54
6755, 203
34710, 30
170, 713
26607, 340
32765, 931
38376, 80
1693, 952
13986, 888
28862, 657
16436, 908
30824, 217
37034, 419
25923, 437
2497, 16
31050, 822
11545, 139
29861, 944
21744, 153
1300, 439
25330, 792
2, 85
33226, 397
31387, 989
13798, 813
28008, 950
3446, 536
7090, 840
38667, 416
37047, 656
10106, 27
16352, 388
23723, 231
29859, 860
9658, 315
24028, 978
36994, 897
9155, 863
18703, 266
22070, 411
3183, 599
2023, 83
1469, 68
15388, 322
36297, 820
39238, 317
27833, 758
20420, 610
25982, 463
24093, 576
15397, 779
2197, 124
12934, 904
15016, 639
13026, 859
36789, 290
11461, 730
24359, 833
6535, 902
13631, 673
16899, 987
28035, 69
11053, 91
7904, 139
23195, 40
34316, 974
18694, 632
26761, 294
25663, 687
33521, 447
4113, 431
10179, 951
22528, 499
13032, 398
36831, 365
37102, 378
11606, 781
14330, 651
13737, 789
6266, 750
2669, 654
18522, 320
39694, 675
34537, 239
39196, 838
12197, 907
36704, 160
16273, 440
24014, 515
25185, 130
26877, 15
3583, 389
29575, 726
32481, 677
25052, 96
25140, 59
7489, 723
35468, 60
17307, 565
32393, 43
20851, 754
34779, 212
19276, 762
28364, 456
37952, 905
3775, 785
15214, 579
23771, 585
24203, 832
4156, 567
1386, 586
3378, 936
30308, 338
2159, 6
26812, 62
25629, 46
30232, 1000
5029, 859
9553, 48
10998, 125
32220, 28
14582, 448
32962, 458
5779, 228
27557, 627
7152, 4
5072, 238
4864, 804
8121, 292
10000, 3
31201, 971
10496, 365
26697, 599
9109, 364
20475, 559
15152, 677
23451, 955
17270, 797
21377, 558
32614, 693
38547, 636
543, 928
3508, 537
17604, 254
26202, 442
27935, 511
16188, 909
34448, 827
33824, 458
22891, 201
8402, 645
21887, 953
19393, 429
24950, 757
36620, 762
19353, 452
3669, 86
14300, 253
32832, 562
25910, 888
31932, 324
11121, 732
23301, 191
1222, 686
21559, 392
24177, 315
35615, 770
18836, 548
35215, 91
36885, 294
26045, 107
10152, 742
23891, 587
34819, 805
18167, 611
2185, 181
26655, 190
677, 608
22732, 662
7231, 886
36888, 748
28805, 318
28316, 660
15230, 388
33195, 440
27460, 338
14795, 1000
15504, 346
17236, 694
35859, 834
3268, 495
31271, 12
10765, 691
37318, 540
5505, 48
37276, 719
33170, 232
25969, 950
1097, 396
27991, 128
23445, 789
33376, 510
39617, 246
28333, 263
23485, 739
31751, 212
3302, 159
39079, 114
33316, 637
25756, 116
36355, 521
10615, 818
20726, 799
32172, 329
36293, 977
28166, 350
24725, 552
20465, 843
24973, 200
38207, 220
2327, 974
32119, 893
28044, 311
16588, 6
22254, 361
10109, 301
21942, 113
22140, 408
21391, 415
35204, 359
37342, 879
37302, 870
15863, 349
7528, 983
19790, 537
21932, 78
39705, 81
33299, 162
26952, 177
9451, 310
30750, 603
19151, 695
5868, 958
23773, 710
25403, 477
23810, 297
11891, 269
16000, 616
3215, 615
27989, 966
17357, 401
11383, 141
14170, 850
36018, 781
14718, 667
14495, 352
28449, 807
19809, 459
20018, 968
3628, 248
3638, 373
29355, 104
12446, 243
9778, 142
27272, 640
31908, 358
122, 497
28076, 29
11875, 3
33944, 83
4701, 716
2890, 477
36707, 740
11172, 841
37094, 134
19493, 465
37811, 842
3019, 18
35655, 915
28002, 620
10582, 982
30240, 771
23389, 654
31814, 728
24531, 234
34314, 59
10822, 596
8152, 186
13712, 590
39174, 830
32906, 148
17570, 759
25322, 530
33403, 956
11696, 100
17871, 972
39749, 295
32841, 589
31182, 918
8551, 985
12561, 620
17102, 402
19137, 1000
13393, 183
8707, 260
8804, 155
6975, 490
5521, 217
30834, 619
10645, 499
10839, 83
23108, 451
14124, 363
36352, 898
1610, 698
4931, 93
39640, 651
13368, 965
10295, 456
17584, 774
19193, 46
16095, 271
26277, 731
21095, 746
17680, 179
36890, 625
33875, 236
32912, 245
27787, 779
25797, 735
17983, 808
14761, 565
24364, 182
15085, 487
39164, 838
34135, 652
17558, 147
24433, 550
161, 681
971, 386
9983, 732
8948, 422
31807, 116
18770, 323
23714, 240
26578, 822
18793, 814
10045, 639
29965, 610
36974, 998
7799, 775
14873, 298
6359, 337
19603, 11
20662, 481
1473, 243
35901, 341
20589, 558
39297, 21
8566, 34
22669, 117
7030, 221
9021, 661
16711, 214
28165, 404
29917, 917
34206, 422
30577, 763
34686, 477
29003, 40
28263, 640
22688, 946
18352, 503
2903, 469
20457, 678
35646, 901
5165, 393
25934, 596
31417, 499
4688, 51
11549, 25
14991, 605
38015, 403
17915, 333
22616, 188
24180, 852
34373, 441
25475, 103
35887, 438
31512, 146
12994, 206
7136, 538
34416, 373
7148, 726
11381, 511
26589, 338
1115, 664
7319, 738
39964, 55
19349, 785
9461, 360
14033, 214
25431, 517
35131, 96
33939, 452
9268, 267
6089, 75
14480, 445
975, 163
15106, 642
15860, 1
26403, 778
7249, 476
6893, 172
26883, 100
22910, 844
26154, 93
11542, 170
28496, 400
8790, 939
3058, 822
34344, 249
10467, 391
1511, 874
21868, 169
24870, 353
35902, 816
2579, 158
38085, 269
2685, 205
33819, 423
37970, 644
39926, 469
10240, 501
24139, 947
36260, 594
707, 295
4261, 913
22511, 731
35779, 137
19267, 722
31726, 158
30644, 577
6427, 23
417, 1
24214, 558
9601, 211
5658, 716
15892, 905
24345, 447
11619, 365
12717, 114
37630, 40
5404, 937
29440, 291
14113, 19
4116, 695
4381, 989
18995, 573
939, 657
7834, 463
9913, 45
16251, 529
14714, 920
3094, 511
19978, 169
30123, 574
27951, 951
34340, 148
27340, 178
38119, 183
4403, 548
11056, 274
33049, 982
17815, 172
38987, 546
15423, 309
32572, 91
20673, 195
10601, 225
13277, 714
2914, 737
15107, 89
25415, 555
5919, 310
20600, 11
22076, 530
32205, 139
5882, 906
39865, 621
28479, 531
16376, 838
12155, 681
37150, 662
11903, 819
29458, 584
17740, 287
30811, 324
16973, 792
30620, 966
842, 324
29752, 106
34438, 348
22936, 905
10223, 323
27827, 518
28234, 539
13205, 860
28419, 770
21771, 44
35316, 420
20429, 773
3691, 236
12056, 198
36943, 75
37997, 938
1685, 776
12205, 425
20145, 318
19590, 53
2155, 116
33472, 78
12789, 122
12874, 992
515, 497
7320, 724
3578, 790
39877, 734
20425, 366
25845, 649
16214, 210
15985, 462
14898, 67
23114, 148
2514, 464
5514, 354
38007, 671
10021, 753
21138, 119
26023, 239
6520, 219
35709, 425
10340, 312
31208, 681
848, 425
13507, 36
116, 837
25626, 965
27247, 779
16567, 662
12907, 716
15083, 177
25435, 676
33096, 764
9960, 589
17228, 904
3133, 944
18687, 313
38852, 587
37332, 915
28519, 145
30416, 928
39709, 186
25862, 23
37866, 286
28783, 758
18335, 207
18797, 639
11607, 213
36410, 771
14255, 894
21316, 775
34027, 625
11382, 183
12041, 468
12298, 661
32879, 858
25784, 86
1818, 104
32978, 97
26429, 62
15974, 616
39869, 427
1224, 110
33021, 703
689, 919
7913, 859
28351, 648
592, 253
35656, 984
2370, 734
35585, 5
32479, 57
36741, 255
35458, 355
6954, 251
20873, 825
11020, 801
5736, 309
7164, 687
28005, 614
1580, 971
27710, 799
16855, 787
17512, 684
30322, 476
33086, 71
36454, 346
2767, 84
4095, 761
36896, 92
2778, 349
11360, 832
2218, 183
28158, 270
23831, 374
35232, 672
22749, 625
30037, 404
4266, 850
39695, 790
32486, 24
6170, 74
33933, 598
38673, 361
12775, 830
33380, 304
2950, 40
9754, 717
15680, 409
33887, 148
39185, 82
34616, 100
11932, 116
37295, 44
13849, 147
26540, 492
11847, 197
38707, 688
8978, 230
35129, 544
27186, 516
21144, 25
6844, 490
29594, 426
25757, 673
12634, 181
27734, 349
24959, 828
37791, 801
4318, 647
2263, 362
31213, 647
30451, 138
16570, 627
15366, 411
31390, 350
28478, 691
2026, 633
36026, 569
17395, 933
38700, 127
24966, 214
1886, 535
23190, 465
17702, 283
15743, 531
5735, 486
8418, 77
18453, 916
34987, 730
37018, 991
31243, 915
25468, 708
25477, 143
8274, 579
18123, 913
4760, 394
9514, 207
39039, 809
25100, 980
27730, 942
25750, 24
7436, 328
6627, 788
13474, 559
31109, 994
21824, 23
38686, 882
8254, 450
18908, 158
4357, 245
27212, 841
18537, 501
28973, 114
12718, 143
4505, 531
26586, 650
16236, 967
34970, 456
39044, 665
1139, 203
17619, 990
11375, 166
30251, 969
21325, 734
3692, 370
19657, 170
1307, 22
11721, 865
7743, 248
36185, 975
4207, 763
8713, 912
3562, 453
16155, 177
14308, 166
35033, 400
39380, 158
37548, 200
28269, 112
18826, 824
4824, 709
24771, 31
5863, 6
569, 17
629, 570
30839, 193
12642, 955
20189, 705
30735, 9
39887, 1000
33584, 143
5623, 781
12912, 641
19298, 484
27218, 510
32560, 99
19856, 174
11723, 101
30840, 154
22702, 541
16660, 848
13497, 664
36250, 849
24532, 352
23310, 599
21914, 96
13063, 139
9423, 45
38371, 690
17908, 625
38475, 761
12054, 573
17966, 127
37109, 912
1548, 192
32322, 106
27768, 682
18802, 94
22203, 685
36760, 305
6042, 65
32803, 816
3230, 69
38731, 160
20664, 442
25001, 791
14675, 172
10323, 616
21368, 976
3238, 768
32940, 638
29442, 354
2414, 663
2254, 616
30585, 675
20133, 542
31774, 609
33670, 561
37922, 993
28485, 81
22929, 65
21104, 579
22349, 110
35969, 357
2859, 206
13045, 156
7604, 560
24040, 935
33563, 400
33079, 914
14396, 975
4252, 618
102, 289
11311, 626
30845, 461
29383, 742
38984, 60
9945, 330
8342, 359
38922, 467
9995, 473
8853, 789
3921, 1000
29074, 441
28988, 204
5370, 223
1825, 570
16129, 331
9205, 910
16551, 806
15513, 679
37608, 776
2808, 878
1640, 528
1512, 476
13596, 617
12048, 488
6460, 266
28736, 734
7218, 873
23791, 57
18831, 842
31888, 372
33882, 178
30059, 582
31781, 441
29449, 0
3714, 187
2463, 483
19131, 791
28886, 564
7042, 408
36733, 580
19661, 73
26399, 430
20854, 146
31374, 93
37306, 270
6646, 835
6177, 880
9863, 877
26557, 87
1604, 613
16494, 129
12511, 38
11144, 327
10898, 741
21791, 894
1272, 54
13260, 296
17639, 472
20388, 767
21264, 97
16933, 257
26230, 255
22513, 568
3413, 326
19132, 294
12057, 302
14516, 837
15170, 609
17503, 930
21242, 319
8848, 770
28734, 489
25776, 820
32028, 52
238, 813
26804, 864
10438, 934
17317, 129
16512, 984
18388, 636
9634, 214
13833, 609
168, 350
19893, 636
13321, 960
16713, 80
15471, 836
16285, 149
22606, 585
3561, 998
11024, 401
17816, 817
5535, 395
26035, 36
28642, 469
32142, 655
29439, 711
13087, 383
5367, 504
14399, 183
20869, 484
24465, 450
30057, 250
4517, 816
23158, 247
16608, 922
21566, 670
14803, 103
36240, 306
23777, 146
17419, 216
37299, 324
34032, 225
35343, 678
30472, 120
9043, 342
2516, 591
27050, 239
12733, 665
11173, 83
28190, 967
13367, 727
37708, 506
30556, 155
33604, 680
3899, 425
33807, 671
13110, 444
36490, 34
24031, 248
1828, 472
13396, 540
32634, 786
8669, 615
35420, 331
3197, 246
24041, 68
31688, 21
3867, 739
21445, 310
33774, 344
25482, 878
4348, 50
22387, 561
1811, 710
22888, 497
23913, 61
26618, 945
38110, 250
13298, 522
1216, 178
978, 123
13926, 564
16804, 211
31651, 338
35510, 903
25335, 660
34338, 695
4226, 272
1852, 791
166, 103
11515, 776
13071, 231
37414, 450
36838, 825
651, 238
24144, 124
1891, 420
25298, 815
31627, 533
32265, 192
31699, 95
28400, 454
36401, 614
5703, 739
3035, 182
5720, 282
11926, 941
19412, 2
20612, 875
27752, 414
19351, 3
7111, 9
25913, 282
7240, 786
39768, 202
15215, 41
16172, 230
22605, 273
15694, 213
11546, 208
4568, 67
38862, 778
21075, 39
29523, 214
32414, 475
35648, 771
3619, 840
10089, 582
1567, 458
10612, 244
34798, 775
16079, 937
36130, 923
32790, 638
5729, 740
22856, 638
27580, 834
33957, 313
16599, 812
23775, 774
17669, 885
3737, 157
21257, 117
24454, 900
12844, 320
8138, 537
20963, 909
10355, 758
28776, 156
15630, 645
37216, 321
9137, 787
2146, 600
24647, 469
31926, 575
19570, 590
31395, 353
2402, 130
1899, 706
37022, 436
27165, 495
4577, 935
36409, 789
36125, 350
34849, 369
24122, 81
31132, 407
30554, 473
9441, 315
27287, 463
20972, 582
27312, 353
15961, 164
33393, 474
15555, 800
15306, 161
135, 215
18669, 5
14757, 678
27214, 837
30640, 817
38028, 760
38438, 983
19716, 92
12140, 520
3043, 84
32264, 317
3658, 469
34592, 669
35638, 387
18779, 482
13172, 583
16182, 147
9462, 955
25365, 19
38049, 753
35309, 657
38459, 362
6532, 598
22770, 750
8251, 236
27370, 414
14064, 387
28525, 249
1477, 697
35689, 12
11273, 80
14606, 682
23684, 486
25959, 407
37234, 51
1416, 98
32207, 255
8264, 521
24985, 196
11759, 579
6642, 117
36970, 552
14213, 605
11371, 434
8412, 595
31984, 356
1620, 789
16738, 431
25593, 779
1922, 133
10754, 107
7574, 939
32348, 593
27963, 185
9382, 797
27, 608
34286, 688
37245, 606
32483, 825
39313, 383
36495, 373
11081, 548
31935, 759
35716, 455
34582, 342
3323, 243
19437, 503
26710, 779
12640, 571
28290, 227
37242, 258
12542, 807
35588, 490
37859, 354
5881, 29
39460, 274
27012, 477
1810, 36
14483, 134
14514, 25
25955, 500
36954, 381
22507, 95
14542, 906
20019, 629
35049, 436
20082, 376
5606, 759
370, 713
29667, 768
35896, 423
6306, 884
15301, 935
6070, 777
20699, 463
22029, 46
15844, 266
26723, 509
26077, 438
10193, 906
6356, 39
9728, 298
13123, 764
16295, 378
12716, 953
2154, 466
14647, 791
4269, 250
33806, 716
38969, 554
2089, 265
27107, 985
2916, 904
28737, 836
29705, 750
23899, 860
6377, 801
32248, 131
16268, 684
24481, 962
1768, 634
5158, 915
7816, 849
34531, 142
18668, 766
24351, 49
6420, 384
13744, 862
2022, 490
13472, 750
5601, 926
19408, 126
33992, 253
5649, 606
14306, 873
29674, 265
13763, 567
9858, 149
27240, 549
38, 301
13198, 153
17408, 956
36158, 286
4303, 237
8048, 331
17495, 395
23196, 240
8543, 479
11448, 55
33319, 939
7243, 426
15648, 609
21262, 517
26108, 292
6142, 491
32006, 437
31555, 104
25186, 843
15270, 480
28090, 145
10628, 465
4426, 539
9327, 499
38021, 355
19179, 452
4917, 882
24671, 570
6633, 14
35533, 613
7630, 690
39653, 161
670, 629
527, 419
28693, 413
25166, 808
8069, 343
39500, 342
37292, 37
9144, 401
30490, 381
12025, 189
4644, 918
33531, 341
1817, 930
39374, 649
24232, 697
7370, 142
34832, 576
5248, 770
26916, 21
21328, 806
30502, 982
8459, 387
39006, 674
8075, 91
11804, 975
22002, 990
24941, 514
35976, 350
1839, 747
32287, 911
38454, 133
1419, 620
35074, 852
23915, 319
37098, 282
13834, 531
13103, 911
29180, 298
33686, 972
29448, 528
29028, 923
3459, 584
23530, 785
3975, 467
22808, 201
30203, 327
1715, 214
32745, 792
18328, 41
117, 758
26894, 641
4670, 447
35205, 293
27604, 199
14670, 771
12670, 831
27404, 783
37012, 69
4388, 280
12960, 59
4625, 422
16729, 235
20267, 809
18314, 643
29498, 320
25189, 244
37750, 782
220, 457
4264, 648
30263, 726
32543, 427
39041, 583
554, 401
22271, 530
32046, 646
34881, 406
13978, 331
27426, 331
39585, 423
37929, 357
6468, 792
19947, 649
26217, 877
8918, 791
36271, 48
3830, 594
35505, 736
33513, 247
22612, 578
18832, 804
6940, 880
13682, 53
37663, 369
13030, 374
14888, 603
3820, 351
12368, 331
7982, 229
34598, 48
33150, 357
32798, 842
39996, 954
34896, 924
20685, 195
32309, 587
5552, 903
35863, 526
19581, 322
32130, 275
20395, 926
18940, 188
8523, 424
8298, 723
5246, 137
8936, 562
2425, 48
21303, 113
1688, 745
28782, 434
15108, 332
5819, 366
1153, 363
609, 400
4733, 513
6999, 962
26173, 328
31715, 96
33989, 59
35162, 649
10946, 894
5351, 82
30202, 358
9521, 144
2390, 528
31862, 267
23541, 188
20485, 719
23713, 488
18034, 578
26541, 679
33081, 826
19385, 383
32344, 664
21947, 510
29344, 206
37027, 565
20817, 658
19368, 470
2301, 399
8319, 838
11378, 554
1038, 8
34816, 828
11363, 824
21686, 322
20708, 448
28063, 677
29801, 381
34658, 222
3685, 485
3237, 778
24792, 239
5711, 596
9563, 357
16834, 990
37436, 745
6047, 757
33781, 582
37095, 451
37033, 657
36154, 608
18622, 974
7892, 408
5974, 462
13959, 499
6988, 326
13592, 82
4933, 590
18989, 305
1483, 131
24008, 657
26351, 10
5498, 65
9852, 599
33720, 383
39073, 379
10607, 781
33512, 639
18754, 568
9739, 766
39834, 137
34227, 541
12689, 632
3640, 909
28494, 900
4443, 80
12336, 708
18702, 381
16819, 715
24628, 534
19973, 704
5120, 630
40, 815
32772, 533
8360, 231
31625, 932
37531, 626
1466, 251
12486, 664
18684, 783
9419, 512
39360, 611
23636, 739
9355, 681
21448, 909
36137, 888
34666, 185
9889, 72
3123, 35
268, 692
33932, 789
15276, 992
31306, 553
19979, 602
35101, 127
2924, 868
20776, 959
26400, 20
20185, 413
12271, 962
893, 282
14909, 396
19731, 337
24670, 537
11303, 316
12324, 982
30528, 870
8898, 249
16133, 270
12971, 595
26988, 675
33728, 563
2748, 730
1356, 114
23377, 339
1231, 745
38381, 100
38629, 61
17636, 804
34853, 590
14032, 533
38806, 984
13382, 336
21517, 52
29033, 675
1145, 178
20047, 858
36102, 991
37473, 657
24981, 768
7569, 850
7581, 758
36053, 563
25866, 982
13615, 153
30974, 358
37550, 355
30003, 505
35858, 473
12750, 678
34455, 146
34427, 599
8942, 844
10963, 465
4320, 748
4893, 346
36796, 197
21650, 849
17254, 153
15847, 501
7184, 541
12609, 942
37961, 108
26805, 249
29925, 248
620, 424
30227, 996
38974, 975
3270, 152
19969, 736
32780, 270
7238, 941
19107, 808
13604, 523
20191, 477
1833, 506
24249, 959
27343, 187
25493, 831
14137, 592
18829, 766
38439, 436
13194, 258
3744, 170
15643, 102
21336, 402
34848, 800
39582, 578
18676, 684
26091, 120
3570, 869
11212, 784
25980, 171
28394, 307
26061, 460
32039, 727
18487, 465
32947, 64
26652, 559
6145, 365
16928, 548
20783, 945
17858, 202
20423, 726
11927, 446
21063, 24
20720, 705
18786, 114
28064, 969
8547, 235
38419, 298
18988, 762
16460, 841
9425, 486
38900, 899
12396, 675
12652, 591
19256, 140
200, 512
37895, 174
31830, 479
19772, 434
28385, 805
12744, 624
3651, 149
19499, 190
8021, 734
11041, 748
8339, 438
32965, 472
20713, 375
33071, 182
30954, 788
6493, 834
22292, 772
16366, 606
13656, 234
1660, 246
16587, 949
21765, 619
15071, 401
21461, 562
10335, 968
2007, 363
14227, 837
477, 540
9578, 117
11229, 884
8572, 392
25524, 822
514, 903
20052, 739
19143, 105
26046, 885
27090, 542
23262, 197
35301, 663
11104, 738
8262, 203
7876, 679
35063, 521
33659, 572
11952, 269
13184, 926
26642, 822
37966, 208
889, 959
35957, 363
30219, 743
14097, 920
27189, 668
31750, 292
2027, 681
37998, 401
23950, 909
7384, 44
9622, 258
20155, 321
2800, 987
35004, 761
21028, 587
29321, 706
10789, 114
39835, 230
11801, 186
21881, 369
31925, 215
29011, 345
831, 107
18794, 946
18609, 532
8385, 183
9883, 374
18039, 827
17893, 91
10926, 497
6158, 807
20349, 782
8739, 864
38114, 609
36944, 384
21585, 52
10803, 140
14695, 74
18248, 910
27708, 41
13131, 643
39660, 15
17311, 923
14232, 505
28289, 602
39511, 938
4352, 672
25961, 166
2527, 474
12502, 646
31921, 390
13024, 211
21715, 451
10788, 367
17332, 85
18953, 457
25760, 37
34013, 18
39571, 498
28625, 449
4138, 184
10104, 257
28921, 636
11684, 588
15899, 245
32367, 722
5295, 880
11143, 75
18896, 874
1190, 835
10150, 926
36674, 419
39356, 551
38417, 787
15487, 279
29541, 46
771, 349
32011, 242
30448, 408
2693, 956
4384, 701
12444, 543
7526, 286
373, 746
11710, 901
35924, 704
26031, 671
19821, 497
16166, 430
23937, 182
32688, 968
15003, 339
29297, 442
2895, 500
4457, 145
1371, 569
8952, 783
37445, 175
16812, 320
23283, 492
14817, 927
22081, 110
5240, 38
29636, 846
1269, 671
28765, 900
38717, 294
25951, 850
22494, 367
10518, 432
18973, 971
36912, 414
2776, 638
37579, 515
32905, 957
36745, 584
39646, 502
29585, 989
24362, 880
36749, 408
7708, 338
39190, 293
14965, 697
37746, 938
30890, 783
21069, 918
5223, 375
2659, 519
28716, 280
7005, 474
17589, 103
15882, 228
4171, 851
33167, 632
14291, 235
37107, 221
12423, 960
35417, 993
13261, 829
17078, 363
32530, 824
17387, 402
34158, 267
27750, 788
20344, 315
28083, 717
8727, 117
8192, 289
29877, 480
38113, 787
20543, 464
20804, 441
21664, 783
37340, 475
31042, 969
20660, 170
27888, 620
33648, 932
27112, 841
30777, 82
37567, 932
38139, 425
18082, 735
39661, 487
7715, 487
2317, 801
3898, 504
18923, 825
34482, 234
10614, 471
13707, 793
17814, 988
20610, 169
13492, 38
20779, 152
6484, 646
7195, 358
25849, 132
38706, 324
26622, 174
37225, 289
39247, 125
10625, 855
35923, 432
17414, 909
37973, 945
36349, 846
38890, 177
34346, 915
12059, 834
1600, 260
21467, 809
24355, 853
31434, 397
32121, 555
31111, 218
33386, 227
27649, 208
20100, 775
5128, 578
13148, 498
39675, 302
11400, 462
28823, 134
38076, 615
18595, 362
33429, 212
36848, 466
24979, 105
36432, 780
6737, 177
16458, 563
4879, 938
18057, 637
12167, 480
14819, 331
32811, 47
37881, 689
13395, 24
8968, 643
18971, 392
16501, 904
5629, 563
2323, 574
16957, 548
36825, 320
39479, 954
3376, 855
37467, 959
16972, 382
20578, 921
8966, 727
2713, 882
27857, 550
21841, 157
26143, 701
22021, 395
28590, 856
8217, 244
2582, 575
22753, 758
29330, 241
172, 647
18036, 997
9604, 720
8382, 210
33059, 449
28528, 471
28806, 390
18911, 521
30796, 246
9891, 939
5341, 59
84, 562
25160, 881
21806, 895
3778, 179
37389, 162
486, 215
38996, 310
4564, 325
424, 248
18022, 548
29394, 157
17863, 166
35672, 780
24583, 100
22864, 592
2970, 31
3728, 404
10194, 719
21308, 152
2397, 643
28948, 131
14355, 539
14160, 293
35022, 688
12784, 604
3396, 342
9240, 295
3575, 49
39047, 819
16709, 150
22950, 448
15690, 688
28086, 158
13235, 85
22018, 402
35834, 32
17997, 717
10538, 406
39631, 513
24370, 523
38871, 194
18117, 739
8938, 138
8985, 795
31067, 122
37612, 761
24106, 669
1934, 67
23024, 86
8758, 111
26246, 283
33044, 537
25600, 630
21599, 237
35832, 960
14489, 389
14, 305
2288, 208
37569, 100
8609, 793
28603, 465
16242, 893
31245, 831
24852, 596
27618, 501
37168, 989
3872, 845
27907, 315
28814, 813
23134, 225
1189, 608
2512, 773
17261, 10
5872, 984
21688, 523
20871, 330
12189, 535
25639, 36
17542, 68
14457, 807
39270, 914
11510, 101
5301, 641
916, 812
11844, 742
11345, 435
29496, 42
5292, 187
33453, 201
12520, 42
6805, 827
27509, 512
25494, 964
23202, 995
20085, 172
25553, 68
8926, 68
38971, 344
10617, 84
5134, 890
6340, 841
15980, 416
13880, 16
36259, 51
20071, 946
35160, 42
6686, 809
19722, 258
5005, 9
20149, 341
12066, 410
29978, 574
16359, 564
1662, 46
27453, 12
8690, 555
17665, 510
22650, 721
35036, 809
7583, 203
9809, 108
31544, 308
31756, 528
38295, 21
6514, 324
39140, 84
2065, 361
28656, 738
14728, 473
1631, 172
28827, 834
30544, 478
1023, 756
38760, 93
7441, 112
16893, 360
38137, 916
23067, 84
38619, 342
34486, 721
39172, 367
9544, 457
16807, 796
28953, 984
34995, 910
1831, 305
6125, 565
39503, 921
38727, 274
13945, 467
33132, 536
3421, 582
1413, 42
35379, 205
37781, 847
29371, 259
27593, 647
12455, 836
8757, 241
7965, 199
33526, 584
25281, 641
33141, 714
33236, 990
6886, 547
10774, 679
27169, 284
6565, 990
27679, 504
18724, 548
13358, 852
7399, 985
2901, 931
35156, 5
11799, 338
37631, 672
25628, 490
25120, 914
29258, 844
8515, 39
24184, 200
11626, 411
34253, 455
19402, 492
3703, 683
38784, 84
32398, 65
21036, 350
615, 540
34176, 553
7494, 667
21229, 600
10282, 405
31286, 919
11666, 931
6951, 457
8579, 32
38213, 435
26717, 664
885, 985
12498, 487
38159, 281
11634, 651
986, 971
29507, 650
1487, 918
32258, 370
4932, 32
9028, 776
27232, 644
31178, 717
21018, 379
31989, 227
13574, 604
39708, 603
28163, 124
8557, 642
1933, 559
28978, 585
7367, 13
16518, 967
28875, 321
36797, 978
18021, 111
19005, 608
25498, 116
11252, 807
39686, 836
34434, 327
10042, 991
22102, 133
17088, 945
3783, 577
37070, 605
2601, 223
23077, 256
33421, 238
33214, 228
24511, 500
18650, 12
36564, 434
24613, 475
31540, 226
29255, 587
29484, 385
1081, 196
15034, 174
8949, 427
3022, 726
14379, 450
27803, 920
19388, 420
5924, 661
25822, 597
4407, 256
26157, 928
15213, 59
37199, 81
24598, 308
18589, 469
22755, 582
12349, 21
33095, 527
30089, 699
38174, 146
33308, 311
1144, 114
815, 812
25796, 448
26105, 76
13089, 24
3580, 789
18068, 797
39524, 593
16221, 997
37462, 704
10548, 0
24461, 182
12126, 437
17083, 167
31594, 879
25132, 256
37460, 699
36, 866
32170, 919
17166, 202
36742, 72
2183, 999
20091, 88
12922, 73
24222, 987
7197, 93
245, 774
24179, 307
3917, 220
8219, 628
29757, 504
33176, 664
13499, 39
5330, 993
36493, 857
22700, 646
6639, 45
8190, 354
10775, 864
24656, 390
36212, 769
7510, 689
34007, 909
16605, 127
11268, 611
982, 339
22037, 770
26575, 212
29648, 666
10564, 771
38393, 600
38400, 210
7050, 3
24130, 567
39136, 894
4059, 883
2189, 37
22720, 834
17129, 915
38030, 467
35413, 806
10706, 134
14188, 416
983, 604
4189, 299
37143, 345
832, 871
38942, 490
29154, 356
35024, 194
1233, 92
3211, 202
23721, 931
25466, 99
5266, 829
36496, 437
18805, 398
9879, 491
5804, 736
21992, 24
7800, 946
15897, 743
14879, 129
39691, 124
4496, 847
9665, 629
6701, 400
26323, 448
29265, 241
9484, 738
565, 845
7465, 692
9557, 625
18556, 380
33636, 523
2534, 73
8799, 46
30678, 537
36613, 667
2258, 734
15076, 758
26215, 84
15801, 611
2275, 628
12062, 451
31848, 676
32138, 457
21082, 356
15466, 778
13683, 664
9185, 42
10860, 812
35536, 512
4769, 42
26889, 699
14023, 961
19102, 413
36282, 0
33342, 200
12740, 442
14535, 290
4592, 975
7017, 704
13935, 279
27346, 501
20659, 81
14406, 452
28743, 692
38691, 342
21839, 98
38786, 719
18084, 345
31045, 331
8809, 821
34844, 211
7010, 681
35090, 417
16467, 816
10554, 110
21611, 969
20002, 681
24264, 450
342, 359
6242, 223
30993, 719
35416, 264
38365, 329
12627, 104
6366, 993
1506, 460
29806, 551
8216, 11
39665, 458
10972, 903
3661, 929
14261, 837
27319, 4
11235, 178
22501, 708
33628, 550
36933, 833
19491, 275
21768, 594
35385, 863
24434, 580
30264, 224
6394, 615
28859, 111
33538, 824
19311, 40
3621, 346
28695, 668
48, 318
19775, 201
15161, 78
24195, 56
12559, 770
7570, 244
8076, 870
38500, 45
15064, 626
4289, 339
20272, 641
9529, 981
22369, 136
13784, 740
22255, 255
6315, 338
5021, 453
22525, 434
282, 779
26569, 947
1188, 809
6912, 173
12516, 895
5446, 668
28431, 549
4121, 138
6634, 7
5571, 610
2298, 251
16170, 529
16662, 344
35941, 481
14197, 114
30616, 293
16835, 996
13434, 110
14666, 778
20012, 888
22219, 410
33621, 54
31641, 833
10707, 259
20603, 120
10650, 437
31850, 624
28660, 358
21855, 985
33129, 803
20059, 911
18504, 365
26116, 295
177, 914
15625, 145
10702, 288
13531, 255
36556, 508
35431, 500
30259, 163
29956, 975
12898, 338
5096, 395
19690, 114
3586, 790
4421, 480
32941, 509
34741, 388
19933, 837
1323, 388
22137, 911
29352, 282
35518, 661
25738, 297
14063, 883
16759, 331
13359, 775
320, 617
30325, 278
35426, 552
17483, 713
34272, 886
34758, 927
14771, 248
26570, 80
25255, 428
22466, 364
28885, 37
15249, 404
32492, 911
14829, 238
17035, 454
23376, 30
3047, 668
9019, 329
20341, 284
37924, 930
13651, 841
13361, 423
14129, 906
28486, 260
8862, 574
35910, 247
37284, 173
37188, 103
18450, 988
11087, 55
8416, 956
26239, 851
30139, 760
31852, 362
2585, 240
25680, 870
9593, 284
10517, 794
12637, 649
38245, 625
34697, 409
30935, 837
8970, 492
33009, 840
15241, 39
3195, 727
37278, 922
22943, 625
17033, 439
17722, 981
20176, 654
25152, 840
38255, 314
12529, 259
4361, 555
5419, 118
20365, 84
9079, 245
6092, 696
29310, 515
31872, 442
30689, 587
12150, 822
31188, 527
10710, 309
19673, 992
35453, 997
35230, 383
16428, 65
33718, 25
20718, 419
18079, 616
25469, 509
15733, 310
6200, 851
16028, 150
8505, 365
34922, 735
27217, 237
39513, 400
11035, 699
28594, 917
31365, 492
19710, 366
23570, 753
23427, 169
18168, 538
8989, 666
9522, 76
9408, 418
27374, 109
22460, 505
22689, 288
23970, 721
32883, 110
29958, 117
5970, 652
39319, 661
37002, 50
38317, 809
20305, 605
18285, 676
34111, 639
31129, 670
8171, 856
2681, 388
36929, 701
38193, 699
3620, 198
25495, 514
1285, 623
15309, 402
39362, 439
26559, 558
18733, 990
33863, 446
2175, 587
11352, 317
7865, 607
4716, 354
34866, 115
30847, 717
21499, 861
29808, 244
38387, 784
15745, 716
26951, 293
38832, 927
6965, 174
26644, 980
27582, 759
24605, 939
9306, 120
19228, 486
11341, 207
3347, 806
17771, 251
28469, 49
13046, 817
21968, 670
20505, 689
4607, 799
26421, 60
32697, 135
21561, 385
36377, 438
25747, 196
4080, 51
12340, 82
16769, 81
33002, 542
1527, 829
16004, 507
33624, 416
12804, 520
4913, 141
29784, 235
7786, 783
19425, 124
13967, 396
4937, 679
30510, 407
15869, 662
24278, 395
16144, 195
34890, 742
30004, 44
32115, 768
3374, 970
20875, 388
35325, 833
39055, 287
1382, 90
861, 540
19810, 553
306, 772
6894, 205
754, 208
34218, 84
3032, 454
11951, 83
27111, 590
15530, 141
18737, 137
39928, 761
1351, 166
37516, 315
2033, 761
26072, 49
12422, 409
25987, 857
20551, 164
23823, 436
38251, 46
10995, 160
23735, 892
13963, 195
11516, 678
8954, 301
12937, 438
17342, 23
17716, 880
19798, 567
17308, 600
5175, 967
10897, 232
16283, 128
27311, 149
420, 304
17770, 160
7155, 545
38309, 222
20827, 534
20705, 720
16378, 700
28986, 259
29840, 859
19181, 0
11238, 863
11476, 375
17302, 211
19356, 300
9619, 293
28471, 799
8304, 720
33017, 854
36596, 842
17874, 382
4994, 116
15293, 809
85, 944
38225, 894
7166, 836
8773, 849
24070, 966
7461, 958
23535, 455
32827, 587
31981, 837
11162, 303
32899, 28
20642, 910
20169, 64
34082, 283
23120, 957
9762, 91
2460, 62
27800, 635
15584, 724
37003, 536
21231, 436
24896, 878
6304, 807
25902, 172
4389, 996
31025, 535
14846, 213
9597, 896
27915, 152
27835, 178
18605, 532
10861, 601
38669, 963
10715, 405
23270, 360
19497, 735
11798, 98
10156, 476
14046, 327
7047, 798
27976, 14
32551, 933
20933, 668
11989, 980
11226, 580
1535, 540
10647, 710
9914, 812
24788, 364
35331, 840
29490, 489
8866, 564
1666, 228
36862, 935
23302, 496
23852, 226
34421, 812
24018, 67
31458, 339
19055, 356
93, 461
9208, 362
27611, 324
29238, 532
33958, 577
33078, 649
26381, 434
8193, 621
19020, 487
2892, 898
12539, 665
30744, 70
4037, 494
32105, 199
20510, 510
30964, 744
20666, 156
9716, 251
14105, 257
5179, 731
32031, 967
36269, 912
32125, 285
25552, 666
39422, 27
32826, 37
8702, 782
29913, 144
4376, 84
10146, 964
35782, 726
12421, 65
15701, 791
7943, 577
1050, 745
37072, 94
38402, 86
5650, 494
19921, 425
35607, 914
38715, 777
38080, 202
16096, 121
32867, 828
33263, 923
11210, 399
29787, 788
10896, 691
39112, 244
39390, 240
1877, 842
1801, 184
12432, 786
31069, 553
10035, 922
31172, 864
12191, 809
38357, 714
24753, 738
6286, 621
13687, 445
16618, 45
24931, 209
6629, 171
159, 554
27980, 295
16210, 617
28185, 995
17968, 286
26364, 478
35958, 849
10819, 660
25897, 741
26956, 461
35577, 192
20989, 506
39327, 178
30741, 292
20903, 675
13918, 688
10589, 691
19768, 836
5358, 872
38304, 518
11420, 759
17087, 663
23864, 415
13476, 234
5080, 465
36038, 788
38077, 278
20378, 568
8281, 76
3671, 744
14697, 830
35067, 996
8880, 290
30549, 24
3595, 606
29580, 424
23583, 728
22247, 861
11435, 486
38986, 554
27097, 336
19058, 47
4186, 477
9865, 288
4244, 425
20034, 303
13543, 612
5503, 454
25137, 788
17658, 456
5199, 268
21718, 563
22491, 848
17943, 542
28821, 516
27809, 28
18024, 223
4382, 177
7442, 686
26955, 173
25848, 654
8488, 477
20501, 101
37256, 918
4805, 461
21358, 304
12465, 952
16078, 586
27984, 782
38770, 513
8127, 531
31496, 610
25272, 645
30708, 367
7711, 412
28812, 840
18695, 116
28221, 787
2816, 184
31633, 823
2855, 160
22735, 88
13488, 852
15238, 364
1508, 772
30989, 953
15359, 655
11976, 82
2529, 22
32989, 570
23561, 288
37327, 845
16958, 613
29735, 66
19563, 746
39346, 490
15237, 443
24757, 32
26807, 996
15607, 695
23311, 45
34018, 294
29953, 444
30501, 485
31107, 405
4779, 652
20772, 479
23155, 43
23192, 727
29277, 293
17433, 718
14055, 271
15179, 885
23920, 218
14930, 223
1025, 246
28231, 537
30180, 56
31749, 998
34212, 612
18936, 665
6245, 953
36502, 252
20243, 471
38377, 940
493, 736
21451, 954
35668, 851
9947, 480
26716, 613
38875, 389
38488, 388
10381, 406
29860, 199
38050, 95
15723, 425
32010, 748
16541, 171
38033, 60
38406, 323
9165, 492
11533, 514
17295, 6
13694, 127
21595, 161
22727, 694
27668, 350
3837, 15
26479, 174
25770, 212
37761, 918
23772, 417
20670, 606
39715, 668
34643, 850
37213, 954
32211, 910
29388, 697
9741, 593
10477, 251
10229, 730
20555, 540
2187, 155
21288, 377
5859, 37
12161, 950
15312, 830
14177, 846
37147, 454
21248, 286
29615, 51
34480, 323
7999, 666
34895, 124
31649, 51
14924, 568
30039, 581
681, 394
6188, 41
35985, 225
4855, 0
7647, 711
27633, 257
26011, 209
33, 959
26739, 300
31023, 188
26919, 676
9178, 761
25003, 299
5648, 536
5472, 591
2012, 217
39821, 78
18177, 624
5011, 322
24389, 135
12079, 138
3121, 728
32296, 486
30980, 967
17322, 124
2812, 981
8506, 902
20574, 59
2294, 942
22454, 63
24689, 416
4149, 921
26971, 498
16861, 415
30014, 646
35610, 298
30569, 772
31463, 540
30814, 284
22397, 225
17119, 524
13049, 954
11734, 32
17992, 815
14278, 89
12660, 859
27563, 85
24054, 677
37200, 322
30695, 965
10341, 369
28159, 390
25762, 350
19589, 545
9138, 199
26034, 113
9656, 381
12119, 218
11110, 196
6781, 446
9548, 712
36794, 192
35414, 610
17160, 552
17002, 749
27825, 694
4195, 62
20274, 960
21666, 17
34496, 286
23425, 847
35937, 828
7924, 316
34529, 670
27043, 639
19333, 150
14260, 277
13191, 49
21425, 127
32190, 706
17121, 926
6037, 715
33314, 940
30336, 45
20694, 304
15410, 777
10190, 748
34329, 380
11833, 47
28228, 442
13257, 90
34237, 680
25978, 110
7263, 590
10698, 934
28732, 33
19517, 451
171, 937
23025, 3
9076, 578
27031, 797
27123, 698
26682, 421
30832, 50
35967, 951
17012, 168
24686, 854
5489, 339
23239, 273
10433, 866
19475, 429
12163, 28
5897, 52
24219, 195
39650, 142
37902, 367
1809, 181
23329, 122
35713, 213
2832, 379
5702, 680
33904, 434
8285, 423
8159, 375
33377, 542
39037, 85
39596, 557
9786, 47
14316, 680
37066, 781
28506, 218
34052, 563
2946, 858
10976, 710
35062, 915
20043, 361
15586, 262
28861, 182
1243, 786
31971, 771
28103, 148
24439, 3
17640, 81
15492, 288
7153, 748
351, 92
19037, 896
25037, 378
31593, 299
11208, 223
1402, 324
28576, 907
11792, 396
16823, 286
37161, 306
5927, 904
34973, 15
18930, 980
8483, 761
30339, 728
12579, 339
36171, 699
22880, 997
2806, 817
29565, 616
29780, 199
13599, 875
17594, 90
4601, 124
32973, 957
14880, 25
2633, 330
9421, 174
6934, 632
34748, 823
12741, 312
21696, 36
14539, 198
15715, 66
11490, 126
5843, 437
37211, 195
23826, 188
31, 619
27965, 614
12099, 724
21892, 72
13616, 924
36996, 532
19656, 309
21782, 941
35882, 273
20798, 159
36101, 271
35144, 50
36166, 796
3794, 213
23435, 518
33902, 437
5596, 752
24894, 236
25191, 638
11897, 174
8358, 921
32979, 286
2983, 597
16821, 708
16325, 261
23109, 33
38289, 347
6418, 272
5282, 211
39280, 569
36725, 888
31635, 966
8366, 93
6103, 520
19029, 517
15033, 330
19522, 853
12641, 226
10646, 259
2647, 874
12187, 600
21420, 906
27831, 384
29393, 637
11869, 448
16956, 927
4309, 221
6863, 116
5476, 251
38841, 859
27447, 149
31654, 319
31280, 3
33477, 352
24267, 482
28070, 969
32152, 745
26049, 153
2341, 745
32359, 877
6581, 460
8401, 804
19260, 563
3615, 525
26519, 565
14937, 925
16279, 276
25127, 641
37250, 662
8183, 433
30372, 545
35083, 922
20330, 745
19266, 113
7814, 767
8465, 491
30212, 276
36004, 229
20998, 72
3747, 542
5101, 355
20721, 761
37296, 51
17564, 25
36832, 794
6780, 168
31479, 339
17822, 892
18043, 496
15007, 375
17093, 170
6205, 990
10895, 518
15536, 980
13456, 485
23167, 523
21719, 389
29493, 876
795, 978
34376, 578
37553, 550
12821, 681
1753, 559
11910, 90
36011, 140
31507, 674
30901, 249
13072, 569
24239, 539
25441, 526
17522, 571
16998, 457
28906, 543
11359, 66
9655, 947
23580, 609
29267, 1
31768, 466
19208, 165
23704, 672
10520, 644
15890, 975
32802, 714
450, 942
17047, 260
350, 68
1058, 860
17806, 525
25679, 583
22890, 780
31282, 645
22348, 461
34429, 532
22483, 899
27737, 637
13747, 500
26615, 137
2446, 778
4814, 502
72, 367
17663, 785
13406, 889
8151, 629
3313, 987
35619, 628
22630, 936
30583, 807
12617, 131
6529, 155
31703, 906
27160, 163
36139, 357
10327, 232
13130, 263
10935, 95
17251, 336
12015, 378
12925, 240
35023, 364
22635, 213
32388, 78
23955, 549
16898, 671
9935, 94
29148, 383
32933, 477
37862, 112
36380, 653
34443, 947
7621, 385
27692, 240
5597, 335
23905, 789
39260, 112
5522, 424
6228, 104
28362, 606
8051, 825
36738, 178
28080, 401
12808, 541
25716, 76
36784, 273
22332, 371
16852, 699
24551, 643
24958, 348
35257, 998
1860, 320
28641, 858
7070, 618
37899, 119
1161, 671
19322, 451
5958, 755
5091, 764
11348, 636
26197, 944
19665, 529
490, 368
35328, 966
21422, 285
39712, 548
34713, 669
30734, 410
12262, 602
19832, 812
12469, 164
22960, 395
2671, 490
26818, 182
5060, 447
21536, 201
8693, 238
32292, 374
26243, 991
31809, 870
34070, 553
9718, 344
7485, 496
36237, 295
11555, 954
39173, 978
28538, 154
30668, 341
17106, 259
392, 439
34113, 31
5835, 374
30972, 552
37989, 843
6785, 377
2010, 246
38219, 829
18566, 348
23110, 314
10630, 736
38128, 484
12990, 119
24790, 370
15616, 243
16701, 45
9596, 308
24655, 571
31316, 469
39355, 845
24096, 291
6085, 871
7781, 227
3247, 730
8174, 528
35932, 414
20214, 534
9977, 490
23983, 3
32460, 344
22341, 195
15672, 576
35796, 896
27720, 148
16534, 912
709, 956
345, 537
13374, 525
25303, 171
33061, 402
21944, 138
19802, 961
26133, 669
10099, 86
2877, 614
23524, 835
32690, 114
14205, 581
10658, 90
32282, 30
15018, 698
34540, 13
20577, 111
38143, 782
25161, 647
408, 206
5501, 713
22260, 286
27543, 818
30923, 94
14491, 937
26471, 564
5264, 994
20144, 830
14906, 551
1330, 170
6748, 645
3886, 4
3026, 247
9073, 506
11825, 368
2654, 218
25131, 520
32435, 783
28237, 343
9362, 603
34611, 566
33032, 991
20837, 832
39236, 542
28891, 167
28404, 624
1326, 531
24585, 327
26836, 338
4825, 608
33405, 184
8640, 112
34646, 24
27265, 927
207, 691
17728, 591
28751, 18
22762, 600
250, 153
5057, 955
35252, 992
25484, 845
23093, 934
10626, 952
35119, 872
11877, 132
15295, 533
27477, 525
27786, 139
33381, 701
29427, 443
36633, 222
21949, 659
30524, 652
999, 140
34334, 675
26107, 17
14907, 838
18, 103
26773, 503
18654, 944
22325, 351
1534, 229
4531, 344
3563, 160
5838, 363
38520, 451
13757, 735
6691, 430
37864, 824
37065, 216
25744, 979
19293, 850
7775, 191
4829, 218
3440, 773
37939, 721
31495, 857
31682, 71
39923, 869
19123, 12
19053, 120
20992, 148
24592, 267
4240, 574
17508, 747
30778, 911
16683, 757
7870, 956
30714, 699
34067, 840
4369, 452
32549, 372
3285, 389
36143, 622
5528, 363
15417, 187
1435, 904
5103, 687
12440, 213
37427, 828
10029, 718
2619, 646
20454, 226
20646, 861
5392, 451
4860, 170
10732, 582
15401, 845
31569, 720
8494, 726
4488, 890
12975, 992
28360, 720
36597, 454
17939, 522
17007, 674
28061, 848
28742, 667
22185, 132
38468, 874
4341, 189
6404, 451
23063, 20
23484, 274
39553, 217
3437, 592
878, 192
32907, 747
11250, 542
5173, 272
38626, 378
2430, 70
31975, 150
5032, 294
35175, 57
3911, 72
10262, 610
9111, 747
21056, 954
9207, 497
8748, 406
19717, 421
15168, 731
13770, 507
17649, 869
21647, 851
34442, 437
6591, 584
21105, 376
15995, 856
15203, 973
11913, 768
31474, 38
11227, 877
37619, 247
19888, 510
29776, 916
14631, 759
21151, 625
34053, 789
26837, 81
7906, 577
23193, 513
8053, 964
9993, 100
19674, 671
35479, 660
16039, 163
33169, 934
14086, 930
30582, 865
39828, 404
39950, 450
18717, 2
17850, 894
9006, 560
28518, 477
19104, 115
19345, 866
12970, 813
32418, 607
31055, 783
29989, 480
39101, 676
6271, 249
19806, 403
4161, 840
9934, 143
2765, 472
26658, 398
19824, 76
5319, 901
31357, 745
8475, 992
20357, 833
39463, 45
15068, 662
1928, 675
16632, 521
17206, 593
31228, 107
37805, 722
23797, 486
7125, 234
20111, 500
8565, 175
2982, 385
7651, 524
8990, 673
1716, 518
28102, 650
26608, 137
30694, 190
19028, 205
21676, 896
25954, 538
12896, 44
15734, 754
9213, 169
38432, 976
39838, 728
31174, 649
18711, 468
26912, 709
10908, 565
4956, 726
13281, 13
22521, 61
32983, 45
31767, 860
11647, 160
36608, 455
12565, 891
10064, 416
14553, 922
38396, 392
28941, 587
7366, 566
29324, 38
7158, 814
4567, 331
30429, 146
32738, 502
16538, 539
23395, 895
30625, 210
24812, 816
14518, 71
34015, 867
18183, 258
21386, 805
20008, 485
18919, 635
1853, 624
3873, 17
23371, 948
8077, 524
39382, 216
16305, 603
28079, 967
590, 576
32360, 907
7447, 192
36814, 150
30270, 465
23631, 62
732, 204
26604, 695
17262, 853
10462, 928
37101, 251
3923, 216
9642, 544
36513, 584
15331, 599
35089, 942
22548, 131
24442, 601
29742, 74
38086, 362
26417, 696
21176, 952
34640, 981
20786, 623
15259, 528
3286, 244
37491, 773
11999, 189
32151, 619
409, 454
11688, 872
26705, 920
8395, 958
3789, 680
28328, 998
32929, 657
11912, 289
27900, 733
35494, 34
23197, 490
39841, 557
5833, 933
33387, 721
22174, 355
20575, 947
23698, 432
5283, 45
29503, 741
14681, 633
17247, 776
26645, 868
2334, 73
5066, 733
28913, 681
17490, 393
9494, 73
19154, 326
17527, 405
12284, 77
17299, 581
15186, 62
13104, 923
6380, 25
8783, 287
32380, 744
24602, 171
11567, 54
33358, 585
29712, 834
23944, 524
21121, 308
13536, 9
34483, 809
14259, 643
1354, 175
37684, 900
13717, 392
20677, 586
31401, 615
6703, 539
1442, 775
2150, 317
26890, 687
20356, 705
14947, 395
8888, 318
18608, 138
18235, 201
3103, 858
9517, 865
2389, 844
23529, 374
18126, 347
25175, 392
21038, 139
30499, 172
21243, 135
10167, 762
12117, 340
11133, 326
13567, 256
15279, 554
30480, 854
39723, 12
33324, 360
2121, 778
18264, 441
25390, 887
23628, 948
5483, 223
11702, 9
27623, 145
6295, 314
13545, 936
773, 795
18013, 596
4299, 642
29168, 495
26523, 980
25178, 842
26098, 535
17109, 773
20419, 11
14890, 127
30214, 915
22463, 922
266, 544
33161, 355
21210, 179
3626, 18
19128, 930
30216, 903
19232, 258
4083, 230
28216, 899
28998, 939
19842, 817
11312, 180
11427, 107
32616, 195
8434, 963
32273, 753
21346, 864
33542, 105
21967, 593
11163, 995
24928, 280
6745, 396
17068, 385
36586, 600
17701, 406
15505, 37
21143, 417
38175, 198
20898, 354
37280, 242
26620, 221
13711, 330
357, 708
33647, 353
1829, 511
37391, 104
8156, 929
8558, 385
28173, 494
38162, 717
35100, 132
16740, 699
37873, 159
16371, 881
15258, 332
24888, 276
20177, 265
27496, 136
36372, 7
25677, 907
22231, 332
31980, 515
28379, 797
36366, 123
35634, 548
32484, 838
5138, 307
16353, 565
23503, 148
21061, 600
38762, 676
7522, 750
12869, 735
3548, 455
4132, 293
35367, 623
34704, 203
32918, 366
34753, 272
203, 209
13283, 891
24680, 202
26251, 647
10330, 879
1343, 487
7154, 769
38637, 98
23562, 420
9834, 166
39812, 623
21401, 939
23179, 714
12487, 633
8520, 171
6024, 296
20307, 370
33721, 804
21998, 909
18093, 239
35644, 882
39747, 749
4169, 829
16173, 80
32819, 200
16119, 876
35962, 427
33830, 366
25751, 360
19488, 384
28024, 807
33640, 195
12919, 389
5414, 864
36384, 427
14408, 257
31861, 68
8657, 748
22244, 654
6134, 160
19954, 493
24022, 991
22551, 689
20186, 819
17851, 488
23171, 711
2904, 501
7229, 30
30713, 568
36100, 39
4223, 534
6854, 956
8381, 177
30654, 889
30280, 124
24449, 765
7100, 774
11471, 340
837, 866
15744, 715
25190, 702
11839, 564
30984, 292
32351, 699
15302, 509
15341, 42
16340, 94
31492, 917
35009, 326
6768, 533
39016, 1
839, 97
24340, 727
23837, 544
35898, 630
24828, 6
38600, 806
8367, 631
31415, 489
21447, 548
10577, 988
12735, 893
32068, 725
18071, 668
39213, 323
16787, 820
36537, 178
35978, 961
26384, 228
10546, 309
10202, 209
35442, 269
38358, 728
23854, 894
14484, 869
39765, 146
34103, 997
35121, 68
23083, 255
25619, 775
26985, 862
38526, 22
33344, 404
21274, 56
36482, 136
8856, 851
24082, 233
39724, 793
28030, 513
3306, 575
14090, 719
2573, 963
1579, 209
26967, 275
38430, 248
3740, 196
27045, 453
19927, 909
14727, 11
29876, 668
21558, 158
33879, 917
36631, 126
31542, 414
24971, 781
23526, 377
2834, 979
24483, 665
37885, 380
7898, 597
21950, 662
15537, 646
19064, 412
7189, 36
12658, 108
15720, 952
14424, 634
11105, 210
22926, 841
34173, 132
14755, 924
37329, 633
20390, 222
30305, 949
22758, 183
3476, 55
26491, 897
3041, 617
19627, 113
31268, 904
8906, 832
25911, 507
24614, 469
16260, 364
13465, 837
560, 940
32997, 355
9564, 868
20581, 920
17873, 685
16810, 28
37535, 235
31909, 408
12686, 541
2828, 393
10611, 248
30804, 15
36184, 524
18340, 913
37705, 143
18381, 285
39203, 177
13365, 503
36453, 951
32771, 627
28040, 219
27294, 166
5889, 845
2593, 13
7394, 876
33795, 325
8132, 932
5959, 236
10524, 607
18648, 699
26186, 14
31431, 317
1175, 361
24253, 207
3151, 863
30189, 445
29785, 727
11066, 355
37057, 603
25363, 558
13075, 402
17579, 427
6944, 975
34395, 684
31220, 79
35767, 561
32445, 443
25724, 690
11538, 11
37690, 243
34492, 582
27081, 11
38375, 310
19850, 788
29592, 269
37988, 170
33099, 380
2555, 843
23421, 705
16450, 477
8986, 657
24124, 431
5996, 38
5742, 570
24930, 65
34100, 775
26839, 709
23930, 429
9258, 347
6282, 142
15158, 65
14639, 458
16449, 839
1850, 607
17264, 853
6281, 60
36169, 958
8536, 687
33255, 859
20526, 464
29553, 383
3517, 553
16425, 964
9422, 314
4630, 60
16732, 983
16471, 437
11968, 758
13886, 469
18394, 834
21840, 580
745, 198
2571, 912
7144, 88
4596, 291
2991, 147
22653, 898
13034, 699
33117, 870
15288, 403
11455, 134
13114, 11
27216, 473
23857, 274
869, 654
22234, 971
14251, 428
6099, 220
32982, 62
20055, 27
2817, 150
37920, 510
27602, 708
10700, 839
9158, 584
24354, 130
10217, 74
10155, 529
13965, 939
36176, 393
1305, 148
39764, 732
20226, 27
35821, 698
36558, 187
8777, 727
14357, 438
24205, 97
5064, 638
38711, 623
5524, 453
22425, 26
36328, 771
11207, 158
15147, 423
12853, 873
22068, 319
37222, 820
15403, 98
18585, 422
38322, 860
22462, 163
793, 560
20890, 18
27897, 127
36309, 185
25018, 373
1279, 974
36761, 584
36622, 40
23074, 375
25102, 778
10529, 353
28358, 648
20086, 635
30634, 401
1571, 335
18774, 918
37792, 829
26982, 489
6157, 995
23254, 602
11340, 148
32036, 138
25091, 708
3805, 353
35191, 993
27511, 465
35060, 235
11738, 337
8236, 111
37265, 49
9984, 850
19, 982
25710, 344
27573, 205
12891, 654
5396, 884
28607, 581
27019, 485
30091, 790
21506, 974
9130, 304
12180, 575
16061, 952
32107, 900
26664, 574
21415, 917
2486, 770
6002, 601
36335, 827
17230, 681
9540, 609
23842, 430
35703, 295
31991, 710
33799, 226
31917, 470
19331, 272
22103, 226
22099, 1000
8499, 239
35425, 886
12471, 408
36039, 361
39277, 208
21452, 974
8125, 569
15758, 290
3914, 228
6225, 837
6201, 961
17727, 785
6610, 356
32993, 85
9954, 2
21698, 5
25568, 807
13450, 926
35942, 981
21469, 470
18078, 85
24626, 280
11347, 789
21228, 257
24882, 370
38810, 550
31560, 96
28009, 168
17337, 488
37451, 573
37643, 885
39308, 346
31143, 389
13029, 633
39363, 663
22844, 22
12822, 677
21492, 669
6217, 107
24438, 176
12616, 453
21509, 884
23947, 350
1337, 900
21114, 321
13583, 505
24181, 34
11366, 980
4828, 834
5900, 621
31517, 983
10071, 447
34092, 461
7475, 46
7386, 480
30029, 972
32379, 363
39795, 7
21310, 580
7480, 882
21364, 163
25676, 213
28028, 458
33532, 0
39802, 180
30428, 5
23998, 165
13830, 229
6985, 527
33035, 662
11921, 366
9829, 649
29405, 470
37918, 111
12677, 732
4795, 291
24243, 576
23298, 154
37845, 464
4239, 534
2276, 714
19726, 970
980, 440
23036, 541
10844, 448
22631, 200
28882, 653
5829, 656
14056, 87
17300, 556
19061, 563
38967, 337
14266, 153
34465, 999
37181, 188
12681, 823
25581, 155
38472, 708
9953, 656
10653, 1
22180, 268
32304, 401
14037, 651
39730, 709
36712, 458
3608, 965
32783, 101
10827, 684
22885, 666
22095, 48
19609, 47
32975, 261
28298, 122
11669, 134
22318, 54
22414, 627
10599, 551
30990, 95
2586, 20
7585, 146
34577, 425
3803, 256
27173, 635
28600, 8
29814, 896
15534, 477
6605, 405
31785, 605
37011, 855
27385, 357
11225, 2
30855, 597
687, 985
32862, 350
24215, 291
19126, 555
21530, 5
17677, 61
7002, 112
9465, 833
8467, 979
5688, 7
30912, 92
16294, 683
2333, 939
8747, 654
13597, 917
11611, 406
39179, 168
38916, 37
28182, 792
3950, 267
27206, 733
18804, 19
12592, 983
19109, 934
14496, 458
13801, 682
35601, 397
15151, 601
23453, 765
7488, 152
31804, 256
28336, 632
26361, 69
12708, 186
15154, 904
16655, 49
21522, 705
9047, 135
269, 542
10807, 588
1396, 474
34375, 807
11184, 196
22793, 988
3172, 252
20416, 655
27608, 245
33287, 615
32620, 748
18961, 343
5340, 461
1071, 187
20265, 43
9059, 607
20808, 241
16829, 980
9810, 222
20056, 660
14248, 7
1066, 199
36215, 575
3136, 203
14736, 331
38544, 227
8507, 285
23003, 867
25479, 597
16091, 519
19935, 89
38649, 240
18738, 825
30060, 301
27862, 950
15126, 968
27516, 183
37131, 561
15211, 621
11637, 701
16865, 913
38557, 289
21360, 572
19237, 815
36648, 548
11296, 62
3846, 392
11677, 423
16969, 907
35421, 310
36642, 406
6327, 673
10606, 368
21330, 515
6066, 715
17404, 207
19861, 60
21622, 598
13871, 969
8512, 300
31420, 33
26165, 160
7479, 901
23681, 338
39461, 313
31689, 421
4936, 309
2967, 23
34341, 962
1725, 453
886, 77
77, 885
10113, 713
16319, 556
27315, 296
29385, 262
16237, 594
18118, 719
19485, 488
28169, 725
22251, 396
1778, 860
9147, 66
37413, 730
27748, 368
11572, 65
10242, 553
9607, 237
29375, 667
23745, 991
32668, 31
33590, 408
24768, 636
24636, 158
24366, 348
7379, 508
26958, 959
35168, 428
2167, 501
13975, 991
9803, 666
34278, 646
21934, 329
35733, 734
29867, 300
29623, 47
28310, 353
6407, 982
19057, 898
37539, 912
35176, 515
20576, 884
2437, 251
34083, 656
37432, 838
382, 118
35706, 654
7820, 32
21186, 665
18249, 956
17715, 295
31353, 482
10672, 752
30852, 123
30841, 110
32405, 839
37183, 588
34901, 413
18287, 160
38908, 365
2665, 372
7397, 366
310, 721
10132, 583
12706, 820
8899, 365
33239, 41
33854, 755
27309, 74
13752, 750
16849, 311
37319, 60
3754, 393
12859, 382
38492, 200
198, 759
4664, 720
17070, 549
35582, 161
4974, 324
15274, 100
21674, 194
26088, 950
34148, 916
31047, 455
9119, 331
864, 188
23043, 986
17314, 508
38202, 626
21258, 708
20911, 575
2648, 547
12040, 133
3804, 573
18224, 312
8696, 467
29538, 271
36928, 110
7471, 170
30121, 572
27512, 827
8422, 917
36661, 520
10001, 718
30065, 618
4462, 831
25364, 322
22975, 759
22509, 803
4472, 112
1590, 722
6848, 113
18516, 374
24575, 556
25406, 967
6400, 836
19669, 195
30126, 95
13040, 783
36959, 943
5051, 303
25444, 518
39281, 964
29726, 757
1441, 548
34271, 956
31948, 406
34364, 864
17127, 797
10136, 920
37110, 620
13904, 591
19919, 13
1433, 141
2287, 574
36418, 556
18020, 776
28407, 917
10720, 740
21239, 369
17291, 83
6291, 489
36301, 995
11649, 165
18044, 764
37741, 694
2523, 872
15928, 895
15645, 832
30959, 608
15352, 879
19582, 459
31432, 249
34405, 161
38494, 737
12359, 837
19432, 86
29333, 833
12548, 38
24665, 74
19683, 668
26493, 216
23963, 987
9267, 186
12846, 534
27675, 848
31381, 229
8320, 184
7796, 479
30107, 92
35722, 764
17762, 275
5980, 139
13228, 30
29716, 49
22224, 189
36870, 279
21266, 335
20053, 635
36469, 5
4652, 898
28136, 263
9048, 56
21648, 302
4753, 850
2688, 130
12300, 662
31789, 929
23156, 972
34026, 248
17237, 113
4997, 901
31453, 987
34109, 931
28235, 192
24609, 988
33509, 420
36225, 242
1875, 840
37275, 613
19741, 939
11408, 647
17368, 178
37869, 570
34378, 933
38023, 292
27431, 990
20317, 325
8715, 948
263, 842
4159, 357
23844, 318
2624, 3
34549, 146
17928, 87
28910, 191
16989, 137
25097, 41
16429, 541
26156, 17
11108, 172
4392, 742
13845, 934
32209, 85
32611, 179
6696, 120
37236, 985
14762, 728
3742, 656
12399, 766
20983, 10
34037, 530
1993, 479
5633, 55
30903, 333
20640, 126
10421, 911
20442, 795
27029, 585
10964, 920
17546, 649
4144, 229
33515, 436
13397, 149
21513, 506
23699, 576
32708, 354
37353, 314
28788, 730
39077, 168
31090, 4
364, 454
6509, 407
25025, 874
7571, 1000
10253, 314
25203, 107
31454, 497
37062, 145
33067, 244
1418, 237
29940, 406
38487, 486
6007, 360
11052, 540
35583, 388
33881, 610
30618, 982
33506, 60
11914, 141
16280, 64
29222, 791
24587, 907
32897, 906
38312, 36
2225, 593
23318, 776
2240, 686
26196, 226
5960, 66
18666, 418
24368, 174
14646, 983
2085, 370
12129, 347
16911, 229
23803, 740
7329, 9
32913, 425
28323, 694
7605, 286
23648, 419
23671, 378
17249, 647
22717, 204
28326, 205
3616, 940
230, 166
32909, 219
7482, 685
2241, 60
1295, 163
15350, 530
7360, 699
5738, 94
2738, 200
23678, 685
10070, 583
13454, 665
37563, 838
36213, 477
7860, 50
10556, 48
9637, 642
26170, 438
32301, 795
26185, 202
21982, 415
29698, 253
10363, 62
17530, 227
27215, 469
15570, 521
3879, 504
83, 303
28021, 525
19279, 300
4952, 168
34671, 614
9799, 771
5655, 671
15440, 157
13467, 333
16912, 243
23188, 339
27106, 612
14632, 436
8141, 564
24329, 409
33598, 422
15227, 773
132, 212
25901, 808
12492, 340
15696, 113
32786, 281
33972, 425
35087, 275
20131, 403
3849, 62
4302, 568
10734, 44
4521, 662
3387, 971
36000, 588
31565, 322
17900, 988
26564, 835
38164, 45
31900, 559
19902, 610
23221, 975
25005, 38
23295, 159
18470, 578
19682, 789
1736, 985
27756, 761
35134, 799
7445, 108
11183, 67
9757, 457
2715, 652
7285, 483
14920, 856
37008, 952
4624, 219
426, 456
21501, 506
3865, 519
26573, 125
19240, 354
574, 642
19192, 263
38865, 786
16791, 267
8635, 727
31684, 275
34917, 620
33595, 392
30913, 438
26350, 99
19164, 92
10115, 1000
37696, 163
28718, 287
25050, 714
28424, 699
21333, 627
18617, 263
6578, 166
8046, 596
18552, 344
1158, 141
29181, 660
36391, 610
3029, 448
28987, 637
34380, 352
17027, 923
32932, 863
19186, 14
17336, 295
1324, 701
38232, 630
6867, 230
19941, 243
39727, 820
33571, 9
25011, 600
34157, 404
22263, 38
4460, 876
6684, 42
24129, 605
4333, 928
32859, 716
27252, 186
25943, 406
35209, 162
32547, 620
4157, 499
10413, 637
19205, 181
5987, 429
1727, 295
7765, 110
29128, 577
31571, 83
38932, 827
7552, 348
16435, 620
35476, 654
17685, 354
31903, 317
32098, 803
13852, 618
23932, 403
18652, 587
4863, 478
3910, 805
34086, 170
26343, 289
20614, 902
22907, 689
13082, 789
30228, 275
27685, 232
13923, 195
35142, 396
4707, 66
28115, 184
35401, 782
4432, 794
31583, 894
8260, 676
18887, 605
2300, 252
18179, 60
23366, 393
33999, 924
18823, 685
16770, 158
7199, 85
14926, 658
33112, 970
1533, 346
1543, 911
39436, 830
4902, 972
34457, 690
10825, 747
23002, 778
6900, 107
21796, 710
19140, 866
7161, 401
37981, 741
29370, 143
7896, 309
32574, 133
21972, 505
19859, 327
24132, 203
7280, 801
11657, 941
14475, 794
36654, 280
15026, 454
16455, 512
37671, 317
25560, 556
22217, 327
31539, 850
14165, 112
18607, 39
12318, 161
31187, 132
6248, 18
37669, 506
1959, 947
29196, 71
25319, 68
979, 523
18330, 161
36641, 699
4907, 314
15861, 843
7323, 471
14323, 770
2792, 831
27912, 940
17792, 832
22830, 938
10213, 93
29016, 271
25541, 88
29916, 414
94, 514
33695, 585
4827, 591
23256, 88
31974, 904
14833, 651
29678, 585
32420, 372
18541, 922
21092, 595
9330, 807
27230, 421
35197, 983
34772, 886
24723, 115
33993, 572
27298, 357
19829, 623
26835, 484
36437, 9
9481, 560
16232, 763
16868, 492
25565, 899
3779, 76
35893, 301
35057, 214
27568, 223
27454, 491
19759, 667
25128, 197
5348, 952
1896, 878
5910, 366
7771, 460
31869, 894
14044, 387
11771, 486
18066, 652
32609, 831
33654, 617
28417, 254
13411, 740
18452, 50
377, 368
6232, 577
33281, 84
35627, 19
1298, 36
13649, 252
9964, 104
12208, 739
4889, 62
18864, 111
26534, 781
36809, 677
31648, 528
10338, 486
23600, 711
18641, 200
14069, 657
32018, 694
1676, 667
4370, 703
2489, 558
9764, 999
23538, 802
24612, 621
19148, 549
20048, 163
4976, 945
33411, 691
15236, 138
31233, 910
3839, 936
22408, 15
20240, 790
29815, 659
2215, 862
21147, 435
13995, 499
12932, 479
23806, 884
720, 631
36059, 508
20741, 601
10385, 589
33903, 70
6403, 153
30869, 718
20707, 313
32876, 814
10915, 946
33136, 677
6486, 175
15741, 557
14797, 604
34127, 37
8084, 659
32214, 594
23102, 392
20534, 803
7542, 753
8240, 946
25062, 540
25197, 375
19980, 668
6278, 677
26741, 873
2451, 968
11581, 324
9252, 573
25341, 192
22904, 86
12527, 41
30736, 799
26316, 6
21253, 498
28869, 568
2927, 307
20035, 564
5149, 871
14362, 840
37990, 845
9091, 723
24307, 495
39296, 65
38510, 607
36179, 185
28195, 431
11218, 371
21958, 450
13136, 928
24533, 284
31296, 619
16187, 0
2951, 464
38524, 118
23501, 775
18712, 503
4072, 460
3770, 894
10776, 812
7267, 866
39968, 472
30879, 188
20120, 302
23816, 665
25627, 738
33853, 826
19975, 563
10586, 502
32916, 223
15693, 476
32661, 146
24107, 915
25768, 104
37381, 519
38518, 406
15493, 889
14000, 318
22756, 784
31856, 104
28916, 662
11095, 180
3893, 306
4995, 959
19523, 265
1915, 458
25031, 470
1290, 656
19067, 739
39339, 407
37484, 319
26920, 328
19077, 482
13392, 76
27733, 347
6973, 749
29030, 756
7491, 778
38248, 161
15040, 89
18644, 297
20518, 975
12251, 458
30086, 385
33946, 690
23118, 155
25706, 144
9874, 668
21180, 439
29863, 398
4231, 559
8239, 62
3201, 545
30488, 395
9226, 530
6527, 119
3017, 559
17979, 658
3244, 679
20927, 216
12435, 531
35264, 51
9915, 416
14119, 810
1919, 533
29725, 60
31563, 253
19889, 231
12866, 172
3386, 537
2481, 44
18681, 120
29670, 13
9999, 772
9672, 391
35118, 802
31915, 0
18560, 485
9149, 318
5622, 989
31659, 708
17474, 467
3817, 937
31246, 745
39161, 987
25041, 295
19445, 698
30346, 171
29477, 968
25210, 578
17118, 651
8943, 985
16070, 68
17605, 477
3243, 112
25673, 388
30797, 601
22772, 126
29473, 250
7123, 165
23663, 855
12436, 114
20427, 363
36910, 768
15959, 178
35660, 690
31575, 245
2067, 883
18950, 660
37210, 920
16098, 480
39567, 229
2279, 411
28033, 887
14798, 692
35430, 746
33491, 242
21052, 149
10655, 783
35829, 326
15419, 990
17341, 112
3523, 417
6652, 726
4544, 379
9675, 252
14587, 361
26976, 863
24652, 210
29629, 355
24696, 810
23702, 527
1325, 582
19696, 356
10483, 969
39512, 602
11428, 55
21154, 650
32568, 379
9931, 470
37719, 176
1299, 767
16563, 359
7230, 125
10406, 410
37634, 663
19272, 990
8045, 427
31588, 881
28089, 646
39408, 779
495, 986
695, 860
38102, 475
19389, 192
25256, 833
337, 598
16664, 957
22241, 932
11084, 697
5108, 152
4294, 412
26042, 587
10344, 330
1597, 238
3234, 119
15538, 528
28053, 125
34918, 115
8723, 482
21909, 336
27254, 707
3814, 309
4954, 614
5416, 441
14649, 399
29702, 835
7225, 916
10308, 711
20453, 450
32472, 41
23475, 17
22861, 764
31954, 487
7654, 19
17315, 320
107, 319
39563, 196
16690, 696
15006, 652
15441, 556
9735, 817
22837, 98
5381, 610
26973, 627
36807, 150
37958, 485
7343, 482
39290, 203
25009, 242
20296, 506
12311, 339
13557, 255
12489, 767
13930, 183
37084, 998
38763, 501
30460, 649
22918, 492
21051, 618
35925, 802
38857, 570
29035, 234
24321, 978
22455, 249
23172, 832
37887, 382
31800, 357
11346, 529
13360, 276
13471, 690
7972, 618
26308, 785
35650, 547
11520, 990
33103, 107
13831, 837
16679, 390
7198, 886
3057, 795
14294, 181
23492, 318
142, 111
34990, 282
11622, 726
27341, 391
30576, 295
1619, 204
26757, 600
19795, 932
9806, 658
5572, 383
16757, 660
2431, 43
38146, 278
22496, 725
15925, 357
38591, 217
18302, 538
403, 940
5506, 946
13300, 357
30698, 230
24646, 675
28345, 398
25960, 147
24314, 705
11676, 446
8232, 310
28786, 222
26663, 309
30431, 99
32281, 197
8800, 383
38037, 552
31360, 693
29583, 199
8573, 883
20062, 657
35777, 61
18357, 294
27462, 498
30705, 347
37450, 413
36557, 72
23253, 755
28265, 832
11807, 937
11137, 910
20343, 774
39273, 78
28940, 536
18849, 140
34118, 495
25933, 542
25624, 333
20833, 257
24799, 601
15580, 598
208, 281
35218, 527
23033, 648
11495, 468
8801, 242
16132, 482
14434, 135
19213, 597
14285, 126
24369, 46
20537, 841
31116, 176
10620, 554
10116, 426
20807, 740
6564, 723
17855, 818
22582, 216
767, 557
35598, 657
16876, 835
36209, 812
21371, 30
12134, 538
38267, 730
9294, 283
34453, 836
14694, 895
39187, 645
9558, 716
20490, 496
22703, 965
38622, 118
24328, 628
24204, 967
16875, 380
1494, 761
6668, 555
7730, 731
32183, 278
26707, 458
23149, 763
14073, 432
31596, 807
27860, 5
7035, 864
39302, 772
27821, 476
28025, 27
8321, 925
34156, 666
19705, 90
24826, 328
31066, 461
34921, 244
24784, 390
23378, 218
25867, 197
19719, 34
14586, 721
4612, 611
4774, 623
28801, 415
25852, 835
8582, 372
7766, 139
1652, 778
23487, 436
3023, 465
2247, 957
379, 731
15788, 573
32364, 209
33986, 766
19880, 590
2231, 873
19428, 895
2847, 228
15055, 579
35597, 976
24228, 116
2382, 422
8172, 593
29659, 44
26152, 73
27901, 277
9086, 806
11514, 378
16722, 80
33052, 628
4850, 363
5299, 705
21162, 250
33616, 644
9586, 74
2009, 916
22270, 512
12585, 981
35287, 979
16575, 127
16773, 386
934, 988
10274, 891
9951, 665
34203, 487
22557, 126
20139, 342
27977, 270
37556, 244
1451, 964
20728, 405
16483, 535
2591, 540
2246, 323
8570, 149
10800, 532
38155, 2
20644, 705
35604, 570
1973, 389
3182, 980
10691, 710
30757, 338
25664, 691
21073, 325
3262, 201
6032, 653
24169, 919
19244, 919
19513, 727
34966, 557
15711, 462
6148, 566
23031, 500
34419, 895
33098, 206
21111, 303
17354, 779
20372, 13
37192, 206
33710, 294
20217, 475
28556, 99
17650, 466
23061, 338
20538, 161
22101, 446
17941, 408
16873, 268
21190, 210
36106, 792
35714, 50
32524, 488
28186, 232
38548, 566
15916, 306
28593, 816
11072, 742
2307, 258
20456, 494
33693, 86
37039, 342
22215, 745
10208, 611
20436, 529
31933, 103
1320, 97
31812, 796
17151, 997
33202, 575
37592, 228
29287, 256
21863, 561
18032, 985
21299, 234
8915, 23
37796, 931
29556, 127
33707, 891
9092, 838
23037, 767
26742, 812
20039, 920
24963, 987
23306, 27
22512, 848
25994, 688
22999, 282
3635, 981
28359, 736
31628, 136
35268, 235
6133, 625
6288, 979
12387, 393
6502, 525
6614, 547
15087, 167
36173, 783
24717, 765
6062, 75
13947, 289
9688, 911
10609, 570
16693, 248
15244, 739
38980, 317
14547, 669
33615, 852
5577, 7
33179, 720
18432, 86
38258, 880
18483, 21
29320, 602
21907, 709
17899, 608
19194, 656
2906, 174
7544, 451
157, 295
27129, 941
2660, 259
32134, 207
7693, 257
28928, 379
11009, 124
37996, 789
30614, 373
31006, 347
10543, 163
27864, 387
22355, 369
36568, 821
1746, 280
1182, 401
35587, 369
30848, 477
23203, 725
6411, 70
18719, 279
22339, 301
86, 205
35456, 263
21116, 1000
35676, 376
33188, 886
10051, 992
8006, 674
6209, 620
34060, 793
39315, 223
25354, 718
8003, 606
11827, 262
4179, 476
23281, 560
3131, 478
9727, 592
581, 767
15273, 510
15912, 588
32295, 917
38719, 411
3845, 88
11211, 458
21525, 655
28819, 48
39279, 356
4600, 225
24377, 355
16862, 633
17205, 715
15972, 105
18360, 445
36376, 312
8607, 736
585, 699
6443, 751
15372, 817
30953, 464
19371, 356
19650, 80
28050, 316
34143, 482
12763, 271
14996, 717
22090, 255
3602, 485
15342, 329
14678, 76
21489, 457
31173, 206
35565, 592
7714, 589
244, 789
1790, 558
7612, 147
13162, 115
4184, 179
8890, 451
6365, 33
31019, 711
6907, 703
17672, 565
38839, 703
25277, 307
13448, 756
4479, 713
39588, 570
23482, 636
16934, 843
21417, 125
13613, 668
26312, 934
10583, 551
27191, 778
11059, 26
11623, 855
1176, 760
39428, 632
18275, 913
20369, 828
38000, 432
7040, 458
31251, 819
663, 454
37104, 415
11691, 482
9437, 488
18806, 46
23868, 35
28010, 848
12818, 240
34730, 494
32575, 834
11760, 560
36162, 501
33450, 489
18658, 688
29114, 298
6920, 860
34285, 117
33100, 997
4609, 920
39130, 689
15870, 279
22272, 385
30558, 67
31491, 928
21973, 108
36782, 411
9051, 920
1752, 329
319, 458
37355, 574
24513, 479
16282, 281
553, 450
31176, 186
2386, 944
25799, 737
22051, 923
2528, 963
17017, 486
19643, 942
13846, 866
822, 50
4246, 603
33869, 562
8295, 249
18931, 307
19959, 80
2314, 194
26414, 233
29280, 615
19791, 958
23468, 266
6603, 819
30642, 524
20747, 299
30617, 847
5562, 574
23776, 574
25779, 176
29781, 602
20632, 611
4964, 399
9212, 494
7273, 487
35272, 447
23314, 676
36429, 84
34433, 274
3048, 724
38529, 352
20095, 56
21884, 520
30542, 387
38820, 321
5385, 181
16249, 340
14857, 882
20773, 917
9245, 659
5978, 755
38729, 685
27687, 507
13023, 997
34017, 110
23843, 605
30100, 307
14733, 903
1569, 678
29410, 279
18048, 346
27459, 550
36840, 881
13479, 759
26972, 466
8101, 212
18303, 760
8032, 982
39419, 193
19828, 481
34903, 403
21317, 789
10065, 226
39468, 993
16590, 854
6862, 552
36934, 612
26327, 636
17614, 473
24423, 979
26861, 864
7732, 851
33439, 214
12885, 373
11292, 219
5448, 378
6022, 320
36952, 730
31631, 178
18459, 789
9662, 74
12781, 449
36151, 771
9531, 99
31879, 499
29755, 880
33518, 176
5775, 355
138, 651
27356, 787
32423, 726
39717, 298
33010, 551
10560, 223
34291, 921
13718, 213
9534, 372
16828, 785
7416, 569
37560, 212
10017, 196
11685, 226
32037, 865
1408, 749
4445, 268
15172, 864
987, 973
29237, 88
3007, 446
20250, 846
22057, 626
7844, 148
3028, 714
32820, 237
21292, 97
26151, 999
39989, 386
36446, 572
31413, 31
34737, 122
28922, 266
14364, 525
31136, 261
22419, 815
2344, 64
23261, 433
12986, 606
38588, 384
14845, 262
7069, 707
4510, 45
34107, 9
19875, 664
2649, 78
15669, 946
25228, 931
33925, 901
21322, 387
11440, 462
24589, 699
7644, 103
19334, 376
38898, 507
21624, 121
25606, 560
12447, 936
5527, 574
24916, 738
23676, 658
30696, 675
6476, 641
25554, 673
3179, 203
21583, 262
10269, 466
8456, 423
14673, 417
15495, 918
1266, 31
8080, 653
13085, 1000
38970, 339
36842, 628
12816, 711
35163, 952
30466, 819
8648, 236
16276, 191
20156, 384
5461, 371
37399, 118
24284, 690
21388, 153
7495, 836
33505, 724
36892, 127
5801, 334
21793, 827
30406, 600
19883, 252
3391, 819
35891, 121
36043, 390
11733, 232
38571, 614
25831, 787
29358, 740
34648, 899
8284, 268
37378, 944
32259, 312
35200, 443
3888, 819
10733, 164
11977, 849
32889, 908
35760, 996
14956, 498
16284, 706
39132, 334
9453, 484
8755, 174
11244, 50
582, 391
8987, 522
26164, 774
14498, 812
3725, 67
21590, 783
1412, 328
14384, 838
18166, 529
18741, 30
34467, 406
35563, 37
30119, 185
16308, 672
38549, 292
36799, 162
22920, 863
11021, 137
19783, 607
28635, 873
29173, 133
6213, 241
20447, 67
13779, 709
33784, 309
23668, 651
20515, 261
14195, 898
16797, 916
14238, 252
20755, 87
23007, 836
34886, 720
5280, 322
6101, 833
243, 617
31945, 60
16135, 939
2285, 790
14975, 892
8662, 199
3999, 844
33639, 529
20187, 442
19624, 725
17549, 308
33094, 637
11288, 79
33569, 849
10151, 464
26752, 38
794, 980
14652, 849
33351, 281
15049, 126
26950, 416
30766, 206
11896, 430
35525, 552
25266, 931
33237, 706
33269, 501
17917, 330
1554, 262
8752, 501
29676, 321
17648, 896
18986, 557
33533, 236
13115, 592
23235, 22
14581, 311
4316, 747
12793, 201
25467, 112
22752, 509
36636, 996
5953, 478
16474, 873
23875, 246
15654, 445
12929, 812
31702, 930
39435, 736
33378, 726
7890, 36
22908, 355
30134, 123
32480, 537
32365, 970
26778, 584
13225, 554
2932, 16
31065, 593
35380, 790
22334, 851
26625, 675
279, 676
33592, 201
15908, 686
28340, 475
4396, 86
11177, 237
702, 379
4985, 563
3755, 701
37083, 19
15833, 512
25558, 154
30821, 161
24645, 516
3205, 629
24451, 885
949, 934
4062, 540
37814, 84
10401, 119
31222, 302
9635, 428
29482, 246
26200, 88
26924, 563
36263, 927
8600, 300
19081, 585
7788, 386
10593, 285
13797, 803
38583, 766
13699, 671
5219, 23
9090, 838
23685, 135
19886, 996
10914, 842
10055, 321
19822, 625
19489, 594
14914, 205
12791, 299
26070, 840
19433, 621
15811, 954
15868, 456
12739, 43
16403, 439
4127, 422
30092, 808
7301, 661
19195, 222
5707, 220
28459, 349
28203, 557
39036, 422
930, 920
14872, 806
28661, 689
2606, 555
18475, 830
14058, 53
3062, 681
2178, 774
32252, 936
7405, 477
32014, 591
25584, 709
28448, 910
37668, 99
32963, 760
38117, 525
21296, 922
555, 293
23447, 705
2476, 148
7672, 295
13118, 369
538, 385
34847, 124
2973, 432
7563, 998
5634, 934
17513, 638
7337, 270
38070, 733
28944, 429
32078, 151
9663, 467
11802, 72
10486, 88
23722, 472
36984, 103
31868, 480
14617, 232
36180, 845
11256, 337
36465, 853
7457, 166
20774, 844
17819, 447
29829, 618
38612, 438
10067, 792
34708, 988
9956, 285
20611, 352
6987, 788
5616, 792
33215, 219
9746, 753
35297, 649
5220, 722
32886, 114
31765, 535
39175, 739
15834, 49
29591, 169
29954, 633
1836, 215
32523, 770
34563, 887
11730, 291
29974, 859
29382, 718
21314, 169
26062, 26
25248, 603
33385, 663
7848, 107
20928, 466
698, 837
29336, 919
21699, 988
1965, 247
35776, 84
12546, 989
12841, 111
32312, 664
30662, 877
24313, 416
12903, 856
16745, 572
15169, 587
36170, 273
248, 193
7940, 809
38327, 943
33726, 223
29362, 638
10083, 678
1164, 262
7545, 593
19404, 665
15240, 757
32082, 928
7472, 216
33955, 206
5914, 107
12287, 219
33915, 647
25589, 433
5723, 308
14360, 616
9450, 398
4020, 55
27697, 624
551, 482
5296, 604
22818, 977
4786, 3
23968, 506
23370, 810
30208, 806
2657, 444
34249, 909
15987, 364
11589, 844
32362, 846
22588, 424
8447, 124
32384, 59
38713, 191
7555, 333
17706, 266
28, 398
26206, 753
8201, 917
27253, 337
27058, 89
36810, 840
25138, 990
15280, 114
11508, 122
24990, 792
28943, 399
33199, 476
18697, 81
22604, 914
24161, 986
29023, 813
4953, 660
39698, 217
5201, 56
152, 13
39335, 68
25917, 558
14607, 237
36374, 310
9413, 44
26911, 424
34610, 707
3015, 16
30348, 92
8445, 914
5022, 387
29412, 151
16888, 125
9391, 234
28569, 820
10933, 954
2305, 53
30436, 967
22330, 599
23737, 396
6240, 779
6164, 965
5033, 161
21683, 620
23635, 857
9973, 518
13254, 985
27592, 626
4830, 251
20759, 162
2433, 669
4891, 530
33623, 114
32425, 949
10751, 852
24268, 989
6349, 817
36770, 396
35467, 747
2031, 831
9296, 599
21135, 497
5565, 981
36422, 174
18550, 781
39407, 433
23801, 450
2789, 668
11683, 805
14900, 878
2060, 390
30099, 916
19801, 639
8335, 889
24342, 694
22783, 222
12797, 52
24446, 747
32065, 261
658, 885
37980, 736
33045, 180
4631, 767
23082, 528
24797, 356
11602, 298
22550, 155
2434, 102
31379, 289
26303, 563
33286, 319
14370, 957
5459, 121
7145, 381
30719, 121
25956, 825
7215, 609
18373, 799
28575, 848
9198, 746
34675, 462
2485, 282
39495, 359
3280, 131
3155, 985
13203, 375
5951, 488
9946, 141
38297, 874
29290, 27
16057, 252
21769, 196
20919, 618
6447, 830
2493, 802
27506, 108
4699, 678
13259, 668
25752, 208
23387, 128
26441, 426
8316, 211
2245, 750
19075, 186
10196, 468
15000, 448
27751, 940
32606, 627
32489, 164
16638, 528
7852, 342
68, 856
38363, 675
12787, 269
35876, 895
33610, 63
32719, 201
14509, 715
7874, 384
19526, 634
23767, 673
13956, 634
10739, 784
6211, 530
11663, 31
21399, 210
37772, 246
37088, 301
6963, 171
34313, 439
16197, 992
21636, 369
5192, 34
16603, 374
12168, 330
14818, 509
7578, 857
30555, 897
11364, 958
34057, 932
31095, 635
37115, 829
32145, 550
7964, 657
12012, 241
6744, 837
4682, 774
39097, 32
32878, 249
34981, 681
34479, 181
4201, 153
3655, 330
20123, 222
34828, 604
9024, 356
13496, 689
14765, 110
1613, 331
25471, 333
19614, 397
29228, 903
247, 611
30994, 424
13598, 492
38654, 361
21184, 904
36013, 578
23881, 245
29283, 837
36156, 354
21497, 390
6897, 253
14531, 128
30918, 845
36600, 149
27775, 693
5905, 303
29116, 961
31037, 656
23119, 192
20580, 60
2368, 767
2531, 821
39701, 142
15941, 562
24020, 320
9161, 505
9486, 874
18440, 860
28411, 574
30363, 834
24893, 861
1518, 934
18437, 827
34579, 195
4476, 19
4076, 905
9089, 600
31752, 243
5686, 795
8519, 701
10991, 227
17061, 686
227, 621
27301, 601
18416, 625
32063, 119
28705, 300
10962, 631
11962, 749
9374, 645
8883, 404
10934, 122
37564, 250
33470, 951
14629, 610
29179, 540
12981, 727
37819, 44
35708, 974
11565, 4
11018, 516
5447, 361
8945, 539
7550, 319
27314, 792
16072, 146
10632, 939
5945, 810
5417, 43
34097, 22
31914, 877
31238, 562
21459, 535
39184, 331
5583, 650
34132, 432
31650, 575
13938, 428
6659, 747
34281, 104
1628, 413
29504, 215
14135, 627
17287, 882
12651, 771
34570, 260
3192, 970
2330, 419
29413, 742
10916, 136
8279, 954
25936, 311
34240, 723
7462, 937
14418, 878
8623, 899
36711, 312
11781, 302
39829, 616
26356, 570
27559, 148
33166, 627
12605, 331
26378, 612
18230, 422
24879, 402
9116, 353
30169, 760
11707, 139
35488, 195
26492, 714
11719, 446
19598, 559
15222, 677
23423, 914
18152, 839
25566, 279
30826, 192
23729, 668
38129, 51
17296, 941
32020, 772
29002, 615
19848, 351
2975, 782
37164, 980
2860, 268
38503, 952
27607, 852
30822, 726
5174, 54
17043, 687
36324, 111
32118, 435
36921, 942
36836, 889
20516, 893
31466, 480
13754, 321
27807, 266
38467, 48
39935, 941
36971, 829
31853, 434
32748, 976
23224, 106
22230, 153
14358, 502
30006, 693
23604, 327
17518, 90
24097, 930
1694, 553
32457, 179
9577, 334
35953, 384
9036, 37
26842, 109
21226, 835
39373, 80
31014, 527
12654, 776
22571, 299
31841, 150
10423, 629
616, 492
26224, 227
18045, 342
31310, 873
24515, 767
28991, 248
11265, 583
29029, 528
12073, 848
34297, 923
34000, 755
12712, 845
6371, 410
11460, 343
24287, 336
12456, 11
6572, 439
10436, 360
34636, 663
36927, 934
18384, 211
19265, 592
38345, 416
38123, 389
31157, 344
12335, 117
1843, 735
31554, 318
24063, 906
39977, 29
14052, 694
21460, 680
38135, 39
17751, 650
9519, 506
20641, 942
16863, 705
5675, 871
5877, 356
1309, 620
1699, 300
12852, 298
28567, 948
4404, 1
33874, 794
7701, 786
37752, 346
36545, 198
10057, 500
4804, 807
15849, 978
11446, 889
19588, 224
26830, 708
12569, 733
7385, 492
28820, 429
31858, 920
15828, 803
28787, 389
14505, 336
12325, 440
25346, 798
4275, 533
36002, 513
21685, 878
18978, 767
28920, 71
25537, 360
11531, 827
8079, 978
23952, 859
17561, 610
153, 468
15615, 133
27291, 144
146, 289
9367, 156
31537, 755
39003, 297
26188, 882
2869, 437
13285, 711
36578, 554
23591, 404
21717, 311
4459, 304
3241, 26
18689, 244
28120, 457
7346, 966
38585, 28
29766, 853
17090, 153
32331, 692
22728, 216
2520, 16
16423, 50
23508, 151
21083, 624
16970, 772
17359, 532
2556, 795
39202, 804
4417, 21
16433, 148
25711, 875
25492, 154
23055, 434
6644, 436
30579, 2
28646, 848
22022, 888
17104, 259
23731, 554
39226, 252
15205, 498
31400, 135
20195, 910
24079, 429
29577, 867
14470, 479
21090, 77
25985, 447
15628, 539
4983, 778
28314, 823
5582, 780
818, 53
5939, 780
21437, 69
18875, 615
26763, 867
23154, 506
19840, 429
14309, 300
36252, 444
36319, 793
9464, 789
24297, 570
460, 860
8247, 184
19957, 335
21478, 145
30463, 282
5762, 223
16665, 368
34932, 224
33622, 289
39239, 753
7163, 15
15552, 426
10371, 305
2219, 350
26496, 313
14942, 980
7317, 573
15046, 350
25057, 649
4647, 295
1871, 118
5123, 354
16401, 515
17005, 717
29147, 76
1357, 375
17630, 514
13917, 954
29905, 984
13907, 267
35741, 873
16255, 319
39531, 494
162, 591
6419, 159
21173, 40
30420, 232
32399, 751
32161, 809
14717, 44
32823, 857
3926, 311
8242, 99
2539, 295
34843, 763
3474, 231
14950, 491
35383, 147
29645, 635
15297, 420
26722, 111
9756, 859
37960, 313
25562, 63
9435, 597
21886, 729
14010, 132
14561, 72
11571, 373
6224, 920
17635, 147
39116, 704
7109, 31
21994, 190
18996, 565
22539, 156
38582, 952
11608, 140
31653, 98
187, 471
39050, 438
32519, 265
24233, 376
2621, 795
17632, 654
7499, 542
6111, 109
23618, 431
31153, 812
5823, 802
1349, 234
26483, 173
27729, 162
21902, 856
13957, 731
16414, 139
37307, 598
34655, 634
1401, 858
35567, 901
6976, 606
24838, 850
29390, 169
23750, 647
12583, 964
8637, 422
2981, 599
36466, 425
15004, 877
25836, 74
35032, 645
37506, 217
24376, 201
33779, 770
7721, 526
30932, 294
20354, 856
2088, 962
30009, 617
12901, 259
15946, 793
10757, 775
1845, 445
33014, 105
32822, 974
25147, 425
37290, 864
9957, 21
38644, 591
17922, 11
24703, 843
17111, 943
16591, 558
19403, 416
33608, 683
5685, 377
6628, 805
6859, 116
22194, 952
7927, 107
27540, 376
18376, 25
5065, 93
20011, 32
325, 625
30172, 362
26094, 340
11197, 210
6998, 956
22948, 370
16130, 18
27723, 232
31941, 128
9692, 229
6994, 108
23018, 813
23026, 463
35030, 735
1991, 872
16191, 353
39052, 560
6128, 153
26693, 245
21789, 179
33280, 531
31842, 846
25739, 990
14026, 647
22878, 276
6105, 555
4525, 10
34916, 956
7067, 108
6550, 142
27179, 601
9290, 431
23441, 618
881, 32
24276, 361
27875, 44
29824, 362
36651, 138
8927, 241
8691, 545
35027, 833
23322, 512
6130, 424
6154, 205
31961, 561
37554, 235
6682, 641
23342, 518
6311, 603
24289, 953
28516, 313
2874, 637
4317, 629
23276, 593
9970, 585
29197, 886
21834, 214
18521, 151
13287, 464
36546, 33
8847, 481
31354, 651
21127, 724
14271, 131
7902, 468
37091, 366
33248, 222
3200, 612
9280, 290
11703, 599
32608, 85
30199, 390
33293, 563
33856, 361
6036, 97
35732, 293
12580, 150
309, 137
30328, 457
4468, 573
13457, 933
7193, 217
34321, 271
13053, 445
25500, 382
35929, 193
19139, 161
25141, 260
37190, 570
11058, 440
19578, 562
25598, 300
28085, 913
28857, 276
33015, 212
13988, 62
4287, 578
10164, 868
25072, 589
37828, 358
21811, 907
28753, 904
13077, 607
22220, 906
25906, 830
11090, 171
19464, 925
31831, 930
10870, 390
6513, 941
12006, 8
2915, 315
3955, 877
10062, 884
7592, 493
30584, 573
34211, 862
36064, 148
6169, 813
29422, 406
37835, 938
21888, 407
4490, 383
35337, 763
25358, 39
10008, 25
2949, 16
32646, 621
16555, 670
29851, 699
3256, 429
17618, 509
17565, 393
114, 225
1878, 732
37032, 701
27525, 784
19032, 727
28006, 472
17782, 804
11372, 189
18732, 902
13756, 975
9628, 481
37607, 877
17783, 339
23204, 66
34108, 299
1784, 356
27001, 775
38421, 830
7527, 375
29494, 234
29789, 901
28313, 776
36515, 1
14444, 981
26172, 405
1180, 485
36993, 414
32779, 172
5237, 146
13810, 802
33165, 927
3009, 675
3297, 497
14871, 584
30905, 324
21468, 164
8301, 937
13303, 135
25574, 180
20814, 406
30880, 299
20512, 905
11944, 543
36408, 757
32117, 298
4792, 700
30245, 272
21627, 166
27899, 885
17427, 167
16317, 481
15486, 550
34120, 688
37804, 417
4585, 230
29890, 396
22690, 469
14891, 164
2691, 989
21001, 36
26013, 681
17739, 533
27197, 780
39641, 898
38319, 674
442, 215
22087, 64
12704, 89
28004, 161
34031, 872
10482, 899
12032, 178
14848, 702
9358, 74
30224, 919
977, 923
39883, 931
3435, 134
31318, 712
32381, 545
28101, 576
8423, 978
29262, 984
6665, 295
7303, 661
21813, 16
31112, 444
4335, 899
37582, 561
2703, 265
17449, 893
19509, 655
31632, 635
29162, 752
8302, 342
8286, 218
20373, 998
29112, 878
28853, 884
16927, 56
3735, 357
26114, 673
9717, 165
20497, 389
39053, 699
28365, 162
16205, 229
10526, 691
23418, 526
16005, 146
27684, 415
22994, 288
21359, 972
24213, 344
13035, 816
27337, 259
29001, 634
15856, 112
25348, 533
13937, 585
15392, 255
1444, 195
12607, 352
26265, 4
31822, 262
35386, 412
11179, 933
18144, 275
31505, 470
36420, 957
4943, 484
6438, 147
21591, 664
10362, 94
4120, 500
15382, 613
31567, 640
12701, 39
29749, 569
7369, 966
9488, 300
23107, 340
32741, 283
10534, 144
38145, 481
11750, 15
31881, 445
34023, 879
11613, 545
15311, 13
2567, 907
21713, 828
3887, 674
19620, 29
2316, 800
497, 912
33257, 206
32570, 769
2638, 503
24027, 457
18547, 379
38666, 830
17147, 36
26978, 355
19324, 348
18514, 992
8907, 258
22204, 226
6280, 897
26708, 984
25918, 238
33142, 27
14281, 325
13944, 885
33843, 524
1051, 138
8033, 6
19751, 407
16408, 219
23207, 907
2466, 519
12307, 384
36678, 869
11061, 482
20096, 967
33467, 35
22737, 404
24401, 114
3219, 765
9050, 372
9704, 580
31821, 631
30656, 773
36141, 745
14304, 655
35406, 258
32566, 598
14634, 516
24304, 902
29249, 562
35746, 392
9232, 992
39471, 9
17970, 537
9377, 595
12443, 980
4946, 718
23174, 247
11885, 739
18070, 660
17006, 753
35678, 744
33822, 275
21753, 659
11086, 772
38144, 620
30882, 39
16962, 152
33612, 541
39144, 197
29345, 363
24794, 341
9459, 264
16158, 944
29598, 721
36110, 411
21988, 394
31199, 812
38457, 726
1000, 915
14684, 198
25653, 228
7328, 809
18621, 202
19825, 862
577, 742
15263, 760
16350, 128
30589, 16
36489, 728
19078, 158
4523, 52
4466, 601
36766, 905
37426, 720
2044, 572
35241, 334
8704, 328
9196, 351
34345, 244
6065, 528
27603, 333
13982, 875
17276, 87
31522, 496
28334, 494
4659, 109
37742, 470
4268, 313
5124, 823
18929, 964
33040, 936
22697, 23
36399, 522
26431, 323
12578, 948
20594, 716
16806, 533
10504, 860
34657, 657
13147, 147
17884, 315
866, 234
29546, 57
23409, 794
22273, 283
3918, 413
35362, 419
22734, 320
15962, 437
1528, 587
31350, 111
23657, 419
26453, 603
36079, 506
39542, 326
28332, 791
20448, 863
4086, 525
5372, 226
7283, 145
36245, 9
15956, 936
717, 160
32924, 90
436, 546
27024, 929
8082, 756
11402, 966
37776, 652
20045, 589
39458, 194
35275, 411
31126, 966
30327, 229
20724, 80
29500, 35
13595, 623
36203, 40
36104, 325
20742, 862
19492, 262
31834, 254
16530, 747
30184, 946
24453, 937
1813, 913
17738, 333
33832, 294
3719, 439
30669, 637
18214, 185
20394, 626
4117, 407
37134, 391
12847, 728
32818, 688
10233, 90
12013, 110
6064, 823
4212, 473
11670, 483
5615, 770
34468, 401
38783, 745
21774, 175
34742, 689
7311, 456
4770, 297
12685, 519
20591, 944
30239, 184
5659, 933
36195, 866
34267, 349
16097, 281
30568, 841
5674, 647
26594, 875
10250, 949
29065, 671
29866, 768
26554, 607
29174, 248
20246, 903
28335, 698
7486, 999
27674, 80
12480, 941
459, 224
28969, 644
19823, 8
23934, 310
1960, 1000
15246, 142
22429, 32
28484, 392
21081, 129
13517, 183
22590, 186
9579, 964
39536, 475
3646, 857
11415, 720
25117, 814
37283, 55
20719, 423
29285, 572
30722, 512
1869, 893
37826, 829
627, 47
14106, 218
24148, 467
80, 884
37232, 517
34776, 125
18401, 678
586, 82
17232, 692
1276, 552
31776, 233
29499, 590
7044, 106
38812, 491
12144, 815
5908, 840
16802, 346
19770, 908
12351, 23
35698, 513
23547, 469
32663, 888
14597, 580
14096, 694
8849, 687
15381, 626
3836, 861
8361, 519
27765, 876
5929, 107
507, 951
15964, 869
36516, 802
7211, 70
7149, 843
1570, 941
389, 551
576, 118
5906, 729
22889, 359
2578, 865
37947, 590
3204, 415
17694, 240
32615, 632
22843, 27
7181, 866
27331, 649
6367, 694
23953, 214
19117, 333
8, 294
20297, 434
26841, 927
12999, 302
1460, 707
26910, 671
3526, 859
29013, 318
20020, 704
31211, 911
22647, 713
34151, 741
18313, 945
21443, 742
19175, 675
4491, 212
11439, 7
14371, 783
31864, 445
21413, 406
11851, 199
16136, 201
9669, 436
11454, 285
14642, 703
14461, 712
13211, 613
1018, 527
16521, 747
3125, 726
34502, 74
3585, 483
4843, 430
36756, 876
2692, 84
25113, 225
34929, 857
14158, 554
8120, 311
2078, 951
20385, 864
18474, 533
12113, 890
13560, 769
33105, 727
9888, 374
20959, 580
35631, 375
15029, 869
19097, 371
30761, 876
15141, 585
30701, 834
15823, 865
8769, 42
26764, 900
25707, 843
37683, 461
24266, 143
3844, 965
29852, 967
9748, 392
15468, 561
17774, 383
331, 790
32844, 255
24862, 102
5627, 311
16189, 232
1194, 253
16649, 623
32869, 556
20630, 845
24540, 57
21149, 402
22175, 920
28546, 211
26576, 90
16262, 644
34625, 881
35011, 536
29865, 875
11878, 384
22052, 788
18029, 945
30064, 56
19904, 734
32080, 5
5510, 550
15646, 394
17758, 520
6829, 782
37536, 533
10912, 204
11994, 112
20293, 218
31612, 322
30313, 25
5230, 720
3173, 109
1061, 49
29656, 514
18554, 4
16112, 621
9308, 312
23551, 466
19189, 225
1247, 457
23744, 585
21284, 523
9211, 361
20220, 286
6537, 102
1664, 48
19299, 154
10545, 383
13165, 338
34061, 536
11145, 406
37507, 358
3081, 471
12544, 961
1615, 53
23008, 905
12374, 325
2942, 710
25939, 215
6890, 394
37621, 207
9310, 980
14262, 828
14250, 813
22468, 708
18656, 381
339, 774
13857, 908
16761, 956
29501, 673
17655, 803
29158, 497
34439, 685
8872, 397
31125, 268
17526, 370
22293, 891
3289, 580
21319, 842
12514, 857
2577, 213
30367, 896
33298, 266
33698, 463
26220, 807
35206, 803
28280, 527
14559, 373
20777, 347
15573, 281
2042, 725
11202, 589
17608, 175
2064, 431
4916, 314
30148, 729
2900, 467
12786, 196
6643, 87
39396, 664
14007, 427
964, 786
39234, 521
14016, 269
31887, 211
16736, 473
22129, 6
27500, 392
49, 513
14590, 556
13695, 41
34391, 75
34532, 422
33437, 229
16439, 154
15336, 571
35091, 514
25080, 967
16083, 989
39256, 872
17382, 54
36361, 329
13314, 67
16281, 172
17504, 982
16087, 37
25487, 13
14091, 279
21342, 774
173, 866
15281, 409
6710, 881
21812, 990
22537, 580
29747, 768
39621, 648
25926, 51
5654, 808
11492, 56
38751, 888
4247, 335
36051, 790
16391, 85
38427, 283
11015, 474
2409, 991
8762, 220
31806, 153
30201, 575
26262, 692
18518, 107
33114, 935
37433, 498
26469, 826
6707, 777
39348, 790
31988, 138
33809, 709
12304, 228
31665, 739
9813, 198
23307, 595
21803, 840
6093, 770
15878, 871
20399, 497
2704, 343
34762, 827
18413, 478
24527, 553
23997, 208
6471, 878
23206, 281
23923, 497
612, 250
9854, 44
31655, 268
39580, 400
36908, 924
2833, 955
34362, 728
37375, 415
1802, 345
22301, 475
17029, 647
13912, 569
16441, 431
19595, 834
6986, 445
28623, 493
36045, 468
11958, 758
1672, 704
10767, 151
38720, 992
23789, 82
8793, 853
22107, 440
19787, 784
26465, 176
2700, 159
6048, 893
10147, 356
38167, 332
17050, 27
22841, 558
6283, 16
9041, 99
4463, 358
5852, 243
7056, 622
25351, 411
26106, 530
12277, 975
31524, 577
5482, 259
32250, 130
18147, 866
27407, 976
27716, 915
13238, 460
13418, 635
397, 717
11254, 634
37821, 436
15810, 337
15650, 644
1234, 526
10979, 942
36458, 447
30276, 97
37476, 384
34865, 152
18965, 781
6071, 763
15891, 766
29424, 279
3298, 579
26340, 602
16020, 773
35726, 690
27838, 869
19422, 188
3013, 26
34509, 31
22177, 140
4208, 150
3947, 429
38292, 964
23304, 378
27640, 194
6651, 654
13775, 766
39284, 43
35115, 633
26174, 720
39311, 404
19545, 519
25546, 353
6689, 551
29820, 231
25329, 283
21742, 705
16044, 785
31391, 434
21085, 529
17551, 206
34567, 174
38566, 760
34323, 39
27159, 166
34839, 504
36164, 863
19538, 189
21684, 394
12886, 465
12282, 775
21637, 141
6957, 617
19769, 244
20182, 555
29864, 536
16932, 920
19999, 158
36322, 231
36778, 560
21545, 141
22197, 807
21707, 536
25690, 890
24850, 780
14036, 623
12246, 304
39487, 378
14413, 557
21985, 562
19376, 105
27310, 484
21270, 364
12731, 771
13558, 217
15836, 141
26022, 341
15551, 111
28382, 869
13991, 621
26740, 321
29772, 464
20162, 651
9266, 610
20248, 267
10010, 78
39518, 967
36074, 336
38236, 143
25387, 543
873, 13
32025, 221
13586, 315
21405, 741
24476, 149
4857, 677
8780, 426
31300, 159
1106, 768
16822, 564
15078, 17
5681, 279
38084, 192
5044, 289
12832, 220
32600, 783
30599, 425
27140, 758
31956, 435
12991, 266
32426, 88
18994, 202
18261, 358
23620, 916
26129, 513
11409, 106
18808, 68
31018, 419
32627, 653
17292, 336
17279, 109
27652, 878
12783, 496
25905, 997
34058, 758
4002, 279
28841, 218
12464, 408
27482, 631
25402, 855
11465, 518
27241, 398
13107, 923
33712, 614
6319, 106
17679, 152
11493, 336
20693, 917
22791, 439
19676, 422
14776, 22
12076, 280
17578, 89
26422, 743
32226, 795
13408, 51
38648, 504
7580, 391
34137, 725
6971, 136
29675, 251
22765, 394
1844, 695
18186, 511
8482, 620
16827, 254
17235, 956
23496, 764
3489, 580
28706, 907
1526, 573
33936, 150
25979, 944
9842, 311
7378, 312
31527, 95
36261, 653
7894, 316
8742, 642
4894, 894
22615, 814
817, 869
39065, 355
15662, 318
13808, 298
27158, 348
18632, 436
31477, 994
26637, 52
20469, 889
17439, 880
35363, 947
16500, 998
106, 400
19011, 351
38999, 6
14703, 344
24618, 826
920, 661
8726, 180
38048, 781
26964, 93
6229, 741
63, 440
32169, 985
30024, 987
22832, 967
18086, 633
34630, 25
34575, 379
11937, 374
33413, 387
4114, 654
6013, 760
28348, 892
16937, 659
9286, 800
32871, 689
31817, 718
39139, 937
20954, 347
15760, 688
17325, 652
11071, 684
35712, 45
3274, 603
20462, 369
15855, 204
20325, 654
33514, 941
36834, 834
12943, 365
25071, 970
24944, 918
14808, 727
19056, 397
23060, 606
24421, 451
4346, 339
10664, 777
19909, 605
11551, 916
34978, 613
16809, 612
27689, 823
4663, 160
4414, 827
954, 695
7887, 329
2398, 735
35866, 919
3279, 30
33422, 599
28403, 607
12940, 628
22628, 90
2380, 471
39880, 491
37532, 143
6847, 900
8386, 290
36540, 294
13520, 638
8060, 534
26365, 475
9560, 102
15614, 227
9224, 438
16218, 264
2129, 252
32943, 359
19974, 400
6079, 631
38154, 388
14253, 274
15418, 1000
23725, 205
24523, 862
28461, 33
4901, 201
29314, 282
16503, 282
30763, 359
19302, 434
694, 570
10738, 599
4582, 811
18784, 964
26004, 475
39624, 176
39301, 849
25672, 899
29707, 548
22475, 978
38919, 918
13761, 752
18553, 224
8833, 726
32416, 984
16176, 936
17436, 235
28121, 543
37173, 423
29962, 22
26006, 265
15997, 762
23645, 378
4471, 202
3988, 976
6690, 54
3309, 854
9341, 64
33717, 443
23163, 162
20909, 729
38234, 259
7616, 988
4, 546
352, 995
32377, 12
37259, 383
27670, 8
19743, 558
38639, 490
36966, 217
11166, 17
21966, 518
16646, 465
28413, 595
5241, 165
31754, 371
26800, 537
23988, 21
5891, 202
20615, 138
17133, 274
6675, 794
24848, 301
6216, 257
16431, 410
1547, 66
29139, 597
27524, 634
18347, 288
12880, 250
34470, 506
14152, 294
21872, 426
26363, 927
35742, 795
15659, 596
17889, 793
54, 237
26065, 431
19042, 655
12232, 238
16194, 372
16190, 899
26922, 488
17165, 499
37170, 354
20285, 304
37760, 543
20067, 110
24821, 945
9128, 246
17830, 581
30015, 904
2108, 689
36815, 365
31073, 80
12452, 769
26184, 698
17823, 809
13780, 129
385, 991
24546, 5
13275, 270
39953, 423
38244, 542
6095, 425
4170, 355
7556, 559
28880, 978
38614, 144
14482, 923
35295, 359
36014, 134
32660, 111
33497, 773
23248, 823
7046, 1000
28119, 394
33577, 646
12221, 553
15324, 797
25773, 819
14602, 417
29340, 240
3115, 508
39530, 283
6969, 79
38765, 857
21246, 434
13236, 847
28100, 674
29253, 571
11001, 404
1372, 724
17626, 447
28540, 794
15266, 226
30316, 337
32696, 641
9631, 506
26875, 884
39399, 192
35120, 52
32728, 203
1202, 236
36389, 558
29797, 930
22407, 250
28572, 285
36883, 264
32023, 935
25742, 500
8314, 958
30782, 480
28193, 122
1785, 136
20985, 329
13431, 829
18262, 664
25013, 699
16516, 47
28091, 515
28015, 844
37023, 392
14856, 876
29753, 15
23039, 592
27345, 188
32373, 580
222, 748
29155, 524
31108, 531
19558, 413
12726, 799
33471, 161
11270, 353
27877, 293
32800, 591
25015, 911
13897, 176
31406, 528
39800, 432
11948, 538
14236, 54
29077, 436
37647, 53
10596, 169
11484, 437
31002, 724
22675, 969
7227, 843
35532, 294
12850, 994
18457, 991
23554, 431
32920, 31
24627, 133
29734, 147
13530, 560
35889, 699
21779, 718
22302, 293
29319, 809
35016, 935
37882, 111
28514, 303
4278, 886
5069, 17
26767, 801
26514, 909
7130, 870
30482, 746
1116, 216
39703, 228
12468, 61
12410, 789
28676, 87
14595, 689
14543, 565
17828, 576
30962, 633
29163, 3
15128, 434
22265, 640
23498, 143
7548, 321
10325, 949
7080, 72
23354, 20
25878, 572
6308, 768
28127, 50
5297, 237
1882, 632
38005, 967
2820, 224
5890, 848
15771, 229
30326, 959
7520, 38
20088, 530
17294, 172
25609, 945
12372, 42
23520, 545
27830, 166
15012, 204
5180, 523
26891, 249
2281, 289
27362, 38
4617, 664
35514, 909
37515, 620
26647, 553
15622, 366
34591, 641
35640, 841
16671, 841
14974, 365
28198, 227
36157, 337
36036, 933
14936, 13
38704, 215
1031, 181
23162, 397
4539, 379
34670, 396
11028, 961
6320, 615
18642, 777
15684, 208
13594, 124
25016, 150
19628, 152
2583, 234
7734, 888
12756, 230
31798, 505
25774, 270
13388, 51
38580, 663
1075, 18
32453, 988
11298, 165
17377, 615
21055, 884
26539, 320
18497, 908
14072, 13
23590, 437
32079, 90
11658, 410
601, 333
2819, 198
12104, 478
2680, 914
16985, 700
26181, 585
13510, 914
18338, 7
30261, 449
29677, 488
9081, 306
19084, 473
31099, 489
15394, 574
3310, 443
27987, 953
32752, 906
7567, 236
5895, 454
11907, 190
3972, 767
22490, 694
9699, 686
9922, 108
110, 66
4057, 502
32552, 294
28714, 638
39840, 507
18000, 287
4438, 534
37987, 945
24408, 283
3810, 581
10393, 866
16995, 289
20477, 874
14613, 499
6235, 876
22262, 597
2535, 558
7269, 738
23646, 574
11280, 6
19449, 101
6752, 807
23272, 915
9364, 782
20406, 620
13749, 849
35828, 115
5948, 946
4773, 814
24740, 686
20136, 199
24487, 369
8668, 716
23479, 573
28217, 420
32257, 434
5468, 827
27416, 386
13777, 122
14341, 425
11815, 925
2016, 185
14579, 167
26117, 797
33841, 848
29084, 457
38604, 405
38218, 547
19898, 397
23476, 198
14742, 979
13145, 744
30192, 322
24042, 763
35112, 244
19415, 982
30607, 3
30647, 49
23417, 846
36298, 316
30215, 730
35474, 463
21109, 308
34474, 200
20138, 874
1867, 555
37651, 37
30300, 459
18818, 403
22541, 882
28689, 538
32497, 48
27056, 699
20900, 404
21470, 453
24649, 475
26788, 277
13579, 528
12895, 736
34045, 337
19159, 928
4025, 584
6294, 705
10081, 255
14786, 153
13634, 355
3252, 200
15167, 286
25833, 41
17486, 650
37289, 660
18558, 323
14395, 575
298, 433
136, 705
2561, 568
8453, 677
25239, 216
4431, 706
29549, 161
671, 809
5858, 187
9569, 47
22866, 348
6258, 79
12267, 937
2566, 271
15781, 121
3536, 955
35017, 520
32562, 956
19962, 362
779, 936
151, 508
11485, 478
13466, 604
3979, 793
14627, 969
26969, 342
29282, 345
35909, 493
4056, 771
16702, 113
17297, 804
28387, 138
30241, 743
14788, 663
15081, 33
26127, 565
13920, 691
13622, 260
12116, 279
12647, 603
11656, 129
39312, 91
24989, 302
35561, 634
34466, 590
33357, 391
31167, 290
20629, 604
6638, 389
17882, 322
20948, 409
16344, 776
3966, 99
19317, 979
34130, 406
14853, 370
25925, 135
17652, 668
10903, 940
9202, 675
10107, 637
32241, 246
32520, 826
24273, 874
15285, 481
39, 839
2289, 80
16546, 274
24596, 426
18326, 18
7401, 778
8587, 483
23181, 5
23931, 166
27461, 282
2818, 700
26264, 742
9750, 121
24940, 825
38728, 143
31928, 90
5717, 622
4283, 392
33574, 831
14014, 385
32409, 898
7247, 303
28929, 680
20441, 184
2588, 496
11526, 501
32084, 737
6880, 783
34374, 845
34770, 743
27304, 634
34399, 471
26535, 473
8666, 846
10568, 367
718, 971
21896, 44
21878, 176
29374, 343
21141, 586
1711, 677
33252, 48
24564, 176
8466, 613
4735, 727
145, 592
21009, 158
26621, 50
39604, 346
36310, 144
2002, 51
4153, 173
30505, 409
8976, 690
33844, 183
13051, 324
37557, 524
6584, 383
19096, 595
12388, 111
29322, 913
20006, 669
17548, 737
30435, 213
33731, 244
32720, 859
26754, 179
26991, 712
3566, 357
22063, 280
16846, 6
17950, 109
34775, 881
15506, 489
33205, 792
32374, 525
11152, 215
28284, 746
4618, 431
9297, 641
39306, 304
16783, 153
6791, 214
19303, 167
8563, 699
300, 725
35995, 333
24189, 33
11752, 831
21519, 802
5389, 730
19436, 836
23090, 466
24815, 533
24872, 429
6770, 683
22953, 889
10779, 773
22396, 137
23649, 350
2488, 46
10157, 390
17668, 228
11552, 761
411, 411
35267, 675
14150, 43
34556, 375
35167, 610
22066, 668
19576, 407
10937, 437
6945, 420
20358, 33
19701, 601
1732, 118
31828, 170
14022, 378
30578, 923
23804, 729
15345, 344
26372, 892
29204, 451
14638, 538
31338, 267
29955, 966
7551, 622
33024, 323
37797, 257
32715, 958
8698, 435
329, 687
2132, 93
26201, 93
33980, 166
29281, 663
32077, 754
5172, 69
35628, 523
4566, 104
26260, 150
34744, 824
19734, 468
39367, 486
17186, 264
29188, 321
24951, 587
27475, 352
3495, 709
25173, 119
9164, 0
297, 773
2249, 107
34632, 442
5716, 100
31054, 107
1282, 564
27016, 207
5692, 897
163, 786
13441, 372
24632, 849
11277, 98
38058, 628
33029, 817
14544, 1000
16164, 702
27276, 944
2153, 511
23984, 260
26727, 590
29612, 820
1082, 824
5766, 906
33341, 185
28258, 44
11379, 992
2575, 675
5322, 580
29737, 560
19138, 743
35884, 436
18311, 18
21338, 260
37638, 71
13121, 370
15691, 319
22655, 11
8887, 82
9445, 462
28477, 292
20449, 192
35104, 313
14510, 330
31426, 449
19926, 389
18879, 961
32833, 743
34920, 118
35730, 935
13241, 191
17849, 21
4865, 165
30611, 405
35885, 893
31267, 896
36669, 272
4378, 308
15589, 665
38107, 675
26970, 81
12131, 276
32824, 653
10681, 841
10052, 92
33769, 762
8150, 246
18310, 246
28391, 578
6274, 347
14624, 564
5132, 958
8223, 516
18615, 345
11980, 71
28868, 679
33449, 374
36400, 25
7889, 807
17913, 979
26402, 632
2224, 645
17463, 359
990, 988
24477, 738
11251, 585
36762, 46
21829, 61
25723, 164
34165, 740
189, 671
14731, 293
17304, 98
3038, 812
445, 567
13573, 399
10668, 535
35635, 257
26673, 282
17185, 828
8324, 379
2996, 731
34907, 231
24763, 741
18490, 204
10201, 780
24246, 219
17456, 295
35524, 527
36460, 166
24257, 328
18438, 387
17957, 387
20535, 823
39509, 490
38818, 712
9152, 356
34709, 452
20680, 41
30517, 166
16617, 230
39056, 214
36470, 36
24151, 891
20010, 729
1651, 644
4638, 95
8751, 405
38180, 591
34712, 994
13578, 477
21117, 201
13750, 790
31484, 938
1970, 789
37994, 82
15371, 396
21278, 505
37635, 978
17037, 767
35780, 659
6494, 74
21439, 39
11725, 671
16257, 726
27274, 420
18586, 909
19277, 140
23148, 104
7282, 410
15449, 60
34397, 525
12459, 974
10686, 814
33752, 642
3471, 751
10669, 841
10252, 26
33145, 124
23863, 969
9968, 905
1647, 894
32887, 448
5963, 170
6589, 176
17999, 527
28767, 956
7996, 812
2014, 120
6615, 204
25448, 413
38059, 805
22155, 814
33771, 793
1741, 934
11496, 554
11749, 391
6670, 862
26536, 319
26352, 137
17693, 631
5010, 434
16869, 562
34119, 209
465, 359
22812, 622
27108, 275
10858, 13
1969, 131
3003, 321
32441, 760
1834, 695
12211, 111
15378, 355
1137, 457
2500, 133
32895, 467
22663, 424
33860, 930
13459, 246
39696, 279
30929, 565
13453, 711
10968, 513
17384, 339
24569, 734
9230, 963
12759, 785
12330, 323
500, 249
10408, 275
7827, 165
23355, 145
10474, 135
14969, 751
18657, 316
18647, 18
36598, 397
20198, 781
39673, 8
38122, 860
18149, 991
37689, 589
17721, 210
1500, 454
27677, 980
31826, 615
13950, 408
37629, 154
11523, 865
39630, 659
32901, 258
13924, 498
29063, 951
1895, 698
12070, 914
27739, 614
21312, 882
16100, 880
5407, 400
7433, 656
441, 951
35081, 978
22870, 399
29628, 894
32229, 170
35606, 582
14546, 228
3269, 44
25732, 107
32075, 176
18180, 189
7806, 584
39057, 543
15516, 211
1361, 696
16, 166
18781, 576
3764, 679
30133, 233
25021, 501
7455, 924
8958, 573
28374, 744
19382, 275
25572, 197
25311, 525
29046, 421
37779, 375
19230, 62
31667, 130
31196, 930
316, 927
3540, 481
14854, 208
30942, 612
23623, 947
14382, 31
39386, 695
5433, 88
8852, 665
10485, 986
17852, 535
38025, 664
25287, 632
22983, 591
8432, 709
26005, 560
29122, 617
27889, 691
25522, 255
31180, 711
15689, 861
35936, 309
27203, 583
23442, 91
32255, 365
18301, 610
15162, 248
26810, 840
27373, 601
28632, 942
35261, 168
6606, 454
26466, 602
9281, 357
15138, 132
2444, 495
20098, 413
37437, 53
24803, 538
28995, 796
10198, 569
28196, 148
5352, 370
8776, 197
29326, 690
29683, 115
19900, 174
25996, 27
18023, 637
34417, 280
28452, 801
3659, 122
12248, 622
4282, 981
20609, 880
27950, 241
2166, 127
24936, 703
12192, 41
37064, 363
38568, 360
15395, 20
32656, 197
21490, 815
24844, 345
7146, 302
30637, 293
5883, 398
13735, 964
38778, 675
7493, 777
6165, 333
21750, 849
4689, 976
7363, 250
2297, 209
33891, 211
32936, 142
30485, 657
15879, 82
25324, 456
28895, 569
21588, 681
20711, 352
12431, 737
24781, 324
39597, 868
11744, 894
3510, 648
30456, 933
4306, 398
2270, 372
15206, 286
20350, 114
4055, 166
16785, 874
12145, 486
16025, 247
21916, 819
7669, 56
16348, 830
38608, 907
31549, 558
37891, 382
37872, 319
35450, 528
32981, 653
22836, 980
8974, 480
28250, 802
33674, 478
2729, 203
21620, 769
28199, 723
12055, 847
38224, 729
15762, 192
1804, 978
26290, 437
6104, 34
3412, 680
38211, 224
21512, 250
18943, 106
2931, 47
8675, 139
31724, 245
9683, 783
29039, 816
33576, 327
33543, 13
2498, 601
1745, 546
11753, 334
36052, 43
2377, 440
6779, 669
18100, 129
16356, 641
23457, 238
27483, 547
26659, 798
12505, 180
6203, 950
17763, 669
34511, 586
10539, 98
38101, 709
14997, 66
28864, 741
7561, 754
17923, 675
32970, 641
32653, 243
33247, 320
22973, 728
38798, 609
9351, 380
14657, 612
29627, 186
39806, 996
28162, 151
26136, 234
19518, 816
4259, 943
30893, 650
20624, 609
21098, 293
28347, 47
15772, 987
16739, 921
6480, 314
34786, 822
23006, 674
30071, 317
37137, 844
16586, 444
1920, 265
16548, 412
19739, 405
6467, 472
23375, 930
27017, 937
7908, 317
9598, 675
9618, 329
17478, 772
15898, 788
16621, 29
13478, 640
20801, 930
20352, 545
26698, 678
14460, 6
9100, 485
38359, 875
12097, 415
15231, 853
6257, 910
35282, 694
15120, 799
8169, 575
29536, 51
20634, 981
38513, 218
37936, 78
28696, 188
11992, 227
27848, 52
24375, 284
3348, 348
37780, 55
16760, 557
11559, 759
8770, 380
30220, 18
29665, 534
7469, 294
10209, 85
14916, 227
20077, 608
4211, 882
26745, 608
23027, 814
39122, 653
7589, 442
7911, 884
10758, 874
15450, 391
27600, 576
28116, 288
34452, 736
16721, 669
9438, 309
12836, 704
29213, 612
6632, 480
15268, 967
10026, 48
7759, 199
14573, 646
38533, 899
26380, 52
33023, 346
35793, 560
31468, 750
463, 699
4448, 858
20223, 223
11887, 421
37653, 124
1013, 644
35236, 266
25280, 585
24923, 804
15668, 973
19534, 905
13380, 689
3833, 928
11842, 298
2902, 127
28510, 233
7523, 894
34801, 483
37739, 335
31819, 76
25879, 195
28555, 766
23014, 912
24755, 401
7175, 694
19706, 616
18097, 305
27413, 575
38589, 844
21724, 562
10137, 756
36624, 737
255, 254
22536, 936
26533, 621
30799, 938
22375, 866
34541, 556
38982, 694
19035, 863
35943, 421
7481, 19
2736, 349
8492, 181
22900, 964
19222, 759
14813, 180
33890, 872
11171, 827
6135, 547
13892, 937
17890, 971
34196, 162
11648, 655
8782, 853
799, 280
6250, 871
16417, 887
25218, 517
23595, 248
30252, 894
28293, 906
25508, 980
36118, 923
36689, 151
8692, 849
12259, 65
21263, 540
32106, 400
22321, 77
34877, 145
12322, 137
10951, 316
25026, 246
2448, 835
37246, 90
15767, 720
36276, 522
2236, 667
225, 583
19544, 674
12618, 299
32581, 747
36972, 292
13515, 418
17406, 352
31976, 207
13697, 816
22978, 604
5232, 916
27152, 491
26160, 796
7731, 956
38027, 237
38747, 840
10736, 347
20651, 248
14476, 8
7342, 563
16631, 397
28299, 466
17103, 35
6528, 908
31194, 200
29922, 624
2947, 963
22383, 138
28807, 2
10797, 775
19990, 40
21905, 743
37090, 828
16224, 559
38874, 665
35907, 502
3928, 284
34835, 828
35195, 116
17101, 176
5455, 319
30949, 874
30680, 158
16207, 572
21754, 569
37380, 430
13090, 541
33157, 564
37917, 625
14951, 882
17491, 322
24085, 48
5559, 620
10375, 118
2553, 591
8245, 361
34079, 152
10411, 490
12639, 238
33742, 705
35641, 31
39095, 819
3627, 627
27208, 121
24942, 376
2861, 32
36107, 61
9924, 338
19115, 455
19001, 168
15109, 333
39072, 790
8246, 946
15728, 668
16877, 828
31901, 39
32347, 123
7001, 96
23469, 723
34946, 622
1107, 948
24186, 135
22495, 983
4561, 655
14083, 527
7361, 589
30981, 352
5824, 921
7817, 669
2564, 749
27616, 432
33149, 174
36321, 440
6585, 453
35790, 248
11491, 820
23770, 367
13218, 715
6922, 193
23555, 117
17484, 461
579, 331
9257, 42
39644, 112
17110, 686
31662, 255
39736, 897
36822, 160
39292, 222
22261, 319
5792, 78
26755, 574
19996, 608
24869, 578
8019, 207
4142, 179
31394, 435
19370, 900
12887, 55
34719, 35
24320, 795
39907, 511
4010, 395
2622, 855
2277, 492
36510, 602
1917, 529
19043, 945
5027, 249
36562, 384
26506, 524
23215, 574
33997, 960
14099, 322
36381, 674
38272, 240
7387, 371
6842, 59
4447, 889
4363, 546
7524, 100
37248, 106
903, 558
6943, 280
30445, 474
147, 524
3752, 971
36851, 351
32467, 812
26869, 775
28650, 356
38339, 511
14143, 882
796, 634
27059, 59
22620, 983
36808, 393
38019, 830
30034, 482
37502, 844
11828, 46
36295, 893
17094, 807
24227, 433
6955, 550
12944, 732
17143, 314
32219, 897
27895, 877
29124, 843
38534, 87
11924, 530
1291, 199
15375, 318
915, 238
12792, 636
33139, 517
34601, 300
4321, 801
16733, 566
35658, 654
25534, 998
31663, 505
28996, 393
14411, 388
6821, 195
4029, 587
36058, 993
10220, 556
6814, 289
27396, 42
31154, 223
31700, 413
35515, 777
27627, 813
36946, 290
11796, 569
37446, 62
25333, 969
22981, 509
26333, 714
24727, 789
6877, 62
5457, 912
1649, 167
22821, 193
23144, 383
29812, 362
24254, 20
35110, 186
30230, 454
13163, 416
1125, 372
17072, 727
31949, 203
5896, 351
25439, 347
3827, 281
6379, 164
24450, 719
38850, 129
2144, 306
18850, 5
30844, 822
19122, 52
2083, 323
18765, 342
5254, 467
37673, 27
31987, 663
16965, 505
8063, 662
27617, 701
20922, 361
32840, 880
15254, 91
378, 124
18812, 821
30149, 848
35124, 480
31503, 369
29778, 738
19477, 768
13603, 423
5971, 581
27583, 504
23230, 544
19496, 292
17466, 363
428, 463
2763, 261
9918, 722
22356, 941
2278, 998
10985, 85
30128, 677
38966, 503
15287, 94
25689, 213
24076, 688
32881, 412
17400, 1000
36699, 711
1837, 176
18194, 25
35574, 237
24484, 888
35001, 465
1758, 398
33596, 934
10049, 207
22061, 309
16667, 788
11488, 996
28668, 545
1242, 40
6523, 900
11234, 249
18626, 480
1476, 217
29433, 678
12851, 57
36406, 111
3390, 434
28957, 815
29938, 919
4691, 389
29807, 656
5050, 411
829, 605
14263, 4
1338, 871
35052, 942
11287, 653
4714, 27
6417, 439
15329, 657
29758, 374
38671, 993
28558, 827
37915, 255
26377, 586
21168, 629
2418, 734
12299, 76
26358, 214
13619, 404
21321, 124
17772, 886
14858, 203
23597, 679
20278, 692
2640, 310
11178, 867
8983, 761
8332, 14
37962, 993
1059, 945
37231, 206
29686, 393
8950, 995
31331, 384
14925, 848
11644, 601
37672, 516
12360, 583
28454, 759
39505, 662
33919, 459
33858, 946
5613, 327
30643, 903
35795, 702
34594, 4
35836, 201
30424, 670
35519, 872
11947, 193
1273, 724
8250, 254
2758, 778
30005, 516
13955, 402
27076, 313
19094, 648
35949, 436
36280, 221
7212, 21
12194, 716
32753, 598
4190, 425
25630, 617
3592, 575
24521, 705
23357, 632
19891, 396
32401, 504
27612, 864
5737, 394
1661, 95
33763, 344
10481, 873
22106, 311
19881, 351
15785, 951
9014, 3
37552, 405
27903, 128
25592, 387
11316, 683
33620, 639
35516, 412
6543, 342
16997, 451
9682, 307
25815, 714
24270, 391
24047, 326
1739, 58
25644, 210
3556, 165
12599, 247
33250, 852
37747, 90
35784, 522
6387, 60
20313, 3
24225, 968
28084, 746
16006, 421
10060, 813
16452, 548
20796, 62
24060, 558
7579, 919
11168, 24
11093, 153
8920, 511
25033, 375
12026, 887
30836, 204
13958, 183
16573, 839
15853, 512
19638, 494
28888, 860
24601, 761
34077, 149
33073, 871
5644, 49
28839, 124
37749, 3
2870, 733
9472, 643
19031, 950
35812, 608
28145, 571
19036, 220
29793, 163
7237, 694
35880, 291
16993, 825
13231, 283
33714, 396
38636, 204
27364, 419
38702, 350
22958, 177
29156, 202
27755, 835
16609, 636
12810, 554
33884, 215
13776, 203
21247, 770
20040, 396
9264, 884
33942, 236
37395, 198
2264, 584
7840, 198
26609, 395
22193, 499
3848, 282
12181, 542
6116, 387
14324, 306
7448, 326
34988, 32
37497, 171
15748, 804
33419, 621
5338, 394
18206, 229
27358, 732
2530, 783
25527, 726
775, 87
31094, 361
34320, 526
6885, 929
7142, 131
20258, 369
35803, 507
10500, 148
28674, 472
12888, 901
105, 843
14623, 371
30168, 455
22298, 506
32517, 134
8163, 855
15749, 635
26229, 346
20151, 65
13813, 663
15531, 724
6127, 961
29450, 165
24622, 586
15707, 383
25408, 171
5261, 517
24774, 251
24638, 434
31502, 473
2934, 474
18723, 367
343, 209
38318, 464
10639, 186
29741, 635
12812, 205
2156, 410
39526, 478
21853, 310
27452, 465
12725, 460
20945, 555
3716, 550
35317, 446
29263, 695
28964, 157
7540, 159
30603, 522
27797, 56
25093, 569
14648, 104
18422, 217
39486, 282
29205, 349
12951, 426
17545, 601
534, 270
8002, 292
23142, 60
24891, 87
28220, 744
1994, 948
16215, 498
15998, 177
27072, 723
29166, 736
7614, 834
17903, 707
6798, 722
22427, 973
14438, 372
25693, 670
1572, 492
38792, 908
13430, 162
31244, 842
31855, 960
33492, 574
10489, 742
25144, 294
12803, 310
30787, 467
11418, 877
24898, 608
1862, 825
21197, 927
8487, 911
13009, 790
10550, 126
39217, 782
4398, 962
26423, 220
7424, 906
10943, 831
23985, 802
29140, 601
13003, 167
39123, 890
37081, 506
1166, 404
16796, 450
19409, 793
10455, 319
35894, 791
22275, 6
34235, 998
14178, 746
39090, 332
30396, 93
20870, 396
5680, 335
33747, 730
24718, 809
33838, 307
17660, 935
39204, 220
28605, 799
10086, 983
17221, 177
34673, 661
20327, 790
17424, 21
6983, 36
7474, 975
37374, 710
587, 992
7725, 532
29696, 104
27664, 172
7214, 821
17794, 311
37384, 444
6990, 339
11507, 567
39758, 237
17910, 282
26815, 93
19989, 531
23450, 722
25819, 987
7622, 72
14013, 142
14637, 512
13383, 30
9881, 543
37681, 362
38420, 172
5932, 759
36604, 539
4193, 162
12132, 733
11998, 673
30353, 334
27299, 976
18513, 103
588, 345
34854, 94
29641, 862
284, 580
39522, 791
8481, 78
16547, 373
15851, 910
11651, 559
7758, 317
6970, 226
33427, 522
24146, 872
31552, 338
27411, 466
16678, 775
6743, 253
17785, 265
12313, 421
23847, 685
8530, 204
39668, 997
39404, 572
5494, 486
18726, 512
37943, 37
12366, 679
21077, 394
34016, 766
24837, 120
39999, 540
12363, 188
16529, 971
29684, 857
13443, 967
25267, 879
16192, 513
20072, 777
5347, 846
5058, 168
33537, 389
39882, 967
4273, 998
15596, 941
38598, 713
10532, 347
32884, 372
11155, 534
29729, 431
35381, 165
18696, 614
3609, 573
8615, 211
25895, 940
7998, 806
19263, 449
24777, 681
33676, 469
23439, 41
31545, 344
22693, 365
17764, 266
12829, 278
25591, 521
6538, 338
13647, 451
10359, 335
35686, 201
2059, 606
20154, 448
11834, 679
10832, 367
34799, 427
32113, 997
8994, 408
33840, 567
30359, 765
11151, 752
8857, 807
1997, 570
33340, 462
37827, 450
25079, 193
19692, 3
10705, 496
35449, 432
16684, 601
30911, 371
22619, 312
31168, 77
27383, 792
38623, 815
20862, 434
39688, 915
17854, 418
39093, 276
27288, 53
21874, 515
2069, 823
19892, 425
29518, 681
23017, 500
36404, 771
1154, 316
16473, 14
7929, 774
7183, 547
14883, 315
11780, 203
33851, 205
7437, 727
33483, 926
31367, 877
13079, 925
31592, 664
1068, 639
9868, 309
39532, 555
38455, 954
1079, 239
4385, 571
3670, 348
26521, 568
17748, 667
6383, 362
12255, 494
14901, 915
31341, 895
9236, 833
19051, 284
11473, 852
11186, 1
25429, 772
2838, 895
19379, 422
38483, 503
18281, 137
15303, 50
5278, 67
31416, 939
30658, 690
5631, 648
3054, 289
24216, 642
27777, 581
14331, 47
9121, 833
3210, 985
3534, 56
34339, 620
36398, 733
23509, 778
25920, 471
14431, 836
32242, 776
1742, 811
18572, 79
1155, 193
20230, 121
9533, 962
34538, 39
34857, 177
31088, 140
12379, 221
37361, 986
31995, 616
14589, 130
32103, 92
26051, 897
22438, 770
16301, 922
20941, 559
10910, 629
10846, 44
22350, 786
1504, 912
5985, 599
13741, 669
6390, 68
20461, 116
2603, 691
28829, 754
34603, 62
19336, 179
26190, 199
32554, 543
24164, 647
22875, 521
16448, 734
38678, 223
24669, 62
641, 67
38869, 887
13166, 741
10623, 707
6054, 950
16068, 117
39071, 670
10712, 587
3329, 781
26283, 979
34293, 466
1549, 96
27579, 78
18601, 440
5265, 852
1113, 496
10016, 925
14865, 597
18476, 561
30275, 301
1027, 954
25446, 909
2839, 373
26159, 940
24005, 317
16724, 1
17977, 863
14011, 716
7053, 121
8387, 484
30196, 81
28595, 220
19501, 476
12417, 436
17149, 440
22771, 869
10920, 155
14680, 972
25089, 823
21691, 887
28052, 674
7700, 978
6173, 861
26424, 405
36055, 769
27184, 495
7855, 80
14630, 576
17075, 81
8108, 830
215, 353
6784, 764
9156, 515
3111, 359
9204, 857
23057, 820
13786, 65
21456, 499
17894, 315
2233, 814
33001, 301
27570, 974
32839, 25
32858, 212
15224, 721
3153, 132
30557, 866
28877, 770
30738, 648
23225, 837
29525, 391
38899, 317
36550, 87
4310, 75
34202, 802
29992, 962
21981, 473
22376, 707
39265, 764
22458, 905
36812, 722
37077, 663
1983, 862
35248, 720
1030, 604
39445, 235
39453, 668
19907, 561
19505, 443
5740, 225
10459, 339
22840, 333
36397, 589
34085, 327
33164, 599
34619, 650
15790, 480
24128, 796
8688, 530
9670, 325
33018, 543
37682, 15
25818, 452
27438, 101
18614, 603
11008, 97
35258, 321
22243, 440
26211, 877
14403, 941
7842, 691
30816, 25
27125, 657
3605, 845
4545, 294
17153, 528
13442, 183
14501, 682
20548, 759
34760, 483
30999, 268
22073, 33
38337, 766
39211, 705
9582, 90
8452, 682
24104, 105
21237, 278
19090, 434
26306, 99
37480, 69
15047, 805
33267, 63
29455, 289
18590, 839
30378, 126
37025, 683
11112, 189
18448, 46
23070, 553
9173, 769
7194, 76
39199, 944
19537, 417
1108, 172
33220, 237
24317, 984
37777, 314
25362, 998
22712, 591
13709, 109
13304, 570
17673, 503
26489, 892
28545, 816
24712, 449
19108, 483
575, 392
38799, 134
33435, 776
11899, 204
34518, 360
34943, 42
13297, 457
9017, 271
32320, 660
22358, 674
12358, 208
26986, 320
11715, 935
21866, 792
35513, 574
38613, 245
37286, 473
30776, 357
33243, 692
36135, 758
4777, 82
33996, 181
38545, 769
2394, 895
37822, 131
27610, 986
34039, 738
5689, 850
25529, 676
16393, 629
36462, 858
6323, 284
27335, 825
6346, 35
26759, 14
23282, 151
22362, 215
30806, 396
22464, 681
7611, 800
17091, 405
24500, 102
37308, 363
7217, 924
20033, 711
32507, 760
39110, 338
8786, 245
22216, 239
19659, 57
35322, 719
10315, 846
34337, 472
1455, 531
13535, 411
37154, 562
18880, 424
33230, 410
11991, 570
38964, 950
36326, 115
35979, 737
36485, 48
7300, 380
38540, 92
2835, 709
9887, 534
4904, 575
11164, 946
1346, 470
32199, 848
33878, 390
5848, 285
19306, 291
15474, 5
8165, 635
18762, 330
18466, 546
13435, 248
26505, 808
25611, 966
13913, 927
1084, 502
478, 605
33295, 877
8354, 333
15060, 792
28300, 526
15499, 339
20196, 431
15353, 844
4897, 446
4775, 521
18906, 533
10840, 910
5586, 967
26979, 263
30223, 285
23223, 69
24557, 718
28933, 479
18942, 258
8352, 161
25807, 89
36721, 278
28550, 697
3083, 277
14512, 803
39577, 664
37574, 399
327, 474
28611, 550
36948, 253
29198, 401
1440, 713
32586, 146
11845, 354
12050, 274
30025, 764
13571, 888
4927, 493
29436, 648
20565, 268
5420, 129
35042, 115
4390, 124
5669, 687
26718, 550
33066, 946
39836, 447
34115, 759
7186, 825
3002, 796
21570, 144
26376, 917
16196, 788
11868, 903
7006, 267
16059, 720
32394, 986
8634, 226
8023, 490
8900, 11
18132, 660
12273, 924
17026, 144
18785, 483
22869, 52
7541, 135
29351, 702
9186, 6
20235, 588
32707, 779
4232, 152
17587, 219
20650, 323
4188, 705
23567, 478
11470, 396
3417, 532
37205, 701
6372, 163
25271, 198
32204, 815
39939, 52
14822, 433
21126, 646
5383, 5
14881, 632
15593, 239
11169, 277
35540, 946
25430, 912
4546, 585
10378, 424
38286, 433
13403, 810
14327, 639
221, 612
23339, 113
30143, 507
22190, 349
30951, 232
31127, 404
30130, 513
37685, 60
13332, 4
31526, 761
2339, 743
6004, 954
21515, 615
39085, 833
12678, 367
66, 634
33734, 653
26297, 81
8203, 990
2662, 557
7753, 508
20671, 780
8105, 422
37724, 139
14574, 885
8546, 182
20848, 463
12568, 634
32005, 306
5373, 1
22484, 224
35351, 860
18223, 828
15116, 588
15175, 930
34193, 607
27887, 453
13931, 691
16687, 818
16038, 777
25067, 390
20825, 648
7598, 529
35661, 564
36049, 220
34347, 534
30868, 264
7204, 874
28509, 315
39925, 754
32041, 730
1187, 599
15825, 899
11562, 780
15948, 31
24025, 248
17617, 346
20143, 608
33353, 741
20661, 243
34460, 818
30271, 808
3976, 229
8476, 333
26781, 791
14696, 680
26558, 183
34125, 257
15157, 774
30483, 171
29404, 34
19887, 728
1191, 16
17421, 662
14676, 746
20116, 980
16615, 389
28131, 234
21389, 667
37496, 658
19424, 48
17667, 639
12902, 242
26895, 38
17480, 308
14085, 988
25678, 118
7358, 607
23860, 196
37500, 136
21540, 719
20038, 147
26203, 680
33816, 663
13006, 636
19700, 816
1947, 829
35983, 64
16056, 696
21050, 737
4533, 805
28724, 346
19430, 722
33920, 362
3582, 512
16532, 953
29596, 925
7233, 790
5581, 389
35291, 162
29323, 390
31327, 518
19940, 910
2286, 12
13898, 144
32162, 535
28761, 524
18157, 751
231, 938
22639, 74
1093, 100
2124, 886
20208, 15
32422, 466
16203, 649
14774, 688
18839, 470
13835, 882
8545, 463
765, 621
4234, 741
22327, 136
26504, 247
32067, 618
12992, 715
25990, 889
39690, 643
7760, 79
14207, 712
8379, 179
31229, 994
12460, 861
17358, 732
32166, 10
24634, 885
12495, 361
12966, 900
36308, 346
31339, 633
15313, 728
39520, 638
37665, 738
6846, 719
39613, 183
39719, 99
27093, 775
7425, 309
19855, 107
12834, 34
8278, 863
34729, 148
26783, 704
28011, 239
39106, 675
27147, 838
13767, 695
3831, 66
10432, 802
37572, 636
39456, 871
24997, 663
5687, 520
30011, 69
15518, 707
8088, 472
12403, 508
32915, 895
21710, 639
31564, 88
14446, 651
22284, 550
4639, 417
3765, 176
26477, 235
28181, 316
9876, 298
29946, 24
18745, 240
35003, 280
33155, 721
34381, 587
39378, 112
24588, 267
31950, 871
6049, 697
33551, 489
31894, 877
25791, 599
3761, 106
26, 356
30813, 856
1984, 832
16513, 653
34302, 572
33826, 251
3410, 186
22257, 873
35853, 611
7318, 260
8999, 275
34711, 673
12458, 547
14130, 696
29021, 153
11257, 992
7594, 701
38350, 884
15924, 236
30433, 17
37321, 687
21093, 7
15473, 902
19805, 661
18865, 745
997, 608
3958, 625
20692, 998
9660, 844
3933, 226
4455, 718
29060, 116
16557, 623
31121, 655
20587, 937
12728, 940
556, 487
17752, 532
32279, 356
5612, 946
1734, 208
26101, 25
36837, 108
15044, 462
3531, 257
6053, 111
20179, 113
39455, 740
27738, 83
18055, 344
14793, 207
33688, 893
37680, 860
29334, 708
32713, 658
16154, 6
34122, 425
2829, 416
37385, 203
5851, 142
16708, 186
6571, 784
21287, 278
21204, 657
32682, 636
10345, 995
10346, 634
330, 156
25530, 339
35605, 145
5106, 849
15458, 976
38782, 213
37099, 375
22743, 246
26937, 910
462, 396
23662, 815
39693, 783
9898, 824
32534, 828
31714, 285
13017, 367
31429, 578
24750, 894
25209, 953
18782, 775
1723, 654
39420, 311
39489, 606
37853, 49
28620, 777
5260, 92
35069, 9
30413, 555
897, 240
29381, 984
23456, 91
39398, 314
8931, 790
36787, 589
21756, 416
23141, 135
9448, 939
21465, 561
17629, 952
15541, 471
1605, 56
4492, 235
24962, 708
27474, 546
6114, 926
38435, 399
3295, 697
30518, 604
20674, 646
11453, 313
9603, 557
9668, 409
29202, 582
666, 114
35070, 285
26233, 552
32793, 864
11269, 262
10867, 929
6086, 718
13098, 391
32536, 540
3216, 297
16127, 573
19427, 439
34887, 560
20682, 233
23888, 55
21927, 85
18635, 208
16941, 801
10551, 37
27470, 322
25786, 226
38091, 937
12426, 300
16716, 677
25356, 288
24330, 825
19163, 752
6296, 989
29406, 300
1761, 692
13251, 292
10850, 520
13858, 305
18947, 700
21911, 833
14981, 277
17445, 580
35652, 598
9824, 718
37048, 645
29193, 409
4094, 631
32043, 6
8009, 616
274, 26
37116, 255
31159, 496
9470, 152
288, 137
22145, 692
3996, 937
3511, 240
27213, 158
23098, 738
15754, 580
37900, 459
18730, 272
2598, 255
31277, 113
32961, 145
7784, 425
6416, 560
30345, 992
14339, 473
36383, 376
10798, 351
197, 957
5188, 214
39896, 322
2102, 169
4991, 875
111, 22
29948, 43
1507, 573
24854, 627
6734, 148
24140, 888
33777, 234
2440, 446
21178, 619
3681, 352
32137, 2
25540, 307
35664, 992
27325, 265
5943, 380
37185, 225
6512, 665
38789, 150
25135, 831
26089, 198
3315, 296
39022, 180
17603, 932
33369, 918
32922, 399
25544, 577
32694, 80
29720, 195
36211, 41
1707, 154
27321, 297
33482, 818
6233, 494
22657, 326
31500, 533
11129, 179
21945, 983
3001, 697
38904, 955
6023, 732
34140, 450
24290, 143
13781, 631
22098, 819
11664, 338
1751, 909
24386, 700
18862, 920
10892, 168
23531, 481
10382, 265
39467, 726
16533, 680
7634, 918
24807, 609
23146, 52
20849, 268
29453, 977
23596, 723
11445, 822
31525, 450
11432, 134
3365, 730
36193, 545
11131, 309
1565, 489
31226, 323
22828, 882
6026, 973
23020, 399
19771, 501
18365, 757
307, 357
12848, 296
25464, 815
25048, 553
3299, 896
8410, 371
9595, 829
7532, 712
13743, 329
28924, 112
18112, 1000
1344, 884
23633, 708
19387, 175
11282, 956
28936, 217
19099, 797
33063, 871
29311, 778
32280, 256
26896, 507
8117, 503
12558, 514
18564, 630
11281, 729
684, 994
29751, 216
3484, 629
36647, 558
7529, 332
10036, 784
12918, 763
4337, 799
15866, 150
29409, 786
2130, 328
38261, 717
2962, 796
2371, 729
20652, 696
25857, 515
7258, 646
18041, 610
27713, 67
28537, 377
30190, 617
28389, 167
33619, 340
24829, 656
17601, 845
38484, 145
18727, 451
38351, 927
5126, 99
9346, 467
1200, 953
20336, 967
30444, 853
23365, 888
18760, 787
30686, 292
26674, 750
8270, 487
25427, 831
18290, 981
1902, 63
17479, 175
32243, 905
24038, 381
3832, 509
12206, 129
8639, 808
30302, 314
27415, 712
24448, 396
32727, 880
2098, 63
5043, 560
4107, 206
35543, 921
14337, 322
7919, 35
12357, 452
6046, 503
33765, 742
64, 681
28082, 26
11770, 500
36719, 247
15510, 572
9106, 206
27553, 461
9238, 376
30944, 298
33744, 382
18763, 882
31475, 60
35329, 627
35255, 545
10257, 780
4210, 171
35403, 230
36687, 589
1589, 349
35616, 326
8011, 753
33846, 534
17188, 394
27929, 259
31718, 979
23639, 865
30164, 33
4508, 961
3249, 543
4134, 726
16178, 513
17951, 898
7762, 191
3785, 871
10276, 628
6270, 280
29855, 475
25388, 975
8867, 694
8877, 592
19184, 751
14566, 544
8235, 673
24372, 740
9227, 512
26360, 918
12100, 390
32903, 160
11784, 803
12148, 966
24406, 668
13650, 632
26299, 913
24548, 186
26679, 362
17244, 306
23431, 239
36884, 231
4973, 593
18606, 748
4572, 550
36962, 191
15984, 259
26676, 185
24091, 170
2722, 772
3885, 469
29123, 786
30110, 852
36903, 924
7736, 2
27199, 369
8200, 328
6352, 549
32051, 275
38535, 937
28781, 884
16392, 188
7968, 383
10454, 597
1219, 992
2686, 414
39109, 480
33982, 327
4250, 683
7967, 919
12242, 801
12024, 190
39659, 359
22680, 695
36976, 617
22286, 607
11686, 469
21397, 208
39376, 783
37637, 249
10636, 812
24621, 269
28232, 529
30663, 437
16889, 68
4512, 452
8257, 581
20432, 722
28046, 850
9416, 597
37810, 389
13901, 581
11711, 193
9122, 243
22763, 874
1961, 314
27207, 952
3402, 654
27982, 76
36136, 192
28003, 518
17201, 964
20631, 140
6793, 12
14558, 487
30474, 472
32658, 698
31361, 946
19574, 529
27048, 127
30881, 541
2447, 377
10441, 496
4251, 526
26713, 884
32223, 184
3296, 727
15333, 890
15500, 359
34739, 572
21532, 53
4038, 923
18563, 499
31253, 556
15556, 387
39477, 103
35895, 452
22386, 790
24579, 492
4172, 703
13600, 322
31521, 81
12911, 424
23383, 748
19335, 810
26275, 724
3821, 687
17189, 285
19845, 2
36481, 919
16217, 451
7467, 437
3487, 459
39113, 972
38836, 463
2756, 416
9305, 717
25395, 724
13713, 240
724, 763
18517, 4
29118, 165
12587, 67
21978, 527
27517, 454
22881, 20
28200, 965
3729, 251
18367, 382
14428, 822
30679, 78
32828, 143
9615, 186
26882, 6
4944, 697
23257, 896
12601, 653
30185, 389
12588, 680
36257, 477
1400, 66
22935, 424
15854, 717
13377, 84
11319, 673
25019, 19
24374, 875
17022, 699
25296, 519
16357, 708
15425, 989
19562, 262
4868, 594
7936, 653
11587, 206
32062, 509
36795, 211
962, 619
17879, 447
20288, 307
25442, 933
9546, 381
36047, 38
22627, 855
19778, 213
25999, 50
3792, 123
20819, 430
6431, 780
17250, 455
34307, 314
27577, 632
11693, 470
36138, 849
25220, 624
38725, 419
26898, 316
6930, 420
10316, 281
33346, 904
10595, 149
12560, 326
9908, 434
11351, 511
30626, 209
4477, 774
18228, 114
33655, 525
10824, 770
21431, 474
5185, 378
9512, 879
31388, 46
17964, 763
37611, 148
1133, 15
35575, 48
14234, 985
24391, 45
28041, 309
6676, 445
2141, 747
28749, 357
28068, 424
15842, 899
30213, 57
10160, 963
9907, 723
29733, 406
34221, 919
17781, 891
33561, 595
13294, 250
20663, 725
30012, 532
1124, 829
27881, 341
22476, 911
9687, 152
26080, 741
36134, 969
32008, 724
22915, 797
28129, 450
35557, 403
28559, 166
21859, 780
17046, 369
22148, 385
15977, 326
17797, 31
13861, 685
3599, 438
2320, 675
8869, 966
29000, 831
8895, 138
34153, 457
10811, 812
23004, 736
21706, 758
20499, 378
15110, 35
38290, 693
39906, 359
25328, 796
24733, 524
29367, 935
12997, 14
24445, 296
9253, 541
14145, 412
7459, 280
9752, 987
27155, 292
18549, 961
39481, 892
5386, 115
15960, 756
3552, 956
35865, 550
17041, 872
26319, 469
22996, 638
21164, 222
30604, 293
34618, 424
2454, 125
395, 289
8312, 880
3711, 9
4222, 601
30070, 596
6342, 511
11217, 703
12244, 888
5306, 324
17723, 442
30516, 147
32829, 745
36575, 133
39272, 12
8882, 155
15663, 360
27955, 958
33163, 101
8451, 479
37158, 20
21350, 75
851, 40
18337, 760
6178, 379
15661, 441
28770, 369
23159, 237
317, 655
958, 939
16375, 509
22852, 200
29837, 143
34880, 286
4870, 433
27372, 416
16589, 657
3650, 353
26934, 938
9496, 331
35452, 168
6595, 568
35667, 317
7867, 955
22725, 107
25812, 136
19343, 318
2628, 262
39561, 438
20856, 622
38452, 710
37152, 728
15251, 698
15705, 520
27333, 225
1458, 129
12218, 544
19874, 5
6436, 579
13739, 35
23907, 945
32431, 261
25507, 605
33812, 890
36243, 22
313, 172
15284, 237
38508, 443
22846, 645
35201, 198
24462, 602
36219, 424
28078, 88
21137, 617
4229, 759
34905, 994
30104, 534
21273, 872
16909, 259
38791, 49
713, 799
7119, 469
2719, 615
36354, 964
26943, 935
37470, 998
18640, 535
15523, 388
27847, 916
37124, 820
33740, 8
26592, 787
24836, 590
5236, 9
14004, 982
36533, 741
8606, 933
3481, 561
25078, 99
38200, 998
30950, 765
35810, 507
13876, 353
6275, 937
36339, 27
8700, 572
20620, 178
26079, 333
10778, 1
15978, 925
22829, 323
29434, 830
20994, 158
8100, 534
21921, 425
17064, 339
28726, 661
8073, 487
27791, 276
27387, 392
5242, 730
3178, 303
33968, 382
26881, 442
20393, 662
15678, 269
14644, 889
7610, 660
16034, 399
34831, 909
6174, 636
31541, 272
23084, 885
26948, 597
4446, 629
39549, 212
9933, 401
29460, 639
23405, 145
12873, 332
34525, 618
8210, 823
37718, 316
18354, 835
13625, 62
7764, 426
9012, 967
9709, 824
25575, 209
20459, 646
17113, 811
16137, 446
12347, 581
30410, 653
13189, 703
3318, 768
17496, 369
4665, 274
18298, 220
32623, 678
35495, 456
34309, 243
3287, 412
27289, 220
6653, 65
5784, 257
29395, 245
921, 988
12183, 656
19383, 330
19721, 299
29402, 371
29146, 221
2072, 94
39618, 427
10759, 689
33189, 559
27004, 860
13524, 813
10468, 882
16171, 579
23921, 394
30723, 144
39995, 244
38997, 831
16092, 229
10682, 926
34059, 759
26131, 381
32512, 789
34623, 455
2336, 9
14770, 698
3934, 433
23781, 479
26530, 346
34269, 509
13505, 750
9265, 398
35279, 653
7671, 70
20704, 265
29722, 235
15566, 588
22572, 784
22147, 416
13483, 220
4202, 140
8740, 54
39326, 385
7020, 18
17787, 263
5555, 230
24090, 332
22569, 398
30340, 609
241, 405
38237, 909
30808, 17
39405, 696
27366, 240
14760, 725
5790, 983
5922, 467
10018, 549
32521, 450
28612, 163
12454, 647
37103, 405
12060, 540
25875, 132
2181, 989
36199, 750
2248, 638
6006, 763
22930, 410
10465, 740
34495, 465
12723, 378
7636, 389
38821, 461
23041, 866
27700, 653
2592, 744
31254, 23
8377, 267
14739, 542
18386, 545
8642, 530
24883, 935
35617, 222
2928, 152
18270, 6
23523, 260
7689, 777
12690, 579
39714, 731
17864, 841
20669, 8
14583, 143
2475, 815
18415, 38
18886, 345
7064, 431
23183, 301
12231, 743
11055, 500
2495, 21
17804, 923
14254, 390
35438, 903
32911, 966
20400, 46
18637, 268
9885, 738
11517, 119
15217, 15
10444, 740
24644, 928
30629, 921
39305, 256
9866, 658
24934, 942
35654, 455
10983, 84
27945, 250
20161, 927
24964, 200
21882, 735
23452, 726
7168, 573
1173, 676
38486, 525
32526, 127
18675, 106
19203, 73
4822, 429
1701, 453
24943, 488
8490, 160
31854, 631
21033, 282
21775, 499
9659, 849
38897, 584
26630, 396
19764, 97
15942, 947
38431, 195
24726, 235
15093, 285
8146, 522
6746, 673
2024, 737
25826, 916
29308, 691
38398, 867
28515, 492
7738, 165
16878, 642
12343, 411
26470, 65
21875, 364
30896, 779
23406, 725
17238, 157
35219, 542
35485, 133
11033, 870
11616, 212
38399, 44
9054, 56
9153, 824
33322, 174
19852, 664
38586, 145
38046, 941
8975, 366
9941, 986
29745, 333
9127, 216
691, 711
25820, 195
25111, 528
34406, 165
25590, 402
17870, 304
5785, 766
5316, 148
39858, 314
33768, 547
1328, 70
3882, 376
37698, 188
8237, 434
24073, 604
33101, 535
5598, 690
14166, 687
29601, 748
6623, 921
2405, 837
1658, 498
32375, 494
38382, 396
21928, 101
12824, 537
17383, 881
35935, 15
36341, 190
37238, 192
20046, 880
34462, 664
34637, 328
9467, 618
25044, 772
19623, 947
31299, 256
28437, 282
35133, 74
35521, 656
9033, 926
34628, 563
14012, 840
28645, 814
25746, 468
33970, 787
23042, 997
2708, 269
13859, 490
39734, 161
3967, 446
33877, 182
20667, 184
38561, 398
17437, 485
29988, 907
13108, 37
3120, 641
4395, 206
23274, 272
37397, 131
34906, 465
10794, 740
20387, 320
6107, 191
27489, 362
24419, 741
14781, 1000
19776, 475
34229, 34
30894, 776
32891, 312
4623, 804
16954, 498
34175, 430
31083, 469
7530, 382
36214, 703
9093, 360
14320, 177
19566, 530
36999, 494
38413, 412
32865, 816
21777, 217
27669, 508
1204, 593
21335, 110
9203, 167
7013, 609
15812, 667
19480, 209
3448, 353
7429, 88
36844, 563
10502, 897
30102, 408
5169, 619
21024, 786
39534, 665
1388, 809
31036, 231
38698, 840
9903, 440
8114, 103
16750, 810
19699, 712
36569, 120
34993, 248
34238, 415
81, 381
25300, 905
14295, 256
29626, 271
31951, 690
37941, 547
32494, 4
15726, 135
4481, 935
29567, 430
38889, 879
18441, 663
18670, 988
15747, 681
5995, 591
20102, 303
24773, 281
4743, 507
28212, 496
11190, 693
28031, 440
1450, 789
22632, 112
8806, 757
22449, 736
28579, 559
27432, 714
29936, 541
5274, 474
6329, 375
30803, 691
12278, 701
34160, 506
22007, 297
32437, 54
17657, 252
19176, 38
3624, 870
27126, 186
8659, 805
31219, 327
39619, 747
3301, 299
38097, 932
6299, 757
30498, 517
11030, 891
4098, 832
31681, 120
31056, 726
37364, 239
6563, 3
3063, 895
13969, 779
35928, 283
37774, 511
9075, 952
13102, 650
15933, 731
776, 849
23313, 898
8712, 875
19224, 971
34838, 757
17659, 941
31460, 659
7339, 47
4833, 46
37434, 815
33207, 106
12266, 714
38697, 522
19168, 198
7824, 79
5677, 231
13962, 132
16486, 484
30610, 435
7809, 667
4131, 937
20353, 795
37317, 530
10878, 835
24388, 350
37594, 199
11580, 136
25814, 385
2594, 402
14745, 264
17418, 299
24430, 931
11751, 802
27941, 556
11499, 825
34244, 393
12779, 854
32599, 442
17467, 903
34398, 565
12766, 113
1821, 29
36549, 409
28694, 907
33691, 43
9357, 409
9469, 644
24367, 213
3530, 623
14743, 333
27727, 393
23050, 909
19577, 836
17375, 573
27746, 90
32085, 480
36709, 382
18631, 591
32531, 869
8148, 729
39108, 28
14159, 946
17880, 84
16370, 87
4565, 521
32571, 674
22642, 257
27028, 101
6137, 949
26359, 525
4633, 194
5976, 614
1989, 556
26450, 878
18809, 431
33394, 659
7847, 398
16960, 169
39303, 849
5782, 994
27954, 349
26195, 328
22422, 440
22472, 179
37174, 759
18546, 483
6150, 511
25376, 786
984, 863
24410, 166
23059, 73
32477, 527
4344, 797
8477, 348
10442, 249
14741, 918
20345, 39
33831, 133
37661, 975
26430, 607
7853, 749
22025, 729
35265, 838
13829, 467
22923, 64
33905, 152
9193, 923
37394, 704
26163, 571
14894, 181
39147, 38
35956, 259
26953, 165
23666, 944
29632, 926
37508, 882
27518, 886
2547, 575
20346, 89
38885, 363
32874, 937
4012, 206
10296, 619
28715, 299
23471, 62
17303, 788
32390, 970
17937, 612
20207, 504
13038, 944
9231, 77
30818, 469
16719, 970
9725, 614
27696, 332
38223, 810
20775, 237
39015, 830
1353, 666
34190, 615
28583, 28
18502, 905
1210, 689
1930, 700
16564, 982
26305, 517
11057, 231
2357, 788
12631, 204
24877, 921
39815, 997
35423, 30
7608, 863
29098, 119
9057, 467
5776, 404
11785, 933
2008, 134
6811, 821
24331, 565
31098, 912
20528, 768
5752, 25
22722, 878
15319, 813
30045, 766
34771, 109
30111, 63
2048, 729
10265, 278
34497, 5
184, 537
5966, 778
18324, 352
13997, 5
872, 152
8784, 145
4288, 772
22186, 833
37725, 447
17827, 393
12827, 616
11874, 658
32683, 548
23573, 279
21772, 232
674, 612
27398, 778
39506, 993
3166, 14
29923, 841
3052, 379
10007, 638
13120, 453
27055, 782
39141, 803
11758, 223
36805, 56
18620, 736
39449, 858
36571, 632
14110, 992
4761, 851
29261, 457
20455, 517
4345, 296
1793, 858
31005, 985
18584, 328
37911, 887
19908, 710
39126, 45
15365, 138
6106, 46
5365, 372
3758, 148
2875, 409
11675, 999
24109, 347
3784, 457
16813, 107
22221, 609
29942, 732
25017, 128
7726, 175
3165, 709
19958, 135
33485, 586
4307, 631
18927, 380
22980, 299
10097, 25
33418, 359
7789, 647
13881, 144
15914, 201
21464, 482
19092, 531
39135, 783
34951, 977
33197, 312
36080, 632
16069, 937
28349, 78
7368, 142
7628, 616
27879, 632
23285, 533
23126, 122
26581, 529
12395, 795
30655, 319
19467, 358
9490, 326
36017, 393
34091, 565
25263, 130
8378, 636
12451, 914
34740, 405
13731, 214
19292, 861
39020, 963
11795, 610
20549, 441
3152, 313
37559, 659
28565, 432
10350, 600
836, 873
23507, 776
28764, 380
39902, 792
15019, 700
38712, 619
32173, 878
1454, 792
12326, 963
10673, 391
15542, 348
25090, 400
34656, 321
32605, 847
15137, 816
18102, 311
3786, 391
1045, 125
27952, 704
5886, 960
38307, 254
31878, 504
38972, 749
6463, 631
18520, 971
31462, 147
33425, 390
7235, 313
19672, 923
22683, 198
39655, 390
39200, 603
32087, 162
13675, 973
26331, 183
9720, 781
11860, 174
14340, 957
31183, 883
23490, 281
26992, 66
38173, 477
28357, 712
23369, 76
1747, 795
30624, 221
3877, 973
18210, 541
8307, 523
36554, 691
30390, 976
21538, 28
29845, 239
38579, 389
37373, 739
23813, 554
35684, 877
11140, 675
24547, 555
1040, 735
34469, 852
1360, 131
38757, 416
5585, 912
20312, 792
2268, 703
30347, 52
22050, 937
12371, 58
19928, 655
1921, 839
9511, 761
6933, 609
34909, 705
39115, 946
35847, 99
23615, 496
2964, 202
33180, 920
7179, 107
30083, 995
15250, 251
26420, 811
23787, 288
4203, 391
23653, 553
3574, 278
26547, 135
25927, 834
31716, 30
26179, 563
32630, 843
20990, 344
30421, 126
38316, 429
37727, 958
7653, 118
9816, 20
17259, 122
29597, 770
17833, 745
28980, 981
3600, 864
26408, 124
26189, 619
30309, 763
33713, 582
21201, 325
11106, 155
5760, 105
12, 626
7374, 552
31965, 306
18327, 430
21148, 53
17898, 68
39889, 166
25422, 282
26044, 636
33508, 12
12955, 585
39778, 164
22997, 547
25291, 421
11328, 558
36949, 678
27560, 920
35705, 658
39314, 581
19009, 323
19619, 267
30145, 166
6171, 489
13936, 294
16871, 853
8923, 13
9233, 824
29730, 330
21012, 887
18759, 669
5097, 834
19837, 811
14469, 636
15320, 958
10749, 39
20311, 253
18107, 546
14724, 286
13611, 943
24258, 484
19210, 923
21762, 833
9056, 899
25063, 690
14326, 111
29430, 836
29533, 47
3962, 50
32389, 747
29444, 202
9229, 110
3843, 528
26879, 774
26768, 395
3549, 730
32147, 726
20507, 865
37146, 819
31081, 31
4867, 957
28096, 803
25928, 215
36746, 573
16514, 762
33121, 595
34864, 565
37132, 742
21344, 676
24643, 341
7308, 296
29935, 958
14298, 775
38165, 558
18172, 729
26939, 832
10422, 624
23571, 806
16309, 570
38773, 17
8964, 337
28792, 82
17525, 737
5284, 398
30174, 160
7978, 927
18113, 44
11605, 563
9992, 234
21110, 473
16491, 412
25342, 546
11003, 653
21943, 748
11067, 638
17059, 480
27645, 702
5923, 196
1551, 689
5660, 777
4640, 850
11016, 430
15983, 244
5214, 368
23638, 924
28023, 331
18256, 312
16140, 462
39741, 707
27095, 177
647, 15
21353, 536
32805, 931
25976, 670
12316, 152
6802, 215
21505, 469
32271, 692
25134, 877
16026, 209
14663, 282
10453, 888
3275, 148
19817, 957
26897, 362
12855, 608
22559, 989
18825, 643
25741, 406
12600, 502
25478, 593
20000, 0
6828, 594
27873, 14
20521, 920
1650, 988
5336, 675
36985, 603
34354, 945
39547, 629
35657, 346
29771, 452
38298, 885
4528, 387
35445, 785
11513, 622
12621, 355
19651, 33
12499, 370
39852, 298
30933, 974
26205, 809
8128, 217
28613, 625
4793, 658
13278, 348
38878, 691
16853, 477
5321, 169
38842, 744
10475, 479
26244, 675
37770, 26
14098, 558
33868, 922
6425, 559
4599, 759
35038, 757
22323, 131
16179, 783
19633, 734
30147, 189
7133, 352
31730, 62
9501, 534
31314, 211
25642, 890
36860, 891
5402, 730
29791, 408
39370, 446
25318, 387
4242, 329
37228, 363
3787, 366
2073, 41
21394, 527
26440, 887
39214, 711
3718, 656
27567, 461
36874, 858
3327, 825
5930, 662
9255, 14
3870, 147
4883, 778
35926, 411
21659, 780
12757, 533
4485, 899
35813, 439
3021, 800
4673, 558
14522, 993
18962, 442
25087, 905
21668, 780
37604, 61
21429, 208
8710, 412
15800, 384
12222, 741
32148, 810
28125, 254
5626, 60
24761, 145
6600, 598
19547, 615
2170, 701
18380, 360
35105, 652
9890, 527
390, 508
23113, 909
13258, 39
35947, 799
3698, 430
5697, 245
34705, 187
30532, 383
12780, 566
39259, 205
17388, 925
7903, 951
13673, 641
24539, 206
28602, 702
39814, 849
11419, 46
39142, 887
38149, 205
1616, 752
23132, 31
17316, 434
6414, 150
17511, 972
36525, 478
31963, 536
1347, 65
23792, 1
37655, 738
33065, 307
39450, 444
4576, 612
22979, 814
2115, 496
31958, 963
4643, 371
27566, 619
31587, 395
31711, 443
5719, 819
3188, 762
1503, 520
14385, 428
10429, 535
21594, 632
33327, 122
16815, 159
8346, 67
3076, 621
14540, 309
468, 823
19729, 378
10009, 974
15803, 164
19332, 466
5816, 552
29744, 583
14868, 554
26020, 581
1225, 247
6430, 174
1575, 148
17725, 218
18429, 873
15225, 79
37871, 387
36419, 422
18630, 202
1608, 216
22876, 436
30078, 206
39120, 981
31292, 886
652, 405
9897, 242
21356, 121
36541, 481
20799, 276
22716, 869
28662, 377
10353, 708
16498, 43
32382, 573
3694, 872
10941, 61
23939, 505
27804, 226
26873, 184
15478, 1000
37861, 777
4683, 329
36120, 457
7601, 268
18178, 883
6635, 368
28793, 785
13891, 737
34983, 472
18629, 720
22451, 42
17956, 481
15617, 773
10677, 182
21324, 612
33730, 420
10102, 456
37730, 767
2865, 289
15703, 431
5028, 396
14732, 562
11904, 444
662, 963
37035, 100
21059, 340
2209, 357
35900, 963
16479, 693
15714, 166
2152, 168
11957, 741
27671, 347
22200, 599
38325, 421
5771, 976
11, 706
33715, 756
14102, 471
6081, 136
5202, 415
2677, 261
3147, 594
16766, 962
35393, 742
22082, 77
22418, 573
31448, 439
22055, 94
32835, 178
8571, 836
849, 743
31464, 407
10513, 970
7426, 844
11933, 432
22565, 320
39625, 318
7988, 909
32186, 839
19330, 633
5640, 699
112, 186
37743, 477
9370, 439
29090, 44
20318, 206
9940, 601
15819, 743
37599, 188
29736, 430
28214, 490
1789, 968
8859, 556
4797, 306
21286, 434
39004, 344
16252, 540
1267, 103
32100, 677
28570, 515
29419, 23
14246, 570
15202, 703
29530, 637
2046, 767
7823, 471
33862, 288
23619, 843
13062, 272
539, 615
24094, 141
20656, 217
33601, 708
20714, 770
6904, 533
3333, 529
4093, 368
6110, 99
23205, 676
25088, 51
35938, 209
35411, 750
2897, 928
9851, 390
7801, 423
23969, 905
3538, 756
6536, 43
28912, 690
28797, 554
34767, 786
21039, 267
2222, 217
18187, 783
26524, 354
8917, 342
32692, 571
17425, 868
20487, 357
12649, 840
38414, 605
38142, 46
15491, 340
11241, 685
26651, 285
18535, 830
35369, 93
18058, 449
26280, 111
2965, 663
33088, 21
24584, 353
32064, 36
29485, 158
27000, 769
29858, 33
13679, 521
2484, 69
20984, 13
35010, 437
24859, 855
26443, 131
14228, 544
34566, 142
34718, 190
28966, 249
2261, 558
22183, 241
28094, 998
22294, 689
24165, 387
8932, 312
25582, 495
8187, 256
24187, 669
5191, 527
33374, 992
21182, 657
29466, 794
30229, 534
14175, 653
38477, 146
39785, 481
39459, 569
39681, 893
35353, 972
39710, 660
35757, 549
37227, 877
32337, 228
32714, 112
15032, 323
7259, 301
30289, 418
12550, 383
6909, 286
27487, 6
32830, 20
20216, 877
36300, 455
21355, 343
5911, 440
27444, 986
34357, 561
3500, 759
31062, 308
23586, 379
22784, 371
19323, 67
37440, 862
10203, 397
14759, 421
5167, 740
6914, 79
1373, 655
15177, 548
19992, 674
14987, 416
4981, 434
30351, 884
22962, 32
9038, 81
3750, 185
31447, 955
1979, 771
19691, 376
21293, 660
6835, 884
17301, 305
1472, 100
26640, 215
16949, 769
3, 108
13889, 535
1340, 211
22854, 183
25269, 519
20874, 15
38845, 542
9234, 41
10894, 19
26631, 231
24478, 52
36509, 102
13154, 903
346, 1000
3568, 963
12893, 808
24694, 16
38877, 301
13426, 847
2936, 287
37489, 959
11109, 288
9592, 652
34701, 991
20797, 5
34791, 820
17533, 852
25758, 412
13338, 827
37075, 505
10993, 975
8980, 959
22119, 795
27814, 710
2841, 718
12598, 341
36190, 738
31646, 144
8311, 458
32108, 28
27643, 764
32228, 870
5837, 570
16779, 812
17393, 37
454, 665
25703, 786
32511, 530
36507, 231
3576, 816
28879, 244
10851, 571
23247, 877
13795, 251
10808, 221
4065, 754
4204, 628
29144, 942
23316, 830
13999, 653
3630, 359
27201, 733
29835, 314
29012, 409
32991, 849
15532, 345
28507, 80
21029, 496
15357, 219
24914, 264
39031, 715
36889, 19
3164, 957
2424, 793
18959, 145
10298, 403
21215, 145
30960, 50
36233, 325
13820, 358
1149, 896
18273, 265
20841, 900
20051, 108
18844, 639
24113, 650
18913, 625
24508, 28
25036, 59
11384, 520
4849, 118
32408, 742
11597, 59
17847, 293
7546, 681
9354, 964
29910, 391
27690, 404
17656, 794
21893, 406
30772, 339
8106, 105
31309, 657
27883, 631
27458, 457
16045, 600
4319, 161
26601, 707
22544, 272
2954, 673
8000, 538
20310, 868
12672, 735
3416, 805
39206, 1000
20834, 573
25035, 940
608, 854
23268, 351
24876, 1
18918, 602
31709, 507
38157, 163
28252, 791
14779, 921
29573, 916
20489, 808
26932, 927
38022, 545
15955, 25
26843, 948
34226, 659
14218, 578
4798, 471
19607, 183
28728, 146
10666, 335
10833, 273
22553, 333
28688, 441
35855, 833
29891, 0
8812, 141
25119, 33
5393, 739
722, 498
34216, 127
16099, 672
32284, 47
28016, 773
39165, 913
10745, 52
34034, 87
34343, 910
8185, 538
8365, 270
32781, 249
33679, 340
29227, 923
8814, 475
26128, 375
38347, 406
17356, 82
18341, 876
13269, 255
25601, 113
29990, 685
16886, 516
8622, 129
25940, 906
4734, 354
6774, 826
21171, 286
15221, 517
25965, 668
38353, 27
32099, 313
39430, 994
19253, 723
14878, 677
34560, 538
37520, 535
8347, 110
21752, 497
22178, 499
11063, 646
9766, 467
2666, 948
19988, 187
12350, 525
39216, 72
2635, 777
11687, 683
14161, 648
4339, 131
9449, 978
12096, 265
18471, 536
32050, 106
19310, 681
3449, 55
17399, 973
38460, 984
27339, 649
7272, 991
39753, 449
20493, 145
1088, 953
18139, 863
21255, 56
6333, 412
35626, 950
22879, 359
31993, 751
20224, 768
17557, 576
2348, 82
3539, 748
28155, 568
23138, 890
8288, 249
31275, 704
13000, 263
29250, 605
27088, 947
10480, 707
24724, 884
23461, 712
17416, 812
35222, 721
11302, 149
16836, 188
20276, 333
11621, 269
37982, 696
27365, 992
2798, 819
36007, 244
15209, 94
35632, 844
16566, 732
25489, 832
8057, 478
20301, 361
8681, 560
2416, 306
26556, 200
11356, 466
7880, 762
6942, 833
30026, 114
4173, 198
20559, 255
19350, 331
33552, 324
33156, 725
3712, 381
16073, 650
31021, 319
11789, 597
38771, 998
4420, 929
4509, 275
3357, 44
16472, 386
5424, 29
39767, 829
3311, 768
22188, 807
35839, 626
4900, 116
39240, 135
32203, 475
27759, 575
27221, 328
558, 340
21412, 970
15881, 778
17355, 543
7932, 743
4504, 668
410, 162
24615, 33
9590, 330
14782, 869
38978, 340
9737, 102
6866, 565
20193, 143
28818, 927
12461, 539
11357, 771
22085, 703
32385, 110
5415, 497
29368, 190
19830, 581
6949, 807
24378, 635
30996, 187
34749, 241
2058, 269
18981, 308
31910, 254
4397, 117
2661, 663
22062, 760
26194, 413
32540, 789
31799, 812
12648, 422
23213, 444
7321, 668
32695, 377
32837, 646
38584, 722
21203, 324
561, 679
20029, 941
13357, 225
25643, 862
27473, 99
10597, 831
29167, 85
9427, 915
32564, 756
8630, 850
37818, 760
32882, 491
11194, 272
24518, 234
2439, 230
23651, 573
474, 865
15979, 52
1854, 231
36375, 891
30976, 583
2998, 757
14353, 873
30377, 54
39874, 213
36208, 754
6336, 272
19884, 836
22589, 440
19551, 658
16261, 691
17582, 226
18428, 41
4692, 1000
18510, 996
22240, 372
6100, 319
1721, 79
8627, 278
7135, 724
20134, 837
38057, 599
24006, 290
28302, 426
23327, 473
2710, 456
36342, 971
29759, 29
34093, 110
31063, 963
36501, 91
13960, 234
35556, 202
15020, 427
29701, 312
28039, 644
21900, 329
27313, 475
7088, 126
15713, 187
27103, 223
8010, 436
12574, 329
7695, 224
19536, 604
10581, 403
29068, 572
33389, 980
38766, 907
21236, 354
28811, 589
29062, 528
15434, 280
8139, 90
9742, 247
14877, 638
16648, 839
727, 198
29, 779
16377, 476
4919, 926
16579, 997
2461, 259
11705, 56
29795, 240
24922, 271
9680, 151
21191, 744
7079, 988
19481, 283
4679, 307
24730, 210
9477, 445
27344, 265
19065, 495
21152, 601
36370, 27
20908, 356
7251, 108
29508, 199
27920, 506
15484, 378
17720, 89
27205, 833
26553, 554
29242, 165
36503, 296
15354, 851
11279, 648
12043, 339
9610, 325
39403, 819
15675, 446
34231, 814
23712, 824
1215, 211
6719, 59
13334, 444
37176, 109
7513, 910
1248, 502
972, 162
16654, 577
9839, 599
14588, 945
38268, 291
11136, 671
19396, 419
8733, 717
28633, 824
2252, 426
24277, 220
2399, 405
23259, 738
3679, 148
11808, 714
876, 342
3876, 686
28274, 31
1355, 728
25958, 293
3085, 87
37208, 845
17583, 807
31192, 613
22809, 419
36175, 338
19101, 550
30672, 78
35324, 755
31570, 204
32153, 6
12799, 194
2056, 118
21831, 362
1910, 520
19906, 201
28675, 578
9025, 106
4182, 375
8680, 91
568, 998
353, 13
835, 501
8802, 477
18246, 938
387, 696
13175, 90
6505, 344
1002, 274
4096, 712
4950, 937
38269, 815
16786, 100
35078, 339
15808, 555
26140, 323
32363, 516
8164, 20
19680, 340
37160, 419
8604, 404
26933, 18
27845, 739
10703, 607
19251, 918
17507, 492
1302, 609
29689, 15
12087, 585
13698, 86
37363, 740
2779, 788
25123, 418
5311, 82
39083, 438
24982, 768
25915, 139
12384, 435
6918, 453
7735, 208
750, 634
27562, 267
31386, 557
14342, 304
14041, 899
23537, 169
28267, 753
15626, 688
12239, 891
34764, 753
28951, 318
16918, 258
3039, 249
14231, 166
17709, 916
28272, 293
24886, 877
18600, 787
30293, 917
10590, 98
2956, 422
26855, 253
6195, 94
17124, 454
21348, 588
37315, 718
10885, 109
10297, 117
7008, 158
25501, 424
36463, 927
25068, 863
37401, 166
8372, 347
13570, 402
7202, 560
39225, 921
4645, 466
27863, 137
38208, 362
22789, 824
39454, 882
9112, 221
14194, 155
38822, 802
8846, 92
13566, 918
15188, 288
36362, 808
33867, 937
35388, 760
30296, 746
23112, 593
10801, 755
1975, 386
17585, 691
2984, 299
32624, 730
37396, 591
16404, 801
26550, 408
36097, 492
22434, 415
36697, 717
37253, 356
13487, 7
7041, 496
36283, 170
16772, 733
23800, 185
914, 341
16643, 483
21381, 618
31236, 152
11850, 202
29671, 45
21372, 433
35260, 537
1943, 968
20282, 376
8878, 809
16992, 93
30349, 130
7313, 898
22839, 254
8760, 565
9071, 875
18361, 907
4595, 160
38846, 66
37590, 166
15199, 681
30507, 280
16012, 29
4766, 930
10238, 663
13771, 918
24975, 702
24125, 330
20532, 633
8561, 84
27399, 57
19197, 307
1683, 140
24083, 863
12286, 508
27422, 883
22575, 717
22672, 967
12115, 543
28713, 863
8129, 559
16153, 267
24926, 341
11139, 227
33454, 344
30592, 955
1861, 958
784, 188
36346, 198
498, 478
1602, 400
30284, 326
6373, 205
14968, 232
32758, 727
39158, 317
7255, 870
16777, 116
22698, 879
19812, 342
14317, 294
19863, 588
22825, 635
14474, 23
20083, 965
5116, 172
14220, 291
14290, 621
5423, 335
19165, 350
18277, 450
34967, 501
2464, 377
23013, 63
35531, 163
20451, 518
416, 990
7686, 164
20568, 35
1901, 998
30865, 407
402, 642
20780, 803
17067, 238
20930, 259
29141, 438
10574, 838
1868, 530
18439, 193
4280, 505
39508, 117
16226, 438
30355, 884
32165, 39
33133, 303
39527, 641
11142, 807
1321, 183
4042, 571
7219, 453
26965, 449
8038, 656
12860, 424
3634, 359
33975, 326
9284, 364
4961, 770
36695, 350
20700, 119
13506, 476
15118, 404
38038, 610
17696, 653
21261, 537
31823, 546
39061, 336
9911, 787
15904, 666
15793, 180
37330, 565
9182, 33
14292, 602
254, 934
4975, 997
28133, 241
22320, 95
20232, 950
31451, 90
33487, 997
5291, 24
25061, 818
21265, 416
11528, 924
17644, 881
5361, 669
14142, 750
17741, 651
21661, 361
1680, 243
33392, 337
19373, 133
21965, 875
33111, 27
27063, 110
13155, 275
11997, 66
24496, 35
26528, 466
12948, 372
25514, 135
16397, 605
21628, 789
1749, 742
18027, 6
18115, 35
24866, 72
3823, 60
37848, 334
37542, 556
9248, 407
18137, 143
35266, 643
6273, 434
7718, 960
31333, 65
21125, 937
17252, 950
13152, 560
21862, 605
19943, 532
14486, 655
21702, 37
35715, 281
14155, 266
6091, 640
7564, 217
30050, 92
2163, 957
13794, 668
39439, 740
27363, 718
5603, 926
12666, 527
9039, 139
17856, 947
1627, 75
26905, 329
29947, 725
17517, 412
20979, 723
4984, 135
25659, 465
14059, 809
20916, 481
16805, 752
24248, 534
1235, 972
11788, 600
18085, 328
26025, 784
31151, 660
12682, 850
38926, 213
11128, 213
32266, 722
38866, 210
18185, 537
8375, 226
29697, 202
9836, 893
39447, 242
31204, 417
1962, 640
21361, 773
14800, 659
2477, 397
32109, 229
25070, 660
29578, 591
9641, 687
6011, 750
2311, 150
36828, 268
5865, 714
3652, 565
31670, 264
4880, 771
9690, 268
9287, 648
8871, 300
13117, 434
29328, 251
20649, 36
18982, 838
17682, 588
35773, 99
7629, 669
30707, 130
37162, 579
23871, 740
27430, 390
21629, 114
14815, 487
6263, 759
6413, 69
18233, 66
29985, 542
29386, 180
386, 712
25967, 429
5198, 588
31860, 694
15724, 108
17592, 365
10357, 96
30052, 439
29110, 470
27564, 10
11437, 214
2724, 289
22603, 480
26009, 389
13787, 192
475, 103
2988, 967
15525, 515
12989, 586
21722, 137
26472, 247
17766, 630
21547, 189
21502, 730
28894, 247
18664, 886
16694, 799
1783, 233
21068, 51
24112, 590
32518, 752
17736, 683
28553, 472
10287, 810
34074, 224
473, 629
3475, 435
29826, 37
9373, 794
13491, 34
25884, 855
39317, 700
7724, 944
14601, 404
31758, 438
22714, 607
12433, 829
8959, 585
17641, 163
33978, 451
30562, 473
39017, 241
32128, 962
15820, 443
33110, 562
33460, 743
10439, 53
26522, 227
18065, 31
2319, 513
7719, 277
11326, 41
8469, 163
6708, 935
383, 596
15014, 721
39912, 130
36371, 907
36008, 997
31284, 227
17547, 366
34228, 464
5302, 741
17243, 924
9005, 751
33663, 156
21603, 874
26250, 822
11336, 395
6260, 780
19326, 296
33154, 976
6852, 713
13877, 735
14752, 633
39780, 222
19416, 717
36859, 164
17883, 99
5206, 712
6566, 180
1345, 481
6478, 493
21256, 986
29109, 213
2727, 73
39679, 390
36538, 901
19535, 807
271, 616
14792, 233
11783, 914
36177, 587
8202, 5
14789, 426
488, 972
22019, 625
7389, 499
39371, 252
18597, 820
26454, 714
39566, 611
1119, 101
32602, 705
25249, 903
27293, 475
35918, 998
13785, 746
26548, 239
22314, 955
17935, 691
37785, 672
38994, 964
20464, 488
28206, 884
11034, 905
12005, 167
28425, 543
24218, 436
21064, 845
38948, 481
5187, 791
38515, 642
12650, 202
12556, 320
10996, 301
22165, 691
35012, 687
32626, 484
39994, 920
11245, 419
21026, 780
25802, 435
9108, 311
1432, 477
13244, 748
15196, 104
13569, 996
36425, 373
29783, 445
1249, 747
11322, 913
18159, 347
20495, 196
18395, 499
27999, 566
25877, 219
13369, 936
6568, 797
36500, 895
21221, 536
11051, 805
32807, 780
4823, 730
12608, 362
290, 857
32577, 733
39791, 837
10635, 61
14500, 937
29832, 914
18050, 314
15951, 69
7438, 535
786, 509
4851, 482
7838, 391
15608, 32
5155, 44
13500, 37
29834, 722
34121, 412
24337, 686
2361, 677
16784, 338
29120, 664
20126, 104
1626, 8
24714, 856
4718, 873
19461, 963
28245, 251
28043, 235
21634, 325
6978, 794
23673, 616
28699, 181
29055, 290
38100, 759
37251, 669
16461, 814
31761, 875
7577, 695
12009, 319
24594, 542
20560, 573
11982, 447
24719, 34
13663, 971
9292, 449
8750, 643
7106, 546
28306, 858
12078, 389
31683, 272
374, 725
16321, 414
667, 739
287, 497
2421, 526
30394, 321
4832, 370
13425, 830
34003, 576
39059, 830
14802, 969
23572, 13
36607, 424
21869, 203
20722, 784
3515, 688
22633, 164
34806, 440
34141, 883
34602, 11
27532, 245
12333, 233
606, 244
37517, 60
14333, 985
38528, 413
39446, 972
13340, 225
12760, 942
23942, 974
9274, 983
32590, 816
2939, 374
8911, 605
25721, 581
14979, 853
22555, 827
28956, 732
8590, 1
6637, 591
34232, 935
39267, 96
23293, 323
31606, 859
29356, 281
22917, 179
18876, 327
28390, 583
11690, 326
8215, 445
36563, 426
10512, 772
11832, 405
30017, 242
33641, 347
10936, 460
11205, 920
34638, 604
32216, 330
5337, 576
20686, 112
11890, 848
12878, 246
5068, 658
24986, 779
36754, 890
14020, 637
38652, 17
39633, 297
24207, 317
27305, 997
6068, 802
17352, 441
14949, 89
6041, 999
6020, 949
19378, 312
5961, 709
9174, 509
39100, 803
25081, 464
6645, 80
3334, 197
32893, 754
34836, 788
35850, 459
7252, 543
37202, 53
37454, 269
25754, 707
2362, 751
22916, 879
39886, 157
24303, 432
39959, 361
18267, 705
10503, 141
29977, 262
25065, 640
35139, 30
39028, 796
27672, 952
1625, 241
17208, 990
27846, 840
1573, 286
15351, 364
1855, 832
4788, 319
27508, 38
26056, 574
9140, 801
16002, 728
31122, 816
28802, 443
28433, 465
22279, 121
15982, 683
36084, 411
38283, 78
37510, 302
29276, 838
23689, 10
32210, 517
9143, 850
23331, 734
3431, 636
10847, 898
36025, 559
17100, 198
8724, 818
21332, 69
37658, 652
9049, 830
20544, 482
119, 306
18810, 185
36468, 970
1974, 605
36041, 721
24275, 844
25153, 261
12241, 686
27966, 533
38256, 106
5061, 396
1576, 902
23730, 76
17394, 73
31304, 828
37096, 659
15094, 68
30324, 123
35136, 654
32954, 644
20239, 68
6699, 964
32928, 936
18835, 560
6381, 268
23184, 177
11199, 921
33190, 953
37169, 300
39895, 137
25649, 319
35140, 914
22479, 936
20601, 372
1393, 642
29514, 872
6881, 499
5345, 366
22480, 323
33793, 398
13141, 314
37940, 163
1792, 787
18195, 866
25989, 692
17488, 48
19465, 657
38802, 913
6834, 330
20347, 681
32317, 765
25561, 739
22033, 245
20005, 218
18015, 540
26957, 486
8005, 619
11433, 242
32778, 399
19955, 581
24057, 762
24778, 260
6843, 110
10588, 329
38064, 96
38860, 870
23522, 552
17933, 130
21584, 507
22346, 104
7954, 78
19688, 391
19088, 964
6161, 567
39612, 434
17374, 120
1092, 78
4597, 393
23659, 315
26357, 188
23489, 790
20960, 229
7741, 795
12068, 614
21426, 489
5475, 802
11387, 429
36133, 217
39352, 316
31221, 313
9011, 350
4554, 264
25504, 954
34674, 971
29396, 272
34727, 705
23943, 836
20597, 248
845, 166
24849, 107
18716, 18
33270, 217
5012, 702
9064, 532
22154, 394
16389, 557
23494, 61
35603, 267
23258, 204
39672, 397
32353, 61
4338, 894
21043, 350
14568, 128
20433, 582
5607, 135
1988, 375
8841, 109
25635, 129
37056, 151
18202, 553
23518, 315
31358, 710
14391, 588
22658, 307
37824, 425
35013, 253
3889, 144
38879, 500
21295, 185
16388, 493
12184, 551
5056, 442
14720, 73
22259, 11
13734, 809
12525, 816
13413, 480
11629, 344
6488, 138
12747, 698
16228, 348
26053, 269
10084, 358
11522, 800
11583, 841
13818, 244
30717, 198
23768, 206
6763, 744
29945, 752
21096, 874
91, 292
19890, 13
4074, 425
11147, 423
23709, 919
21334, 252
2790, 882
3931, 936
35150, 733
18241, 137
22171, 227
38239, 231
32513, 913
9129, 511
15926, 208
24522, 606
2937, 208
11313, 727
22851, 237
31423, 852
2478, 653
24574, 479
27042, 161
24558, 32
28350, 903
24071, 877
6033, 381
27394, 716
16011, 154
10743, 514
17343, 789
3380, 90
16227, 60
6937, 954
18708, 190
4739, 401
2960, 80
15337, 553
9418, 305
14691, 226
31075, 6
3404, 195
4693, 344
13661, 207
14139, 967
19275, 573
401, 810
8631, 223
12416, 911
27499, 57
33945, 174
13179, 79
1471, 32
16606, 229
39725, 137
38016, 764
39692, 782
26994, 377
11700, 545
10336, 361
42, 386
4313, 701
23100, 583
7942, 168
21645, 478
29762, 843
7205, 918
37648, 175
7500, 753
2945, 367
19229, 319
10799, 556
12510, 564
39354, 757
21837, 297
23608, 33
32612, 602
18877, 777
8984, 510
11334, 353
13354, 28
16919, 68
32182, 810
28148, 456
26840, 791
22729, 242
26458, 384
30687, 844
1159, 856
15393, 529
7381, 358
13065, 96
6702, 464
4162, 792
38572, 382
3513, 127
4802, 668
23564, 907
816, 530
3968, 421
16707, 825
27465, 946
15710, 94
8868, 916
17918, 209
38775, 592
29673, 290
17730, 813
16051, 952
8517, 581
34777, 323
33800, 79
37992, 232
16948, 670
20999, 73
38031, 700
32900, 19
17038, 902
23859, 265
23269, 898
35870, 582
10731, 888
16161, 605
23128, 906
13407, 622
833, 747
8364, 25
28112, 643
32438, 583
15540, 267
32247, 435
26858, 103
14672, 117
28755, 271
24748, 655
32693, 152
18389, 841
39770, 247
9457, 7
273, 408
21367, 346
28955, 916
26907, 907
21102, 140
28774, 492
9967, 136
5854, 113
33976, 286
13325, 269
29607, 264
11787, 994
38032, 1
39395, 976
6289, 53
16492, 607
487, 530
30221, 551
3802, 465
31162, 198
26413, 985
38870, 473
31762, 825
22570, 787
34501, 208
21006, 649
3571, 273
15056, 137
5102, 245
34351, 862
9734, 436
4615, 884
21428, 707
4910, 839
28591, 183
32539, 35
6265, 664
23226, 604
16583, 321
5543, 88
5025, 919
11074, 758
5239, 127
7324, 631
34011, 91
3488, 620
2407, 261
23280, 907
22139, 265
21780, 345
16645, 320
1237, 495
17563, 406
39180, 888
37896, 115
39381, 486
9516, 217
39474, 572
27871, 83
4905, 61
24878, 882
27884, 237
19508, 384
38018, 96
3065, 882
25536, 93
2933, 726
16400, 66
6080, 700
14221, 134
820, 384
28747, 377
25038, 648
4271, 370
13654, 491
38199, 887
6804, 552
941, 394
13420, 52
39152, 321
23652, 634
656, 295
19248, 628
5814, 362
3031, 753
19495, 204
37933, 720
32017, 917
33300, 427
27914, 766
12515, 574
2587, 57
33408, 351
19211, 26
11240, 422
1603, 309
10631, 866
27020, 233
6126, 95
24007, 533
2642, 422
6597, 479
8397, 855
20762, 370
17469, 491
39322, 185
37932, 566
6878, 316
5152, 836
38383, 477
21034, 546
14463, 889
19066, 242
23977, 356
4493, 702
7685, 360
39766, 263
38259, 100
17843, 853
7673, 208
8576, 630
9880, 777
28606, 26
31626, 609
9125, 594
10263, 58
33000, 513
15619, 667
18739, 879
5035, 840
2200, 577
19531, 288
36056, 927
26405, 595
6056, 837
31686, 201
15340, 12
13610, 950
8390, 502
15519, 858
25970, 641
31078, 877
37904, 229
30781, 861
35816, 659
28722, 945
14599, 537
37068, 900
31994, 624
17647, 20
34977, 506
33906, 241
13740, 375
27588, 80
5018, 254
15130, 843
21291, 472
33660, 723
30043, 138
29171, 591
3565, 898
8109, 370
34659, 401
2814, 830
36467, 904
19156, 474
30666, 272
24365, 228
10394, 541
27087, 870
16651, 451
11297, 298
14536, 729
12680, 368
4427, 897
33587, 33
3841, 536
10418, 615
16553, 862
21976, 35
17904, 854
22209, 238
10337, 43
32638, 109
10780, 293
18722, 290
7274, 954
5694, 736
2190, 975
19662, 713
25772, 145
20076, 721
15799, 925
17096, 5
9283, 266
29251, 504
20767, 24
24765, 407
34875, 681
38240, 552
3209, 688
9040, 555
12355, 242
23368, 805
29643, 577
32955, 556
6045, 449
5548, 420
12364, 489
31966, 380
13142, 817
11430, 672
37041, 688
7315, 121
21737, 933
23303, 186
23542, 981
10352, 539
30364, 615
39762, 380
15431, 745
12979, 14
29049, 486
35845, 442
32179, 983
5290, 591
24606, 817
4498, 511
38793, 291
32071, 514
32744, 419
32230, 550
24738, 354
10313, 809
37533, 176
584, 658
129, 996
14538, 344
21369, 97
16560, 516
2522, 950
39942, 656
19249, 76
21483, 359
30958, 453
31827, 275
33736, 418
10618, 327
25650, 849
39504, 38
1453, 615
21395, 982
5834, 345
1098, 977
12045, 422
31015, 625
5276, 914
7557, 377
36530, 430
2201, 220
1280, 890
36925, 211
13742, 210
12038, 290
7503, 406
38928, 573
15547, 290
12998, 992
32677, 507
29332, 934
27985, 419
14427, 829
10826, 108
15838, 849
12630, 460
150, 968
22754, 667
19571, 399
10838, 382
39255, 339
10945, 540
37778, 253
34254, 329
32406, 392
5967, 937
6588, 920
2356, 55
14174, 886
15463, 257
19753, 337
9555, 427
13689, 325
4081, 133
6421, 216
29219, 561
33990, 116
15102, 55
6025, 42
38517, 769
7941, 109
37311, 233
6831, 354
22863, 566
6375, 347
24541, 181
22445, 705
12109, 789
36881, 276
10142, 703
13135, 492
1186, 543
33125, 839
9020, 512
25914, 316
15909, 73
33536, 314
37167, 393
9990, 523
36663, 589
36494, 853
21871, 372
28901, 112
8583, 865
31931, 632
9475, 254
36623, 807
20687, 345
30167, 384
10034, 477
39948, 20
21864, 327
30459, 109
39898, 476
15789, 406
7209, 2
20080, 546
2822, 402
30646, 966
24519, 826
34698, 915
31906, 386
14075, 850
36290, 665
1480, 391
27802, 718
6347, 495
39786, 167
17662, 296
22952, 183
11452, 766
33896, 538
10383, 372
8376, 904
6936, 744
12462, 212
16882, 859
4807, 612
8597, 299
25217, 276
23071, 873
20467, 664
6314, 35
20481, 93
682, 997
13837, 933
13841, 981
1268, 824
29920, 172
15950, 298
18949, 297
39819, 70
27400, 626
20194, 139
25966, 332
9210, 615
30910, 47
23199, 396
7264, 784
6531, 607
1462, 272
89, 436
2810, 659
31104, 521
12103, 36
30042, 990
39954, 734
3760, 205
7063, 40
14619, 484
15346, 568
17810, 908
17803, 166
10665, 104
5632, 283
22409, 197
33466, 894
7291, 159
8211, 474
37042, 170
13265, 664
5439, 621
8142, 508
25045, 435
8599, 270
1391, 304
2643, 834
4959, 632
9711, 134
8373, 546
14021, 843
18403, 331
14710, 287
3118, 460
36865, 779
22059, 997
1102, 187
3927, 793
38315, 251
6237, 256
1822, 861
9400, 276
38274, 320
17805, 835
5568, 334
11500, 570
32959, 624
28361, 178
31430, 34
39667, 161
27764, 906
15921, 287
32490, 1
28401, 470
8531, 128
28271, 833
19549, 352
2117, 877
19681, 342
2773, 997
5449, 195
26517, 983
26688, 1000
7403, 542
10434, 30
13812, 693
33749, 527
25053, 730
29232, 914
28599, 762
18406, 662
10634, 985
1199, 849
10594, 578
39862, 29
39610, 290
39918, 397
27096, 861
13161, 379
21745, 580
14527, 36
38674, 71
28132, 535
26959, 994
21548, 646
36244, 646
38124, 92
8539, 383
7097, 693
32185, 510
24904, 348
38161, 830
1286, 789
14564, 484
25883, 40
7854, 592
7430, 779
8537, 696
9504, 78
17438, 859
23989, 518
16814, 370
9906, 731
31343, 10
35284, 180
12831, 574
15671, 999
29169, 77
22256, 653
9171, 795
10522, 8
35774, 152
30533, 834
22443, 677
18184, 713
33510, 477
29096, 10
19235, 765
1638, 527
39032, 148
20472, 764
26706, 982
9773, 702
36189, 356
8330, 687
1712, 383
31411, 890
15631, 99
4541, 923
7659, 952
11512, 434
37309, 91
34872, 586
20165, 112
5062, 421
6269, 367
15272, 619
27027, 635
33629, 830
30706, 578
30157, 146
6764, 215
29708, 695
12610, 320
12225, 537
22562, 154
5430, 826
33135, 235
37312, 52
16118, 200
24013, 965
37967, 928
36020, 677
33151, 726
30521, 20
13512, 640
34095, 412
3073, 298
552, 197
21120, 623
27647, 497
25539, 865
18561, 627
632, 715
37180, 652
4591, 243
3909, 624
5651, 825
30082, 303
26446, 524
17832, 686
33217, 8
36681, 875
661, 725
36769, 23
35319, 513
21458, 841
25361, 72
23815, 86
36580, 340
15718, 946
17179, 615
21004, 661
33272, 194
20678, 600
30638, 832
10191, 221
8058, 55
28832, 498
36763, 343
13233, 749
26966, 663
1134, 121
9814, 432
32861, 787
29478, 852
29972, 792
32132, 304
29810, 165
35955, 357
20556, 491
23563, 655
16798, 769
2743, 164
39074, 644
19794, 477
21283, 512
24051, 364
24640, 557
36587, 922
20097, 743
25485, 968
27850, 346
6735, 431
12496, 6
20113, 426
25638, 612
26671, 513
17817, 314
35692, 343
13839, 696
11385, 918
18351, 55
17820, 459
11950, 62
8831, 102
25950, 545
34562, 730
26447, 36
37519, 123
31469, 801
26666, 149
19684, 80
39243, 838
19365, 838
10443, 471
19172, 680
11586, 118
13001, 872
33305, 921
16094, 138
20236, 578
3261, 606
18761, 869
31739, 451
36447, 90
4608, 592
21918, 42
32814, 906
9499, 434
25798, 344
7586, 291
28268, 768
16088, 446
31026, 767
38416, 455
13572, 698
13678, 451
26899, 628
15101, 150
31576, 163
38260, 23
38418, 950
17411, 118
29170, 293
12964, 267
15233, 220
30154, 135
38179, 488
1940, 850
24534, 216
16627, 759
30314, 891
20498, 48
20244, 51
5467, 160
8419, 884
33643, 324
322, 466
34440, 403
18060, 524
13237, 858
2375, 388
10066, 321
21044, 961
26771, 640
14164, 725
14169, 37
35208, 994
37825, 178
5259, 794
19386, 492
28488, 962
24252, 352
33603, 967
39333, 598
14448, 994
9337, 800
15706, 540
21805, 468
4349, 319
21118, 628
14485, 121
4041, 135
33291, 969
34131, 523
24110, 487
35846, 7
10848, 805
31977, 623
6960, 548
36249, 604
8440, 890
5181, 962
30231, 352
5307, 897
21951, 267
18612, 703
27137, 708
23588, 63
23392, 823
14351, 433
35464, 365
9032, 234
16019, 437
9322, 269
25873, 400
33534, 920
36786, 428
14928, 206
39957, 721
4298, 884
37313, 910
21495, 435
35820, 826
27435, 982
12664, 171
12662, 582
10791, 620
32336, 414
25401, 861
10058, 763
13315, 221
33895, 951
20982, 539
39013, 585
516, 707
39798, 589
29380, 163
16246, 128
10651, 684
15647, 129
35114, 647
29307, 226
8674, 228
3149, 432
26307, 611
35629, 169
27040, 463
34902, 622
20004, 160
5107, 857
22013, 513
12626, 106
29212, 739
38929, 10
33415, 239
28180, 24
34956, 147
26139, 666
8224, 516
17627, 15
8886, 915
39295, 546
25146, 798
9527, 953
21196, 125
8222, 687
1586, 690
725, 69
31913, 607
38565, 696
32892, 27
9331, 241
37583, 304
21518, 962
24653, 304
12139, 980
23769, 718
13525, 464
37571, 568
31534, 188
2920, 931
30899, 572
8160, 437
28856, 965
5657, 772
39759, 910
29884, 727
2568, 610
31012, 191
20569, 666
30907, 479
9732, 963
1426, 841
30509, 999
8676, 522
9875, 326
12697, 416
22895, 888
21374, 898
30609, 58
10786, 97
16334, 945
18258, 41
23010, 407
3546, 12
23634, 487
14664, 75
16290, 611
8001, 272
17350, 388
4340, 526
34154, 306
26814, 799
7841, 294
1864, 577
24198, 125
10536, 455
28858, 918
2548, 59
31035, 349
29047, 919
20328, 335
26838, 907
36096, 307
9329, 528
14876, 763
26720, 303
31110, 262
30700, 558
20269, 988
18355, 167
22874, 642
34768, 557
396, 435
27065, 756
24820, 578
4324, 842
8429, 989
5109, 855
20886, 897
5046, 5
35212, 400
6483, 611
22153, 665
27204, 734
35178, 627
2338, 110
11604, 566
10932, 512
8195, 108
34937, 937
38168, 60
39863, 850
10893, 346
35960, 496
35576, 143
10753, 815
39150, 914
15171, 983
34199, 891
23294, 813
16169, 385
39288, 957
12751, 745
33194, 451
18083, 753
12889, 805
11985, 909
13324, 976
29590, 96
17761, 457
35035, 985
34024, 396
19838, 984
16939, 496
4058, 631
31470, 289
10386, 558
1577, 718
24915, 633
22811, 884
5523, 843
28426, 519
13562, 770
17184, 96
22561, 761
24633, 241
16710, 934
26259, 819
20885, 342
12338, 863
17865, 343
16748, 26
21462, 400
3400, 964
17089, 340
13874, 992
1495, 504
24629, 817
1791, 293
23835, 241
11557, 834
289, 56
7971, 861
3117, 404
7340, 706
38370, 316
30475, 778
29651, 136
10463, 737
741, 909
17010, 244
32842, 257
29544, 238
33994, 105
11369, 442
12257, 676
35550, 33
19803, 436
37530, 188
3498, 610
25824, 229
11097, 380
1874, 164
13939, 221
11594, 6
21035, 245
950, 767
34331, 78
34204, 585
8820, 820
24271, 567
16832, 790
9046, 85
15328, 331
39881, 351
24881, 268
38703, 564
20437, 343
18534, 415
29949, 587
11373, 198
4033, 757
28628, 631
7761, 69
22, 438
35482, 453
24100, 517
8963, 661
30315, 802
22117, 202
3825, 784
1449, 535
2229, 248
1612, 437
23411, 371
19171, 740
39337, 568
15039, 625
37907, 468
16167, 153
16705, 914
30691, 771
37640, 773
4713, 677
31741, 921
25172, 318
26606, 118
3677, 915
37490, 171
2291, 575
30612, 795
38776, 541
23234, 635
28034, 103
21621, 392
20279, 974
19895, 871
20037, 252
2985, 170
24562, 565
33414, 36
4295, 432
28432, 171
35659, 157
22157, 94
39771, 331
11201, 243
19894, 300
35553, 105
3707, 23
29357, 933
13177, 139
24529, 901
28244, 562
476, 422
18736, 812
32328, 798
14449, 557
10094, 668
2340, 811
457, 839
29788, 144
29593, 375
23700, 807
665, 395
39502, 148
39872, 964
36780, 900
20802, 725
24938, 592
27728, 252
24654, 957
7423, 422
4989, 108
8819, 907
29529, 319
30515, 16
36057, 826
30769, 682
24412, 742
3662, 28
35249, 596
1389, 753
37504, 445
12590, 246
28539, 279
36218, 973
16343, 217
22855, 833
19111, 681
24991, 812
29428, 642
2632, 959
14223, 176
9713, 617
24921, 512
38559, 688
38530, 597
3112, 94
23065, 260
36327, 211
17945, 761
16990, 353
35166, 313
6841, 503
15386, 250
26887, 590
5580, 79
22634, 759
38567, 82
23231, 117
24440, 544
32236, 139
39706, 389
31530, 360
232, 222
17275, 201
18272, 408
20118, 614
11539, 296
25371, 530
26715, 623
24715, 731
38496, 841
1036, 151
26208, 400
26237, 125
13773, 432
29423, 435
7699, 245
10921, 635
1410, 685
31414, 828
1941, 976
55, 738
9307, 698
1052, 480
24016, 172
37153, 456
1214, 715
12008, 83
38466, 725
32681, 188
30552, 507
14087, 159
8593, 422
8091, 761
28223, 107
15024, 512
2103, 899
8384, 11
7048, 300
8730, 522
38066, 82
5636, 183
5879, 586
2559, 856
14149, 274
32428, 510
24261, 453
29802, 893
523, 925
20971, 9
25313, 347
1362, 96
29862, 386
37759, 407
26371, 552
2226, 210
22428, 758
13124, 782
13331, 43
14196, 576
18567, 514
39885, 943
25350, 342
13720, 935
3116, 602
35207, 65
5150, 751
26832, 682
2471, 836
39609, 976
9853, 864
12159, 889
6826, 857
19944, 499
3525, 276
5409, 475
1985, 186
30682, 852
10199, 579
22020, 764
5315, 766
7830, 750
16466, 841
16113, 31
39069, 336
26394, 837
4178, 965
25930, 941
23753, 447
39662, 215
28636, 101
37959, 780
36112, 935
30730, 433
29203, 610
35578, 497
19144, 547
35980, 221
16635, 282
4433, 295
17218, 292
24561, 848
3010, 732
16016, 308
1643, 35
12632, 112
25668, 851
11811, 494
2959, 924
30319, 906
38105, 663
14844, 615
31237, 461
22381, 694
37249, 568
24403, 466
3432, 307
31089, 176
13778, 341
21990, 837
5547, 720
37310, 715
14719, 671
38368, 61
8090, 874
19118, 180
22489, 986
292, 477
36436, 761
24887, 223
28069, 314
21952, 902
33805, 217
32358, 646
18749, 768
31307, 378
3356, 12
35289, 31
15483, 937
17267, 890
25908, 473
25023, 903
17949, 467
34884, 931
884, 532
18551, 49
1773, 883
10608, 725
19337, 242
19815, 313
13696, 735
9736, 928
4044, 145
23296, 339
6967, 18
1121, 541
13648, 415
7688, 386
17784, 995
38334, 420
2775, 517
9869, 435
27388, 208
13405, 339
14687, 17
3838, 863
37201, 949
4930, 615
21318, 477
6616, 106
27408, 172
35007, 929
38512, 15
17014, 807
12175, 809
23890, 853
21787, 4
26813, 69
2393, 153
30966, 157
628, 749
37483, 606
9599, 46
16572, 425
26347, 799
4559, 991
3160, 157
12474, 98
38394, 42
30027, 721
29379, 70
27938, 62
30764, 389
9872, 56
30206, 337
19971, 998
6159, 768
37676, 194
3502, 630
21157, 398
32140, 419
26126, 23
11423, 476
2600, 369
39934, 867
4499, 259
9617, 947
29266, 383
23929, 263
31922, 640
27904, 492
20370, 399
35643, 896
24507, 826
25242, 89
20215, 404
38464, 584
30144, 877
14744, 583
28904, 903
16864, 966
31247, 326
35189, 234
4589, 731
35492, 512
2406, 130
13509, 291
447, 759
11327, 1
24092, 280
26766, 20
26931, 290
35871, 920
23200, 45
2610, 185
37333, 53
32072, 71
8437, 376
37266, 456
30571, 443
16542, 195
39034, 692
17144, 968
31617, 110
25621, 889
13964, 9
6845, 729
39637, 123
22601, 967
1594, 578
34033, 67
35213, 409
8103, 531
39781, 554
36897, 886
37921, 678
38185, 585
18047, 6
28475, 142
29960, 795
11678, 125
21587, 496
25085, 440
1275, 452
28513, 830
33178, 536
25986, 447
17475, 521
4004, 73
11204, 477
9455, 766
770, 140
24188, 783
17040, 260
15242, 185
13342, 709
32178, 130
3233, 136
4821, 6
32407, 231
26050, 447
856, 981
37576, 335
32419, 831
38664, 282
669, 695
38148, 539
36981, 807
19761, 342
23412, 138
8988, 507
1865, 33
28669, 271
12673, 690
2614, 856
27493, 757
9315, 564
27342, 171
6292, 625
39483, 395
32733, 514
22543, 619
39309, 741
31792, 913
39372, 304
2284, 220
29631, 710
36868, 163
26240, 217
38386, 863
15338, 284
9115, 239
29555, 619
36905, 78
31885, 389
27878, 140
21493, 693
26684, 41
36521, 824
35148, 413
8399, 344
4454, 557
29469, 686
38333, 693
10138, 503
24066, 384
6186, 819
28135, 676
15069, 837
31230, 260
17330, 299
32528, 792
16233, 964
1241, 801
36775, 40
755, 914
5490, 338
33329, 283
27143, 643
39424, 674
11122, 149
35639, 846
430, 568
10358, 106
20397, 581
17896, 437
7290, 920
31022, 862
28048, 165
33296, 564
1229, 483
6624, 184
15239, 186
11894, 394
15576, 259
19273, 277
32774, 19
34386, 841
22792, 790
23323, 599
36601, 924
33456, 628
11407, 330
30287, 378
7588, 130
14828, 228
15887, 229
18946, 627
33158, 497
20482, 473
67, 510
10333, 520
9436, 384
15052, 950
37078, 979
18900, 920
6508, 524
32649, 462
381, 688
17591, 543
29996, 37
16961, 439
37875, 377
11462, 462
36048, 293
16931, 622
16185, 24
36484, 519
39986, 10
23481, 262
12037, 284
13159, 308
35580, 665
9359, 259
30872, 321
7508, 788
38886, 978
30733, 49
13010, 726
37639, 988
5637, 222
24672, 182
29309, 381
33359, 683
18714, 785
33611, 246
3088, 751
36438, 154
39344, 671
28327, 398
21421, 614
31101, 961
1781, 310
19438, 845
12828, 10
4063, 242
35723, 856
21529, 257
12593, 525
34159, 704
38768, 804
21552, 324
38794, 994
7453, 505
30867, 936
21679, 923
22989, 567
4606, 263
19539, 76
39671, 943
37545, 324
19019, 55
19062, 517
14373, 375
17885, 69
17689, 488
21851, 673
23474, 11
2127, 236
167, 208
31124, 547
9685, 64
31398, 423
23069, 972
21280, 446
19063, 371
20260, 204
30657, 914
31743, 162
4815, 215
10192, 584
37254, 406
11182, 656
6896, 906
3006, 193
3579, 751
24502, 908
4915, 225
1244, 432
24309, 484
26677, 722
1724, 205
414, 936
16354, 545
9909, 684
19755, 594
29286, 78
16636, 757
37700, 505
10970, 467
35931, 636
21776, 603
33835, 768
11697, 649
26267, 797
2596, 928
34913, 45
34715, 346
7412, 695
36200, 518
29058, 530
15515, 927
30170, 974
39540, 693
2930, 20
20970, 626
22310, 274
14243, 794
4444, 111
26039, 406
26426, 705
12734, 209
29190, 612
14953, 928
31506, 588
29809, 562
17769, 796
36887, 216
26696, 985
18190, 803
6146, 202
18892, 832
28087, 59
14748, 517
11315, 720
35235, 384
3746, 424
16794, 940
21027, 167
16480, 566
7553, 64
12380, 490
5952, 579
4301, 720
35303, 216
33813, 182
27080, 283
5208, 513
7277, 536
23073, 241
19246, 318
3436, 484
34617, 449
1531, 694
7236, 167
16103, 350
4990, 420
26909, 399
35823, 281
33573, 728
15857, 520
20203, 756
11014, 615
38323, 270
24382, 202
37007, 48
7709, 350
12864, 607
37596, 745
12837, 935
24339, 804
33653, 772
21442, 746
3828, 654
23506, 755
12742, 969
36303, 581
14412, 989
14963, 229
10206, 600
6058, 334
21581, 152
37948, 390
19200, 850
27919, 214
36236, 7
13883, 420
35508, 715
32456, 690
13856, 676
3690, 604
7185, 921
435, 488
20418, 770
31660, 257
22593, 887
32410, 874
37119, 155
38094, 173
36071, 493
12153, 414
7390, 332
17015, 345
31152, 912
9938, 82
7815, 17
26588, 538
10091, 416
37267, 348
29646, 247
8552, 370
13074, 859
18663, 197
34223, 180
39209, 489
35192, 465
31513, 28
33379, 922
36072, 655
17654, 938
25385, 766
8735, 467
18012, 261
7697, 957
9862, 117
26846, 228
37867, 579
4808, 786
33985, 529
559, 453
26099, 736
13064, 58
8415, 367
12700, 312
10987, 382
4277, 667
11793, 738
21857, 186
33703, 974
8303, 112
25121, 486
34939, 911
11754, 620
844, 469
24281, 977
4806, 165
6664, 812
26709, 132
30035, 464
3141, 553
27153, 26
31940, 940
29292, 664
34773, 968
30387, 580
18128, 41
34224, 177
2122, 596
34365, 958
13895, 488
29666, 208
20541, 4
7, 410
7825, 891
13317, 223
31428, 871
10390, 699
34667, 400
37916, 19
16065, 953
27626, 668
24591, 950
36163, 36
15683, 160
38275, 557
19089, 611
15658, 431
31352, 72
17134, 380
31285, 492
24842, 251
24949, 246
20846, 419
15736, 580
35465, 719
5638, 298
39892, 184
22514, 17
6451, 655
37114, 565
24482, 969
36248, 777
35410, 331
10041, 942
32177, 607
23622, 155
39824, 412
11945, 496
38395, 479
22411, 207
23755, 615
33428, 494
28236, 998
31446, 924
28638, 461
23361, 732
31784, 221
27719, 350
6759, 641
22014, 786
2716, 785
10260, 762
33998, 190
16847, 636
35590, 586
20794, 399
1369, 177
39478, 966
36932, 996
5726, 769
9199, 283
20007, 853
9172, 852
39572, 849
10547, 697
19767, 108
30246, 298
7989, 383
37830, 312
29127, 966
8059, 371
24192, 391
39823, 796
21323, 385
25846, 433
3970, 337
38680, 236
2140, 853
27779, 54
18757, 810
16568, 330
33886, 52
26612, 114
21993, 260
5642, 37
11674, 377
35534, 537
8647, 465
18847, 868
29932, 604
8480, 767
805, 284
4139, 280
27967, 257
10470, 514
13865, 372
22940, 955
5984, 477
10484, 282
11772, 683
5234, 787
22790, 551
3954, 422
6445, 464
14529, 951
28834, 850
18778, 742
37888, 601
24199, 849
30731, 37
5251, 960
28421, 732
11441, 867
21665, 803
1677, 85
33766, 353
11377, 27
11299, 150
36659, 888
11054, 994
38384, 530
36730, 770
13094, 17
391, 128
894, 140
29813, 10
1830, 58
27533, 16
29957, 132
23553, 409
38043, 130
16254, 734
18748, 242
24236, 75
617, 877
4286, 142
30746, 641
18106, 773
33463, 726
3203, 225
21354, 270
39245, 90
13386, 975
33022, 124
37575, 676
6160, 359
28935, 916
33034, 566
13267, 410
26111, 658
33118, 244
39021, 204
16430, 224
39963, 405
2987, 96
22760, 231
38480, 308
10022, 957
26579, 255
11156, 864
30948, 375
35174, 656
18859, 976
19473, 58
14667, 34
17602, 649
9110, 644
12577, 615
27296, 219
3613, 425
19555, 16
39406, 505
26112, 687
22718, 572
13306, 129
1645, 938
35592, 356
21340, 433
11255, 652
30866, 678
26872, 446
959, 889
7333, 86
33833, 992
34539, 390
36958, 112
15421, 652
21991, 571
34435, 242
22385, 641
9376, 598
6618, 467
29760, 677
7449, 419
33845, 512
13310, 280
18890, 5
36144, 612
21113, 565
19441, 277
13851, 948
12238, 470
30304, 277
5374, 365
3427, 565
6797, 67
14420, 324
37624, 594
4871, 827
276, 393
34020, 641
13637, 365
9673, 83
27880, 326
38380, 617
16576, 987
19162, 110
37964, 147
39369, 894
4594, 228
30146, 886
10103, 421
38767, 189
12589, 853
33941, 411
23337, 970
32666, 1
33085, 68
17897, 5
11392, 856
19394, 942
3161, 467
3773, 466
34274, 227
10177, 0
20831, 571
33119, 850
6648, 184
16561, 656
26689, 720
13932, 916
20315, 998
5778, 526
9243, 350
34277, 815
7065, 7
37820, 706
17633, 292
39325, 56
34432, 627
31046, 67
7089, 124
18618, 925
5394, 683
5053, 120
26404, 250
10270, 595
12381, 552
22485, 472
1463, 725
6704, 900
17428, 296
14725, 213
4641, 523
34167, 2
9745, 406
34868, 979
11724, 933
34451, 706
1179, 817
34931, 682
14931, 151
25261, 35
16695, 659
31870, 516
29513, 456
1932, 346
26210, 462
8131, 154
6732, 689
7127, 540
10494, 381
24371, 980
22503, 16
29718, 532
9343, 303
249, 620
22402, 364
38923, 304
10659, 13
3937, 311
34436, 599
35663, 504
25368, 872
12926, 13
34524, 461
7687, 164
19602, 635
29056, 771
5408, 629
1584, 577
13460, 618
7950, 362
16509, 196
12624, 982
14569, 181
22945, 115
34989, 613
25700, 134
10579, 771
20557, 166
22351, 428
36666, 196
24713, 308
5286, 268
16421, 975
38551, 153
10410, 977
37697, 377
26808, 841
37880, 785
6386, 852
26660, 144
22315, 671
24467, 915
27572, 277
1053, 173
7962, 769
20256, 670
3847, 935
10080, 295
33767, 413
443, 121
5600, 530
19629, 56
24397, 837
11237, 660
19400, 25
37709, 131
650, 60
35690, 117
33528, 775
34352, 669
9671, 499
31293, 98
14977, 21
20820, 339
16903, 437
19129, 190
14378, 625
25397, 749
12710, 530
22465, 135
16390, 751
27872, 956
5544, 967
6534, 176
27440, 232
19507, 188
3977, 140
8781, 623
26100, 715
12620, 239
12198, 142
19664, 9
36363, 988
9261, 380
24795, 59
13769, 359
37715, 306
15192, 197
7792, 876
9118, 245
5092, 601
2337, 992
27644, 300
35075, 109
13424, 259
16790, 424
11909, 415
524, 54
37354, 724
33923, 285
21014, 287
39569, 39
4412, 993
29221, 27
7793, 352
7377, 614
14620, 274
15913, 221
7576, 7
4722, 974
9770, 778
1654, 855
14922, 719
13028, 396
17811, 977
39913, 557
35547, 54
37855, 216
25099, 263
15685, 979
12123, 975
10654, 214
36924, 872
34883, 661
38201, 499
237, 269
34426, 149
29570, 57
30044, 759
39754, 378
30137, 508
5463, 675
35193, 376
15712, 353
17690, 42
23824, 413
3352, 59
11718, 33
14092, 168
9605, 631
17164, 211
23585, 51
14905, 580
5989, 955
13766, 943
17417, 918
37043, 508
34841, 534
38894, 693
32260, 486
11221, 323
32334, 708
15496, 115
11768, 677
26598, 25
14388, 603
2050, 440
22992, 199
31810, 477
26699, 805
15367, 631
11309, 66
33302, 234
8953, 596
12582, 801
31652, 521
36012, 491
14766, 256
11077, 368
6012, 459
38740, 437
37438, 708
8371, 597
6782, 38
15325, 232
11064, 652
6172, 129
6895, 957
10497, 350
9694, 926
23694, 844
20415, 63
34382, 508
26828, 914
38708, 893
29620, 293
39067, 729
18196, 206
37906, 672
22845, 168
24424, 681
11219, 326
27352, 825
15187, 510
30461, 711
2771, 335
34295, 769
4540, 834
27451, 114
35127, 472
9574, 661
13838, 455
20168, 952
37288, 672
6491, 952
11239, 24
719, 767
37528, 624
21818, 229
39323, 646
25347, 558
7260, 749
37074, 318
32657, 432
3454, 288
14592, 425
38001, 476
27195, 3
34124, 937
29392, 258
16923, 483
35696, 29
37664, 327
21269, 49
17380, 179
14511, 581
5212, 241
35879, 698
13612, 961
35370, 229
36627, 287
21786, 330
9316, 425
291, 542
18153, 16
17139, 410
4219, 797
9142, 155
3418, 549
3245, 315
29230, 764
21656, 126
9975, 946
16199, 743
38098, 137
22412, 454
21097, 261
33849, 898
28697, 875
2419, 435
31677, 158
10090, 275
36235, 100
14377, 15
11406, 165
28375, 496
9151, 373
32450, 634
37726, 150
22862, 830
7021, 733
34030, 24
31320, 564
12256, 609
12185, 455
38497, 248
27741, 281
13402, 6
39334, 66
4945, 486
10426, 919
18834, 530
39642, 97
22506, 230
38655, 616
32054, 318
29622, 791
34521, 371
8661, 416
21535, 286
24830, 200
21406, 226
34068, 392
22833, 643
16022, 226
27122, 2
8807, 808
31486, 693
33426, 718
5520, 34
31003, 52
18227, 606
5534, 446
23647, 592
14605, 896
1379, 913
17705, 388
29561, 323
32326, 629
34043, 945
15858, 964
8134, 185
36486, 553
34029, 839
24493, 165
2676, 595
32015, 429
11390, 281
29886, 976
14875, 10
10077, 396
16380, 50
37790, 879
769, 30
10450, 665
35409, 209
9526, 502
31839, 190
36451, 786
24326, 21
37999, 776
37555, 634
27187, 583
32246, 94
19611, 400
16704, 6
7242, 619
39744, 142
38574, 697
17521, 527
21531, 225
7265, 169
23242, 365
28740, 274
26132, 308
15332, 114
24200, 746
34287, 546
31368, 267
28630, 904
3493, 596
30404, 107
5466, 764
33064, 538
31777, 433
8196, 980
29103, 20
5434, 16
98, 306
29924, 419
25105, 20
9424, 638
7897, 537
35701, 291
24619, 873
39726, 237
27446, 102
19294, 137
16320, 993
14275, 237
9893, 962
2958, 631
10723, 262
2850, 557
10508, 355
26322, 152
36650, 437
2230, 320
22744, 452
38136, 686
39699, 832
19239, 120
14716, 763
26997, 986
26235, 945
9361, 599
35749, 701
12762, 426
6113, 61
31369, 509
38550, 223
34145, 647
30831, 90
16502, 255
7266, 772
20263, 822
14577, 133
4671, 699
6790, 533
17162, 759
17313, 402
12920, 492
13618, 68
32149, 833
18427, 953
19190, 386
36583, 757
39012, 334
25179, 578
20209, 190
4453, 5
14347, 98
36662, 786
31893, 64
17367, 323
36826, 344
35066, 282
21761, 384
10139, 151
25419, 734
32355, 614
32604, 63
3664, 518
31248, 209
39263, 227
27052, 891
11160, 89
9018, 581
17156, 540
39738, 79
9244, 876
10747, 763
27628, 623
7483, 704
31240, 747
30600, 662
27513, 799
23265, 129
4112, 597
28418, 449
23593, 291
1157, 20
33702, 169
1111, 352
9729, 347
9708, 267
36853, 803
28643, 1000
11579, 513
877, 134
23736, 299
33131, 12
14713, 588
37985, 986
27946, 453
20016, 766
11939, 526
29349, 386
22035, 469
6082, 612
9340, 822
36683, 375
1019, 524
14122, 626
6658, 349
2070, 502
39080, 827
28673, 810
13802, 59
496, 192
27376, 581
35305, 240
1009, 529
39183, 671
2095, 76
36129, 762
34168, 756
32527, 725
21883, 460
35263, 885
36498, 27
2104, 865
372, 499
20178, 858
28309, 595
17643, 778
32775, 234
4017, 145
14146, 529
9818, 884
20104, 667
1374, 237
7573, 994
33398, 47
30382, 77
28456, 733
1475, 933
39539, 812
23925, 979
38796, 508
19219, 754
9974, 910
6399, 415
9430, 833
36323, 103
7037, 301
35244, 698
26695, 389
19667, 8
38675, 833
6694, 764
19145, 44
34689, 871
26762, 147
18280, 471
34825, 608
38116, 323
36003, 874
23180, 804
4604, 767
34445, 377
993, 30
17768, 340
23401, 523
29208, 301
20877, 692
26711, 608
30094, 320
37893, 584
1981, 123
10205, 918
3308, 471
30409, 451
32254, 283
26084, 749
33651, 201
27841, 275
2754, 368
27636, 52
13197, 43
18544, 656
36565, 181
2607, 124
26257, 904
223, 214
7828, 123
11425, 984
11317, 87
13732, 960
2057, 109
7668, 517
23005, 424
13021, 660
8396, 359
101, 191
18169, 756
32914, 70
20522, 630
17686, 656
33876, 475
24908, 966
813, 960
4243, 993
11797, 895
15848, 481
7888, 776
18916, 700
20364, 432
7729, 433
8074, 157
14576, 54
38140, 751
38735, 744
26703, 293
19733, 686
24344, 739
3080, 888
21562, 229
16064, 173
33539, 131
3492, 241
5693, 515
30262, 728
31261, 764
10471, 91
19720, 643
26866, 23
27998, 969
38815, 593
14199, 851
37369, 708
9157, 926
7791, 335
12870, 407
10602, 597
9134, 459
34150, 460
20410, 988
23990, 331
9085, 526
30072, 354
13809, 724
10971, 135
27704, 816
16259, 866
20225, 357
16021, 538
30068, 205
3593, 900
27361, 201
38361, 220
30386, 793
4484, 134
13020, 317
14006, 735
19439, 814
19218, 513
31450, 484
21139, 218
35092, 470
5990, 712
10828, 7
18775, 453
15097, 253
10505, 134
18580, 381
9299, 758
27933, 121
34330, 497
1047, 978
22308, 176
2441, 536
15362, 738
13503, 952
21136, 887
5354, 760
28923, 850
422, 758
22560, 974
27971, 338
38326, 597
18858, 604
13423, 202
24752, 135
20404, 686
10982, 881
29248, 572
17060, 978
13992, 952
14838, 782
29566, 994
5842, 996
4008, 557
34510, 686
10044, 56
39084, 417
14233, 196
8287, 567
11060, 547
13362, 53
31679, 255
37452, 472
3518, 506
20229, 424
2244, 408
8679, 286
19060, 418
9927, 587
8574, 600
882, 547
8085, 290
18435, 757
21217, 771
181, 36
37677, 981
39849, 974
33315, 908
2938, 558
34090, 687
3193, 248
3283, 824
5667, 529
29839, 671
12173, 347
13556, 753
35750, 403
33889, 150
15888, 229
28769, 746
5743, 476
8956, 141
39162, 176
3221, 154
24343, 394
5608, 736
34814, 4
16030, 108
17389, 945
30007, 207
734, 843
13522, 255
5119, 972
3050, 195
1765, 463
35566, 605
21345, 396
10643, 782
32097, 70
33193, 365
38952, 575
19199, 790
20140, 524
27255, 407
21013, 695
25254, 620
23625, 18
18985, 478
24458, 135
1259, 313
21008, 142
7162, 397
35551, 920
27660, 289
9491, 160
365, 168
13626, 66
39975, 816
1327, 470
3587, 974
22324, 233
25896, 571
9765, 761
19500, 237
26222, 678
33354, 132
9023, 99
33725, 675
21409, 406
27456, 879
33541, 469
35288, 911
9989, 619
5318, 272
18665, 26
5822, 692
34738, 132
37889, 841
30098, 514
14383, 400
16032, 997
15226, 327
7504, 933
21155, 949
6088, 273
37268, 581
25794, 890
807, 233
30234, 273
8625, 369
37618, 864
25208, 531
19120, 497
32767, 666
23493, 586
14945, 728
21408, 777
21453, 755
16976, 367
10291, 945
13624, 828
20334, 442
19241, 958
19649, 153
31471, 306
32357, 995
26369, 620
13559, 4
39763, 469
4106, 379
7353, 556
39900, 745
10277, 561
9857, 712
35609, 549
4588, 797
13791, 415
20036, 976
31440, 528
33979, 369
7322, 466
37644, 230
17568, 873
8865, 694
15163, 377
32167, 220
38949, 312
1698, 992
21281, 307
20440, 920
29470, 404
10785, 36
13385, 983
28804, 423
5308, 545
23426, 198
39743, 656
95, 759
27472, 551
33892, 116
37204, 95
38701, 650
21675, 407
25440, 226
21938, 541
30489, 929
24173, 261
4393, 522
7254, 111
33183, 209
19704, 456
10243, 824
19814, 496
16108, 437
5117, 769
5956, 301
1775, 341
17145, 541
15588, 680
21845, 727
12121, 447
20292, 692
22122, 672
9102, 223
23606, 493
15195, 141
13736, 984
17265, 230
19041, 413
11830, 371
4009, 648
5973, 927
33417, 29
19319, 642
38758, 286
22233, 378
16369, 637
27606, 911
28543, 983
7502, 359
28137, 634
23808, 656
23422, 802
2508, 926
15181, 205
21633, 764
31288, 941
31838, 577
29240, 895
14040, 299
17004, 647
31559, 978
18610, 833
33723, 608
32926, 8
37106, 173
31130, 543
16116, 491
13511, 41
34690, 665
23408, 458
29467, 312
37001, 121
15937, 462
29397, 55
25730, 919
13977, 155
38096, 699
6322, 423
14312, 533
6210, 743
9269, 140
37659, 286
38422, 730
21393, 705
28730, 705
24466, 574
14112, 194
26819, 950
11592, 141
29275, 369
3189, 215
38074, 182
2953, 18
20657, 297
19187, 676
14585, 367
333, 208
27009, 616
27171, 205
1908, 966
7590, 468
33442, 132
7981, 535
18570, 826
35198, 459
16554, 258
21770, 147
26942, 992
38988, 503
5935, 197
16650, 672
26052, 687
17747, 678
21521, 996
18025, 483
33556, 522
33837, 271
33808, 511
29343, 387
14043, 148
4300, 530
14674, 599
23187, 640
14277, 741
10760, 675
12695, 75
3665, 581
21759, 818
25834, 40
1755, 759
12200, 592
18507, 222
25162, 837
30399, 180
33683, 198
39731, 671
35589, 991
23743, 283
36788, 305
39656, 989
17691, 863
24946, 925
5508, 351
17140, 542
15067, 850
7846, 930
10251, 745
21103, 624
13427, 230
28118, 858
27445, 2
29426, 63
7026, 406
1293, 44
24206, 705
7501, 785
16914, 797
510, 599
22614, 746
14572, 73
10114, 772
23817, 53
33328, 62
11305, 557
10622, 313
3623, 804
35869, 671
38716, 4
27527, 47
19446, 343
16395, 3
36262, 86
17857, 138
39669, 972
26146, 861
24961, 211
26040, 247
26501, 82
12967, 243
37145, 333
11856, 473
8444, 916
15011, 643
22012, 806
38780, 89
4551, 668
30370, 439
668, 998
15363, 462
34963, 964
34317, 797
8544, 167
22977, 690
29234, 673
32644, 339
38462, 194
37577, 138
27297, 611
21695, 319
13568, 233
26475, 541
2126, 683
38266, 631
3312, 976
4996, 451
31514, 166
1246, 433
3862, 921
186, 60
11354, 277
6980, 221
2696, 514
16577, 916
22239, 124
4001, 117
9961, 868
9767, 289
14709, 261
38759, 920
22515, 73
39076, 830
20273, 198
37498, 570
21227, 44
15502, 945
33175, 295
4698, 775
32324, 842
14837, 372
35842, 400
17955, 395
27634, 669
11961, 507
38372, 373
7165, 949
39987, 89
14039, 940
33678, 266
37463, 505
18734, 801
36882, 397
17084, 107
29521, 87
9397, 248
20298, 230
13158, 117
15136, 707
23552, 857
23556, 634
21746, 649
21375, 59
16131, 924
36015, 553
2061, 525
14661, 373
13376, 231
21716, 340
26730, 693
17285, 506
3331, 691
5442, 831
35797, 641
38943, 943
3850, 476
19985, 373
25299, 523
1105, 288
10166, 347
36625, 772
22924, 431
10638, 989
30242, 306
21646, 287
22976, 992
30567, 763
22719, 100
6, 114
22245, 726
38864, 899
3451, 756
1250, 880
25445, 749
3496, 612
20466, 474
15317, 575
13078, 836
13048, 453
9136, 902
27837, 600
1470, 935
34296, 34
11399, 209
25830, 355
15752, 996
26292, 421
8329, 198
4982, 488
28367, 67
4487, 89
39537, 679
2757, 398
35444, 282
18674, 734
10129, 535
27455, 885
30187, 387
24383, 67
32013, 911
11534, 81
13593, 444
18545, 388
37965, 404
5093, 436
6721, 984
11044, 434
22448, 129
27724, 327
24801, 687
892, 797
18881, 78
12573, 310
24910, 124
35728, 705
3543, 82
7458, 72
17971, 58
24492, 496
4405, 699
35311, 590
20527, 709
14191, 362
39232, 231
19468, 294
15051, 105
21929, 331
24639, 700
6911, 736
12413, 309
3424, 603
10667, 474
38449, 608
26657, 438
4869, 604
3710, 487
33617, 635
6511, 134
12228, 428
32237, 44
3212, 800
11831, 358
19732, 800
13555, 900
13548, 976
28542, 195
39586, 167
17170, 742
21407, 870
22767, 91
10810, 570
4359, 282
34288, 71
9520, 246
5761, 430
33323, 902
16145, 430
5328, 118
12051, 574
7115, 128
10770, 41
12309, 341
7138, 71
32091, 597
26010, 725
8394, 328
22493, 390
33043, 864
35974, 668
15624, 485
28151, 395
37142, 385
28042, 0
5639, 5
16897, 392
30058, 882
2726, 22
21687, 377
29563, 445
33535, 103
38055, 655
28412, 285
16104, 985
21207, 570
27104, 453
4519, 511
37264, 247
35221, 65
19073, 327
2750, 206
21434, 937
824, 527
33960, 657
13972, 627
28684, 812
10235, 568
15719, 484
16482, 877
16300, 592
3362, 451
21294, 646
16616, 149
12203, 649
16857, 270
22237, 433
14390, 772
30622, 913
37857, 659
32066, 737
18133, 199
5229, 603
15688, 95
9113, 361
22130, 27
10479, 557
6786, 566
29847, 909
12397, 896
27979, 77
21376, 643
15641, 529
35439, 713
10704, 892
29967, 190
3674, 830
19095, 80
35735, 412
7011, 687
6685, 227
27239, 568
31467, 258
34528, 339
96, 71
1987, 66
18268, 404
32662, 565
35498, 419
28918, 409
26777, 175
25997, 712
1095, 61
8526, 491
27281, 605
36334, 125
22382, 473
1885, 844
3919, 572
360, 388
32372, 799
34214, 95
8902, 26
9936, 977
16536, 339
21677, 384
26681, 854
37235, 53
5133, 726
10917, 445
13185, 625
12849, 739
847, 523
35382, 289
11518, 119
18958, 674
30955, 369
22404, 684
4705, 656
36913, 679
37441, 36
14994, 923
19631, 198
4656, 904
14488, 859
38306, 642
13704, 931
16245, 85
3458, 703
35138, 247
20676, 996
20517, 269
9811, 343
10105, 101
24137, 772
26416, 951
24211, 347
26310, 899
15489, 447
20832, 169
24240, 639
4709, 25
24616, 980
15994, 988
12361, 759
23938, 860
27576, 168
3892, 510
21797, 820
12412, 540
13312, 29
6123, 441
25763, 860
3699, 190
29407, 737
24247, 741
31106, 115
19703, 875
31599, 428
1358, 882
38062, 317
32303, 890
37817, 526
26082, 556
31590, 154
18667, 470
31372, 95
26090, 667
5243, 903
34184, 392
33549, 29
14435, 439
33797, 987
34359, 161
25199, 378
15775, 182
29668, 79
25713, 556
20655, 811
39792, 16
38521, 630
27270, 205
5656, 729
28962, 225
14421, 10
24955, 552
38831, 959
35455, 49
13908, 740
9928, 911
423, 49
19970, 634
21740, 339
21366, 619
12151, 72
3102, 242
35817, 764
13417, 54
12906, 354
5803, 238
23616, 642
7713, 142
27005, 902
20468, 411
18283, 903
4796, 757
38538, 558
39579, 613
10836, 652
14343, 532
38051, 927
2694, 214
30940, 921
33943, 82
19220, 263
12342, 621
5537, 639
37957, 10
31399, 297
8064, 38
22724, 768
27047, 569
21619, 321
23834, 742
4619, 81
12509, 212
20275, 748
26851, 639
1517, 357
311, 537
24865, 8
19843, 262
1964, 959
33842, 882
13346, 306
23463, 215
30422, 116
30247, 277
34471, 570
1352, 992
8326, 667
36534, 926
19207, 394
39304, 503
35815, 415
25257, 606
36560, 250
5849, 968
32415, 651
26901, 770
39096, 599
23058, 557
11228, 887
11779, 965
38089, 815
26391, 293
24077, 614
13279, 114
12136, 137
33971, 969
18655, 248
36991, 104
35273, 94
16315, 553
14365, 800
33965, 13
1668, 487
22030, 629
7327, 747
36857, 223
20926, 566
8071, 840
4497, 75
10305, 16
33586, 240
30049, 662
18993, 281
4290, 772
6218, 143
2000, 613
20504, 505
5998, 429
28629, 711
39391, 778
32244, 706
12709, 512
27569, 1000
20888, 443
28451, 558
20757, 967
3276, 33
25803, 302
31630, 669
2805, 567
38133, 955
29779, 201
7496, 607
17150, 870
38888, 631
8380, 278
8230, 364
36186, 925
7246, 272
31516, 628
21680, 641
24456, 277
18423, 493
1560, 791
4622, 285
5343, 614
12142, 235
10110, 126
15269, 151
4180, 53
8362, 422
24813, 311
25828, 697
35848, 661
36638, 655
29856, 246
15247, 765
33400, 73
36415, 170
28296, 564
14133, 714
27893, 973
11398, 833
19364, 44
21983, 108
4123, 714
14658, 864
30991, 169
23088, 398
14738, 743
8198, 522
12973, 577
38060, 361
19318, 113
21891, 387
8581, 898
29931, 909
16619, 256
8495, 661
38263, 821
39124, 833
33382, 371
28423, 730
31658, 294
27853, 985
15028, 952
31272, 871
29606, 88
10319, 639
3998, 676
11314, 18
7591, 318
17698, 190
21526, 728
17744, 487
29229, 611
23135, 790
15880, 742
32319, 315
501, 158
28297, 935
19748, 869
33200, 720
10876, 654
7866, 517
8636, 860
23669, 364
22104, 372
25851, 228
18840, 859
2364, 597
780, 493
17122, 545
3864, 42
4853, 99
19543, 301
26772, 145
13915, 225
21329, 367
34790, 47
35549, 607
13209, 204
31907, 991
19050, 248
32655, 239
10887, 745
1076, 310
27869, 496
24769, 691
19634, 78
24422, 527
8331, 745
15894, 452
20170, 527
33594, 110
8055, 837
39590, 679
32318, 783
2151, 72
34094, 660
6392, 976
39993, 878
38300, 119
9218, 219
16015, 840
36841, 130
22295, 942
30384, 759
2689, 822
30142, 354
2989, 178
5710, 945
8441, 117
160, 761
22823, 971
1756, 884
257, 921
368, 26
2769, 266
38539, 457
23244, 78
12554, 517
33802, 307
17609, 15
13099, 345
2823, 242
19737, 513
29559, 795
36737, 176
5556, 816
32938, 367
6162, 376
14700, 539
38824, 69
10849, 349
38299, 24
1990, 495
28961, 686
39357, 403
1007, 678
34504, 634
27467, 513
32724, 173
30218, 616
15497, 644
22666, 375
7045, 314
17413, 135
32732, 213
6073, 611
32439, 898
39796, 321
7794, 303
4845, 308
2794, 874
1945, 701
7018, 136
7289, 365
33626, 851
16894, 264
28622, 96
24399, 824
8798, 840
19736, 993
8013, 225
30531, 283
34041, 246
12755, 950
11764, 372
26118, 633
36849, 835
19155, 714
27284, 536
29637, 968
38367, 800
4284, 113
16644, 151
39227, 9
8686, 54
17600, 31
6083, 488
7027, 365
2312, 848
19226, 339
38451, 944
6415, 844
38910, 184
20766, 116
25353, 4
11004, 547
2255, 621
31805, 143
31638, 342
7196, 866
10837, 760
38321, 91
30675, 469
38607, 138
35940, 875
34609, 779
30122, 563
1294, 622
14035, 533
8729, 902
38834, 665
35029, 751
3858, 870
13095, 504
34573, 689
36543, 293
23862, 226
34940, 711
3478, 978
15792, 188
31179, 334
29874, 302
38710, 600
15114, 237
11617, 401
26794, 752
36871, 47
18685, 736
37701, 896
29085, 871
23807, 312
17628, 933
15574, 130
6688, 370
35573, 830
30002, 551
25470, 873
19839, 782
8439, 443
10445, 438
2396, 999
9948, 126
4146, 550
29944, 728
7575, 244
2123, 68
21074, 268
26225, 49
11118, 804
24115, 431
22517, 363
25039, 279
29950, 152
36452, 486
1445, 692
8960, 742
11080, 157
34663, 887
6332, 223
10063, 179
8626, 381
22359, 632
28925, 426
24030, 418
30311, 164
35137, 643
30627, 580
25660, 532
25315, 454
5764, 709
16926, 413
35437, 63
10417, 998
15522, 122
39389, 374
5121, 795
15753, 150
26993, 632
28900, 718
15543, 298
37157, 972
24349, 826
22779, 186
21225, 666
17791, 463
38801, 118
25211, 601
21792, 68
37758, 767
20539, 977
30660, 412
27993, 689
7456, 296
4642, 831
16624, 864
39181, 910
30077, 16
14552, 102
37331, 60
17240, 859
32215, 198
3367, 325
36411, 898
24418, 942
14904, 182
12952, 535
37479, 448
28430, 678
22170, 390
33204, 707
19013, 360
25805, 197
29831, 853
1218, 381
11704, 175
36022, 408
22431, 738
10857, 233
20736, 528
35061, 331
5067, 276
3693, 591
1710, 883
3140, 640
33334, 761
9506, 617
26282, 885
5465, 191
16953, 311
12890, 56
23613, 327
8313, 876
32352, 733
4687, 875
20986, 343
23237, 651
22705, 733
2220, 329
11472, 266
23095, 871
31156, 340
9830, 818
9225, 72
12856, 628
39397, 104
19766, 962
28286, 654
7347, 395
11821, 552
5774, 553
27574, 695
31326, 370
10405, 205
3748, 620
22336, 826
27828, 440
27263, 204
871, 890
18155, 715
25557, 715
13584, 144
14927, 398
9429, 561
33755, 754
36448, 789
22352, 351
26232, 218
2707, 967
39385, 242
6647, 379
12738, 183
10671, 961
30673, 216
19640, 236
37428, 220
6525, 344
36802, 1000
28621, 549
33951, 659
38756, 285
8433, 526
1556, 812
20563, 554
14610, 160
4537, 15
33948, 127
16298, 556
25903, 61
28018, 893
2214, 29
34859, 131
29979, 596
33696, 822
32146, 193
20476, 67
6836, 431
21738, 463
24099, 230
28499, 15
14988, 595
22120, 776
11079, 144
11002, 476
34163, 834
12406, 603
4221, 981
3533, 728
35152, 356
28106, 341
20524, 972
12676, 560
37755, 831
34615, 178
28993, 755
25195, 373
1497, 874
34019, 375
39018, 498
20458, 781
14031, 40
21402, 405
23400, 694
16084, 404
2755, 147
10302, 853
39402, 831
24299, 339
30115, 678
27683, 637
35412, 735
27578, 517
11329, 174
22077, 134
16156, 463
8087, 810
24868, 146
32495, 394
14054, 288
18294, 272
21959, 279
15307, 878
33770, 970
39163, 442
23176, 816
39254, 72
37407, 82
2702, 445
3920, 348
22925, 424
13903, 24
38752, 391
23194, 210
36445, 215
29933, 493
39756, 886
11307, 614
2256, 954
1384, 342
18480, 994
29176, 561
17331, 557
31847, 570
23643, 994
36801, 7
7835, 797
8535, 555
33050, 507
9626, 911
37702, 794
15124, 673
33817, 26
31892, 455
38977, 296
37858, 603
9163, 721
17128, 60
10349, 611
17390, 506
24067, 555
26482, 884
27441, 774
15424, 587
38354, 874
24746, 704
13195, 316
21804, 784
27471, 630
35761, 905
8654, 315
14447, 610
24630, 567
22398, 179
22056, 44
28844, 717
34761, 274
32234, 860
18933, 978
20806, 489
24108, 279
7543, 645
4458, 639
4581, 601
7750, 511
39629, 157
26700, 21
19354, 576
29115, 996
6297, 4
21202, 300
30792, 749
21080, 775
13308, 915
29302, 713
24, 709
24114, 165
16663, 218
13783, 331
28277, 672
18998, 32
23855, 125
19015, 67
11778, 631
32866, 458
33274, 729
32474, 763
23785, 111
5817, 677
20823, 895
28398, 98
10640, 449
23127, 495
11489, 693
10616, 76
27932, 80
418, 944
14479, 794
29995, 420
6671, 443
34873, 788
35366, 66
52, 957
5999, 487
31499, 731
37546, 603
27632, 796
7993, 234
5975, 330
24702, 747
272, 194
3441, 539
30934, 459
7084, 48
26444, 342
4150, 45
22373, 251
512, 701
37020, 476
13193, 701
16562, 338
14777, 212
19735, 259
25042, 999
7257, 177
35214, 231
18105, 93
5478, 542
34996, 362
16825, 501
17502, 330
19238, 402
35307, 214
25293, 756
31890, 501
18101, 673
29871, 276
6465, 509
14783, 461
3610, 180
826, 557
31936, 586
14437, 473
19391, 190
25516, 87
37513, 378
15183, 419
30442, 81
7805, 656
4158, 93
10553, 995
504, 915
17750, 890
18391, 102
2589, 823
26214, 815
37221, 209
32294, 936
13768, 778
21980, 490
711, 293
21341, 80
9146, 797
7262, 238
23741, 576
4963, 144
2410, 691
12004, 478
17676, 819
10180, 393
16811, 940
26204, 152
19912, 484
39899, 855
1120, 985
39416, 237
1152, 326
14983, 12
4071, 109
10366, 346
30369, 35
12102, 525
20596, 762
35145, 930
2329, 720
21838, 261
1043, 832
2720, 693
6815, 660
10075, 579
1598, 266
26295, 849
17253, 351
18954, 734
11043, 336
28596, 380
26648, 565
33318, 604
12398, 862
13493, 821
26549, 257
10750, 150
21216, 613
18211, 867
1542, 609
7415, 711
22968, 977
13058, 979
32854, 402
19967, 253
22607, 369
21626, 558
13819, 676
13910, 384
2422, 266
19936, 669
26574, 33
24088, 107
10708, 536
2076, 539
2678, 254
1332, 966
10866, 325
18276, 86
17280, 579
32864, 389
6916, 407
8594, 842
16851, 530
781, 805
22673, 184
15369, 631
34869, 310
27545, 664
29471, 864
31444, 422
24420, 89
22966, 873
22516, 210
5815, 522
37650, 34
37956, 860
3089, 423
16946, 821
6754, 722
37141, 358
485, 365
20550, 540
36305, 266
23581, 197
25181, 919
11743, 377
7082, 578
1953, 464
18594, 34
15037, 888
1530, 637
29133, 641
30536, 941
37735, 546
7521, 680
6335, 452
18704, 673
6326, 56
30919, 924
33352, 222
2210, 749
3206, 767
6553, 469
33630, 94
39562, 814
27011, 395
4168, 229
12392, 261
33232, 172
13623, 349
21969, 976
20439, 964
37870, 225
21142, 697
17962, 404
5567, 284
39846, 644
9241, 344
14804, 400
11101, 271
12409, 309
20980, 422
5288, 880
18582, 221
15201, 71
37455, 736
21491, 937
1726, 341
12052, 176
18175, 992
13666, 860
25095, 43
16035, 65
15038, 757
24396, 213
34953, 485
10911, 21
24117, 405
31753, 16
1197, 287
11395, 991
30320, 208
18116, 423
17204, 749
25288, 117
15633, 40
21268, 193
12419, 315
35472, 374
18555, 224
21065, 618
7336, 89
20912, 643
28965, 132
33396, 746
8344, 851
34717, 409
32060, 565
34472, 556
35262, 571
25321, 858
9098, 345
31661, 110
15841, 745
2572, 550
6577, 572
4108, 180
24295, 132
22547, 848
18199, 369
38009, 716
25040, 755
32150, 190
13875, 580
19300, 911
18525, 828
27906, 887
16387, 690
15939, 931
24105, 375
38840, 184
27409, 118
35849, 47
13469, 448
25374, 895
8297, 682
21669, 904
24471, 652
26439, 505
30118, 772
16659, 977
13168, 3
11393, 510
27266, 976
5177, 221
12327, 938
37071, 675
19930, 768
12597, 614
16833, 9
37991, 204
31829, 796
9575, 607
8909, 357
23829, 89
6147, 554
33144, 676
29164, 875
38308, 218
16314, 39
37156, 143
31279, 274
38921, 418
23866, 304
3866, 100
14520, 703
35350, 234
26419, 215
29245, 838
34672, 680
9458, 909
24256, 739
3354, 294
35621, 599
16938, 237
36783, 20
20710, 495
6138, 367
32726, 858
8248, 282
6112, 419
34874, 328
18653, 785
10924, 996
9360, 583
11612, 511
23147, 679
34324, 276
12292, 407
24262, 602
28369, 634
37609, 705
17707, 911
33260, 225
36686, 93
22942, 114
33350, 168
17567, 247
12434, 671
9867, 154
16147, 260
26467, 919
36123, 321
12376, 699
1163, 464
19961, 348
12567, 718
3509, 363
31190, 787
30471, 712
33335, 720
26337, 167
35376, 886
12949, 394
6760, 913
14459, 972
12258, 237
17200, 768
39241, 160
28833, 802
34142, 388
28719, 283
37660, 498
17807, 309
33828, 68
35843, 635
13789, 436
35408, 55
17177, 976
7918, 506
4400, 52
3337, 874
10528, 438
8649, 19
37429, 442
20727, 734
26597, 628
419, 72
34938, 469
17115, 578
4677, 178
8098, 844
1632, 355
28967, 325
4518, 965
4047, 547
5363, 490
9565, 734
19146, 714
24810, 879
35276, 734
12171, 564
21302, 86
4196, 18
28647, 746
10268, 697
5233, 6
5104, 578
18379, 143
27529, 955
1146, 430
29599, 999
205, 802
32625, 23
39591, 659
27753, 95
33605, 707
25369, 102
2911, 317
27793, 360
36031, 112
24721, 306
13370, 574
11085, 302
36879, 64
16074, 36
31281, 993
6214, 956
15327, 460
23072, 310
16610, 446
39793, 53
3781, 276
2994, 54
32194, 833
30365, 416
15135, 420
34574, 988
13219, 345
5709, 323
35611, 384
16204, 282
11645, 300
25856, 10
35440, 710
3465, 474
4276, 971
33682, 659
39832, 702
20511, 851
14557, 453
38797, 894
33697, 108
19483, 616
24064, 366
18799, 823
22624, 620
11746, 700
38233, 228
36426, 821
21383, 403
13349, 678
38941, 360
5936, 637
28727, 139
33478, 202
438, 877
4882, 705
11213, 870
27817, 989
3793, 517
9788, 542
19234, 269
38804, 627
10688, 806
8518, 190
36858, 878
20159, 842
13475, 442
10530, 419
21764, 11
13199, 466
13782, 349
10854, 124
31801, 963
13691, 115
6016, 237
12501, 808
20290, 0
13745, 89
18725, 793
29131, 908
9510, 471
7435, 90
10396, 934
7723, 438
3861, 614
38769, 257
22189, 387
610, 86
5525, 816
34447, 316
2634, 454
21214, 631
7190, 381
1253, 423
33458, 25
24361, 155
5981, 245
26903, 490
11747, 697
12531, 752
5076, 428
6098, 755
33780, 237
3854, 333
19105, 814
18915, 101
37481, 630
9871, 324
24335, 863
18141, 833
32510, 991
38294, 280
27282, 655
24728, 287
16582, 404
5874, 400
19946, 993
23544, 849
17148, 395
23403, 654
38662, 21
15075, 271
37890, 371
36634, 860
30120, 509
32908, 752
38552, 961
1452, 415
24683, 327
7393, 530
10580, 586
34522, 229
38470, 951
19670, 906
21979, 742
37823, 833
17461, 376
11259, 677
28561, 269
14450, 902
39820, 129
16383, 936
30046, 516
15294, 567
13216, 258
35177, 221
28492, 30
12807, 458
36373, 981
8901, 720
10373, 588
30473, 472
29805, 885
25008, 169
2019, 508
31510, 221
39684, 385
3194, 281
36442, 737
25691, 716
33143, 7
31760, 554
7060, 777
38726, 824
19960, 785
37523, 483
1170, 611
19521, 29
32556, 671
14123, 632
27707, 909
15476, 733
6408, 398
23238, 989
3012, 191
19565, 428
1367, 951
38471, 125
3695, 96
13870, 417
481, 284
30360, 997
36281, 572
23415, 230
8524, 848
5713, 337
30676, 864
10722, 377
2459, 4
8231, 586
13602, 134
188, 162
16360, 477
6444, 905
10283, 432
4205, 234
15356, 608
35981, 906
35073, 780
3672, 100
19022, 826
9785, 35
12629, 322
37177, 947
26096, 741
23151, 23
3326, 757
2232, 619
6796, 712
29941, 448
7899, 908
36182, 809
27537, 552
11023, 651
39151, 343
12023, 120
6833, 722
3717, 318
23578, 724
26850, 917
24735, 778
12224, 561
21999, 855
24948, 365
20703, 770
25699, 403
10692, 0
30853, 295
20939, 304
1806, 968
32942, 572
31573, 784
11222, 72
27464, 438
32704, 42
8294, 332
30587, 436
37038, 595
12169, 345
34183, 662
26449, 891
28982, 653
2145, 792
34215, 566
22540, 639
36312, 37
638, 761
9426, 428
39167, 363
8484, 406
27581, 661
33870, 99
5496, 587
15865, 748
35315, 462
11474, 25
286, 755
17724, 885
30930, 691
427, 302
16904, 700
28690, 315
10540, 175
33964, 117
14767, 950
2213, 873
28098, 153
13547, 880
39519, 702
25709, 699
23178, 479
3135, 644
12088, 881
2372, 682
1617, 365
29854, 819
36251, 137
23641, 624
25458, 396
2910, 208
22370, 261
9823, 638
1887, 743
2856, 379
6611, 783
3024, 537
2483, 701
4194, 144
8178, 144
22159, 404
27054, 998
31402, 953
21970, 623
9052, 241
34, 958
13055, 969
25253, 839
25409, 119
18592, 233
28897, 242
24692, 25
16445, 651
19788, 865
30572, 215
32089, 444
27552, 963
30132, 4
30403, 361
23227, 314
1070, 996
20028, 419
32498, 610
26177, 215
6712, 801
20073, 58
2465, 874
18359, 397
8971, 228
26749, 447
23500, 493
13906, 486
19552, 761
7427, 705
4119, 140
1925, 576
35707, 885
15451, 947
24413, 236
39145, 958
24535, 440
1072, 414
31740, 270
36649, 38
20041, 675
23774, 70
1103, 591
349, 918
15422, 198
31578, 104
2971, 920
25139, 175
2521, 849
24460, 183
7299, 814
6149, 864
18265, 899
24341, 516
31039, 901
8130, 990
20494, 441
31443, 226
11984, 198
15099, 641
34564, 30
9214, 88
5584, 689
39997, 537
27285, 238
23263, 29
39559, 119
25214, 629
5182, 641
33745, 320
18976, 745
11584, 642
4216, 583
1126, 56
18494, 753
37387, 213
23419, 516
25285, 353
782, 152
35805, 934
29417, 262
13927, 638
13532, 36
38106, 419
34084, 948
28014, 986
7408, 441
37122, 2
11936, 913
33004, 225
15376, 422
18944, 100
21662, 980
29231, 450
21300, 88
16274, 952
37913, 936
13160, 542
2969, 911
7956, 484
27927, 683
32440, 863
12699, 850
32636, 882
14148, 298
688, 967
22505, 778
15119, 609
12518, 377
38011, 191
29076, 912
14334, 476
39448, 900
5661, 447
6586, 851
28065, 464
5920, 445
23407, 156
24710, 409
37565, 883
23505, 285
18220, 16
38461, 95
7007, 402
631, 915
23103, 639
3445, 291
38593, 947
20758, 728
22497, 418
8056, 405
24223, 261
27167, 601
12879, 978
18019, 228
4856, 335
31004, 656
6674, 334
7639, 509
12294, 430
1169, 405
35436, 88
14934, 717
21165, 224
14344, 333
23019, 608
7216, 69
27188, 623
5831, 903
39388, 475
34010, 648
19271, 545
30563, 790
26656, 565
29901, 773
22993, 923
33229, 831
31647, 267
27290, 384
602, 646
35973, 479
8420, 511
4881, 227
20627, 270
37883, 116
21150, 887
13223, 924
18939, 993
9958, 546
21510, 556
12418, 887
36009, 106
39121, 496
14376, 61
15465, 755
35113, 480
20337, 721
32314, 95
20172, 128
8575, 892
26747, 314
9648, 675
34948, 197
26662, 583
8891, 35
27156, 492
13394, 247
11088, 407
19434, 529
22191, 969
3863, 916
30455, 119
17500, 907
21277, 328
4736, 565
15304, 396
2784, 230
32397, 307
8603, 443
21418, 314
19048, 32
30156, 212
8403, 883
24567, 168
13539, 561
12562, 93
6470, 406
18682, 811
27595, 599
9492, 686
275, 704
23066, 841
38542, 889
37544, 720
17986, 765
23168, 326
4011, 746
17176, 73
15952, 403
26786, 646
37138, 763
7122, 133
30414, 101
11153, 641
11154, 368
8695, 33
8721, 906
7279, 157
33253, 422
11497, 507
18304, 958
22296, 500
10068, 499
28584, 272
12000, 766
15472, 460
29756, 463
7210, 515
9925, 248
926, 464
618, 886
2615, 401
858, 828
39476, 878
2851, 378
35904, 654
36519, 456
18390, 46
38642, 497
39009, 239
7221, 427
5390, 798
35544, 505
6722, 442
22805, 351
2315, 956
11920, 810
1162, 918
27594, 769
31263, 853
18787, 127
35281, 249
5805, 571
18926, 425
38196, 976
39628, 365
38537, 637
18030, 661
3942, 76
2062, 355
31672, 997
31973, 686
34350, 83
14494, 329
23121, 302
26503, 720
26944, 961
25488, 752
14404, 372
13301, 16
30301, 506
15061, 783
13215, 802
26774, 331
12439, 799
21099, 126
14530, 477
4187, 754
14440, 821
19033, 926
10974, 769
22523, 885
22622, 852
15245, 113
37388, 786
7057, 169
37271, 607
1228, 506
1136, 99
15893, 558
31884, 290
15548, 989
27940, 88
35080, 400
15482, 339
37598, 6
20023, 758
4783, 721
30000, 881
33339, 574
26253, 215
18968, 657
30481, 843
4651, 946
9840, 309
13738, 819
35172, 581
33738, 381
31898, 752
23589, 724
10812, 841
32156, 392
37499, 552
31707, 25
15453, 524
4923, 642
30751, 835
28460, 81
25988, 915
3940, 103
11483, 377
18237, 510
20607, 678
9387, 20
4291, 103
20409, 738
39188, 915
34914, 361
25889, 860
22972, 276
28427, 810
1501, 235
23799, 948
22766, 654
18478, 956
16440, 564
35991, 561
18868, 672
23009, 124
6751, 219
15462, 851
9611, 232
23140, 954
21306, 839
29961, 800
3957, 89
8720, 350
16831, 461
22707, 611
18278, 392
35915, 743
21267, 219
425, 467
24668, 451
19072, 622
4452, 813
23965, 340
31332, 566
33690, 185
34765, 448
11902, 836
27705, 150
27792, 960
26593, 77
21823, 665
27261, 371
9780, 407
36449, 929
34728, 200
36284, 613
4005, 124
9594, 413
11859, 908
31117, 853
9776, 563
24970, 647
16230, 551
10990, 998
10464, 17
17306, 424
7712, 414
37566, 863
20857, 847
15840, 308
14855, 397
39608, 684
25655, 192
27763, 546
2891, 239
29416, 694
13307, 115
11417, 241
26784, 740
7779, 420
12983, 760
36685, 732
7560, 395
23076, 910
9088, 348
30786, 186
36279, 171
10286, 730
31825, 290
25947, 757
35357, 195
19338, 895
28979, 248
9932, 852
19243, 85
24171, 981
28752, 433
15871, 203
35355, 1
23901, 933
19760, 92
16396, 7
34387, 555
11603, 556
7747, 471
11708, 158
10883, 434
1370, 667
11931, 839
34759, 369
6661, 399
15796, 999
30667, 122
7895, 852
5619, 834
23396, 44
36350, 99
32946, 142
17838, 979
5249, 424
39432, 607
13823, 66
19325, 710
21476, 610
37404, 644
23690, 413
19085, 774
16248, 164
15989, 309
18208, 698
10886, 798
15022, 245
15597, 464
39222, 288
7872, 566
124, 519
36743, 551
15232, 610
10134, 756
21527, 443
27268, 77
27663, 323
5300, 201
14429, 639
21351, 235
12512, 642
22143, 399
26043, 821
7270, 40
23602, 255
29252, 959
28257, 197
21523, 748
21987, 448
20743, 850
27271, 458
6556, 558
21396, 147
38511, 816
38109, 194
6979, 782
11836, 96
2366, 424
33182, 655
27180, 531
34952, 834
37257, 679
28905, 393
38235, 9
30931, 355
13733, 434
11338, 246
13533, 402
5491, 778
2280, 99
15111, 198
34823, 507
9821, 803
24805, 913
5526, 427
3606, 989
5156, 641
8598, 479
25177, 129
31846, 663
21848, 764
11293, 209
31737, 632
39429, 384
36024, 794
34164, 652
991, 345
28589, 528
28670, 875
16681, 637
19557, 12
13266, 768
23543, 455
17993, 647
25352, 514
35050, 376
3408, 667
36875, 163
1906, 714
28285, 295
7395, 800
45, 342
3485, 109
35242, 89
5563, 791
6750, 863
4966, 57
10881, 552
21206, 804
23308, 944
28109, 135
8408, 520
4014, 165
15447, 786
6924, 269
30458, 630
35047, 9
4686, 343
25496, 205
4584, 177
30408, 530
8034, 448
21728, 851
18625, 240
8785, 88
4634, 52
15400, 115
798, 722
22524, 310
33234, 302
10884, 481
8610, 821
28254, 846
13054, 746
13862, 111
12776, 355
31736, 882
502, 196
1016, 108
6807, 512
33782, 376
13270, 582
21199, 238
14640, 763
36336, 297
16345, 299
526, 715
16620, 184
30794, 50
12247, 456
11410, 464
27211, 374
34852, 319
16487, 213
28337, 906
15008, 654
10108, 589
16680, 775
25823, 741
4440, 600
10648, 602
4416, 609
2551, 128
31708, 425
20303, 26
927, 423
11368, 580
5084, 216
14456, 578
5594, 999
27380, 923
20128, 238
38892, 438
38624, 188
33107, 503
36265, 790
11585, 90
13271, 608
10621, 517
12968, 50
38008, 620
36936, 120
16374, 386
28110, 506
39441, 789
35501, 276
20129, 385
22778, 833
39168, 469
4026, 993
34481, 774
27605, 46
20308, 619
34960, 571
25604, 708
1728, 669
28883, 580
25060, 49
458, 935
32231, 806
7547, 201
15816, 345
25891, 311
16744, 476
2125, 933
36232, 592
22158, 629
27148, 540
35717, 29
3733, 767
23217, 494
31405, 346
10966, 284
5907, 560
29341, 74
30670, 711
3095, 974
26387, 648
621, 972
34209, 182
3594, 365
37580, 449
34512, 434
10709, 314
3468, 931
4520, 75
32289, 947
26672, 963
33384, 194
12675, 70
3780, 700
2238, 735
2199, 566
28746, 182
31836, 823
5595, 88
17980, 192
19728, 448
9103, 360
36511, 376
33303, 94
23993, 24
20386, 78
22452, 304
19384, 793
31875, 501
29057, 209
3497, 343
31348, 732
25520, 5
17597, 21
5840, 20
39035, 571
19695, 449
35006, 519
3868, 464
933, 187
37614, 939
23922, 573
36989, 626
37812, 889
2618, 24
26552, 236
6029, 365
24705, 508
24457, 918
9471, 418
25130, 317
35800, 734
34961, 182
23692, 545
9877, 466
29754, 283
15429, 768
20506, 502
39973, 536
18099, 758
38661, 765
12084, 837
3225, 769
9396, 410
12172, 223
7014, 158
10271, 248
18247, 298
30031, 68
35570, 194
24220, 980
28319, 269
34318, 176
38134, 525
37729, 563
2957, 130
38087, 750
32967, 483
2174, 805
1245, 418
25074, 625
28766, 795
32475, 253
23732, 200
18489, 48
15412, 871
10600, 934
2303, 888
5380, 374
33962, 141
4669, 771
7754, 711
31059, 940
3859, 48
20271, 573
15943, 645
29642, 575
20863, 418
13884, 885
27810, 887
21658, 473
32007, 403
8562, 150
27658, 610
30774, 733
3343, 415
14811, 59
10440, 780
25745, 381
749, 479
26401, 644
23250, 914
29688, 840
33974, 121
38446, 105
23565, 363
16799, 129
24857, 128
34654, 175
6953, 688
18853, 356
37529, 640
9398, 319
6384, 573
34782, 708
34586, 306
16304, 618
16977, 96
22644, 61
21568, 43
34099, 854
13096, 330
25531, 131
1618, 726
28170, 690
17203, 871
2365, 691
27269, 857
36476, 986
13952, 86
12296, 353
35781, 842
35964, 749
9639, 166
24741, 968
33527, 774
35662, 458
4141, 438
14374, 746
16776, 890
37762, 544
31184, 548
6182, 158
16656, 317
34576, 404
19987, 658
34009, 521
20818, 643
14551, 245
9063, 918
31478, 83
37951, 543
5645, 403
7223, 277
36471, 278
16062, 314
5427, 852
1311, 794
4413, 121
32136, 408
18140, 385
9523, 425
37641, 664
251, 760
30001, 677
16947, 634
1029, 406
23655, 805
28773, 13
10575, 773
32291, 107
21846, 624
18321, 138
31746, 297
22232, 156
7949, 438
25808, 832
6035, 462
35448, 925
17729, 669
28577, 16
5549, 77
4999, 709
26590, 838
12314, 689
27025, 238
12177, 773
12790, 895
4456, 374
16706, 352
20951, 498
33634, 832
9273, 358
16686, 356
4811, 611
12402, 526
17021, 258
22987, 4
32340, 423
31695, 533
25790, 323
14726, 571
5757, 396
20943, 582
20845, 599
4233, 316
2896, 187
31998, 795
30033, 320
13723, 80
19459, 967
21091, 97
11871, 772
20486, 304
2116, 466
37220, 320
5441, 923
25428, 440
30877, 447
17448, 35
28799, 742
24402, 69
25671, 697
31456, 97
25853, 177
26478, 567
4605, 54
16372, 10
19899, 73
2977, 782
28278, 277
20078, 690
8904, 848
5444, 753
14051, 891
14515, 910
14643, 989
25394, 743
33935, 223
13990, 799
29025, 905
17161, 55
11521, 54
6496, 217
39969, 300
10685, 86
34123, 286
28167, 856
5125, 755
12141, 436
34050, 757
15981, 406
38068, 392
14038, 965
6473, 316
2753, 176
5388, 704
30850, 664
23598, 887
4238, 184
34065, 920
363, 965
2652, 364
39038, 8
14215, 367
38944, 836
25782, 696
20106, 271
36160, 914
13485, 268
2876, 699
16476, 922
29968, 3
1759, 793
9338, 97
19905, 153
21251, 672
21861, 461
33222, 294
11220, 248
16082, 891
32042, 235
6364, 663
3384, 987
30783, 569
9979, 608
30936, 626
8810, 187
7749, 174
17637, 378
13356, 361
15005, 594
1720, 606
7310, 103
17131, 276
14269, 632
32808, 308
35147, 521
6008, 420
2223, 229
10121, 462
28495, 79
28950, 713
27905, 254
30084, 676
31041, 351
15776, 366
18076, 874
17749, 435
4817, 696
33937, 812
27523, 42
19965, 211
38985, 968
23038, 952
11261, 125
28114, 939
16584, 327
17532, 556
29887, 516
8049, 414
13803, 98
13226, 704
20836, 95
12594, 158
31072, 241
8214, 535
6479, 973
38522, 948
14517, 635
8218, 765
31034, 653
32971, 675
23252, 381
23601, 31
483, 415
29680, 568
12696, 448
178, 634
20844, 181
952, 623
22919, 877
25184, 298
14790, 721
3060, 918
30307, 155
38121, 242
31164, 216
18320, 977
3986, 739
38954, 973
29072, 222
39029, 155
32076, 867
21660, 765
26980, 178
24133, 882
33181, 446
10544, 64
31844, 116
24405, 202
11438, 396
23533, 469
965, 990
31128, 664
5553, 937
31787, 146
25343, 703
28474, 708
33500, 451
4451, 29
14095, 458
33464, 282
16549, 846
26487, 937
15017, 977
25460, 855
34181, 978
1963, 653
24802, 757
16755, 107
15637, 954
30500, 935
9994, 841
20753, 248
24260, 117
34473, 896
1679, 642
28072, 297
3169, 601
26075, 515
19466, 360
39099, 316
13494, 942
13351, 94
11668, 788
26917, 434
28233, 998
34794, 422
9311, 622
39568, 234
38975, 859
8855, 926
34860, 656
23284, 675
33186, 470
36823, 47
8709, 235
16013, 453
6361, 532
508, 134
7901, 348
29387, 506
29928, 899
23740, 433
5228, 642
28378, 860
23362, 940
25107, 811
11267, 125
22345, 674
12019, 555
16469, 937
11332, 733
9568, 703
1429, 65
19295, 712
28372, 170
945, 329
5759, 105
28909, 682
16081, 149
38188, 405
36307, 352
25935, 49
19937, 364
29939, 810
23976, 639
8455, 413
15846, 604
14381, 316
8449, 777
13322, 463
8532, 167
5364, 358
26161, 464
31543, 862
193, 41
27417, 333
21904, 812
30770, 988
38880, 104
22075, 27
1692, 973
24890, 576
12308, 209
3018, 96
4415, 421
32958, 12
32894, 367
17911, 112
8356, 90
19781, 946
17455, 996
38915, 854
9007, 473
6461, 164
22522, 950
38229, 710
18842, 999
37390, 745
23710, 187
15228, 105
19983, 591
10027, 921
20733, 698
26063, 802
12337, 624
17227, 72
21220, 990
29342, 332
29586, 869
32977, 207
7635, 632
26733, 120
10771, 278
13384, 81
5190, 969
12033, 613
26577, 849
39961, 190
17540, 915
36605, 91
34180, 10
1599, 371
29769, 287
21481, 331
23738, 420
11289, 595
29869, 413
25317, 615
19347, 750
31696, 156
21211, 503
5255, 391
17948, 511
3368, 147
14932, 59
14172, 253
1074, 108
1035, 320
3470, 845
2038, 694
7316, 637
39514, 76
21183, 600
28067, 671
3969, 654
18910, 298
6067, 927
28073, 276
37474, 578
30685, 271
26782, 454
24324, 261
6706, 740
6596, 575
20253, 885
21596, 437
34813, 311
19556, 701
31158, 801
31148, 777
35002, 585
19254, 959
11812, 72
39246, 325
18634, 460
14387, 286
11275, 417
10031, 612
17509, 143
19868, 321
13355, 971
36149, 46
22776, 297
5114, 236
39772, 266
917, 199
26962, 97
21836, 266
3078, 942
2791, 902
26103, 964
28907, 312
8065, 466
38092, 422
15322, 913
15405, 105
18780, 855
16982, 889
38163, 654
7312, 671
32038, 262
28161, 929
18683, 15
3559, 655
5090, 621
16774, 975
7085, 489
36845, 839
29526, 301
19520, 521
8717, 241
33991, 191
4530, 140
28171, 456
3494, 420
1283, 157
5042, 938
37358, 918
3647, 838
27778, 690
15082, 814
29067, 478
34342, 17
10219, 200
29880, 5
20335, 65
36963, 920
2626, 914
37187, 739
26797, 308
7169, 82
16841, 990
4166, 51
13867, 289
39816, 516
32691, 420
15454, 552
14885, 723
36945, 835
10975, 76
16991, 291
22374, 108
33762, 731
2543, 508
19942, 864
11698, 576
22797, 498
1942, 342
3108, 756
29117, 313
21037, 389
21830, 944
15821, 609
37383, 108
4332, 935
18382, 118
15564, 702
33733, 956
1502, 706
28626, 674
38177, 17
9726, 642
23756, 152
3994, 445
36736, 997
31920, 85
29895, 642
787, 825
10261, 270
5218, 598
15125, 858
13086, 568
20074, 597
29740, 251
25386, 642
17258, 986
12687, 389
19023, 909
15862, 884
29714, 593
8992, 235
32476, 90
23170, 291
34846, 860
3527, 806
8708, 218
14198, 773
19134, 288
16209, 818
35046, 77
38849, 237
4322, 934
2668, 909
27060, 214
19994, 73
34726, 383
29557, 971
5426, 29
13984, 914
9721, 434
12959, 122
3314, 480
34660, 577
30926, 446
27631, 473
30381, 40
16162, 84
39310, 800
24536, 640
38687, 601
34597, 378
28239, 70
4383, 932
17283, 703
376, 369
17505, 408
3199, 89
11463, 406
3687, 508
30379, 18
17586, 131
23569, 162
16746, 711
12540, 966
18469, 306
22401, 730
36522, 180
34722, 188
2658, 745
38226, 579
4667, 199
30160, 683
34793, 663
12193, 157
11578, 662
29134, 938
23957, 546
38750, 377
36923, 929
20605, 56
14548, 747
19014, 915
33559, 115
33025, 908
35321, 508
32424, 616
33638, 944
28794, 285
12215, 411
7107, 856
19870, 980
20360, 657
644, 585
13309, 953
15740, 139
33147, 975
16696, 108
37239, 7
17886, 730
7024, 70
1378, 401
19233, 677
15355, 65
18163, 467
16666, 179
14775, 474
14350, 913
27429, 507
36508, 749
35194, 582
12794, 536
29097, 526
35299, 577
23642, 225
18997, 945
17808, 600
7922, 729
17079, 775
32126, 150
2862, 322
37573, 870
27565, 130
15665, 209
33912, 582
1592, 633
32462, 411
16342, 293
29437, 300
17802, 623
3529, 981
3383, 102
21339, 539
24001, 858
31487, 745
8154, 895
1894, 350
25633, 375
20675, 447
33434, 312
23691, 978
12517, 119
18651, 991
32135, 823
18922, 178
23739, 204
5425, 762
8256, 575
3629, 936
11790, 669
18897, 80
27237, 357
4197, 77
13050, 566
14859, 643
24783, 612
10515, 1
32371, 631
9886, 774
24736, 232
1832, 745
35734, 425
26271, 434
19070, 336
3139, 403
36115, 345
15330, 485
29980, 94
11974, 89
34257, 219
21681, 152
29136, 704
35056, 942
18269, 535
36688, 213
1143, 991
4757, 382
32990, 380
32670, 128
11301, 370
9965, 6
16456, 507
10380, 503
11167, 214
18828, 243
19915, 540
6325, 453
13765, 256
4353, 688
19178, 715
30188, 703
15900, 508
33444, 304
16523, 500
12289, 797
12713, 388
1889, 33
1490, 463
9916, 814
7660, 564
4122, 109
34755, 90
34587, 100
15165, 853
16040, 556
1446, 182
5604, 817
33562, 737
2546, 968
29719, 857
24833, 312
8624, 86
34802, 936
34936, 732
673, 174
30383, 930
16613, 712
31258, 306
32761, 202
38558, 336
39417, 445
1032, 386
33148, 195
25064, 226
25669, 112
15070, 572
35018, 82
30547, 75
1955, 100
24968, 647
25032, 397
29896, 21
14401, 767
22399, 636
39507, 125
182, 914
23228, 68
20173, 352
4360, 375
1333, 781
16515, 167
23085, 329
10684, 884
25282, 398
16504, 205
22777, 936
1900, 28
21222, 938
37203, 834
2739, 586
1515, 179
23297, 968
7637, 642
10428, 990
19984, 407
35278, 249
38041, 28
17025, 571
13422, 214
21101, 667
31144, 574
14993, 646
37300, 382
13710, 148
1966, 612
12021, 651
11862, 175
6631, 431
12420, 704
14185, 439
39030, 684
30596, 393
25888, 673
19136, 226
38825, 590
7473, 107
7043, 535
20238, 79
32323, 956
15, 224
35471, 830
33708, 305
3816, 521
32849, 655
17159, 211
1397, 176
11923, 770
27089, 464
26167, 785
33440, 900
23054, 700
5277, 25
19285, 986
36758, 310
36068, 931
39261, 972
7856, 333
28757, 194
25268, 577
25825, 135
13753, 572
34899, 883
37144, 549
26702, 340
3808, 579
37281, 392
11582, 966
34042, 200
10873, 6
5756, 640
595, 857
31355, 536
9356, 650
29421, 862
4730, 747
1858, 295
7620, 118
22437, 967
34664, 730
29038, 44
37341, 366
2318, 635
25251, 163
2359, 937
4658, 166
37229, 64
3503, 683
15002, 484
33480, 345
15702, 738
33635, 39
9702, 620
39114, 553
28631, 491
25309, 524
34402, 939
35897, 173
32463, 672
28932, 722
29006, 994
18198, 465
10662, 728
34251, 114
15477, 906
4838, 644
20148, 598
12941, 487
12707, 440
38553, 893
29492, 693
30048, 948
31189, 922
38962, 366
15344, 859
33254, 873
29083, 839
9162, 777
27136, 440
18932, 765
8027, 494
4192, 727
5497, 21
25632, 383
6995, 864
37127, 561
10299, 648
18671, 909
38081, 736
9363, 679
23495, 850
14325, 684
32754, 784
15590, 589
24118, 290
22141, 126
8585, 123
28259, 355
31105, 855
9774, 226
25375, 30
39394, 892
29298, 524
39543, 569
22415, 315
464, 104
39350, 326
11111, 946
22250, 298
17944, 243
37769, 275
14611, 48
20119, 776
25225, 224
242, 195
9820, 752
14147, 300
4616, 339
6285, 308
29510, 959
38034, 94
24667, 718
36755, 185
2358, 998
39336, 200
6673, 87
17651, 852
8028, 239
29187, 268
12081, 527
23229, 121
214, 825
11258, 193
5112, 243
11365, 734
7837, 15
18356, 204
1057, 565
36922, 533
25405, 350
20536, 64
547, 561
14903, 513
23548, 418
16111, 183
29560, 781
1265, 882
37005, 727
39971, 693
30728, 192
18713, 799
12861, 202
25262, 137
4513, 901
31028, 141
18743, 983
6899, 56
6932, 499
14008, 246
19708, 79
1665, 178
29661, 772
39988, 152
24617, 789
34554, 653
27238, 637
35183, 170
6136, 661
4668, 325
24635, 399
30613, 177
31669, 963
17459, 14
31103, 547
29568, 200
26367, 710
18387, 596
27908, 268
611, 704
22914, 210
21488, 519
7953, 460
4473, 491
22421, 919
5625, 9
30103, 449
24679, 391
33126, 543
20993, 555
15742, 662
5178, 939
39341, 755
19663, 979
23440, 694
29200, 647
7959, 683
11970, 317
12249, 592
4347, 521
36239, 894
35354, 495
35503, 720
2646, 904
10900, 983
38863, 415
437, 793
38945, 164
20891, 304
14693, 855
35579, 962
22392, 433
32436, 483
1011, 852
739, 311
29512, 387
27812, 603
29790, 878
18215, 307
18593, 76
37789, 700
38063, 26
27849, 446
23536, 442
28721, 120
19986, 816
22946, 297
17477, 508
14081, 241
10610, 955
708, 395
14200, 47
35799, 846
3000, 497
1794, 303
36570, 89
30226, 515
39853, 187
38482, 244
10973, 130
20158, 531
39401, 885
22742, 861
29299, 842
7987, 679
15814, 685
17947, 682
24993, 273
10856, 762
36610, 934
38940, 352
20438, 547
7661, 853
7655, 515
11618, 551
24480, 901
2041, 985
33289, 862
18002, 783
23208, 848
7930, 52
21362, 49
21100, 427
14618, 851
33798, 399
5507, 666
16014, 332
38556, 55
14821, 518
17836, 174
4045, 89
30574, 133
17409, 470
7818, 103
22896, 839
30486, 644
10329, 837
16917, 934
32501, 602
7171, 301
25491, 122
9581, 125
26587, 861
11046, 359
3995, 781
21672, 866
9411, 711
4745, 974
470, 225
21250, 780
25200, 753
6984, 511
36619, 551
27788, 151
13589, 838
29721, 871
29143, 388
17916, 358
6305, 444
34559, 594
1063, 533
4399, 814
19819, 606
19835, 519
28729, 212
10687, 480
36920, 757
7220, 555
33953, 319
34116, 108
4586, 136
14764, 728
20473, 420
35339, 220
36827, 306
16193, 11
26856, 849
1621, 168
20389, 751
2741, 486
22304, 882
8941, 52
15073, 6
26639, 23
29015, 553
20514, 526
9433, 341
7839, 152
18315, 187
7099, 425
14751, 212
13100, 439
9643, 278
38437, 259
33649, 374
32269, 263
8167, 65
17829, 479
19966, 880
12800, 438
18473, 397
31955, 168
12771, 647
34117, 854
11717, 140
2917, 212
23372, 93
509, 3
4354, 800
16222, 581
13980, 737
36119, 40
33582, 533
30288, 655
33241, 537
13961, 381
30318, 992
19482, 299
5665, 478
24899, 312
37926, 392
26870, 801
21271, 874
38848, 326
16381, 53
23779, 259
7129, 271
38490, 390
6005, 352
31811, 851
25863, 871
39873, 423
38071, 926
13774, 936
21254, 324
17681, 86
27575, 986
38699, 385
4069, 559
196, 777
2173, 760
22831, 975
23099, 622
23384, 609
5063, 241
4801, 113
27780, 740
191, 582
2029, 176
21275, 516
1827, 824
29095, 279
12765, 341
27353, 382
37178, 598
35171, 668
8229, 277
14525, 749
32111, 0
531, 292
22667, 138
2802, 105
35952, 387
21912, 314
12223, 878
20962, 150
11295, 393
39262, 935
12977, 935
20070, 308
34056, 969
37448, 980
39757, 966
2883, 80
21433, 335
36220, 738
38412, 816
16031, 449
6268, 472
7349, 504
32797, 267
22093, 348
36256, 518
37457, 86
29399, 859
23686, 618
6262, 748
10392, 83
24333, 744
31113, 522
35153, 38
18348, 934
32640, 446
2400, 39
30358, 957
9123, 390
11306, 131
37105, 210
5470, 643
7925, 953
39687, 183
21766, 311
30753, 992
6464, 732
17481, 507
1982, 287
25372, 161
21700, 283
30054, 282
22827, 972
30161, 726
5144, 559
39497, 541
32251, 889
5749, 733
6455, 132
31796, 515
21600, 717
11349, 92
26486, 193
21234, 364
61, 295
18134, 688
10864, 592
23682, 838
34745, 739
5748, 830
33448, 401
7141, 624
693, 373
25809, 159
36644, 328
10922, 413
37365, 481
27393, 285
14555, 831
27551, 587
30019, 372
12216, 421
16771, 1000
16316, 681
1431, 12
32976, 955
36285, 836
29930, 918
6498, 620
12705, 469
26342, 600
35457, 893
34282, 703
12154, 591
36744, 766
14842, 902
15606, 704
421, 548
12628, 174
2698, 92
27662, 782
7946, 663
38093, 36
3074, 465
4941, 80
5438, 329
16329, 294
4929, 578
36196, 721
36241, 115
27401, 340
16269, 320
31712, 299
26135, 997
23139, 156
2584, 799
35146, 661
16349, 809
30357, 893
29418, 167
32950, 414
28845, 292
28444, 302
37751, 526
20478, 566
22096, 138
34826, 100
8431, 760
6562, 979
39014, 521
31723, 902
7863, 475
18484, 33
201, 306
15872, 726
2063, 349
30425, 165
36098, 629
3068, 453
8652, 588
18914, 164
34243, 473
18909, 999
37379, 138
25993, 363
35461, 805
15090, 657
31344, 637
38853, 825
31882, 809
14609, 495
5204, 910
24360, 801
14660, 270
27642, 97
11032, 229
28152, 848
29914, 558
30838, 642
20109, 196
12795, 802
28038, 70
11396, 831
1587, 994
17895, 648
22759, 9
34073, 308
33545, 88
19206, 117
29284, 44
37783, 714
39473, 628
18827, 761
26407, 546
6276, 754
20865, 120
314, 837
6084, 856
16459, 243
23841, 744
2868, 375
26336, 466
36701, 618
14211, 411
25981, 964
36589, 830
6410, 215
24217, 30
25869, 111
2148, 605
5705, 104
8689, 845
24325, 715
1538, 957
28140, 593
19882, 936
8914, 8
18769, 487
38075, 154
34264, 135
33585, 286
34051, 649
33333, 92
4706, 103
743, 425
27948, 127
15444, 25
35877, 930
5768, 590
14299, 930
33575, 439
25602, 87
27257, 735
34106, 695
22299, 705
1870, 520
18331, 476
22564, 697
8591, 192
16442, 237
24400, 210
5077, 702
14699, 611
29316, 927
25532, 446
5161, 242
12612, 662
3220, 276
8186, 580
39976, 381
7662, 782
20283, 796
69, 205
5800, 289
31911, 179
23527, 428
22024, 417
31032, 531
16405, 703
32755, 138
23133, 885
32784, 368
14348, 928
633, 177
34682, 880
37423, 338
32198, 141
22552, 261
226, 303
7375, 365
35811, 199
29225, 108
21569, 224
37767, 465
33476, 554
36345, 571
33223, 319
34578, 80
10823, 877
1842, 2
3109, 791
6151, 738
22820, 712
22113, 960
10087, 801
24661, 638
24138, 401
19312, 236
2111, 963
7110, 414
30519, 617
39931, 169
3429, 166
8022, 342
11640, 176
4684, 7
23978, 751
18746, 171
27931, 317
37226, 715
21238, 66
35919, 422
6775, 923
15905, 918
3071, 316
34195, 914
15129, 470
36785, 495
1682, 106
29435, 866
31676, 122
11569, 377
4267, 149
11025, 797
17972, 405
706, 956
17298, 387
19390, 932
38714, 26
5621, 438
8939, 574
18289, 952
32522, 809
22322, 294
24210, 5
879, 528
17030, 488
26864, 318
11820, 105
4365, 636
5592, 767
16121, 604
30250, 306
19301, 224
1659, 682
30450, 417
17942, 615
33312, 793
39081, 901
38835, 56
16574, 707
29269, 613
1873, 388
15248, 619
20300, 663
17105, 730
8392, 530
264, 167
35670, 201
2006, 442
18064, 163
31985, 632
5698, 315
19800, 662
34185, 52
4526, 166
33221, 895
27469, 958
35844, 803
31498, 803
4755, 723
33847, 900
7627, 556
2552, 34
13127, 423
3240, 222
21635, 636
11115, 110
35015, 62
1563, 982
18158, 591
7690, 466
15807, 411
39274, 578
6350, 502
35298, 690
3757, 91
32725, 640
27973, 491
35745, 625
23660, 340
18720, 2
25893, 757
23954, 222
23360, 480
9805, 53
24952, 64
14734, 82
21997, 186
3214, 698
6902, 572
36728, 695
38519, 613
32403, 736
9860, 163
19380, 694
21690, 740
23287, 634
9556, 989
506, 509
32350, 361
24380, 825
12521, 494
18599, 48
21473, 429
38405, 639
13724, 868
12484, 37
36292, 485
2426, 562
33776, 370
37745, 208
7464, 84
30021, 746
6426, 797
31497, 566
5864, 181
33567, 37
8910, 35
13501, 395
16338, 417
36492, 115
10024, 414
13043, 714
19487, 866
4436, 174
28899, 805
36021, 917
35499, 968
32565, 772
25761, 842
28279, 80
14545, 237
13481, 62
11577, 770
25129, 243
28295, 360
33760, 915
34144, 725
36723, 650
37139, 448
28598, 195
8035, 250
5000, 439
23884, 843
17932, 368
25383, 174
36602, 505
31097, 756
16525, 719
21957, 360
25675, 631
6517, 986
18411, 138
4297, 460
33570, 793
10215, 66
35875, 115
9629, 370
19287, 151
27709, 475
36667, 715
16037, 814
30426, 567
20242, 704
23820, 901
19304, 49
38621, 134
12331, 932
26654, 615
34322, 155
9166, 202
34394, 544
24285, 437
19348, 628
17867, 691
3745, 677
19413, 130
25576, 87
4511, 419
30760, 363
29408, 135
4367, 376
23672, 165
10230, 741
19579, 730
20637, 210
5746, 880
31298, 823
5410, 185
2673, 754
19529, 431
28939, 20
25455, 374
34276, 418
37076, 932
10348, 266
18889, 944
16688, 907
38282, 390
20015, 53
30925, 249
34855, 79
217, 385
7599, 688
27832, 848
5602, 998
38112, 454
23688, 306
33370, 61
2608, 44
31186, 378
32307, 652
30915, 460
5861, 422
10980, 227
28266, 127
6321, 681
8731, 269
20598, 404
17333, 764
39972, 147
29700, 55
22207, 701
960, 281
31959, 693
32525, 216
14140, 145
24577, 719
39117, 994
808, 651
9623, 796
8406, 764
11540, 627
7958, 257
38444, 367
26527, 492
39364, 924
20910, 799
16994, 65
37595, 839
33397, 16
16657, 187
26288, 466
5925, 560
23603, 857
27619, 249
27622, 686
35247, 774
1521, 347
19071, 286
3455, 542
37995, 808
4036, 962
18446, 789
19816, 752
20284, 798
660, 175
9442, 874
26999, 665
6102, 145
16669, 781
18710, 269
1764, 44
32035, 755
37840, 383
37418, 756
14948, 597
5432, 386
26055, 351
31218, 943
18346, 39
22238, 775
31170, 683
9677, 438
28128, 776
20761, 49
13514, 891
20530, 611
6220, 999
28554, 701
38328, 116
34858, 279
14287, 219
18087, 367
4070, 46
14042, 995
4183, 228
28242, 28
29528, 894
15873, 892
2781, 163
16410, 383
9845, 441
21124, 750
32801, 415
33675, 844
1, 659
33493, 279
23045, 210
13157, 822
18581, 488
988, 279
18925, 943
5391, 533
19357, 514
8025, 617
29137, 618
27970, 840
18557, 59
1364, 464
14417, 530
36866, 53
18515, 677
10237, 576
20362, 841
27913, 671
19637, 694
20847, 130
7422, 683
17293, 88
17077, 481
35888, 350
31918, 120
34459, 298
439, 834
26314, 23
4248, 36
21602, 299
39915, 954
33757, 309
721, 149
5551, 745
9712, 620
30623, 399
20414, 988
11475, 925
20840, 529
3363, 589
21233, 52
23836, 937
32812, 260
38563, 446
28733, 704
38436, 899
34444, 278
31873, 137
27190, 561
5519, 175
21849, 186
1913, 386
6810, 253
10728, 485
13705, 73
33343, 901
31528, 438
3450, 39
8548, 483
29728, 225
37223, 946
31049, 249
10859, 269
26617, 961
6312, 779
23363, 920
30191, 700
29177, 831
5962, 769
26892, 621
25570, 42
14685, 58
36395, 621
30405, 371
7428, 646
30978, 460
18636, 643
22970, 958
28687, 735
14321, 440
2503, 281
29233, 156
8746, 677
16010, 633
5538, 928
16537, 112
21810, 433
22092, 828
30631, 562
30864, 516
24158, 51
13379, 435
30529, 767
12044, 949
36886, 231
11468, 661
38481, 6
1020, 603
18941, 406
18419, 313
4013, 462
11630, 271
34349, 201
32059, 834
14393, 406
4148, 931
32433, 713
16692, 554
13302, 1000
9930, 76
35625, 424
1848, 859
18129, 385
27747, 382
2090, 44
21654, 740
37938, 867
31614, 522
13681, 89
701, 935
27701, 891
15015, 661
5436, 927
36675, 999
7656, 503
31435, 368
11986, 441
23560, 409
35274, 958
27013, 73
34635, 290
10967, 584
37803, 156
16424, 329
16723, 184
33544, 298
24818, 649
34080, 221
2325, 681
30266, 781
141, 599
8135, 22
29420, 494
3438, 814
33581, 2
5163, 378
10977, 836
29709, 519
1663, 289
10225, 922
9686, 604
17263, 184
20044, 832
995, 429
5250, 428
37182, 406
1171, 537
10695, 336
17158, 120
27801, 839
6003, 33
22008, 635
34064, 98
18204, 529
3246, 993
25622, 225
19564, 732
16682, 407
25625, 664
5940, 812
36819, 967
35360, 396
29474, 116
5493, 690
529, 919
23064, 91
1684, 749
28354, 753
14655, 996
3181, 253
2889, 322
23080, 909
13113, 635
31566, 321
15043, 807
14626, 327
8290, 540
3020, 683
32904, 837
11706, 544
33262, 261
118, 628
17577, 59
23974, 406
907, 300
33547, 300
18477, 288
5405, 253
35971, 887
38504, 487
8738, 715
4926, 89
7025, 389
14183, 867
1350, 607
25474, 892
23166, 972
31600, 791
35584, 983
17934, 815
35048, 464
4876, 906
15594, 943
35614, 470
3884, 136
38078, 193
10676, 192
13004, 92
15134, 649
37019, 734
4702, 749
31639, 663
36227, 154
23614, 559
16117, 932
24464, 207
23532, 241
9190, 727
9443, 209
347, 95
14524, 253
31584, 910
33924, 551
17052, 935
8787, 432
30608, 863
22236, 975
19796, 566
34372, 756
17319, 850
36491, 77
15577, 218
37193, 783
39570, 702
29092, 506
33873, 514
12555, 98
11823, 488
28047, 638
5856, 12
12427, 131
2605, 730
28490, 267
16910, 695
17575, 920
8817, 724
17347, 233
33033, 939
28649, 460
29527, 374
12622, 39
27943, 621
6903, 468
39470, 148
22225, 197
21260, 514
29909, 305
21802, 526
13468, 240
20163, 573
14442, 877
18305, 307
6547, 888
1193, 581
10829, 223
33019, 281
522, 221
35572, 76
25294, 336
5690, 467
25194, 750
13591, 400
4254, 237
17154, 787
31947, 968
12923, 826
9479, 974
5100, 583
6619, 562
36040, 996
35748, 693
2557, 485
18843, 173
6818, 294
13667, 1000
9096, 45
37282, 896
413, 548
11159, 91
39517, 208
19976, 68
27844, 427
1772, 298
4281, 781
334, 223
19654, 74
8310, 986
2974, 755
2030, 408
28723, 108
13186, 439
4725, 496
14834, 407
1201, 59
27133, 941
7261, 489
34898, 808
31833, 368
20968, 33
37334, 171
38981, 261
33304, 60
5754, 339
36626, 303
13973, 123
36940, 28
29868, 878
9439, 962
37636, 638
13799, 457
1230, 862
18232, 200
2473, 709
23136, 238
38939, 19
38645, 724
19116, 697
25931, 892
25651, 673
33940, 971
33268, 33
2143, 693
194, 348
25414, 515
18028, 238
26460, 879
27890, 350
3011, 364
21086, 859
2282, 557
19580, 112
24742, 363
23466, 157
5222, 573
15174, 735
24867, 750
18562, 516
32684, 599
28222, 635
22581, 417
7108, 895
30652, 272
8170, 825
26566, 795
31433, 791
29054, 832
33792, 807
9452, 165
15945, 613
32665, 250
26353, 611
2420, 716
9309, 649
36070, 828
19202, 779
28105, 304
27694, 827
9200, 444
9022, 39
37017, 411
890, 309
11975, 13
37622, 791
17442, 342
5938, 823
32885, 527
34812, 140
26223, 482
29587, 357
9849, 703
5993, 430
7706, 448
2106, 416
12809, 724
1686, 650
39361, 697
9197, 322
29365, 159
7807, 49
31721, 973
125, 549
17718, 390
29908, 1
23783, 723
12727, 450
8549, 374
34076, 742
8645, 215
13316, 29
38934, 688
10412, 510
16213, 100
35240, 459
26833, 222
11900, 210
22651, 927
16780, 315
30244, 408
591, 753
12063, 99
985, 768
3555, 688
5515, 659
20417, 992
31589, 640
11231, 622
34383, 144
4812, 613
18061, 164
14622, 33
35699, 642
38210, 119
22751, 302
18579, 43
31891, 770
29900, 724
36585, 482
14962, 909
28294, 813
29610, 972
9380, 922
29009, 508
19675, 932
34047, 109
5885, 992
16451, 648
18524, 546
2968, 977
7460, 436
2912, 256
32448, 962
703, 674
25098, 718
18189, 504
9383, 76
8504, 291
7284, 809
747, 746
30273, 839
38816, 927
30947, 289
32952, 715
15773, 307
37120, 151
3720, 684
13714, 25
25240, 240
6879, 394
25817, 907
16419, 338
22713, 396
31912, 76
9068, 857
33116, 353
34112, 402
31886, 57
11335, 701
13800, 820
30023, 802
33866, 725
12401, 737
24265, 338
30291, 29
27359, 481
25034, 88
35269, 75
26021, 205
15627, 637
11732, 857
7979, 952
23021, 402
36526, 287
6548, 51
29624, 327
27395, 801
1562, 189
15289, 248
10890, 117
9060, 938
32763, 613
16444, 530
240, 489
19288, 929
31031, 929
38277, 140
6853, 962
33060, 690
24336, 771
21555, 969
27749, 984
16220, 15
27317, 445
37337, 515
23000, 475
542, 475
1767, 7
20734, 816
14972, 660
26596, 397
11609, 481
908, 726
8368, 592
15084, 491
32112, 228
23610, 183
38891, 177
13415, 443
36679, 458
13847, 772
22884, 913
21721, 50
1212, 205
27585, 475
26234, 374
25359, 882
5944, 711
27326, 89
32040, 298
34407, 286
39457, 342
2864, 352
21974, 716
18690, 525
10178, 784
9828, 551
35077, 39
3373, 952
26678, 472
10122, 745
39962, 436
22520, 773
10604, 321
489, 844
26073, 776
15623, 374
27007, 811
22196, 741
38627, 700
24089, 381
39620, 758
2343, 774
860, 769
9715, 226
16763, 258
38828, 515
28291, 601
37591, 85
23233, 501
31953, 771
39575, 147
11575, 554
35986, 9
9070, 726
6858, 306
19223, 758
38278, 959
4548, 106
35738, 367
34535, 44
8614, 510
15611, 100
28051, 502
1127, 76
39444, 966
34384, 914
28750, 430
20181, 304
8489, 511
1017, 950
12488, 719
33130, 797
27715, 725
21895, 524
1314, 60
28219, 253
14712, 275
16407, 63
32487, 699
2423, 608
38695, 893
20715, 465
25145, 786
31290, 317
37963, 15
11756, 612
39170, 643
36238, 916
4737, 291
27436, 457
4356, 347
11955, 271
4220, 755
3822, 162
25549, 816
25106, 25
37037, 117
2445, 592
3453, 978
32855, 941
18500, 807
24499, 624
14715, 978
906, 906
21365, 838
17859, 302
30854, 927
31775, 378
21067, 228
15595, 855
5127, 851
30457, 140
35390, 380
3730, 999
27691, 41
24980, 331
10906, 276
31742, 379
570, 797
29350, 758
27861, 416
18053, 361
3388, 158
12494, 608
34005, 46
2378, 651
6398, 521
33054, 432
36938, 263
38169, 547
15636, 594
8533, 341
36750, 850
34669, 427
21720, 346
21865, 17
31291, 413
37218, 609
8765, 53
9644, 777
603, 826
2511, 4
10552, 367
16335, 614
12736, 235
1054, 616
8498, 237
11019, 283
2749, 713
34089, 514
30891, 967
25991, 612
20554, 804
24251, 320
31797, 468
15822, 904
11405, 170
2687, 607
23577, 890
21906, 934
11050, 523
18495, 664
21058, 278
11083, 820
24121, 267
5081, 932
10227, 616
29685, 474
1150, 78
34677, 423
2777, 623
857, 766
38838, 191
34924, 7
5532, 743
2332, 318
13504, 629
29226, 109
30737, 985
21579, 790
37316, 655
31259, 881
7934, 270
37731, 101
10661, 765
36646, 324
30805, 502
37477, 733
22151, 645
16640, 712
9751, 314
35256, 676
29451, 794
33216, 371
18527, 518
10222, 298
17825, 419
1799, 560
37293, 968
22226, 181
8617, 91
5504, 3
35034, 635
36706, 384
1196, 712
37465, 473
34979, 597
19076, 310
17447, 247
17196, 750
3982, 917
32679, 605
13993, 702
29178, 726
29293, 951
7131, 150
6243, 979
39855, 106
27520, 239
15339, 602
37527, 667
27200, 238
10777, 908
2259, 160
28088, 875
913, 785
23347, 826
18661, 156
35097, 81
18991, 584
23840, 707
25785, 80
37874, 759
6555, 561
7514, 52
27176, 604
2119, 187
30859, 125
28315, 677
26580, 477
37934, 675
37642, 290
28852, 954
26362, 738
34390, 127
15455, 613
10448, 907
10874, 244
21835, 905
39861, 147
8972, 684
7062, 152
14121, 434
25610, 99
3826, 374
29915, 126
19429, 341
9328, 32
25712, 2
3997, 975
4101, 764
13970, 922
11480, 591
9705, 203
16107, 487
5186, 848
22577, 655
5485, 797
32735, 154
7297, 538
23940, 177
803, 738
10531, 806
13534, 498
26349, 246
5701, 806
10714, 412
14060, 282
328, 429
15787, 433
23887, 636
39680, 677
6362, 599
38617, 753
39807, 822
16328, 323
19417, 811
1399, 940
36517, 141
23325, 519
24956, 872
37054, 464
35459, 713
26595, 340
19079, 708
29511, 617
31077, 261
18332, 304
35392, 982
5533, 266
36764, 621
18957, 931
38125, 156
4325, 841
37362, 373
11176, 357
27433, 762
15335, 150
12996, 776
38663, 58
38531, 993
36673, 536
5573, 310
17361, 141
32339, 564
11535, 171
9447, 176
17187, 54
25246, 765
15377, 733
21000, 794
26029, 71
29682, 749
5796, 66
34827, 853
18619, 457
26309, 859
37197, 158
36983, 167
10332, 647
1232, 858
7241, 512
31053, 272
7083, 372
22498, 590
4720, 568
7032, 420
17080, 599
17515, 489
33952, 42
30773, 112
23212, 381
30129, 667
630, 466
827, 434
36588, 735
22599, 386
33027, 373
6713, 316
17624, 22
15133, 644
9131, 936
11953, 925
24373, 325
27402, 769
21697, 357
36396, 314
39127, 63
30179, 707
15818, 285
33791, 601
38909, 76
34724, 604
9971, 230
30900, 531
34542, 311
35179, 317
20712, 266
7885, 624
25586, 967
22086, 912
6272, 894
15769, 53
8955, 805
33637, 974
39905, 168
15550, 825
12106, 928
12537, 161
12857, 254
27348, 2
11358, 395
17990, 245
10562, 810
8851, 467
31946, 132
28355, 558
14799, 639
6442, 965
10907, 5
32687, 572
32645, 225
14237, 594
26269, 275
24191, 92
24572, 988
25278, 288
2807, 46
966, 360
31214, 579
29545, 704
34021, 420
28434, 66
25899, 838
36210, 437
31380, 792
7302, 28
4715, 417
9944, 930
17837, 407
18109, 540
18342, 378
38753, 730
8221, 866
3040, 553
31808, 648
2253, 194
13202, 563
11486, 32
4206, 349
34649, 613
24554, 41
27035, 428
19615, 240
29278, 691
22955, 202
12619, 217
2846, 606
31788, 115
34136, 520
3056, 398
13665, 979
12714, 15
36914, 935
10730, 483
34022, 677
23104, 308
33754, 598
38742, 399
4574, 757
15100, 715
29488, 80
27057, 397
3231, 237
37856, 938
8835, 834
8528, 410
29650, 308
34306, 248
20915, 964
31442, 866
2797, 122
8133, 275
8322, 776
11191, 109
17108, 686
39700, 335
21385, 505
896, 103
812, 516
30105, 320
2854, 998
32369, 971
10207, 708
32168, 430
865, 964
21597, 242
21693, 612
34882, 919
517, 181
4580, 248
6316, 558
6765, 44
1881, 130
27926, 898
25843, 256
16614, 272
16029, 15
39614, 582
32825, 946
9791, 551
22229, 162
3370, 282
32598, 789
33662, 969
32157, 666
3611, 166
39890, 215
30520, 280
25605, 371
7304, 220
14778, 136
26390, 149
18789, 650
31835, 801
28855, 571
31636, 979
39480, 181
27243, 450
19289, 838
15708, 257
26719, 556
26567, 187
29259, 491
29272, 90
27384, 487
875, 495
36010, 56
22867, 849
10082, 245
12437, 223
33922, 279
29748, 923
30312, 738
28830, 1
20717, 846
12838, 122
8030, 812
12405, 8
4710, 249
18238, 118
19746, 208
1039, 2
15910, 24
2845, 325
19658, 766
18008, 475
16920, 466
11367, 211
15568, 66
9061, 440
92, 154
37662, 723
6043, 115
4165, 956
1147, 526
32341, 599
32478, 298
10204, 399
37562, 924
11224, 257
25216, 736
9835, 143
22420, 592
30581, 228
3835, 482
30594, 768
6122, 455
1415, 904
1012, 431
30113, 173
17211, 570
13320, 16
28329, 906
11978, 439
32131, 931
10446, 37
14067, 482
36172, 27
29885, 797
20558, 574
1522, 259
11457, 891
16446, 351
22478, 983
23358, 632
31978, 416
34927, 459
2563, 423
3086, 458
18072, 374
36734, 811
20843, 762
29984, 815
18548, 543
14852, 201
30265, 908
32669, 202
20117, 873
32654, 240
24134, 683
20884, 588
25055, 647
12332, 726
24035, 511
24416, 629
19636, 8
9515, 540
25410, 422
34969, 318
13893, 826
38348, 793
12691, 557
14229, 732
38061, 184
28346, 620
35320, 116
24571, 995
30423, 618
567, 121
8993, 988
28758, 346
18219, 147
29770, 132
30279, 631
30526, 188
11786, 279
32857, 987
6865, 298
22887, 451
25603, 372
30125, 963
34332, 776
23175, 729
35520, 275
28803, 565
31202, 180
13400, 762
34368, 273
2313, 466
37748, 83
23349, 375
26790, 950
10845, 248
32163, 758
11694, 353
7507, 781
1687, 819
28117, 202
17616, 206
2683, 738
31591, 644
24739, 821
26758, 880
6475, 527
32739, 703
31733, 808
26182, 150
26925, 599
24250, 391
23805, 254
2443, 531
39992, 74
27609, 106
10339, 234
2381, 414
27936, 561
21819, 765
1532, 975
35371, 170
31586, 496
9324, 255
6552, 97
7939, 932
3349, 77
8803, 728
4836, 610
25684, 62
16565, 636
27084, 267
7244, 1000
39426, 120
3949, 869
25506, 719
20022, 28
17765, 402
39154, 81
37522, 268
25377, 973
1366, 903
18088, 403
9959, 629
16148, 996
39087, 429
2100, 81
28960, 559
23260, 580
33406, 584
20618, 663
15457, 299
23874, 418
25837, 732
13033, 19
6908, 118
4971, 220
37148, 583
8655, 336
22126, 887
20213, 593
34188, 16
38053, 462
26562, 949
15256, 1000
15578, 234
34198, 231
22813, 603
35739, 553
37537, 797
34958, 871
38198, 301
33947, 747
16363, 968
17684, 250
36357, 269
32632, 585
26827, 207
31455, 513
24684, 404
16201, 747
33057, 764
39801, 394
17234, 442
17172, 342
34210, 808
32831, 683
33203, 463
24793, 942
13692, 306
7492, 448
14989, 680
39670, 349
32332, 325
18646, 55
38491, 782
6850, 905
36174, 159
15321, 703
13280, 852
28476, 647
3537, 167
30342, 509
22798, 879
88, 491
16999, 512
20452, 559
9335, 917
13660, 921
35653, 612
15971, 779
7440, 390
33931, 938
87, 122
3393, 693
2723, 31
9743, 479
28325, 771
30924, 608
35487, 629
36798, 959
18091, 460
24441, 57
33981, 832
31193, 772
19006, 904
12606, 174
36553, 346
9251, 356
11037, 360
4464, 815
3483, 320
36677, 196
39752, 626
6977, 898
16633, 808
17241, 976
19851, 346
39721, 196
10398, 946
7505, 214
2718, 668
24905, 518
22947, 197
1607, 765
1467, 946
10557, 419
27277, 938
17183, 76
39064, 947
17683, 945
39275, 89
9326, 440
35188, 514
17566, 727
39966, 425
4660, 652
4126, 622
29652, 867
16598, 687
39251, 733
7881, 412
32621, 223
39484, 425
1957, 397
32200, 505
21019, 165
5350, 821
22898, 237
33927, 74
18197, 156
723, 822
9095, 42
564, 90
39475, 451
37540, 438
32768, 842
16843, 368
38127, 558
24608, 860
29209, 13
20331, 937
24081, 334
20531, 577
14468, 497
21692, 527
34366, 146
33821, 310
32921, 355
31547, 96
29401, 731
20635, 983
16986, 354
19869, 538
28189, 35
34256, 884
5969, 19
12513, 148
22764, 259
32994, 321
19423, 992
2645, 0
5001, 560
37617, 575
598, 295
39024, 397
28380, 526
27757, 654
25176, 462
35368, 169
38595, 277
18796, 61
7139, 744
31671, 828
22661, 500
19744, 429
12778, 447
6946, 463
25792, 395
22696, 903
21773, 292
38665, 426
13274, 596
3960, 139
3798, 14
28652, 545
14768, 692
33934, 710
5663, 939
23845, 382
11777, 356
30116, 376
4140, 687
6921, 487
27154, 712
11000, 270
33115, 699
11905, 62
11699, 245
33062, 583
14867, 918
2510, 449
38743, 611
35569, 309
16046, 298
17596, 450
32544, 127
36183, 973
29672, 610
20853, 139
28037, 209
432, 178
27014, 773
29625, 251
22799, 107
25125, 198
35231, 447
8014, 884
30090, 78
17272, 747
37360, 866
33910, 780
32141, 714
17051, 779
8736, 187
20764, 540
6196, 306
33361, 269
7253, 349
30437, 569
20491, 603
15784, 100
25250, 914
3452, 745
34702, 508
27437, 728
27149, 809
41, 855
35270, 459
27773, 407
11590, 450
33739, 486
36861, 980
20180, 151
1670, 148
28541, 635
2321, 403
39027, 662
3985, 387
13345, 857
34166, 209
26124, 607
3900, 89
28406, 661
19977, 553
39735, 195
38851, 887
10200, 279
35427, 430
25481, 498
18165, 386
13551, 620
1026, 147
17373, 72
28927, 156
12217, 388
21953, 311
10148, 477
229, 718
13305, 103
15922, 756
748, 923
17891, 966
6966, 551
35159, 15
32187, 662
37693, 348
25243, 920
10073, 910
39826, 964
29149, 983
30465, 882
7276, 755
752, 997
33008, 473
18038, 565
34972, 649
21749, 15
29339, 327
22074, 678
22424, 294
29027, 447
15517, 56
11185, 193
27192, 920
4217, 235
7694, 294
14210, 881
26207, 752
19644, 12
36956, 837
18705, 4
3473, 569
672, 582
30392, 302
16848, 758
24234, 224
15957, 317
3345, 199
30909, 456
11568, 814
8099, 675
11216, 383
12644, 17
1706, 774
16253, 389
29993, 510
24553, 42
11530, 62
35312, 31
19435, 49
13607, 84
6395, 561
31131, 903
25743, 178
25505, 223
19694, 777
37894, 788
31778, 183
15155, 577
31270, 483
19610, 358
37953, 551
2550, 587
22795, 677
15770, 907
21670, 604
2525, 383
9417, 434
15216, 351
5892, 41
25336, 551
5486, 585
30173, 620
32702, 678
39494, 646
6180, 983
37616, 352
26961, 213
32788, 391
26526, 350
10292, 232
38301, 540
5937, 230
17360, 752
29462, 690
2018, 940
3134, 652
24573, 806
3137, 857
33462, 413
12022, 415
2853, 282
6650, 95
3700, 821
9288, 417
22500, 676
9141, 350
32073, 225
8317, 347
3119, 657
12721, 971
57, 587
18872, 521
17697, 987
20781, 968
27885, 165
34811, 59
10660, 752
18677, 223
15621, 755
22796, 391
13132, 355
13347, 536
19762, 753
35404, 696
6190, 45
31052, 986
33294, 309
26078, 436
21885, 647
21198, 239
1972, 989
25634, 510
6044, 584
15334, 580
2625, 445
6264, 488
34621, 923
948, 298
30553, 459
21166, 891
30856, 500
16675, 473
19471, 649
26228, 168
7945, 5
3113, 138
28784, 615
29457, 133
28601, 577
2164, 902
16219, 826
7098, 569
1056, 943
1436, 263
27544, 588
3736, 440
22378, 275
6472, 211
6338, 151
38186, 750
18334, 433
32032, 662
35186, 445
37511, 293
18318, 741
14003, 522
25912, 62
19269, 598
29794, 528
38433, 536
10815, 73
23902, 427
36629, 493
29476, 989
38887, 85
655, 568
14689, 448
24709, 694
9403, 3
6830, 652
19540, 876
15066, 851
16981, 748
400, 937
15591, 2
20561, 461
6883, 943
2045, 275
34555, 399
36268, 879
5696, 378
2105, 249
3226, 113
23001, 44
9843, 198
25543, 579
33632, 970
25733, 137
29694, 151
30140, 233
28867, 893
15291, 310
36975, 305
36061, 694
2830, 820
31257, 413
10046, 862
4888, 486
15918, 615
35798, 124
32601, 512
15884, 722
14507, 454
34336, 833
12058, 418
20952, 249
23034, 181
30419, 576
20101, 866
6788, 654
38056, 827
28130, 799
17031, 740
34102, 602
9466, 132
33046, 713
2804, 198
38609, 825
12530, 402
35911, 471
32376, 26
22670, 421
29572, 706
11901, 800
155, 333
35014, 68
1937, 53
3649, 944
6928, 43
21941, 700
23292, 358
18120, 114
25964, 797
35254, 93
9855, 776
9407, 439
11042, 42
31582, 12
10294, 945
16592, 722
6613, 934
6683, 352
16959, 562
7012, 82
5247, 91
33836, 225
24452, 957
5007, 451
37151, 68
16323, 73
31611, 831
712, 129
10307, 580
29875, 408
29491, 414
3514, 583
29821, 75
24831, 782
21020, 159
27589, 868
2623, 743
2961, 263
32558, 22
38478, 283
16447, 717
7434, 896
8977, 429
15290, 28
823, 463
13066, 477
8044, 720
7076, 474
10415, 872
26936, 54
5049, 531
17497, 667
1624, 860
24827, 751
28887, 74
32799, 708
1952, 378
24945, 483
9393, 171
19264, 18
11680, 543
31551, 659
19932, 486
1264, 435
25701, 860
3177, 443
34358, 23
9783, 243
34490, 970
2925, 183
13414, 242
31321, 915
13173, 77
34553, 316
33956, 186
24338, 525
10374, 829
2005, 850
27939, 18
26178, 72
7418, 671
6931, 560
9105, 48
2147, 259
10514, 314
5309, 560
3852, 263
12916, 602
10328, 695
11134, 590
21642, 259
23165, 79
1545, 483
36127, 441
28370, 149
20304, 327
28785, 545
20697, 776
4048, 657
29986, 693
38738, 249
37645, 213
5325, 673
14103, 486
12064, 417
29373, 242
23793, 682
32951, 414
31698, 599
9247, 139
10984, 579
11863, 424
24061, 1000
8580, 517
34546, 351
9094, 396
12283, 295
19506, 575
34723, 324
9344, 446
32310, 263
37325, 577
2611, 322
20679, 815
20643, 75
6773, 183
2467, 186
15189, 633
5670, 138
21542, 621
31337, 725
791, 664
30807, 5
5078, 856
20064, 259
34743, 616
22395, 747
17973, 355
17217, 471
38003, 481
17835, 132
24695, 312
20788, 429
17370, 897
9132, 998
32189, 692
10965, 801
30986, 646
2803, 751
29710, 876
31061, 551
33811, 482
28837, 332
19652, 682
38902, 978
13873, 821
23211, 37
39535, 387
8768, 132
32686, 920
13350, 648
35466, 931
36063, 550
22986, 377
38906, 442
13609, 359
16485, 438
594, 174
22769, 490
589, 509
39131, 499
7450, 339
22471, 300
4350, 812
5146, 884
5304, 260
39207, 276
2234, 491
8018, 148
1141, 671
2114, 199
8470, 351
27680, 318
14679, 622
17207, 560
2457, 51
7206, 496
24900, 199
9627, 190
17975, 503
22641, 817
27091, 688
5542, 759
38837, 39
29602, 108
1553, 144
31347, 396
26060, 720
35944, 200
19725, 376
15305, 70
1826, 879
7498, 630
28775, 107
27354, 139
35108, 99
2782, 14
14415, 479
19401, 860
13805, 645
29803, 67
3702, 639
4327, 267
7916, 104
12570, 702
15035, 971
26915, 607
21475, 212
31074, 544
13519, 879
35917, 727
34593, 467
27550, 557
29071, 101
9167, 157
7058, 867
17780, 239
36572, 781
17000, 751
7126, 151
8860, 29
10835, 954
32804, 121
6253, 548
5395, 326
14241, 260
16628, 937
10725, 115
20237, 919
10756, 185
38408, 302
2990, 320
3654, 885
39856, 809
38516, 623
18639, 724
24743, 122
39552, 301
15963, 75
16510, 10
20065, 703
32651, 86
24024, 617
4886, 491
16277, 225
21571, 259
29495, 208
13863, 504
39271, 230
4502, 195
5812, 19
20503, 143
33850, 696
34908, 983
9771, 215
25938, 185
34409, 763
22574, 43
27969, 142
6533, 76
27151, 714
38498, 204
35754, 572
35043, 213
26087, 789
17539, 739
961, 569
10025, 73
36231, 967
39784, 316
17216, 510
4840, 204
2470, 948
26187, 350
19858, 200
33834, 740
28930, 453
4027, 454
35058, 9
25110, 838
29032, 494
8197, 861
16149, 500
10927, 140
29294, 524
17085, 794
10613, 398
26158, 841
17063, 978
29843, 528
19711, 249
15041, 626
24604, 543
7362, 31
32584, 370
13348, 720
26902, 420
21649, 21
12028, 718
32610, 971
22461, 171
24625, 915
4809, 721
15072, 133
29363, 377
37269, 22
20087, 921
37495, 655
16601, 894
9194, 909
20413, 605
30775, 188
6353, 305
37421, 19
1635, 119
35454, 599
3457, 801
36277, 591
20257, 449
8491, 678
19261, 398
15048, 823
13929, 328
27994, 209
35107, 99
15475, 91
28678, 78
38222, 30
29325, 11
13327, 78
39657, 521
32278, 508
108, 700
27168, 662
12796, 666
21915, 785
11397, 748
7398, 495
25443, 1
36439, 895
22253, 487
2211, 248
3146, 241
8463, 465
32469, 920
15103, 741
39810, 383
29377, 984
23752, 897
28000, 36
6077, 563
33829, 240
206, 106
34230, 598
32561, 79
27772, 227
8816, 307
1313, 738
8944, 344
4137, 35
25771, 983
18108, 628
21106, 269
5045, 734
15729, 268
27116, 791
25380, 570
11062, 994
30418, 999
27246, 717
37217, 300
15837, 132
6729, 934
37196, 294
31139, 905
34162, 426
6302, 655
29899, 128
302, 102
36774, 718
35535, 674
16892, 726
3106, 670
9256, 186
13652, 105
39760, 821
30898, 252
25379, 94
24032, 377
17872, 524
16490, 961
29552, 153
6594, 880
38670, 424
11148, 828
32806, 237
14080, 415
32542, 993
32742, 332
34700, 978
37945, 932
35292, 676
11414, 248
37411, 255
25608, 219
11631, 64
35158, 523
12538, 739
14392, 284
7234, 380
34688, 196
39443, 498
34600, 755
4334, 918
3242, 172
28813, 494
32342, 791
27586, 555
15874, 431
27547, 705
3713, 71
583, 403
18371, 251
24965, 714
17559, 904
36957, 312
9509, 430
35758, 292
30889, 376
11654, 361
15091, 61
36207, 65
29159, 2
36474, 185
14192, 116
2087, 165
32718, 90
38992, 976
31772, 229
4759, 391
38946, 701
9067, 196
34706, 950
13451, 238
25451, 313
23624, 806
28138, 677
26293, 582
13948, 414
35528, 101
4752, 573
9318, 965
29454, 647
8678, 522
18863, 426
36315, 952
27347, 174
38271, 908
13544, 356
33037, 455
12290, 468
27651, 187
33579, 603
6778, 174
22100, 59
2086, 623
10796, 485
9846, 245
19157, 314
14089, 910
18856, 628
32370, 279
15036, 459
21486, 636
13401, 162
1022, 867
33011, 545
39529, 513
26247, 471
6017, 453
8457, 683
13815, 856
9366, 412
11805, 735
22487, 119
26691, 227
30158, 222
37255, 632
19679, 940
3423, 654
17773, 987
39384, 25
30338, 32
25521, 426
20174, 741
28251, 394
15526, 134
26341, 401
16966, 39
6090, 893
33916, 948
34379, 144
19844, 798
28017, 151
28984, 28
12931, 262
31697, 536
38184, 528
6428, 405
9069, 356
32391, 840
17460, 696
20850, 425
20484, 775
22660, 847
20348, 417
15990, 321
10059, 735
3588, 790
27181, 219
3731, 836
9819, 294
12125, 809
10587, 521
34926, 903
10245, 494
6155, 735
38963, 135
24913, 119
28971, 229
17255, 831
33310, 454
90, 69
39927, 894
18539, 757
25201, 605
9576, 477
6875, 733
36205, 78
6120, 379
15193, 137
28568, 57
26155, 278
35702, 337
17326, 862
19641, 851
15210, 25
35864, 101
34519, 843
23918, 782
30277, 753
16940, 237
13762, 421
17190, 604
909, 355
20021, 473
37649, 937
19789, 210
2107, 47
14126, 453
14222, 564
27145, 647
36653, 429
16902, 556
36198, 516
883, 564
29827, 731
29584, 617
3801, 324
10493, 1
2036, 373
4200, 58
32061, 478
10999, 533
26791, 220
17580, 194
32910, 134
3637, 640
26650, 996
8925, 418
22212, 766
5912, 181
5700, 734
39248, 116
33196, 643
32619, 452
23720, 789
23249, 630
38270, 544
37219, 58
27371, 352
16394, 987
511, 671
11047, 224
8435, 564
6156, 571
38635, 412
15686, 230
20623, 682
38160, 808
30780, 946
34589, 794
35602, 637
19367, 955
24176, 981
5826, 628
14093, 310
36995, 261
5795, 245
25378, 995
11247, 113
3604, 217
17912, 995
32030, 267
11925, 769
21123, 876
29211, 841
657, 743
25885, 321
5209, 752
24043, 892
24550, 984
6382, 526
17700, 551
14809, 300
27170, 364
5903, 484
29093, 560
26928, 643
5034, 426
33012, 249
21463, 121
8822, 907
34422, 190
35314, 602
36487, 464
20855, 425
29963, 122
36364, 190
13676, 113
38605, 645
28681, 335
33961, 575
26751, 832
1148, 657
2136, 245
18366, 365
5695, 910
20351, 8
10952, 412
28210, 264
37587, 611
149, 171
23980, 863
39143, 448
26945, 16
16891, 436
7326, 235
22492, 332
28020, 655
27767, 376
28470, 558
29431, 809
36109, 407
34441, 897
16047, 42
26457, 899
11007, 675
39842, 414
22316, 460
3016, 917
7172, 709
1428, 646
22591, 640
29519, 415
31621, 868
5040, 965
27858, 783
15104, 237
9249, 996
36552, 530
20765, 490
26455, 37
23849, 667
31992, 596
9246, 972
5298, 881
27466, 898
35833, 985
22873, 837
1888, 35
22677, 410
39538, 809
8353, 22
33301, 943
27164, 102
35677, 731
38423, 500
21297, 203
30013, 215
4218, 38
21494, 282
6992, 281
28983, 119
20231, 218
4649, 396
58, 508
37570, 622
27953, 95
24918, 947
39415, 101
33211, 760
13983, 710
14978, 41
17141, 102
30397, 923
22645, 403
29997, 787
19877, 381
7075, 824
3675, 506
28414, 994
16296, 887
38040, 394
33565, 155
5140, 354
36793, 705
39589, 759
18094, 938
13398, 807
23617, 558
27468, 196
18040, 414
16751, 159
23086, 548
4470, 531
23340, 983
1406, 976
25512, 568
9962, 199
26016, 775
12872, 266
5802, 83
32055, 208
12819, 715
9614, 427
35914, 290
29051, 598
21735, 852
29241, 975
6010, 920
38895, 67
3519, 421
22542, 772
21877, 283
37954, 451
22202, 126
24650, 281
35691, 828
17954, 101
12463, 378
30432, 238
31473, 317
26824, 210
1510, 210
37009, 64
36894, 658
30684, 511
469, 956
406, 726
36817, 616
8889, 389
13319, 757
38927, 670
9388, 784
16023, 197
38004, 160
38215, 105
31206, 5
10100, 660
24974, 225
22064, 343
25953, 673
14338, 961
18399, 72
25432, 861
1738, 402
9478, 378
28201, 515
28796, 465
16676, 777
26191, 381
32238, 835
37863, 841
34315, 940
14201, 69
11215, 324
7776, 166
39946, 553
25547, 212
25244, 805
12753, 88
13953, 780
33168, 261
18430, 813
17734, 550
15670, 538
18729, 226
38965, 523
14823, 769
35397, 495
10740, 823
20771, 93
3059, 423
11917, 554
429, 4
4875, 721
35802, 717
2092, 56
23335, 985
4351, 342
3486, 495
6087, 227
26198, 554
15867, 8
10716, 283
19827, 455
3612, 391
34808, 469
27092, 95
4366, 853
18883, 694
22447, 855
22903, 331
33279, 26
16443, 364
31557, 743
27302, 699
16275, 360
23992, 382
12352, 668
24687, 737
14612, 577
28211, 283
9188, 786
38950, 148
8383, 683
4628, 554
24141, 490
12101, 361
10264, 631
21132, 296
33231, 651
4391, 896
11866, 61
30755, 897
34279, 726
22123, 738
19569, 737
25413, 746
29088, 118
21089, 352
5324, 648
22146, 867
31731, 557
1181, 963
39683, 424
37108, 732
4532, 100
10981, 839
35801, 998
26216, 130
13621, 650
29279, 566
7646, 174
1859, 720
27083, 389
5609, 381
9917, 121
9428, 812
25674, 422
8569, 849
36843, 86
27721, 353
22246, 38
4726, 856
34941, 630
24279, 533
26668, 470
12356, 205
12466, 228
4077, 922
39713, 503
37113, 164
39732, 236
9066, 494
18533, 282
17464, 114
3180, 89
3346, 143
18004, 994
17615, 152
39525, 143
9099, 316
22405, 645
36852, 437
11872, 786
29207, 354
30605, 807
1284, 448
17163, 404
34863, 363
19605, 952
21657, 593
30597, 220
25334, 942
24780, 594
13242, 493
25308, 229
30076, 27
34246, 113
5722, 722
25404, 746
4749, 984
13905, 139
23513, 423
17841, 918
1128, 716
11157, 791
32880, 686
32960, 240
15262, 864
13617, 24
32029, 228
14128, 224
12269, 900
38424, 221
15679, 32
26831, 746
34292, 831
37521, 437
27099, 811
10696, 269
24664, 905
13925, 431
3359, 981
12162, 672
11318, 330
15095, 961
1034, 390
23271, 890
22036, 738
14982, 185
8417, 414
37472, 147
21524, 7
1927, 307
29695, 690
19724, 872
34678, 51
12385, 235
12199, 611
4358, 198
3319, 430
24843, 82
14273, 580
12090, 344
24698, 690
19346, 605
19585, 602
24048, 231
27420, 600
31308, 435
27958, 124
29970, 194
24468, 515
5810, 812
13455, 286
36150, 183
28708, 535
8252, 273
38615, 263
36714, 583
19252, 662
16607, 133
16481, 915
20024, 660
14506, 760
14753, 834
39078, 720
36900, 813
680, 873
33789, 687
12643, 447
21245, 598
34545, 601
32471, 343
19414, 657
8042, 611
22432, 614
33345, 937
14593, 221
24052, 993
31803, 800
33496, 775
13106, 244
23352, 334
9187, 122
35831, 758
24381, 290
38287, 542
14884, 789
14915, 221
32711, 26
27162, 491
21053, 445
22959, 3
37809, 685
10056, 352
30294, 17
33162, 307
22587, 197
17795, 393
27259, 930
16625, 79
24379, 724
28840, 910
35786, 351
27233, 478
21398, 838
35251, 542
19183, 504
31905, 489
32845, 1000
27105, 885
2472, 583
26498, 922
5988, 690
73, 578
36488, 34
22750, 529
412, 599
1339, 905
25859, 869
34012, 987
22894, 788
22133, 529
33082, 52
18587, 290
39809, 12
11180, 70
18543, 835
17818, 72
7096, 477
5780, 947
37860, 822
34174, 531
7411, 598
466, 974
25523, 197
30525, 444
6153, 695
9649, 657
23106, 515
24824, 920
28549, 345
33909, 334
39177, 375
4409, 366
39922, 645
30758, 492
7105, 674
31330, 307
29378, 590
23264, 264
15600, 501
36729, 302
7104, 322
1236, 290
5400, 93
27117, 348
10956, 956
13222, 825
3929, 217
13290, 764
1464, 107
25909, 68
5590, 796
25865, 549
26374, 725
13966, 410
24576, 873
22579, 488
32631, 471
12093, 417
1263, 919
3255, 76
4175, 495
28872, 346
23903, 293
37372, 621
29206, 758
5732, 647
2469, 312
28938, 928
6212, 731
626, 928
12235, 162
26537, 662
8096, 72
27995, 104
10085, 557
12711, 453
32124, 400
10403, 405
17988, 657
20918, 301
5825, 36
10744, 35
404, 415
37233, 768
38391, 593
6799, 738
16626, 596
35711, 613
35988, 72
25748, 756
35765, 157
29657, 399
37024, 721
20592, 290
19112, 730
11193, 750
39745, 75
30712, 552
13827, 868
25538, 353
34239, 792
9753, 566
11283, 75
21444, 315
23448, 939
8370, 508
8497, 16
10816, 538
37059, 267
14910, 706
33967, 182
32588, 365
36696, 942
33451, 63
15618, 420
24263, 7
15358, 251
33668, 991
30453, 594
35636, 582
39366, 603
10923, 548
14929, 730
37175, 514
2637, 856
17470, 850
14005, 294
3676, 47
13804, 578
1198, 924
22406, 107
37678, 465
10875, 840
34721, 635
15013, 474
38628, 331
13702, 227
37593, 244
4516, 692
24311, 657
28778, 39
12305, 460
27478, 779
14532, 392
1717, 369
35997, 635
15402, 135
33995, 213
22384, 785
27816, 365
6221, 314
11537, 975
31274, 94
18602, 670
20830, 781
32838, 704
28851, 297
11817, 279
33016, 876
7748, 624
5020, 704
22782, 688
30742, 178
9781, 537
22687, 974
1641, 750
34915, 283
19315, 741
28548, 435
5570, 263
16896, 387
4174, 525
23584, 500
33348, 241
21747, 177
6549, 108
3142, 858
32224, 910
4610, 0
17593, 720
22721, 839
20822, 840
7985, 480
31165, 333
20921, 514
19290, 145
1329, 569
3818, 111
33778, 477
39843, 467
28838, 47
5305, 819
21487, 294
39193, 504
2345, 813
8764, 232
15632, 389
2565, 307
19280, 230
34096, 659
36901, 730
18871, 987
5564, 816
4461, 773
2993, 522
18912, 194
15739, 120
12202, 527
8823, 816
22042, 990
3706, 835
16698, 519
37287, 626
9083, 228
11713, 767
39777, 549
34889, 228
34319, 529
7562, 468
35123, 328
29483, 391
5758, 84
38811, 192
32813, 791
24909, 122
24675, 710
19196, 916
15549, 133
28099, 313
25718, 542
6929, 999
16027, 692
28428, 472
4922, 779
18673, 276
9733, 894
21801, 487
20573, 571
4507, 571
20800, 418
37493, 378
27110, 242
35157, 571
36464, 521
38138, 391
9181, 982
30152, 129
2015, 946
14369, 328
21701, 524
1411, 230
21856, 279
25892, 332
9087, 433
649, 645
31511, 188
22928, 890
36122, 644
23683, 186
28381, 951
11922, 273
15380, 60
33494, 17
25389, 471
28376, 955
33276, 738
9505, 181
14869, 302
6808, 603
4255, 933
5773, 500
14526, 577
8827, 346
5070, 183
13537, 259
11563, 499
6913, 941
36403, 330
20234, 1
30255, 460
18815, 307
37323, 96
35443, 196
36152, 602
20081, 688
7787, 861
14698, 486
5004, 950
19418, 233
4323, 322
25284, 23
39400, 47
18740, 93
1260, 776
8092, 728
16058, 650
27068, 608
39176, 907
33564, 591
34571, 803
2943, 374
30747, 942
24387, 99
9723, 820
30452, 188
31294, 594
2979, 63
27637, 675
21822, 913
33664, 606
10397, 37
11972, 992
39048, 590
18292, 628
6592, 347
27066, 61
35378, 348
33529, 83
7702, 282
3420, 36
13208, 245
9870, 969
39316, 620
15164, 445
9719, 957
34133, 441
1006, 526
5268, 168
23160, 115
18488, 800
7124, 411
39775, 118
19100, 873
32315, 103
5950, 572
30186, 252
23319, 302
34411, 933
26494, 998
21378, 601
10231, 978
29663, 248
19069, 167
26286, 994
233, 533
30467, 501
4209, 46
3855, 283
30941, 32
31919, 657
21741, 873
36680, 168
15182, 895
35665, 805
8502, 340
17095, 288
20270, 285
37711, 649
8212, 346
25736, 462
27248, 769
28665, 135
31745, 666
1447, 100
12029, 202
24103, 494
10501, 603
15223, 472
4898, 548
11682, 130
28825, 249
3953, 280
27558, 838
25454, 267
24957, 273
7372, 677
341, 422
37588, 37
5195, 978
35365, 341
30540, 759
6301, 917
1129, 52
32122, 351
13981, 608
32195, 468
23991, 873
29987, 173
39286, 331
3697, 566
16540, 78
24610, 46
18014, 586
6331, 578
30124, 758
29465, 253
212, 293
37447, 768
11325, 889
8485, 896
17925, 655
8701, 322
18089, 797
35391, 108
16143, 27
25193, 251
5145, 46
4494, 539
2435, 475
8066, 34
6191, 733
24316, 701
36103, 109
18867, 361
5546, 628
4978, 616
12625, 8
13817, 597
22546, 811
19411, 26
2972, 908
13252, 994
16244, 359
5320, 138
24039, 249
15436, 54
9082, 674
39945, 474
9513, 378
22032, 209
24393, 611
26803, 166
34234, 611
20811, 853
5846, 58
33307, 602
789, 908
13111, 890
3705, 598
22991, 572
17167, 842
24835, 964
8996, 754
38020, 690
5224, 964
19533, 5
4401, 152
37615, 14
30411, 122
28701, 769
25094, 336
32992, 225
6739, 128
11731, 245
22608, 101
39242, 34
18363, 108
21485, 640
8122, 577
7406, 313
39282, 250
1303, 884
28304, 901
8908, 217
31149, 274
34197, 803
358, 508
25109, 203
20280, 341
15755, 446
28255, 318
34679, 587
38843, 601
24026, 297
5725, 599
17692, 84
8940, 501
578, 24
13437, 662
811, 359
23382, 169
22674, 507
30109, 274
5377, 7
1898, 403
36094, 6
17097, 906
5500, 262
126, 975
27223, 148
34797, 686
14319, 243
20744, 474
24666, 227
12576, 698
16049, 533
6803, 432
21508, 192
32227, 528
32596, 741
6482, 288
12441, 762
27597, 79
16596, 148
33332, 764
2412, 453
4884, 205
33657, 521
17553, 462
23677, 847
1437, 674
21816, 12
35873, 772
1667, 597
3154, 771
23334, 59
39377, 974
19398, 331
37049, 916
4587, 165
12114, 794
9630, 127
31904, 125
39611, 332
9758, 440
10324, 248
37754, 895
29034, 826
16090, 336
29975, 988
23933, 616
34273, 700
2599, 740
14772, 308
35422, 501
34046, 320
2328, 743
2142, 317
22179, 360
22781, 293
596, 890
28057, 799
18284, 720
13224, 97
21419, 543
33724, 240
30729, 410
31301, 401
18820, 849
21931, 50
9002, 493
22258, 580
23566, 974
20281, 538
4636, 873
37367, 96
14801, 368
38611, 795
29007, 129
2360, 362
28667, 903
20787, 152
37935, 854
39347, 693
6015, 517
14053, 338
24255, 949
27481, 714
8337, 412
17940, 719
27450, 495
10741, 349
30565, 388
9896, 249
7101, 77
30492, 494
14402, 702
6140, 107
19160, 567
19697, 765
24983, 599
26123, 103
6477, 478
23125, 632
6141, 853
31678, 342
26884, 286
36544, 180
24590, 984
3633, 554
13641, 55
6950, 430
28191, 977
34558, 328
26076, 971
39965, 251
18431, 944
30303, 208
12802, 273
39425, 966
15561, 840
26481, 223
3281, 626
32587, 290
31608, 859
38103, 469
27227, 978
9272, 369
35395, 193
34415, 75
39920, 56
17844, 481
13409, 892
17625, 794
26848, 729
2028, 203
7180, 702
3895, 444
8112, 306
36829, 617
4614, 366
33058, 52
31422, 275
7716, 813
12904, 809
9775, 631
20060, 542
12160, 826
18569, 967
7036, 379
18377, 805
7782, 471
4088, 968
17535, 338
34971, 151
4483, 849
18333, 505
34400, 976
33775, 192
29017, 443
28608, 629
30975, 761
2221, 484
2772, 799
9420, 897
22706, 474
5691, 847
33375, 466
3860, 927
27064, 955
8550, 50
27018, 361
3284, 369
5968, 391
19707, 671
26968, 374
34923, 637
4355, 910
17173, 55
22532, 199
7376, 37
13669, 887
28846, 152
19419, 177
36863, 726
8934, 42
27463, 846
2097, 672
18312, 92
11478, 188
21617, 446
23115, 137
11124, 817
38047, 719
8029, 158
18956, 624
24259, 610
20132, 598
33047, 651
17489, 613
6246, 925
26236, 721
20093, 424
4903, 492
26769, 142
26287, 246
33399, 606
25028, 677
33235, 573
19328, 692
33525, 53
20125, 872
9293, 172
37937, 338
451, 142
11638, 259
27806, 182
38343, 257
37816, 71
36296, 65
18698, 683
12980, 98
18443, 477
8511, 480
39160, 966
13014, 448
17420, 915
1639, 988
35857, 595
24611, 458
24809, 710
16921, 597
26646, 492
16764, 2
25273, 774
35720, 746
9414, 663
7490, 925
25084, 190
19054, 366
7938, 923
39827, 712
22877, 722
19440, 198
20184, 213
18098, 448
11291, 818
22563, 710
33949, 601
28508, 641
5428, 99
12694, 194
31197, 170
28651, 272
37368, 770
20790, 204
39223, 743
33452, 713
338, 290
1395, 369
27279, 181
27053, 660
34681, 868
32680, 657
4465, 96
39186, 591
33597, 29
11599, 41
29595, 472
8969, 516
20444, 755
17756, 847
35622, 453
16355, 440
23023, 893
20872, 461
30032, 37
26809, 504
9844, 30
17824, 282
38313, 442
366, 791
17534, 785
19678, 410
4067, 951
38183, 851
23029, 26
19469, 856
12014, 957
19314, 160
32580, 882
19671, 317
15185, 58
26914, 174
39956, 657
22111, 56
11627, 660
30135, 157
38884, 975
15832, 367
39541, 881
4771, 479
28536, 638
38575, 15
22227, 68
24767, 554
18700, 719
19785, 62
7250, 86
22313, 634
30645, 52
8070, 484
8646, 566
39940, 43
14001, 630
9053, 188
38181, 779
16105, 343
3433, 962
18209, 4
1566, 137
1516, 233
34829, 661
35984, 357
39252, 418
35117, 548
36477, 887
4878, 81
7309, 246
10267, 907
14791, 297
33436, 954
17082, 28
10092, 844
17137, 193
13428, 851
13542, 870
31794, 938
25717, 259
11996, 327
23876, 98
6249, 802
32592, 965
22692, 112
5054, 29
1926, 148
6204, 454
4791, 662
24298, 442
18358, 569
38397, 771
29087, 716
19601, 218
8509, 522
19250, 247
6324, 348
20691, 281
31962, 166
35872, 848
20701, 775
8269, 907
10288, 721
23916, 274
13330, 97
15864, 617
3339, 748
28001, 462
9176, 296
22039, 151
15105, 417
8584, 896
25411, 972
1423, 111
36813, 815
8745, 270
28396, 989
21496, 557
37026, 117
25577, 253
18234, 617
20878, 763
29145, 451
7657, 665
6230, 341
3738, 64
4160, 354
22009, 844
13343, 862
31859, 232
19091, 990
22161, 846
35302, 734
1893, 300
25158, 421
23470, 561
1883, 812
27818, 853
26437, 370
4364, 291
12752, 847
17982, 612
27968, 821
39437, 185
20882, 837
33732, 728
22530, 787
12946, 278
10128, 690
2613, 331
11119, 909
8608, 608
25434, 497
20398, 656
9910, 487
34652, 68
18417, 784
14071, 1000
14015, 526
24196, 300
7666, 67
12491, 891
34169, 81
20142, 135
37403, 312
19087, 342
37478, 834
21382, 663
13153, 439
20756, 831
18216, 792
16093, 215
31349, 286
3715, 142
33124, 651
34475, 739
23802, 212
5287, 111
2075, 465
36926, 989
19274, 613
39392, 673
2071, 153
21955, 212
34147, 606
22105, 807
26409, 13
2081, 421
33127, 912
20936, 221
30166, 514
14502, 48
34487, 789
11361, 702
26949, 551
33583, 250
38672, 624
37586, 818
34128, 723
27620, 729
530, 38
20221, 619
4235, 606
8204, 48
557, 627
31780, 569
12613, 621
38790, 75
5611, 251
24764, 726
32770, 645
1939, 203
2836, 117
12897, 99
28134, 753
14862, 879
39423, 431
1421, 727
8664, 942
26266, 378
2893, 942
21212, 179
38340, 531
36224, 903
955, 771
24166, 883
25283, 671
21032, 944
10112, 68
30727, 974
24306, 63
16416, 25
36082, 529
4293, 644
36590, 39
10239, 819
14814, 697
23748, 382
6018, 176
19448, 96
13246, 495
21908, 69
2505, 958
11614, 151
3273, 379
7813, 587
699, 17
24688, 324
71, 117
29571, 228
19542, 551
34919, 610
7334, 786
14784, 935
14329, 258
35373, 320
1468, 148
19460, 740
19792, 962
16585, 713
18447, 335
31759, 458
38442, 34
33089, 136
23332, 484
5676, 101
27235, 161
1078, 304
6481, 83
29679, 531
28007, 238
35994, 758
27766, 407
23759, 732
23404, 404
33249, 337
12954, 334
12236, 249
19797, 260
10516, 325
16346, 669
14952, 419
25355, 167
32196, 530
7245, 440
30093, 271
22446, 58
7877, 344
9782, 711
36286, 618
405, 580
461, 332
8474, 606
19361, 381
9518, 817
24506, 86
11826, 133
13008, 16
21500, 347
28874, 559
467, 399
28209, 370
14423, 136
12978, 188
29461, 840
22112, 808
30310, 30
2299, 12
36273, 675
1946, 396
23521, 735
19553, 566
8479, 11
4429, 975
35399, 482
7477, 508
29010, 395
6163, 373
35053, 26
29050, 397
23858, 110
36748, 158
9588, 522
6448, 266
17961, 349
33325, 782
2569, 739
24875, 956
5554, 834
38844, 976
26801, 813
5122, 589
4068, 9
37118, 918
12210, 941
8206, 370
37408, 302
16422, 14
13620, 251
2032, 912
17845, 913
6108, 534
32160, 640
30916, 581
5540, 460
9815, 867
16915, 500
24058, 719
38911, 162
9368, 624
20625, 203
3961, 751
5015, 182
3325, 829
32860, 90
29662, 255
25092, 588
39249, 838
10954, 130
21163, 732
18461, 861
13826, 71
39528, 613
10853, 150
34245, 574
1722, 919
2980, 454
6857, 396
1948, 694
20359, 45
30373, 791
1289, 250
38505, 522
34964, 570
17759, 172
37734, 283
30674, 251
23517, 629
27003, 326
8086, 761
9731, 279
7884, 600
21901, 363
39452, 323
20383, 419
17053, 399
28685, 696
4155, 522
24385, 307
25183, 450
19262, 528
18955, 256
27424, 144
39230, 17
3871, 907
31493, 743
25578, 298
17434, 253
19594, 893
34833, 477
29613, 568
15546, 479
16438, 477
25490, 258
12564, 58
34191, 340
39387, 207
28592, 174
13832, 747
35346, 833
4550, 909
16816, 38
2074, 95
15140, 281
26026, 223
9859, 882
39837, 437
37349, 407
14002, 585
33401, 35
5531, 46
26865, 923
25729, 940
10735, 216
39636, 478
6518, 32
9804, 427
17924, 351
18491, 358
12661, 263
33364, 476
10842, 202
2017, 871
26628, 135
10289, 978
22326, 647
26947, 307
8095, 410
12031, 357
23605, 926
19572, 698
20058, 610
1763, 767
9074, 644
9175, 665
22016, 577
22985, 973
9217, 573
23512, 245
26583, 746
13639, 579
37087, 250
24603, 896
24749, 755
38830, 786
23436, 947
25759, 102
22800, 163
11628, 483
39521, 501
19687, 477
12430, 693
19920, 628
16951, 747
13250, 937
30427, 395
1748, 269
25894, 875
22450, 607
11620, 214
3491, 173
13234, 532
28849, 41
24244, 187
15777, 259
39649, 949
20188, 121
1087, 328
3790, 742
6889, 394
12749, 36
12111, 81
10742, 341
340, 99
2760, 440
25295, 378
16793, 17
39237, 896
24291, 386
32193, 492
3294, 219
25456, 876
11459, 933
14443, 745
37589, 185
14976, 194
37946, 287
19916, 0
17909, 698
9826, 617
24142, 53
2417, 384
6561, 417
34463, 101
39156, 578
23632, 29
37632, 587
22124, 803
13421, 828
30665, 837
28738, 398
20254, 456
15260, 599
27795, 906
21129, 371
11556, 60
4657, 21
25872, 889
14189, 734
7421, 361
31038, 823
24525, 191
16497, 888
35772, 232
5205, 969
33365, 24
9317, 516
23945, 213
21739, 38
29576, 932
10285, 184
2158, 93
21729, 500
23599, 12
10187, 585
27032, 654
35562, 22
18800, 695
31546, 257
3091, 541
20940, 226
10872, 542
37585, 751
39750, 517
13178, 437
4296, 481
14669, 8
37733, 33
29692, 272
4500, 580
38342, 300
18807, 288
28230, 825
3657, 940
13894, 314
1288, 12
18081, 906
23251, 333
9550, 665
11561, 118
30973, 493
38389, 260
31278, 957
33028, 208
8951, 884
27776, 327
8340, 116
29838, 526
21783, 487
30407, 306
5502, 677
18747, 247
12914, 729
32545, 342
33522, 816
935, 181
15399, 385
19216, 161
35840, 903
32759, 724
38373, 372
24334, 409
32890, 227
30732, 939
22964, 196
12138, 509
33716, 897
16420, 938
37976, 298
13828, 404
27590, 619
24822, 544
34766, 343
25646, 358
19217, 880
25858, 881
10766, 840
27198, 17
20291, 920
27292, 703
32896, 734
34014, 753
17327, 768
9401, 750
29906, 559
36294, 804
25182, 610
6679, 171
31328, 729
11200, 600
4109, 336
2840, 528
867, 1000
14296, 3
6567, 560
5618, 486
36142, 663
23870, 969
1385, 405
18306, 681
9434, 251
22932, 635
35977, 367
15692, 563
35109, 671
31264, 366
25548, 860
23809, 305
29903, 819
18349, 440
23609, 849
8588, 280
24998, 653
36671, 21
13943, 821
35226, 624
30659, 171
13899, 157
39166, 563
25122, 587
17974, 878
17796, 219
6787, 637
23679, 115
24034, 854
26820, 449
30341, 752
3751, 218
37357, 74
22748, 687
3382, 386
36456, 457
2035, 363
10627, 355
38190, 573
7931, 304
4061, 214
17831, 48
24245, 911
35999, 365
31043, 34
15967, 616
7795, 225
24201, 471
6849, 320
13239, 863
19141, 230
31212, 930
12842, 840
36030, 831
5184, 577
259, 116
28473, 634
2576, 536
24760, 972
20683, 376
16499, 656
2243, 761
38331, 732
12910, 273
17348, 937
19407, 67
12020, 288
10334, 698
6238, 48
2785, 91
607, 639
21956, 540
34879, 634
24384, 671
16630, 883
38990, 219
7120, 248
21108, 292
5921, 111
10379, 340
4782, 937
2376, 860
5037, 701
14615, 473
2518, 591
36443, 447
38924, 287
8929, 88
29693, 718
9825, 363
34446, 140
21331, 741
35851, 417
3907, 94
13352, 897
12551, 904
34006, 408
21311, 605
32256, 602
18680, 320
20153, 952
8619, 299
11013, 910
36378, 895
324, 181
24660, 803
8699, 200
21070, 246
20949, 453
5464, 89
33839, 978
30513, 594
7797, 92
19950, 156
37274, 777
12798, 278
36060, 216
6575, 32
15895, 274
14455, 214
18803, 978
10117, 550
14050, 460
2309, 63
1342, 906
36694, 329
34149, 589
37654, 5
6378, 514
19004, 93
37343, 922
24832, 985
18307, 535
2110, 838
18833, 198
3364, 371
23821, 299
20997, 365
5357, 395
5269, 836
38657, 192
3227, 351
5682, 299
26649, 789
17846, 34
34507, 667
34788, 839
16086, 910
18503, 53
7833, 807
26984, 325
5460, 790
26844, 180
10043, 35
26145, 878
35682, 474
14141, 176
35529, 744
5083, 149
2761, 798
36594, 989
17472, 833
11898, 419
5806, 101
18772, 224
10054, 759
36433, 529
7650, 352
12928, 815
23117, 524
12693, 570
277, 124
326, 34
6259, 824
25647, 226
1261, 863
11769, 196
13375, 134
27822, 109
29078, 888
23157, 940
5450, 392
14079, 696
5832, 755
12226, 218
13793, 267
33815, 918
1090, 117
1100, 43
23350, 81
30756, 332
32004, 672
34420, 164
30985, 743
37036, 367
24545, 827
31359, 526
3597, 314
13129, 128
39332, 70
4315, 481
5217, 535
25667, 138
18783, 732
2429, 39
36402, 185
35554, 911
37815, 603
26789, 339
6194, 864
20508, 386
37155, 741
23640, 995
24147, 402
32120, 588
3984, 635
34408, 170
33865, 784
23030, 679
15764, 87
7187, 875
38577, 219
36230, 363
2401, 340
39557, 30
26321, 514
20121, 349
30897, 66
4852, 707
21704, 154
29045, 699
12003, 873
1800, 643
9381, 219
22456, 412
38730, 495
4573, 351
24544, 573
5813, 446
1310, 175
33566, 676
17842, 194
7432, 832
32081, 218
11394, 363
27784, 55
25509, 201
23324, 864
1912, 710
4314, 420
20665, 626
35512, 758
13550, 265
21655, 497
4839, 469
14729, 894
38390, 495
12927, 400
39155, 317
26918, 676
31007, 525
1499, 127
30335, 146
3385, 223
31200, 96
14030, 165
23341, 483
32330, 527
31843, 811
16287, 261
26529, 604
24995, 864
24658, 546
15544, 30
37061, 393
25545, 80
26765, 479
140, 297
34423, 414
22941, 197
29848, 697
10726, 49
11300, 7
32368, 453
8921, 362
25142, 183
29105, 289
19185, 70
1443, 856
31744, 955
18031, 268
11601, 320
4082, 293
30329, 10
33218, 584
20379, 227
32299, 766
27412, 791
4678, 547
32002, 425
25854, 608
36816, 986
4831, 421
23910, 62
9864, 943
6490, 102
39847, 913
25215, 834
27639, 3
30101, 3
26375, 310
27381, 565
17789, 380
10679, 371
38415, 967
17086, 778
295, 337
29644, 950
5579, 935
32293, 190
29497, 538
29870, 292
36128, 833
27324, 84
30204, 345
4054, 248
3741, 599
34851, 578
35387, 961
2815, 76
7305, 904
3759, 533
13329, 896
22053, 148
8643, 877
22149, 284
9097, 516
14973, 381
4090, 12
34959, 470
18222, 679
13412, 453
14836, 448
4977, 687
25304, 666
30468, 381
19204, 695
2109, 815
5089, 118
33929, 663
10400, 252
36839, 956
27657, 150
33113, 564
38130, 687
38562, 597
17996, 775
2011, 482
35523, 718
9302, 347
33504, 917
25133, 774
26448, 898
3037, 677
2879, 378
8107, 346
37112, 892
4241, 685
11864, 41
38036, 461
25922, 952
13125, 725
686, 478
12345, 118
25260, 119
16637, 722
30074, 850
11243, 378
14919, 220
29304, 398
20277, 188
17520, 652
33331, 767
39375, 182
31533, 164
31610, 10
4887, 608
8687, 706
33516, 963
15609, 17
912, 940
15996, 986
29929, 254
21653, 990
15420, 508
28810, 901
16728, 785
33479, 313
17528, 123
5453, 476
21757, 478
36124, 969
13461, 30
7893, 554
12110, 925
32276, 670
15727, 29
29897, 413
32516, 352
16060, 957
28739, 941
24960, 576
37405, 522
9084, 115
7681, 739
1866, 537
26081, 235
11737, 381
33600, 215
24436, 268
9487, 311
36529, 92
17092, 470
36034, 531
8357, 726
39442, 71
14153, 20
36497, 53
25708, 130
16229, 775
6351, 908
10752, 308
15791, 383
23579, 565
2228, 920
36302, 189
22416, 302
6705, 913
13662, 620
24162, 887
23434, 45
27635, 806
31024, 33
39737, 410
10224, 381
8249, 979
14560, 637
8845, 329
24762, 879
20411, 781
34935, 703
32306, 359
21550, 984
25323, 405
31824, 251
25720, 666
11376, 528
16900, 726
12508, 298
14633, 675
20942, 396
12770, 326
36718, 843
20896, 887
4731, 26
12894, 740
25515, 864
38067, 345
5574, 652
22859, 378
30920, 68
3648, 850
15750, 661
3163, 853
24044, 575
38947, 712
13633, 51
20748, 569
32816, 869
5646, 251
12323, 797
37633, 817
22389, 365
10019, 67
14125, 428
3265, 527
17799, 904
15915, 184
6452, 191
8430, 691
37623, 573
1671, 315
36548, 172
6499, 290
16089, 679
15503, 92
33030, 11
20032, 282
38523, 417
8824, 217
21195, 566
21733, 1000
16018, 967
9201, 657
19086, 322
34431, 383
39955, 421
38694, 36
32557, 578
25777, 673
25316, 582
24156, 47
16302, 816
22998, 458
15025, 75
23693, 228
22305, 118
25370, 753
30439, 516
12963, 998
29217, 697
4408, 269
30943, 384
13806, 272
13746, 486
35564, 388
36067, 428
25046, 862
22343, 390
2306, 278
10176, 768
15074, 486
20696, 661
15191, 907
31195, 639
22281, 40
744, 601
3389, 982
26355, 61
19283, 893
38172, 292
2384, 214
9215, 863
15428, 904
28552, 418
26653, 176
22335, 277
11048, 630
33106, 284
24999, 44
6223, 652
19592, 869
8778, 415
5593, 799
10184, 110
22967, 61
18300, 710
29195, 541
10326, 519
10843, 304
36869, 339
18755, 379
1033, 413
7354, 107
165, 47
7691, 629
34178, 620
5955, 321
22912, 402
12176, 2
6582, 30
7920, 67
37912, 813
24501, 579
4418, 272
16552, 324
9371, 744
24851, 534
7780, 522
29873, 601
9219, 445
27329, 296
15953, 816
31287, 938
4939, 842
13416, 443
37207, 502
18938, 209
23216, 709
12254, 599
30454, 642
6298, 380
24676, 427
14701, 533
18325, 690
32222, 520
14763, 388
6019, 422
34517, 916
24811, 460
16495, 814
22857, 892
27760, 967
24745, 830
12373, 253
38221, 81
12993, 575
34485, 196
29532, 54
6503, 867
34783, 197
32449, 425
38653, 406
4844, 66
36108, 985
14686, 724
25722, 394
26507, 666
1485, 86
17321, 993
35982, 843
34388, 812
28330, 639
23912, 369
30945, 144
36148, 723
23550, 509
21890, 115
19462, 367
33625, 945
23, 471
30141, 271
20199, 581
30791, 395
24155, 612
38724, 459
1967, 279
3554, 439
685, 746
10014, 518
34774, 534
801, 335
25944, 0
1140, 398
28760, 203
23873, 110
23661, 869
30779, 864
32127, 614
20068, 966
31016, 760
31393, 902
3480, 289
36637, 629
4522, 615
9693, 257
3392, 102
34134, 554
5539, 887
28710, 562
20859, 164
15774, 519
11846, 707
22235, 683
9352, 839
35217, 290
27740, 19
10197, 191
5294, 48
17441, 95
8514, 228
27789, 670
8962, 493
37371, 666
37459, 736
34004, 825
21304, 954
22026, 115
7388, 330
37753, 578
804, 494
25339, 932
36918, 260
4738, 707
11422, 248
21785, 958
18005, 352
9681, 818
10228, 838
39049, 343
7476, 675
1996, 274
24168, 511
16718, 930
7864, 511
34393, 2
29542, 111
10259, 187
5888, 343
29574, 270
36351, 7
26685, 629
4021, 674
32999, 882
32009, 691
25014, 617
28113, 308
33475, 700
32396, 737
15638, 433
17340, 493
18744, 996
23762, 92
12007, 924
35094, 898
928, 659
30939, 413
5164, 844
9549, 107
14521, 471
4386, 275
28532, 292
26193, 38
17405, 151
10711, 160
34653, 628
11412, 453
15057, 388
8815, 581
9792, 725
24580, 785
22481, 955
19406, 627
12939, 815
34494, 941
22921, 763
17146, 217
19939, 511
34867, 934
5673, 562
38426, 452
17755, 612
30248, 692
33928, 834
27876, 448
39414, 129
12688, 822
14297, 965
5721, 763
33409, 527
19080, 606
25115, 280
12082, 731
27886, 373
5708, 246
22049, 574
27505, 625
26397, 465
31169, 99
35679, 906
1005, 818
32935, 109
28618, 709
10399, 455
23398, 664
25124, 359
33233, 357
8411, 37
4637, 348
33206, 234
34450, 402
10899, 163
3322, 755
4655, 603
10986, 936
22011, 450
9431, 195
15021, 36
13628, 286
15407, 368
2627, 569
3625, 179
7539, 516
10144, 632
18414, 910
4051, 593
22911, 668
22134, 935
3126, 441
11209, 283
2353, 963
35447, 679
14747, 785
35349, 108
19355, 729
36792, 259
24095, 633
22048, 901
520, 198
31657, 544
32643, 16
21577, 443
18125, 873
12881, 7
7341, 60
7143, 816
37347, 971
7292, 791
17524, 888
22210, 164
31997, 590
7392, 570
36668, 857
6254, 639
16808, 978
33926, 553
12016, 703
14860, 49
10570, 457
39595, 844
16859, 432
19313, 62
39220, 494
8153, 4
26464, 893
3834, 789
17862, 621
8933, 337
26862, 809
22297, 6
33238, 204
35184, 237
24127, 276
27515, 885
8078, 344
20996, 341
4506, 336
25391, 592
14315, 14
32529, 445
36116, 736
21960, 127
22583, 400
26687, 811
32676, 411
10226, 205
8843, 602
20092, 188
39545, 128
23758, 140
25666, 928
22868, 923
32272, 443
3572, 712
21638, 412
33261, 500
28789, 886
17598, 516
34069, 680
37763, 876
15452, 281
1254, 913
3684, 326
30343, 451
6279, 843
30249, 607
6825, 858
24885, 896
37487, 306
25551, 411
27528, 962
11810, 117
7400, 810
20463, 307
21471, 960
36830, 284
10163, 572
22860, 578
1776, 679
15975, 532
37526, 329
12370, 33
12302, 909
23971, 542
31815, 79
39358, 337
20375, 318
10416, 427
13230, 427
37667, 956
32197, 95
10272, 340
25662, 371
38238, 48
4000, 250
10037, 369
34001, 346
32101, 690
8651, 561
359, 416
36776, 984
36877, 740
3414, 445
18375, 97
14208, 366
21667, 915
3894, 612
15190, 932
4430, 432
5983, 389
23279, 231
31490, 222
9303, 632
10301, 988
33109, 866
26301, 24
22268, 232
16544, 711
5271, 609
16801, 161
28527, 364
21504, 865
5456, 103
10120, 413
9160, 686
5731, 511
38448, 340
4690, 290
30602, 15
2506, 307
23534, 970
19177, 862
4311, 611
9798, 922
1130, 302
3044, 848
33288, 315
8673, 194
35187, 749
22363, 440
29094, 378
33153, 729
17430, 757
9389, 748
28551, 756
14594, 561
28208, 571
11824, 234
16778, 818
25840, 802
26289, 564
10101, 196
36412, 407
2274, 503
9583, 778
35507, 789
20648, 119
39921, 858
10469, 432
15929, 892
15877, 59
7645, 137
26386, 645
144, 943
29611, 512
9015, 19
39602, 579
18496, 153
37688, 165
15935, 485
6524, 395
27826, 246
14349, 549
19188, 828
15398, 695
24323, 711
33787, 544
6255, 611
26428, 902
24620, 253
38813, 244
36791, 979
12310, 729
1977, 136
21924, 655
11861, 227
25275, 564
32262, 644
11576, 590
27034, 519
17661, 566
31137, 233
28712, 753
17392, 953
13080, 249
23326, 112
21751, 238
35747, 238
15229, 525
12408, 914
1890, 138
26600, 628
31880, 883
2826, 3
15824, 112
12367, 110
13725, 689
35126, 360
31449, 26
9524, 294
29509, 44
35169, 910
35883, 1
12854, 72
37130, 591
830, 439
7137, 128
8427, 160
8826, 685
2302, 637
1486, 245
39587, 649
33416, 521
33680, 957
11264, 554
23900, 557
3678, 23
7359, 840
21919, 896
36899, 770
3292, 865
35400, 937
25286, 316
18217, 293
12663, 386
30871, 907
29761, 519
3320, 195
39465, 857
31260, 1000
15725, 828
38787, 64
39600, 290
37613, 517
32672, 544
14554, 313
7156, 846
33084, 469
1004, 502
25221, 520
28903, 262
2040, 175
5787, 579
37382, 333
9763, 754
7928, 350
28422, 844
1907, 584
11525, 43
26007, 544
18945, 346
16753, 679
38630, 528
29799, 351
3324, 172
39169, 981
13674, 916
31403, 839
5378, 715
10603, 106
2887, 523
8618, 636
4130, 289
15673, 205
36066, 33
6449, 132
20571, 144
1174, 396
38166, 657
32987, 179
852, 843
158, 555
30176, 464
1719, 679
444, 47
25002, 60
28308, 455
31874, 552
29724, 597
10342, 702
27220, 493
28578, 660
4635, 477
23289, 227
34569, 918
22681, 194
15088, 102
36255, 692
29883, 59
5772, 959
2745, 464
37558, 326
12204, 482
2507, 803
14992, 344
27783, 296
11022, 715
34233, 563
2304, 568
36242, 412
10076, 398
29537, 899
23708, 76
25226, 552
10131, 559
17112, 781
280, 662
35304, 513
2650, 758
4257, 78
35290, 240
5873, 875
6783, 127
35352, 365
34098, 462
9710, 606
5052, 846
4328, 90
3743, 888
13728, 788
6208, 507
3395, 911
11320, 23
38745, 1
20241, 735
25151, 736
24046, 851
16731, 220
16765, 140
18095, 362
14156, 867
20893, 918
16411, 385
36599, 809
9270, 846
31603, 418
6714, 393
1514, 132
31255, 190
3336, 305
33093, 4
23430, 563
27785, 59
34360, 900
21187, 277
34248, 588
929, 232
36567, 467
19749, 658
39221, 42
34792, 971
9676, 398
23941, 788
20533, 82
32335, 937
3070, 950
1252, 963
24994, 464
4371, 55
36340, 889
8300, 694
37366, 300
3939, 117
27193, 338
4724, 667
26476, 470
5310, 388
9180, 770
20339, 386
36664, 599
1550, 688
8839, 983
13432, 536
23328, 489
22168, 262
24414, 867
33794, 376
16879, 473
14944, 7
35181, 601
562, 377
29099, 433
23305, 914
20923, 953
22580, 476
34934, 82
7004, 242
11266, 181
15652, 374
12722, 189
20835, 860
519, 310
27546, 597
22816, 426
17991, 419
24160, 620
28246, 503
25187, 823
30440, 125
5957, 111
26169, 592
9980, 57
21511, 969
6199, 758
6474, 106
5869, 717
28503, 711
25580, 905
7831, 435
22114, 177
16715, 768
15923, 727
26823, 967
37111, 966
7192, 205
36226, 972
25890, 43
1611, 529
25077, 530
1096, 372
10368, 62
24120, 699
38638, 822
3158, 525
10437, 912
22649, 6
1630, 628
1223, 788
9789, 356
20496, 657
26427, 342
2699, 717
13527, 842
12679, 870
13565, 135
19498, 38
16775, 470
37453, 488
34327, 127
29872, 968
9347, 36
19166, 340
39482, 246
751, 25
3925, 390
12230, 516
28963, 985
36435, 11
30163, 480
6874, 55
8605, 679
16762, 397
20729, 651
17699, 895
39086, 624
2094, 137
15559, 6
39654, 52
1675, 418
37063, 383
29934, 900
32110, 877
10402, 506
15389, 159
1479, 339
28663, 143
9228, 48
11889, 161
17931, 797
11983, 897
35068, 156
35681, 45
23853, 132
7414, 347
1782, 264
26753, 345
1819, 292
14302, 549
1754, 253
10318, 661
21703, 936
30789, 244
29005, 795
3143, 795
14024, 911
29414, 587
31605, 606
2212, 787
18479, 623
38576, 59
27712, 694
23087, 825
29040, 275
11570, 768
211, 212
10293, 574
25174, 123
12245, 469
30462, 119
32288, 604
19712, 519
9794, 412
18110, 625
36682, 955
39501, 249
2921, 68
13139, 601
24394, 198
7937, 50
19525, 905
26610, 465
36676, 337
36893, 342
19327, 693
18006, 803
5170, 301
14964, 879
32794, 645
859, 291
2195, 203
6487, 73
31084, 802
19021, 381
20702, 721
32024, 568
7587, 465
3959, 710
25788, 395
14730, 547
28627, 448
34258, 991
15121, 95
21188, 484
4198, 358
15919, 429
9062, 811
1274, 960
36330, 650
14104, 594
13998, 294
32678, 721
34385, 541
33554, 665
3101, 21
25480, 468
17554, 745
20057, 856
16247, 316
26038, 269
23575, 843
9386, 534
33658, 623
32235, 510
7665, 2
15063, 958
18077, 616
31239, 599
35415, 748
14659, 640
32541, 886
9749, 63
4993, 167
11809, 119
10499, 239
29582, 802
11726, 434
12899, 707
30281, 28
9796, 996
4482, 926
6284, 334
20197, 9
21554, 625
28884, 530
19799, 353
30559, 465
27731, 453
11138, 226
35874, 187
3075, 174
9589, 268
13446, 72
4024, 905
27949, 374
33984, 662
8350, 401
37149, 661
25103, 247
5024, 867
24049, 245
30085, 298
31322, 343
31553, 967
38118, 192
30788, 459
35469, 567
25381, 733
5413, 457
37297, 665
38241, 57
8296, 608
14473, 6
27503, 467
11102, 914
10992, 232
32595, 793
15370, 621
9625, 775
19702, 746
27519, 446
23374, 998
3148, 875
1636, 268
28914, 340
17381, 568
32937, 85
3272, 94
26746, 480
20815, 14
17929, 491
6256, 871
21533, 701
34840, 635
13760, 363
25681, 859
11865, 839
27796, 249
258, 339
13759, 538
39643, 622
9884, 693
28146, 703
18319, 415
16818, 750
39365, 869
14286, 247
13816, 13
11818, 162
19329, 14
2878, 564
16413, 900
1131, 724
28795, 36
5252, 140
17868, 399
19756, 236
7757, 876
21507, 683
3797, 478
15413, 678
35959, 37
5511, 211
35989, 52
3254, 976
20266, 257
30331, 102
23612, 979
38599, 168
18350, 752
29104, 952
3499, 685
3522, 447
7248, 102
10592, 10
24779, 140
38111, 498
34503, 963
11230, 176
19995, 646
4862, 789
28164, 937
27839, 271
37897, 775
20245, 128
10173, 79
10755, 568
2053, 936
21794, 999
5894, 303
34900, 654
28409, 793
17256, 237
18568, 34
37686, 145
6772, 60
7174, 306
12933, 632
26748, 285
33395, 872
31690, 725
13464, 988
11170, 729
32021, 584
8413, 886
35300, 801
1884, 650
37737, 284
39025, 808
35987, 466
14692, 803
13576, 749
19362, 734
36093, 182
14247, 638
11775, 74
38643, 946
17839, 923
10069, 214
18764, 951
30022, 505
1674, 248
5512, 259
28447, 122
24825, 92
37908, 600
24856, 756
4524, 750
12729, 783
37841, 412
10913, 667
16054, 394
22780, 66
9277, 532
18699, 460
16326, 644
3259, 214
22309, 879
20474, 528
22289, 985
39748, 515
11447, 584
33174, 421
30983, 678
25219, 644
1195, 262
27843, 702
15275, 131
32451, 473
19626, 387
32302, 333
16741, 400
8282, 958
36027, 232
9372, 114
31465, 125
2752, 185
14653, 85
4729, 643
14293, 447
10279, 137
7525, 375
8026, 97
3316, 771
31929, 230
12862, 449
26226, 69
36480, 690
7675, 824
11800, 820
31970, 911
20124, 685
15976, 201
24136, 550
3558, 729
24937, 731
27625, 544
27350, 488
24023, 327
31999, 62
31412, 226
30016, 51
18213, 313
17919, 503
6587, 937
21030, 434
29182, 606
36965, 829
24697, 473
38065, 865
8718, 866
30401, 687
1208, 691
18449, 956
4575, 664
27449, 65
3369, 739
30829, 361
20567, 204
9473, 279
12158, 484
19443, 761
27974, 834
35642, 466
34242, 139
16712, 145
336, 885
24409, 678
27695, 577
30628, 414
38352, 681
32585, 84
11908, 997
27654, 45
25499, 4
12614, 159
16470, 136
11413, 687
3053, 946
15896, 775
12429, 865
25804, 601
10407, 415
1211, 472
604, 404
25433, 506
10820, 344
18857, 653
16838, 596
27397, 113
5628, 918
7966, 180
39891, 344
22150, 967
14322, 895
10098, 922
35809, 404
21723, 647
17174, 182
12072, 493
25813, 997
29994, 929
31418, 696
26724, 257
8443, 796
17454, 258
9609, 925
34997, 267
32766, 163
2788, 213
20446, 118
39229, 669
22815, 281
31944, 714
35675, 685
39960, 751
35037, 91
4411, 507
31071, 89
33373, 273
23346, 82
38938, 639
36811, 927
13255, 630
15735, 141
22162, 620
27336, 520
23822, 14
3375, 26
28547, 620
10425, 907
34425, 361
5751, 439
7091, 573
22858, 135
30884, 477
21005, 114
13389, 339
23701, 784
20805, 873
6247, 676
778, 894
18591, 936
18616, 262
24756, 390
32569, 648
4480, 262
4423, 943
13686, 681
22391, 829
38951, 472
8981, 244
17735, 961
1168, 94
10773, 937
39943, 808
22319, 518
26568, 296
12667, 907
7055, 75
34893, 48
3467, 652
7618, 951
23011, 670
20137, 655
33031, 340
6570, 854
14835, 480
25476, 988
1847, 485
12272, 964
12767, 290
10891, 980
11643, 261
37031, 35
15509, 407
22198, 344
9624, 133
32181, 196
33687, 936
38279, 480
33572, 260
12268, 305
28815, 929
8137, 213
20428, 191
16508, 1000
16265, 629
26913, 440
7484, 961
19027, 76
30857, 218
14313, 995
17415, 352
4962, 195
3251, 547
16120, 979
31818, 553
24845, 946
31666, 312
21975, 873
2858, 657
35545, 771
30743, 38
14933, 494
6039, 978
3426, 562
15159, 3
16398, 39
18188, 926
21592, 409
12407, 299
7345, 912
20732, 719
17071, 24
37348, 584
5484, 567
16558, 871
6118, 419
33666, 424
2084, 517
23936, 497
21575, 355
28634, 187
31562, 136
21962, 355
30036, 925
32851, 58
16330, 922
22288, 986
26497, 335
10492, 388
20089, 32
28262, 569
209, 183
22939, 49
22906, 18
38314, 357
11403, 752
38069, 850
37270, 387
24157, 7
18018, 281
22380, 601
12095, 512
18904, 39
20725, 306
16339, 782
25245, 27
25047, 154
8771, 903
28187, 787
37931, 737
2545, 182
1439, 361
6267, 508
1770, 963
1935, 316
36559, 354
2193, 481
6192, 47
27421, 272
13922, 36
5844, 697
31725, 685
891, 490
7744, 637
29052, 786
24131, 466
26171, 637
10790, 877
17339, 786
34533, 986
38722, 708
34477, 390
23438, 86
20190, 935
8797, 450
29160, 182
10566, 929
25497, 552
3739, 557
7348, 557
12001, 253
20130, 676
38854, 417
38344, 16
4224, 604
29438, 505
236, 916
3157, 629
18486, 560
29026, 96
37914, 231
33685, 308
25767, 802
17719, 530
3034, 713
18119, 235
10365, 858
17675, 338
15271, 178
6769, 33
216, 495
24657, 974
16742, 586
17431, 451
4763, 1
16916, 947
12166, 832
32047, 720
35826, 745
7470, 377
32249, 618
21279, 480
29254, 302
2266, 286
11660, 524
17016, 333
39664, 945
18574, 483
23919, 855
14918, 355
23982, 984
14018, 128
18251, 544
12448, 761
2744, 370
8665, 71
39060, 758
3727, 482
16597, 141
36424, 41
12945, 998
4772, 93
34298, 497
25366, 711
38192, 222
7960, 903
5088, 7
27856, 695
25641, 929
12961, 20
37304, 316
31329, 689
26406, 633
26442, 642
18418, 885
19820, 903
9104, 479
19532, 829
2986, 365
11774, 157
32346, 595
16730, 12
2759, 176
8663, 848
31438, 810
27174, 43
6358, 644
25567, 974
3381, 226
37482, 872
7994, 926
18788, 571
39755, 502
30282, 14
28664, 416
3696, 565
9969, 487
17653, 321
5972, 499
11350, 176
7511, 198
18051, 11
1737, 568
33224, 689
9003, 717
20690, 474
2169, 950
18271, 709
21021, 386
32559, 114
39107, 484
22267, 742
10303, 414
21357, 538
9812, 770
25289, 73
11481, 285
39026, 837
36968, 440
7696, 444
38280, 950
4486, 771
15456, 236
39981, 564
24346, 757
1923, 529
13672, 450
2766, 389
26735, 6
9878, 8
21404, 343
2898, 767
2157, 429
6926, 188
7344, 473
285, 322
32045, 212
1220, 337
10, 332
6429, 533
3938, 3
31783, 834
5379, 817
25459, 461
38507, 82
27349, 69
28324, 337
18146, 474
32313, 351
16202, 915
18542, 942
6766, 434
21910, 578
23697, 743
13183, 303
38252, 511
12010, 742
20403, 194
32689, 109
5617, 518
25692, 697
18010, 404
28744, 349
18203, 960
27934, 596
27131, 339
6888, 900
35335, 283
26473, 749
25855, 259
9298, 397
13868, 523
13866, 8
15445, 931
32721, 925
14967, 25
35571, 130
30323, 876
34992, 188
32888, 364
15460, 45
22442, 86
29765, 644
21128, 116
25213, 987
12165, 810
25517, 566
600, 13
6519, 39
6348, 869
37052, 535
3869, 33
25686, 760
30256, 141
36479, 798
1949, 94
25685, 592
18374, 26
13843, 232
9674, 486
2262, 510
30243, 465
28240, 923
1537, 473
31362, 205
32709, 174
9321, 470
17202, 153
13022, 374
12820, 956
39914, 310
4988, 643
15575, 590
14375, 723
24912, 146
11532, 142
10641, 340
22984, 131
15582, 200
33371, 792
23068, 941
26543, 707
37775, 914
39598, 764
12411, 628
3190, 51
10942, 177
3557, 423
375, 644
26516, 167
32253, 18
8577, 853
31323, 907
32747, 314
7468, 685
23962, 556
23788, 790
3767, 372
34506, 959
9503, 518
841, 184
29361, 972
33788, 691
7858, 118
3366, 537
15804, 494
17978, 355
38126, 707
36216, 92
35008, 64
31934, 792
24674, 206
5006, 73
25462, 428
32652, 801
3551, 22
21894, 285
18154, 629
20585, 180
18444, 516
16887, 426
19247, 185
33080, 56
12295, 792
224, 903
32877, 422
29588, 406
1954, 59
9485, 877
12596, 893
22519, 466
1541, 336
29898, 158
16163, 989
34661, 997
15204, 655
25880, 890
3090, 370
25010, 549
31232, 960
18286, 718
33650, 895
33347, 195
19608, 205
10488, 511
7727, 315
36254, 797
742, 396
28610, 738
6328, 303
4534, 709
21159, 591
20075, 270
22963, 123
34172, 307
21411, 720
19395, 487
35497, 12
25027, 11
4672, 857
22453, 971
3516, 931
28339, 912
25083, 39
6910, 183
4948, 533
28672, 362
2734, 554
38935, 778
39075, 883
26348, 48
26929, 795
20810, 451
29991, 104
34261, 410
29189, 383
1227, 190
21534, 686
11502, 136
5880, 162
1262, 16
537, 168
2096, 401
13011, 977
13371, 367
1519, 4
9899, 512
28352, 9
3300, 138
18894, 768
20115, 372
17019, 465
12987, 969
21285, 925
18372, 50
2188, 277
29132, 432
37345, 796
5662, 662
24202, 175
1779, 986
27504, 863
26542, 72
11672, 854
16935, 549
23914, 579
12128, 970
31102, 917
10969, 231
15010, 419
34308, 361
13296, 874
16727, 173
6261, 512
27497, 835
35, 855
22817, 565
32785, 203
30946, 782
36615, 573
17345, 890
31262, 302
30449, 622
11494, 516
10527, 687
30987, 197
39651, 213
21712, 978
28261, 838
4899, 164
30720, 447
22499, 787
28655, 217
15850, 706
28238, 93
35132, 527
18801, 290
21556, 662
13378, 817
13381, 362
2176, 881
27094, 695
38554, 855
15409, 568
7728, 285
23796, 292
38404, 798
24729, 50
31622, 896
38959, 133
35419, 63
26515, 13
29531, 533
36360, 427
33366, 308
24732, 493
22679, 66
14454, 313
24193, 98
36717, 815
32378, 620
28154, 429
6855, 473
37518, 241
7680, 772
6996, 103
31160, 8
37029, 422
11091, 508
15826, 570
28399, 367
31051, 923
33661, 778
12312, 253
9139, 575
9333, 26
2395, 185
36977, 926
29142, 281
18090, 975
31345, 516
32917, 769
10598, 352
25683, 737
15876, 411
6409, 88
37252, 714
4712, 788
28741, 970
5203, 663
26122, 187
35239, 681
35804, 756
35308, 574
17290, 500
25154, 36
11919, 137
10216, 315
36781, 231
31694, 423
37301, 527
21842, 39
36657, 508
36077, 385
8016, 742
38803, 137
35234, 581
7314, 781
15374, 261
12668, 964
39783, 281
39564, 947
4115, 446
792, 383
23424, 276
15257, 310
5200, 363
11709, 694
6439, 331
35819, 848
38677, 856
1209, 937
30041, 857
22618, 951
33122, 512
12575, 780
6873, 698
8334, 784
6630, 453
6681, 629
13364, 809
27526, 631
7061, 697
28032, 886
37015, 332
24907, 916
6687, 194
6522, 216
39383, 38
905, 314
29919, 393
17529, 422
20294, 938
24895, 341
18935, 418
28107, 815
26212, 35
28564, 636
2780, 246
27067, 582
34736, 327
16545, 294
28393, 162
6771, 918
3663, 529
1438, 539
26281, 647
33455, 630
1760, 502
38616, 683
24293, 250
30150, 165
31581, 568
790, 161
15539, 919
36358, 441
30956, 142
1296, 533
24435, 737
35026, 862
2857, 894
6964, 181
32671, 12
18378, 246
24707, 925
39573, 974
21652, 27
18575, 198
30967, 879
10447, 39
12730, 475
19344, 494
27316, 135
9495, 68
24775, 658
36246, 630
3235, 731
3932, 51
10535, 738
11954, 637
1478, 499
28312, 839
14252, 188
22433, 341
31623, 499
31508, 609
16792, 321
36609, 913
39720, 446
19689, 632
5111, 628
36566, 807
16310, 459
19956, 831
456, 310
37260, 516
37129, 797
25571, 714
17081, 258
31705, 233
26822, 214
62, 859
25450, 426
15414, 895
22306, 131
28942, 287
2487, 297
20519, 188
32622, 299
5588, 369
26110, 855
34595, 775
6131, 538
38640, 945
654, 577
16942, 609
35462, 843
2292, 789
31572, 587
24839, 966
9543, 956
9348, 254
18893, 989
1695, 552
20588, 416
21343, 45
25555, 973
39565, 305
6738, 640
22205, 341
36033, 16
23241, 389
33959, 702
12354, 177
1656, 87
3077, 387
16362, 369
27947, 858
21601, 424
34222, 273
14049, 437
9394, 856
18463, 354
7213, 154
33102, 146
10565, 72
33709, 180
15198, 246
7769, 3
15722, 791
4147, 687
23592, 668
33075, 387
21416, 762
33880, 123
20069, 424
9701, 965
15583, 34
23650, 27
19685, 822
9923, 217
23051, 485
33048, 863
17324, 491
9559, 902
22893, 93
39742, 881
3170, 769
27030, 901
18436, 125
23528, 510
34152, 597
39338, 189
17742, 357
18465, 352
20987, 613
24322, 588
31351, 673
29317, 828
7755, 834
30621, 428
37352, 190
6974, 820
32496, 548
15384, 604
2025, 425
11504, 462
32083, 788
13482, 935
21370, 18
5366, 208
11416, 736
25510, 764
5909, 624
32444, 217
10804, 870
4402, 946
22787, 392
15115, 310
13196, 769
17011, 723
996, 21
37085, 946
7983, 436
7737, 645
28445, 466
4135, 253
32578, 387
2331, 539
31421, 785
36291, 62
36356, 513
21480, 140
7355, 41
16581, 265
6166, 802
22621, 735
3524, 571
7933, 356
34662, 568
10817, 997
27307, 491
32737, 325
12817, 853
6339, 456
28999, 148
28142, 953
31315, 949
31529, 276
75, 400
18231, 640
12017, 312
4942, 568
17044, 326
30650, 40
34369, 366
5789, 262
10125, 789
36450, 219
36388, 382
8774, 206
34305, 352
19374, 288
23356, 458
38596, 798
29247, 414
21705, 4
34604, 289
25424, 587
14230, 228
21933, 16
1203, 255
10189, 130
31863, 375
19867, 419
9841, 704
21870, 207
31166, 30
27630, 270
39947, 451
23917, 440
24917, 662
36044, 155
9279, 462
6000, 582
17169, 732
9078, 702
36126, 262
15323, 71
23995, 884
12214, 964
4874, 962
17289, 209
3290, 908
39622, 830
10652, 410
17233, 835
10012, 857
30823, 364
38151, 67
30570, 701
37541, 219
34217, 841
10005, 372
14019, 420
18069, 661
11049, 820
14970, 222
34213, 873
7443, 625
27010, 88
27457, 132
9285, 558
6001, 468
17032, 900
35892, 4
12213, 173
30892, 512
36337, 23
33336, 826
26500, 210
19622, 851
10762, 695
20212, 156
38983, 904
8414, 97
8863, 138
39092, 407
35480, 58
3897, 138
37277, 162
11174, 125
22794, 298
16292, 274
38668, 616
9222, 270
22003, 789
2894, 26
1380, 879
34161, 538
5671, 44
14711, 134
33473, 449
16496, 313
22638, 384
30020, 123
22931, 205
35903, 128
33367, 167
16165, 58
37923, 750
8813, 57
25301, 858
22648, 478
5216, 643
23782, 929
39894, 58
7607, 211
4514, 585
25252, 578
1041, 376
25384, 303
25726, 716
21858, 116
10533, 333
17410, 974
27071, 519
25306, 600
36413, 204
31461, 900
29157, 499
31457, 445
10074, 725
14171, 144
14034, 257
10258, 140
39472, 188
31640, 885
18181, 426
30699, 219
23909, 121
6602, 670
26219, 492
14144, 729
28301, 94
20695, 95
35233, 857
35921, 908
16333, 971
10221, 392
39626, 194
10369, 295
27132, 479
348, 616
22699, 153
3682, 891
36603, 235
7023, 12
7533, 118
39005, 46
27868, 533
1003, 454
29306, 815
19296, 670
14181, 184
11829, 881
2453, 130
21313, 531
35867, 874
29614, 285
20547, 205
19320, 327
18336, 68
22436, 439
1702, 777
21860, 966
7582, 514
26572, 985
16437, 83
19397, 181
12002, 618
2821, 629
30580, 590
7420, 552
29763, 689
31597, 614
16906, 365
29658, 230
22364, 373
1976, 730
37766, 904
27538, 121
25778, 951
1336, 140
33292, 245
23757, 135
23897, 371
2831, 628
16278, 284
13076, 966
36752, 653
9295, 76
2179, 413
5253, 434
9334, 981
11114, 158
34622, 788
18042, 933
19813, 609
20763, 441
10841, 416
26067, 505
31225, 917
35822, 823
16639, 107
23734, 579
12450, 638
12526, 791
1681, 527
32192, 52
21553, 57
21235, 317
21301, 754
1769, 901
16677, 944
6074, 96
17920, 765
11735, 164
28022, 967
3379, 844
22961, 854
12428, 754
34994, 108
5977, 285
34454, 3
18170, 719
2047, 36
33198, 944
21598, 365
17125, 558
10879, 916
22156, 507
25588, 177
8047, 772
15677, 523
3809, 459
16824, 946
25682, 233
20205, 326
30207, 651
25327, 45
24444, 265
13171, 603
12442, 548
15470, 673
14094, 230
4858, 364
6129, 475
24428, 574
21798, 541
19854, 68
16307, 306
24045, 628
5916, 237
29150, 865
17620, 630
2764, 158
30393, 23
33090, 890
36483, 760
9065, 208
1995, 132
39343, 77
15681, 707
24556, 244
34634, 127
18660, 296
21498, 402
34695, 957
18934, 609
27855, 537
23089, 181
23317, 407
22329, 179
19212, 263
19968, 372
335, 116
21017, 518
4661, 643
1457, 437
28175, 163
24685, 717
27490, 301
2725, 968
24429, 524
10309, 57
34299, 919
13755, 101
19780, 346
19003, 862
25781, 662
1740, 481
36359, 940
36313, 978
4152, 574
17646, 46
6947, 718
31523, 856
19308, 571
7915, 369
18970, 650
38867, 630
19470, 213
20803, 380
17733, 64
19372, 770
24578, 235
2293, 58
3128, 871
16151, 265
13200, 310
18266, 629
899, 575
139, 808
33383, 441
39182, 99
11192, 377
9585, 685
33481, 573
37359, 706
12137, 324
23240, 201
18811, 418
9986, 567
19341, 361
22131, 716
2966, 195
28054, 812
12563, 522
20868, 908
2873, 91
20332, 453
30446, 925
6119, 311
4810, 550
18577, 201
25607, 550
21576, 208
26603, 982
2560, 523
19114, 170
14960, 744
15156, 946
12653, 649
35753, 343
33614, 126
3409, 998
33729, 355
39663, 415
7228, 887
1892, 768
39499, 401
5141, 345
9760, 417
14625, 695
23558, 120
21161, 347
28183, 266
34259, 101
31085, 973
4336, 599
10033, 958
35180, 132
15965, 394
26263, 69
15404, 173
15096, 905
14138, 136
6868, 627
29400, 863
1903, 112
10523, 793
35470, 642
23433, 522
38228, 493
332, 901
19587, 291
22163, 182
19872, 217
38458, 502
9476, 990
11595, 200
19723, 955
33631, 156
3027, 945
34266, 341
37191, 971
6812, 96
14537, 749
7947, 642
11189, 759
28467, 43
31634, 121
9678, 553
24552, 649
24563, 988
36478, 560
3439, 300
28095, 151
21727, 898
969, 610
24791, 503
2198, 975
7203, 748
25452, 38
13840, 998
37, 740
35710, 744
5836, 738
3084, 354
10814, 760
32792, 422
11464, 904
13706, 257
38847, 222
33184, 161
6489, 216
36824, 945
31717, 460
36818, 299
15554, 13
20880, 360
12220, 5
21643, 756
27369, 345
8671, 967
4274, 270
24711, 202
9493, 201
37305, 605
39134, 59
32026, 679
33530, 571
22379, 829
23348, 651
11794, 912
7739, 32
15524, 868
37400, 780
21663, 281
16475, 814
31939, 15
24817, 20
32139, 642
34192, 556
29301, 250
13821, 496
18519, 143
7974, 213
18624, 921
31048, 586
28968, 707
26904, 773
7698, 768
15480, 724
9691, 853
21618, 754
14425, 403
15797, 157
34205, 593
6923, 515
16844, 32
19922, 711
22367, 420
1304, 607
14668, 0
34547, 903
19668, 393
32233, 686
27851, 126
32443, 811
4028, 631
17743, 885
35522, 936
31786, 867
3434, 272
26680, 529
30858, 142
13879, 11
19282, 786
25789, 72
11822, 368
28320, 710
16152, 88
32836, 520
39876, 773
9320, 165
27661, 29
29369, 382
25168, 202
26878, 619
7049, 357
39088, 146
30748, 92
35005, 497
27655, 76
39581, 836
31000, 52
20586, 695
3795, 681
27251, 718
19647, 67
4859, 137
3355, 598
19530, 393
21832, 84
20492, 107
30785, 807
29100, 533
39769, 460
32491, 108
20824, 253
4053, 425
5791, 315
38914, 933
33120, 652
32430, 935
967, 318
18462, 889
35922, 525
30688, 760
15391, 431
5023, 229
36347, 15
24135, 133
19750, 859
12382, 705
9600, 552
16535, 665
14966, 271
17194, 997
14656, 907
14478, 972
6310, 814
33337, 842
11012, 793
10461, 748
29704, 95
28092, 23
2655, 850
30550, 932
28974, 559
14616, 701
37847, 251
13758, 660
25569, 985
6801, 297
9714, 660
34862, 556
5458, 176
6869, 824
19068, 530
27925, 235
35356, 556
33894, 711
27480, 261
28353, 168
39866, 172
9195, 139
219, 560
21936, 258
9808, 818
22121, 189
29066, 525
39189, 477
17776, 254
26318, 640
38995, 46
10212, 175
33003, 270
1213, 102
39197, 123
37449, 10
22824, 91
39974, 542
14047, 441
34484, 982
26255, 1
8234, 315
19860, 551
12485, 107
32757, 151
33055, 475
22371, 247
2842, 116
26148, 976
8595, 317
17757, 844
4419, 333
24969, 969
15218, 504
35225, 972
30927, 805
13146, 781
2609, 653
8861, 634
35788, 123
14101, 376
10387, 87
24819, 669
25728, 130
20445, 103
3341, 38
37461, 463
3004, 650
30745, 481
33128, 489
16522, 963
283, 90
4078, 452
20730, 444
17670, 83
31010, 440
35965, 877
2347, 390
23035, 362
39910, 799
32647, 549
18096, 447
19982, 951
13143, 366
700, 217
35041, 545
38209, 728
37713, 44
15176, 979
19010, 713
28522, 711
23232, 722
1448, 194
17231, 49
766, 720
12329, 148
18728, 554
35211, 734
7373, 351
2137, 181
10521, 242
13447, 974
30008, 500
33748, 708
13018, 88
27978, 138
33502, 660
27956, 58
24390, 756
32594, 14
8407, 571
30491, 902
29376, 273
35285, 503
19340, 89
1730, 397
33689, 450
11956, 848
18299, 461
22333, 681
278, 364
7092, 633
7052, 554
33306, 473
9772, 763
11353, 231
6397, 5
1714, 465
12646, 186
13976, 824
21387, 587
29130, 60
20252, 925
17193, 737
25393, 160
30633, 580
19818, 595
23123, 269
38088, 532
5399, 860
28194, 18
28497, 842
20150, 526
30870, 864
32756, 604
2480, 94
33092, 620
7232, 475
31813, 763
13748, 369
31185, 812
21930, 500
1014, 84
28405, 947
24861, 134
8238, 232
26334, 755
16208, 439
25599, 79
18308, 930
8341, 818
10321, 624
10831, 882
22311, 400
18874, 906
4685, 889
2922, 121
38332, 739
11969, 321
27621, 441
27742, 598
9313, 659
22954, 459
9010, 466
35099, 417
12504, 88
39210, 664
614, 34
10278, 74
20789, 774
18854, 286
19377, 844
26880, 170
20525, 783
21015, 221
15132, 332
740, 746
3277, 512
29822, 555
8741, 792
29505, 713
29452, 822
6882, 141
28281, 451
19879, 531
30162, 703
33609, 598
39878, 379
30771, 248
8912, 241
28420, 811
2267, 730
18464, 76
15843, 664
27443, 907
12541, 322
14398, 390
11458, 325
11667, 508
23719, 818
28501, 306
12182, 389
34550, 713
38450, 169
34763, 409
9998, 96
21040, 520
27745, 735
20401, 590
37501, 949
5898, 701
38872, 777
536, 688
13176, 770
7150, 574
12825, 296
32675, 475
35618, 125
4406, 976
3469, 200
25874, 891
33954, 902
32746, 542
37079, 156
9114, 357
15387, 943
355, 15
7140, 153
38254, 337
23975, 286
7633, 856
26142, 465
11714, 548
36178, 277
26069, 299
10519, 495
32974, 147
13373, 31
35693, 188
39235, 511
13640, 189
31620, 836
33773, 703
8263, 188
16033, 801
34696, 632
32493, 667
36765, 361
33669, 504
39433, 217
33823, 47
15655, 245
35624, 940
18966, 821
31763, 922
27209, 210
6981, 152
23164, 11
16987, 214
27732, 810
7641, 426
31790, 974
597, 152
39266, 149
27824, 411
4099, 578
31216, 601
20099, 868
541, 486
19135, 670
34303, 304
8043, 757
10721, 711
35396, 385
31013, 165
6608, 664
18182, 535
15809, 552
26633, 436
13518, 581
23044, 787
20881, 181
32868, 917
24708, 187
28472, 501
35886, 859
14787, 760
2740, 59
33704, 821
32277, 249
34530, 754
35852, 242
8779, 516
39583, 940
30833, 717
4227, 777
26125, 625
18003, 558
31618, 208
20424, 644
14519, 541
10214, 651
13850, 201
12534, 36
8012, 701
11100, 937
15430, 257
6337, 941
9410, 916
33321, 965
7642, 561
26373, 98
26511, 79
28908, 878
23872, 453
12724, 802
12659, 901
4776, 165
23491, 590
11337, 402
12473, 302
21094, 486
29881, 453
24178, 714
37699, 3
14493, 968
18260, 326
22596, 460
3981, 500
911, 405
5672, 803
65, 19
34255, 907
27770, 897
7609, 821
97, 858
34370, 555
15565, 219
20864, 179
35673, 334
1544, 185
14662, 528
4145, 919
30278, 998
13585, 46
37972, 290
18397, 621
37303, 968
5857, 7
9332, 909
2494, 819
11879, 84
22956, 715
15437, 879
1774, 427
19358, 323
31155, 506
27231, 656
10388, 690
27865, 51
18731, 524
18317, 697
880, 101
38293, 29
34803, 398
27120, 825
38246, 94
5714, 199
19103, 521
18176, 882
2735, 432
9652, 731
35731, 333
6817, 988
20340, 786
33558, 101
6139, 202
30114, 325
3398, 625
34642, 877
39574, 375
9949, 20
12174, 107
35096, 954
30389, 493
2801, 39
33898, 561
12011, 276
21852, 387
18611, 834
7600, 183
12528, 813
15469, 239
11443, 135
7917, 117
26977, 548
18885, 371
2721, 878
10813, 89
12389, 984
18252, 755
29804, 228
14923, 345
17457, 124
32764, 97
13288, 315
34489, 636
29823, 172
23627, 176
2762, 278
3342, 555
38141, 822
16647, 101
28026, 716
1705, 461
21879, 270
11161, 189
13814, 437
13645, 363
17936, 87
3930, 227
32133, 146
37728, 644
9058, 743
25519, 96
24582, 610
3198, 431
4681, 288
6762, 133
23525, 45
38514, 335
4708, 601
31231, 733
7419, 427
29589, 545
4049, 80
14193, 698
26817, 34
8067, 875
16141, 180
6227, 712
17028, 99
37468, 742
2257, 670
25963, 501
5811, 234
35744, 402
21607, 558
1142, 999
36909, 727
16800, 580
27037, 111
4958, 151
4032, 467
16856, 779
1091, 577
5765, 664
36153, 870
28453, 920
23124, 9
7019, 7
29564, 553
24363, 760
22192, 181
32722, 840
17323, 90
23393, 958
15347, 4
2251, 101
16373, 164
19653, 100
11466, 832
24003, 670
12186, 866
34784, 609
11286, 395
30906, 371
37625, 840
5157, 798
31645, 20
6097, 969
32731, 691
19474, 52
17538, 333
22835, 233
21213, 753
10953, 22
26463, 728
35961, 91
36266, 848
38646, 287
3964, 631
34687, 530
17952, 701
32088, 491
7798, 532
28058, 48
5727, 168
6747, 543
14268, 141
7059, 287
676, 275
25949, 789
17365, 510
3688, 287
3430, 841
1999, 615
26041, 278
29191, 521
23716, 288
17066, 767
23718, 333
3581, 523
12369, 766
20645, 918
7439, 992
32366, 562
7597, 923
544, 739
4556, 816
2165, 441
13853, 604
27531, 8
33568, 326
22842, 517
21625, 760
23882, 851
2827, 929
3881, 973
30564, 320
31334, 355
25104, 575
99, 922
1807, 695
13463, 664
31295, 601
13987, 919
11895, 880
39952, 780
25345, 705
37675, 241
39104, 682
33309, 569
25775, 640
29892, 939
25645, 778
36081, 350
7980, 753
19560, 708
36316, 450
13561, 694
6620, 930
32863, 359
30726, 855
28480, 386
18604, 428
35473, 1
33517, 813
21071, 30
33750, 122
18451, 814
14109, 68
26738, 745
7173, 228
4253, 480
1132, 39
26670, 592
25360, 164
37561, 31
32579, 558
9404, 159
29743, 900
35359, 573
12334, 559
9259, 393
23539, 30
39215, 135
19784, 946
39133, 616
19479, 797
10175, 989
840, 830
16867, 114
24662, 898
13614, 135
8759, 441
12549, 286
29543, 53
35451, 764
5026, 438
22060, 481
7534, 538
32597, 682
31242, 857
6726, 98
36181, 69
4911, 387
9489, 421
27308, 367
17881, 735
34754, 947
3944, 42
27049, 165
36617, 398
6724, 35
32069, 538
17953, 622
2172, 798
3330, 354
5847, 936
23956, 483
22218, 672
18011, 203
33445, 581
692, 630
39901, 960
27811, 383
6887, 918
8772, 80
36947, 420
27295, 330
28586, 768
29151, 523
18795, 870
10312, 742
37984, 253
31146, 99
36998, 965
24538, 818
33069, 499
15446, 716
26629, 53
39007, 625
9621, 422
34904, 450
753, 101
19931, 899
39924, 262
31311, 573
18392, 975
4890, 744
11550, 748
39833, 81
20562, 769
1456, 166
31198, 244
30106, 63
1387, 622
38150, 150
23838, 643
11344, 497
12156, 850
24075, 712
17223, 426
36393, 936
17462, 956
29973, 600
38284, 481
16527, 525
34464, 825
15512, 692
7072, 962
12260, 561
29604, 595
10181, 881
4292, 177
23028, 23
12982, 488
35530, 442
39153, 602
28458, 963
15406, 532
13207, 571
7128, 565
37055, 307
18407, 785
24175, 641
14361, 121
34891, 906
25423, 536
21259, 279
35868, 217
1916, 561
19198, 977
9700, 666
25075, 589
28731, 168
8930, 168
24897, 179
14895, 420
951, 186
22665, 401
17717, 680
37666, 985
26036, 225
36614, 515
26015, 642
36735, 178
27079, 666
32202, 875
28990, 902
38968, 511
26981, 705
440, 652
14688, 684
19052, 963
15902, 622
13012, 522
30197, 935
17969, 797
24786, 108
15651, 623
25449, 520
28640, 575
20838, 70
239, 536
17229, 962
675, 928
19642, 864
1950, 25
15751, 786
28060, 339
38873, 930
11127, 546
30478, 931
20013, 302
28992, 493
24987, 437
7224, 481
33969, 744
1904, 719
1546, 624
18860, 786
33259, 171
23911, 172
1240, 249
9801, 843
35546, 170
5918, 48
10997, 886
3401, 572
38131, 147
3422, 759
4602, 477
22747, 1
26490, 568
5412, 914
14998, 574
22118, 321
28919, 399
19025, 67
20647, 782
38685, 839
18974, 429
1317, 427
774, 955
33430, 344
19030, 402
8722, 816
37051, 460
10507, 556
5747, 261
10495, 353
6050, 258
29061, 824
39818, 51
34561, 876
21158, 182
12746, 127
22046, 543
37416, 645
38632, 93
1601, 824
27962, 542
24221, 670
13582, 433
38493, 441
19584, 971
12321, 14
34590, 770
26304, 479
33056, 250
38931, 19
35170, 163
25816, 137
18296, 4
22822, 916
31720, 363
10809, 564
28292, 326
17930, 309
36710, 621
17906, 138
15920, 831
35374, 245
21748, 84
14009, 756
14575, 645
3008, 522
34194, 516
814, 791
9620, 622
9474, 297
19452, 199
19910, 181
25157, 636
39634, 528
7015, 29
31782, 932
25511, 152
30095, 859
11665, 583
1998, 180
19864, 484
14394, 892
27166, 839
39606, 65
22801, 773
2670, 667
10435, 145
31207, 453
20553, 346
9124, 286
34707, 697
14244, 411
26661, 415
17510, 692
16925, 244
14513, 540
23049, 466
12615, 482
38346, 787
24101, 144
6593, 808
3335, 927
22819, 98
2705, 409
38302, 109
3472, 272
1420, 218
2273, 684
17403, 932
26258, 231
28958, 106
11716, 390
31837, 128
20956, 52
23790, 212
35775, 919
24637, 360
32969, 779
31305, 981
29639, 418
39594, 285
25180, 991
13174, 404
36658, 877
868, 896
17056, 230
15310, 252
37768, 410
19754, 319
2449, 592
1060, 473
27921, 405
19017, 688
16067, 545
24847, 257
8828, 757
22848, 930
10882, 185
30153, 746
38746, 287
16313, 519
35946, 746
21767, 743
31979, 555
19808, 969
21543, 4
11918, 366
23385, 574
31303, 783
33899, 855
20329, 391
37165, 285
22682, 989
5643, 598
22594, 667
23747, 682
36873, 546
3943, 492
19834, 400
760, 821
18323, 765
39897, 83
19161, 54
12112, 908
6789, 709
6144, 671
29550, 779
10957, 956
21172, 556
25929, 69
2602, 244
26960, 181
1609, 985
37406, 256
6132, 734
31040, 398
26183, 606
15053, 715
7307, 118
25719, 291
8496, 448
4694, 121
21613, 736
17610, 956
35837, 61
34396, 685
16697, 145
37549, 824
12924, 29
19596, 405
34892, 878
23429, 970
24392, 388
16409, 389
36574, 688
20813, 836
10561, 504
1849, 384
30651, 280
33108, 748
22482, 1
37657, 70
2077, 609
3504, 185
9832, 585
19420, 767
24992, 161
36088, 595
11331, 137
10717, 79
19476, 229
9650, 443
23696, 685
15184, 42
14874, 478
20, 485
4129, 395
1539, 286
28307, 177
28218, 678
31252, 929
25258, 197
5360, 187
4826, 540
23330, 796
18972, 605
22488, 738
7821, 488
5492, 566
1322, 123
361, 13
7603, 832
25657, 774
29640, 852
22079, 413
35040, 968
39944, 966
32129, 993
29711, 679
494, 100
13144, 416
15639, 925
22626, 196
27327, 785
21725, 947
32949, 709
33172, 125
448, 3
6761, 641
35481, 372
17523, 837
21472, 2
14066, 953
38045, 395
16556, 138
16432, 226
2349, 884
1064, 759
6776, 567
7077, 542
24754, 575
26410, 567
7029, 66
31363, 178
36348, 932
37350, 421
18161, 703
18460, 843
2786, 164
30402, 7
2549, 312
13164, 348
11529, 850
16743, 214
4629, 456
28139, 653
34177, 342
24776, 445
39839, 557
29952, 327
13477, 737
38355, 311
26721, 669
21623, 873
18917, 203
11835, 354
10573, 174
8725, 205
22116, 40
5136, 75
31664, 689
38042, 56
3303, 67
19049, 222
34424, 575
39789, 509
22611, 291
18426, 775
14368, 257
15674, 975
846, 138
35098, 447
31057, 393
33644, 728
9250, 867
13458, 167
11065, 920
20967, 297
21843, 634
35155, 939
39250, 223
9454, 287
2363, 643
1278, 198
26619, 367
28248, 275
31235, 227
2888, 197
36192, 784
5605, 135
14490, 471
26272, 709
270, 147
39218, 675
6497, 770
14173, 423
8318, 308
29215, 497
5397, 694
28498, 311
32123, 6
20054, 642
12913, 705
32159, 452
14235, 832
37837, 699
5073, 656
8253, 876
528, 440
4230, 549
36505, 980
3144, 378
38749, 680
25116, 193
15086, 343
1911, 737
37578, 421
34182, 310
19561, 909
18627, 878
10391, 824
27937, 689
36165, 611
4912, 951
21282, 131
29660, 685
23846, 532
1816, 8
9905, 78
19342, 357
28416, 266
37782, 360
20978, 410
1733, 503
14832, 602
11355, 522
4646, 903
19121, 144
35164, 428
16725, 360
35975, 339
29635, 621
4768, 187
14111, 312
38546, 528
2501, 370
29069, 846
15442, 147
16250, 730
37128, 195
2952, 576
20509, 910
28571, 726
9385, 755
4854, 711
10569, 819
39729, 99
38108, 224
13949, 859
7648, 175
20745, 66
31735, 256
31598, 896
33589, 713
37230, 341
35502, 801
16177, 224
17192, 924
22469, 194
39677, 959
3061, 416
7566, 368
26002, 414
7703, 843
30969, 193
36740, 791
15278, 735
14706, 359
26438, 916
29303, 996
36616, 402
3419, 730
11324, 686
22078, 107
39393, 232
30112, 499
18773, 252
21440, 996
20619, 184
21567, 811
36698, 912
32617, 155
11773, 30
17178, 376
17054, 491
4362, 295
26300, 671
19316, 689
6344, 356
16922, 753
35394, 396
35504, 785
14305, 406
13523, 520
22704, 666
10232, 656
10683, 120
2597, 962
35093, 109
22899, 979
362, 340
5541, 98
26018, 18
34186, 360
26346, 86
32459, 54
33317, 716
28184, 40
26298, 267
482, 95
16924, 726
32058, 75
23201, 978
37738, 213
21272, 300
8818, 377
11070, 984
15267, 230
31376, 686
21544, 170
3913, 171
13363, 140
8473, 772
27318, 278
35079, 415
16758, 158
20431, 38
4784, 617
14749, 212
26525, 0
21714, 770
23351, 734
9409, 726
5346, 414
27177, 893
4593, 912
20326, 545
27736, 693
14065, 332
39046, 509
26532, 548
21614, 665
36911, 803
24543, 237
31580, 527
3666, 175
27678, 45
759, 670
9981, 859
15667, 838
15501, 674
12671, 363
38564, 766
5, 779
37925, 427
12684, 43
22360, 7
33820, 768
2458, 211
8928, 664
38682, 109
14472, 652
25579, 203
5769, 675
5862, 907
5086, 565
33083, 19
29853, 59
27229, 218
14938, 732
35478, 135
35460, 49
36592, 438
39469, 650
30254, 433
7859, 688
36917, 628
29998, 965
23359, 805
3171, 410
38379, 829
26389, 837
21430, 863
27798, 500
13902, 360
5821, 189
26370, 304
19632, 703
19777, 777
10729, 817
17364, 809
7294, 584
33074, 631
12383, 956
9254, 940
22138, 330
7900, 739
25043, 897
26209, 597
10880, 594
39884, 656
640, 710
4064, 221
18369, 491
33913, 509
28698, 723
17674, 843
12276, 404
23961, 799
12143, 270
7295, 160
27073, 239
180, 895
19709, 143
16412, 952
20103, 928
8041, 830
28491, 398
15944, 921
7487, 357
30851, 69
15698, 651
4957, 924
24426, 809
27378, 198
6823, 516
39485, 145
16341, 184
18643, 897
34283, 425
32499, 563
27114, 684
37058, 60
37547, 200
746, 794
21200, 472
25585, 887
35045, 958
13093, 258
32070, 478
13680, 948
30697, 82
15498, 538
6466, 277
32184, 612
27002, 871
4270, 850
28865, 375
32567, 706
26847, 525
39746, 633
24302, 384
9399, 787
16239, 809
32057, 121
36665, 619
38330, 678
3890, 973
4818, 293
30040, 527
27134, 19
38285, 300
7756, 59
23786, 85
4439, 27
22533, 73
19047, 362
34139, 318
4003, 718
31865, 625
13311, 319
33201, 115
17062, 578
15581, 953
16826, 726
9545, 189
24772, 25
26857, 265
27735, 670
39751, 418
33758, 647
34928, 722
21867, 166
33772, 852
14628, 795
30825, 26
23449, 645
13825, 883
18898, 799
32789, 55
33503, 434
12801, 600
39773, 563
27859, 664
17074, 171
39299, 728
9892, 806
10188, 558
20570, 544
21940, 896
31996, 174
3104, 395
9291, 136
20770, 168
31916, 174
35743, 997
11010, 561
5160, 796
4552, 205
37712, 304
15768, 733
39345, 279
16327, 760
25654, 235
35326, 26
39516, 103
34513, 305
27044, 705
39421, 738
13268, 642
4842, 211
4877, 265
25086, 720
22629, 130
17180, 740
19786, 793
37086, 720
38335, 596
4104, 301
38961, 859
25006, 321
29081, 497
19964, 184
27196, 401
6168, 292
35344, 809
11223, 551
31079, 894
843, 248
38178, 255
19857, 510
6441, 95
33091, 95
16517, 30
18888, 482
36618, 815
36759, 88
7625, 230
6860, 22
30447, 441
9432, 57
21736, 520
23594, 956
1368, 666
19774, 141
28153, 854
2265, 788
20251, 160
23075, 203
30835, 584
38681, 810
13538, 801
14310, 195
29959, 482
1167, 966
15300, 439
16890, 841
5454, 382
22711, 709
31538, 93
8811, 302
28253, 884
18565, 320
13646, 477
26900, 227
21400, 593
30415, 703
9497, 38
27006, 63
6078, 541
4016, 881
33827, 234
3951, 789
23390, 526
34072, 461
23717, 886
31585, 2
7222, 255
23105, 966
38893, 171
24059, 121
6027, 700
17712, 16
18848, 244
27852, 298
9831, 166
6143, 757
33557, 977
18250, 779
14070, 555
32703, 38
7275, 136
12611, 607
14958, 806
39711, 774
14068, 421
38360, 864
13659, 535
24782, 701
37186, 48
3701, 505
6345, 355
5712, 162
25058, 15
7178, 2
19630, 515
1581, 815
19514, 851
23715, 237
34817, 37
1297, 557
29502, 427
854, 916
25860, 275
947, 528
20716, 820
37505, 602
17098, 82
14182, 557
21996, 936
7891, 307
27150, 372
13629, 320
21479, 598
10310, 88
14567, 95
28534, 297
27100, 362
24437, 682
29152, 271
10764, 614
39932, 21
28682, 11
16406, 477
36660, 640
9168, 439
20479, 34
21565, 987
5210, 757
303, 784
34822, 826
17926, 179
22091, 132
10004, 664
7879, 970
31871, 76
21564, 814
37628, 512
5915, 388
11849, 303
6935, 652
39244, 910
28654, 366
19201, 261
10701, 726
13243, 353
3394, 310
5928, 842
38257, 342
11187, 398
20286, 36
27819, 864
29616, 770
3415, 961
25163, 76
1529, 457
33818, 846
3067, 32
14754, 899
24296, 763
7572, 420
37868, 740
36722, 587
8008, 877
8896, 19
15783, 80
37955, 668
10961, 193
19515, 788
34789, 345
30477, 307
22083, 122
10165, 614
13896, 155
38443, 573
2192, 761
32267, 349
37298, 103
8997, 877
25238, 615
10555, 113
39825, 563
39278, 283
37691, 694
7112, 882
16336, 904
15234, 978
21192, 328
6580, 336
24659, 49
14995, 607
26192, 839
10149, 592
16297, 540
7961, 709
5664, 810
37801, 570
21223, 805
6663, 72
7957, 829
7188, 967
11503, 371
20249, 54
19486, 312
32086, 511
15416, 862
14957, 278
16880, 262
26485, 935
22549, 585
7568, 235
5398, 468
4799, 109
518, 551
9440, 985
344, 51
23867, 321
38684, 188
14256, 357
870, 871
13221, 483
33665, 879
15815, 853
23032, 795
2271, 449
11262, 99
1185, 159
17107, 936
39128, 159
34488, 632
21219, 718
16714, 833
13554, 46
36338, 740
29472, 694
33433, 660
100, 697
15802, 679
16041, 43
34954, 800
25229, 93
7976, 98
19450, 198
6728, 730
17391, 582
8188, 787
17248, 646
37475, 79
4040, 584
25704, 508
24860, 436
18980, 611
31091, 624
14750, 635
39205, 533
36427, 326
25882, 560
36539, 103
13563, 805
28446, 160
18468, 185
6530, 288
18776, 342
16009, 902
32939, 116
22413, 367
21326, 864
30971, 699
12086, 550
18067, 392
21971, 634
18242, 996
10431, 616
30530, 977
29558, 892
38465, 684
11600, 602
2462, 564
5323, 241
6521, 767
7463, 352
12957, 532
38606, 271
13994, 826
28876, 177
17036, 571
28197, 546
8881, 772
5954, 414
14806, 63
1151, 292
37807, 673
5038, 597
9996, 697
17704, 158
35613, 585
11103, 657
31336, 263
20061, 42
18921, 916
5443, 205
22144, 248
31820, 286
21449, 112
34508, 424
36751, 911
20363, 12
8961, 626
36314, 205
17887, 638
28524, 220
3916, 279
31373, 903
6069, 552
13439, 495
1461, 5
39554, 525
20042, 663
9030, 941
6554, 794
18623, 891
22058, 527
10218, 900
1301, 140
6809, 309
21315, 445
36461, 851
34458, 605
31840, 803
15585, 944
11949, 280
31930, 72
5561, 617
21920, 160
38761, 918
12584, 1
35054, 90
37328, 97
4861, 893
11915, 331
38273, 244
4176, 431
15427, 971
15782, 573
33330, 964
10351, 365
14810, 108
38265, 656
4579, 868
1513, 760
19215, 293
14267, 695
15283, 258
3399, 131
1697, 217
9679, 448
34543, 583
22995, 788
20090, 513
22043, 740
27427, 78
16386, 14
2796, 734
34962, 681
35862, 967
31489, 974
16434, 178
15883, 422
36803, 580
5569, 294
27510, 644
25844, 854
29849, 328
20792, 825
18243, 355
31609, 777
31896, 387
15361, 124
354, 421
39440, 292
8529, 162
23959, 436
4091, 594
1872, 425
35814, 443
13872, 22
28597, 675
4450, 495
3851, 641
31883, 441
30843, 774
1876, 412
9016, 401
1588, 382
22097, 134
1846, 469
8711, 458
18282, 727
23130, 456
26001, 984
21807, 43
32618, 91
20582, 747
11339, 673
6495, 562
31135, 102
12865, 440
37336, 873
2013, 418
33474, 224
4214, 320
9847, 121
28975, 126
7973, 198
10929, 569
38744, 253
7444, 495
13151, 702
35927, 273
9177, 927
2373, 999
15277, 521
1614, 406
26743, 894
32090, 871
18573, 988
4527, 49
15780, 913
11852, 114
34268, 598
25030, 551
30749, 881
2997, 227
22274, 107
3122, 521
7861, 335
29415, 130
12604, 215
24019, 767
29489, 954
22882, 956
36028, 680
8854, 794
4987, 623
35128, 293
30269, 688
21134, 622
20233, 95
37800, 916
12581, 173
12195, 386
8280, 135
31673, 719
6919, 605
37243, 921
24407, 367
12293, 715
1509, 127
369, 890
24056, 234
36499, 450
31509, 753
20324, 264
25727, 481
37721, 797
13133, 264
26248, 596
9282, 79
11671, 714
11082, 572
683, 551
28012, 966
8703, 818
5019, 11
36941, 936
3807, 26
10389, 689
30539, 273
23705, 422
22094, 714
16652, 66
17157, 273
22199, 693
13213, 732
22701, 96
31017, 407
20658, 563
26484, 600
21828, 285
17965, 74
19938, 372
18191, 669
17834, 475
34356, 230
14621, 810
20141, 740
37710, 339
25995, 44
22136, 970
33138, 888
24996, 749
8374, 517
2941, 275
3350, 763
5193, 686
14303, 568
27910, 882
23169, 308
8116, 834
3528, 988
25769, 51
6972, 989
11253, 699
5931, 399
18009, 716
9528, 337
5168, 977
27942, 368
9444, 995
13214, 209
30330, 856
34585, 725
38502, 112
36331, 403
30914, 544
35173, 795
14843, 667
34796, 462
32856, 567
27355, 760
18536, 685
24863, 756
1623, 226
25483, 526
23825, 99
2837, 520
12519, 895
2138, 998
5362, 139
37905, 132
18257, 596
9537, 266
22538, 63
15766, 708
30704, 486
13192, 245
4304, 814
17191, 57
38194, 494
32956, 63
17412, 610
30601, 722
27015, 619
38401, 6
24954, 980
34631, 903
11935, 713
35612, 613
36551, 993
17921, 93
18691, 316
14028, 492
10420, 153
12092, 164
25898, 630
19510, 69
7778, 125
26989, 321
22566, 230
8534, 510
29018, 525
32404, 234
23022, 542
37458, 270
9793, 748
14439, 981
25069, 490
7454, 544
33320, 921
8791, 480
38958, 746
26392, 796
1992, 276
37402, 248
19209, 628
